#geneID	T00h	T02h	T06h	T12h	T18h	T24h
ENSMUSG00000000127	-0.4602	-0.8760	-0.0154	-0.3089	0.0636	0.0075
ENSMUSG00000000142	0.2564	0.0355	-0.3791	0.2891	-0.0806	-0.2471
ENSMUSG00000000168	0.1857	0.0179	-0.0423	0.4337	-0.4274	0.6578
ENSMUSG00000000171	-0.5498	-0.3950	0.2823	0.6747	-0.0300	0.2545
ENSMUSG00000000182	-0.2083	-0.7861	0.0107	0.2836	0.2797	0.1294
ENSMUSG00000000184	-0.0812	-0.0118	0.1964	0.1735	-0.0645	0.5981
ENSMUSG00000000275	-0.3455	0.3454	0.0397	0.1745	-0.0123	-0.4498
ENSMUSG00000000290	-0.2367	0.2571	-0.0813	0.8784	-0.4366	-0.2259
ENSMUSG00000000308	-0.1349	-0.3484	-0.1790	0.0845	-0.0535	0.6543
ENSMUSG00000000340	0.2001	0.6578	-0.8213	0.4282	-0.1566	-0.0252
ENSMUSG00000000394	-0.7395	-0.0168	-0.4320	-0.2730	0.4242	-0.5273
ENSMUSG00000000555	-0.4103	0.7338	-0.4721	0.0767	-0.2855	0.3458
ENSMUSG00000000560	-0.4005	-0.8229	0.1213	-0.1075	-0.1382	-0.0504
ENSMUSG00000000563	-0.1829	0.0873	-0.4373	-0.7997	-0.5461	-0.2996
ENSMUSG00000000600	0.3068	0.1038	0.2182	0.0434	-0.2184	0.4401
ENSMUSG00000000731	0.4171	0.0703	-0.4095	-0.0514	0.1267	0.4265
ENSMUSG00000000740	1.2109	1.2146	2.0636	2.4054	2.2253	2.4359
ENSMUSG00000000776	0.4855	-0.2784	-0.0897	-0.2217	0.1861	-0.1362
ENSMUSG00000000811	-0.1542	-0.0545	-0.3700	0.0194	-0.2460	-0.8179
ENSMUSG00000000817	-0.1840	0.7308	0.1603	0.0126	0.5920	-0.2321
ENSMUSG00000000869	1.2149	0.9320	0.8399	0.9942	0.8027	1.7221
ENSMUSG00000000889	-0.4823	-0.5013	0.0190	0.1150	0.2113	0.4780
ENSMUSG00000001023	0.6937	-0.2834	-0.1241	-0.2017	-0.5111	-0.6925
ENSMUSG00000001025	0.1203	0.3987	0.0111	-0.3559	0.0516	-0.6003
ENSMUSG00000001052	-0.0212	0.4954	0.6202	0.4253	-0.8019	-0.8719
ENSMUSG00000001127	0.4161	0.3161	0.3612	-0.1629	-0.1180	-0.1581
ENSMUSG00000001175	-0.0896	-0.2780	-0.1868	0.2770	0.4145	-0.1588
ENSMUSG00000001227	-0.0912	0.4652	0.2490	0.1199	-0.0110	-0.0315
ENSMUSG00000001260	0.6514	0.2764	0.6118	1.2550	1.7164	0.9728
ENSMUSG00000001270	-0.1933	-0.0344	-0.1151	-0.1432	0.5017	0.0074
ENSMUSG00000001300	-0.7153	-0.5008	-0.0266	-0.0961	-0.1285	0.6086
ENSMUSG00000001380	1.5341	1.6847	2.0201	2.5481	2.2733	2.4937
ENSMUSG00000001415	-0.0919	-0.1281	-0.0920	0.2771	0.5522	0.7304
ENSMUSG00000001445	1.3515	1.1578	2.1148	1.5592	2.5572	2.7872
ENSMUSG00000001494	0.3655	0.0345	-0.0036	-0.0260	0.3909	-0.5062
ENSMUSG00000001507	-0.3237	0.3794	0.1752	0.1878	-0.2292	-0.0344
ENSMUSG00000001524	-0.0372	-0.4116	-0.0914	-0.3610	0.1930	0.2128
ENSMUSG00000001566	0.0942	-0.5063	0.5956	0.4371	0.2684	-0.0417
ENSMUSG00000001642	-0.2501	-0.2143	0.0494	0.2868	0.4248	0.6363
ENSMUSG00000001739	0.0330	-0.4315	-0.3947	-0.3281	-0.3953	0.5741
ENSMUSG00000001750	-0.2404	0.0258	-0.1416	-0.1017	0.1420	0.2912
ENSMUSG00000001891	-0.0727	0.3317	-0.0596	0.0094	-0.0658	-0.3043
ENSMUSG00000001918	-0.0392	0.4178	-0.1464	0.5964	0.3382	-0.0317
ENSMUSG00000002015	0.0355	0.2395	-0.1030	-0.7114	0.0632	-0.5369
ENSMUSG00000002033	-0.4594	0.0399	-0.1069	0.5791	0.1122	-0.2224
ENSMUSG00000002108	0.2443	-0.0131	-0.3596	-0.1442	0.3104	-0.2573
ENSMUSG00000002204	0.1151	0.0273	-0.2076	-0.2409	0.4968	-0.3222
ENSMUSG00000002308	1.3921	1.5253	1.7955	1.9188	2.5621	2.9637
ENSMUSG00000002326	-0.2615	0.5536	-0.5569	-0.1241	0.5334	0.2005
ENSMUSG00000002524	0.0471	0.4408	-0.1565	-0.2144	-0.4270	-0.1593
ENSMUSG00000002602	0.1249	-0.6949	-0.1489	-0.4731	-0.1200	0.2085
ENSMUSG00000002658	0.2092	0.2197	-0.3309	0.1188	0.3780	0.0470
ENSMUSG00000002767	1.1576	1.5567	1.5978	2.2614	2.1625	2.1071
ENSMUSG00000002771	-0.4966	-0.8292	0.1509	0.4560	0.5459	0.1852
ENSMUSG00000002847	0.6630	-0.3485	-0.4529	0.2060	0.4575	-0.7602
ENSMUSG00000003072	0.4576	0.2354	-0.2586	-0.8601	0.0821	-0.2797
ENSMUSG00000003235	0.2872	0.1951	-0.1703	0.1765	-0.3107	0.1921
ENSMUSG00000003309	0.6162	-0.0254	0.4111	0.0757	-0.8879	-0.2054
ENSMUSG00000003429	-1.3345	-1.3741	-2.2469	-1.9453	-1.7876	-2.5678
ENSMUSG00000003452	-0.1143	-0.1338	-0.6209	0.2827	0.1951	-0.3157
ENSMUSG00000003464	-0.3197	-0.3015	-0.2907	0.0753	-0.2471	-0.8689
ENSMUSG00000003526	-0.7265	-0.1564	0.3859	-0.3149	0.1253	-0.4311
ENSMUSG00000003559	-0.2955	-0.6696	0.5475	0.3476	-0.0864	-0.4120
ENSMUSG00000003660	-0.2477	-0.2039	0.3839	0.0747	0.2003	-0.2114
ENSMUSG00000003731	0.1561	0.3079	0.0054	-0.0605	0.5441	0.1994
ENSMUSG00000003752	0.2985	0.4184	-0.2141	-0.3904	0.1381	-0.3189
ENSMUSG00000003808	-0.9206	-1.3138	-2.3198	-1.9837	-2.1378	-2.7203
ENSMUSG00000003809	-0.0024	0.0972	-0.0691	0.6427	0.7921	-0.1068
ENSMUSG00000003848	0.1990	-0.2520	0.5698	-0.0109	0.5250	-0.0376
ENSMUSG00000003873	0.1705	0.2631	-0.0524	0.3989	-0.1026	0.5363
ENSMUSG00000003970	1.5445	0.9872	1.7502	1.6577	2.6713	3.0113
ENSMUSG00000004032	-0.1235	-0.0290	0.2613	-0.4529	0.1527	0.3512
ENSMUSG00000004056	-0.1183	0.0048	0.0962	-0.2674	0.1299	-0.6348
ENSMUSG00000004233	-1.7075	-0.5440	-1.5918	-1.7906	-1.6230	-2.8344
ENSMUSG00000004341	0.0674	0.4128	0.5674	0.2988	-0.2697	-0.0204
ENSMUSG00000004347	0.0862	-1.1024	-1.4814	-1.2212	-1.1219	-0.8951
ENSMUSG00000004383	1.2502	1.4504	1.9066	2.6308	2.2040	2.5501
ENSMUSG00000004415	-0.4392	-0.5457	0.5802	0.4497	0.2431	-0.1883
ENSMUSG00000004446	0.1307	0.1973	-0.5830	0.2105	-0.0681	-0.6664
ENSMUSG00000004455	-0.2251	0.1352	1.0821	-0.1735	0.1293	0.0537
ENSMUSG00000004567	0.0397	0.2659	-0.2184	-0.1771	0.5185	-0.1728
ENSMUSG00000004609	0.4881	-0.3276	-0.1767	-0.3808	0.4645	-0.2347
ENSMUSG00000004631	0.5996	-0.2623	0.0362	-0.0785	-0.3120	-0.1253
ENSMUSG00000004771	0.5396	0.2823	-0.4512	-0.6608	0.0669	0.1089
ENSMUSG00000004846	-0.2359	0.6444	0.1293	0.1072	0.2867	-0.0220
ENSMUSG00000004929	0.0132	0.0367	-0.3495	-0.3418	-0.1895	0.0471
ENSMUSG00000004934	1.0288	-0.0122	-0.1830	0.3264	-0.1241	0.3420
ENSMUSG00000005089	-1.1007	-0.1648	-0.6985	-1.0575	-0.9968	-1.4173
ENSMUSG00000005102	1.1657	-0.4232	-0.0447	-0.3454	0.7645	-0.4627
ENSMUSG00000005237	-0.2276	0.1560	0.1938	-0.0196	-0.2392	0.1882
ENSMUSG00000005320	-0.3054	-0.6114	0.5739	-0.1500	-0.4054	0.1807
ENSMUSG00000005354	-0.2536	0.4574	-0.0103	-0.1365	0.2057	-0.7717
ENSMUSG00000005357	-0.5123	-0.0272	0.1745	0.0840	-0.1565	-0.6253
ENSMUSG00000005410	-0.0789	-0.4945	-0.4607	0.3522	-0.1111	0.8422
ENSMUSG00000005465	-0.4202	0.1737	-0.0386	0.7735	0.1313	0.4300
ENSMUSG00000005469	0.2772	-0.2044	-0.1412	0.1230	-0.2757	0.6089
ENSMUSG00000005547	-0.6143	0.4798	0.0037	-0.3073	0.1250	0.2887
ENSMUSG00000005575	0.9165	-0.2210	0.0044	0.1879	-0.2338	-0.0093
ENSMUSG00000005683	-0.0521	-0.0009	-0.1119	0.0206	-0.2896	0.3184
ENSMUSG00000005779	-0.5651	0.2758	0.2383	-0.0584	-0.7295	0.0281
ENSMUSG00000005803	-0.0878	-0.2046	0.3784	-0.1667	0.2874	0.0393
ENSMUSG00000005892	0.1215	-0.5317	-0.1533	0.9476	-0.1315	0.1487
ENSMUSG00000005950	0.0631	-0.0237	0.8026	0.6225	0.1786	-0.3943
ENSMUSG00000006005	-0.0783	0.2627	-0.1291	-0.1949	-0.3488	-0.2289
ENSMUSG00000006056	0.0192	-0.1755	0.0749	0.4467	-0.2962	0.0528
ENSMUSG00000006333	1.2401	1.5502	1.0116	1.8255	2.3256	2.6800
ENSMUSG00000006335	0.0672	-0.6913	-0.3757	-0.2772	-0.0459	0.0673
ENSMUSG00000006369	-0.3710	0.5990	0.3671	0.6894	-0.0391	-0.1412
ENSMUSG00000006398	-0.0494	0.2368	0.6570	0.2911	-0.2120	-0.2426
ENSMUSG00000006517	1.3456	2.1224	1.3959	2.0953	1.8368	2.4018
ENSMUSG00000006585	-0.0501	0.1859	0.2782	0.6964	-0.6337	0.7099
ENSMUSG00000006641	-0.3362	0.4674	-0.6746	-0.0879	-0.0235	-0.1254
ENSMUSG00000006649	0.2483	-0.7662	-0.1599	0.1976	0.0625	0.3722
ENSMUSG00000006740	0.5533	-0.4795	0.7388	-0.1181	0.5713	0.1530
ENSMUSG00000006777	-0.0542	0.1035	-0.7017	-0.1538	0.1837	-0.2787
ENSMUSG00000006932	-0.2536	-0.0633	0.7184	0.8912	-0.3101	-0.0839
ENSMUSG00000007029	1.3468	0.9582	1.0244	2.4883	2.0841	2.4278
ENSMUSG00000007033	0.5167	-0.1475	0.5208	-0.0763	0.5469	-0.3606
ENSMUSG00000007655	0.9360	0.1572	-0.0885	0.4772	0.0772	-0.5979
ENSMUSG00000007805	-0.6824	-0.6839	0.0179	-0.2178	0.0331	0.2687
ENSMUSG00000007880	-0.1091	-0.0967	-0.2450	-0.4832	0.3192	0.2703
ENSMUSG00000007892	1.3052	0.8414	1.7074	2.0126	1.6145	2.3798
ENSMUSG00000007908	-0.3717	-0.3326	-0.2852	-0.0706	0.2139	0.2937
ENSMUSG00000008036	0.3464	-0.8513	-0.2720	-0.3668	-0.2444	-0.4276
ENSMUSG00000008136	-0.2508	-0.4671	-0.3253	-0.3424	0.0359	0.1512
ENSMUSG00000008668	1.2575	1.5534	1.7483	1.7962	2.7221	2.5346
ENSMUSG00000008763	0.3184	-0.6045	0.3205	-0.1925	0.5274	-0.0266
ENSMUSG00000008859	-0.3759	0.2423	-0.0078	0.2330	-0.2293	-0.1482
ENSMUSG00000008932	-0.4428	0.4185	0.2528	-0.2809	0.6322	0.1049
ENSMUSG00000009079	0.0408	-0.1897	-0.2433	0.2949	0.5095	0.1051
ENSMUSG00000009292	-0.2929	0.6107	-0.3876	-0.0742	0.2525	0.1506
ENSMUSG00000009350	-0.1634	-0.3042	0.3242	-0.1732	0.4482	0.1116
ENSMUSG00000009406	-0.5937	0.2762	-0.0013	0.4130	0.0969	-0.2216
ENSMUSG00000009630	0.2360	-0.3043	-0.1198	-0.3592	0.1708	-0.1184
ENSMUSG00000009640	0.1971	-0.0617	-0.1744	0.1157	-0.3380	0.0857
ENSMUSG00000009927	0.9557	1.5780	2.1320	1.8667	2.3285	1.9219
ENSMUSG00000010025	0.2734	0.4183	0.0779	0.4800	0.0597	0.8178
ENSMUSG00000010064	-0.3452	-0.1250	-0.2931	-0.1794	-0.9206	-0.1120
ENSMUSG00000010066	-0.2650	-0.7443	0.3441	-0.1836	0.5784	-0.0272
ENSMUSG00000010406	-0.9215	-1.5568	-1.5835	-1.7241	-1.7400	-2.2442
ENSMUSG00000010660	-0.6182	0.0785	0.6222	-0.2266	-0.4605	0.3287
ENSMUSG00000010803	0.0696	0.1260	-0.2793	-0.1746	-0.0542	-0.6328
ENSMUSG00000011034	0.3507	0.2142	-0.2807	-0.1010	0.2851	0.1690
ENSMUSG00000011096	0.1184	0.5119	-0.3563	0.5318	0.3655	-0.3694
ENSMUSG00000012117	1.6692	1.2968	1.7882	2.5913	2.3857	2.8159
ENSMUSG00000012282	-0.2241	-0.1596	0.5876	-0.2885	0.6866	0.5452
ENSMUSG00000012405	0.7363	1.4591	1.4119	1.8066	2.4961	2.4091
ENSMUSG00000012848	1.1809	0.9708	1.9005	1.9679	2.3068	2.5420
ENSMUSG00000013663	-0.2561	-0.3079	0.0789	-0.4582	0.1035	0.2312
ENSMUSG00000013833	0.2770	-0.1346	-0.1878	0.3846	-0.1114	0.4739
ENSMUSG00000014226	0.3519	-0.0943	-0.2046	-0.2045	-0.5560	0.2172
ENSMUSG00000014245	-0.1859	-0.3727	-0.0550	0.3545	-0.2180	0.1522
ENSMUSG00000014361	-0.6841	-0.3024	-0.1299	-0.2900	0.2087	0.2351
ENSMUSG00000014543	-0.0082	-0.6303	-0.0888	0.2110	0.3097	0.0729
ENSMUSG00000014551	1.5787	1.6984	1.9698	2.3342	2.4747	2.7216
ENSMUSG00000014602	0.4914	0.0221	-0.0584	0.0004	-0.5270	-0.4387
ENSMUSG00000014769	-0.6096	-0.0672	-0.2326	-0.3198	0.5766	-0.1274
ENSMUSG00000014776	-0.3190	-0.1537	-0.2994	-0.1575	0.4879	0.0434
ENSMUSG00000014856	0.7958	-0.0983	0.2280	0.1885	0.1925	-0.9751
ENSMUSG00000014859	0.0838	0.3328	-0.5872	0.1238	-0.1231	-0.0075
ENSMUSG00000015090	0.1120	0.4233	-0.3317	0.2779	0.3447	-0.4193
ENSMUSG00000015120	0.2956	-0.1548	0.5838	-0.2386	-0.3980	0.0354
ENSMUSG00000015316	-0.4137	-0.5487	0.3792	0.0066	0.4394	-0.4196
ENSMUSG00000015337	0.5267	0.0854	-0.4073	0.4502	-0.3292	-0.0550
ENSMUSG00000015340	0.3365	-0.3976	0.4258	-0.2136	-0.6192	0.0400
ENSMUSG00000015575	-0.0754	0.0670	0.0998	-0.2069	-0.0907	-0.0273
ENSMUSG00000015619	0.3294	0.2020	0.5707	0.0221	-0.0348	-0.9607
ENSMUSG00000015652	-0.0841	0.1577	-0.1298	-0.0785	0.1458	0.3505
ENSMUSG00000015748	0.6157	-0.0636	-0.7222	0.0948	0.0920	-0.2536
ENSMUSG00000015806	-0.4819	0.4090	0.1608	-0.0824	-0.1459	0.2674
ENSMUSG00000015812	-0.0431	-0.0171	-0.5601	-0.0623	-0.7820	0.6127
ENSMUSG00000015937	0.3281	0.7162	0.2152	-0.1133	0.4862	0.3953
ENSMUSG00000015950	-0.2811	-0.4811	0.0044	0.1473	-0.1499	-0.6210
ENSMUSG00000015957	-0.2648	-0.0889	0.1946	-0.1640	0.2850	0.7224
ENSMUSG00000015994	0.8707	0.6363	1.8514	1.8093	1.9846	2.4689
ENSMUSG00000016024	-0.6429	-0.6091	-0.1191	-0.2975	-0.3487	-0.7417
ENSMUSG00000016087	-0.2053	0.2836	-0.1336	-0.2086	-0.4169	0.2184
ENSMUSG00000016206	-0.3068	0.1478	-0.2075	0.0736	0.0190	0.2218
ENSMUSG00000016253	-0.1373	-0.1438	-0.1376	-0.2359	-0.2098	-0.1899
ENSMUSG00000016319	0.1243	-0.4573	0.1772	0.3870	-0.0466	0.2966
ENSMUSG00000016494	-0.2956	-0.3371	0.0747	-0.4881	-0.4126	0.3059
ENSMUSG00000016498	0.3003	0.3793	0.1132	0.2178	-0.1427	0.1957
ENSMUSG00000016528	-0.0560	-0.3635	-0.1290	-0.1735	-0.0861	0.0505
ENSMUSG00000016756	-0.0601	-0.2042	-0.4186	0.0001	-0.2535	0.1536
ENSMUSG00000016758	0.1182	-0.2202	-0.2852	0.0506	0.1852	0.0093
ENSMUSG00000017009	0.3085	0.3478	0.0076	0.2840	-0.4410	0.2609
ENSMUSG00000017057	0.8984	0.4012	1.0619	0.4770	1.3086	0.9268
ENSMUSG00000017119	0.3112	0.3926	0.4228	-0.4765	0.1821	0.2360
ENSMUSG00000017146	-0.1364	-0.0559	0.6874	0.0679	-0.2530	0.0859
ENSMUSG00000017165	0.4481	0.0092	-0.2028	-0.2143	-0.4051	0.0436
ENSMUSG00000017210	0.4146	-0.6024	0.2506	-0.6010	-0.0550	-0.1616
ENSMUSG00000017376	-0.2467	-0.0958	-0.1182	-0.5700	-0.2731	-0.1527
ENSMUSG00000017390	0.2127	-0.0307	0.0309	0.0870	-0.4961	-0.3514
ENSMUSG00000017404	-1.0612	-1.5904	-1.5991	-2.1977	-2.1638	-3.1996
ENSMUSG00000017428	-0.0746	0.8396	0.1019	0.3449	-0.1811	0.8191
ENSMUSG00000017652	0.4814	-0.1048	-0.4601	-0.0696	-0.2497	-0.0173
ENSMUSG00000017686	0.5397	-0.5750	-0.0043	-0.1304	-0.0054	0.1036
ENSMUSG00000017715	0.0342	0.6521	0.3278	0.1377	-0.5428	0.4255
ENSMUSG00000017718	-0.9135	-0.1319	-0.0469	0.0280	-0.1261	-0.4639
ENSMUSG00000017740	-0.4428	0.3405	0.1251	-0.5650	0.0870	0.6175
ENSMUSG00000017950	-0.0890	-0.1109	0.5651	0.2369	0.1831	-0.0404
ENSMUSG00000018008	-0.0154	0.1841	0.0965	0.0363	0.0154	-0.1994
ENSMUSG00000018012	-0.5258	0.0948	-0.7159	-0.2075	-0.3656	-0.3735
ENSMUSG00000018040	-0.4574	0.3109	0.0135	0.0535	0.2370	-0.2559
ENSMUSG00000018286	0.1413	-0.0192	0.0733	-0.5947	-0.0276	-0.6700
ENSMUSG00000018293	-0.2689	0.4985	-0.6816	0.1739	-0.4486	0.2665
ENSMUSG00000018334	0.2572	-0.1605	0.3890	0.0212	-0.6920	-0.3442
ENSMUSG00000018339	0.3206	0.3130	-0.2479	0.2571	-0.2107	-0.2825
ENSMUSG00000018362	-0.2668	-0.1549	-0.2054	0.2125	-0.2247	-0.4912
ENSMUSG00000018363	0.0814	0.0795	-0.1277	0.4602	-0.4870	0.2897
ENSMUSG00000018395	0.3365	-0.1823	0.2831	-0.3625	0.5085	0.7797
ENSMUSG00000018486	0.1004	0.4145	0.8082	-0.0505	-0.3346	-0.3564
ENSMUSG00000018537	0.1515	-0.2671	-0.2741	-0.3282	-0.0415	0.1882
ENSMUSG00000018567	-0.2498	-0.1206	-0.5502	-0.4954	-0.6805	-0.1812
ENSMUSG00000018770	0.0860	0.2551	-0.5752	0.3202	0.0872	0.3979
ENSMUSG00000018796	-0.2744	0.5720	-0.1008	-0.0476	0.6905	-0.1724
ENSMUSG00000018822	-0.1698	-0.3615	-0.1271	-0.5025	1.1467	-0.6312
ENSMUSG00000018830	-0.2624	0.2167	-0.8058	-0.2929	0.3450	0.2080
ENSMUSG00000018841	-0.2511	-0.0404	-0.4602	-0.5446	0.1123	0.5139
ENSMUSG00000018848	0.8761	1.3082	1.5624	1.7480	1.7134	2.9112
ENSMUSG00000018882	1.4233	1.5553	2.2096	2.0457	1.9503	2.8320
ENSMUSG00000018899	-0.3710	0.4664	0.0897	0.1233	-0.1213	-0.1826
ENSMUSG00000018965	0.6331	0.4140	0.1888	-0.2537	0.5699	-0.2328
ENSMUSG00000018973	-0.4146	-0.1360	-0.5404	-0.4104	0.0963	0.0882
ENSMUSG00000019054	0.4064	0.2055	0.2960	0.2539	0.0986	-0.3824
ENSMUSG00000019102	0.2227	0.3663	-0.2768	0.2088	-0.0880	0.2174
ENSMUSG00000019254	0.0383	-0.6237	0.3249	-0.2755	-0.0141	0.6863
ENSMUSG00000019370	-0.7776	-0.7807	-0.7172	-1.4909	-0.9441	-1.4097
ENSMUSG00000019487	-0.1705	0.5467	0.2373	0.0046	0.3050	-0.1285
ENSMUSG00000019802	0.0063	0.4269	-0.5000	0.0768	0.2417	-0.4595
ENSMUSG00000019828	0.6204	0.2027	0.0654	0.0866	0.5017	0.3486
ENSMUSG00000019831	0.2567	0.2907	0.2724	0.4740	-0.0870	0.4789
ENSMUSG00000019841	-0.1289	0.0518	0.3028	-0.2022	-0.5385	0.0663
ENSMUSG00000019845	0.0868	0.1316	0.1169	0.1634	0.2727	-0.5005
ENSMUSG00000019848	0.8046	0.1317	-0.2052	-0.0312	0.4479	0.1165
ENSMUSG00000019883	-0.6532	-0.5828	-0.7949	-0.1308	-0.2910	0.1718
ENSMUSG00000019888	-0.4375	0.1372	0.6118	-0.2176	0.0095	0.0600
ENSMUSG00000019935	-0.3323	0.4242	0.3966	0.4541	0.0420	0.3157
ENSMUSG00000019942	-0.1079	-0.1912	-0.0212	0.1765	0.3860	0.3963
ENSMUSG00000019960	-0.1287	0.3318	0.1916	-0.2365	-0.2953	-0.0330
ENSMUSG00000019970	-0.2211	-0.0696	0.2935	0.3478	-0.7623	-0.4808
ENSMUSG00000019977	-0.1699	0.4042	0.1898	0.3366	0.1764	0.7428
ENSMUSG00000019982	-0.5739	-0.2182	0.0190	-0.1250	0.5943	0.4272
ENSMUSG00000020007	-0.7360	-0.0616	-0.3477	-0.3257	-0.2957	-0.1508
ENSMUSG00000020009	-0.6271	0.0833	0.2582	-0.3057	0.4621	0.3039
ENSMUSG00000020022	-0.2089	-0.5956	0.3027	-0.0551	0.1195	0.0131
ENSMUSG00000020027	-0.2883	0.2548	0.5303	0.2731	0.0715	0.4990
ENSMUSG00000020048	-0.2636	-0.1629	0.2084	-0.2662	0.1082	0.3458
ENSMUSG00000020070	-0.2075	0.1263	0.1372	0.1659	-0.3098	-0.1338
ENSMUSG00000020081	0.3574	-0.1593	-0.2252	0.8611	-0.4414	0.0117
ENSMUSG00000020097	-0.3514	-0.2414	-0.2190	0.2064	0.0572	0.9985
ENSMUSG00000020108	-0.1394	-0.2338	0.1277	0.0679	0.3544	0.0597
ENSMUSG00000020115	0.4814	-0.5743	-0.3005	-0.0208	-0.3909	0.4960
ENSMUSG00000020122	0.0423	0.4834	0.2240	0.1715	0.2546	-0.1893
ENSMUSG00000020123	0.2277	0.1757	0.4094	-0.4225	0.4772	0.4479
ENSMUSG00000020168	0.2935	-0.4116	-0.7046	0.4850	-0.1575	-0.3066
ENSMUSG00000020170	0.6743	-0.4233	0.3285	-0.4389	0.6106	0.4648
ENSMUSG00000020171	-0.2825	-0.6303	-0.9184	-0.6712	-0.5507	-1.6904
ENSMUSG00000020180	-0.3312	0.6293	0.5106	0.0054	-0.0922	-0.2657
ENSMUSG00000020256	-0.1910	0.4682	0.1312	0.4717	-0.6901	0.1805
ENSMUSG00000020257	-0.1959	0.2542	0.0176	0.4729	0.3840	0.1749
ENSMUSG00000020260	-0.0551	-0.0832	-0.1115	-0.6578	-0.0985	0.0912
ENSMUSG00000020287	0.9666	-0.0443	-0.2492	-0.0496	-0.8494	-0.4848
ENSMUSG00000020289	-0.2310	-0.1661	-0.1755	-0.5085	0.3249	-0.1775
ENSMUSG00000020309	-0.1104	-0.1187	0.3142	-0.0545	-0.5121	-0.1085
ENSMUSG00000020331	0.0472	-0.3974	-0.2031	-0.2568	0.3448	-0.2392
ENSMUSG00000020334	-0.0674	-0.4444	0.0292	-0.1137	0.5056	0.3193
ENSMUSG00000020349	0.3772	0.0118	-0.4073	0.0241	-0.2477	-0.1160
ENSMUSG00000020354	0.3430	0.1463	0.4964	0.1302	0.0373	0.2991
ENSMUSG00000020359	0.0076	-0.2643	0.0264	0.2641	0.1063	0.2191
ENSMUSG00000020368	0.0709	0.3543	-0.0865	0.1663	0.0209	-0.0417
ENSMUSG00000020372	1.4957	1.5826	1.7405	1.6066	2.0167	2.1880
ENSMUSG00000020375	-0.1181	0.2388	0.1259	0.1114	0.5892	-0.8424
ENSMUSG00000020386	-0.1241	0.4247	0.1242	-0.5824	0.4576	-0.0613
ENSMUSG00000020405	0.4706	-0.1612	0.1554	-0.2528	0.1524	-0.1537
ENSMUSG00000020407	0.2836	-0.6249	-0.2460	-0.8714	0.0034	-0.3282
ENSMUSG00000020423	-0.3641	0.0100	-0.1372	-0.6727	-0.2604	-0.4048
ENSMUSG00000020432	1.3341	1.8889	1.3765	2.1500	2.5658	2.1096
ENSMUSG00000020458	-0.1463	0.1589	-0.3023	-1.1216	0.3657	0.5327
ENSMUSG00000020477	1.5971	1.5764	1.0537	2.3372	1.9628	2.1895
ENSMUSG00000020484	0.0923	-0.1942	-0.4369	-0.1947	0.7817	-0.0797
ENSMUSG00000020485	-0.5411	0.0701	-0.4962	0.4820	0.0715	0.3856
ENSMUSG00000020513	0.0242	0.0553	0.5664	0.2415	-0.0065	-0.2946
ENSMUSG00000020514	1.3786	1.7811	1.5931	1.6438	2.0220	2.9066
ENSMUSG00000020519	0.4915	-0.1510	-0.1053	0.0191	0.6007	-0.0871
ENSMUSG00000020566	-0.6604	0.1147	0.0911	0.1090	0.3079	-0.0694
ENSMUSG00000020572	0.3815	0.0669	-0.2305	-0.0759	-0.3513	0.3268
ENSMUSG00000020609	0.6473	1.0235	1.1604	1.5991	1.2760	0.8645
ENSMUSG00000020636	0.0464	0.0521	-0.0149	-0.1521	0.1186	0.1311
ENSMUSG00000020673	0.0865	-0.4198	0.2827	-0.2536	0.3138	0.1895
ENSMUSG00000020676	0.2497	-0.1614	0.4838	-0.1017	0.4570	0.4908
ENSMUSG00000020734	-0.4393	-0.1421	0.4439	-0.0347	-0.5703	0.6760
ENSMUSG00000020745	-0.2470	-0.5871	-0.5515	0.4635	0.9375	0.2459
ENSMUSG00000020766	-0.3201	-0.1894	-0.0575	0.2386	-0.3059	0.5185
ENSMUSG00000020774	0.1608	-0.2572	0.0003	-0.2926	-0.4889	-0.0462
ENSMUSG00000020775	1.6671	1.6939	1.8334	1.7564	1.7417	2.4936
ENSMUSG00000020794	-0.1848	0.6348	0.1359	-0.1960	0.1469	-0.3482
ENSMUSG00000020817	0.2774	0.4311	0.3822	0.2674	-0.2923	-0.0402
ENSMUSG00000020821	-0.3562	-0.3274	-0.2266	-0.3281	0.3385	0.2285
ENSMUSG00000020828	0.3007	-0.0943	0.1901	0.0620	-0.1589	0.0405
ENSMUSG00000020840	0.1307	0.1958	0.8198	-0.1155	-0.0048	-0.3280
ENSMUSG00000020849	0.0371	0.0137	0.0312	-0.2009	-0.4640	-0.2089
ENSMUSG00000020850	0.1375	0.3844	0.1356	-0.0537	-0.0832	-0.2107
ENSMUSG00000020868	1.3164	1.9094	2.2739	1.5192	1.8862	2.4548
ENSMUSG00000020899	-0.4744	-0.3198	0.3792	-0.0570	0.1525	0.2266
ENSMUSG00000020900	0.4333	-0.3040	0.1117	-0.1916	0.3909	0.5118
ENSMUSG00000020911	0.6257	0.0922	0.0967	0.0311	0.0538	0.2831
ENSMUSG00000020914	-0.2078	0.6233	-0.1250	0.3461	0.3472	0.0138
ENSMUSG00000020929	0.2791	-0.5494	0.0683	-0.4062	0.0678	-0.3605
ENSMUSG00000021022	-0.8669	-0.7982	-1.0599	-1.3030	-1.0533	-1.0242
ENSMUSG00000021033	-0.4036	-0.1818	0.2806	-0.4948	-0.3829	0.4317
ENSMUSG00000021039	-0.4177	-0.0124	0.3153	-0.0302	0.0842	-0.0682
ENSMUSG00000021067	-0.1621	0.3521	-0.4355	-0.1873	0.1490	0.0337
ENSMUSG00000021120	0.7323	0.5048	0.0143	0.7068	0.2361	-0.1139
ENSMUSG00000021130	-0.3194	0.6146	0.0922	-0.2538	-0.1984	0.0995
ENSMUSG00000021134	-0.0537	0.3147	-0.6271	0.2558	-0.2022	0.4740
ENSMUSG00000021180	-0.2034	0.1624	-0.7693	-0.2127	0.2531	-0.0289
ENSMUSG00000021207	-0.1310	0.5829	-0.3415	-0.1690	0.2546	0.1669
ENSMUSG00000021221	-0.4276	0.6580	0.0038	-0.0419	0.6584	-0.2416
ENSMUSG00000021224	-0.1577	-0.0685	-0.7389	-0.3110	0.0966	0.0984
ENSMUSG00000021236	0.5176	0.3202	0.0685	-0.1504	0.3071	-0.2412
ENSMUSG00000021240	1.6330	1.8648	0.7873	2.1290	2.5662	2.1826
ENSMUSG00000021262	-0.7808	0.3883	0.2002	-0.2507	-0.2251	-0.0494
ENSMUSG00000021266	-1.1036	-1.6166	-1.6595	-1.9857	-1.6776	-2.3603
ENSMUSG00000021277	0.1112	-0.2165	-0.4366	-0.0984	-0.0265	-0.4084
ENSMUSG00000021302	1.0707	0.9970	1.8393	1.7885	2.1082	1.6647
ENSMUSG00000021311	1.8252	1.1067	1.6150	1.5571	1.8528	2.5811
ENSMUSG00000021313	-0.9542	-1.3451	-1.1055	-0.8029	-0.7783	-1.0036
ENSMUSG00000021318	0.7038	0.1633	0.3272	0.4619	-0.2839	0.0764
ENSMUSG00000021356	-0.2227	-0.4483	0.2813	0.1059	0.1385	-0.7959
ENSMUSG00000021362	0.4214	-0.0558	0.3755	-0.3976	-0.2055	0.5882
ENSMUSG00000021364	0.2855	0.1158	-0.3768	-0.1152	-0.0258	0.0525
ENSMUSG00000021379	0.4687	-0.2619	-0.3777	-0.4199	-0.2106	0.2635
ENSMUSG00000021403	0.4233	-0.2273	0.3761	0.1125	-0.0314	-0.0249
ENSMUSG00000021428	-0.2664	-0.2843	-0.2731	-0.1428	0.0116	0.1840
ENSMUSG00000021464	0.4264	0.1657	-0.1423	-0.3720	-0.4167	0.5702
ENSMUSG00000021468	-0.0515	-0.1296	-0.1339	0.3334	0.4964	0.1050
ENSMUSG00000021477	0.3927	-0.1690	-0.0401	0.0298	-0.0874	-0.7760
ENSMUSG00000021504	-0.9469	-2.0826	-1.5987	-2.0479	-2.0416	-2.8580
ENSMUSG00000021520	0.2459	0.4448	0.5248	-0.0169	-0.4127	0.0871
ENSMUSG00000021536	0.3090	0.1362	-0.3406	0.0852	0.0457	-0.3811
ENSMUSG00000021540	-0.3537	-0.5077	0.3357	0.4762	-0.1490	-0.3141
ENSMUSG00000021546	0.7970	0.3024	0.0399	-0.0194	-0.4911	-0.1336
ENSMUSG00000021567	-0.4109	0.0060	-0.3239	-0.3811	-0.2609	0.2763
ENSMUSG00000021607	1.2934	1.4988	1.7765	1.8446	1.6357	2.2948
ENSMUSG00000021622	-0.1227	-0.0643	-0.0306	-0.3539	0.0914	-0.4718
ENSMUSG00000021639	-0.2501	-0.8276	0.3524	-0.1680	-0.1048	-0.4456
ENSMUSG00000021662	-0.1402	-0.0859	-0.0142	0.3226	0.7843	-0.0018
ENSMUSG00000021670	-1.6578	-1.3673	-2.1564	-1.7979	-2.2641	-2.3329
ENSMUSG00000021678	-0.2563	0.0463	0.0424	0.2166	0.0521	0.4872
ENSMUSG00000021686	0.1331	-0.8297	-0.1159	0.2886	0.4116	0.2825
ENSMUSG00000021693	-1.0830	-1.2570	-0.3929	-0.6655	-0.9741	-1.8319
ENSMUSG00000021701	0.3981	0.1150	-0.3491	0.0305	0.2179	0.0761
ENSMUSG00000021702	-0.3139	-0.0838	-0.0197	-0.2027	-0.3632	0.1767
ENSMUSG00000021706	-0.2418	0.3329	0.5000	-0.2119	-0.2124	-0.2574
ENSMUSG00000021710	0.2794	0.2801	-0.2445	-0.5719	-0.1392	0.1526
ENSMUSG00000021721	-0.0875	-0.2526	-0.0257	0.4120	0.0336	-0.0730
ENSMUSG00000021770	0.0163	-0.0386	0.0860	-0.2130	-0.2097	-0.0117
ENSMUSG00000021771	-0.4952	-0.0176	0.2714	-0.2345	0.5701	-0.6677
ENSMUSG00000021786	0.2551	0.3123	0.0143	-0.0282	-0.1581	0.1394
ENSMUSG00000021789	-0.0889	0.3773	-0.7067	0.5676	0.2262	-0.3403
ENSMUSG00000021806	-0.0321	0.3385	0.7392	0.2104	0.0495	-0.5615
ENSMUSG00000021809	0.2935	0.0551	-0.0822	0.3180	0.1310	0.3497
ENSMUSG00000021814	-0.3179	0.4799	-0.1238	-0.0418	0.3337	-0.0478
ENSMUSG00000021824	-0.0449	-0.3753	-0.1127	0.1994	-0.6423	-0.3223
ENSMUSG00000021868	0.4845	-0.2111	-0.2065	0.3036	-0.5369	0.0147
ENSMUSG00000021901	-0.1053	0.3306	-0.5236	0.0346	-0.2462	-0.1434
ENSMUSG00000021919	-0.0283	0.1779	0.3984	-0.5085	0.5378	0.0028
ENSMUSG00000021932	-0.5000	0.2233	-0.3357	0.0628	0.1712	0.1517
ENSMUSG00000021943	0.0527	-0.4266	0.1502	0.5507	-0.1411	-0.4583
ENSMUSG00000021981	0.0541	0.0863	0.2563	0.5426	0.0723	0.2692
ENSMUSG00000022052	-0.1924	-0.3428	0.3020	-0.3842	-0.0468	0.0520
ENSMUSG00000022061	-0.1660	-0.4305	0.3495	0.5639	0.1251	0.2368
ENSMUSG00000022074	0.1039	0.1027	0.6496	-0.4963	0.5036	-0.0481
ENSMUSG00000022094	-0.5868	-0.1579	0.2467	0.1788	-0.3727	0.1301
ENSMUSG00000022105	0.0559	0.0536	0.4289	0.2119	-0.1136	-0.5398
ENSMUSG00000022114	-0.2768	0.1324	-0.4456	-0.5452	-0.0068	-0.2223
ENSMUSG00000022130	0.2707	0.6248	0.5862	-0.5004	-0.3303	-0.3029
ENSMUSG00000022149	0.2118	-0.7287	-0.6118	-0.1160	0.1547	-0.1426
ENSMUSG00000022150	0.3632	-0.2536	-0.3916	-0.0655	-0.0254	0.2057
ENSMUSG00000022194	-0.4519	0.3617	-0.0990	-0.1369	-0.4835	0.1312
ENSMUSG00000022216	-0.0463	0.0150	-0.2761	-0.0344	-0.3683	0.1014
ENSMUSG00000022220	-0.3170	-0.0781	-0.3861	-0.9106	-0.3384	0.3591
ENSMUSG00000022241	0.6641	1.8912	2.1876	2.0969	1.9841	2.9039
ENSMUSG00000022248	-0.0654	0.3000	-0.3036	-0.6721	-0.0882	-0.4724
ENSMUSG00000022262	-0.4982	-0.2749	-0.2994	0.4270	-0.3460	-0.0799
ENSMUSG00000022272	-0.2493	-0.1470	0.4333	-0.3256	-0.2686	-0.3938
ENSMUSG00000022292	-0.3242	-0.3051	-0.1151	0.2053	-0.5267	0.0453
ENSMUSG00000022309	-0.2619	0.4580	-0.5063	0.0206	0.5266	0.3383
ENSMUSG00000022312	0.1330	-0.2365	-0.0835	-0.5147	-0.5187	0.1810
ENSMUSG00000022314	-0.2080	0.0222	-0.0058	0.8350	-0.0281	-0.3179
ENSMUSG00000022365	0.3824	-0.0005	0.0725	0.4703	0.1011	-0.0654
ENSMUSG00000022370	-1.0968	-1.4651	-2.1880	-1.9584	-2.0411	-2.6361
ENSMUSG00000022404	0.3416	-0.3408	-0.4806	0.9465	-0.3224	0.4185
ENSMUSG00000022414	0.1269	0.0173	-0.5560	0.1539	-0.1459	-0.2282
ENSMUSG00000022420	0.4175	-0.1390	-0.3914	-0.0379	0.0925	-0.3896
ENSMUSG00000022453	-0.2730	0.1694	0.0985	-0.1116	0.3993	-0.7824
ENSMUSG00000022471	0.4019	-0.2845	0.1525	0.2432	-0.1487	-0.1977
ENSMUSG00000022483	-0.0336	0.0350	0.0577	0.1693	-0.2134	0.3398
ENSMUSG00000022489	0.1918	0.1953	0.3331	-0.4191	-0.1801	-0.0510
ENSMUSG00000022490	0.1927	0.8393	0.3176	0.2807	0.4057	0.2522
ENSMUSG00000022510	-0.9934	-0.7105	-0.3579	-1.0795	-1.1081	-1.2529
ENSMUSG00000022551	0.5049	0.4946	-0.1506	-0.6321	-0.1622	-0.3768
ENSMUSG00000022552	0.3233	-0.0915	0.1912	-0.1534	-0.0709	-0.1865
ENSMUSG00000022556	-0.4126	-1.0181	-1.0679	-0.9645	-1.5455	-1.4402
ENSMUSG00000022574	-0.4117	0.3521	0.1604	0.5884	-0.1322	-0.3051
ENSMUSG00000022594	-0.0826	0.5196	-0.2953	-0.6616	-0.1629	-0.3819
ENSMUSG00000022596	0.5963	-0.4754	0.0803	0.2785	0.3532	-0.1039
ENSMUSG00000022615	-0.3572	0.0029	-0.0860	0.0769	-0.2782	0.1399
ENSMUSG00000022623	0.1714	0.4745	0.6728	0.0470	-0.5138	-0.1973
ENSMUSG00000022667	-0.5387	-0.5629	-0.1758	0.2845	0.0896	0.1742
ENSMUSG00000022672	-0.2669	-0.3477	-0.2103	-0.0410	0.0066	0.0170
ENSMUSG00000022679	0.1670	-0.5014	0.2823	-0.0776	-0.0538	0.0757
ENSMUSG00000022686	0.3723	-0.0241	0.3782	-0.2045	0.0086	0.1509
ENSMUSG00000022706	1.3417	1.1068	2.0133	2.1501	1.4468	2.2006
ENSMUSG00000022711	0.7170	0.1371	0.0652	0.3692	-0.0009	0.1991
ENSMUSG00000022751	-0.3164	-0.0109	0.5561	-0.2306	0.2145	0.3638
ENSMUSG00000022753	0.3244	-0.3532	0.0098	0.0471	0.1320	0.1062
ENSMUSG00000022757	0.0257	-0.4309	-0.3280	-0.3085	0.0338	0.1527
ENSMUSG00000022774	-0.0908	0.1664	0.5421	0.1489	0.1784	0.4350
ENSMUSG00000022790	0.1539	-0.1155	0.2141	0.4442	0.4585	-0.4830
ENSMUSG00000022792	0.8840	1.7758	1.8997	1.7854	2.6277	2.5385
ENSMUSG00000022808	-0.1488	-0.4363	0.3234	-0.5815	-0.2015	0.0489
ENSMUSG00000022812	0.0966	0.1346	-0.7292	-0.0850	0.5712	0.1557
ENSMUSG00000022814	0.6869	1.1327	0.6669	0.9682	1.3156	1.3851
ENSMUSG00000022822	-0.3459	0.4469	-0.3753	-0.6022	-0.5269	0.0184
ENSMUSG00000022841	0.2342	-0.4735	-0.5485	0.1215	-0.1327	0.1533
ENSMUSG00000022847	0.2974	-0.1714	0.0964	0.6952	-0.5400	-0.0388
ENSMUSG00000022863	0.0104	0.7518	0.0371	-0.0093	0.4223	-0.3791
ENSMUSG00000022965	-0.6253	0.2446	0.3181	-0.1245	-0.0026	0.1004
ENSMUSG00000022986	-0.1469	0.0270	0.0011	-0.1274	-0.6296	0.1807
ENSMUSG00000022997	0.3222	0.0597	0.2864	-0.5299	-0.1455	0.1941
ENSMUSG00000023034	0.7725	0.4278	-0.1496	0.5611	0.2187	-0.0638
ENSMUSG00000023039	0.4764	0.7177	0.6319	-0.5611	0.2915	-0.2030
ENSMUSG00000023067	0.3464	-0.4134	-0.1740	0.6606	-0.2946	-0.0954
ENSMUSG00000023068	-0.8733	-1.8278	-1.6259	-1.7854	-2.6863	-2.1957
ENSMUSG00000023070	0.2984	-0.1346	-0.0219	-0.7881	-0.1609	-0.3399
ENSMUSG00000023078	-0.1164	0.2984	0.0101	-0.2549	-0.2618	0.6133
ENSMUSG00000023120	-0.4317	-0.1683	0.5112	0.1192	0.1056	0.1695
ENSMUSG00000023175	-0.4600	-0.1484	0.6662	0.1454	-0.7063	0.0469
ENSMUSG00000023192	0.8359	0.2921	0.2436	1.5368	0.4265	0.0951
ENSMUSG00000023247	-0.4985	-0.2826	0.3618	0.0430	0.5226	0.0911
ENSMUSG00000023262	0.8110	1.3317	1.0251	1.2827	1.7401	1.1880
ENSMUSG00000023279	-0.3630	-0.4347	-0.6497	-0.6319	-1.3044	-0.9310
ENSMUSG00000023393	-0.2714	-0.0361	-0.2248	0.4597	0.2768	0.1027
ENSMUSG00000023439	-0.1885	-0.3410	0.0857	-0.4579	-0.7945	0.0240
ENSMUSG00000023452	0.2899	-0.7231	-0.2233	-0.2467	-0.1247	0.5501
ENSMUSG00000023456	-0.0827	-0.1384	0.4018	-0.2083	0.3233	-0.1098
ENSMUSG00000023723	1.2156	1.6423	1.6424	1.9935	1.8818	2.2616
ENSMUSG00000023791	0.3214	-0.3639	-0.3913	0.0094	0.0773	0.2382
ENSMUSG00000023809	-0.0355	0.1081	-0.2707	0.1385	-0.3281	0.4275
ENSMUSG00000023830	0.1619	0.1108	0.0035	-0.4539	-0.1771	0.2158
ENSMUSG00000023832	-0.7826	-1.6810	-1.9449	-2.0577	-2.5144	-2.3003
ENSMUSG00000023861	-0.0298	-0.4197	-0.0677	0.6094	-0.2012	0.0067
ENSMUSG00000023868	0.2106	0.3180	0.3039	-0.1934	0.3664	0.5513
ENSMUSG00000023903	-0.0887	-0.0870	-0.1581	-0.0939	0.0231	-0.5022
ENSMUSG00000023906	-1.5770	-0.9296	-1.4656	-1.5419	-1.3173	-1.1497
ENSMUSG00000023913	0.0998	-0.2620	-0.0985	0.2052	-0.7367	-0.2576
ENSMUSG00000023915	-0.9295	0.1463	0.1863	0.7818	0.1336	-0.3985
ENSMUSG00000023921	1.1592	1.1892	1.9225	1.5553	1.9476	2.3094
ENSMUSG00000023932	-0.8682	0.1977	0.1592	0.0397	-0.1612	0.3576
ENSMUSG00000023938	-0.0500	-0.0853	0.2703	0.0710	-0.4766	0.0440
ENSMUSG00000023939	-1.0347	-1.8355	-1.9420	-1.7954	-2.2662	-2.5929
ENSMUSG00000023940	0.2751	0.1175	0.3411	0.0182	-0.2193	0.5733
ENSMUSG00000023944	0.2790	-0.5003	-0.0228	-0.3417	0.1340	-0.1901
ENSMUSG00000023947	-0.2166	-0.3574	0.1044	0.4199	-0.2781	-0.1179
ENSMUSG00000023967	1.7122	1.3517	1.5950	2.2671	1.7586	2.8516
ENSMUSG00000023999	0.0118	0.2315	-0.2112	-0.0787	0.0494	0.4838
ENSMUSG00000024007	-0.4172	0.2935	-0.1719	0.4760	-0.1272	0.0375
ENSMUSG00000024026	-0.4362	-0.5127	0.4261	-0.3673	0.9022	-0.0855
ENSMUSG00000024041	-0.1324	0.8370	-0.7724	-0.7283	-0.0598	0.2844
ENSMUSG00000024064	-0.5197	-1.3471	-0.2034	-1.0702	-0.8565	-0.8891
ENSMUSG00000024087	0.6891	0.7777	1.0087	0.8125	1.1854	2.3120
ENSMUSG00000024109	0.3943	0.3500	-0.1397	0.3045	0.2675	0.1988
ENSMUSG00000024112	0.4621	-0.2929	0.0645	-0.6405	0.4873	-0.2280
ENSMUSG00000024131	0.4037	-0.1552	-0.0109	0.4220	0.0877	0.3082
ENSMUSG00000024142	-0.3952	0.3553	0.0361	-0.2055	-0.4195	-0.1862
ENSMUSG00000024154	0.0572	-0.6455	-0.0187	0.0805	-0.6155	-0.1711
ENSMUSG00000024170	-0.3847	-0.4346	0.3515	0.3157	-0.7401	0.2364
ENSMUSG00000024172	0.0337	-0.0558	0.0200	0.0176	0.2472	-0.1678
ENSMUSG00000024181	1.5053	1.1914	1.7743	1.7050	2.1771	2.2065
ENSMUSG00000024209	-0.0755	-0.1046	-0.2505	-0.0125	-0.4179	0.1962
ENSMUSG00000024220	0.8711	2.0710	1.7526	1.8153	2.3870	3.1568
ENSMUSG00000024241	-0.4279	-0.4319	-0.1267	-0.1452	0.1416	-0.1798
ENSMUSG00000024325	0.1366	-0.1710	-0.3255	-0.3219	-0.0824	0.1859
ENSMUSG00000024327	-0.4160	0.1917	-0.1546	0.0948	-0.2740	-0.1798
ENSMUSG00000024331	0.3719	-0.5949	-0.0259	0.0650	0.4236	-0.7243
ENSMUSG00000024338	0.1066	0.8574	-0.5578	-0.1265	-0.0606	-0.1221
ENSMUSG00000024339	0.2371	0.7995	0.1111	-0.0933	-0.8542	-0.0076
ENSMUSG00000024371	0.1666	-0.0409	0.0823	0.2061	0.4029	0.1321
ENSMUSG00000024399	0.1451	-0.0789	0.0484	-0.2968	-0.0674	0.1240
ENSMUSG00000024402	0.2751	-0.3078	-0.1114	-0.2163	0.0507	-0.0160
ENSMUSG00000024436	-1.0278	-1.2141	-1.8321	-1.9383	-2.3667	-2.9486
ENSMUSG00000024456	0.2012	0.3290	0.1960	0.2574	0.2421	-0.0246
ENSMUSG00000024472	-0.1583	-0.0713	0.3125	-0.3070	-0.1035	-0.1240
ENSMUSG00000024493	1.4913	1.3106	1.2757	2.4553	2.4388	2.2671
ENSMUSG00000024510	-0.5034	-0.2751	0.0159	-0.3160	0.2982	-0.1496
ENSMUSG00000024578	-0.0985	0.1344	-0.1228	-0.2340	-0.4403	0.0244
ENSMUSG00000024587	0.2766	-0.1322	0.2684	-0.1803	0.1056	0.4344
ENSMUSG00000024593	-0.1310	0.2857	0.3528	0.1998	-0.4136	0.3153
ENSMUSG00000024603	-0.1889	-0.0805	-0.4931	0.2393	-0.3649	0.1148
ENSMUSG00000024608	-1.0467	-1.7858	-1.7890	-2.2057	-1.2989	-2.9402
ENSMUSG00000024665	0.1185	-0.0570	0.2828	0.1100	0.6614	-0.7579
ENSMUSG00000024680	0.5520	0.1757	0.6536	-0.5660	0.2586	0.0123
ENSMUSG00000024683	1.4944	2.1214	2.0141	2.2896	1.9694	2.5709
ENSMUSG00000024772	-0.0419	0.1245	-0.4180	0.2171	-0.0792	0.0956
ENSMUSG00000024789	-0.4794	0.2645	-0.6233	-0.0866	0.2427	-0.6145
ENSMUSG00000024799	0.5459	-0.6614	0.3294	0.1119	-0.2874	-0.0546
ENSMUSG00000024803	0.2045	0.0814	0.1375	0.2112	0.0200	-0.7226
ENSMUSG00000024829	-1.0621	-1.6295	-1.4330	-1.7604	-2.2906	-2.6737
ENSMUSG00000024830	-0.4758	-0.4421	0.1439	-0.6735	-0.0857	0.2209
ENSMUSG00000024853	-0.2918	-0.6701	-1.2087	-1.2989	-0.5951	-1.3019
ENSMUSG00000024868	-0.5587	0.0184	-0.6422	-0.2543	0.0116	0.8282
ENSMUSG00000024870	0.2979	-0.2318	-0.0314	0.3111	-0.0134	-0.0528
ENSMUSG00000024891	-0.1588	-0.1932	-0.2553	0.0818	-0.0117	-0.5732
ENSMUSG00000024896	-0.1932	0.2639	-0.0424	-0.3950	0.3017	-0.5155
ENSMUSG00000024902	1.3376	1.3545	1.8986	1.9071	2.3974	2.8150
ENSMUSG00000024924	-0.1976	-0.1993	0.0426	-0.1802	0.0039	0.5369
ENSMUSG00000024976	-0.0360	-0.3150	-0.1081	-0.6735	0.5176	0.3617
ENSMUSG00000025003	0.6460	0.1158	0.0803	-0.3423	0.3829	-0.6836
ENSMUSG00000025019	0.2886	0.9724	-0.0272	-0.5432	0.0595	-0.0856
ENSMUSG00000025020	0.6264	0.0253	0.0330	0.6771	-0.0206	-0.1347
ENSMUSG00000025049	0.0873	-0.2526	0.8606	-0.2659	0.3815	-0.0548
ENSMUSG00000025059	-0.3731	-0.3593	-0.2163	0.3500	0.2324	-0.0097
ENSMUSG00000025060	-0.0415	-0.3187	-0.2608	-0.0865	0.2481	-0.2690
ENSMUSG00000025069	0.5423	-0.4975	0.1151	0.6649	-0.4689	-0.7015
ENSMUSG00000025091	-0.5930	0.3207	-0.0422	-0.3556	0.4022	-0.6356
ENSMUSG00000025094	0.1702	-0.4831	0.5467	-0.0416	-0.0296	-0.2283
ENSMUSG00000025144	0.1383	-0.4358	-0.0697	-0.1279	0.0749	0.4565
ENSMUSG00000025163	-0.2112	-0.5416	-0.2744	-0.1248	0.1434	-0.3538
ENSMUSG00000025172	-0.4092	-0.3184	0.1634	0.1224	0.1787	0.4589
ENSMUSG00000025178	-0.3614	0.2970	0.2501	-0.5142	-0.1265	-0.3911
ENSMUSG00000025208	1.2403	1.3937	1.0475	1.6420	2.5862	2.6635
ENSMUSG00000025225	-0.2201	-0.0110	-0.2527	0.1639	0.0160	-0.0689
ENSMUSG00000025277	0.2292	-0.2599	-0.3322	0.0552	-0.4801	-0.6529
ENSMUSG00000025290	0.8935	1.4230	1.2626	1.4468	1.8803	3.1821
ENSMUSG00000025321	0.2269	0.5362	-0.1483	-0.0536	0.8788	-0.1127
ENSMUSG00000025340	-0.1206	-0.0961	-0.0115	0.5543	-0.1700	0.0863
ENSMUSG00000025351	-0.4910	-0.1963	-0.2868	-0.4489	0.0013	-0.1530
ENSMUSG00000025357	0.3253	0.5646	0.0455	0.0731	0.1951	-0.1782
ENSMUSG00000025362	1.1629	1.7536	2.1504	2.0023	2.2493	2.1225
ENSMUSG00000025373	0.0692	-0.2872	0.6227	-0.1903	0.0479	0.6123
ENSMUSG00000025401	-0.8513	-0.4276	0.3222	-0.4499	0.0562	0.2486
ENSMUSG00000025409	0.4799	0.1833	-0.2522	0.2180	-0.0646	-0.1500
ENSMUSG00000025477	0.0375	0.5499	0.1562	-0.2826	-0.1721	-0.1225
ENSMUSG00000025487	-0.3354	0.5438	-0.2334	-0.1460	0.2571	-0.5453
ENSMUSG00000025508	-1.2121	-1.5730	-1.6469	-1.8947	-2.4927	-2.5876
ENSMUSG00000025515	0.3325	0.2631	0.0731	0.0996	0.1439	0.3231
ENSMUSG00000025519	-0.2675	-0.3505	-0.2008	-0.2526	0.4230	-0.7595
ENSMUSG00000025551	0.1932	0.5050	-0.1978	-0.0233	-0.5476	0.2327
ENSMUSG00000025557	0.1338	-0.2542	-0.3964	0.5383	-0.2484	0.4184
ENSMUSG00000025580	-0.0633	-0.3354	0.5058	0.1342	0.6230	0.5266
ENSMUSG00000025588	-0.2597	-0.1753	0.4515	0.2320	-0.0401	-0.0012
ENSMUSG00000025608	0.2347	-0.4694	0.2688	-0.2638	0.7081	-0.6359
ENSMUSG00000025648	0.7098	-0.3111	-0.3501	-0.1312	0.2560	0.1275
ENSMUSG00000025665	0.5047	-0.0637	0.0889	-0.6705	-0.2633	-0.0817
ENSMUSG00000025791	0.1770	-0.5219	0.2710	0.1806	-0.1611	-0.2964
ENSMUSG00000025792	-0.4111	-0.0924	-0.6874	0.0807	0.2810	0.1652
ENSMUSG00000025793	-0.1871	0.1478	0.2580	-0.2377	0.2867	0.4056
ENSMUSG00000025794	0.6405	1.8144	1.4208	1.7566	2.7311	2.8101
ENSMUSG00000025812	-0.3505	-0.5569	0.3896	0.2865	-0.0078	0.1149
ENSMUSG00000025817	-0.1535	-0.1881	-0.0807	0.4048	0.4815	-0.0043
ENSMUSG00000025823	-0.1557	0.4360	0.1937	-0.2798	-0.1891	0.2059
ENSMUSG00000025862	0.3037	-0.0260	-0.0577	-0.7220	-0.4114	0.1931
ENSMUSG00000025880	0.3303	-0.0027	0.0835	-0.0507	-0.2701	0.3882
ENSMUSG00000025889	0.4535	-0.2349	-0.3389	0.1126	-0.1241	0.2957
ENSMUSG00000025892	0.0093	0.0196	-0.0286	0.4664	0.0967	0.0416
ENSMUSG00000025931	-0.4356	0.7072	0.5810	-0.1800	-0.0576	0.3911
ENSMUSG00000025958	-0.6155	0.1847	-0.2202	0.5255	0.2256	-0.3452
ENSMUSG00000025991	0.6852	0.6558	0.6993	-0.2074	0.0655	0.6017
ENSMUSG00000025993	-0.1452	-0.2194	-0.0012	-0.4693	0.0755	-0.2408
ENSMUSG00000026000	0.4323	-0.1074	-0.2064	0.0301	-0.2148	0.1370
ENSMUSG00000026020	-0.0532	-0.6627	0.4684	-0.5778	-0.5755	-0.7150
ENSMUSG00000026069	0.0741	-0.3882	-0.0403	-0.1848	0.4669	-0.5370
ENSMUSG00000026074	0.2121	0.3512	0.0808	0.1240	0.1641	0.4433
ENSMUSG00000026080	1.1954	0.9176	1.8883	1.9966	2.7432	2.8196
ENSMUSG00000026087	1.1678	1.6714	1.1700	2.4774	2.0960	2.0397
ENSMUSG00000026112	-0.4718	0.3708	-0.3866	-0.0233	0.1015	0.1334
ENSMUSG00000026114	0.6880	0.4965	0.4483	-0.3156	-0.3948	-0.0638
ENSMUSG00000026121	0.0804	0.5292	0.0375	0.3233	0.0191	-0.5475
ENSMUSG00000026134	-0.1026	-0.1345	-0.2120	-0.4553	-0.8629	-0.3004
ENSMUSG00000026141	0.2529	-0.4293	-0.1446	0.3931	0.1140	-0.2760
ENSMUSG00000026155	-0.2238	-0.5486	-0.3603	-0.0917	0.3471	0.8255
ENSMUSG00000026156	0.7626	1.8851	1.3886	2.3409	1.9120	2.0677
ENSMUSG00000026166	-0.3166	0.0872	0.3503	-0.4643	0.3801	0.2001
ENSMUSG00000026170	0.4026	0.3423	0.2957	0.0220	0.2686	0.0499
ENSMUSG00000026193	0.4974	-0.1440	0.1983	0.3822	0.2717	-0.0239
ENSMUSG00000026202	-0.0117	0.6346	-0.1590	0.1747	-1.0379	0.0655
ENSMUSG00000026208	-0.1382	0.7385	0.1226	0.4200	-0.0443	0.2436
ENSMUSG00000026229	-0.0200	0.1176	0.2218	-0.5845	0.2186	-0.4229
ENSMUSG00000026239	0.3276	0.2331	0.1166	-0.0260	-0.1624	-0.0937
ENSMUSG00000026245	0.4331	-0.0651	0.4058	-0.5797	0.0305	-0.1414
ENSMUSG00000026254	0.2720	0.0132	-0.0828	0.5497	-0.0057	0.2913
ENSMUSG00000026259	0.2291	0.5227	-0.2287	-0.3227	0.4114	0.4319
ENSMUSG00000026260	0.1518	-0.3180	-0.3578	0.0666	0.0606	0.3476
ENSMUSG00000026271	-0.5418	0.2506	-0.2640	-0.1581	-0.4100	0.4864
ENSMUSG00000026276	0.4110	0.3987	0.2936	-0.4830	-0.1503	0.1984
ENSMUSG00000026289	-0.0152	-0.2754	0.0132	0.1336	0.2232	-0.1107
ENSMUSG00000026321	-0.1453	0.0014	-0.2883	-0.3913	0.1387	-0.1099
ENSMUSG00000026368	-1.1996	-0.4899	-0.8084	-1.2770	-1.5589	-0.7180
ENSMUSG00000026385	-0.1424	0.0084	0.5128	0.4359	-0.0866	-0.1512
ENSMUSG00000026390	-0.2300	-0.2571	0.1946	-0.2085	0.2578	0.6162
ENSMUSG00000026401	-0.1099	-0.2621	-0.6654	0.0144	0.5726	-0.0037
ENSMUSG00000026409	-0.2557	-0.1938	-0.1623	0.3221	0.6370	-0.3051
ENSMUSG00000026421	0.5650	0.2618	0.2210	0.2782	0.0118	-0.5704
ENSMUSG00000026425	0.4339	0.0382	0.2612	0.2320	-0.1433	-0.5606
ENSMUSG00000026439	-0.0953	-0.2031	-0.3810	-0.0312	0.0949	0.1409
ENSMUSG00000026450	0.3013	-0.3048	0.0516	-0.4531	-0.0988	0.5357
ENSMUSG00000026479	-0.0908	-0.0395	0.3495	0.0553	-0.3229	-0.1634
ENSMUSG00000026509	0.5050	0.1831	-0.6636	-0.5268	0.0978	-0.1259
ENSMUSG00000026520	-0.1419	0.1022	0.4276	0.0877	0.3231	-0.4405
ENSMUSG00000026558	-0.0185	0.1643	-0.1783	0.3457	-0.0813	-0.2958
ENSMUSG00000026567	-0.5126	0.8404	-0.0004	0.2853	-0.0239	-0.2378
ENSMUSG00000026568	-0.1582	0.1390	0.3718	0.4092	-0.2540	-0.5935
ENSMUSG00000026602	-0.0922	-0.0916	0.2191	-0.1686	-0.0676	0.1716
ENSMUSG00000026615	1.2738	1.6505	1.6189	1.5305	3.0055	1.9321
ENSMUSG00000026618	1.4574	1.2714	1.7297	2.0513	2.2580	2.4209
ENSMUSG00000026630	-0.2153	0.0074	0.3049	0.6944	0.6485	-0.1300
ENSMUSG00000026648	0.2490	-0.3713	0.1205	0.1321	-0.1601	0.3021
ENSMUSG00000026670	-0.3302	-0.2379	0.3955	0.2359	0.3431	0.4280
ENSMUSG00000026698	-0.4942	-0.0792	0.1219	0.0206	0.4812	0.1128
ENSMUSG00000026709	1.6469	1.0314	1.3816	1.8283	2.2380	2.3796
ENSMUSG00000026725	-0.1005	0.2346	-0.3200	-0.6669	-0.1788	-0.2807
ENSMUSG00000026726	-0.1842	0.1969	0.6629	-0.2143	0.2945	-0.7569
ENSMUSG00000026750	0.1469	0.4114	0.0210	0.2492	-0.1653	0.3731
ENSMUSG00000026766	1.4829	1.8123	2.0177	2.0115	2.0936	2.9141
ENSMUSG00000026771	0.3111	-0.0734	0.3641	-0.7851	-0.5221	0.0555
ENSMUSG00000026782	-0.2265	0.1790	0.1221	0.4890	0.2627	0.2141
ENSMUSG00000026798	-0.2720	-0.4595	-0.4609	-0.4367	0.3964	-0.2873
ENSMUSG00000026827	-0.3618	-0.1203	-0.0333	-0.0757	0.0601	-0.1656
ENSMUSG00000026837	0.2000	0.1227	0.0497	-0.1032	0.3080	-0.6287
ENSMUSG00000026853	0.0191	-0.4406	0.1221	0.5186	0.4732	0.0826
ENSMUSG00000026864	-0.5454	0.1359	-0.4970	0.2353	0.3485	-0.7347
ENSMUSG00000026873	-0.0969	-0.3337	-0.5563	0.4681	-0.2608	-0.2454
ENSMUSG00000026875	-0.1817	-0.1038	-0.3894	-0.2137	-0.1307	-0.6540
ENSMUSG00000026879	0.3125	-0.0786	-0.1113	0.3086	0.0785	-0.3705
ENSMUSG00000026930	-0.4628	-0.0354	-0.0596	0.2100	0.4648	-0.0355
ENSMUSG00000026981	0.1398	0.1782	-0.1059	0.1042	-0.6866	-0.0523
ENSMUSG00000026994	0.5265	0.1409	-0.2433	-0.2274	-0.5487	-0.1582
ENSMUSG00000026999	-0.2641	0.0484	-0.2687	0.1577	0.2664	-0.5108
ENSMUSG00000027004	-0.0396	0.0328	0.6944	0.7085	0.1235	-0.1118
ENSMUSG00000027009	-0.0273	0.2979	-0.5004	-0.1512	-0.3521	-0.1525
ENSMUSG00000027011	-0.3781	0.9540	-0.1597	-0.1124	0.2908	-0.4221
ENSMUSG00000027070	0.3974	-0.3475	-0.0432	0.1439	-0.0635	0.4056
ENSMUSG00000027071	-0.0761	-0.0715	-0.5996	-0.5641	-0.4089	-0.2543
ENSMUSG00000027078	0.3891	0.5405	0.1266	-0.1758	-0.0100	-0.1243
ENSMUSG00000027107	-0.0632	-0.4387	-0.4355	-0.3323	-0.7462	0.1608
ENSMUSG00000027120	0.2415	0.3010	0.3002	-0.0305	-0.5965	0.5215
ENSMUSG00000027133	-0.3312	-0.4448	0.1996	-0.3175	-0.1287	0.1960
ENSMUSG00000027177	-0.3879	0.7635	-0.1068	0.2586	0.3086	-0.9396
ENSMUSG00000027199	-0.4639	-0.0150	-0.3027	0.1694	-0.2041	-0.2028
ENSMUSG00000027248	0.1014	-0.1498	0.1088	0.2477	0.4986	0.5423
ENSMUSG00000027273	-0.2109	0.1985	0.6742	0.3713	-0.0497	0.0037
ENSMUSG00000027293	0.2460	-0.3027	0.0690	-0.1667	0.3379	0.1026
ENSMUSG00000027305	0.0096	0.7600	0.8865	0.5574	1.1391	2.3016
ENSMUSG00000027322	0.5877	-0.4987	-0.8161	-0.2990	-0.2330	-0.4099
ENSMUSG00000027332	-0.2149	0.9346	0.2437	0.5859	-0.0904	0.5634
ENSMUSG00000027333	-0.0130	0.1571	-0.2888	0.1607	0.0419	0.0721
ENSMUSG00000027339	0.2566	-0.2608	0.0915	-0.5173	0.2849	-0.5087
ENSMUSG00000027357	-0.1107	0.1327	-0.0385	0.4417	-0.0346	-0.0516
ENSMUSG00000027360	0.3236	-0.3129	-0.1555	0.0703	-0.0232	-0.1927
ENSMUSG00000027365	-0.2679	-0.4440	-0.3535	0.3628	-0.0091	-0.1028
ENSMUSG00000027374	-1.0378	-1.2847	-1.5357	-2.0430	-1.9216	-2.5302
ENSMUSG00000027379	0.1206	0.4475	-0.2165	-0.4610	0.1620	-0.0663
ENSMUSG00000027384	0.1822	0.5548	0.1098	-0.0320	0.0540	0.6463
ENSMUSG00000027398	-0.4282	0.2562	0.4793	-0.3938	0.1245	0.1996
ENSMUSG00000027401	-0.4119	0.5433	0.3450	0.0108	0.0950	-0.2632
ENSMUSG00000027411	0.0873	-0.4514	0.0946	-0.2228	0.3391	-0.0763
ENSMUSG00000027433	-0.1851	-0.3756	-0.2903	0.4490	-0.2330	0.3882
ENSMUSG00000027475	0.3987	-0.0642	0.1428	-0.0948	0.1134	-0.2151
ENSMUSG00000027509	0.3101	0.0192	-0.3344	-0.2027	-0.2406	-0.5033
ENSMUSG00000027566	0.2358	-0.1921	-0.4547	-0.2658	0.5165	0.0609
ENSMUSG00000027570	-0.6641	0.0923	0.3112	0.0788	-0.0560	0.2868
ENSMUSG00000027575	0.0202	-0.1161	0.0987	0.3534	-0.0272	-0.4288
ENSMUSG00000027584	-0.4676	0.0509	-0.5410	-0.2621	0.5049	0.0047
ENSMUSG00000027596	-0.3486	-0.2032	0.5433	0.3088	0.4703	-0.4206
ENSMUSG00000027597	-0.0031	0.1656	-0.1700	0.6078	-0.2263	-0.1202
ENSMUSG00000027602	0.1630	-0.4342	0.3882	-0.6850	0.0607	-0.2547
ENSMUSG00000027611	0.2902	1.2200	1.1887	1.1551	0.7056	1.7085
ENSMUSG00000027613	-0.7702	0.0273	0.1719	-0.2329	0.3943	0.7877
ENSMUSG00000027646	0.1704	0.1779	0.2021	0.6933	0.3432	-0.5012
ENSMUSG00000027663	0.4968	0.4766	-0.2097	-0.0037	0.0279	-0.3232
ENSMUSG00000027678	0.0470	-0.5260	0.1899	0.0248	-0.1626	-0.0018
ENSMUSG00000027690	0.1884	-0.2893	-0.0428	-0.1088	0.0264	-0.8067
ENSMUSG00000027718	-0.1389	0.4018	-0.5918	0.4195	-0.3852	-0.1342
ENSMUSG00000027737	0.5217	-0.2068	-0.1448	-0.2433	0.5087	-0.0928
ENSMUSG00000027748	0.6517	-0.4369	-0.5361	0.2435	-0.6177	0.4316
ENSMUSG00000027752	0.4355	-0.3351	0.2789	-0.1601	0.4949	0.5263
ENSMUSG00000027770	-0.2282	-0.8590	-0.5079	0.1722	-0.8153	-0.3390
ENSMUSG00000027776	0.5042	0.0229	0.2321	-0.0661	0.2553	-0.1379
ENSMUSG00000027854	-0.5762	-0.0687	-0.3487	-0.2439	-0.2243	0.4053
ENSMUSG00000027857	-1.0989	0.0593	0.0957	0.2859	-0.0161	0.0892
ENSMUSG00000027875	1.5219	1.5554	2.0401	2.0775	2.4774	2.2489
ENSMUSG00000027890	-0.1362	-0.0221	0.0828	0.1191	0.3188	-0.1095
ENSMUSG00000027908	0.3726	-0.6187	0.1989	0.1230	0.6708	0.2609
ENSMUSG00000027919	-0.5211	-0.8783	-0.0778	0.1422	0.1674	-0.8604
ENSMUSG00000027932	-0.2697	0.2371	-0.8470	0.2708	-0.1952	-0.4200
ENSMUSG00000027938	0.4099	-0.2529	0.0849	-0.0816	0.0689	0.3118
ENSMUSG00000027940	-0.2596	0.6809	0.0386	0.2455	-0.3826	-0.0546
ENSMUSG00000027952	1.2221	1.7314	1.6045	1.6883	1.7624	1.8467
ENSMUSG00000027984	-0.2944	-0.0551	-0.2591	0.1152	-0.3028	0.2199
ENSMUSG00000027985	-0.0647	-0.3218	0.0079	-0.4101	0.0120	0.0680
ENSMUSG00000027995	-0.6192	0.2427	-0.5432	-0.3101	0.3546	-0.0359
ENSMUSG00000028004	0.1734	-0.0687	0.1975	0.2740	-0.6177	-0.3044
ENSMUSG00000028010	0.2161	-0.0502	0.2219	0.2582	0.0330	-0.2652
ENSMUSG00000028011	0.1764	-0.4297	0.3419	-0.3152	-0.0999	-0.3907
ENSMUSG00000028017	0.4607	0.5865	-0.1407	-0.1015	-0.0944	0.2162
ENSMUSG00000028059	-0.2912	0.2930	-0.1346	-0.5446	0.0452	0.2817
ENSMUSG00000028063	0.6450	0.3415	0.3731	-0.4006	-0.0196	0.3139
ENSMUSG00000028081	-1.0392	-1.5539	-1.6361	-2.1191	-2.5731	-2.6890
ENSMUSG00000028085	1.7334	1.6878	1.9928	1.8877	2.2272	2.8427
ENSMUSG00000028086	0.0580	0.2328	0.3812	-0.2482	0.5622	-0.5055
ENSMUSG00000028088	0.1620	0.1974	0.0844	0.0765	0.3059	-0.1030
ENSMUSG00000028104	0.4890	0.2752	0.2146	0.3920	0.2093	0.8460
ENSMUSG00000028107	0.9478	1.8552	1.7899	2.6102	2.5726	2.2876
ENSMUSG00000028116	-0.0885	0.0587	0.0466	-0.4058	0.6942	-0.4639
ENSMUSG00000028138	0.0797	-0.0253	-0.1300	-0.1432	-0.1945	-0.2915
ENSMUSG00000028163	-0.3623	0.3747	0.2405	-0.1102	0.0938	0.1039
ENSMUSG00000028217	0.2802	0.0704	-0.5251	-0.1166	0.3150	-0.0787
ENSMUSG00000028234	0.7478	1.5336	0.9513	1.7420	2.2278	2.5763
ENSMUSG00000028292	0.7805	1.4087	1.9061	1.8763	2.1546	2.8668
ENSMUSG00000028300	0.3866	-0.5374	-0.3943	-0.3904	0.4004	-0.3151
ENSMUSG00000028310	-0.1301	0.3468	0.2955	0.0880	0.3686	0.2510
ENSMUSG00000028322	-0.1005	-0.0214	-0.3831	-0.2351	0.1919	0.3793
ENSMUSG00000028357	0.1840	-0.2049	0.2420	0.0452	0.5399	-0.0983
ENSMUSG00000028381	-0.1194	-0.7825	-0.2802	-0.1785	0.1391	0.5146
ENSMUSG00000028399	-0.4703	0.2501	-0.7348	0.3024	-0.3308	0.3758
ENSMUSG00000028402	-0.3663	-0.3893	0.1819	0.0317	-0.1798	0.0340
ENSMUSG00000028405	-0.1532	-0.3517	0.0672	-0.5707	0.7825	0.1636
ENSMUSG00000028411	1.0367	0.7975	0.1268	0.9959	1.0717	1.5997
ENSMUSG00000028413	1.3616	1.7946	1.7869	2.0010	1.4857	3.0583
ENSMUSG00000028414	-1.4736	-2.1689	-2.5555	-1.3984	-2.4351	-2.4015
ENSMUSG00000028426	0.0218	-0.4774	0.5364	-0.5529	0.7408	0.0414
ENSMUSG00000028427	0.3990	0.0744	0.0517	-0.2859	-0.5513	-0.1178
ENSMUSG00000028430	-0.1379	0.2148	-0.1986	-0.1733	0.3464	0.5581
ENSMUSG00000028434	-0.3252	-0.6188	-1.0569	-1.0189	-1.2146	-1.1369
ENSMUSG00000028496	0.1757	0.0786	0.0217	-0.5390	-0.1452	0.5973
ENSMUSG00000028497	0.0488	0.6640	1.2932	0.9242	1.3057	1.1044
ENSMUSG00000028530	-0.4219	0.3206	-0.3259	0.0895	-0.0856	0.1586
ENSMUSG00000028538	1.3407	1.4346	1.6175	2.5013	2.5433	2.8621
ENSMUSG00000028541	0.8448	1.7967	1.7567	2.1912	1.9503	2.2615
ENSMUSG00000028558	-0.4404	-0.9443	-1.1138	-0.8799	-1.3924	-0.8490
ENSMUSG00000028560	-0.6532	-0.7619	-0.4816	-0.9042	-1.1447	-1.0004
ENSMUSG00000028577	-0.1724	0.3511	-1.0187	0.1068	0.4609	-0.2795
ENSMUSG00000028580	0.4512	0.1157	0.5225	-0.0602	-0.6535	-0.3625
ENSMUSG00000028614	-0.5683	-0.1514	0.2294	-0.2385	-0.4887	-0.1236
ENSMUSG00000028621	0.1073	0.5261	0.4453	0.1260	0.3047	-0.2481
ENSMUSG00000028622	1.7817	0.8529	1.3368	1.2415	1.4451	2.4970
ENSMUSG00000028633	0.8022	-0.3708	-0.3925	-0.1466	-0.2303	-0.0176
ENSMUSG00000028645	0.3726	-0.4505	0.1932	0.1080	-0.1413	0.7197
ENSMUSG00000028670	-0.3913	-0.4162	0.6560	-0.1053	-0.3809	0.3485
ENSMUSG00000028672	0.3644	0.7997	0.0391	-0.5285	0.4845	0.1693
ENSMUSG00000028678	-0.0266	-0.2786	0.3720	-0.0694	0.4401	-0.1128
ENSMUSG00000028681	0.9783	0.2181	0.5210	0.0565	-0.5896	-0.0264
ENSMUSG00000028700	-0.2275	-0.1671	0.2879	-0.2849	0.6683	0.3446
ENSMUSG00000028708	0.0803	0.3567	0.1343	-0.0916	-0.3547	-0.3371
ENSMUSG00000028712	0.4904	-0.1182	0.4300	-0.3882	-0.1323	-0.5238
ENSMUSG00000028747	0.0902	-0.0676	0.3506	-0.2350	-0.6245	-0.0269
ENSMUSG00000028749	0.0177	0.0302	-0.4234	0.0026	-0.1194	0.1308
ENSMUSG00000028758	-0.0783	0.0590	-0.0116	-0.9838	-0.4659	0.6562
ENSMUSG00000028789	0.2481	0.3091	-0.2557	-0.2698	-0.0237	0.1096
ENSMUSG00000028811	-1.0060	-0.8042	-1.4720	-1.0820	-2.0006	-2.4410
ENSMUSG00000028838	-0.0072	0.6529	-0.5482	0.6936	0.0578	-0.6397
ENSMUSG00000028861	0.7809	1.5498	1.9534	2.1519	2.3602	1.5247
ENSMUSG00000028863	0.1382	-0.2642	-0.4847	-0.2404	-0.3808	-0.1972
ENSMUSG00000028864	0.5182	1.1328	0.8452	0.5811	1.9334	1.2946
ENSMUSG00000028869	-0.0651	-0.3190	-0.1005	0.1326	0.0452	0.5010
ENSMUSG00000028894	-0.3910	0.1117	0.5303	1.0158	1.5418	1.2416
ENSMUSG00000028910	0.1735	0.1422	-0.3864	0.1899	-0.0895	-0.0847
ENSMUSG00000028927	-0.2792	0.2189	0.2815	0.5240	-0.1482	0.2108
ENSMUSG00000028936	1.7242	1.3913	1.3643	1.8873	2.5909	2.3418
ENSMUSG00000028946	-0.0818	-0.3055	0.1164	-0.0702	-0.0348	0.3179
ENSMUSG00000028950	0.2432	0.2562	-0.3334	-0.3171	0.2475	-0.2987
ENSMUSG00000028965	0.2020	-0.2626	-0.1359	-0.0892	-0.2852	-0.0696
ENSMUSG00000028970	-0.3757	-0.0227	-0.1229	0.0431	0.1315	0.5091
ENSMUSG00000028972	0.1640	-0.5565	0.3926	-0.3083	0.0411	-0.1488
ENSMUSG00000028974	0.4248	-0.2965	-0.4761	0.6991	0.0548	-0.3949
ENSMUSG00000028979	0.3659	0.2623	-0.0396	0.0419	-0.1293	-0.3120
ENSMUSG00000029019	-0.9827	-0.6854	-1.2374	-1.1574	-0.8895	-1.5008
ENSMUSG00000029055	-0.2231	-0.3779	-0.0542	0.0655	0.3812	0.0843
ENSMUSG00000029059	-0.3057	0.6190	-0.2468	-0.1041	0.4452	0.4363
ENSMUSG00000029084	-0.4650	0.0349	0.1253	0.2206	-0.1835	-0.5569
ENSMUSG00000029108	-0.0746	-0.1298	0.1201	-0.0403	0.4778	0.1528
ENSMUSG00000029125	-0.1440	0.3987	-0.4176	-0.2096	0.6202	-0.1699
ENSMUSG00000029135	-0.0417	0.3352	0.0245	-0.3932	0.3399	-0.5693
ENSMUSG00000029173	-1.5383	-1.8409	-1.5528	-1.8683	-2.2561	-2.7743
ENSMUSG00000029186	-0.0006	0.2786	-0.2288	0.3447	-0.0468	0.3460
ENSMUSG00000029203	-0.1246	-0.2180	-0.0619	0.1217	0.3858	0.7850
ENSMUSG00000029211	-0.2422	-0.2256	0.0709	0.1922	-0.1988	0.1473
ENSMUSG00000029212	-0.3146	0.0851	0.4254	0.3431	-0.3438	-0.1995
ENSMUSG00000029217	0.9661	0.1246	-0.2534	0.1324	0.2328	-0.0820
ENSMUSG00000029231	0.2787	0.6445	-0.2054	0.0574	0.3891	-0.0501
ENSMUSG00000029236	0.0709	0.8068	-0.2282	0.2870	-0.3818	-0.4590
ENSMUSG00000029268	0.2032	0.0806	-0.3460	-0.0349	-0.2336	-0.0243
ENSMUSG00000029299	-0.0639	0.1089	-0.0257	-0.3951	-0.4500	0.2504
ENSMUSG00000029306	-0.6828	-0.4223	-0.3014	0.1947	0.5896	0.2781
ENSMUSG00000029330	-0.4903	-0.0682	0.4705	0.2001	0.2954	0.0328
ENSMUSG00000029334	-0.0264	-0.0462	-0.1741	-0.1280	-0.1496	0.2028
ENSMUSG00000029337	-0.4082	0.3123	0.2191	0.4618	-0.0218	0.3708
ENSMUSG00000029338	0.0673	0.1869	-0.0989	-0.0461	-0.0506	-0.2169
ENSMUSG00000029370	0.0011	0.3676	0.2776	-0.2100	0.1501	-0.2546
ENSMUSG00000029371	0.1445	0.0523	0.0828	0.1878	-0.1647	0.3992
ENSMUSG00000029394	0.3933	-0.3409	-0.3797	0.0919	0.1926	-0.5418
ENSMUSG00000029426	-0.0582	0.4412	0.1301	0.0183	-0.2588	0.2822
ENSMUSG00000029433	-0.0515	-0.2852	0.3415	0.1481	0.2989	1.0331
ENSMUSG00000029436	0.5566	0.3524	-0.2345	-0.2574	0.1980	0.1050
ENSMUSG00000029437	0.0751	0.1286	0.1136	0.4002	0.0625	-0.1548
ENSMUSG00000029445	0.1412	0.0249	0.2238	0.0237	-0.2618	0.3223
ENSMUSG00000029455	-0.0484	0.0047	0.0579	0.2499	-0.1070	0.1162
ENSMUSG00000029471	-0.1506	-0.2698	-0.0204	-0.7446	0.0027	-0.0877
ENSMUSG00000029486	0.8112	1.4083	1.3929	2.0689	2.3363	2.5471
ENSMUSG00000029512	0.5123	0.1853	0.3473	-0.3220	-0.6814	0.1289
ENSMUSG00000029521	-0.2874	-0.5330	-0.1050	0.0478	-0.2607	0.1711
ENSMUSG00000029538	0.3441	-0.1703	0.0491	0.0027	0.0918	-0.0055
ENSMUSG00000029545	0.5409	0.1301	0.5089	0.7155	-0.3579	0.3598
ENSMUSG00000029575	0.8553	1.6574	1.3383	2.0160	2.6677	2.2550
ENSMUSG00000029577	-0.1279	-0.0830	-0.2843	-0.2849	0.3338	-0.4658
ENSMUSG00000029603	-0.1123	-0.2122	0.5017	0.0584	0.2263	0.3412
ENSMUSG00000029614	-1.2978	-1.4930	-2.0109	-2.2463	-2.6945	-3.0633
ENSMUSG00000029622	-0.3167	0.0438	0.5928	-0.4267	0.0890	0.0599
ENSMUSG00000029625	-0.0873	0.0159	-0.2663	0.6371	0.4598	0.4633
ENSMUSG00000029647	0.2177	-0.2297	0.4891	0.2547	-0.2849	0.2932
ENSMUSG00000029678	-0.3853	0.5947	-0.0930	-0.1056	0.4321	-0.7841
ENSMUSG00000029680	-0.1902	-0.0563	0.1772	-0.1111	-0.7560	-0.6754
ENSMUSG00000029684	-0.6935	0.2301	-0.4187	0.7213	0.0762	-0.2982
ENSMUSG00000029711	-0.9273	-0.8965	-0.4506	-1.2757	-1.4966	-1.6359
ENSMUSG00000029712	-0.0973	-0.3232	0.0195	0.4129	0.2608	0.1881
ENSMUSG00000029716	-0.1858	-0.2301	0.0458	-0.5920	0.0565	-0.1158
ENSMUSG00000029755	0.4237	0.1681	0.1782	0.2205	-0.0880	0.1303
ENSMUSG00000029763	-0.4051	0.0328	-0.7017	0.1017	0.1085	0.0284
ENSMUSG00000029772	0.2188	0.7117	0.3028	-0.3471	-0.4331	0.4763
ENSMUSG00000029776	0.4457	-0.0339	-0.7348	0.0046	0.4685	-0.2659
ENSMUSG00000029777	1.7160	1.0433	1.7860	1.7943	1.9940	2.3712
ENSMUSG00000029778	0.1263	-0.0543	-0.4785	-0.3388	0.0801	0.1125
ENSMUSG00000029821	-0.1082	0.2941	0.5128	0.2079	-0.5087	-0.1476
ENSMUSG00000029911	0.0359	-0.8334	-0.2377	-0.3122	0.2755	0.1602
ENSMUSG00000029918	0.7378	1.0056	1.5396	2.2232	2.6134	2.1139
ENSMUSG00000029919	-0.2025	0.0905	-0.7989	-0.0290	-0.0423	-0.2101
ENSMUSG00000029925	-0.1534	0.3673	0.2236	-0.4116	0.6667	0.2819
ENSMUSG00000029992	0.4645	-0.2221	-0.2248	-0.0907	-0.2853	0.0815
ENSMUSG00000029998	-1.1769	-1.2614	-1.8338	-1.7151	-1.7746	-2.3545
ENSMUSG00000030034	0.1821	0.2328	-0.1111	-0.1488	0.1738	-0.0459
ENSMUSG00000030037	-2.1128	-1.8498	-2.1119	-2.6981	-3.2800	-2.2197
ENSMUSG00000030045	0.8587	1.2366	2.5496	1.2182	2.3769	2.1768
ENSMUSG00000030056	0.0133	-0.3698	-0.4406	0.1647	0.1092	-0.4673
ENSMUSG00000030108	-0.3718	0.6647	0.1622	-0.2150	0.1391	-0.3065
ENSMUSG00000030110	-0.0780	0.0189	-0.2079	0.3862	0.1672	-0.0606
ENSMUSG00000030165	0.5832	0.1705	-0.1727	0.0299	-0.0941	-0.2778
ENSMUSG00000030166	-0.2107	-0.3210	-0.2844	0.0571	0.2029	0.0148
ENSMUSG00000030168	0.1578	0.0093	-0.3959	-0.8959	0.6514	0.6408
ENSMUSG00000030189	0.3096	-0.2501	-0.2197	0.5177	0.2726	0.6000
ENSMUSG00000030209	-0.1292	-0.0989	-0.1009	0.5643	-0.3184	-0.1923
ENSMUSG00000030220	0.0656	-0.2378	-0.1066	-0.1229	0.0555	0.3900
ENSMUSG00000030225	0.0684	-0.0052	-0.1241	-0.0342	0.2076	0.3225
ENSMUSG00000030230	-0.1086	0.6779	0.7333	-0.1589	0.2047	-0.2469
ENSMUSG00000030249	-0.0300	-0.7986	0.0211	0.2355	-0.0871	0.1038
ENSMUSG00000030256	0.2160	0.2154	0.5115	0.1191	0.1431	0.3136
ENSMUSG00000030268	-0.1828	-0.2690	0.3311	-0.2629	-0.2827	0.3507
ENSMUSG00000030278	-0.0888	-0.4772	-0.1265	-0.5499	-0.2165	0.0135
ENSMUSG00000030282	0.2086	-0.1452	0.0693	0.5694	0.2955	0.1562
ENSMUSG00000030283	0.0027	-0.2477	-0.5034	0.2043	-0.0481	-0.2086
ENSMUSG00000030302	0.0218	-0.0647	-0.5234	0.3596	-0.1901	0.0640
ENSMUSG00000030303	0.0751	-0.0450	0.0079	0.2471	0.0004	-0.2348
ENSMUSG00000030335	1.5498	1.2990	2.1436	1.8013	2.5825	2.2693
ENSMUSG00000030364	-0.3078	-0.3617	0.0821	0.1951	0.0406	0.0805
ENSMUSG00000030423	-0.0093	-0.2363	-0.1415	-0.4017	-0.3416	0.9398
ENSMUSG00000030432	1.2669	1.8779	2.1154	1.8478	2.1379	2.6806
ENSMUSG00000030435	-0.5141	-0.4655	-0.1949	0.1226	-0.1516	-0.3427
ENSMUSG00000030447	-0.3023	-0.2551	0.4807	-0.0539	0.0565	0.2151
ENSMUSG00000030468	-0.4320	0.6633	0.4846	0.5124	-0.2753	0.0751
ENSMUSG00000030493	-0.3660	0.0049	-0.4646	0.2534	-0.1123	-0.3321
ENSMUSG00000030515	-0.3246	0.1429	-0.6051	-0.2258	0.6569	0.0936
ENSMUSG00000030539	-0.2844	-0.1628	-0.2336	-0.1133	-0.1391	0.0184
ENSMUSG00000030541	0.1096	-0.2048	0.1275	0.1378	-0.7275	0.2925
ENSMUSG00000030583	-0.0625	-0.0094	0.4505	0.1777	0.2043	-0.7883
ENSMUSG00000030602	-0.2246	0.0655	0.3160	-0.7634	-0.3452	-0.2074
ENSMUSG00000030603	-0.4801	-0.2434	-0.3202	0.0613	-0.1373	-0.0887
ENSMUSG00000030610	-0.5654	0.0272	0.1491	0.4395	-0.1616	0.0387
ENSMUSG00000030611	0.7663	1.5314	1.6620	2.3661	2.2988	2.4085
ENSMUSG00000030619	0.5130	-0.0772	0.2854	0.4706	-0.0043	-0.2502
ENSMUSG00000030653	0.5101	0.2622	-0.0674	-0.0326	0.4919	0.0304
ENSMUSG00000030657	0.5021	1.1521	1.8526	1.8776	2.1279	2.5891
ENSMUSG00000030672	0.3949	-0.3594	-0.1538	-0.1825	-0.5396	0.1950
ENSMUSG00000030677	-0.0033	-0.1325	-0.5732	-0.5481	0.4611	0.5688
ENSMUSG00000030697	-0.1064	-0.3541	-0.0234	0.1050	-0.0780	-0.0416
ENSMUSG00000030706	-1.4671	-1.2226	-1.8511	-1.7888	-2.4377	-2.9275
ENSMUSG00000030707	0.6780	0.2581	0.3048	0.1506	-0.4053	0.3053
ENSMUSG00000030729	-0.0235	0.2714	0.5565	-0.0754	-0.2704	-0.3501
ENSMUSG00000030730	-0.0412	0.0000	-0.0922	-0.0365	0.6712	-0.1577
ENSMUSG00000030737	0.0966	0.0959	-0.0027	0.0222	0.0338	0.0636
ENSMUSG00000030739	0.5444	0.3898	-0.1404	0.2220	-0.0115	0.1621
ENSMUSG00000030744	1.1770	1.4058	2.2250	2.3344	1.9413	2.5235
ENSMUSG00000030751	0.6792	-0.0638	-0.2955	0.0893	-0.1395	0.3468
ENSMUSG00000030774	0.0062	0.5219	-0.3030	-0.5405	0.0874	0.8118
ENSMUSG00000030795	-0.1656	-0.2903	0.1723	0.0207	0.7724	0.0082
ENSMUSG00000030798	0.2205	0.1647	0.0802	0.1320	0.4571	0.6435
ENSMUSG00000030806	-0.5190	0.2273	-0.8450	-0.6045	-0.0358	-0.1583
ENSMUSG00000030842	-0.1297	-0.4820	-0.1696	0.1629	-0.1585	0.2997
ENSMUSG00000030868	0.3128	-0.0747	0.1331	-0.3453	0.0176	0.1453
ENSMUSG00000030871	1.1877	1.5352	2.0131	2.0162	1.8101	2.3523
ENSMUSG00000030879	1.0134	1.3230	1.4356	1.7155	2.1883	2.7006
ENSMUSG00000030894	0.1596	0.7107	0.0790	0.0506	-0.1351	0.1673
ENSMUSG00000030945	0.4517	0.0038	-0.1307	-0.2748	0.2980	-0.1680
ENSMUSG00000030972	-0.2349	-0.1683	-0.2753	-0.5150	-0.3155	-0.0639
ENSMUSG00000030978	0.3664	0.5765	0.2074	-0.3001	-0.0025	0.3090
ENSMUSG00000031073	0.4020	-0.0921	-0.1407	-0.6900	0.0637	-0.5241
ENSMUSG00000031078	0.4456	-0.1787	0.2060	0.6197	0.0724	0.2402
ENSMUSG00000031119	-0.3030	0.0561	-0.3824	0.5256	-0.1239	-0.0453
ENSMUSG00000031133	0.6953	0.1466	0.4788	0.2478	-0.6313	-0.2496
ENSMUSG00000031200	0.0649	-0.6664	-0.0236	0.3111	0.1466	0.1611
ENSMUSG00000031217	-0.2811	0.3847	0.0115	-0.2213	-0.2237	0.0726
ENSMUSG00000031220	-0.3903	-0.0973	0.1947	-0.5411	0.2427	0.5417
ENSMUSG00000031221	-0.0335	0.4822	-0.1502	-0.2552	-0.4028	-0.3469
ENSMUSG00000031256	-0.8784	0.2747	-0.3043	-0.1116	-0.6097	0.8332
ENSMUSG00000031264	0.4260	-0.2356	-0.3130	0.7785	-0.4496	-0.3173
ENSMUSG00000031289	0.0079	0.6029	-0.3234	-0.0489	-0.0108	-0.1585
ENSMUSG00000031299	-0.0117	0.5135	0.2660	0.2698	0.3733	-0.1217
ENSMUSG00000031304	-0.2060	-0.4141	0.1085	0.3865	-0.4667	0.2327
ENSMUSG00000031320	1.7003	1.5168	1.6472	2.2410	1.7915	1.9163
ENSMUSG00000031328	0.1759	0.6043	-0.0509	-0.4724	0.2343	-0.5258
ENSMUSG00000031343	0.4140	-0.4208	-0.4399	0.0716	0.5063	0.3082
ENSMUSG00000031367	-0.3279	0.1497	0.1486	-0.0495	0.1635	0.2981
ENSMUSG00000031378	0.0357	0.0350	-0.2723	0.2060	-0.0680	-0.0329
ENSMUSG00000031383	-0.1014	-0.6885	-0.3979	0.2657	0.5902	-0.4329
ENSMUSG00000031403	-0.5703	-0.2807	0.4821	-1.1683	-0.0606	0.1029
ENSMUSG00000031422	-0.5371	0.1290	-0.1832	-0.2229	-0.0850	-0.0745
ENSMUSG00000031424	-0.0105	0.6476	-0.2820	0.4599	0.3563	-0.0112
ENSMUSG00000031447	-0.3239	0.2954	-0.2079	-0.6290	0.1410	-0.7424
ENSMUSG00000031451	0.0631	0.1486	-0.0538	0.0713	0.5040	0.4476
ENSMUSG00000031465	0.5844	-0.1716	-0.0435	-0.4777	0.7116	-0.1398
ENSMUSG00000031488	-0.3010	0.1975	0.4507	-0.2832	0.0065	-0.5107
ENSMUSG00000031490	-0.1597	0.3083	-0.4554	-0.0169	0.4599	-0.0999
ENSMUSG00000031491	0.3635	0.0134	0.1633	-0.5487	-0.2718	0.3022
ENSMUSG00000031492	0.4409	0.1334	-0.6689	0.3293	-0.3402	0.2774
ENSMUSG00000031503	-0.6180	0.1209	-0.3119	-0.0049	0.3681	-0.2688
ENSMUSG00000031530	0.4524	0.2140	-0.7452	-0.4405	-0.2388	0.6493
ENSMUSG00000031533	1.3278	1.8695	1.5034	2.2404	2.4766	2.1530
ENSMUSG00000031539	-0.2600	0.5790	0.3972	0.3623	-0.4951	-0.9348
ENSMUSG00000031548	-0.3129	0.3159	-0.1412	0.9796	0.1851	-0.0937
ENSMUSG00000031558	-0.3794	0.0452	0.2527	0.1966	0.2176	-0.4118
ENSMUSG00000031562	-0.0975	0.0865	-0.3483	-0.4398	-0.4218	0.8663
ENSMUSG00000031565	0.2728	0.9909	1.1209	1.2258	0.9364	0.7222
ENSMUSG00000031585	0.3452	0.2872	-0.0882	0.3554	0.3120	0.5483
ENSMUSG00000031591	-0.0405	0.0850	-0.2665	-0.4260	-0.4178	-0.4720
ENSMUSG00000031600	0.1169	-0.1972	0.2588	-0.5880	0.0214	-0.1880
ENSMUSG00000031613	0.1075	0.4067	0.4118	-0.6970	0.2809	-0.4146
ENSMUSG00000031639	-0.2392	-0.0935	-0.3919	-0.7209	0.2403	-0.1772
ENSMUSG00000031641	0.1332	-0.1244	0.3559	0.1039	-0.0614	0.0875
ENSMUSG00000031666	0.6221	-0.3507	0.0342	-0.3432	0.4395	0.1715
ENSMUSG00000031701	0.6801	0.4751	0.6533	0.9307	1.2143	1.3694
ENSMUSG00000031708	0.1345	0.2576	-0.2908	-0.3824	0.1022	-0.3445
ENSMUSG00000031710	0.1658	-0.3533	-0.0906	-0.3132	-0.0799	-0.2394
ENSMUSG00000031714	0.1323	-0.0248	-0.4998	0.0603	-0.3136	-0.2250
ENSMUSG00000031762	0.2844	-0.0131	-1.0294	0.4149	0.2694	0.1949
ENSMUSG00000031770	-0.7606	-0.3413	-0.2088	-0.5664	-0.1739	0.0575
ENSMUSG00000031778	-0.4290	-0.1641	-0.1101	-0.0258	0.1469	0.1393
ENSMUSG00000031779	-0.3108	-0.1259	0.3432	-0.0564	-0.4693	0.1463
ENSMUSG00000031789	-0.0292	-0.1777	0.4991	0.7009	0.5385	-0.2807
ENSMUSG00000031803	-0.1137	0.2818	0.3121	-0.6144	0.0013	0.5419
ENSMUSG00000031805	0.3300	0.0947	-0.3327	-0.3456	-0.6904	0.0106
ENSMUSG00000031812	-0.7269	-0.3627	0.2006	-0.7441	-0.2612	0.0002
ENSMUSG00000031834	-0.3466	-0.2230	-0.6645	-0.0427	-0.4471	0.4276
ENSMUSG00000031838	-0.1648	-0.0594	-0.1231	0.2377	-0.0171	-0.2294
ENSMUSG00000031858	0.3143	0.0815	-0.0199	-0.3348	0.0008	0.0678
ENSMUSG00000031871	0.2294	0.4258	0.4592	-0.9001	-0.2004	-0.3379
ENSMUSG00000031872	-0.5428	0.1757	0.0285	0.0814	-0.0124	-0.3135
ENSMUSG00000031883	-0.3111	0.2719	0.2071	-0.2793	-0.3156	-0.3407
ENSMUSG00000031896	0.3259	-0.4526	0.3168	0.3323	0.3313	0.0561
ENSMUSG00000031902	-0.2319	-0.5507	0.0899	-0.1023	-0.2741	-0.2076
ENSMUSG00000031925	-0.4416	-0.3174	-0.6265	0.4034	-0.1590	0.0336
ENSMUSG00000031930	0.0093	-0.3815	0.5086	-0.3236	-0.7816	0.6517
ENSMUSG00000031960	-1.9270	-1.7596	-1.2559	-1.8010	-2.6192	-2.3912
ENSMUSG00000031969	0.3240	0.6176	0.3122	-0.1046	-0.0248	0.2954
ENSMUSG00000031972	0.0503	0.1183	-0.2245	-0.0567	0.2546	-0.0103
ENSMUSG00000031997	-0.2359	0.0267	0.2648	0.4366	-0.0267	-0.2869
ENSMUSG00000032018	-0.2501	0.4265	-0.5453	0.2498	-0.1840	-0.7162
ENSMUSG00000032026	-0.5059	-0.4268	-0.1069	0.1714	-0.2640	0.3146
ENSMUSG00000032030	0.4196	0.2428	0.2701	0.2256	-0.1840	0.0565
ENSMUSG00000032047	0.9348	1.3502	1.9301	2.0558	1.6283	2.5648
ENSMUSG00000032056	0.0499	-0.2459	0.0515	-0.2890	-0.0318	0.5288
ENSMUSG00000032076	0.5788	-0.3214	-0.2219	0.3816	0.4081	0.1906
ENSMUSG00000032081	-0.1480	0.2222	0.3825	-0.3606	0.2983	-0.2675
ENSMUSG00000032123	-0.7046	-0.2899	-0.5466	-1.4406	-1.4588	-1.5702
ENSMUSG00000032131	0.0161	-0.1212	0.0114	-0.5673	0.1725	0.1546
ENSMUSG00000032185	0.2489	-0.0682	-0.3394	-0.4585	-0.2775	-0.1046
ENSMUSG00000032186	0.2285	0.3249	0.0710	-0.0592	0.6020	-0.3420
ENSMUSG00000032218	0.3029	-0.0884	0.6246	-0.1488	-0.8387	0.2321
ENSMUSG00000032239	-0.3832	-0.0980	0.3983	0.4349	0.3744	-0.3403
ENSMUSG00000032254	0.2886	0.3326	0.2410	0.0124	0.3689	0.6862
ENSMUSG00000032280	-0.5268	0.2064	-0.3249	0.1700	-0.2428	0.3625
ENSMUSG00000032289	-0.0311	-0.1426	-0.3203	-0.2114	-0.0760	0.0651
ENSMUSG00000032295	-0.1300	-0.2652	0.1807	-0.3362	0.2245	0.2431
ENSMUSG00000032303	-0.6628	-0.3281	-1.0645	-0.2356	-0.3554	-0.0515
ENSMUSG00000032332	-0.3170	0.1644	-0.0800	0.1261	0.1037	0.3185
ENSMUSG00000032344	-0.1420	0.0417	-0.0782	0.2594	0.0374	-0.2907
ENSMUSG00000032366	-0.1956	0.0435	0.0279	0.4901	-0.0509	-0.2570
ENSMUSG00000032396	0.7888	-0.2980	-0.3357	-0.2190	0.3727	-0.4543
ENSMUSG00000032399	-1.2669	-1.4880	-1.7617	-2.2287	-2.0850	-2.8243
ENSMUSG00000032407	-0.5361	-0.5975	-0.4808	0.2900	0.2913	-0.1478
ENSMUSG00000032411	0.0992	0.0323	-0.1019	0.6074	-0.4908	-0.3119
ENSMUSG00000032437	-0.3891	0.4916	-0.3104	0.2752	0.4391	-0.5104
ENSMUSG00000032459	-0.8199	-2.0806	-1.8696	-1.9743	-2.0118	-2.2519
ENSMUSG00000032475	0.1880	-0.2314	-0.2956	-0.3771	0.5604	0.2332
ENSMUSG00000032498	-0.0167	0.0641	0.2762	0.1231	-0.1637	0.2944
ENSMUSG00000032504	-0.7469	-0.2682	0.1493	0.0370	0.0925	-0.7290
ENSMUSG00000032513	-0.4338	0.1142	-0.2021	0.4141	-0.2987	-0.4139
ENSMUSG00000032518	-0.2060	-0.0430	-0.1288	-0.1779	0.0481	-0.1929
ENSMUSG00000032528	0.0431	0.0820	0.0683	0.4299	0.4176	-0.4356
ENSMUSG00000032531	-0.1953	-0.0035	-0.3165	-0.2294	-0.2091	-0.1486
ENSMUSG00000032554	-0.4032	-0.0655	0.2370	-0.1519	0.3208	0.0984
ENSMUSG00000032563	-1.5829	-1.2967	-1.6040	-2.2229	-2.5560	-2.8192
ENSMUSG00000032565	0.7864	0.2033	-0.0683	0.1126	0.2173	-0.2621
ENSMUSG00000032572	0.1165	0.4232	0.1792	-0.1612	-0.5214	-0.0590
ENSMUSG00000032604	-1.2067	-1.6056	-1.3069	-2.5512	-2.4099	-3.2833
ENSMUSG00000032615	-0.2927	-0.2673	-0.0555	-0.0052	0.1161	0.4200
ENSMUSG00000032633	-0.2136	0.3706	0.4726	0.0931	-0.2737	-0.2128
ENSMUSG00000032640	1.2162	1.8813	1.5653	1.7587	2.4793	2.3796
ENSMUSG00000032661	-0.2783	0.2850	0.0695	-0.2057	0.3521	-0.1499
ENSMUSG00000032679	-0.5315	-0.6234	0.3438	0.3284	-0.1519	-0.2262
ENSMUSG00000032691	-0.1088	-0.6776	-0.0054	-0.2924	-0.3093	-0.0257
ENSMUSG00000032725	0.1904	-0.0557	-0.4380	-0.3696	-0.7202	-0.0941
ENSMUSG00000032733	-0.4484	0.0529	-0.1611	-0.1620	0.3850	-0.4647
ENSMUSG00000032815	0.1598	-0.2574	0.5690	-0.2423	0.0355	0.6008
ENSMUSG00000032826	-0.3055	0.2608	-0.2517	-0.0743	-0.2634	-0.3483
ENSMUSG00000032839	-0.0948	-0.5076	0.3403	0.3547	-0.1228	0.3876
ENSMUSG00000032852	0.3676	-0.7778	-0.0883	0.2828	0.1741	0.1096
ENSMUSG00000032867	-0.2095	0.5436	0.1502	0.0157	-0.0086	-0.4953
ENSMUSG00000032902	-0.4809	0.2940	0.4303	0.2993	0.4833	-0.3601
ENSMUSG00000033083	0.2099	-0.4017	-0.2769	-0.2320	-0.6336	-0.0158
ENSMUSG00000033105	-0.5377	0.2092	-0.1893	-0.0919	-0.4553	-0.3112
ENSMUSG00000033124	-1.1612	1.0518	0.3731	-0.6305	-0.7938	0.2947
ENSMUSG00000033161	0.0340	-0.2182	0.3927	-0.3664	-0.2072	-0.1006
ENSMUSG00000033220	0.4063	0.1561	0.2208	0.0433	0.0883	-0.0898
ENSMUSG00000033237	0.2594	-0.2939	0.5985	-0.0186	0.5731	-0.1935
ENSMUSG00000033295	-0.3583	-0.1362	0.0625	0.0348	0.1133	-0.3281
ENSMUSG00000033350	0.1981	0.1639	0.4262	-0.4177	0.2070	0.2203
ENSMUSG00000033352	0.2521	0.3581	-0.4667	0.5474	0.3540	0.0753
ENSMUSG00000033373	1.0952	1.3738	2.0741	2.1439	2.6844	2.6325
ENSMUSG00000033502	0.4118	-0.0430	-0.2201	0.1945	0.1645	0.3886
ENSMUSG00000033520	1.2303	1.1405	1.8503	2.0830	1.9349	2.2315
ENSMUSG00000033526	0.0053	0.0122	0.0155	0.1439	-0.1864	-0.2016
ENSMUSG00000033577	0.6760	0.7901	1.0725	0.9367	0.5686	1.1826
ENSMUSG00000033610	0.0570	0.3265	0.6452	0.1356	0.3562	0.1905
ENSMUSG00000033623	-0.1368	0.9541	1.3993	1.6413	1.5489	1.3234
ENSMUSG00000033628	-0.3232	0.2735	-0.0842	-0.1942	-0.0604	-0.5801
ENSMUSG00000033688	0.2238	0.1925	-0.1645	0.6491	0.1971	-0.0390
ENSMUSG00000033703	-0.5147	-0.9438	-0.9195	-1.2718	-0.6813	-1.4045
ENSMUSG00000033721	0.2142	0.2450	-0.0455	-0.1972	0.2090	0.6849
ENSMUSG00000033765	0.3330	-0.2404	-0.3226	-0.6256	-0.3157	-0.0990
ENSMUSG00000033774	0.0670	0.1671	-0.4520	-0.1134	0.0871	0.3619
ENSMUSG00000033825	-0.1050	-0.4781	-0.0462	0.2637	-0.2328	-0.2001
ENSMUSG00000033847	0.3627	-0.3402	0.2331	0.1888	-0.3336	-0.9043
ENSMUSG00000033860	-0.1652	0.1968	-0.0656	0.2729	-0.0049	0.0917
ENSMUSG00000033916	-0.4604	-0.3062	0.1770	-0.7978	-0.2875	0.2065
ENSMUSG00000033933	-0.3367	0.3218	0.2242	-0.1488	0.3745	0.2224
ENSMUSG00000033991	-0.0340	-0.1910	-0.1466	0.1148	-0.2376	-0.5431
ENSMUSG00000034021	0.1227	-0.0429	0.6019	0.5083	-0.4378	0.1208
ENSMUSG00000034022	-0.0988	-0.0809	0.1200	0.1870	-0.1887	-0.0845
ENSMUSG00000034107	-0.2591	-0.3092	-0.4208	0.0638	-0.7375	0.0513
ENSMUSG00000034120	0.2322	0.3464	-0.0101	0.1493	-0.6777	0.0271
ENSMUSG00000034126	1.3147	1.9521	2.0012	2.0059	2.6427	2.4178
ENSMUSG00000034211	1.6423	1.8461	1.5723	1.4854	2.1660	2.6357
ENSMUSG00000034311	-0.5251	-0.3126	0.5002	-0.0577	0.1238	0.6512
ENSMUSG00000034345	0.1688	-0.2545	-0.2651	0.3877	-0.1507	0.2400
ENSMUSG00000034379	0.0512	-0.6053	0.1802	-0.2284	0.0574	0.2098
ENSMUSG00000034457	0.2323	-0.1821	-0.4706	0.3359	0.4359	0.1740
ENSMUSG00000034467	-0.4600	0.1984	-0.5044	-0.2170	0.0970	0.3462
ENSMUSG00000034560	0.4561	0.2329	-0.2650	0.0950	-0.0590	0.1795
ENSMUSG00000034570	0.2562	0.3346	-0.0834	-0.9903	0.7363	0.8120
ENSMUSG00000034612	0.8041	-0.5132	-0.1430	0.0418	0.5335	-0.7783
ENSMUSG00000034620	0.6352	1.3331	1.9309	1.7539	2.5678	3.0436
ENSMUSG00000034663	0.0346	-0.1957	-0.3399	-0.2155	-0.4157	-0.2296
ENSMUSG00000034681	-0.2105	-0.5047	-0.4155	-0.1940	0.0598	-0.3382
ENSMUSG00000034684	-0.0998	0.0636	-0.3115	-0.1873	-0.1352	-0.1411
ENSMUSG00000034687	0.0876	0.2295	-0.5600	0.4725	0.0277	0.2572
ENSMUSG00000034729	-1.4913	-1.7826	-1.4034	-2.1153	-1.7891	-2.6348
ENSMUSG00000034801	-0.0581	0.0410	0.0245	-0.1030	0.0928	0.4506
ENSMUSG00000034880	-0.1533	-0.6067	-0.8761	-0.8225	-0.6698	-1.4704
ENSMUSG00000034892	-1.2082	-0.8336	-1.9865	-2.0145	-2.4423	-2.0492
ENSMUSG00000034932	1.9087	1.2633	2.7381	2.1829	1.8777	2.6416
ENSMUSG00000034997	0.5965	0.0132	0.5903	-0.2403	0.5802	-0.5314
ENSMUSG00000035064	0.7425	-0.2330	-0.4653	0.0765	-0.4145	0.7999
ENSMUSG00000035152	-0.1135	0.0620	-0.1736	-0.1068	-0.0941	0.2828
ENSMUSG00000035187	0.3629	-0.2693	0.0836	0.3705	0.3491	-0.0417
ENSMUSG00000035202	0.8781	1.1989	1.4757	1.6741	2.3398	2.4434
ENSMUSG00000035227	0.2862	0.3075	-0.2924	-1.1891	0.3295	0.0167
ENSMUSG00000035237	-0.0368	0.8130	-0.2925	0.3080	0.0786	0.2624
ENSMUSG00000035273	-0.3524	1.0721	-0.1393	0.2408	-0.1120	0.6416
ENSMUSG00000035342	0.1379	0.5472	0.2810	0.6796	-0.4504	0.2095
ENSMUSG00000035351	0.1008	-0.0459	-0.8831	-0.1998	0.0104	0.0603
ENSMUSG00000035354	0.0335	0.1908	0.1334	-0.1053	-0.2073	-0.0870
ENSMUSG00000035373	0.0353	0.0486	-0.4817	-0.1006	0.0623	0.2224
ENSMUSG00000035448	0.1027	-0.0879	-0.1702	0.4852	-0.3084	0.4060
ENSMUSG00000035458	-0.1040	0.0970	-0.0233	0.1384	-0.0950	0.4007
ENSMUSG00000035459	0.4420	0.5542	0.3947	0.2706	-0.4112	-0.0093
ENSMUSG00000035575	-0.2188	-0.1896	0.1216	0.2554	-0.0995	-0.0511
ENSMUSG00000035592	-0.1836	-0.3377	-0.1415	-0.5288	0.6751	0.1700
ENSMUSG00000035692	0.1003	-0.3344	-0.2979	-0.2489	0.1866	0.4181
ENSMUSG00000035699	0.2535	-0.5550	-0.0974	0.3313	0.2818	0.6483
ENSMUSG00000035769	0.4892	-0.3808	-0.3281	-0.1008	0.9839	-0.0532
ENSMUSG00000035772	0.0632	0.2473	0.0253	0.1104	0.0956	0.0606
ENSMUSG00000035845	0.9976	-0.1477	0.0230	0.2651	-0.3400	0.1437
ENSMUSG00000035891	0.1624	0.0770	0.2448	-0.3212	0.1020	-0.2504
ENSMUSG00000035898	-0.1309	0.7231	-0.2659	-0.1774	0.4536	-0.1249
ENSMUSG00000035929	-0.0905	-0.1465	0.2985	0.1779	-0.3469	0.5198
ENSMUSG00000036091	-0.1157	0.4809	0.3169	0.2146	-0.5758	-1.0457
ENSMUSG00000036106	-0.4064	0.4117	0.0823	0.6143	0.1954	-0.0493
ENSMUSG00000036114	0.2340	0.4370	0.4685	0.5768	-0.3353	-0.1752
ENSMUSG00000036120	-0.1044	0.0661	0.1899	0.1263	0.0351	-0.5200
ENSMUSG00000036123	0.3133	0.0983	-0.2389	-0.8901	-0.0860	0.0821
ENSMUSG00000036172	-0.6223	-0.2525	-0.0757	0.0563	0.5107	-0.7045
ENSMUSG00000036202	-0.8103	-0.3847	-0.3482	-0.3134	-0.3995	0.1741
ENSMUSG00000036315	0.2727	-0.3801	0.2290	-0.0436	0.3971	0.0447
ENSMUSG00000036333	0.0178	-0.6885	0.5584	-0.1522	-0.1413	-0.2412
ENSMUSG00000036356	1.3822	1.7383	1.8955	1.6762	2.0610	2.6498
ENSMUSG00000036362	0.0207	0.6790	-0.1419	-0.6825	0.0284	0.1433
ENSMUSG00000036372	-0.3878	0.2631	-0.4340	0.4361	-0.5122	0.3506
ENSMUSG00000036402	0.2652	0.0696	-0.1691	0.3748	0.0212	-0.3123
ENSMUSG00000036427	0.2231	-0.3722	-0.0370	-0.2280	-0.0498	0.2319
ENSMUSG00000036438	0.0882	-0.7036	0.4840	0.0728	0.1990	0.2216
ENSMUSG00000036442	1.0769	1.9527	2.1159	1.7615	2.4803	2.8756
ENSMUSG00000036459	0.4540	0.9048	0.7735	0.7306	1.3022	1.1654
ENSMUSG00000036463	0.2680	0.1636	-0.3493	0.2999	-0.0592	0.1437
ENSMUSG00000036466	0.3429	-0.4745	-0.0966	0.1875	0.2366	0.5765
ENSMUSG00000036523	0.1525	-0.0598	0.3440	-0.1675	0.2325	-0.1415
ENSMUSG00000036568	-0.2150	0.0608	-0.0238	0.2970	0.7129	-0.3533
ENSMUSG00000036587	-0.0728	0.5207	-0.4470	0.2095	-0.5963	-0.0978
ENSMUSG00000036599	1.4182	2.0944	1.9352	2.1932	2.3681	2.3525
ENSMUSG00000036655	-0.4084	0.0626	-0.1052	-0.0880	0.1706	0.2784
ENSMUSG00000036678	0.1409	0.2387	-0.2529	0.1116	-0.2227	-0.1126
ENSMUSG00000036737	-0.0981	0.4123	-0.0084	-0.2080	-0.1853	-0.1773
ENSMUSG00000036744	-0.5898	-0.0725	0.4969	0.7031	-0.4604	0.3534
ENSMUSG00000036760	0.0771	0.1761	0.5422	-0.0417	0.1264	0.1804
ENSMUSG00000036779	-0.3463	-0.1238	0.1853	-0.1308	0.3908	-0.2266
ENSMUSG00000036781	-1.3918	-1.8097	-1.9093	-1.6225	-2.6606	-3.0492
ENSMUSG00000036782	-0.7433	-0.1389	-0.3098	0.0391	0.4177	-0.2876
ENSMUSG00000036790	-0.1441	0.2237	0.0368	0.1078	-0.3839	-0.3533
ENSMUSG00000036817	0.4879	0.1672	0.2011	0.3568	0.0473	-0.0641
ENSMUSG00000036825	0.4999	-0.0365	-0.4074	0.3378	0.0204	0.4353
ENSMUSG00000036833	0.0964	0.1387	0.6255	-0.1524	-0.0826	0.0573
ENSMUSG00000036835	0.1477	0.2765	-0.3377	-0.1375	0.1161	0.3346
ENSMUSG00000036850	0.7142	1.7120	1.7059	1.6749	1.8504	2.5807
ENSMUSG00000036860	1.2802	1.1917	0.9973	2.2086	2.4709	2.4308
ENSMUSG00000036928	-0.3132	-0.4818	-0.0867	-0.5161	0.1796	-0.1811
ENSMUSG00000036961	0.1680	0.2840	-0.0297	0.2171	-0.1999	0.4778
ENSMUSG00000036986	-0.1078	-0.3083	0.5953	-0.5678	0.1726	-0.2594
ENSMUSG00000037013	-0.3400	-0.3520	-0.1651	-0.1425	0.0562	0.2506
ENSMUSG00000037022	-0.9928	-0.8425	-1.5366	-1.9640	-2.1214	-2.8077
ENSMUSG00000037032	-0.3883	-0.6686	-0.2391	0.1796	0.3174	-0.8304
ENSMUSG00000037035	-0.2121	-0.0494	-0.1001	-0.2744	-0.0856	-0.2267
ENSMUSG00000037098	0.2144	0.4271	0.0452	0.1462	-0.3305	0.3430
ENSMUSG00000037104	0.1399	0.1988	-0.0050	0.5957	-0.1618	0.3758
ENSMUSG00000037111	0.6253	-0.4194	-0.6964	-0.1897	0.5805	-0.3648
ENSMUSG00000037112	0.0384	-0.5195	0.3490	0.0104	0.3723	-0.6840
ENSMUSG00000037166	-0.2076	0.7715	-0.4994	-0.3433	-0.0676	0.1904
ENSMUSG00000037202	-0.2104	-0.1297	-0.3719	0.1263	-0.0127	0.0474
ENSMUSG00000037236	-0.2316	0.3300	-0.3419	0.0841	-0.1342	-0.2093
ENSMUSG00000037263	0.0780	-0.0639	0.0003	-0.2527	0.0099	0.3754
ENSMUSG00000037347	-1.7537	-1.4191	-1.8330	-1.8687	-2.1441	-2.0330
ENSMUSG00000037348	0.3263	-0.2245	0.4434	0.0785	0.0729	0.3205
ENSMUSG00000037393	-0.2483	0.1173	-0.8078	-0.4349	0.0994	-0.3972
ENSMUSG00000037411	-0.0788	-0.1324	-0.1747	0.4143	0.1071	0.0948
ENSMUSG00000037486	0.4981	0.3013	0.0903	-0.4061	-0.8331	-0.0103
ENSMUSG00000037531	0.9588	1.9185	2.1410	2.6830	2.9361	2.4886
ENSMUSG00000037563	-1.2624	-1.0415	-1.4492	-1.6146	-2.1837	-2.6610
ENSMUSG00000037580	0.2478	0.0099	-0.1989	0.2446	-0.2808	-0.2261
ENSMUSG00000037601	-0.4371	0.1466	-0.4232	-0.5857	-0.2984	0.2609
ENSMUSG00000037606	-0.1337	0.1922	0.4288	-0.3949	0.1421	-0.0439
ENSMUSG00000037610	-0.5471	0.4107	-0.0535	-0.0326	0.0722	0.0845
ENSMUSG00000037660	-0.0451	0.2617	-0.4556	-0.3220	0.1399	-0.1334
ENSMUSG00000037664	-0.3957	-0.0564	-0.0555	0.4315	-0.2696	0.4496
ENSMUSG00000037720	-0.3698	0.0496	0.1281	0.6735	0.0296	0.7749
ENSMUSG00000037740	1.1962	1.0631	1.7420	1.4834	2.5061	2.2589
ENSMUSG00000037742	0.0412	0.2236	0.1312	0.4080	-0.1133	0.3092
ENSMUSG00000037761	-0.0591	0.0307	0.1739	-0.0679	-0.1874	0.4217
ENSMUSG00000037771	-0.4561	0.1039	-0.0618	-0.1376	0.2934	-0.0817
ENSMUSG00000037772	0.9288	2.0212	1.9364	2.5558	2.3037	2.3035
ENSMUSG00000037851	1.8534	1.0411	1.4842	2.2315	2.2031	2.3065
ENSMUSG00000037922	-0.1620	0.3521	0.0212	-0.5259	0.5164	-0.8907
ENSMUSG00000037936	-0.2854	-0.2974	-0.1255	0.0148	-0.2326	0.0182
ENSMUSG00000037991	-0.1590	-0.6215	-0.3301	-0.1735	0.1818	0.2007
ENSMUSG00000037992	-0.1866	0.0057	0.3758	0.0677	0.4071	0.2218
ENSMUSG00000037999	-0.3428	-0.4341	-0.1257	-0.1141	-0.4219	-0.5839
ENSMUSG00000038023	-0.1690	0.2191	0.3143	0.3598	-0.4838	0.3681
ENSMUSG00000038071	-0.2348	0.1826	0.1107	-0.1638	-1.0293	0.0993
ENSMUSG00000038077	-0.4957	0.0045	0.3548	0.1506	-0.3832	-0.3048
ENSMUSG00000038115	-0.0330	-0.0002	0.1247	0.2524	-0.6000	0.5435
ENSMUSG00000038146	-0.2590	0.1249	-0.3052	-0.4891	-0.2320	-0.1488
ENSMUSG00000038181	-0.2778	0.1268	0.0613	0.1165	-0.5364	-0.3713
ENSMUSG00000038195	-0.0097	0.3885	0.3402	-0.3789	0.5799	0.5793
ENSMUSG00000038208	-0.0888	-0.1477	0.1314	-0.1684	0.1969	-0.0607
ENSMUSG00000038240	-0.3454	-0.1525	0.2231	0.0653	-0.2515	0.1093
ENSMUSG00000038259	0.0305	0.3291	0.0992	-0.1088	-0.3595	0.1839
ENSMUSG00000038276	0.0819	0.1687	-0.2076	-0.4926	0.0762	-0.5850
ENSMUSG00000038299	-0.0537	0.2516	-0.0024	0.0292	-0.1848	-0.1981
ENSMUSG00000038349	-0.2832	0.5112	-0.1957	0.3550	-0.5232	0.3231
ENSMUSG00000038357	0.6636	0.3485	0.2693	0.3161	0.1442	0.0666
ENSMUSG00000038365	0.3350	0.4714	0.1047	0.3603	0.6004	0.5036
ENSMUSG00000038374	-0.1410	-0.0588	0.0291	-0.1773	-0.4599	-0.4635
ENSMUSG00000038387	0.4269	-0.0713	0.2704	-0.0223	0.5410	0.0034
ENSMUSG00000038388	-0.3934	0.6453	-0.5065	0.1413	-0.2809	0.0896
ENSMUSG00000038398	0.3572	0.0398	0.4822	0.3779	-0.4465	-0.2201
ENSMUSG00000038416	-0.2538	0.0647	0.2427	0.3026	0.0285	-0.0897
ENSMUSG00000038508	-0.3329	-0.2404	0.4303	0.3551	-0.5522	0.3090
ENSMUSG00000038567	-0.2504	-0.0397	0.2040	0.8435	-0.4003	-0.1109
ENSMUSG00000038583	0.2727	0.0716	-0.7341	-0.1369	-0.4232	0.1059
ENSMUSG00000038600	-0.7209	-0.1754	-0.5462	0.1127	-0.3648	0.3248
ENSMUSG00000038607	0.2119	-0.4235	0.1712	1.0130	-0.0216	-0.5855
ENSMUSG00000038612	0.6739	0.1326	1.3586	1.3278	1.3914	1.1919
ENSMUSG00000038622	0.0036	0.2447	0.0544	-0.1000	-0.3450	0.0075
ENSMUSG00000038656	-0.2163	-0.5810	0.4745	0.2986	0.2469	-0.1370
ENSMUSG00000038665	0.0837	0.5649	0.2961	0.2146	0.3090	0.6960
ENSMUSG00000038690	0.1194	0.0708	-0.3051	0.2557	-0.0248	-0.5542
ENSMUSG00000038754	0.0636	0.2856	-0.1428	0.0943	-0.0447	-0.0926
ENSMUSG00000038838	-1.1097	-1.3014	-1.8155	-1.2536	-2.1579	-3.0102
ENSMUSG00000038840	0.5464	-0.1927	-0.3532	0.1810	-0.3865	0.8751
ENSMUSG00000038843	-0.5973	-0.0734	0.2591	0.0995	-0.2559	0.5297
ENSMUSG00000038880	-1.2975	-1.0970	-1.8175	-2.1756	-2.1461	-2.3985
ENSMUSG00000038900	-0.2413	0.2997	-0.1709	-0.2899	-0.1539	0.8134
ENSMUSG00000038954	0.2520	-0.3799	0.0120	0.0153	0.1646	0.1661
ENSMUSG00000039001	0.4669	0.2100	-0.1279	-0.4493	-0.0861	-0.0504
ENSMUSG00000039079	-0.1278	-0.2977	0.0609	-0.0523	-0.1736	-0.1645
ENSMUSG00000039097	-0.3976	-0.2262	0.1364	-0.2598	-0.2180	0.7135
ENSMUSG00000039115	-0.0246	0.0742	0.2895	0.2625	-0.3737	0.1919
ENSMUSG00000039145	0.1629	-0.0990	-0.2250	0.2901	-0.1278	0.6456
ENSMUSG00000039153	0.1034	0.0475	0.6347	-0.1641	-0.2455	0.1160
ENSMUSG00000039156	-0.3119	-0.2029	0.4537	-0.2164	-0.0993	0.7653
ENSMUSG00000039187	0.4842	0.5125	0.2686	0.0305	-0.2277	-0.4404
ENSMUSG00000039209	1.0254	1.3548	1.8280	2.5179	2.2282	2.8883
ENSMUSG00000039221	-1.4198	-1.0791	-1.8288	-1.2890	-3.0600	-2.6629
ENSMUSG00000039242	1.2970	1.0170	1.5611	2.4565	1.7200	3.2581
ENSMUSG00000039254	1.3012	1.6528	1.3985	1.8508	2.1955	2.5823
ENSMUSG00000039419	-0.3642	0.1826	0.6541	0.2117	0.0151	0.3718
ENSMUSG00000039427	-0.4185	-0.2243	-0.1324	-0.3833	-0.4699	-0.1063
ENSMUSG00000039449	0.5124	-0.7022	-0.3308	0.2642	0.0267	0.3190
ENSMUSG00000039450	0.7311	-0.3853	-0.1167	0.3312	0.4854	0.0620
ENSMUSG00000039501	-0.6845	-0.2716	0.0507	-0.1352	-0.2946	0.3063
ENSMUSG00000039518	-0.1005	0.3802	-0.5460	-0.1168	-0.2205	0.0070
ENSMUSG00000039542	0.3660	-0.3793	-0.5013	-0.2128	0.5528	-0.6370
ENSMUSG00000039585	0.9010	0.9848	1.2695	1.0311	1.5872	1.9969
ENSMUSG00000039601	-0.2279	-0.1674	0.6278	-0.5972	-0.2585	0.3117
ENSMUSG00000039615	0.4621	-0.1423	-0.0644	-0.5066	-0.3204	-0.6384
ENSMUSG00000039640	1.1834	1.5404	1.7563	2.0892	2.1646	2.2964
ENSMUSG00000039648	0.4002	-0.1119	-0.0098	0.2369	0.1582	0.2973
ENSMUSG00000039652	-0.3003	0.0752	-0.3953	-0.7626	-0.4581	0.0831
ENSMUSG00000039653	0.3679	-0.9145	-0.9307	-0.0617	0.2199	0.0174
ENSMUSG00000039662	0.4343	1.3218	1.9056	1.9615	1.9657	1.7034
ENSMUSG00000039680	1.4353	0.9512	1.4218	2.3089	2.4676	2.7402
ENSMUSG00000039714	0.5607	0.1198	-0.5337	0.0635	0.2224	0.2070
ENSMUSG00000039748	0.4099	0.1664	0.1366	0.4344	0.1777	0.0299
ENSMUSG00000039774	0.2654	-0.4547	0.6981	0.0027	0.2582	0.2467
ENSMUSG00000039809	0.1457	0.6481	-0.5382	0.2509	0.1723	-0.0561
ENSMUSG00000039840	0.7770	0.8485	0.4602	1.0806	0.9401	0.7259
ENSMUSG00000039844	-0.1825	-0.4860	-0.3363	0.2339	0.1181	0.3664
ENSMUSG00000040003	-0.3947	-0.1115	-0.1450	-0.2206	-0.0956	0.2835
ENSMUSG00000040009	0.2822	0.5269	0.4272	-0.0822	0.2892	0.1138
ENSMUSG00000040028	0.4907	-0.7190	0.1052	0.0868	0.2519	0.1466
ENSMUSG00000040037	0.3204	0.2206	-0.0356	0.0350	-0.2971	-0.4257
ENSMUSG00000040048	-0.3142	-0.0358	-0.0464	-0.1142	0.4528	0.8987
ENSMUSG00000040112	-0.7195	-1.3072	-1.3812	-2.4313	-2.5326	-2.8843
ENSMUSG00000040127	0.2123	0.2503	0.4034	0.3266	-0.1276	0.2220
ENSMUSG00000040165	0.4077	-0.2153	0.0991	0.4791	-0.2965	0.1730
ENSMUSG00000040249	0.1240	0.0285	-0.0412	0.4832	0.5644	0.1326
ENSMUSG00000040253	-0.1356	0.3228	0.8604	0.0436	-0.3316	0.4211
ENSMUSG00000040265	0.2066	-0.4334	-0.0374	-1.0459	0.0611	0.2117
ENSMUSG00000040269	1.6087	1.6946	1.7740	2.8063	1.7398	2.5548
ENSMUSG00000040274	0.3580	0.7175	1.4731	0.9935	0.3713	1.1025
ENSMUSG00000040314	-0.3796	-0.6107	0.0013	-0.1891	-0.5956	-0.2678
ENSMUSG00000040354	1.0922	1.3795	1.8514	1.7730	2.6602	2.3974
ENSMUSG00000040373	0.5094	-0.3581	-0.2635	-0.0465	0.0584	0.2413
ENSMUSG00000040374	-0.0869	0.0668	0.2345	-0.2860	0.0326	0.3296
ENSMUSG00000040415	0.0861	-0.5016	0.3730	-0.4333	-1.0171	0.0881
ENSMUSG00000040435	0.3510	0.1258	0.2332	-0.2454	-0.8257	-0.3171
ENSMUSG00000040455	0.0164	-0.4658	-0.2941	-0.4293	0.1858	-0.0124
ENSMUSG00000040481	0.2811	0.1813	0.5542	0.0735	-0.4113	0.2476
ENSMUSG00000040522	0.0265	-0.3288	-0.2938	0.3945	0.5938	-0.3637
ENSMUSG00000040562	-0.0019	0.7128	-0.5121	-0.1757	-0.0808	0.2889
ENSMUSG00000040605	0.1563	-0.6419	0.1598	-0.0274	0.0372	-0.4697
ENSMUSG00000040606	-0.2021	0.3266	0.2098	-0.0136	0.0552	0.4817
ENSMUSG00000040620	0.2270	0.3147	0.3784	-0.0044	-0.0657	0.2334
ENSMUSG00000040627	-0.3435	0.2598	-0.1558	0.0518	0.0018	0.7137
ENSMUSG00000040649	-0.3572	0.2328	-0.1841	-0.1029	-0.5424	-0.2025
ENSMUSG00000040650	-0.0034	0.4002	0.3267	-0.4193	-0.0218	-0.5218
ENSMUSG00000040663	0.0931	0.4043	-0.0880	-0.3168	0.3165	0.1567
ENSMUSG00000040669	0.2219	0.1020	0.6003	-0.1670	0.0345	-0.6529
ENSMUSG00000040706	-0.4989	0.0220	-0.1664	0.2187	0.1960	-0.3453
ENSMUSG00000040714	-0.4374	0.6192	0.2607	0.2557	-0.6708	-0.3192
ENSMUSG00000040752	-0.0592	-0.7384	0.5636	0.2544	-0.1597	-0.0801
ENSMUSG00000040760	-0.1765	0.4711	-0.0671	0.1235	-0.0791	0.3513
ENSMUSG00000040808	0.6664	-0.0624	0.6559	0.4907	-0.5678	0.0035
ENSMUSG00000040820	-0.0295	-0.2507	0.4818	0.3473	0.0943	-0.1715
ENSMUSG00000040850	-0.2373	0.2659	-0.1756	-0.1052	-0.0840	-0.4341
ENSMUSG00000040865	0.0655	0.1323	0.3612	-0.1888	-0.4606	0.0376
ENSMUSG00000040952	1.3906	1.7312	1.3924	1.9534	2.5692	2.2511
ENSMUSG00000040957	-0.4891	-0.6372	0.1751	-0.2834	0.8055	0.0054
ENSMUSG00000040966	-0.3122	0.2830	-0.3096	0.0743	0.4920	0.4335
ENSMUSG00000041084	0.6228	0.2596	0.2243	-0.2833	-0.0499	-0.2489
ENSMUSG00000041120	-0.3967	-0.2618	-0.4503	-0.2831	-0.3048	-0.0473
ENSMUSG00000041133	0.3758	-0.6497	-0.2783	0.2042	-0.4454	0.1444
ENSMUSG00000041135	-0.0043	0.0035	0.0920	0.6318	0.3588	-0.5520
ENSMUSG00000041189	-0.0468	-0.2809	0.1038	0.0459	-0.1233	-0.0131
ENSMUSG00000041236	0.5476	-0.0832	-0.0445	-0.1544	0.3435	0.1684
ENSMUSG00000041268	-0.2107	-0.4958	-0.1761	0.7062	0.5202	-0.1447
ENSMUSG00000041323	0.4923	0.0488	-0.4478	-0.4382	-0.0646	-0.6212
ENSMUSG00000041359	0.2868	-0.5248	0.4669	0.4300	0.2329	-0.0354
ENSMUSG00000041378	-0.5288	0.3005	0.3429	0.1701	0.2024	0.4524
ENSMUSG00000041380	0.0494	0.1567	0.3682	-0.1620	-0.3275	0.3121
ENSMUSG00000041390	0.3156	-0.2256	-0.1597	0.5055	0.0579	0.0503
ENSMUSG00000041438	0.2243	0.5561	0.1427	0.3389	-0.6834	-0.4058
ENSMUSG00000041453	-0.9526	-1.2531	-2.1887	-2.1493	-1.6889	-1.8692
ENSMUSG00000041565	0.1009	-0.0350	-0.0475	0.5987	0.2052	0.1297
ENSMUSG00000041609	-0.2388	-0.6299	-0.1239	-0.1214	-0.1815	0.0653
ENSMUSG00000041632	1.1326	1.6416	1.7585	1.4176	2.4054	2.8024
ENSMUSG00000041653	0.2869	-0.0260	-0.1491	0.0167	0.6319	0.2400
ENSMUSG00000041710	-0.3529	0.6591	-0.0409	0.4585	-0.1331	-0.0704
ENSMUSG00000041747	0.1030	-0.6107	-0.1679	0.1884	-0.1421	0.0175
ENSMUSG00000041849	-0.0873	-0.2057	0.4226	0.1765	0.6993	0.1504
ENSMUSG00000041954	0.5163	0.6603	-0.1181	-0.0142	-0.3709	0.2492
ENSMUSG00000041992	-0.1732	0.0279	-0.1211	-0.0438	0.0239	-0.1954
ENSMUSG00000042015	-0.1063	-0.2221	0.6914	0.4012	0.4317	-0.2791
ENSMUSG00000042042	-1.4222	-1.4148	-1.9480	-1.4511	-2.4760	-2.0475
ENSMUSG00000042102	-0.0733	0.2429	-0.4276	-0.2423	0.3959	0.9485
ENSMUSG00000042104	-0.1807	0.0710	0.1661	0.1413	0.0582	-0.5536
ENSMUSG00000042157	0.1573	-0.1736	0.0374	0.2922	-0.0785	0.2773
ENSMUSG00000042212	-0.3797	0.5804	0.0113	0.1474	0.6658	-0.2564
ENSMUSG00000042284	-0.5245	0.3089	-0.7224	-0.5308	-0.1387	-0.4669
ENSMUSG00000042308	0.0268	-0.3159	0.4151	-0.0945	-0.0985	0.2500
ENSMUSG00000042340	-0.2620	0.2963	0.0786	-0.4449	0.0899	0.0170
ENSMUSG00000042349	0.0710	0.3239	-0.0423	-0.4091	0.0494	-0.1035
ENSMUSG00000042351	-0.4370	0.1338	-0.0081	0.1465	0.2244	0.0111
ENSMUSG00000042410	0.1158	0.3760	0.1380	0.0863	0.0906	0.4832
ENSMUSG00000042423	0.4387	-0.5524	0.0996	-0.2054	-0.1011	0.7729
ENSMUSG00000042460	0.3643	0.3208	0.2519	0.2649	-0.2146	0.3301
ENSMUSG00000042523	-0.2147	-0.7282	-0.3917	0.3020	0.0928	-0.9384
ENSMUSG00000042548	-0.2122	-0.9865	-0.5289	0.6603	-0.0432	-0.1181
ENSMUSG00000042590	0.4839	0.0745	0.1744	0.4864	0.0563	-0.2024
ENSMUSG00000042594	0.3256	-0.3054	0.1780	0.0702	0.8740	-0.6284
ENSMUSG00000042670	-0.8248	0.3338	-0.0991	-0.0475	-0.4357	-0.3275
ENSMUSG00000042678	-0.1781	0.4556	0.1252	0.0519	-0.0321	-0.0055
ENSMUSG00000042688	0.2549	0.0700	-0.2848	-0.0470	0.0149	-0.3919
ENSMUSG00000042707	0.0398	0.2431	-0.5153	-0.7899	0.1477	0.1965
ENSMUSG00000042745	0.5856	-0.7467	-0.2041	-0.3078	0.0393	0.6099
ENSMUSG00000042796	0.7984	-0.0377	-0.3101	0.5737	0.4293	-0.2344
ENSMUSG00000042869	0.4607	-0.4673	0.6800	0.1541	-0.1215	-0.2659
ENSMUSG00000042894	-0.2235	0.2517	0.6287	-0.0137	-0.5753	0.0638
ENSMUSG00000042988	0.2210	-0.0617	-0.2265	0.4166	0.5116	0.0733
ENSMUSG00000042993	-0.0268	-0.0164	0.5476	0.4007	-0.5900	-0.1001
ENSMUSG00000043004	0.4388	0.1441	0.1303	-0.5673	0.1867	-0.1222
ENSMUSG00000043017	-0.0069	-0.1541	0.7031	0.2508	-0.0612	-0.2016
ENSMUSG00000043087	0.4965	0.4821	0.5420	0.0697	0.0158	0.5177
ENSMUSG00000043089	-0.2359	-0.4122	-0.6994	-0.5438	-0.4327	-0.0088
ENSMUSG00000043102	0.6637	-0.3424	-0.2408	-0.1666	0.0748	0.4671
ENSMUSG00000043274	0.2360	0.1429	-0.3495	-0.3266	0.0062	-0.0345
ENSMUSG00000043286	0.2929	-0.1575	0.1573	-0.4660	-0.0910	-0.1637
ENSMUSG00000043301	-0.1774	-0.5875	0.0391	-0.2549	0.0127	0.2749
ENSMUSG00000043314	1.0545	-0.2212	-0.3070	-0.5975	-0.3568	0.5328
ENSMUSG00000043354	-0.1929	0.1671	-0.8997	-0.3271	0.6544	0.4756
ENSMUSG00000043366	0.4215	0.1925	-0.1038	0.1324	0.1379	0.1054
ENSMUSG00000043383	-0.4194	0.3838	-0.0590	-0.1957	0.1164	-0.3910
ENSMUSG00000043485	0.7595	-0.5969	-0.4377	0.3274	0.4987	-0.2659
ENSMUSG00000043529	0.6625	-0.1671	0.0012	0.0060	0.0356	0.2902
ENSMUSG00000043535	0.4436	-0.0546	-0.5141	-0.1089	-0.1713	0.0980
ENSMUSG00000043569	0.0256	-0.3437	-0.1783	0.2393	-0.3621	-0.4379
ENSMUSG00000043572	-1.1056	-1.8297	-1.6758	-1.6722	-1.8051	-2.1588
ENSMUSG00000043613	0.1616	-0.3702	-0.6167	0.2440	-0.3040	0.0190
ENSMUSG00000043692	0.0551	0.2467	0.9732	0.0670	0.4694	0.1261
ENSMUSG00000043698	0.1061	-0.0128	0.4285	-0.3915	0.3899	-0.2340
ENSMUSG00000043715	-0.2967	-0.1504	0.2685	0.5554	-0.0023	-0.0566
ENSMUSG00000043716	1.0515	0.9921	1.6943	2.0790	2.2483	2.4203
ENSMUSG00000043782	0.5096	0.2306	0.1683	-0.1441	0.0657	-0.3643
ENSMUSG00000043880	-0.0707	-0.0547	0.0777	0.3258	0.2192	0.3605
ENSMUSG00000043964	0.1023	0.1697	-0.5369	-0.5120	0.1664	-0.1374
ENSMUSG00000044018	0.5139	1.5224	1.2054	1.6526	2.6537	1.9892
ENSMUSG00000044199	0.4101	0.1918	-0.0482	0.3851	0.6650	0.5107
ENSMUSG00000044201	0.8296	0.0278	0.1729	0.0387	0.7315	0.1907
ENSMUSG00000044206	-0.1751	-0.7357	0.5327	0.3215	0.1296	-0.0881
ENSMUSG00000044279	-0.1334	-0.0104	0.2474	-0.0480	0.0941	0.2462
ENSMUSG00000044337	-0.0758	0.0409	0.0861	-0.2839	-0.1340	-0.5904
ENSMUSG00000044359	-0.3125	0.4156	-0.3605	0.6461	-0.4145	0.0456
ENSMUSG00000044441	0.4051	0.3333	-0.2615	-0.7254	0.1979	-0.5113
ENSMUSG00000044444	-0.1042	-0.4057	-0.1610	-0.8782	0.0861	-0.3121
ENSMUSG00000044533	1.0948	1.5582	2.1213	2.3167	2.6472	3.0362
ENSMUSG00000044560	0.2170	-0.2327	-0.0448	0.3626	0.4371	0.0409
ENSMUSG00000044641	-0.1169	-0.3542	0.3185	0.0598	-0.1826	0.1649
ENSMUSG00000044749	-0.3116	-0.2740	-0.1349	-1.4419	-1.4695	-1.3297
ENSMUSG00000044786	0.0091	0.3972	0.2664	0.1892	-0.1616	-0.2035
ENSMUSG00000044798	-0.1227	0.4120	0.3195	0.3313	-0.1955	-0.0672
ENSMUSG00000044814	-0.0849	0.7181	0.7212	0.3607	-0.1107	-0.1470
ENSMUSG00000044824	-0.0872	0.3368	0.2120	0.1039	-0.7272	-0.3879
ENSMUSG00000044897	0.1630	-0.2131	-0.5210	0.0032	0.1140	0.5566
ENSMUSG00000044923	0.1821	-0.2200	-0.3487	-0.5013	-0.0216	-0.8322
ENSMUSG00000044985	0.3505	-0.1819	0.1196	-0.1043	0.6375	-0.0303
ENSMUSG00000045022	0.1362	0.2639	0.0083	-0.0623	0.5594	0.0078
ENSMUSG00000045098	-0.1743	-0.0995	0.5350	-0.4872	-0.5249	-0.4041
ENSMUSG00000045103	0.0038	0.1745	-0.2634	-0.0389	-0.0366	0.2473
ENSMUSG00000045128	0.2048	-0.4081	0.2122	0.7602	0.7529	-0.1799
ENSMUSG00000045132	-0.1724	-0.1457	0.4721	0.3798	-0.0992	0.1366
ENSMUSG00000045136	0.1111	-0.2342	0.0705	0.2743	-0.2931	0.2096
ENSMUSG00000045148	-0.4874	-0.5048	-0.6976	0.2243	0.0410	0.3311
ENSMUSG00000045150	0.2554	0.4155	0.1437	0.0338	0.1257	0.5010
ENSMUSG00000045202	0.3633	0.0250	-0.0333	-0.1261	-0.4009	-0.2548
ENSMUSG00000045225	-0.1390	-0.3754	0.1573	0.2794	-0.2224	0.8123
ENSMUSG00000045282	-0.3475	0.3625	-0.5125	-0.2053	-0.0640	0.0547
ENSMUSG00000045291	-0.2794	0.8800	-0.0413	-0.8064	0.1638	0.3109
ENSMUSG00000045337	-0.0646	0.3856	-0.1401	-0.1741	-0.1563	-0.2803
ENSMUSG00000045341	-0.7148	-0.4287	-0.8774	-1.1029	-1.0205	-1.1518
ENSMUSG00000045382	-0.2235	-0.6677	-0.4909	0.4664	-0.3555	0.2917
ENSMUSG00000045421	-0.1897	0.5122	-0.2705	-0.2958	-0.4356	-0.3975
ENSMUSG00000045471	0.0330	0.0293	-0.2300	-0.0638	-0.4669	-0.2469
ENSMUSG00000045475	-0.0821	-0.0468	-0.4123	0.3598	0.1646	0.0914
ENSMUSG00000045479	-0.1341	-0.0765	0.1661	0.8420	-0.1426	0.8166
ENSMUSG00000045539	-0.5453	0.2188	0.0369	-0.1100	-0.4437	0.5459
ENSMUSG00000045678	0.0966	-0.0800	-0.4008	0.6665	-0.1162	0.3828
ENSMUSG00000045691	-0.7274	-0.4342	0.5116	0.0839	-0.3915	-0.1824
ENSMUSG00000045780	-0.3118	-0.4235	0.1427	0.0193	0.0786	0.7214
ENSMUSG00000045875	0.6190	-0.3519	-0.3904	0.2511	0.2060	-0.3030
ENSMUSG00000045994	1.7508	1.6504	1.1105	1.9816	2.3452	2.3356
ENSMUSG00000046096	-0.1289	-0.4167	-0.0598	0.0829	-0.1718	0.3338
ENSMUSG00000046150	-0.1942	0.2848	0.3111	0.5320	-0.3856	-0.3506
ENSMUSG00000046159	0.5730	0.5685	0.0771	0.3371	0.3856	-0.0295
ENSMUSG00000046167	-0.7216	0.1149	0.3754	0.1628	-0.1514	-0.0683
ENSMUSG00000046210	0.6589	1.3463	0.8161	0.0549	1.4973	0.5235
ENSMUSG00000046223	0.2296	0.0286	0.0268	0.0477	-0.0772	0.2495
ENSMUSG00000046321	-0.0119	-0.0463	-0.4534	0.0815	-0.0295	-0.5212
ENSMUSG00000046330	0.9092	1.5069	1.2762	2.3005	1.6374	2.4694
ENSMUSG00000046334	-0.0671	0.3841	0.8545	-0.4110	-0.4872	-0.4176
ENSMUSG00000046354	0.5758	0.0377	0.0259	-0.1846	-0.1299	-0.3110
ENSMUSG00000046431	-0.1798	0.3072	-0.4020	0.0244	0.6413	-0.6933
ENSMUSG00000046434	-0.5593	-0.2750	-0.4402	-0.0065	-0.0351	-0.7649
ENSMUSG00000046493	-0.4251	0.1478	-0.5966	-0.0058	0.8847	-0.6278
ENSMUSG00000046516	-0.3322	0.3110	-0.3269	0.0852	-0.1345	0.3304
ENSMUSG00000046743	-0.1891	-0.0472	-0.0889	0.1844	0.7353	0.0996
ENSMUSG00000046756	1.5958	1.3386	1.0342	2.3273	2.2964	2.1402
ENSMUSG00000046845	-0.4653	0.3732	0.2160	0.4634	-0.2490	0.1530
ENSMUSG00000046881	0.3281	0.0433	-0.3516	0.0779	0.0840	0.3007
ENSMUSG00000046908	-0.0714	-0.0172	-0.0604	-0.1397	-0.4416	-0.2870
ENSMUSG00000046913	-0.3951	-0.5988	0.4871	-0.1314	0.4656	-0.0259
ENSMUSG00000046961	-0.0003	0.4357	0.2718	-0.3166	-0.3776	-0.2130
ENSMUSG00000046971	-0.5617	-0.4124	-0.0210	-0.0992	0.4705	-0.1020
ENSMUSG00000046994	1.7230	2.0549	1.7528	1.8337	1.5352	2.5795
ENSMUSG00000047050	0.3669	0.1907	-0.0047	0.4372	0.4196	-0.0187
ENSMUSG00000047102	-0.0589	0.3243	-0.0448	0.3281	0.0495	-0.3505
ENSMUSG00000047149	0.0310	0.2655	0.5403	0.5895	-0.1550	0.2804
ENSMUSG00000047155	-0.1027	-0.4193	-0.1819	-0.2356	0.7042	-0.0970
ENSMUSG00000047161	-0.4220	-0.0676	0.1658	-0.4132	-0.3646	-0.3081
ENSMUSG00000047215	1.1504	1.6475	1.7984	2.0882	1.6813	2.1992
ENSMUSG00000047246	-0.0714	0.0962	-0.2124	-0.7377	-0.0125	-0.0429
ENSMUSG00000047347	0.2460	-0.2307	-0.0824	-0.1614	-0.0726	0.0029
ENSMUSG00000047379	-0.7628	-2.3646	-1.5940	-2.4666	-1.9430	-2.3823
ENSMUSG00000047390	0.4096	-0.4664	-0.2249	-0.4642	0.1007	0.1976
ENSMUSG00000047407	0.5560	0.0823	-0.2025	-0.1729	0.1782	0.2766
ENSMUSG00000047459	0.3426	-0.3093	0.3621	0.3458	-0.1837	-0.1384
ENSMUSG00000047492	-0.1044	0.0143	0.2471	-0.0183	-0.0140	-0.2174
ENSMUSG00000047496	0.1816	0.0446	0.1541	-0.0871	-0.0415	-0.0489
ENSMUSG00000047544	-0.1258	0.1052	0.0804	0.5168	-0.3810	0.0681
ENSMUSG00000047674	-0.3455	-0.7890	0.8395	0.2060	0.4452	-0.0667
ENSMUSG00000047675	1.9021	1.6990	1.6733	2.4773	1.9703	2.1424
ENSMUSG00000047712	1.4113	1.6090	1.0398	2.0708	3.0305	2.4675
ENSMUSG00000047878	-0.4138	-0.5807	0.1743	-0.1809	0.1124	0.0515
ENSMUSG00000047945	0.4091	-0.2224	0.2140	0.0758	0.3823	0.4894
ENSMUSG00000047980	0.3948	0.4207	0.1086	-0.1158	-0.4830	0.2925
ENSMUSG00000047989	-0.2821	-0.4702	-0.2485	-0.8027	-0.2077	0.3311
ENSMUSG00000048001	-0.4202	0.3068	-0.0972	0.0664	0.1772	0.1742
ENSMUSG00000048040	0.3547	-0.0600	0.0095	0.4682	-0.2650	-0.1068
ENSMUSG00000048096	-0.1421	-0.0773	0.3815	-0.3765	-0.0909	0.5290
ENSMUSG00000048101	-0.9891	-0.1663	-1.1153	-1.6519	-1.0225	-0.9316
ENSMUSG00000048154	0.3423	0.7995	0.1287	-0.6749	-0.1433	-0.8312
ENSMUSG00000048163	0.5219	-0.1159	-0.5023	-0.4961	0.5454	-0.2799
ENSMUSG00000048230	0.0303	-0.2896	-0.0169	-0.1962	0.0613	-0.1283
ENSMUSG00000048284	-0.3649	-0.1610	-0.6987	0.6335	-0.0926	-0.6752
ENSMUSG00000048285	-0.3434	-0.5321	0.6426	-0.7052	-0.0223	-0.2536
ENSMUSG00000048299	0.1214	-0.1269	-0.6477	0.2568	-0.0780	0.0747
ENSMUSG00000048304	-0.0463	-0.9316	-1.5991	-0.9369	-1.4688	-0.9888
ENSMUSG00000048391	-0.0224	-0.0684	0.6459	0.2069	-0.5290	-0.0416
ENSMUSG00000048439	-0.1689	-0.6726	0.4780	-0.0989	-0.5614	0.5919
ENSMUSG00000048469	0.3120	-0.2390	0.1412	-0.4095	-0.1218	0.4831
ENSMUSG00000048480	0.5933	0.2877	-0.2625	0.2025	0.1176	-0.4859
ENSMUSG00000048501	-0.9193	-0.7004	-0.1293	0.4192	0.2208	0.1915
ENSMUSG00000048755	-0.7544	-1.2048	-1.2962	-0.8681	-1.2337	-0.4846
ENSMUSG00000048758	0.9917	1.0942	1.8827	2.4039	2.0885	2.9225
ENSMUSG00000048779	0.5141	0.0405	0.0968	0.3912	-0.3324	0.1368
ENSMUSG00000048915	-0.0954	0.3329	-0.0861	-0.8267	0.2669	-0.1665
ENSMUSG00000048920	-1.3322	-1.7026	-1.4752	-1.2425	-2.7861	-2.6281
ENSMUSG00000048996	0.1291	-0.4764	-0.0671	0.0775	-0.5191	-0.0424
ENSMUSG00000049076	0.5928	-0.3581	-0.1130	0.4241	0.0633	-0.2568
ENSMUSG00000049098	0.3389	-0.4262	0.2738	-0.2218	0.1688	-0.0496
ENSMUSG00000049133	0.5425	-0.4707	0.0356	0.0437	-0.2819	-0.2938
ENSMUSG00000049149	0.3390	0.1940	0.0259	0.3185	0.2024	0.0491
ENSMUSG00000049217	0.2400	0.0028	0.1750	-0.0258	-0.4923	0.3247
ENSMUSG00000049307	1.0879	0.4822	1.7433	1.5557	1.8726	2.0325
ENSMUSG00000049334	-0.2650	0.9313	-0.0467	-0.3689	0.0689	0.4690
ENSMUSG00000049372	-0.1295	0.2751	-0.0277	0.1697	0.2552	0.1052
ENSMUSG00000049456	0.2244	-0.3234	0.1372	-0.1397	-0.3849	-0.0732
ENSMUSG00000049470	-0.0122	0.1432	-0.0518	-0.1182	0.5019	0.3667
ENSMUSG00000049482	0.0486	-0.2181	0.1637	-0.4429	0.3848	0.0585
ENSMUSG00000049502	0.6053	0.5383	-0.0733	-0.0678	-0.4862	-0.4165
ENSMUSG00000049528	0.5317	0.6315	0.5950	1.1667	1.0396	0.8928
ENSMUSG00000049550	-0.3943	-0.1134	-0.3371	0.1382	-0.1776	-0.3716
ENSMUSG00000049624	0.4588	0.5200	0.0060	-0.2783	0.1184	-0.5564
ENSMUSG00000049648	0.1073	-0.2790	-0.3932	0.4140	-0.3877	0.0455
ENSMUSG00000049674	0.2090	-0.3553	-0.1335	0.0277	-0.4648	0.3035
ENSMUSG00000049717	0.0715	-0.0852	0.4476	-0.0979	-0.1771	0.0310
ENSMUSG00000049741	-0.0140	-0.2148	-0.2081	-0.4800	0.3693	0.0681
ENSMUSG00000049751	-1.0198	-1.1327	-1.5818	-2.0962	-2.0390	-2.6723
ENSMUSG00000049758	-0.2461	-0.0707	0.0094	-0.5581	-0.1390	-0.0858
ENSMUSG00000049806	0.2945	-0.0941	0.2719	-0.7446	0.0531	0.1092
ENSMUSG00000049864	-1.1324	-0.5372	-0.2919	-0.9012	-0.9475	-0.9707
ENSMUSG00000049928	-0.2298	-0.5033	-0.0944	0.1282	0.3829	0.1880
ENSMUSG00000049960	-0.3424	-0.6226	0.0290	0.0092	-0.2813	0.3912
ENSMUSG00000049999	0.0053	0.0211	-0.3461	0.0498	0.1548	0.3837
ENSMUSG00000050030	0.0987	-0.3725	0.5241	0.3537	0.0946	0.9520
ENSMUSG00000050092	0.2009	0.3298	0.3987	0.3522	0.5982	-0.1160
ENSMUSG00000050128	-0.1423	0.2689	-0.1652	0.1958	0.5098	-0.4204
ENSMUSG00000050195	-0.7723	0.5268	0.8969	0.0862	0.0724	-0.4967
ENSMUSG00000050215	-0.0754	-0.2617	-0.2001	-0.1440	-0.4397	-0.1984
ENSMUSG00000050222	-0.2951	-0.4210	0.2056	0.2339	0.5499	0.6424
ENSMUSG00000050229	-0.3934	-0.4613	-0.2793	-0.2266	0.0969	-0.7760
ENSMUSG00000050370	-0.4262	0.2514	-0.0774	0.0640	0.1251	0.0007
ENSMUSG00000050382	0.6435	0.2599	0.4631	-0.0023	0.0771	0.0280
ENSMUSG00000050447	-0.1104	-0.4030	0.6154	0.0014	-0.6588	0.4701
ENSMUSG00000050567	-0.3161	0.0471	-0.1713	0.3164	-0.3195	0.1102
ENSMUSG00000050578	0.7122	0.2473	-0.0987	0.4545	0.5686	0.6850
ENSMUSG00000050763	0.0623	-0.1553	0.2539	-0.8854	-0.2794	0.3663
ENSMUSG00000050788	0.3984	0.0268	0.1536	-0.5626	0.0654	0.1921
ENSMUSG00000050796	1.2649	1.1502	2.0665	1.8388	2.6134	2.1188
ENSMUSG00000050853	-0.1981	-0.0886	0.1599	0.2451	0.3229	-0.2684
ENSMUSG00000050860	-0.1168	0.1502	-0.2257	-0.2030	-0.2468	0.3918
ENSMUSG00000050901	0.4319	-0.5062	0.1449	0.9346	-0.1242	0.1907
ENSMUSG00000050921	0.3576	0.1556	-0.6729	0.3848	0.2918	-0.0365
ENSMUSG00000050931	0.3286	0.2363	-0.4599	0.0991	0.0425	-0.0280
ENSMUSG00000050978	1.3328	1.5637	1.3897	2.3542	1.9184	2.6718
ENSMUSG00000051022	-0.0456	-0.0117	0.1340	-0.4750	-0.0453	-0.4590
ENSMUSG00000051136	-0.1944	-0.6079	-1.0791	-0.3500	-0.8152	-1.4047
ENSMUSG00000051209	-0.0841	-0.0762	0.6019	0.5330	-0.6745	0.2978
ENSMUSG00000051234	-0.0541	0.4953	0.0126	0.0742	-0.3475	-0.1292
ENSMUSG00000051329	0.4224	0.6120	-0.5070	0.0700	-0.2914	-0.3488
ENSMUSG00000051375	-0.2445	0.3829	-0.1605	0.1890	0.6445	0.0864
ENSMUSG00000051493	0.2259	-0.2078	-0.1131	-0.4327	0.4497	-0.8034
ENSMUSG00000051498	-0.2594	0.0672	0.0668	-0.4510	0.3901	-0.0316
ENSMUSG00000051592	-0.2989	0.2704	0.4468	0.4839	0.4589	0.5760
ENSMUSG00000051611	-0.1812	-0.4697	-0.2210	-0.7203	-0.0623	-0.3916
ENSMUSG00000051650	0.1502	-0.2214	0.2752	-0.7569	-0.8186	0.4519
ENSMUSG00000051671	0.5494	-0.4601	0.4679	0.0331	0.1101	-0.4114
ENSMUSG00000051675	-0.0562	-0.7405	-0.0228	-0.2911	0.2413	-0.1512
ENSMUSG00000051695	-0.3397	0.0058	0.1759	0.2633	-0.1151	-0.1889
ENSMUSG00000051706	0.1243	0.3155	-0.1491	0.0345	0.1022	-0.1355
ENSMUSG00000051732	0.0148	-0.4525	0.4112	-0.4511	-0.5582	0.0107
ENSMUSG00000051906	-0.0803	-0.3167	-0.0554	-0.3997	-0.3375	-0.2287
ENSMUSG00000051951	-0.1805	-0.3085	-0.0540	0.3501	0.2484	0.2770
ENSMUSG00000052133	-0.2784	-0.3285	0.2437	0.2315	0.0558	0.1711
ENSMUSG00000052139	0.6401	-0.4453	-0.3254	-0.0320	-0.0577	0.3971
ENSMUSG00000052146	-0.9659	-1.0142	-1.4573	-1.9302	-2.1286	-3.1507
ENSMUSG00000052310	-0.1637	-0.5831	0.0584	0.2668	-0.2666	0.2087
ENSMUSG00000052336	0.0654	0.3974	0.2765	-0.1898	-0.0093	-0.2966
ENSMUSG00000052392	0.2449	-0.1408	-0.2235	-0.0536	0.0480	0.7223
ENSMUSG00000052396	-0.3155	0.1337	-0.3578	0.3578	0.2427	0.4213
ENSMUSG00000052430	-0.1186	0.3774	0.1207	0.1929	-0.0286	0.2461
ENSMUSG00000052435	-0.3491	-1.3922	-0.8774	0.1527	-1.1745	-1.0556
ENSMUSG00000052459	0.0826	-0.2719	0.1541	0.2871	0.3615	0.5227
ENSMUSG00000052504	-0.1771	0.1000	-0.2951	-0.2284	-0.2167	0.1653
ENSMUSG00000052525	-0.4323	-0.2294	-0.0575	0.0972	-0.5992	-0.1046
ENSMUSG00000052533	0.0030	-0.9121	-0.0472	0.1206	-0.2563	-0.1079
ENSMUSG00000052688	0.4165	0.3658	0.0364	-0.7705	0.7000	0.2093
ENSMUSG00000052798	-0.2312	0.2117	0.3271	0.1634	-0.3060	0.3133
ENSMUSG00000052911	0.2395	-0.3011	0.0761	-0.4156	-0.4167	0.0315
ENSMUSG00000052926	0.0109	-0.1596	0.4292	0.3911	0.1909	-0.0125
ENSMUSG00000052962	-0.8469	-0.9499	-1.8310	-1.9643	-2.6343	-2.6912
ENSMUSG00000053004	0.0988	-0.3120	0.0692	-0.1116	0.0272	-0.5451
ENSMUSG00000053007	-0.1060	-0.0280	0.0132	-0.1343	0.5500	-0.1329
ENSMUSG00000053044	-0.1791	0.1498	0.1461	0.0392	0.5860	0.1553
ENSMUSG00000053119	-0.2136	-0.4208	-0.2204	0.3854	-0.4449	-0.3577
ENSMUSG00000053268	-0.3036	-0.3151	0.0936	0.5768	0.3291	-0.1493
ENSMUSG00000053368	0.1378	-0.4873	-0.2074	0.3152	0.3628	-0.0757
ENSMUSG00000053470	-0.4381	0.5475	-0.5289	-1.0092	-0.1870	0.1693
ENSMUSG00000053483	0.1374	0.4476	0.0453	0.3479	-0.0248	-0.1347
ENSMUSG00000053719	0.1661	-0.0688	-0.2316	-0.4230	0.0740	0.0453
ENSMUSG00000053862	0.1825	-0.1002	-0.1741	-0.0818	0.0107	-0.0500
ENSMUSG00000053877	-0.0837	-0.3133	0.0844	0.2658	-0.3026	-0.0314
ENSMUSG00000053898	-0.6082	0.0976	-0.4616	0.0627	0.0666	-0.4203
ENSMUSG00000053916	-0.0903	-0.0434	0.6553	-0.3621	0.4000	0.2926
ENSMUSG00000053965	-0.2724	0.0096	-0.1311	0.0205	-0.0534	0.3048
ENSMUSG00000054115	0.0247	-0.2393	0.0311	-0.2504	0.1652	0.6919
ENSMUSG00000054146	0.1329	-0.0665	-0.0461	-0.0239	0.7403	-0.1873
ENSMUSG00000054150	0.2870	0.5909	-0.0742	0.4096	0.2006	0.0460
ENSMUSG00000054293	-0.4334	0.4737	0.5122	0.1507	-0.4085	-0.3669
ENSMUSG00000054431	-0.2674	0.2392	0.1183	-0.2709	-0.5562	0.3899
ENSMUSG00000054446	-0.1667	-0.0058	-0.0502	-0.2810	-0.0371	0.0480
ENSMUSG00000054520	0.1406	0.6846	-0.0487	0.2845	0.3344	0.3884
ENSMUSG00000054526	0.0043	-0.3307	0.0400	0.0261	-0.0034	-0.2489
ENSMUSG00000054666	0.3519	0.5722	-0.3105	-0.0884	0.0571	0.1503
ENSMUSG00000054702	-0.0744	0.0393	0.0956	0.2081	0.1090	0.0940
ENSMUSG00000054808	-0.0175	0.0313	-0.2416	0.5487	-0.4372	-0.0633
ENSMUSG00000054890	-0.4483	-0.3398	0.2599	-0.0333	0.0147	-0.5162
ENSMUSG00000054892	0.2674	0.6232	-0.0613	-0.3730	-0.0621	0.7369
ENSMUSG00000055013	0.1002	0.5087	-0.1765	0.3478	-0.8114	0.5865
ENSMUSG00000055022	0.3293	-0.4894	0.4518	-0.3906	-0.0518	-0.2280
ENSMUSG00000055024	0.4813	0.0260	0.1500	0.1121	0.0690	-0.5214
ENSMUSG00000055254	0.4633	0.5948	0.3616	-0.1563	0.3248	-0.4296
ENSMUSG00000055301	-0.2331	0.6333	-0.1902	0.3970	-0.7772	-0.6214
ENSMUSG00000055371	0.1454	-0.3477	0.0042	0.1329	-0.1738	-0.1368
ENSMUSG00000055373	2.0862	0.7760	1.6664	2.2088	2.5026	2.7211
ENSMUSG00000055421	0.1636	-0.2215	-0.2931	0.5824	-0.1284	0.2559
ENSMUSG00000055435	-0.2272	0.3050	0.2855	0.4519	0.3949	-0.1928
ENSMUSG00000055523	0.9476	0.3723	0.9208	1.3600	0.6488	1.2965
ENSMUSG00000055531	-0.1450	-0.0763	-0.3764	0.6651	-0.0215	-0.3141
ENSMUSG00000055571	-0.0803	0.0233	0.6441	0.3444	-0.0714	-0.6579
ENSMUSG00000055723	0.0605	-0.1711	0.2033	0.5095	-0.0922	-0.1972
ENSMUSG00000055799	-0.1495	-0.0546	0.7413	-0.5084	0.4882	0.3177
ENSMUSG00000055817	-0.0028	1.6064	-0.2227	0.2825	0.1347	-0.1497
ENSMUSG00000055838	0.3037	-0.2526	0.5637	-0.2276	0.4769	-0.3728
ENSMUSG00000055866	0.3648	-0.3850	0.5592	-0.0454	-0.1484	0.1409
ENSMUSG00000055937	0.5800	0.3861	-0.3438	0.0848	0.2670	-0.2153
ENSMUSG00000055994	0.2876	0.1386	0.3315	0.4772	-0.0018	-0.4248
ENSMUSG00000056025	0.1142	0.7169	0.3661	-1.0699	-0.4558	-0.1363
ENSMUSG00000056130	-0.5694	0.2013	0.0008	-0.1618	0.4348	-0.2146
ENSMUSG00000056148	-0.3259	-0.0640	0.2159	-0.3617	0.2839	0.4615
ENSMUSG00000056185	-0.3674	0.0826	0.0896	0.3363	0.5965	0.3752
ENSMUSG00000056228	1.0681	1.3229	1.8957	1.8544	2.0042	3.2390
ENSMUSG00000056281	0.4880	-0.3952	-0.0263	-0.2733	0.2108	0.2316
ENSMUSG00000056427	0.1842	0.0140	0.2330	0.1592	0.2857	0.0909
ENSMUSG00000056493	-0.5531	0.0725	-0.0246	-0.0227	-0.0240	-0.1957
ENSMUSG00000056515	-0.1276	-0.1662	-0.5185	0.6301	0.3865	0.6688
ENSMUSG00000056605	0.0216	0.3908	0.7657	-0.0506	0.1117	-0.2576
ENSMUSG00000056643	1.0880	1.2554	1.7232	1.6766	1.8286	2.1904
ENSMUSG00000056752	-0.5018	0.2165	0.5476	-0.3323	0.7561	-0.1574
ENSMUSG00000056822	-0.0382	0.0774	0.6272	0.1204	-0.6366	0.7186
ENSMUSG00000056880	-0.3327	0.2424	-0.2695	-0.4485	-0.2734	0.7840
ENSMUSG00000056895	0.2002	0.1420	-0.0041	-0.0923	-0.7619	0.5687
ENSMUSG00000056901	0.5035	-0.2018	0.1559	-0.7433	0.1213	-0.3387
ENSMUSG00000056946	-0.0303	0.6446	0.6796	-0.5556	-0.1786	0.4667
ENSMUSG00000056999	-0.0086	0.3579	-0.3721	-0.3221	0.2674	0.1842
ENSMUSG00000057037	-0.5088	0.1464	0.4879	0.0115	0.6865	-0.5461
ENSMUSG00000057050	-0.7767	-0.5965	-0.2877	-0.0913	0.2393	0.4500
ENSMUSG00000057134	0.4650	0.0474	-0.4249	0.4636	-0.2412	-0.4257
ENSMUSG00000057177	-0.3178	0.2487	0.0884	0.0740	-0.0879	-0.1585
ENSMUSG00000057228	0.2403	0.0187	-0.3287	0.4515	-0.0531	0.0824
ENSMUSG00000057244	0.2827	0.0967	0.2497	-0.2705	-0.2808	0.0807
ENSMUSG00000057270	-0.1491	-0.0399	-0.2477	-0.1920	0.2920	-0.0787
ENSMUSG00000057329	0.5025	0.0438	-0.3975	-0.0237	-0.1629	0.2507
ENSMUSG00000057337	-1.2885	-1.0389	-2.1033	-2.0891	-2.3733	-2.9115
ENSMUSG00000057388	0.9768	1.5352	1.5929	1.9915	2.0479	2.4396
ENSMUSG00000057425	0.0978	-0.1201	-0.5488	-0.0111	-0.5617	-0.0140
ENSMUSG00000057596	0.5653	0.0989	-0.0375	0.1751	0.0366	-0.1504
ENSMUSG00000057614	-0.1304	0.3530	0.1297	-0.0075	0.1569	0.1109
ENSMUSG00000057649	0.1629	0.0847	0.3554	0.2107	0.4103	-0.9993
ENSMUSG00000057672	0.0180	0.2024	0.4619	0.1546	-0.2656	0.0174
ENSMUSG00000057699	-0.2037	-0.2233	0.0720	0.1949	0.2970	0.1946
ENSMUSG00000057801	-0.3123	0.5232	0.4584	0.3460	0.5406	0.0366
ENSMUSG00000057817	-0.4989	0.2688	-0.0799	0.0950	-0.1063	-0.4147
ENSMUSG00000057841	0.8387	1.6237	1.8306	1.0416	1.9689	2.5363
ENSMUSG00000057903	-0.3565	0.4541	-0.3901	-0.4312	-0.4865	-0.2149
ENSMUSG00000057967	-0.0269	-0.2590	-0.2579	0.1532	0.2723	-0.3198
ENSMUSG00000057969	0.2988	-0.1227	-0.1729	0.1033	-0.2829	0.1046
ENSMUSG00000058005	0.8802	0.1585	0.8455	1.1193	0.8406	1.3354
ENSMUSG00000058084	0.0863	-0.2667	-0.1492	-0.4313	0.6973	0.4359
ENSMUSG00000058152	1.4488	1.4027	1.9064	1.8613	2.3299	2.5877
ENSMUSG00000058200	-0.5077	0.7496	-0.1045	-0.0611	0.3101	0.5641
ENSMUSG00000058216	0.2840	0.0216	-0.2813	-0.2919	0.8195	-0.1593
ENSMUSG00000058230	-0.2626	-0.7192	0.5569	0.2814	0.2315	-0.4104
ENSMUSG00000058254	0.7602	-0.3322	-0.5690	-0.3680	-0.0429	0.0528
ENSMUSG00000058258	1.0127	2.0516	1.3858	2.2788	2.1354	3.0035
ENSMUSG00000058267	-0.4070	0.3688	0.7789	0.1110	-0.0788	0.2378
ENSMUSG00000058301	-0.1309	-0.1558	-0.0951	-0.1131	0.2401	0.0453
ENSMUSG00000058349	0.4742	0.8507	0.1988	0.1471	-0.3318	-0.1427
ENSMUSG00000058354	0.2038	-0.7917	-0.1242	-0.3987	0.7754	-0.0912
ENSMUSG00000058440	-0.3921	0.3091	0.0444	-0.8578	0.5589	-0.2556
ENSMUSG00000058444	-0.3818	0.2514	-0.4772	0.1991	-0.5046	-0.0973
ENSMUSG00000058587	-0.2056	0.1196	-0.0054	-0.4434	-0.0256	-0.3604
ENSMUSG00000058600	1.1834	1.7568	1.8309	2.6673	2.3239	2.0721
ENSMUSG00000058620	-0.1126	-1.0159	0.3908	0.3982	-0.0606	-0.0798
ENSMUSG00000058692	0.0477	0.3200	0.2819	0.3786	0.2114	0.2294
ENSMUSG00000058806	0.0426	0.2229	0.8179	0.8568	1.3866	2.1058
ENSMUSG00000058807	0.5659	-0.3907	0.0082	0.2149	0.3850	0.1456
ENSMUSG00000058881	-0.1191	-0.0991	-0.0845	0.5353	0.2974	0.1941
ENSMUSG00000058952	0.0297	-0.2196	-0.1955	0.0458	0.3591	-0.0632
ENSMUSG00000059030	-0.1734	-0.4109	-0.0353	0.2224	0.2218	0.3457
ENSMUSG00000059043	-0.0647	-0.2766	0.4638	-0.0438	-0.5918	0.0624
ENSMUSG00000059070	1.2527	1.2995	1.8844	2.1758	2.3271	2.5281
ENSMUSG00000059087	-0.0520	-0.3764	-0.1812	0.1777	-0.0363	0.6294
ENSMUSG00000059183	1.1812	1.8285	1.7613	1.8667	2.4156	2.3448
ENSMUSG00000059189	0.2101	0.0208	-0.4504	0.5364	-0.2411	-0.3405
ENSMUSG00000059205	0.2132	0.0843	-0.2499	0.8790	-0.3113	0.4621
ENSMUSG00000059208	0.0516	-0.1774	-0.3176	-0.1315	0.0186	-0.0912
ENSMUSG00000059279	-0.1062	0.1423	0.4019	-0.3812	-0.2173	-0.0391
ENSMUSG00000059291	1.0792	1.7342	1.9806	1.5640	2.5579	2.1961
ENSMUSG00000059410	0.5341	-0.0120	-0.2524	0.0073	-0.1847	-0.1102
ENSMUSG00000059411	-0.4630	0.5132	-0.2394	-0.3202	-0.9238	0.3196
ENSMUSG00000059429	-0.6825	-0.4716	-0.9840	-0.9880	-1.2493	-1.6004
ENSMUSG00000059430	-0.3408	-0.4970	0.2129	0.1688	-0.4170	-0.6140
ENSMUSG00000059456	0.1215	-0.3842	-0.3510	-0.2375	0.7931	0.1491
ENSMUSG00000059460	0.7306	-0.1941	-0.0335	0.0500	0.0739	-0.0675
ENSMUSG00000059473	-0.0028	-0.1883	0.2786	0.0592	-0.2389	-0.4724
ENSMUSG00000059488	-0.2843	-0.4366	-0.2177	-0.2676	-0.0012	-0.4750
ENSMUSG00000059503	0.4108	-0.0368	0.1185	0.3704	-0.1592	0.4924
ENSMUSG00000059504	0.8007	-0.7633	-0.2566	-0.1368	-0.5464	-0.2545
ENSMUSG00000059741	0.4189	-0.4626	-0.2262	-0.3315	0.2590	0.8534
ENSMUSG00000059743	0.1389	-0.1679	-0.2148	-0.2819	0.4086	-0.5513
ENSMUSG00000059776	1.8043	1.4315	1.5273	2.3027	2.2608	1.9324
ENSMUSG00000059810	0.3084	0.1935	0.0138	-0.4299	-0.2556	-0.1331
ENSMUSG00000059824	-0.2574	-0.0026	-0.0688	-0.3050	-0.3610	-0.1334
ENSMUSG00000059851	0.3985	0.1300	-0.5472	-0.1161	0.0460	0.4827
ENSMUSG00000059970	0.3792	-0.2173	0.2917	-0.6754	0.2810	0.2327
ENSMUSG00000060017	-0.0074	0.6295	0.8968	0.6441	-0.2078	-0.1388
ENSMUSG00000060036	0.2340	0.1876	0.5041	0.3377	0.5369	-0.1747
ENSMUSG00000060063	0.7637	0.4926	0.1034	-0.5711	-0.5717	-0.0507
ENSMUSG00000060070	-0.3118	0.3359	0.1107	-0.1573	0.5195	-0.3241
ENSMUSG00000060073	0.0771	-0.6177	-0.5240	0.6167	0.4183	-0.1973
ENSMUSG00000060105	0.4307	-0.3641	0.3881	0.3015	0.6141	0.1057
ENSMUSG00000060205	0.2933	0.2236	-0.4587	0.0599	0.3251	0.5251
ENSMUSG00000060244	0.8942	1.4807	0.8935	1.2056	1.0857	1.4601
ENSMUSG00000060256	-0.4297	0.7124	-0.7052	-0.1258	0.1356	0.7232
ENSMUSG00000060261	0.6656	0.0908	-0.3894	-0.0787	0.6776	-0.2688
ENSMUSG00000060279	-0.2219	-0.4064	-0.0233	0.2875	-0.3981	0.2525
ENSMUSG00000060303	0.2320	0.0108	-0.5167	-0.1303	-0.8301	0.2408
ENSMUSG00000060402	-0.1094	-0.1272	-0.3796	0.5307	0.3938	0.6247
ENSMUSG00000060407	0.0933	0.7590	0.3059	0.0230	-0.0970	-0.2654
ENSMUSG00000060477	-0.0055	-0.3833	-0.3474	0.5112	-0.2481	0.8394
ENSMUSG00000060499	1.0279	1.2881	1.5798	1.5557	1.6305	2.0025
ENSMUSG00000060586	0.2457	0.1071	0.0310	0.4504	0.0999	-0.3300
ENSMUSG00000060601	0.2976	0.0297	-0.1410	0.0906	0.2386	-0.2352
ENSMUSG00000060636	-1.2252	-1.4726	-1.9752	-1.9035	-2.6016	-2.5778
ENSMUSG00000060681	-0.1085	0.1001	-0.0249	0.2929	-0.2518	-0.0690
ENSMUSG00000060733	-0.0791	0.6781	-0.3720	0.2427	-0.4019	-0.4947
ENSMUSG00000060759	0.2907	0.3110	-0.1970	0.3942	0.4489	0.6941
ENSMUSG00000060803	-0.1953	0.6213	-0.3311	0.4285	0.0521	0.5478
ENSMUSG00000060827	0.5067	-0.0881	0.6677	0.5723	0.4876	0.2522
ENSMUSG00000060888	-0.0684	0.7600	0.1385	0.1576	-0.1862	0.4041
ENSMUSG00000060938	0.8032	2.4552	1.5139	2.4077	2.7632	2.7656
ENSMUSG00000060961	-0.3823	-0.6095	-1.5172	-0.9608	-1.0669	-1.2211
ENSMUSG00000061000	-0.0463	-0.1475	0.2330	-0.1478	-0.4137	0.0332
ENSMUSG00000061068	0.5598	0.4357	0.3198	0.0739	-0.0247	0.5010
ENSMUSG00000061079	1.5872	1.9234	1.3556	1.9619	1.6879	2.5953
ENSMUSG00000061099	0.0046	-0.3111	-0.2179	0.0055	-0.2677	1.1223
ENSMUSG00000061126	-0.0668	-0.0526	-0.2833	-0.2260	-0.0023	-0.5849
ENSMUSG00000061132	-0.7592	0.0053	0.3123	-0.4582	0.4581	0.3757
ENSMUSG00000061136	0.3772	0.1203	0.4891	-0.1547	0.2922	0.3251
ENSMUSG00000061175	-0.0809	0.2320	0.3322	-0.0855	0.3312	0.3529
ENSMUSG00000061353	-0.2228	0.6504	0.3933	0.6367	0.2648	0.2254
ENSMUSG00000061393	-0.0313	0.1512	-0.6985	0.2200	0.9828	0.4708
ENSMUSG00000061436	-0.1068	-0.0706	0.2119	0.2002	-0.3060	0.1067
ENSMUSG00000061462	-0.4064	-0.3141	0.2592	0.2578	0.3392	-0.3666
ENSMUSG00000061474	-1.5559	-1.5723	-1.4592	-1.4176	-2.2719	-2.4092
ENSMUSG00000061477	0.6680	1.8878	1.9938	2.0658	1.9722	2.2457
ENSMUSG00000061549	0.2335	-0.2780	0.2424	-0.4756	0.4711	-0.2521
ENSMUSG00000061559	-0.3184	0.2114	-0.7962	-0.2687	0.3521	0.1048
ENSMUSG00000061589	-0.2243	-0.0889	0.1343	-0.1426	-0.1691	0.3327
ENSMUSG00000061626	-0.7059	-1.1461	-0.5763	-0.6155	-0.5524	-0.9759
ENSMUSG00000061666	-0.2726	-0.4209	0.3110	-0.3099	0.2321	-0.1006
ENSMUSG00000061769	0.0792	0.0751	0.3696	0.1383	-0.3123	0.0993
ENSMUSG00000061825	-0.2111	-0.0092	-0.0533	0.4250	0.2323	0.0960
ENSMUSG00000061981	-0.2002	-0.9150	0.5410	0.1621	0.4407	0.2337
ENSMUSG00000061984	-0.0396	0.3029	-0.1867	0.1362	-0.2393	-0.3352
ENSMUSG00000061991	0.2957	0.1976	0.3613	0.2220	0.1305	-0.2127
ENSMUSG00000062017	0.2155	-0.3020	-0.1221	0.0562	0.3065	0.5264
ENSMUSG00000062082	-0.3083	-0.2784	-0.1135	-0.5885	0.0890	0.4800
ENSMUSG00000062121	0.2349	-0.6007	0.1118	0.3389	0.1473	-0.1564
ENSMUSG00000062128	-0.0455	-0.1145	0.3044	-0.0413	0.1029	0.4795
ENSMUSG00000062142	0.4564	-0.0187	-0.3982	-0.0916	-0.3945	0.2870
ENSMUSG00000062175	-0.4615	-0.2634	0.2834	-0.2418	0.0412	-0.4764
ENSMUSG00000062199	0.2692	0.4646	-0.0918	-0.1165	0.1612	-0.4829
ENSMUSG00000062270	-0.5768	-0.5408	-0.2462	0.1873	-0.2622	0.0384
ENSMUSG00000062309	0.5518	0.3286	0.0177	0.3129	-0.0238	-0.1307
ENSMUSG00000062328	1.7371	1.6748	2.0718	1.9805	2.3585	2.0081
ENSMUSG00000062382	-0.2057	-0.2965	-0.1545	-0.0231	0.2192	0.1300
ENSMUSG00000062421	-0.7798	-0.1406	-0.0856	-0.4298	0.7325	0.1690
ENSMUSG00000062480	1.4454	1.7002	2.7050	1.6687	1.6890	1.7561
ENSMUSG00000062624	-0.1734	-0.1015	-0.5597	-0.0244	0.1528	-0.3025
ENSMUSG00000062647	0.9510	1.5002	1.8857	2.6656	2.2207	2.4573
ENSMUSG00000062683	-0.7218	0.0156	0.7135	-0.1544	0.3181	-0.1965
ENSMUSG00000062687	0.0268	-0.1337	0.2194	0.1311	-0.1215	-0.5088
ENSMUSG00000062727	0.5038	0.1661	-0.0314	0.1961	-0.3250	-0.1386
ENSMUSG00000062751	0.1694	-0.0445	0.3417	-0.2693	0.2868	-0.3350
ENSMUSG00000062878	-0.0311	-0.4565	-0.2371	0.3047	0.1562	-0.5863
ENSMUSG00000062908	-0.3463	0.5511	-0.0311	-0.4135	-0.2145	0.1296
ENSMUSG00000062937	-0.5887	-0.0090	0.5014	0.0819	-0.1651	0.4466
ENSMUSG00000062939	-0.1729	0.3130	0.2980	-0.0530	0.3753	-0.5896
ENSMUSG00000062949	-0.4871	0.1413	0.0055	0.4501	0.3572	0.1746
ENSMUSG00000062997	1.2268	1.6572	1.9753	2.0921	1.7037	2.7632
ENSMUSG00000063021	0.7325	-0.5621	0.3633	0.1751	0.1060	-0.1472
ENSMUSG00000063089	0.4310	0.3810	0.4247	-0.4822	0.2903	-0.0263
ENSMUSG00000063116	-0.8030	-1.0537	-0.8819	-1.1984	-1.5654	-0.7239
ENSMUSG00000063129	-0.0900	-0.2999	-0.2604	-0.7589	-0.3319	0.1039
ENSMUSG00000063133	-0.1207	0.1873	-0.5250	-0.3233	-0.1325	-0.3130
ENSMUSG00000063179	1.4979	0.9805	1.0995	2.5945	2.3985	2.7056
ENSMUSG00000063225	-0.3276	-1.0311	-0.1624	-1.0113	-1.4558	-1.4346
ENSMUSG00000063354	-0.5003	-0.0791	0.1888	0.3505	-0.1764	-0.2962
ENSMUSG00000063380	-0.3345	-0.3816	-0.0197	-0.7533	-0.2981	-0.2980
ENSMUSG00000063457	-0.2158	-0.1039	-0.0193	-0.2717	-0.2565	-0.6103
ENSMUSG00000063480	-0.2295	-0.8175	-0.2341	0.1032	0.3616	0.0810
ENSMUSG00000063704	-0.5427	-0.8296	-0.9240	-1.2253	-1.5804	-1.2562
ENSMUSG00000063727	-0.1703	0.0186	-0.1165	-0.4007	-0.5684	-0.3340
ENSMUSG00000063739	0.9692	1.6996	1.5758	1.6304	1.5888	2.7531
ENSMUSG00000063777	-0.4738	-0.0667	-0.3282	-0.1204	0.7918	0.1929
ENSMUSG00000063802	-0.0269	0.6409	0.0621	0.0062	0.0710	0.4629
ENSMUSG00000063844	-0.0589	0.2213	-0.1484	-0.0124	0.0556	0.3521
ENSMUSG00000063849	-0.2576	-0.2010	-0.0688	-0.1100	0.5244	0.4058
ENSMUSG00000063881	0.0950	0.0189	-0.2061	0.7722	-0.0607	-0.2538
ENSMUSG00000063903	-0.1294	0.1197	0.0190	-0.0877	-0.1132	-0.6473
ENSMUSG00000063953	-0.5857	-0.0114	-0.1217	0.6791	-0.2541	-0.3512
ENSMUSG00000064068	0.0894	0.2888	1.0237	-0.4984	-0.0024	-0.0915
ENSMUSG00000064080	-0.3711	0.4416	-0.1279	-0.2632	-0.1155	-0.0104
ENSMUSG00000064120	0.0610	-0.4701	0.1555	-0.2331	0.8418	0.1080
ENSMUSG00000064177	0.1507	-0.0292	-0.3375	-0.0817	0.1077	0.4051
ENSMUSG00000064201	0.4060	-0.1532	0.2723	0.3860	-0.5422	0.0051
ENSMUSG00000064213	0.2211	-0.3523	-0.2707	-0.0300	0.0423	-0.2640
ENSMUSG00000064325	0.1604	-0.2233	0.0210	0.3439	-0.0805	-0.2447
ENSMUSG00000064326	0.1120	-0.5666	0.1685	0.2365	-0.5844	0.5218
ENSMUSG00000064329	-0.3450	0.4056	0.0390	0.5512	0.1329	0.4573
ENSMUSG00000064341	0.5143	0.3296	-0.0778	-0.0675	-0.1670	-0.0540
ENSMUSG00000064394	-0.0898	0.4648	-0.1755	0.1002	-0.0091	-0.0144
ENSMUSG00000064413	0.4006	0.3537	0.3017	-0.2050	0.2884	-0.4036
ENSMUSG00000064432	0.4393	0.5534	0.5538	0.3739	1.1505	1.1423
ENSMUSG00000064515	0.0253	1.0956	1.5712	2.3003	2.1811	2.6178
ENSMUSG00000064543	-0.1996	0.2115	-0.0081	-0.0754	0.3212	0.0412
ENSMUSG00000064549	-0.2328	0.1892	0.4567	0.0800	0.2147	-0.3810
ENSMUSG00000064550	0.1579	0.2763	0.3048	0.2035	0.0291	0.6794
ENSMUSG00000064580	-0.0873	-0.2322	-0.4296	-0.6525	0.2304	-0.3602
ENSMUSG00000064582	-0.2407	0.3553	-0.4206	0.0630	-0.1817	0.3440
ENSMUSG00000064586	0.3717	-0.2628	0.2446	0.1220	0.0072	0.6424
ENSMUSG00000064591	-0.6947	-0.5295	-0.1102	-1.2383	-1.5382	-1.7635
ENSMUSG00000064630	-0.4242	0.5448	-0.0905	0.4049	0.4408	-0.5876
ENSMUSG00000064632	0.3653	-0.7311	-0.4593	0.2186	0.1485	0.1031
ENSMUSG00000064653	0.6212	0.2175	-0.0349	-0.0820	0.5721	-0.0913
ENSMUSG00000064682	0.0488	0.0235	0.2309	-0.0184	0.0560	0.4734
ENSMUSG00000064688	0.2742	0.5307	0.1428	0.2651	0.5214	-0.0357
ENSMUSG00000064707	0.2908	-0.0018	-0.2211	-0.3543	-0.0905	-0.1202
ENSMUSG00000064715	0.3384	-0.9732	0.0879	-0.1467	-0.3737	-0.1022
ENSMUSG00000064732	0.0451	0.4520	0.1502	-0.3380	-0.5765	0.4418
ENSMUSG00000064734	0.0104	-0.3531	-0.2080	0.5060	-0.5002	0.2969
ENSMUSG00000064735	0.0637	0.0976	0.2703	-0.4139	-0.1628	0.3970
ENSMUSG00000064737	0.1230	-0.3108	-0.7692	-0.4201	0.0286	0.0788
ENSMUSG00000064738	-0.8160	-0.4255	-0.0506	-0.0513	0.2114	-0.0784
ENSMUSG00000064748	2.0782	1.8932	1.7965	2.2010	2.3630	2.7838
ENSMUSG00000064762	-0.6445	-0.9505	-0.7856	-0.9873	-1.1040	-0.5966
ENSMUSG00000064764	-0.1224	0.6583	-0.0763	0.2634	0.0936	0.2856
ENSMUSG00000064772	0.1777	-0.3771	-0.7858	0.3679	0.4589	-0.8613
ENSMUSG00000064818	-0.8013	0.1900	-0.1253	-0.2286	-0.1796	0.0948
ENSMUSG00000064830	0.6403	0.4827	-0.3545	0.2416	-0.1824	0.5988
ENSMUSG00000064857	1.1057	1.6623	1.8465	2.2231	1.1861	2.1163
ENSMUSG00000064884	-0.0177	-0.3955	0.1739	0.1988	-0.2224	-0.6081
ENSMUSG00000064923	0.4119	0.1518	-0.6358	0.0308	0.5408	0.2287
ENSMUSG00000064948	0.3378	-0.4569	-0.0827	0.1537	0.1009	0.0888
ENSMUSG00000064954	-0.1989	-0.4770	-0.0290	-0.2056	-0.3775	-0.1694
ENSMUSG00000064964	0.0722	0.0075	0.1386	0.5760	0.4953	0.1072
ENSMUSG00000064977	0.4345	0.1800	-0.1244	-0.4151	0.1084	0.1419
ENSMUSG00000065012	0.0178	0.4172	0.3213	0.4773	-0.5047	0.2516
ENSMUSG00000065029	1.1024	0.6907	0.4429	0.7562	1.1929	1.3274
ENSMUSG00000065040	0.3967	-0.5019	0.3728	0.2336	-0.8432	0.1917
ENSMUSG00000065053	-0.3253	-0.4246	0.0027	-0.4546	-0.4638	0.2247
ENSMUSG00000065111	-0.1637	-0.3733	-0.1440	-0.0634	0.1361	0.3748
ENSMUSG00000065155	0.4279	0.1136	0.0213	-0.1916	-0.3453	-0.5568
ENSMUSG00000065159	-0.7520	-0.7743	-1.1444	-0.6097	-0.9497	-1.4343
ENSMUSG00000065164	-0.0715	0.3340	0.1670	-0.1802	0.5452	0.7340
ENSMUSG00000065185	-0.0688	0.0013	0.1894	0.1096	0.2776	-0.3559
ENSMUSG00000065232	-0.0491	-0.9192	-0.0554	0.0515	0.3973	-0.9153
ENSMUSG00000065256	0.0443	-0.4406	-0.0428	0.3496	0.5140	-1.3454
ENSMUSG00000065333	-0.2773	-0.5181	0.2043	0.4308	-0.1889	0.2440
ENSMUSG00000065371	-0.4701	0.2487	-0.3820	-0.7163	0.1582	0.1267
ENSMUSG00000065384	-0.1642	-0.0025	0.0936	-0.3220	-0.4775	-0.1014
ENSMUSG00000065397	0.3499	-0.3507	0.1549	-0.2697	0.5349	-0.3293
ENSMUSG00000065402	-0.6798	-0.1502	-0.7316	-0.8409	-1.0014	-0.8739
ENSMUSG00000065408	0.0571	-0.0817	-0.0616	0.0278	-0.0328	-0.2282
ENSMUSG00000065435	-0.1990	-0.4136	0.6142	0.1738	-0.1035	0.0856
ENSMUSG00000065442	0.2095	0.1272	-0.2790	-0.1022	-0.3554	0.3279
ENSMUSG00000065453	0.5477	0.3451	0.2152	0.1418	0.4124	-0.0592
ENSMUSG00000065458	-0.2909	-0.1259	0.5132	-0.1219	-0.7818	0.6706
ENSMUSG00000065480	-0.1337	0.6594	-0.0477	0.7523	-0.1210	-0.2111
ENSMUSG00000065513	-0.7970	-0.2525	-0.6369	-0.5129	-0.6697	0.1934
ENSMUSG00000065516	-0.4262	0.1685	0.8255	0.4931	-0.1317	-0.0157
ENSMUSG00000065518	-0.2209	0.6347	0.1172	-0.2710	-0.3251	-0.2899
ENSMUSG00000065519	-0.2511	0.2888	0.3673	-0.0588	-0.3314	-0.2370
ENSMUSG00000065520	0.0117	-0.0550	0.1558	0.7643	0.4134	-0.3599
ENSMUSG00000065524	0.1416	0.1483	0.0927	-0.4970	0.1726	-0.1938
ENSMUSG00000065534	0.3783	-0.1061	-0.1730	0.0007	0.1037	-0.6578
ENSMUSG00000065540	-0.4638	0.6814	-0.0138	-0.4367	0.9951	0.0010
ENSMUSG00000065551	0.0129	0.0643	0.3117	0.0350	-0.1116	0.2700
ENSMUSG00000065562	0.3016	-0.4369	-0.2491	0.1986	-0.7574	0.3671
ENSMUSG00000065564	0.0255	0.0287	-0.8661	0.3029	0.3257	0.0262
ENSMUSG00000065575	-0.1233	0.4171	0.2305	-0.4128	-0.2982	-0.3093
ENSMUSG00000065586	-0.6162	-0.2432	0.1788	0.0480	-0.3137	0.0254
ENSMUSG00000065591	0.0319	-0.7957	0.3635	-0.2889	-0.0792	-0.5249
ENSMUSG00000065592	0.1788	1.0399	-0.0686	-0.2197	0.0271	0.3296
ENSMUSG00000065609	-0.4913	0.4010	0.1139	-0.0211	0.1053	0.0674
ENSMUSG00000065620	0.2580	0.0770	-0.1511	-0.1502	-0.2185	0.5953
ENSMUSG00000065622	-0.3414	0.1239	0.3844	0.6418	0.1431	-0.2711
ENSMUSG00000065623	-0.4150	0.1729	0.1801	0.2969	-0.3376	0.0491
ENSMUSG00000065625	0.2030	0.5382	0.2182	0.0726	0.3692	-0.1308
ENSMUSG00000065636	-0.2678	0.0884	-0.0733	0.0448	0.2658	0.4345
ENSMUSG00000065657	-0.1013	0.6976	0.2583	-0.5823	-0.2625	-0.6447
ENSMUSG00000065667	0.0350	0.1008	-0.5324	-0.1038	0.2001	-0.1374
ENSMUSG00000065702	0.2302	-0.0565	0.1778	0.4531	0.2912	-0.5395
ENSMUSG00000065705	0.0382	0.7595	0.5896	0.6768	-0.0216	-0.2072
ENSMUSG00000065718	0.1162	-0.3745	-0.1529	-0.3173	-0.0114	-0.0649
ENSMUSG00000065763	-0.2399	0.1748	0.0404	0.0156	0.1288	0.2885
ENSMUSG00000065764	0.3221	-0.1290	0.5002	0.5988	-0.5831	-0.0519
ENSMUSG00000065869	0.0356	-0.0584	-0.0965	0.1707	-1.1231	-0.4415
ENSMUSG00000065876	-0.2836	0.3459	0.0533	0.3764	-0.1449	-0.1562
ENSMUSG00000065887	1.0264	1.8740	2.2025	2.7811	1.9340	2.6685
ENSMUSG00000065903	0.0102	-0.5941	0.0388	0.6981	-0.5063	0.0307
ENSMUSG00000065905	0.3799	0.6008	0.0528	0.3032	-0.5394	-0.3893
ENSMUSG00000065987	-0.1569	0.0995	0.1617	-0.1704	0.0230	0.3130
ENSMUSG00000066072	0.0168	0.5179	-0.3918	0.2995	-0.1808	-0.1910
ENSMUSG00000066150	-0.0808	0.5138	0.5029	0.0071	0.0717	0.3033
ENSMUSG00000066242	-0.4904	-0.5571	0.1734	0.0256	-0.0241	-0.5729
ENSMUSG00000066262	-0.2015	-0.0255	0.4219	-0.0036	0.0860	0.2027
ENSMUSG00000066278	0.1450	0.2752	-0.4099	0.2883	-0.6148	-0.1594
ENSMUSG00000066324	0.1014	0.3937	0.0400	0.6315	0.1138	-0.5538
ENSMUSG00000066392	0.3032	-0.2955	-0.4610	0.5435	0.2761	-0.0735
ENSMUSG00000066441	0.0145	-0.2140	-0.3410	0.2122	-0.4642	0.6023
ENSMUSG00000066475	1.0328	1.3989	1.2849	2.2231	2.6241	2.2482
ENSMUSG00000066516	0.0635	-0.0172	0.0416	0.4872	0.1602	-0.0017
ENSMUSG00000066551	-0.0041	-0.4293	-0.0993	-0.0301	-0.4367	0.0645
ENSMUSG00000066714	-1.0347	-1.3119	-1.8653	-1.9551	-2.2068	-2.0429
ENSMUSG00000066755	0.2255	-0.2308	0.0768	-0.2061	-0.5626	0.1057
ENSMUSG00000066896	-0.0169	0.0283	0.1441	0.0618	0.3225	-0.0515
ENSMUSG00000067006	0.2599	0.3994	0.2606	-0.1818	-0.1569	0.4091
ENSMUSG00000067058	-0.2201	0.3947	-0.2873	-0.0003	0.4539	-0.2406
ENSMUSG00000067212	-0.1110	0.1953	-0.4526	-0.0090	0.1081	-0.5390
ENSMUSG00000067220	-0.3771	0.4448	-0.1376	-0.5053	0.2871	-0.3278
ENSMUSG00000067231	-0.3888	-0.1922	0.0720	-0.7631	-0.4704	0.2206
ENSMUSG00000067235	-0.5000	0.0549	0.2761	0.0018	0.3816	-0.1685
ENSMUSG00000067274	0.9223	1.9045	1.4688	2.0039	1.4698	2.8745
ENSMUSG00000067279	-0.2027	0.3545	0.1603	0.3376	-0.1920	-0.0048
ENSMUSG00000067370	0.3978	-0.1826	-0.4031	0.1137	0.3888	-0.2920
ENSMUSG00000067522	-0.5274	0.3446	0.0101	0.7290	-0.3425	0.4033
ENSMUSG00000067525	0.3451	-0.3832	-0.2076	-0.1557	0.6693	0.5844
ENSMUSG00000067567	0.0411	0.4576	-0.0404	0.1617	0.3548	-0.1448
ENSMUSG00000067594	-0.2902	-0.5122	0.2133	-0.3330	-0.0386	-0.2550
ENSMUSG00000067604	0.0668	-0.1635	0.0565	0.3566	-0.3271	0.6451
ENSMUSG00000067614	1.0172	-0.5643	0.2266	0.0384	-0.2833	-0.1630
ENSMUSG00000067702	-0.1668	0.2560	0.4527	0.0014	-0.0754	-0.1802
ENSMUSG00000067714	0.2278	0.0090	0.4236	-0.3639	-0.2845	-0.3072
ENSMUSG00000067825	0.1050	-0.0762	-0.3812	-0.3768	-0.0381	-0.5435
ENSMUSG00000067995	-0.1316	-0.4171	-0.1199	-0.5806	-0.2095	0.0782
ENSMUSG00000068227	-0.2706	-0.0712	-0.0562	-0.3144	0.7287	0.1191
ENSMUSG00000068324	0.2624	-0.6099	0.6557	0.0268	-0.7452	-0.1059
ENSMUSG00000068391	-0.0119	0.2068	-0.4030	0.3961	-0.2589	0.3497
ENSMUSG00000068535	0.6069	-0.4764	-0.2095	0.3348	0.5495	-0.0982
ENSMUSG00000068615	0.0721	0.0262	0.0915	-0.2047	0.3230	-0.0885
ENSMUSG00000068697	-0.5596	0.1751	0.5663	0.3211	0.1237	0.1870
ENSMUSG00000068806	-0.0713	0.2846	0.2290	-0.2464	-0.2056	-0.4604
ENSMUSG00000068809	-0.0669	-0.3123	0.4738	-0.3463	-0.4386	-0.3875
ENSMUSG00000068815	-0.1233	0.1777	-0.4970	0.1815	0.0916	0.1817
ENSMUSG00000068817	0.0343	0.1281	-0.1997	-0.4666	0.1597	-0.0667
ENSMUSG00000068921	0.6935	1.7643	1.1767	2.4017	2.3983	2.3451
ENSMUSG00000068947	-0.1479	-0.1769	-0.0681	-0.4133	-0.0169	-0.2490
ENSMUSG00000069020	-0.7147	-0.4067	-1.2130	-1.0759	-1.2843	-0.9534
ENSMUSG00000069259	-0.1026	0.1981	0.7455	0.2743	0.1555	0.1486
ENSMUSG00000069266	0.1553	-0.4137	0.4105	-0.1263	0.6584	-0.0274
ENSMUSG00000069267	0.2193	0.3310	0.2102	0.3972	0.1638	-0.4273
ENSMUSG00000069270	0.2405	-0.2906	-0.4720	-0.2153	-0.0375	-0.3650
ENSMUSG00000069301	0.5977	-0.3113	-0.0852	0.3131	0.8190	0.1929
ENSMUSG00000069307	0.0614	-0.1207	0.3071	0.4638	0.0460	0.3997
ENSMUSG00000069308	0.1991	0.1734	-0.1156	-0.0706	0.1737	-0.2683
ENSMUSG00000069309	-0.3060	-0.3153	0.2698	-0.1543	0.9728	0.5764
ENSMUSG00000069421	-0.3563	-0.0547	0.2761	0.1833	0.6810	0.4769
ENSMUSG00000069441	-0.7892	-0.1094	-0.0318	-0.3233	-0.2184	0.0554
ENSMUSG00000069516	0.2077	0.0085	-0.2234	-0.4383	-0.2920	-0.1405
ENSMUSG00000069662	-0.1113	0.2803	0.0305	-0.0529	-0.1865	-0.4583
ENSMUSG00000069678	0.3325	-0.1494	0.0255	0.1692	-0.2836	-0.3704
ENSMUSG00000069708	-0.2085	-0.0254	-0.0501	-0.5973	-0.2567	0.3916
ENSMUSG00000069805	0.3012	0.1700	-0.0742	-0.4768	-0.1548	-0.2202
ENSMUSG00000069833	-0.0130	0.1349	0.3078	1.0597	-0.2934	-0.3634
ENSMUSG00000069874	0.0337	0.2735	-0.0533	-0.6669	0.6613	0.3802
ENSMUSG00000069998	-0.6065	0.2062	-0.1500	0.0531	0.0089	0.4216
ENSMUSG00000070002	-0.0648	0.0188	-0.0845	0.8946	0.3807	-0.2300
ENSMUSG00000070106	-0.2465	-0.4508	-0.8743	-0.8784	-1.1980	-1.4550
ENSMUSG00000070140	0.1210	1.4702	1.6012	1.1709	1.2740	0.7992
ENSMUSG00000070182	-0.7587	-1.0512	-0.8444	-0.5952	-0.7600	-1.2011
ENSMUSG00000070203	-0.1320	0.0973	-0.6081	-0.1753	-0.2392	0.1954
ENSMUSG00000070236	-0.6081	-0.3690	-0.7705	0.0167	-0.6492	-1.7101
ENSMUSG00000070283	0.4427	-0.2014	0.5038	-0.6303	-0.3157	0.5162
ENSMUSG00000070311	-0.3971	-0.1018	-0.1228	-0.1828	-0.5221	0.5745
ENSMUSG00000070382	-0.1860	-0.1980	0.1129	-0.1145	-0.3907	-0.5046
ENSMUSG00000070385	0.0566	-0.0193	0.3410	0.2788	0.1743	0.0001
ENSMUSG00000070407	0.4808	0.3201	0.1000	-0.0113	-0.0862	-0.3217
ENSMUSG00000070459	0.4084	-0.3230	-0.3056	0.5713	0.0414	0.0723
ENSMUSG00000070460	-0.0513	0.2769	-0.0627	-0.0659	-0.3351	-0.3941
ENSMUSG00000070692	-0.1556	-0.2601	-0.1565	-0.6691	-0.2903	0.2642
ENSMUSG00000070699	-1.5689	-1.6899	-1.9257	-1.7159	-2.1756	-2.3000
ENSMUSG00000070808	0.5077	0.8681	0.4665	0.2786	0.3113	0.2748
ENSMUSG00000070810	0.0889	-0.4749	0.3382	-0.2133	0.1384	-0.4956
ENSMUSG00000070853	0.3050	0.1730	0.1977	-0.0210	-0.3936	-0.1550
ENSMUSG00000070875	0.1739	0.1984	-0.0397	-0.0923	0.1602	-0.2081
ENSMUSG00000070880	-0.0152	-0.6939	-0.3438	0.1393	-0.0971	0.0040
ENSMUSG00000070934	0.0173	0.2123	0.8626	-0.1064	0.8367	-0.1074
ENSMUSG00000070939	-0.5338	-0.0434	-0.4970	-0.2984	0.1407	-0.1045
ENSMUSG00000070942	0.1100	0.0195	-0.4051	-0.7469	0.0675	0.2220
ENSMUSG00000070983	-0.0197	0.8978	-0.1672	0.0012	0.5687	0.0811
ENSMUSG00000070985	-0.3496	0.1487	0.4323	-0.0457	-0.0531	0.2660
ENSMUSG00000071065	-0.7021	-0.0086	-0.9440	-0.8604	-0.6919	-1.6253
ENSMUSG00000071149	0.6731	-0.3686	0.9953	0.4178	-0.2353	-0.4688
ENSMUSG00000071178	0.0757	-0.0454	0.1670	-0.2683	0.2246	-0.7040
ENSMUSG00000071226	0.3729	-0.0764	-0.3440	-0.2013	-0.0926	0.5856
ENSMUSG00000071415	1.5079	0.9433	1.7856	1.9496	2.2066	2.5909
ENSMUSG00000071481	-0.2580	0.4709	-0.0532	-0.3600	-0.7903	-0.3689
ENSMUSG00000071494	0.2219	-0.0816	-0.1673	-0.2616	0.1093	-0.4434
ENSMUSG00000071510	-0.2278	0.0876	0.0262	-0.4665	-0.4191	0.2612
ENSMUSG00000071516	0.1173	-0.1240	0.1364	-0.2161	-0.5777	0.7414
ENSMUSG00000071519	0.2487	-0.1955	0.2074	-0.0799	-0.0428	0.2098
ENSMUSG00000071552	0.0307	-0.1463	0.4279	-0.6286	-0.4021	-0.1167
ENSMUSG00000071629	-0.4752	0.4407	-0.3915	-0.0482	-0.0360	-0.0913
ENSMUSG00000071646	-0.2596	0.0955	0.0358	0.4364	0.2318	-0.3125
ENSMUSG00000071649	-1.4590	-0.9802	-2.0776	-1.7639	-2.0667	-1.9874
ENSMUSG00000071650	-0.4431	-0.2614	0.4293	-0.0932	0.2212	0.0820
ENSMUSG00000071711	-0.1401	0.5934	-0.1354	-0.3026	-0.0388	-0.1342
ENSMUSG00000071847	0.0941	0.3039	-0.4120	0.5027	-0.3694	0.2611
ENSMUSG00000072720	-0.0158	-0.4502	-0.0722	0.1298	0.1644	-0.4781
ENSMUSG00000072791	0.0553	-0.1075	0.1099	-0.0604	-0.2751	0.2693
ENSMUSG00000073079	0.0346	0.1795	-0.0929	0.2405	-0.2682	0.1823
ENSMUSG00000073402	-0.4226	-0.1984	0.2395	0.0049	-0.6165	0.4127
ENSMUSG00000073411	0.5255	-0.1713	0.3806	-0.0665	-0.1133	0.0578
ENSMUSG00000073418	-0.0829	-0.1884	0.1463	-0.0702	0.6209	0.2517
ENSMUSG00000073557	1.5114	1.3182	1.1524	0.5905	0.4852	0.6686
ENSMUSG00000073559	0.9440	1.4709	1.0807	2.2045	2.6186	2.7799
ENSMUSG00000073702	-0.5870	0.7590	0.2195	0.2194	-0.4209	-0.1785
ENSMUSG00000073705	0.1776	0.3491	-0.1562	0.2164	-0.1977	-0.0704
ENSMUSG00000073725	1.4930	1.3500	1.4379	1.9632	2.3132	2.8078
ENSMUSG00000073876	0.8154	-0.1049	-0.0103	0.3227	0.8013	-0.1060
ENSMUSG00000073896	-0.5436	-0.4939	-1.1092	-0.8567	-1.1204	-1.0498
ENSMUSG00000073900	-0.4510	-0.1260	-0.4012	0.0987	-0.0018	-0.4630
ENSMUSG00000073924	0.1936	-0.1137	0.3120	-0.2437	-0.1110	0.3245
ENSMUSG00000073926	0.6356	-0.2010	0.2094	-0.2221	-0.5978	-0.0803
ENSMUSG00000073927	-0.3858	0.1540	-0.0981	-0.4454	0.0919	-0.5762
ENSMUSG00000073931	-0.0218	-0.0670	-0.1617	0.1223	-0.2447	-0.0840
ENSMUSG00000073944	-0.4152	-0.5720	-0.7302	-0.2682	-0.5460	0.4392
ENSMUSG00000073950	0.2168	0.3250	0.3452	0.4628	0.1149	-0.1814
ENSMUSG00000073956	-0.3916	-0.0692	0.5381	0.0023	0.5404	0.7737
ENSMUSG00000073959	-0.1105	-0.2442	0.0144	-0.1504	-0.0637	-0.1046
ENSMUSG00000073963	0.0520	0.2834	-0.5842	-0.3040	0.1138	-0.0216
ENSMUSG00000073967	0.0884	0.7809	0.1617	0.3358	-0.0591	0.4280
ENSMUSG00000073973	0.4094	-0.1242	-0.4023	0.5218	0.5081	0.5506
ENSMUSG00000074129	1.1778	1.4062	1.3751	2.1080	1.8653	1.7402
ENSMUSG00000074183	-0.0713	-0.3187	-0.6655	0.1807	-0.0918	-0.1888
ENSMUSG00000074264	0.0433	-0.6782	-0.3338	-0.0583	0.5032	-0.0134
ENSMUSG00000074268	0.1579	0.1758	-0.0588	0.3590	0.6806	-0.1320
ENSMUSG00000074439	-0.6312	-0.1670	0.1426	0.4016	-0.2672	-0.5895
ENSMUSG00000074452	0.0979	0.0793	-0.7750	-0.3807	0.2098	-0.2045
ENSMUSG00000074483	-0.0700	-0.5233	-0.4795	0.1171	0.0833	0.1155
ENSMUSG00000074489	-0.1688	0.3976	-0.1682	-0.3105	0.2214	0.5800
ENSMUSG00000074604	0.1630	0.3901	0.0043	0.1038	-0.1295	-0.1818
ENSMUSG00000074698	-0.1193	0.0349	-0.7306	-0.6299	0.2804	0.6062
ENSMUSG00000074797	0.1501	0.7182	-0.2863	-0.6966	0.1502	0.2454
ENSMUSG00000074812	-0.5249	0.1416	-0.1182	-0.0172	-0.1850	-0.0033
ENSMUSG00000074841	0.0488	0.2372	0.1209	0.4755	0.3399	-0.3236
ENSMUSG00000074892	0.0941	0.1925	-0.3376	0.3860	0.4678	-0.0519
ENSMUSG00000074916	0.7488	1.4642	1.5647	1.6885	2.6162	2.6997
ENSMUSG00000074930	1.5336	2.1338	1.9720	2.1013	2.5037	2.0780
ENSMUSG00000074946	0.0117	-0.9254	-0.1830	0.0700	-0.1162	-0.7477
ENSMUSG00000074952	-0.3666	0.3323	-0.2506	0.3491	-0.0877	-0.2133
ENSMUSG00000074955	0.3851	0.1195	0.0158	0.3428	0.4746	-0.6024
ENSMUSG00000075062	0.2863	-0.4779	0.6294	-0.3914	0.2656	0.2967
ENSMUSG00000075063	-0.4155	-0.5455	-0.2123	0.4186	-0.1356	0.7559
ENSMUSG00000075068	0.2798	-0.3459	0.1081	0.0525	-0.4401	0.0419
ENSMUSG00000075074	-0.1913	0.4332	0.0111	-0.1936	-0.0064	-0.0530
ENSMUSG00000075084	0.0519	-0.0992	-0.2382	0.4614	-0.0508	0.5531
ENSMUSG00000075094	-0.1805	-0.3182	0.1935	0.2887	-0.0885	-0.4555
ENSMUSG00000075104	0.0064	-0.5680	-0.1492	0.0342	0.1071	0.0695
ENSMUSG00000075110	-0.1338	-0.2503	0.0939	0.1529	-0.6416	-0.3460
ENSMUSG00000075113	-0.4188	-0.1025	0.9403	0.0389	0.3000	0.1835
ENSMUSG00000075115	-0.2452	0.4552	-0.2470	0.6889	-0.2240	-0.2346
ENSMUSG00000075133	-0.5016	-0.1688	-0.4816	0.4695	0.4488	0.5202
ENSMUSG00000075137	0.3908	0.2429	0.0951	-0.1417	-0.0898	-0.4302
ENSMUSG00000075143	-0.5729	-0.1932	0.0345	-0.0493	0.4884	0.6333
ENSMUSG00000075150	0.6170	0.5040	1.0856	1.0916	0.8492	1.3536
ENSMUSG00000075151	0.2947	-0.3068	0.2103	0.2424	-0.0829	-0.1072
ENSMUSG00000075153	0.1609	0.2483	0.4728	0.2832	-0.3024	0.3894
ENSMUSG00000075160	0.1570	0.0869	-0.1864	0.2281	0.0915	-0.4150
ENSMUSG00000075161	-0.0899	0.1258	0.2468	0.2877	0.3905	0.0161
ENSMUSG00000075167	-0.6614	-0.5641	-0.7296	-0.2926	-0.7313	-0.9464
ENSMUSG00000075168	0.1417	-0.1989	-0.2370	-0.0468	0.0181	0.1660
ENSMUSG00000075188	0.3018	-0.2229	-0.3890	0.4952	-0.0258	0.2433
ENSMUSG00000075189	0.2076	-0.1053	-0.2086	-0.1828	0.2649	-0.2915
ENSMUSG00000075192	0.3460	0.4508	0.5675	0.4987	-0.6768	-0.6641
ENSMUSG00000075201	0.0667	-0.0478	-0.2647	0.1720	-0.4179	-0.2129
ENSMUSG00000075204	-0.4614	-0.2301	-0.2450	0.3865	0.3103	0.2377
ENSMUSG00000075211	0.8043	1.2813	0.4178	0.0704	1.0576	1.4868
ENSMUSG00000075212	1.2092	0.8392	0.8278	1.1611	0.9356	1.4433
ENSMUSG00000075215	0.2188	-0.1370	-0.6998	0.0424	-0.4388	-0.1176
ENSMUSG00000075222	0.2354	-1.0417	-0.3130	0.5839	-0.3974	0.2622
ENSMUSG00000075270	-0.3327	0.1481	0.2175	0.0951	0.2804	0.0152
ENSMUSG00000075296	-0.0102	-0.2653	-0.0206	-0.1430	-0.5064	-0.2904
ENSMUSG00000075334	-0.3501	-0.2683	0.3113	-0.1407	0.4995	0.0946
ENSMUSG00000075387	-0.1218	0.0520	-0.1871	-0.4565	0.1470	0.0776
ENSMUSG00000075402	0.0793	-0.1749	0.4868	-0.2398	-0.6713	-0.0817
ENSMUSG00000075419	-0.1767	-0.3565	-0.2595	0.1169	-0.1606	0.0380
ENSMUSG00000075420	0.0097	0.4091	0.2150	0.0749	0.3159	0.4313
ENSMUSG00000075551	0.1032	0.1155	-0.1143	-0.2897	0.1484	-0.3640
ENSMUSG00000075701	-0.2829	0.2068	-0.0924	0.5719	0.0727	-0.1150
ENSMUSG00000075707	0.2732	0.4285	-0.2458	0.3728	0.3328	0.3142
ENSMUSG00000075719	0.1945	-0.5438	-0.0229	-0.4051	0.0638	0.1854
ENSMUSG00000075934	0.4915	-0.3204	-0.7741	0.0184	-0.4285	0.2513
ENSMUSG00000076041	-0.2767	-0.4624	-0.2257	0.4961	-0.2854	-0.6289
ENSMUSG00000076062	0.4494	0.7575	0.6220	-0.1894	-0.0871	-0.3254
ENSMUSG00000076441	-0.1740	-0.0109	0.0753	-0.2820	0.3969	0.3798
ENSMUSG00000077148	-0.2657	-0.5712	0.5880	0.1926	-0.8674	0.1088
ENSMUSG00000077194	-0.1559	0.2961	-0.0873	-0.0061	0.1491	-0.2380
ENSMUSG00000077265	0.1128	0.1512	0.0505	-0.3785	0.0093	0.0207
ENSMUSG00000077273	0.5268	-0.3556	0.3912	0.0627	-0.2730	-0.2949
ENSMUSG00000077277	0.1517	-0.4362	0.4249	-0.5782	0.6172	0.4640
ENSMUSG00000077347	-0.5289	0.6866	0.2677	0.3840	0.1404	-0.0092
ENSMUSG00000077359	0.3676	-0.0994	0.2929	0.2730	0.3210	0.7049
ENSMUSG00000077367	-0.3148	-0.2046	0.8424	0.2052	0.1924	0.6737
ENSMUSG00000077387	-0.9232	-0.1314	0.6942	0.0446	0.0488	-0.7611
ENSMUSG00000077433	0.0338	0.0339	-0.3538	0.1917	0.2310	0.1282
ENSMUSG00000077454	-0.0422	0.1206	0.2494	0.2526	-0.0609	-0.4887
ENSMUSG00000077518	0.1851	-0.2188	-0.8474	0.2782	0.1940	-0.4056
ENSMUSG00000077562	0.3514	0.1733	-0.1403	-0.4101	0.0608	0.1726
ENSMUSG00000077666	-0.0606	-0.0869	0.1181	0.0702	0.3838	0.2925
ENSMUSG00000077677	-0.0562	0.4112	-0.3302	-0.4662	0.1341	0.5216
ENSMUSG00000078080	0.0968	-0.1574	-0.1921	-0.4269	0.3343	-0.4064
ENSMUSG00000078097	1.1326	1.1012	1.4099	2.2010	2.5044	2.2367
ENSMUSG00000078118	-0.0394	0.5192	-0.1995	0.5092	0.2269	0.1237
ENSMUSG00000078202	0.1384	-0.3702	-0.3001	0.4739	-0.0748	0.1527
ENSMUSG00000078346	-0.3504	-0.2716	-0.3337	-0.3950	0.1370	-0.1477
ENSMUSG00000078355	0.4683	-0.5534	-0.1867	-0.0659	0.6401	-0.5872
ENSMUSG00000078650	0.6640	-0.4966	0.0535	-0.2563	0.2326	0.1106
ENSMUSG00000078676	0.0464	0.2609	0.3734	-0.0767	0.0825	-0.0449
ENSMUSG00000078773	0.3466	0.1871	0.2287	-0.2775	0.2024	-0.2488
ENSMUSG00000078798	0.0534	-0.2820	-0.4577	-0.2239	0.6078	0.0689
ENSMUSG00000078816	-0.1880	-0.0503	0.6102	0.3251	-0.2525	-0.4099
ENSMUSG00000078920	0.5640	-0.4327	-0.1142	0.1933	-0.2560	-0.5685
ENSMUSG00000078937	0.0183	0.3719	0.4360	0.1401	-0.0800	-0.3590
ENSMUSG00000078945	-0.0592	-0.3352	-0.2442	-0.0532	-0.1575	0.1284
ENSMUSG00000079042	-0.1410	0.0586	0.5412	0.2183	0.5938	0.2664
ENSMUSG00000079055	-0.0926	-0.3208	-0.4170	0.0278	0.6211	-0.3453
ENSMUSG00000079104	-0.0615	-0.2751	0.5904	-0.5292	0.0610	0.4420
ENSMUSG00000079108	-0.1197	0.1050	0.7900	0.6485	-0.1961	-0.0201
ENSMUSG00000079116	0.4581	1.0317	0.6004	1.1454	0.5128	1.0714
ENSMUSG00000079120	0.0691	0.6177	0.3726	-0.1220	0.3972	0.0642
ENSMUSG00000079197	0.0395	0.4939	0.1711	0.1223	0.2733	0.0157
ENSMUSG00000079259	0.1584	-0.1369	0.2659	0.0254	0.3826	-0.0113
ENSMUSG00000079263	0.6396	0.1311	-0.1127	-0.1721	-0.4792	-0.6497
ENSMUSG00000079298	0.0169	0.6765	-0.5234	0.9514	-0.2416	-0.1224
ENSMUSG00000079299	0.1811	0.3012	0.4429	0.1898	0.1476	-0.2228
ENSMUSG00000079316	-0.1132	0.4313	0.5176	0.5813	0.4132	-0.4693
ENSMUSG00000079426	-0.4085	-0.2890	-0.2667	0.1586	0.2212	0.2356
ENSMUSG00000079435	1.3127	1.3543	2.1726	2.0924	2.1774	2.2226
ENSMUSG00000079436	-0.1393	-0.4167	-0.3886	-0.3848	0.1313	-0.3733
ENSMUSG00000079440	-0.3068	-0.5089	-0.0722	-0.0368	-0.5130	0.4131
ENSMUSG00000079469	-0.3106	0.6630	0.8237	0.2919	-0.4392	-0.4025
ENSMUSG00000079477	-0.4039	-0.2861	-0.3274	0.3808	0.0847	-0.0204
ENSMUSG00000079495	1.0386	0.9090	1.2259	0.9978	0.9735	1.0307
ENSMUSG00000079550	-0.3958	-0.3115	-0.0452	0.2994	-0.4184	0.1543
ENSMUSG00000079553	-0.0048	-0.4864	0.0903	0.5461	-0.1535	0.1608
ENSMUSG00000079554	0.2144	0.2433	0.6467	0.4805	-0.0643	0.1138
ENSMUSG00000079641	-1.4174	-2.0276	-1.9658	-1.8480	-2.4149	-2.0365
ENSMUSG00000079707	0.2216	0.2570	-0.0100	-0.0085	-0.1799	-0.2431
ENSMUSG00000079962	2.1690	1.8463	1.9031	2.1622	2.4756	2.5792
ENSMUSG00000080662	-0.3872	-0.3803	-0.4921	-0.1841	0.5353	0.5158
ENSMUSG00000080932	0.6533	1.2960	1.2482	2.2146	2.9568	2.1853
ENSMUSG00000081225	0.3079	0.3224	0.5467	0.1791	0.5731	0.2147
ENSMUSG00000081260	0.9844	1.4978	1.5648	2.5523	2.3357	2.2850
ENSMUSG00000081362	0.0912	0.3344	-0.1560	-0.0218	-0.2119	0.0898
ENSMUSG00000081649	-0.0075	0.0995	0.0676	0.3342	0.1981	0.5967
ENSMUSG00000081665	0.2496	0.1922	-0.0447	-0.6824	0.1268	-0.0600
ENSMUSG00000081675	1.5110	1.6754	1.5025	2.1762	2.3977	2.0853
ENSMUSG00000081836	0.4610	0.2808	0.1754	-0.3429	-0.0952	-0.1172
ENSMUSG00000081897	-1.5067	-1.2248	-2.1185	-2.1678	-2.0199	-2.4318
ENSMUSG00000082216	-0.0509	0.6408	0.2401	-0.1396	0.0661	-0.3417
ENSMUSG00000082260	1.5937	1.3648	1.3244	1.5767	2.4203	2.6063
ENSMUSG00000082769	1.4137	1.3205	1.5484	2.3269	2.4088	2.4785
ENSMUSG00000082882	0.2128	-0.5234	0.3653	-0.6003	0.5252	-0.0058
ENSMUSG00000083011	1.4303	1.6464	2.3627	2.1363	2.2769	2.8532
ENSMUSG00000083394	1.0279	1.5634	2.0263	1.8077	1.5859	1.9639
ENSMUSG00000083515	0.5423	1.4051	2.3440	2.3885	3.0078	2.1550
ENSMUSG00000084234	0.4329	0.2026	0.1421	-0.6469	0.8241	0.1366
ENSMUSG00000084262	-0.1182	-0.0012	-0.3549	-0.2885	-0.2112	0.0285
ENSMUSG00000084275	0.2418	-0.1105	0.4418	0.0457	0.0216	0.3499
ENSMUSG00000084336	0.6992	-0.1360	-0.6368	-0.0400	-0.2360	-0.2790
ENSMUSG00000084453	-0.5755	-0.4083	0.4594	0.1563	-0.1964	0.5066
ENSMUSG00000084456	0.5436	-0.1452	-0.0709	0.5502	0.0988	-0.0097
ENSMUSG00000084474	-0.1095	-0.4327	-0.3310	0.6320	-0.2693	-0.4789
ENSMUSG00000084527	0.3321	-0.4871	0.2813	0.1594	-0.2529	-0.1898
ENSMUSG00000084558	0.1250	0.0527	0.3217	-0.2936	-0.1733	-0.1066
ENSMUSG00000084569	0.1510	0.4721	0.0979	0.3451	0.4693	-0.2371
ENSMUSG00000084576	-0.2734	0.5110	-0.0032	0.4482	0.0960	-0.8241
ENSMUSG00000084601	-0.2001	0.0430	0.2294	-0.0973	0.0031	-0.0932
ENSMUSG00000084696	-0.1667	0.0092	-0.0828	-0.0055	0.4204	0.0622
ENSMUSG00000084842	-0.2290	0.1411	-0.1322	-0.1016	-0.1500	-0.5779
ENSMUSG00000085793	-0.4708	-0.1281	-0.1604	-0.2179	-0.3129	-0.1013
ENSMUSG00000087412	0.9041	1.7947	1.8858	2.4920	1.3059	2.8136
ENSMUSG00000087875	-0.2651	-0.2048	-0.5049	0.1747	0.2691	-0.4089
ENSMUSG00000087924	0.5134	0.0685	-0.0950	-0.0055	-0.5109	-0.1454
ENSMUSG00000088001	0.0676	0.2271	-0.0615	0.1254	-0.2899	0.0205
ENSMUSG00000088121	0.3099	0.1364	-0.3413	-0.3243	0.1681	-0.0538
ENSMUSG00000088149	-0.0287	-0.3552	0.2304	-0.0999	0.0149	-0.1437
ENSMUSG00000088195	-0.2499	-0.1602	0.0716	0.0463	-0.2986	-0.3324
ENSMUSG00000088441	0.4941	-0.0453	-0.2068	-0.3372	-0.1284	0.8233
ENSMUSG00000088547	-0.2557	-0.4081	-0.1911	0.3377	-0.1929	0.3708
ENSMUSG00000088603	0.2662	-0.4069	0.2513	0.0208	0.0311	-0.4819
ENSMUSG00000088656	0.0525	-0.3986	0.1399	0.2039	0.2007	-0.4106
ENSMUSG00000088944	0.2213	-0.2053	0.4052	-0.1528	-0.1367	-0.4296
ENSMUSG00000089019	0.3707	-0.4259	0.1253	0.2833	-0.1854	0.5220
ENSMUSG00000089035	0.5588	0.6298	0.0528	-0.0361	0.5038	0.3299
ENSMUSG00000089057	-0.3221	0.2429	-0.4254	0.1280	0.0636	-0.0674
ENSMUSG00000089288	-0.1717	0.3435	0.0926	-0.1632	0.3780	0.2149
ENSMUSG00000089399	0.0003	-0.3525	-0.1939	0.2943	-0.2978	0.1308
ENSMUSG00000089437	-0.1934	-0.2596	1.1286	-0.0053	0.0650	0.8131
ENSMUSG00000089560	0.9016	0.0612	-0.0729	-0.0281	-0.1815	0.1015
ENSMUSG00000089563	0.0373	-0.5095	0.5497	0.0130	-0.8215	0.0439
ENSMUSG00000089789	-0.0877	0.4047	0.3512	-0.3724	-0.2965	-0.0200
ENSMUSG00000089992	-0.4084	-0.3196	-0.1982	-0.2992	-0.9609	-0.0934
ENSMUSG00000090137	-1.4212	-1.2714	-1.3530	-2.2705	-2.1139	-2.7588
ENSMUSG00000090461	-0.2564	0.1507	0.2973	0.2363	-0.1199	0.4877
ENSMUSG00000090474	-0.8057	-1.9082	-1.4541	-1.6030	-1.8703	-3.0064
ENSMUSG00000090550	-0.2597	-1.2692	-1.3765	-1.1014	-0.7928	-1.9523
ENSMUSG00000090733	1.6426	1.7025	1.9194	2.4142	2.6297	2.2533
ENSMUSG00000090824	-0.2053	0.4849	0.1860	0.0804	-0.4131	0.1038
ENSMUSG00000090841	-0.2244	-0.0688	0.2157	-0.3126	0.0686	-0.5084
ENSMUSG00000090862	1.4426	1.6065	2.0269	2.3183	2.1160	2.2647
ENSMUSG00000090951	-0.0857	-0.0603	0.0363	-0.2953	0.1414	-0.2472
ENSMUSG00000091086	1.4607	1.3485	1.5550	1.8133	1.8932	2.7376
ENSMUSG00000091345	0.2856	-0.0239	-0.2321	-0.0516	-0.3567	-0.0168
ENSMUSG00000091601	0.1766	-0.0433	0.0237	-0.4949	0.1649	-0.5766
ENSMUSG00000091803	-0.0522	0.5112	0.6022	-0.1299	0.5906	0.1169
ENSMUSG00000091813	-0.0894	0.2497	-0.1129	0.1727	-0.2581	0.1462
ENSMUSG00000091950	-0.2991	0.1419	-0.1136	0.0008	0.1462	-0.5258
ENSMUSG00000091971	-0.5020	0.5491	-0.5761	0.0908	0.2597	0.2224
ENSMUSG00000092009	-0.0590	0.1423	0.0171	0.1129	-0.2997	-0.0759
ENSMUSG00000092243	0.4712	-0.3209	0.3582	0.7343	0.3364	0.0986
ENSMUSG00000092743	0.0040	-0.0185	0.0213	-0.0210	0.0973	-0.6448
ENSMUSG00000092770	-0.0236	-0.5761	-0.3440	0.0992	0.1399	-0.5448
ENSMUSG00000092807	-0.8978	0.2080	0.2464	-0.0517	-0.3232	-0.7457
ENSMUSG00000093007	-0.2375	-0.2252	0.0369	-0.0969	0.3374	-0.1577
ENSMUSG00000093238	-0.2062	0.5043	0.6003	0.2589	0.0799	0.3009
ENSMUSG00000093660	-0.0249	-0.6509	-0.1258	0.2222	-0.3327	0.4452
ENSMUSG00000093804	0.3240	0.0397	-0.3477	0.4548	0.0795	0.1057
ENSMUSG00000093806	0.1127	-0.2098	0.0363	0.4280	0.3210	-0.2651
ENSMUSG00000093884	0.7578	0.6304	0.2700	1.8712	1.5730	0.8031
ENSMUSG00000093904	-0.2616	0.1820	0.1346	0.4389	0.4847	-0.3496
ENSMUSG00000093934	0.7805	-0.3529	0.6291	0.2052	-0.2416	-0.5263
ENSMUSG00000093942	0.5984	0.7836	0.0675	-0.1626	-0.3320	0.0388
ENSMUSG00000093990	-1.2948	-1.4314	-1.9250	-2.2268	-2.1990	-2.0192
ENSMUSG00000094182	-0.0528	0.1622	1.1558	0.3301	1.3117	0.6625
ENSMUSG00000094185	1.0571	1.2896	2.0108	2.1040	1.5414	2.6844
ENSMUSG00000094269	0.2089	-0.2301	-0.0621	0.3763	-0.4458	0.0888
ENSMUSG00000094318	0.8704	1.6252	1.5238	1.8150	1.8905	2.7213
ENSMUSG00000094362	0.0891	0.4973	-0.3781	-0.0366	-0.3694	0.1502
ENSMUSG00000094461	0.0619	-0.5875	0.5841	-0.3669	0.1151	-0.2029
ENSMUSG00000094662	0.3389	0.1786	-0.1609	0.2047	0.0159	-0.1818
ENSMUSG00000094673	-1.0665	0.5260	-0.0633	0.4339	0.1306	-0.4688
ENSMUSG00000094678	-0.5060	0.2613	0.0994	-0.1675	0.8116	0.5958
ENSMUSG00000094692	-0.0016	-0.2049	-0.0440	-0.2437	0.1347	-0.0585
ENSMUSG00000094721	0.1577	0.3117	0.2172	-0.1489	0.5019	0.0884
ENSMUSG00000094764	-0.0487	0.2223	-0.0019	-0.2427	0.0172	0.1287
ENSMUSG00000094778	0.5154	0.3419	-0.2995	-0.3501	-0.1154	0.1059
ENSMUSG00000094819	0.1497	-0.1986	-0.0589	0.5264	0.9029	-0.0691
ENSMUSG00000094858	-0.0749	0.3399	0.1059	0.3455	-0.3382	-0.4176
ENSMUSG00000094881	-0.0893	-0.1616	0.1701	-0.2328	0.1532	0.1178
ENSMUSG00000095003	0.5613	0.5603	0.3293	-0.3450	-0.2334	-0.1772
ENSMUSG00000095017	1.2574	1.8792	1.6143	2.7914	2.1890	2.4964
ENSMUSG00000095143	0.4809	0.0492	-0.5466	0.0634	0.1436	0.2330
ENSMUSG00000095187	1.0114	-0.1476	-0.0368	-0.2345	0.4373	0.0726
ENSMUSG00000095189	0.0088	-0.0809	0.0306	0.1701	-0.1250	0.4102
ENSMUSG00000095248	-0.1172	-0.0462	0.1724	-0.0383	0.2019	-0.0883
ENSMUSG00000095312	-0.0419	-0.4478	-0.1980	0.3152	-0.1373	0.0465
ENSMUSG00000095322	-0.0894	0.3410	-0.0771	-0.0006	0.0099	0.0457
ENSMUSG00000095377	-0.5566	-0.2750	-0.0961	0.1665	0.0854	-0.7704
ENSMUSG00000095388	0.4814	-0.2661	0.6715	-0.5641	0.2949	-0.1046
ENSMUSG00000095413	-0.0450	-0.2028	-0.0752	0.5244	-0.5675	0.2472
ENSMUSG00000095499	1.2502	1.3656	1.5481	2.0436	2.4125	2.3974
ENSMUSG00000095524	-1.3167	-1.1215	-2.1577	-2.1119	-2.2978	-2.1083
ENSMUSG00000095527	0.1113	0.4950	-0.1939	0.3417	0.3104	0.0787
ENSMUSG00000095573	0.2090	-0.1547	0.5579	0.4862	-0.0763	-0.4346
ENSMUSG00000095576	0.2582	0.1516	-0.3234	0.2839	0.0639	0.9752
ENSMUSG00000095586	0.7738	0.7865	1.0889	1.1856	1.6120	1.4627
ENSMUSG00000095616	0.0128	0.2320	0.1525	-0.1805	-0.2558	-0.0973
ENSMUSG00000095655	0.3726	-0.2698	0.1365	0.3617	0.1654	-0.3401
ENSMUSG00000095677	0.2140	0.2195	0.6805	0.3442	0.1486	0.0966
ENSMUSG00000095788	-0.2116	-0.0639	0.2092	0.2598	0.4960	0.0505
ENSMUSG00000095804	0.4162	-0.1167	0.0094	0.4292	-0.1050	0.3958
ENSMUSG00000095845	0.3755	0.2687	0.2777	-0.8044	-0.1164	0.2336
ENSMUSG00000095893	0.0882	0.3595	0.3537	0.2639	-0.1819	-0.1432
ENSMUSG00000095901	0.0896	-0.0349	-0.3942	0.4620	0.2958	0.3312
ENSMUSG00000095920	0.9793	1.4329	1.8286	1.8281	1.8058	2.2104
ENSMUSG00000095928	0.1498	-0.0903	0.3084	0.1815	-0.0927	-0.2915
ENSMUSG00000096054	-0.2668	0.1512	0.2688	-0.0624	-0.3456	-0.8452
ENSMUSG00000096069	0.1117	0.0570	-0.0785	-0.3579	0.1326	0.2386
ENSMUSG00000096135	-0.0202	0.3345	0.0714	0.4364	0.0938	0.1357
ENSMUSG00000096151	-0.1465	0.1941	-0.4390	0.0669	0.1096	-0.3510
ENSMUSG00000096195	0.2185	0.0174	0.0316	0.2053	-0.3863	-0.6228
ENSMUSG00000096229	0.5867	-0.0380	0.4148	0.0225	-0.5055	-0.2479
ENSMUSG00000096254	0.4279	-0.6288	0.2737	0.4494	-0.1657	0.1038
ENSMUSG00000096289	-0.2274	-0.4923	0.1607	-0.0405	0.3575	-1.0163
ENSMUSG00000096365	0.8076	1.1056	-0.1306	0.7669	1.2087	1.8610
ENSMUSG00000096427	0.0239	-0.1260	-0.1340	0.5199	0.1189	-0.3658
ENSMUSG00000096437	-0.4941	-0.9764	-0.2848	0.7807	0.1374	-0.3893
ENSMUSG00000096472	-0.0127	0.1643	-0.2297	-0.0308	-0.6316	0.1795
ENSMUSG00000096477	-0.4374	0.4065	-0.1357	-0.1730	-0.4440	-0.4505
ENSMUSG00000096497	0.4054	0.5138	0.8719	0.7518	1.3762	1.3441
ENSMUSG00000096679	0.0273	0.1842	-0.4375	-0.1306	0.1378	0.1642
ENSMUSG00000096682	0.7970	-0.3618	-0.2855	0.2094	-0.5289	-0.4598
ENSMUSG00000096703	-0.4829	-0.2792	-0.3912	0.2143	0.1882	0.2168
ENSMUSG00000096705	-0.4751	0.2848	-0.0452	-0.4582	0.7222	0.2711
ENSMUSG00000096727	0.0807	0.3234	0.1672	-0.2248	-0.1291	0.2277
ENSMUSG00000096763	0.9217	1.3208	1.4208	2.1838	2.0689	2.9311
ENSMUSG00000096766	-0.1784	0.0440	-0.3889	-0.0079	0.0960	0.9678
ENSMUSG00000096858	0.9295	-0.3550	0.5734	-0.0693	0.3056	0.4877
ENSMUSG00000098181	0.9338	1.4955	1.7455	2.0283	1.4269	2.6228
ENSMUSG00000098539	-0.2247	0.0163	-0.1182	-0.7410	0.0277	0.3493
ENSMUSG00000099269	0.3386	0.3847	0.2415	0.0389	0.0582	-0.2567
ENSMUSG00000100004	0.2274	-0.1223	-0.1987	0.1509	0.1542	-0.3656
ENSMUSG00000100210	0.4918	0.2000	0.5652	0.5225	0.3814	-0.2665
ENSMUSG00000100517	-0.4066	0.7884	-0.2572	0.1634	-0.1911	0.3997
ENSMUSG00000100613	-0.9329	-1.3611	-1.8351	-2.1506	-2.9725	-2.0954
ENSMUSG00000100751	1.1622	1.4687	2.0368	2.3406	2.5538	2.2006
ENSMUSG00000100899	0.4462	-0.1176	-0.3008	-0.3836	0.5509	0.4329
ENSMUSG00000100926	-0.5504	-1.6770	-1.5310	-2.2191	-2.3112	-2.6078
ENSMUSG00000101078	-0.7067	-0.0786	0.0352	-0.1913	0.1412	-0.3116
ENSMUSG00000101312	1.2779	1.3895	1.4271	2.5378	1.9250	2.8119
ENSMUSG00000101337	-0.0307	-0.3467	0.0317	-0.1502	0.4020	0.0737
ENSMUSG00000101427	1.7949	1.4897	1.8362	1.8735	2.1968	2.6657
ENSMUSG00000101874	-0.0643	0.2889	-0.4283	0.0635	-0.0174	-0.2417
ENSMUSG00000101918	-0.1164	-0.0415	0.5319	0.3927	0.1725	0.5448
ENSMUSG00000101935	0.1561	0.4211	-0.2258	0.1901	0.1920	0.0057
ENSMUSG00000102037	-0.0406	0.5236	-0.0456	-0.6724	0.0320	0.7194
ENSMUSG00000102418	0.4289	-0.1754	0.2563	0.1624	0.4743	0.2635
ENSMUSG00000102802	0.3150	-0.0203	-0.1416	0.5394	0.0739	0.0267
ENSMUSG00000105406	1.8796	1.7944	1.1030	2.0241	1.9132	2.1109
ENSMUSG00000105621	-0.4246	0.1406	0.6273	0.1365	0.1248	-0.4166
ENSMUSG00000106147	0.5925	0.2992	-0.5735	0.3758	0.3332	0.4075
ENSMUSG00000106677	0.4428	0.3367	0.8801	-0.1010	0.3336	-0.2316
ENSMUSG00000106918	1.4678	0.9480	1.8259	2.1023	2.7572	2.9484
ENSMUSG00000106935	-0.0078	0.1611	0.2896	-0.5258	-0.0837	-0.2759
ENSMUSG00000107822	-0.5358	-0.2279	-0.5175	-0.5415	-0.1779	-0.0078
ENSMUSG00000108114	0.8230	0.6775	0.9309	0.9467	0.7213	1.7249
ENSMUSG00000108728	0.0456	0.4354	0.4192	-0.6574	0.6426	0.0776
ENSMUSG00000108948	-0.4536	-0.0670	0.2718	-0.3388	-0.7864	0.2508
ENSMUSG00000109100	0.4271	-0.6340	-0.8234	-0.4689	0.4772	0.2768
ENSMUSG00000109350	-0.6395	0.2832	0.4005	0.6306	-0.3141	-0.1306
ENSMUSG00000109354	-0.1105	-0.7117	-0.9445	-1.0444	-1.0098	-1.7954
ENSMUSG00000109544	-0.2593	0.0477	-0.5112	0.2915	0.1536	0.4358
ENSMUSG00000109631	0.3141	0.4740	-0.0497	-0.5426	-0.1792	0.6726
ENSMUSG00000109659	-0.1299	0.3122	-0.1863	0.3580	-0.2778	-0.0898
ENSMUSG00000109801	-0.4760	-0.3101	-0.3208	0.1467	-0.5910	0.0849
ENSMUSG00000110122	0.0913	0.2178	-0.6720	-1.1038	-0.4134	-0.2218
ENSMUSG00000110259	0.5378	0.5184	-0.1128	-0.4651	0.0934	-0.2559
ENSMUSG00000110819	-0.8186	-0.2651	0.0660	-0.1476	-0.3119	-0.6478
ENSMUSG00000111119	0.4456	-0.1788	0.0362	-0.3842	0.3970	-0.0345
ENSMUSG00000111174	-1.1064	-0.7535	-0.6376	-1.2281	-1.2841	-1.3604
ENSMUSG00000111273	0.1034	-0.4812	0.6017	-0.2385	0.1373	-0.1425
ENSMUSG00000111356	0.7963	1.2315	2.2194	1.0103	2.2465	2.2850
ENSMUSG00000111661	0.9850	1.7099	1.0975	1.6385	2.0042	2.6216
ENSMUSG00000111715	0.1814	0.2908	0.2299	0.3591	0.0812	0.1434
ENSMUSG00000112027	0.0698	-0.0371	-0.1979	0.0399	0.2040	0.6791
ENSMUSG00000112148	0.5854	0.0840	-0.5441	0.2910	-0.5916	0.4654
ENSMUSG00000112341	1.4201	1.3655	1.5588	2.0689	2.6568	2.4587
ENSMUSG00000112419	0.2813	0.4153	-0.1990	-0.0131	-0.7892	0.3862
ENSMUSG00000112697	1.0856	1.6994	1.9042	1.8474	2.5798	2.6682
ENSMUSG00000113198	-1.5854	-1.0593	-2.0821	-2.0434	-1.9418	-3.1166
ENSMUSG00000113237	0.9154	1.6456	0.9766	1.8828	2.3874	2.1199
ENSMUSG00000114279	0.2224	0.0777	0.1389	0.3306	-0.5864	0.0236
ENSMUSG00000114481	-0.7457	-1.4245	-1.7520	-2.3026	-2.3127	-2.3321
ENSMUSG00000116336	0.2330	0.4466	0.1634	-0.0554	-0.2675	-0.2854
ENSMUSG00000116378	-0.6404	-0.3085	-0.4409	-0.1552	0.2131	0.2169
ENSMUSG00000116648	0.8843	1.4758	2.2769	2.4157	2.5283	2.4778
ENSMUSG00000116780	-0.0706	-0.2149	-0.2110	0.3386	0.2331	0.1690
ENSMUSG00000116845	1.4617	1.1517	2.1786	2.0536	2.3706	2.1887
ENSMUSG00000118667	0.0118	-0.0989	0.6995	0.2462	0.4191	-0.2257
ENSMUSG00000118677	0.3996	0.2412	0.2302	-0.2715	0.0470	-0.2885
ENSMUSG00000118708	-1.5150	-1.0716	-1.2127	-2.5092	-2.4450	-3.1898
ENSMUSG00000118718	0.0213	0.1908	0.2041	0.0048	0.2063	0.7604
ENSMUSG00000118723	-0.0844	0.3021	0.5159	0.5488	0.2820	0.0489
ENSMUSG00000118725	1.4235	1.3834	1.5527	1.8451	2.7845	2.1898
ENSMUSG00000118727	1.1681	1.8442	1.4744	1.6409	2.7139	2.3630
ENSMUSG00000118747	0.8913	0.8959	1.8430	2.1465	1.4147	2.7469
ENSMUSG00000118757	-0.1770	0.0694	-0.5580	-0.1348	0.2193	0.3349
ENSMUSG00000118770	-0.5832	-0.2523	-0.1668	0.1949	0.5305	0.1941
ENSMUSG00000118773	0.1589	0.1749	0.0158	0.3504	-0.4865	-0.1042
ENSMUSG00000118780	-0.0821	-0.3217	0.4145	-0.1723	0.0979	0.1282
ENSMUSG00000118781	0.8042	1.2333	1.9231	2.1812	2.3661	2.2844
ENSMUSG00000118782	0.1470	0.2286	-0.5456	-0.6207	0.4134	0.6212
ENSMUSG00000118789	-0.1257	0.0511	0.7449	-0.3381	0.0448	-0.0332
ENSMUSG00000118795	0.0735	-0.5390	0.1185	0.2304	-0.0043	-0.0357
ENSMUSG00000118796	1.1857	2.4644	1.8422	2.4057	2.8891	3.0549
ENSMUSG00000118798	1.6451	1.6806	1.3344	2.0847	2.1170	2.7100
ENSMUSG00000118799	-0.4046	-0.3595	0.0266	0.3097	0.1194	-0.5112
ENSMUSG00000118804	0.1622	-0.1896	-0.9316	-0.1149	0.2114	0.3433
ENSMUSG00000118809	0.1609	0.4260	0.6696	0.3588	-0.6887	0.0455
ENSMUSG00000118824	-0.7431	-0.3268	-0.1977	0.0466	-0.3158	-0.3690
ENSMUSG00000118827	0.7454	0.0271	0.0023	-0.1820	0.1446	-0.4897
ENSMUSG00000118848	0.3786	-0.3167	0.0065	-0.0004	-0.1642	-0.9071
ENSMUSG00000118860	0.9711	1.1396	1.6074	1.9377	2.5647	2.8721
ENSMUSG00000118867	1.1962	1.6969	1.6683	2.7577	2.0322	2.1193
ENSMUSG00000118870	0.7247	1.7896	1.5031	1.8915	2.8697	2.4607
ENSMUSG00000118871	-0.1761	0.3238	-0.1084	-0.1412	-0.0898	0.0958
ENSMUSG00000118885	0.1931	0.0932	-0.1589	-0.1697	-0.2697	-0.4079
ENSMUSG00000118890	-0.3965	-1.2245	-1.1621	-1.4456	-0.7402	-0.7684
ENSMUSG00000118894	0.2172	0.4321	0.0892	-0.0986	-0.0861	-0.1264
ENSMUSG00000118898	-0.1684	-0.5224	-0.2634	0.2686	-0.0067	0.4665
ENSMUSG00000118907	0.8697	2.0888	2.0067	2.5479	2.0058	2.5491
ENSMUSG00000118910	0.7320	1.2852	1.9106	2.4001	2.3870	2.4669
ENSMUSG00000118918	-0.1195	0.3948	-0.3543	0.0044	0.2130	0.1174
ENSMUSG00000118919	0.5479	-0.1366	0.3104	0.0065	0.1781	-0.2375
ENSMUSG00000118920	0.0816	-0.1456	-0.2798	-0.3225	-0.4575	-0.4404
ENSMUSG00000118945	1.2975	1.6094	1.6320	1.8845	2.5568	2.6031
ENSMUSG00000118952	-2.0043	-0.9008	-1.4407	-2.1723	-2.5390	-2.5471
ENSMUSG00000118995	-0.3635	0.4849	0.1482	-0.0570	0.0747	0.4752
ENSMUSG00000119002	1.0290	1.0531	1.6000	1.8331	1.6555	2.6897
ENSMUSG00000119004	-0.5306	-0.9318	0.0846	-0.5909	-0.7784	-0.0350
ENSMUSG00000119012	-0.0789	-0.2941	0.4888	-0.6597	-0.2812	-0.3117
ENSMUSG00000119014	1.1554	1.0984	1.5126	2.3182	2.0987	2.3663
ENSMUSG00000119015	0.7409	-0.1466	0.3544	0.1437	-0.3672	-0.3294
ENSMUSG00000119035	0.3380	0.0507	-0.0091	-0.1748	0.1012	0.0065
ENSMUSG00000119038	0.4263	0.1326	-0.0950	-0.1736	0.3061	0.1584
ENSMUSG00000119040	0.9196	-0.0821	-0.3798	-0.0691	-0.0262	0.4179
ENSMUSG00000119041	0.1972	-0.2702	0.0982	-0.2208	0.2268	0.4696
ENSMUSG00000119049	-0.7030	-0.6144	-0.1729	0.1808	-0.0292	0.1514
ENSMUSG00000119074	0.2894	-0.1001	0.3286	0.1219	-0.0608	-0.1775
ENSMUSG00000119086	0.3351	-0.5836	0.0432	0.6426	0.2288	0.2936
ENSMUSG00000119122	-0.4353	-0.3531	-0.0247	0.2566	0.0526	0.0211
ENSMUSG00000119139	0.7579	1.5681	1.6497	1.4664	2.1817	3.4223
ENSMUSG00000119175	-1.1025	-1.4140	-1.9359	-1.7649	-3.0136	-3.4116
ENSMUSG00000119176	-0.2068	0.0475	-0.4747	-0.2090	-0.4586	-0.0099
ENSMUSG00000119183	-0.3969	0.4713	0.4031	-0.0790	-0.0230	-0.3249
ENSMUSG00000119204	1.1406	1.2810	2.0142	1.6815	2.5119	2.6055
ENSMUSG00000119208	-0.0384	-0.6243	-0.5211	-0.4239	0.0100	-0.3819
ENSMUSG00000119216	1.4072	1.5302	1.7357	2.3418	2.3107	2.2324
ENSMUSG00000119240	-0.6375	0.1799	-0.0308	0.0041	0.3739	0.1607
ENSMUSG00000119262	-0.3940	0.0529	0.2054	0.3527	-0.0839	0.0358
ENSMUSG00000119280	1.3589	1.5342	1.4081	2.1793	2.1537	2.6761
ENSMUSG00000119288	0.0448	-0.5359	0.4732	0.1192	-0.2627	-0.3045
ENSMUSG00000119299	-1.0662	-1.3561	-1.5328	-2.4254	-1.7628	-3.2892
ENSMUSG00000119307	0.2393	0.1805	0.0304	0.7630	0.0757	0.2532
ENSMUSG00000119308	0.1122	0.0619	0.1358	0.4138	0.7409	0.6442
ENSMUSG00000119321	-0.6352	-0.3546	-1.3144	-0.4238	-1.4710	-1.1462
ENSMUSG00000119324	1.0214	1.7812	2.2803	1.8062	2.3257	2.6985
ENSMUSG00000119339	-0.5697	-0.6139	-0.6105	0.1471	0.5372	0.1898
ENSMUSG00000119363	0.2903	0.5013	-0.2460	0.3573	-0.7151	-0.4905
ENSMUSG00000119378	0.6598	-0.3189	-0.6949	0.0125	-0.0511	-0.1368
ENSMUSG00000119399	0.0608	-0.9743	-0.4836	-0.3560	-0.0441	-0.4492
ENSMUSG00000119402	0.7815	0.7307	0.7379	0.8535	1.3927	1.0422
ENSMUSG00000119433	-0.1857	0.1291	0.0084	-0.1770	-0.1829	0.0317
ENSMUSG00000119440	1.3878	1.3182	2.1779	2.1683	2.5161	2.7986
ENSMUSG00000119441	-0.3668	-0.1811	-0.0751	0.7580	0.1458	0.0511
ENSMUSG00000119442	-0.1025	-0.0046	-0.4876	-0.3674	-0.7655	-0.0455
ENSMUSG00000119451	1.3379	1.5480	1.7717	1.8769	3.0014	2.3963
ENSMUSG00000119462	1.1604	0.5741	1.0986	0.9357	1.2348	0.9871
ENSMUSG00000119476	0.5320	-0.0267	-0.6450	0.6532	-0.6453	-0.0590
ENSMUSG00000119481	2.0644	2.2518	1.5881	1.5873	2.5699	2.4223
ENSMUSG00000119482	-0.5378	0.1173	-0.5014	0.1497	0.0720	-0.5099
ENSMUSG00000119493	1.4885	1.3974	1.2664	2.2755	2.6442	3.0579
ENSMUSG00000119501	-0.2608	0.4235	0.1605	0.1597	0.1890	0.0997
ENSMUSG00000119509	0.1210	-0.1960	-0.2842	-0.0545	0.1683	-0.1951
ENSMUSG00000119516	-0.4664	-0.0318	0.1429	0.5215	-0.6010	0.4896
ENSMUSG00000119520	-0.4416	-0.6641	0.4697	-0.4400	0.4407	-0.2251
ENSMUSG00000119521	1.2022	1.5332	1.8754	2.2581	1.5973	2.3499
ENSMUSG00000119523	0.5906	1.3974	1.9401	2.0031	2.2215	3.2352
ENSMUSG00000119546	1.3584	1.0901	2.3112	1.8832	1.8955	2.1849
ENSMUSG00000119552	0.2578	-0.1114	0.1712	0.0074	0.0372	0.6316
ENSMUSG00000119561	-1.5467	-2.0248	-1.8976	-2.0127	-2.2599	-3.0794
ENSMUSG00000119562	-0.6175	0.2782	0.7217	-0.3434	-0.7960	-0.0351
ENSMUSG00000119580	0.5525	0.1240	-0.4000	0.6591	-0.4876	-0.0107
ENSMUSG00000119584	0.2910	-0.0642	0.0574	0.1497	-0.0834	0.2576
ENSMUSG00000119587	1.2372	1.1571	1.5161	1.3806	2.3550	2.4032
ENSMUSG00000119615	1.1636	1.5565	2.3504	2.3494	2.0282	2.1964
ENSMUSG00000119656	0.3016	0.4912	0.5447	-0.0213	0.4825	-0.3360
ENSMUSG00000119658	0.1529	0.1482	0.0354	0.2890	0.4841	-0.2640
ENSMUSG00000119661	-0.2171	0.4220	0.1413	-0.2808	0.1406	0.1076
ENSMUSG00000119673	0.4428	0.2369	-0.1572	-0.1037	-0.0830	-0.2378
ENSMUSG00000119714	1.5581	1.6840	2.0390	1.4525	1.9440	2.5113
ENSMUSG00000119719	-0.2672	0.0317	-0.3263	-0.4000	-0.1303	0.0511
ENSMUSG00000119730	1.6106	1.1184	2.3165	2.2191	2.1420	2.5755
ENSMUSG00000119731	-0.4131	-0.5234	-0.1514	0.2818	0.3623	0.7631
ENSMUSG00000119732	-0.8126	0.4589	-0.0737	-0.2727	-0.5222	-0.0806
ENSMUSG00000119734	-0.1112	0.6902	-0.0487	0.2578	0.5031	-0.0680
ENSMUSG00000119743	1.5911	0.7047	1.7876	2.2007	2.7073	2.2665
ENSMUSG00000119744	0.3339	0.0635	-0.2978	0.3212	0.1499	0.4210
ENSMUSG00000119745	0.5447	0.1105	0.4439	0.2291	0.0604	-0.2402
ENSMUSG00000119748	-1.5328	-1.7158	-0.8516	-1.7163	-0.9496	-2.5901
ENSMUSG00000119752	-0.1498	0.5582	0.2072	0.0970	-0.5195	0.2200
ENSMUSG00000119755	0.1246	0.2315	0.2435	0.1596	-0.0437	-0.0118
ENSMUSG00000119762	-1.0749	-1.9533	-1.9086	-1.9337	-1.7996	-2.1898
ENSMUSG00000119767	1.4183	1.4405	2.0136	1.9077	2.2264	2.1774
ENSMUSG00000119776	-0.2652	-0.1364	-0.2155	0.3178	-0.3243	-0.3683
ENSMUSG00000119789	0.2794	-0.0430	0.3893	-0.1304	-0.0959	-0.0865
ENSMUSG00000119790	-0.4497	-0.2458	-0.3751	-0.3701	0.3071	0.3896
ENSMUSG00000119801	-0.2837	-0.1623	0.3017	-0.3729	0.2176	-0.5776
ENSMUSG00000119807	0.1996	-0.0807	0.4267	-0.0543	-0.0993	0.3968
ENSMUSG00000119808	1.2369	0.8045	2.6469	2.4623	2.7642	2.7976
ENSMUSG00000119820	-0.8120	-0.1398	0.9634	-0.5626	-0.0315	-0.3071
ENSMUSG00000119833	-0.0428	-0.0736	0.0422	-0.6268	-0.2598	0.0913
ENSMUSG00000119844	1.2851	1.9091	1.8286	1.7488	1.6422	2.6003
ENSMUSG00000119845	0.5789	0.8997	0.0814	1.3394	1.6689	1.3589
ENSMUSG00000119859	0.3733	0.1358	0.5774	0.3159	-0.3910	0.8981
ENSMUSG00000119886	-0.0181	-0.0959	-0.2673	0.2850	0.2498	0.6381
ENSMUSG00000119891	-0.8198	-0.1767	-1.0641	-1.8099	-0.7400	-1.8876
ENSMUSG00000119904	0.7786	1.7764	2.0410	1.8807	1.8854	2.2586
ENSMUSG00000119920	1.0615	1.4393	1.6579	1.9000	3.1261	2.5953
ENSMUSG00000121647	1.1685	1.1090	1.9986	2.1575	2.1271	2.2362
ENSMUSG00000121797	0.9587	1.8434	2.3622	2.3419	2.0462	2.6376
ENSMUSG00000121800	-0.3333	-0.3854	-0.2010	0.7443	-0.0347	0.3258
ENSMUSG00000121801	-1.5600	-0.3893	-1.1309	-1.4179	-0.9973	-1.0052
ENSMUSG00000121846	1.7100	1.5423	1.5012	1.4918	2.2758	2.1086
ENSMUSG00000133207	-0.8927	-0.0410	-0.4120	0.2766	0.7620	-0.1489
ENSMUSG00000141775	-0.3638	-0.5596	0.1991	-0.3643	0.0143	0.2474
ENSMUSG00001118664	-0.3154	-0.9726	-0.8955	-1.0669	-1.5049	-1.0765
ENSMUSG00002075635	0.0518	-0.4794	-0.0128	-0.3299	0.1597	-0.0672
ENSMUSG00002076380	-0.1589	0.1280	0.0331	-0.1287	0.0985	0.5287
