GeneID	Batch_1_Ctr_0H	Batch_2_Ctr_0H	Batch_4_Ctr_0H	Batch_1_Ctr_2H	Batch_3_Ctr_2H	Batch_4_Ctr_2H	Batch_1_Ctr_6H	Batch_3_Ctr_6H	Batch_4_Ctr_6H	Batch_1_Ctr_12H	Batch_3_Ctr_12H	Batch_4_Ctr_12H	Batch_1_Ctr_18H	Batch_3_Ctr_18H	Batch_4_Ctr_18H	Batch_1_Ctr_24H	Batch_3_Ctr_24H	Batch_4_Ctr_24H	Batch_1_Ik_0H	Batch_2_Ik_0H	Batch_4_Ik_0H	Batch_1_Ik_2H	Batch_3_Ik_2H	Batch_4_Ik_2H	Batch_1_Ik_6H	Batch_3_Ik_6H	Batch_4_Ik_6H	Batch_1_Ik_12H	Batch_3_Ik_12H	Batch_4_Ik_12H	Batch_1_Ik_18H	Batch_3_Ik_18H	Batch_4_Ik_18H	Batch_1_Ik_24H	Batch_3_Ik_24H	Batch_4_Ik_24H
ENSMUSG00000000028	13.812612	14.031590	13.901656	13.929891	13.876085	14.126789	14.171622	13.872382	14.199299	13.947157	13.958910	14.163327	13.924163	13.771880	14.043439	14.087742	14.006538	14.356622	13.726267	13.509564	13.826921	13.882908	13.981671	14.090817	14.248588	14.196102	14.133489	14.252858	14.180092	14.463167	14.004855	13.876694	13.774570	13.122652	13.254783	13.046470
ENSMUSG00000000031	5.607099	6.631603	5.768645	5.441176	5.568193	5.755172	6.313981	4.811496	3.215622	5.529369	5.828404	5.369241	5.972209	6.153538	6.474843	6.361914	6.533853	4.297436	5.319675	5.363427	5.172998	5.474274	5.183610	6.175776	4.735991	4.745117	6.099227	3.410501	4.398344	4.377496	4.640597	4.490242	4.059500	4.877941	3.366787	3.584543
ENSMUSG00000000078	10.682646	10.357270	10.501151	10.588055	10.451858	10.444312	11.008301	10.434204	9.839811	10.432909	10.979929	10.163308	11.325414	11.212417	10.705251	11.408948	11.134874	10.708153	10.903395	10.832873	10.366378	11.008338	10.907011	10.827029	11.475356	10.853306	11.080212	12.970246	12.950961	11.906972	13.845399	13.399489	13.019943	14.069741	13.968085	13.375017
ENSMUSG00000000093	6.910878	6.693010	7.139726	8.094464	7.535058	8.683042	7.659847	7.736197	8.327506	7.206325	6.810825	7.584490	7.093517	7.248715	7.952783	7.831310	6.891414	8.090818	5.909092	6.071665	5.430375	6.456153	7.079468	7.685181	7.726669	7.682333	9.293368	8.237073	8.057052	8.362416	9.354684	9.470364	9.433288	9.908516	10.384757	10.001369
ENSMUSG00000000134	10.963512	10.944424	11.147515	10.809237	11.009085	10.662868	10.994689	10.936161	10.942475	10.929800	10.964434	10.772300	11.145207	11.125737	11.092071	11.093447	10.956520	11.075132	11.083885	11.220484	11.193649	10.844606	10.597720	10.591733	10.344318	10.148949	10.572215	10.368850	10.558487	10.099720	10.690735	10.598448	10.583839	10.640646	10.647854	10.875447
ENSMUSG00000000184	14.693561	14.615472	15.103816	14.791366	14.905556	14.610717	14.351010	14.850629	14.401879	14.820251	14.859071	14.654785	14.778348	14.827171	14.612341	14.676109	14.739305	14.512854	15.478497	15.478000	15.548464	14.219083	14.157022	13.943562	12.800925	12.744076	12.323824	11.923611	12.429457	12.374328	11.082474	11.545336	11.383301	11.301445	11.863750	11.019503
ENSMUSG00000000244	11.377074	11.428549	11.254066	11.490526	11.392319	11.824451	11.669706	11.725739	11.972320	11.322511	11.365692	11.605221	11.551047	11.607702	11.516357	11.500218	11.505230	11.280409	11.374855	11.525907	11.398099	11.718635	11.714128	11.960433	11.534096	11.708730	11.949909	11.966929	11.944235	12.253463	11.812846	11.830697	11.761538	12.008743	12.038601	11.987930
ENSMUSG00000000275	13.173761	12.968878	13.263003	13.204963	13.051471	12.309003	12.416907	12.541252	11.886450	13.273761	13.108824	12.685105	13.126942	12.847999	12.674780	12.866089	13.066580	12.988402	13.290268	13.103607	13.323752	12.747301	12.692283	11.852932	13.247148	12.891905	12.455447	13.044543	13.230642	12.875885	13.495243	13.508445	13.354853	13.322117	13.070445	13.263307
ENSMUSG00000000290	12.238134	12.231484	12.123665	12.318178	12.161310	12.201709	12.080325	12.197918	12.246966	12.372256	12.325123	12.286970	12.419688	12.348788	12.574198	12.202899	12.321975	12.254221	11.894813	11.977913	11.806357	12.448721	12.381434	12.450461	12.835380	12.801554	13.119590	13.186440	13.060545	13.270643	12.969928	12.872635	12.835596	12.752181	12.720263	12.876877
ENSMUSG00000000301	9.723214	9.682648	9.884895	10.028350	9.903038	10.223959	10.411237	9.798662	10.345776	9.824260	10.109585	10.066924	10.084773	9.873483	10.494636	9.896577	9.834409	10.252711	9.787413	9.438491	9.753116	9.794121	10.058361	10.224989	9.126901	9.469904	10.192063	8.577834	7.977270	8.449307	7.370922	7.030457	7.021843	6.901197	6.688158	5.804154
ENSMUSG00000000308	5.829082	5.579550	6.990098	6.848688	5.801104	5.217226	7.248632	6.385577	6.562766	6.543629	7.030204	5.604066	6.465450	6.238401	7.035460	6.193708	6.725777	5.100017	8.685116	8.451146	8.854260	7.717673	7.997775	7.391399	7.718647	6.783076	7.809764	4.607692	5.271764	6.911347	3.202136	4.249000	4.763912	2.582430	3.078854	3.078854
ENSMUSG00000000441	14.008916	14.149913	13.923750	14.149976	13.977803	14.288020	14.356063	14.200672	14.229443	14.106281	14.150877	14.283394	14.026041	13.998700	14.352940	14.243000	14.257697	14.452720	13.962667	13.691251	13.762162	13.811704	14.094588	14.218686	13.988254	14.142904	14.203659	14.213685	14.107572	14.339692	14.062696	14.087807	14.044562	14.055080	13.980988	14.020279
ENSMUSG00000000532	10.437813	10.132427	10.168092	9.923432	10.112503	9.450628	9.272619	9.770710	9.962743	10.300433	10.038429	9.837855	10.066150	9.667882	9.767701	9.780605	9.958469	9.793781	10.533950	10.325713	10.341831	10.427437	10.342094	9.450043	10.427425	10.439233	10.308693	10.147318	9.986734	10.667942	10.878121	10.609242	10.663064	10.854084	10.995560	10.624030
ENSMUSG00000000555	4.388914	5.677388	5.781663	5.431107	5.566533	5.700117	6.944600	6.248626	6.908780	5.137693	4.682281	5.605398	5.380250	4.368882	5.003258	4.904469	4.646134	4.895615	11.453358	11.294148	11.473361	9.004242	9.718428	10.485332	7.034880	7.636128	7.634945	5.904128	5.006322	7.239067	4.552355	5.302566	5.519489	4.928998	4.351261	5.745027
ENSMUSG00000000682	13.464656	13.140976	13.135229	13.326099	13.287836	13.449672	13.882917	13.558701	13.542969	13.357804	13.195813	13.319524	13.697543	13.703064	13.808321	13.617267	13.355605	13.352550	12.234805	12.559994	12.138949	12.554731	12.167938	12.609095	11.905481	12.288413	12.295666	12.439235	12.222261	12.084276	11.580559	11.902411	11.814784	11.905253	11.847503	11.229235
ENSMUSG00000000690	10.952152	11.137212	10.898076	10.582126	10.985206	11.016553	10.928277	11.209016	11.274554	10.510765	10.965321	11.123994	10.729852	10.966641	11.225131	10.820164	11.082459	10.919354	12.621477	12.875724	12.369170	10.978441	11.233120	11.246399	10.870394	11.008284	10.756593	11.277010	11.600376	11.774518	11.252272	11.175384	11.265112	10.765244	11.219785	11.176884
ENSMUSG00000000782	8.358726	8.301080	8.136256	8.201689	8.032400	6.108397	8.304429	7.057521	6.425753	8.837878	7.726151	7.168343	8.755417	7.135686	8.155525	8.267175	8.307479	7.829609	8.606524	8.109506	8.938735	7.972243	7.392365	6.977765	8.246789	7.015796	6.807419	6.295631	5.677308	7.197480	4.142739	4.744447	5.629684	6.001123	5.310872	6.325210
ENSMUSG00000000792	6.234351	7.163672	6.777774	6.831814	7.152575	7.143544	7.488342	6.916157	8.057394	6.040406	6.530729	6.145562	6.670615	6.419085	5.100590	6.305292	6.012033	5.352527	5.790216	6.490282	7.043220	6.981882	7.464047	8.130880	7.272467	6.287554	7.619800	7.127675	6.103571	7.846578	6.394830	6.243087	5.856740	6.754077	6.757120	6.303713
ENSMUSG00000000838	12.727784	12.697488	12.965243	12.655543	12.688456	12.465181	11.982116	12.480048	12.261343	12.641020	12.745398	12.749080	12.828031	12.714536	12.727126	12.487424	12.644516	12.243892	12.577750	12.712023	12.568188	12.439177	12.072816	12.031360	12.463479	12.645472	12.285673	12.315109	12.084215	12.281853	12.195399	12.374354	12.595520	11.995609	11.877983	12.177763
ENSMUSG00000000957	14.809569	14.676922	14.750817	14.793187	14.921829	14.602862	14.877556	14.703669	14.524549	14.944763	14.750031	14.710794	14.886528	14.686359	14.513983	14.829409	14.768831	14.702194	14.725459	14.761524	14.834476	14.457116	14.403372	14.203506	14.262811	13.955126	14.057919	14.045613	14.349704	14.160977	14.715621	14.509597	14.573387	14.591104	14.658964	14.460909
ENSMUSG00000000982	8.100184	8.432920	8.674241	8.596178	10.022570	8.854673	6.905982	8.894175	6.817385	7.628662	8.169925	5.722647	7.128317	8.254753	6.542654	8.184909	8.892066	7.108769	10.157281	10.468039	9.849117	9.448751	9.576305	9.146868	10.204565	9.275597	9.960807	9.874647	11.555354	10.909588	12.067495	12.100004	12.206852	11.806508	12.240527	11.976772
ENSMUSG00000001105	11.916865	12.026553	11.666873	12.329756	11.735579	12.531968	12.428793	12.176213	12.655722	11.881297	12.112107	12.452421	11.817600	12.030413	12.849122	12.112737	12.060816	12.184183	12.038389	11.889479	11.752326	11.947102	11.969791	12.737428	11.834233	12.232123	12.140517	12.290595	12.050903	12.412297	11.943393	11.837945	11.629023	11.659862	11.749922	11.851038
ENSMUSG00000001123	17.450228	17.482141	17.238638	17.256122	17.384432	17.187173	17.876795	17.279459	17.244219	17.950591	17.351289	17.388627	17.530527	17.197010	17.189877	17.522742	17.452774	17.606951	16.861980	16.743876	17.008418	16.778001	16.735923	16.746127	16.634353	16.262550	16.103283	15.621403	15.761684	15.705237	15.447366	15.340384	15.372205	15.485799	15.649119	15.313708
ENSMUSG00000001175	15.086499	15.183730	15.002146	15.158142	14.968911	15.129288	14.785240	14.976602	15.071302	14.990846	15.110754	15.200373	15.039086	15.234425	15.258390	14.990934	15.125509	14.941058	14.977900	15.121021	14.893652	15.120504	14.890377	15.037569	15.059948	15.155312	15.117353	15.210547	15.015442	15.079066	14.977247	15.057116	15.121319	14.611207	14.842100	14.797353
ENSMUSG00000001280	13.266757	13.118039	13.537504	13.475713	13.288637	12.409291	12.969673	12.871866	12.273293	13.571584	13.358311	12.838590	13.409569	13.098067	12.301804	13.336341	13.317965	12.708650	13.656371	13.433720	13.711443	13.063057	12.918654	11.872161	13.351593	12.679119	12.561559	12.762284	12.910870	12.680295	13.357355	13.189387	13.066147	13.191957	12.952181	12.960163
ENSMUSG00000001288	6.299452	6.246249	5.947669	5.977394	5.781007	6.352629	5.126658	6.015903	6.282840	6.506004	6.231630	6.891722	6.002137	5.795790	6.610025	6.735582	6.029464	7.495725	7.102522	7.658524	6.163378	6.945566	6.748969	6.698145	7.792274	7.452976	8.692321	6.934341	7.545070	5.656947	7.704344	6.502815	6.524174	6.504687	7.326404	7.233670
ENSMUSG00000001300	5.880641	5.601558	5.541144	5.215173	6.795840	6.231026	7.587141	5.678611	5.701347	6.628183	5.348379	7.014997	6.505319	5.657886	6.189517	7.178998	6.349710	7.449750	5.360808	4.712462	6.075157	5.763386	6.479730	6.157014	4.138268	4.942922	4.406342	4.783290	6.024074	5.699560	5.680665	4.959080	6.256229	6.247116	5.836915	5.827299
ENSMUSG00000001323	10.239019	10.348934	9.885551	10.033220	10.223714	10.028058	10.201601	10.391525	9.994328	10.279382	10.074703	10.068528	10.443788	10.197088	9.666098	10.193802	10.225846	10.409044	10.752298	10.850794	10.559992	11.014841	10.897288	10.742567	10.796116	10.640013	11.005670	10.866835	10.739863	10.043384	11.190823	10.819557	10.661275	11.205588	10.996447	11.128560
ENSMUSG00000001348	7.258350	7.595555	6.645024	6.748945	7.681151	7.199082	8.462422	7.607964	7.655185	7.667626	7.493246	7.390531	7.179526	7.615369	8.023240	7.747400	7.796685	7.946751	6.702660	6.767945	6.905783	6.477751	6.345399	7.341950	5.674008	6.626904	6.310168	6.735837	6.379701	5.729214	6.515286	7.079135	7.467543	7.781361	8.391338	7.519635
ENSMUSG00000001424	15.042109	15.022897	15.118522	15.070503	15.100010	14.599449	15.177748	14.949526	14.668456	15.219289	15.202179	14.823297	15.027858	14.766368	14.926165	15.213772	15.033407	15.233095	15.109785	14.715661	14.850946	14.621661	14.878111	14.640866	15.034058	14.992914	15.130510	15.098361	14.926464	15.234826	14.897133	14.846184	14.820179	14.798060	14.506280	14.615253
ENSMUSG00000001436	13.195527	13.227416	13.425493	13.455986	13.352699	12.878264	13.549095	13.158915	12.897464	13.412675	13.436070	13.244154	13.286045	13.142032	13.235142	13.283341	13.443203	13.418613	13.290188	13.004020	13.297191	12.733224	12.782089	12.434423	12.015410	12.023728	11.379997	11.526275	11.513594	11.358699	10.842543	11.097018	10.836472	10.845047	10.790911	10.563496
ENSMUSG00000001494	9.485060	10.152110	8.977101	8.973812	9.870916	9.489092	8.856339	10.212395	9.698139	9.258947	10.559342	9.834249	9.199314	10.291765	10.053322	9.759632	10.727627	10.328858	4.717989	4.659831	4.295796	4.162465	5.457680	5.917049	3.015059	3.554307	4.306167	4.158905	3.568279	5.719920	3.676230	4.062655	3.885834	4.839188	3.872779	5.192052
ENSMUSG00000001496	4.477480	4.879850	4.580536	4.651591	4.690051	5.233292	6.082509	3.405891	4.716747	4.055868	4.874810	4.714137	4.656567	4.323100	6.341231	5.340924	4.837672	6.052136	3.595479	3.601098	4.101132	3.804225	3.935121	5.471514	4.618490	4.697696	6.532958	4.283976	4.931504	6.249523	5.461594	4.930440	5.341299	4.785459	5.680450	4.547435
ENSMUSG00000001729	15.193581	15.142128	15.263326	15.183428	15.164081	14.933444	14.882793	14.975110	14.798890	15.286266	15.125399	14.957145	15.202514	15.109307	14.807455	15.107301	15.132841	14.955173	15.356697	15.332873	15.439706	15.321229	15.235271	14.876032	15.437028	15.332895	15.210004	15.272960	15.222111	15.062334	15.490628	15.626645	15.579356	15.649242	15.423662	15.559915
ENSMUSG00000001750	13.379745	13.503941	13.267120	13.485244	13.322357	13.900117	13.900662	13.643364	14.120108	13.259021	13.213954	13.618424	13.363276	13.295219	13.527964	13.569725	13.445844	13.768421	13.064232	13.204814	13.171385	12.486138	12.831464	13.185184	12.702682	13.004511	13.290521	13.402794	13.230656	13.631422	13.431827	13.403502	13.417692	13.461715	13.603044	13.518671
ENSMUSG00000001847	14.552300	14.482186	14.476496	14.482912	14.556190	14.289933	14.440867	14.383375	14.579138	14.555213	14.489265	14.324822	14.672324	14.545490	14.414217	14.414171	14.601417	14.380133	15.001150	15.147509	14.902233	14.893201	14.742041	14.347708	14.671718	14.504775	14.171770	14.588960	14.505857	14.373226	14.885787	14.853666	14.917012	14.763125	14.915871	14.903376
ENSMUSG00000001910	14.982533	14.957395	15.087878	14.931601	14.979688	14.475778	14.850023	14.739894	14.488793	15.170144	14.891961	14.730127	14.973476	14.662637	14.631431	14.877211	14.922022	14.940387	14.989807	14.807445	15.179580	14.895902	14.888176	14.455385	15.106801	14.761433	14.555233	14.785947	15.014887	15.074519	14.866741	14.815278	14.802182	14.624214	14.739484	14.568260
ENSMUSG00000001911	12.481598	12.482784	12.679468	12.399893	12.525181	12.301088	12.274917	12.312335	12.178356	12.618201	12.657810	12.499042	12.559919	12.395986	12.466643	12.613608	12.384953	12.724036	12.602514	12.509695	12.895723	12.506899	12.378431	12.552378	11.992595	11.780782	11.380023	11.006701	11.475611	11.414195	10.276005	10.365492	9.986959	10.355509	10.453074	10.204712
ENSMUSG00000001930	7.389678	6.934188	7.277491	7.455594	7.433799	6.956260	7.634649	7.335911	7.677285	7.318094	7.526810	7.280221	7.283465	7.491303	7.874588	7.325052	7.357627	7.233283	6.920875	6.853671	6.980673	7.167572	7.145486	7.024993	7.041465	7.098690	6.154893	6.462942	7.178090	7.379843	6.728484	7.190871	7.335440	6.813864	7.347761	7.233669
ENSMUSG00000002068	11.821119	11.981664	12.153217	12.128303	12.087304	12.127214	11.821192	12.005273	11.928016	12.164130	12.314974	12.110876	12.352014	12.554827	12.186793	12.234090	12.281106	11.943955	11.737952	11.989370	12.199039	12.499838	12.057409	12.273288	12.373265	12.176888	12.503742	11.674684	11.896959	11.408839	11.331824	11.512826	11.104500	10.396638	10.625050	10.237480
ENSMUSG00000002083	11.233303	11.015334	10.950074	11.031105	11.447157	11.389367	10.519707	11.072895	11.003382	11.163763	11.283104	11.210381	11.541006	11.463802	10.902182	11.454287	11.427096	11.715317	10.936739	10.775909	10.908833	10.369663	10.539175	10.242081	10.003646	10.234112	10.159383	10.818951	10.614078	10.804783	11.128832	10.801049	10.831466	12.212020	11.760056	11.807419
ENSMUSG00000002104	8.393177	8.280099	8.123706	9.355245	8.493861	9.596483	9.236228	9.015552	9.490016	8.018933	8.434089	9.101762	8.243268	8.328223	9.421751	8.558811	8.476412	9.282365	8.002091	8.096089	8.157133	9.550549	9.808215	10.764207	10.329489	10.976572	10.679489	10.453420	10.384507	10.701012	10.263394	10.315578	10.000632	10.217228	10.572622	10.167032
ENSMUSG00000002108	5.559889	5.673277	5.223888	6.118274	6.264741	7.113571	6.890803	5.894076	6.955919	5.256534	5.497990	5.514249	6.436778	5.687547	7.157364	5.089216	5.564243	6.705504	4.361122	4.352160	4.812423	4.344842	4.768086	5.826716	5.557456	5.238782	4.199127	7.285142	6.223759	7.670348	5.977601	6.257815	5.898108	7.381957	5.952172	6.945589
ENSMUSG00000002109	11.070574	11.199897	10.963817	10.797505	11.086943	11.716694	11.249210	11.451361	11.937916	10.970376	11.036789	11.341636	10.986147	11.096134	11.522150	11.196131	11.053920	11.590247	11.212220	11.119723	10.980858	11.308694	11.546761	12.019858	11.543780	11.800760	12.321588	12.129647	12.306498	12.952046	11.727648	11.436533	11.260684	11.181346	11.306125	11.068234
ENSMUSG00000002221	14.213206	14.225457	14.286659	14.047490	14.156268	13.980640	14.114320	14.020774	13.934461	14.302363	14.166634	14.000780	14.222588	14.106117	13.865659	14.222162	14.165848	14.162106	14.081444	14.047439	14.344343	14.233271	14.302954	14.021260	14.579996	14.431857	14.246758	14.039418	14.344111	14.063133	14.138632	14.155858	13.936215	13.813298	13.714630	13.752249
ENSMUSG00000002250	13.019195	12.984555	12.709216	12.604470	12.925774	12.665079	13.067719	13.055705	12.950436	12.881235	13.182439	13.004002	12.717523	12.914099	13.242383	12.997688	13.238043	13.402766	13.361399	13.343741	13.076401	12.342317	12.607926	12.418327	12.417294	12.520321	12.485705	11.984003	12.540207	12.148131	12.139008	11.937433	11.824987	11.954610	12.327577	12.047198
ENSMUSG00000002289	9.079514	8.935486	8.968981	9.064370	8.697747	9.087731	8.836944	8.897533	9.391188	8.321309	8.967844	9.075991	8.909772	8.935720	9.550841	8.678235	9.178332	9.552377	8.745250	8.351005	8.866399	9.850470	9.804044	9.719596	9.571650	9.677846	9.240734	9.442943	9.109143	9.366780	8.886965	8.647012	8.351849	8.276155	8.735729	7.768464
ENSMUSG00000002325	10.593264	10.661020	10.475359	10.356375	10.453134	10.889992	10.649560	10.667125	11.085205	10.432782	10.457993	10.687021	10.576849	10.676056	10.735462	10.601082	10.542055	10.995877	10.149050	10.418820	10.418748	10.572055	10.668821	10.990534	10.575894	10.882379	11.061023	10.746092	10.613991	10.459269	11.029793	10.959702	11.017967	11.184809	11.322295	11.378331
ENSMUSG00000002603	14.874580	14.972267	14.874772	14.876421	15.060359	14.995028	14.842032	14.914429	14.874997	14.966430	15.156329	15.113547	14.890094	15.036672	15.226595	14.959414	15.118839	15.125816	14.445593	14.369597	14.484012	14.618383	14.522194	14.729571	14.622091	14.596366	14.407342	14.456435	14.622086	14.578002	14.204679	14.158841	14.077772	14.025324	14.165149	14.095216
ENSMUSG00000002731	11.351566	11.111580	11.081837	11.699120	11.095785	11.315536	11.150440	11.343173	11.254766	11.335134	11.343395	11.387559	11.371625	11.245809	11.139959	11.460853	11.182319	11.552280	11.602745	11.555320	11.032852	11.415865	11.623507	12.090895	10.831188	11.296205	11.585907	11.711125	11.053543	11.068970	11.950666	12.026314	12.141830	12.687099	12.499534	12.677447
ENSMUSG00000002763	12.722919	12.871177	12.407091	12.602605	12.274352	12.970388	12.764784	12.670304	12.950251	12.550990	12.699622	12.994547	12.501682	12.484488	13.256210	12.804022	12.737107	13.027860	12.610719	12.649832	12.318311	12.348784	12.688002	13.333570	12.477416	12.841193	13.166434	13.076307	12.696931	13.201751	12.816756	12.685840	12.881845	12.933763	13.113963	12.717195
ENSMUSG00000002812	14.310787	14.216959	14.284989	14.161998	14.299032	13.843823	14.024097	14.103449	13.789192	14.445203	14.129397	13.937304	14.556228	14.406673	13.780939	14.343658	14.234636	13.739699	14.495529	14.637635	14.569010	14.637166	14.352312	14.019918	14.785389	14.455297	14.324420	14.972235	15.028236	14.703159	15.268573	15.232946	15.247036	15.389093	15.121673	15.373907
ENSMUSG00000002814	12.262525	12.215857	12.184552	12.470428	12.378650	12.544215	12.638502	12.413864	12.553209	12.400432	12.259698	12.247809	12.361356	12.222726	12.528470	12.400396	12.303578	12.639723	12.133401	11.975937	12.210587	12.604812	12.754611	12.960092	12.614507	12.619347	12.760553	12.565435	12.541151	12.649929	12.148814	12.187360	12.034671	11.963977	11.715613	11.788314
ENSMUSG00000002881	12.721778	12.703152	12.593279	12.711382	12.652731	12.713511	12.751917	12.850785	12.814077	12.807363	12.894499	12.957103	12.899722	13.017239	12.752885	12.828411	12.899563	12.736542	12.751281	12.977463	12.994055	12.770692	12.818939	12.954285	12.452740	12.620076	12.685999	12.331048	12.408062	12.472420	12.145436	12.374960	12.422128	12.127787	12.378599	12.406581
ENSMUSG00000002900	5.350978	5.243543	5.416841	6.514237	5.220829	5.650191	7.105897	5.825479	5.384745	6.044755	5.952496	6.692641	5.834082	5.353917	6.528584	5.665806	5.251384	4.687396	12.541876	11.671112	11.708979	10.097594	9.999269	10.280046	7.390991	6.643240	8.540275	7.058891	6.440790	7.650772	8.982385	7.575512	8.590311	8.538239	7.498490	7.819508
ENSMUSG00000002944	5.474776	4.435308	7.067726	5.580107	4.536437	4.604227	6.598425	4.741714	5.787241	4.688037	3.991283	5.304004	4.558225	3.667107	5.568934	4.704920	4.070148	5.925453	7.639878	6.576959	7.619518	5.486597	5.894530	5.942275	5.259068	4.061609	5.406650	6.934364	6.687238	6.586901	9.432326	8.758412	9.393324	9.318967	9.078138	9.273314
ENSMUSG00000002983	10.084621	9.955405	9.994711	10.159242	10.038674	10.704760	10.671871	10.129997	10.554102	9.921103	10.142528	10.448951	10.027953	9.809929	10.443424	10.408440	10.292216	10.483641	10.379767	10.112051	10.079200	10.246818	10.499373	10.952066	10.370116	10.315067	9.793828	10.711540	10.206443	10.981908	10.317933	10.368955	10.479838	11.381180	11.134942	10.899969
ENSMUSG00000002985	11.266507	11.255579	11.390812	11.493986	11.359821	11.937871	11.720131	11.901330	12.223930	11.338203	11.661889	11.890437	11.626888	12.074033	12.094120	11.716811	11.601774	11.488988	10.968065	11.356992	11.312173	12.038893	11.778309	12.447273	11.011642	11.423090	11.614993	10.911738	11.213331	11.232918	10.039081	10.674268	10.536013	9.927419	10.428651	10.223467
ENSMUSG00000002997	10.653300	10.539346	10.912284	10.633609	10.566195	10.152864	10.351661	10.254754	10.472317	10.631426	10.992557	10.632304	10.750319	10.875263	10.667680	10.566715	10.634183	11.107368	10.615854	10.817581	10.807647	10.698170	10.437202	10.474716	10.277579	10.443205	10.042328	10.109286	9.799026	8.730615	10.381947	10.587412	10.235849	9.951173	10.047245	9.848268
ENSMUSG00000003031	12.757971	12.531374	12.156156	11.797631	12.048046	11.521166	11.579424	11.696806	11.489738	12.042063	11.911743	11.549976	11.708102	11.531378	11.410330	11.912255	12.067775	11.871775	13.438830	13.337634	12.641137	12.826879	13.093596	12.297295	13.592073	13.339954	13.176512	14.216311	14.335619	14.083537	15.017002	14.763185	14.970417	14.978694	15.099174	15.193778
ENSMUSG00000003070	4.331041	5.455923	4.445851	4.466594	5.509451	5.719354	6.721441	5.766535	6.267789	3.966131	4.166269	4.925060	4.775642	4.778285	5.560201	4.743241	5.106005	5.163684	5.084024	4.580151	4.457128	5.163307	5.290557	6.458030	4.545981	4.570150	5.927230	6.197622	5.669193	7.409323	5.408107	5.227399	5.379757	5.816105	4.873785	5.885909
ENSMUSG00000003123	10.338602	10.587213	10.543590	10.274344	10.492789	10.321929	10.281372	10.597367	10.571258	10.378323	10.263924	10.450774	10.531302	10.469421	10.896834	10.412845	10.173241	10.387827	10.578754	10.559220	10.351836	10.805766	10.706381	11.024310	10.829081	10.975523	10.662516	11.240452	11.265054	11.373467	11.157012	11.223687	11.214783	11.242027	11.467966	11.333374
ENSMUSG00000003153	12.440356	12.273200	12.234136	11.928034	12.159760	12.050837	12.126238	12.350058	12.395136	12.419207	12.434905	12.152586	12.109647	12.174086	12.222204	12.402824	12.524954	12.623112	12.868956	12.685385	12.474380	12.510104	12.761283	12.296311	12.988210	12.871646	12.750334	12.470375	12.619966	12.852496	12.143772	12.099196	12.270249	12.000253	11.919415	12.216001
ENSMUSG00000003184	13.467174	13.476581	13.537724	13.434027	13.413073	13.763186	13.498364	13.629720	13.875237	13.393176	13.464389	13.795812	13.469601	13.769279	13.747545	13.495009	13.282876	13.107678	13.340471	13.743135	13.408090	13.836167	13.495947	14.010864	13.532927	13.689081	13.856950	13.602047	13.595226	13.352294	13.416716	13.509350	13.622492	13.434342	13.591444	13.750508
ENSMUSG00000003200	13.847039	13.892023	13.850499	13.588455	13.704523	13.613484	13.811343	13.730946	13.661890	13.751401	13.745985	13.700855	13.706754	13.686138	13.552539	13.828344	13.857265	13.874653	13.942712	13.951475	14.047737	14.036553	14.037504	13.975722	14.163396	13.972458	14.010071	13.982561	14.038410	13.971858	13.942519	13.914018	14.003347	13.829293	13.879892	13.848586
ENSMUSG00000003283	8.113071	7.756577	8.321702	8.781172	7.877800	7.723491	9.216865	7.741762	7.779263	8.710074	8.217750	8.466474	8.578283	7.345240	7.470023	8.476553	8.440581	8.074325	5.196011	5.160351	5.462916	5.350236	6.319799	5.388937	5.004443	4.873183	7.073129	5.442677	5.457608	6.399631	6.310138	6.558870	7.015065	7.252918	7.156562	6.338189
ENSMUSG00000003308	13.965513	13.913813	14.011825	13.842090	13.973092	13.788244	13.980457	14.066837	13.932239	13.879419	13.944686	13.849206	13.934770	13.899685	13.828446	13.992535	13.862334	13.920559	14.091810	13.991833	14.078382	13.961728	13.922900	13.943644	14.106920	14.193305	14.118243	14.111006	14.062659	14.117647	13.852569	13.913344	13.998541	13.806891	13.673234	13.837194
ENSMUSG00000003379	18.492515	18.540205	18.409340	18.378063	18.584833	18.657872	18.699557	18.484181	18.498023	18.631747	18.467958	18.603823	18.531929	18.475380	18.455728	18.578911	18.617932	18.641901	17.872613	18.117944	18.032313	18.161594	18.112843	18.129406	18.171461	17.954648	17.794764	18.167147	18.568421	18.373072	18.518793	18.421964	18.255101	18.389162	18.533778	18.452241
ENSMUSG00000003382	11.213702	11.015089	11.338520	10.973506	11.206060	10.414849	10.849300	10.850578	10.366545	10.892371	10.697053	10.429290	10.879625	10.812316	10.018446	10.783683	10.974099	10.732765	11.013649	10.955532	11.158971	10.360383	10.264217	9.534608	10.506123	10.536642	9.959143	10.597886	10.597530	10.035853	10.654469	10.961654	10.962049	10.781772	10.689034	10.706853
ENSMUSG00000003526	8.088353	8.502643	8.483001	8.286026	8.372835	9.010889	8.771058	8.531581	8.989620	7.989835	8.458237	9.037784	8.404221	8.683898	9.420425	8.649199	8.398507	8.980586	8.320665	8.346826	8.278949	8.657891	8.264812	9.009905	6.814492	7.395774	7.863982	7.170677	6.656100	5.620383	6.497970	6.148591	6.121927	6.248324	6.515094	6.057396
ENSMUSG00000003545	8.882930	7.890577	9.297450	10.920341	9.086631	7.997510	10.051157	8.213679	7.835167	10.085624	11.200225	7.943897	12.740063	11.831513	9.105900	13.427577	12.107807	10.875774	7.709364	8.513996	9.267634	9.810517	8.375380	7.860944	9.691495	7.697035	6.863228	11.532298	11.862460	8.591789	10.374043	11.022680	7.660944	9.567914	10.197830	7.523633
ENSMUSG00000003814	16.762257	16.927936	17.255257	16.698746	16.772145	16.753837	16.474869	16.688666	16.720520	16.768340	16.761695	16.741647	16.794507	17.098570	16.783250	16.759744	16.904802	16.641759	16.717480	16.920058	17.011895	16.939872	16.923402	16.788252	16.403728	16.262106	16.339125	16.431394	16.741755	16.379512	16.039302	16.278710	16.024682	15.627712	15.978043	15.751024
ENSMUSG00000003849	9.268043	8.794612	9.944211	9.368561	8.250495	8.557948	9.470848	9.159706	8.870652	9.097054	9.136244	9.264623	9.151708	8.656153	7.705399	9.404270	9.167939	9.298655	7.611956	7.473339	9.566903	7.141141	7.154543	8.107040	7.146360	6.766229	7.338501	6.882230	6.962249	8.299847	6.400388	5.701063	6.249457	6.770610	5.772516	6.463755
ENSMUSG00000003873	15.717642	15.960334	15.951723	15.708741	15.910428	15.966721	15.928433	15.987192	16.101864	15.699916	15.949787	16.071746	15.873916	15.759405	15.932554	15.936234	16.064738	16.265899	16.038000	15.884298	16.188018	15.945181	15.889719	15.929567	15.696651	15.808399	15.818436	15.842005	15.526641	15.921977	15.657558	15.568778	15.830655	15.501778	15.626229	15.612589
ENSMUSG00000003882	14.565690	14.570299	14.357353	14.352556	14.414718	14.323209	14.304590	14.107388	14.060569	14.328728	13.709323	13.892587	14.312692	13.927007	13.689420	13.970773	13.839596	13.551925	14.058554	14.133467	14.101164	14.040223	13.846509	13.594113	13.595780	13.419924	12.917141	14.585418	14.377731	14.380817	15.586534	15.592773	15.584060	16.075122	15.936699	15.806847
ENSMUSG00000003923	12.064269	12.193565	12.337406	12.075744	12.285391	12.148610	12.109440	12.275627	12.064671	12.152480	12.341299	12.208266	12.148829	12.379742	12.295268	12.105165	12.247732	12.181205	12.205613	12.234054	12.049204	12.297849	12.155683	12.148340	11.969061	11.999459	12.227521	11.943445	12.010810	11.319606	11.582008	11.733847	11.546575	11.526888	11.620669	11.627909
ENSMUSG00000003955	16.038782	15.987367	14.982561	14.740737	15.339179	15.672103	15.206179	15.798569	15.956902	15.174133	15.561824	15.347635	15.455464	15.906842	15.878577	15.638827	15.760681	15.790757	16.164814	16.675450	15.434493	16.257676	16.211976	16.293821	15.695623	16.317172	16.354233	15.910774	15.772319	15.048047	14.626425	14.657377	14.386539	13.393148	13.415063	13.503559
ENSMUSG00000004040	11.958948	11.905451	11.638946	11.807464	11.857238	11.375814	11.807920	11.723168	11.315391	11.897156	11.806270	11.437863	11.788921	11.727220	11.660387	11.946040	11.885799	11.901081	11.907388	11.737820	11.543391	11.623301	11.724924	11.438848	12.366480	12.293990	12.620808	12.783216	12.704430	12.628778	13.168502	13.116986	13.155168	13.397318	13.184383	13.418442
ENSMUSG00000004043	14.650391	14.675095	15.113415	14.377179	15.083202	14.603374	14.385849	15.002713	14.690034	14.340127	15.086643	14.567888	14.312508	14.922883	14.524450	14.311129	14.987805	14.651439	14.157828	14.125812	14.312109	14.334812	14.224363	13.944848	14.416517	14.346122	14.121188	14.437071	14.688192	14.346649	14.639872	14.739650	14.876384	14.998351	15.004824	15.030844
ENSMUSG00000004070	13.792948	13.899730	13.569995	13.603453	13.611990	13.891248	13.730602	13.866376	13.959567	13.750537	13.901411	13.929580	13.823066	14.027118	14.197380	13.796792	13.792653	13.831755	14.022933	14.105937	13.721563	13.946075	13.887132	14.092732	13.841472	13.901663	14.226896	14.028760	13.907147	13.684096	13.860661	13.737759	13.595212	13.978639	13.844411	13.950948
ENSMUSG00000004098	8.274415	8.614107	8.012417	8.366389	8.010781	9.031809	8.855348	8.471164	8.705870	8.229241	8.404746	8.674830	8.068297	8.198888	9.039302	8.580978	8.214087	9.102796	8.360165	8.762411	8.090994	8.349541	8.444112	9.713985	6.059147	6.733241	7.499622	5.771526	6.446084	5.188092	5.824335	5.839408	5.060050	5.353188	6.207487	5.662434
ENSMUSG00000004099	16.343986	16.266445	16.431397	16.377992	16.203134	16.060678	15.826441	16.051889	15.903063	16.486586	16.242241	16.141363	16.411697	16.341918	15.993884	16.246668	16.153456	15.961122	16.382233	16.546454	16.565985	16.452920	16.332324	16.200833	16.651920	16.482242	16.459740	16.447730	16.450167	16.237517	16.422214	16.551682	16.445260	15.888033	15.940610	15.855062
ENSMUSG00000004105	12.866824	12.747304	13.293567	13.155343	12.935345	12.545097	13.090654	12.763198	12.592483	13.107421	12.808966	12.815379	13.047136	12.561493	12.202108	12.971687	12.636641	12.614605	12.782003	12.629311	13.007554	11.674525	11.657398	11.215751	9.985540	9.839791	9.357207	9.882947	9.631688	9.883655	10.025859	9.985505	9.944607	9.890767	9.515951	9.496493
ENSMUSG00000004207	15.007449	15.011095	14.956928	15.029521	14.996049	14.810550	14.932590	14.886327	14.767952	14.830874	14.734843	14.697559	14.856502	14.734966	14.646467	14.817736	14.813670	14.663977	15.327270	15.258221	15.216838	15.177304	15.275508	14.992377	15.225676	15.110863	15.145561	15.638151	15.636139	15.601300	16.591765	16.392336	16.417880	16.684105	16.649912	16.622825
ENSMUSG00000004266	14.946791	14.994323	14.845590	14.961113	14.857797	14.630399	15.014481	14.749563	14.671893	15.066006	14.759097	14.766936	14.977214	14.750054	14.723754	15.083308	14.799397	14.900229	15.326289	15.249832	15.065584	14.557549	14.520934	14.354707	13.953994	13.977487	13.895843	14.224677	14.141878	13.881249	13.856710	13.920768	13.898326	13.627005	13.910198	13.706392
ENSMUSG00000004371	4.780594	5.453205	5.227733	5.664082	5.357178	6.428615	5.238672	4.355045	6.138616	4.656747	5.709632	7.112003	5.128865	5.534278	6.642794	5.557424	5.388928	6.654844	5.924794	5.207475	5.510171	4.694931	5.226836	5.404351	4.617556	4.985783	4.797100	5.316770	4.764503	5.733505	5.335227	4.283495	3.952089	4.725123	4.772594	4.224860
ENSMUSG00000004446	11.966458	12.039387	12.244202	12.138782	12.273044	11.986287	11.852600	12.117635	12.111381	12.199602	12.302419	12.009166	12.195569	12.270103	12.018391	12.059989	12.205847	11.781257	11.632262	11.769410	11.845322	12.568732	12.300384	11.992052	12.775203	12.648434	12.698636	12.026225	11.949616	11.911351	10.928091	11.247164	11.278899	10.857533	11.054922	10.863309
ENSMUSG00000004552	12.366413	12.023673	11.632000	11.926445	12.288217	12.403899	12.514971	12.430945	12.474291	12.012647	11.863593	11.884902	11.985127	12.031245	12.087484	12.194966	12.197642	12.235493	12.499741	12.445487	11.926447	12.529518	12.942864	12.770731	12.570856	12.726321	12.473088	13.876841	13.752656	13.821914	14.966624	14.696404	15.096630	15.091877	14.838372	15.086728
ENSMUSG00000004651	7.560223	6.711596	6.763061	7.594195	7.489152	8.867312	8.934670	7.561803	7.770737	7.627701	6.787073	8.785243	6.947351	6.312615	8.998383	6.700923	6.542021	6.949021	6.932128	6.993211	6.178986	5.894776	5.294560	7.438575	7.429540	7.565327	6.417878	8.523192	8.147539	9.181725	7.034861	6.687942	8.474525	7.991975	8.338004	7.472362
ENSMUSG00000004707	12.033212	12.095158	11.829333	11.751200	11.927637	11.825008	11.712652	11.971312	11.786989	11.895498	12.055168	11.924637	12.095845	12.351073	12.116053	11.931648	12.183608	11.557089	12.561633	12.787386	12.211989	12.735818	12.570994	12.362988	12.581329	12.656960	13.024605	13.273696	13.018059	12.691896	12.974001	12.845697	13.068328	12.905954	12.845417	12.988566
ENSMUSG00000004771	13.252276	13.544534	13.121063	13.168425	13.222940	13.695974	13.724940	13.581433	13.867423	13.299408	13.305953	13.743633	13.332362	13.392472	13.955503	13.511808	13.551909	13.804649	13.178067	13.174757	13.066404	13.316130	13.406203	13.934498	13.550772	13.498593	13.814692	13.703753	13.761420	14.004563	13.550434	13.352307	13.333270	13.553637	13.893590	13.705575
ENSMUSG00000004791	8.357775	7.273676	7.193248	7.656129	8.423334	7.695222	8.548997	7.212692	7.691600	7.368279	8.314701	6.664719	8.016024	7.708428	7.937244	8.191402	7.755432	8.966697	6.116750	5.934185	6.920810	6.648576	5.797603	7.534093	7.275207	7.248990	5.744531	6.750348	6.625957	6.181040	7.917842	7.619371	8.872317	8.535870	7.898655	8.248387
ENSMUSG00000004980	15.700532	15.985340	15.622887	15.722548	15.597905	16.154716	15.536416	15.889324	16.056227	15.591322	15.597175	16.019549	15.598386	15.836563	16.075841	15.649174	15.575505	15.732914	15.689936	15.842022	15.470768	15.728840	15.778078	16.333395	15.498153	15.866252	16.117016	15.634703	15.516970	15.813493	15.363616	15.472487	15.378779	15.050387	15.312595	15.111183
ENSMUSG00000005054	14.352830	14.222438	14.191033	14.329412	14.424071	14.263602	15.042457	14.348538	14.424090	13.906946	14.209614	14.220567	14.598730	14.017371	14.285405	14.450343	14.278201	14.790804	14.177700	14.138818	14.451738	14.083282	14.205458	14.460785	14.569363	14.902473	14.753867	15.297056	14.666483	15.293929	15.406756	15.231297	15.790398	15.772224	15.185369	15.608372
ENSMUSG00000005087	12.431174	12.480453	12.577486	12.587667	12.396319	11.785359	12.532290	12.110058	12.078582	12.597383	12.538561	12.260589	12.412586	12.215383	12.278026	12.497182	12.467125	12.276601	11.996403	11.717256	11.871099	10.880799	10.945624	10.638592	10.425263	10.295071	10.625105	10.542310	10.204861	10.634121	11.080347	10.764398	10.872805	10.531412	10.448906	10.694150
ENSMUSG00000005125	11.836633	11.649264	11.100409	10.965228	11.063343	10.794918	11.362952	11.360731	10.997289	11.489792	11.665266	11.380463	11.520828	11.307374	11.604898	11.573568	11.727492	11.596687	14.516687	14.497462	13.931113	12.502552	12.800931	12.232341	12.315400	12.487280	12.588808	11.526865	12.056866	11.749736	10.557305	10.242510	10.222319	10.223883	10.027086	10.426352
ENSMUSG00000005142	14.226588	14.238868	14.221261	14.223290	14.076262	14.036222	14.222064	14.078408	14.005999	14.302405	14.159432	14.058703	14.322661	14.218168	14.056760	14.173809	14.162623	13.902576	14.120033	14.209897	14.277998	14.238304	14.228036	14.077529	14.466890	14.299282	14.316149	14.838925	14.962745	14.775381	14.887069	15.020649	14.851531	14.842702	14.837719	14.984668
ENSMUSG00000005161	14.403240	14.481256	14.216755	14.621302	14.251063	14.772086	14.828742	14.635026	14.909011	14.490491	14.527865	14.766020	14.431450	14.618659	14.956422	14.540938	14.513892	14.501416	14.651285	14.645893	14.368130	14.667585	14.663266	15.177926	14.506219	14.753325	14.963439	14.798953	14.370106	14.536633	14.665095	14.594972	14.756091	14.779757	14.885007	14.728624
ENSMUSG00000005198	15.322794	15.149437	15.377734	15.347452	15.339318	14.831478	15.557330	14.954370	14.575895	15.542258	15.282586	14.949779	15.244248	14.769926	14.831832	15.281100	15.307225	15.334794	15.207777	14.900499	15.374760	15.013397	15.049897	14.737249	15.571371	15.252594	14.684839	15.538907	15.903493	15.940061	15.956094	15.870724	15.758964	15.962837	15.885185	15.669702
ENSMUSG00000005320	3.681159	4.337358	3.889883	4.183240	3.826600	4.799438	5.044068	5.075631	5.603822	4.581723	4.719299	5.451802	5.278262	4.003353	5.004775	4.994704	4.487255	4.967328	4.268678	4.500296	4.003855	4.753392	5.505005	6.253083	5.151288	4.856340	6.282111	5.510861	5.074632	7.373338	5.612059	4.648087	5.366055	4.715948	4.896826	4.683204
ENSMUSG00000005410	16.470657	16.334065	16.669050	16.385649	16.414163	15.744873	16.317332	16.052953	15.714152	16.666590	16.433710	16.055885	16.409316	16.181233	15.858718	16.446052	16.345510	16.234403	16.439583	16.156895	16.460457	16.207288	16.241399	15.727803	16.727566	16.419163	16.348953	16.740482	16.721706	16.469885	16.459221	16.395063	16.413217	15.899303	15.693411	15.829688
ENSMUSG00000005413	11.351161	11.170903	11.448626	11.101398	11.172248	10.776290	11.007479	10.878094	10.721578	11.526486	11.525835	11.120990	11.650027	11.443296	11.045504	11.436760	11.523980	11.191911	11.431146	11.537829	11.559928	10.986539	10.890688	10.475776	11.341404	10.960674	10.674305	11.310642	11.320857	10.799174	11.753906	11.548844	11.485026	12.136667	11.968776	12.034634
ENSMUSG00000005469	13.502024	13.411541	13.385498	13.315749	13.317658	12.829606	13.364452	13.238823	12.799730	13.564369	13.336961	13.259704	13.556998	13.247766	12.946693	13.339699	13.392254	13.316983	13.456290	13.523445	13.457589	13.662060	13.507982	13.127353	14.003592	13.798182	13.381575	14.086287	14.070203	13.784723	13.986065	14.119232	14.213378	13.996045	13.958328	14.020151
ENSMUSG00000005534	11.886881	11.668172	11.816776	11.631153	11.784242	11.040583	10.929543	11.571280	10.952327	12.030950	11.999253	11.510758	11.922245	11.972065	11.594567	11.806066	11.963243	11.487528	11.535636	11.497643	11.415654	11.255379	11.218862	10.665002	11.089751	10.705107	10.824760	10.940770	11.195630	11.328133	11.784437	11.604907	11.848714	11.916646	11.823796	11.923969
ENSMUSG00000005583	14.676355	14.610661	14.250482	14.567963	14.648791	14.602352	14.888032	14.604802	14.459704	14.541272	14.423663	14.477759	14.494898	14.279459	14.701337	14.561812	14.502931	14.913959	15.143851	14.955500	14.812578	14.881648	15.146071	15.230028	15.064372	15.170489	14.989640	15.339685	15.462012	15.397513	15.342974	15.155603	15.049650	15.099495	15.106936	14.947743
ENSMUSG00000005615	12.544223	12.254127	12.516454	13.016702	12.767487	12.078640	12.712258	12.454904	11.959424	12.552533	12.414607	11.944877	12.428325	12.062259	11.604044	12.261405	12.306556	11.892367	11.888881	11.622651	11.885608	12.030129	12.031744	11.321652	12.657830	12.414526	12.345456	13.003029	12.739804	12.797904	14.713322	14.580460	14.810479	15.048630	14.721042	14.837205
ENSMUSG00000005732	16.930871	16.963643	17.027738	16.831684	17.019376	16.720558	16.522675	16.828573	16.766385	16.909075	17.111744	16.960228	16.993505	17.128402	16.844310	16.899647	16.937595	16.740293	16.941319	17.069153	17.083972	17.152638	16.824966	16.680200	16.959673	16.922104	16.691574	16.477121	16.801016	16.373890	15.666350	15.842048	15.567878	14.987921	15.403828	15.185899
ENSMUSG00000005886	12.006584	11.738549	12.128731	11.931105	11.967699	11.276483	11.222664	11.557149	10.918278	12.102998	11.810060	11.376568	11.907945	11.647322	10.926297	11.854580	11.753980	11.311864	11.956527	11.876398	12.197820	11.933472	11.806043	11.116763	12.241803	11.929977	11.533886	11.900955	12.227304	12.122184	12.629562	12.610990	12.600480	12.800715	12.607223	12.752023
ENSMUSG00000005897	11.013966	10.822882	11.122122	10.946810	11.037725	11.063871	10.609208	11.110799	11.231112	10.966613	11.000182	10.809945	11.011540	10.948924	10.215602	10.967724	11.133597	11.123417	10.470129	10.719696	10.815346	10.858665	10.918386	10.588210	10.774719	10.619257	10.540961	10.870627	10.877340	10.800392	11.246201	11.100999	10.989453	11.191892	11.019680	11.150167
ENSMUSG00000005947	2.946452	4.822698	4.444820	3.368256	3.488572	3.247847	4.706426	4.414290	5.735695	4.458384	4.694851	5.489305	4.861371	3.985937	4.849733	4.082315	4.458039	4.785241	3.905268	3.118448	3.663238	4.463352	4.295471	3.966846	5.548781	5.943257	6.928512	6.903362	5.341032	7.426142	5.726413	5.684604	5.202218	5.441563	5.155114	5.139051
ENSMUSG00000005968	9.706565	9.675558	9.665154	9.988723	9.685058	9.370272	10.110878	9.597955	9.433896	9.777723	9.864365	9.620789	9.681663	9.632596	9.862280	9.766483	10.040680	9.490156	8.882944	8.935372	9.242297	9.295423	9.004951	9.145698	9.028616	9.144164	9.995530	8.312089	8.218060	8.320204	8.439434	8.425426	8.514320	8.379298	8.489293	8.263052
ENSMUSG00000006005	14.864831	15.041710	14.775515	14.848597	15.012001	15.142160	15.212738	15.095379	15.237735	14.960660	14.975852	15.111575	14.819540	14.829493	15.089620	14.960915	14.957144	15.147245	14.509251	14.518037	14.482322	14.736730	14.906836	15.071444	14.814059	14.961835	14.943525	15.055659	15.007273	15.182905	14.848946	14.816756	14.800882	15.004524	15.022005	15.030473
ENSMUSG00000006215	12.622971	12.568342	12.635896	12.758856	12.651832	12.884978	12.519777	12.631319	12.843062	12.600649	12.679387	12.746777	12.800737	12.782969	13.013989	12.812679	12.714172	12.826336	12.377907	12.447600	12.416559	12.591591	12.526886	12.772345	12.475192	12.595860	12.826944	12.858931	12.583530	12.777904	12.993565	13.007029	13.108520	13.134276	12.961189	13.193518
ENSMUSG00000006235	5.916194	5.387593	5.918422	5.670894	6.156495	5.541994	5.663934	5.102403	6.703766	6.804386	7.241531	6.174897	6.024886	6.040249	6.640896	6.515081	6.530730	7.347072	5.955319	5.664987	6.158439	5.908242	6.397332	5.541726	5.916938	6.605589	5.204537	5.923385	5.860965	6.145321	5.826908	6.823290	6.116125	7.083982	7.058589	7.105621
ENSMUSG00000006289	14.183600	14.266751	14.128057	14.277197	14.217556	14.693713	14.505590	14.437441	14.802255	14.220844	14.404131	14.640858	14.110470	14.407572	14.996114	14.351170	14.393572	14.734080	13.961112	13.908705	13.708646	13.879894	14.032221	14.560298	13.570719	13.896699	14.247926	13.644933	13.512101	13.528336	13.148775	13.222595	13.294431	12.753437	12.873429	13.128699
ENSMUSG00000006356	10.651649	10.705942	10.651204	10.769932	10.819525	10.634591	10.279855	10.612211	10.643254	10.795217	11.266057	10.644479	10.815407	10.863571	10.666798	10.851679	11.153129	11.295196	8.874638	8.969582	9.188331	11.519369	10.913684	10.890440	12.857573	12.563107	12.250091	12.059416	11.897443	11.584047	10.579044	10.411091	9.682972	9.972534	10.086491	9.323901
ENSMUSG00000006494	13.139022	13.064034	12.229870	12.622472	12.546803	12.408912	12.611767	12.919212	12.875380	12.739961	12.924244	12.766509	12.581188	12.866058	12.918267	12.830414	12.982081	12.703429	13.875880	13.917694	12.859040	13.387133	13.499095	13.156290	13.255697	13.452233	13.522744	13.062874	13.078218	12.973614	12.189715	11.908732	11.684908	10.863322	11.020711	11.066777
ENSMUSG00000006538	5.816875	6.462266	5.952602	5.023882	6.284517	5.738110	5.337870	5.642763	5.186531	5.661264	5.970507	5.920430	5.517786	6.197731	6.435707	5.463950	4.771881	5.376373	5.253801	4.785554	5.532828	6.522562	5.840902	7.139860	4.873066	4.987058	5.411615	5.999844	6.149226	5.988338	5.771086	5.387332	6.275889	6.418281	6.362033	6.339959
ENSMUSG00000006589	16.470579	16.420578	16.677514	16.530975	16.646897	16.434506	16.740282	16.611821	16.741946	16.533909	16.577748	16.454054	16.758042	16.357432	16.416741	16.728967	16.822168	17.033260	16.780403	16.730554	17.057874	16.648738	16.682160	16.404825	16.779662	16.600788	16.378563	16.523005	16.402857	16.822339	16.043225	16.012904	16.108695	15.670165	15.603239	15.546954
ENSMUSG00000006611	8.088536	7.832490	8.142779	8.617885	7.892628	8.010043	8.471359	7.888103	8.722538	8.131941	8.261777	8.121853	7.996042	7.719368	8.066983	8.906168	8.234217	8.864912	10.359743	10.027726	10.258958	9.080453	9.456480	9.775529	7.079488	6.999186	7.651502	6.763433	6.751745	7.676584	5.993020	5.629749	5.573096	5.598336	6.443985	5.498498
ENSMUSG00000006678	13.063908	13.044061	13.193711	13.256274	13.062092	13.072790	13.470404	13.041489	13.006139	13.490802	13.300584	13.205208	13.362959	13.304175	13.376107	13.257041	13.248832	13.168244	13.671142	13.603974	13.717260	13.467428	13.277222	13.526053	13.448440	13.190890	13.268825	13.475989	13.238956	13.168817	13.000571	13.176008	13.196107	12.482136	12.493485	12.206674
ENSMUSG00000006728	16.220931	16.224001	16.117320	16.294963	16.029172	16.298436	15.982058	16.172757	16.321869	16.327761	16.258859	16.389294	16.256886	16.286843	16.288424	16.212399	16.281908	16.043654	16.405402	16.539665	16.414589	16.437589	16.376657	16.337935	16.304784	16.218173	16.338591	16.184949	15.967702	16.033684	16.180151	16.081635	16.267602	15.821168	16.010536	15.917867
ENSMUSG00000006731	13.654879	13.572262	13.588994	13.538780	13.650726	13.325635	13.452010	13.374760	13.358844	13.914882	13.663977	13.576533	13.813253	13.569039	13.437143	13.739965	13.785234	13.578999	14.212967	14.290365	14.189484	14.240489	14.224980	13.750974	14.479533	14.108158	13.890970	14.150429	14.352672	14.271000	13.948551	13.879656	13.847783	13.884780	13.869326	14.047480
ENSMUSG00000006818	14.051363	14.284386	14.341646	14.390501	14.297467	14.529108	14.492334	14.410373	14.574914	14.211801	14.357068	14.547412	14.014062	14.233318	14.687907	14.378195	14.346035	14.747472	14.060170	13.825732	13.918990	14.064439	14.389663	14.653451	13.836983	14.224664	14.144309	13.583749	13.774335	13.743799	12.651318	12.887920	12.641164	12.438514	12.811577	12.538600
ENSMUSG00000006932	14.857940	14.633501	14.729871	14.818058	14.685098	13.999990	14.225519	14.388150	13.831258	14.795229	14.641063	14.160165	14.592737	14.497657	14.112634	14.516634	14.623133	14.263707	15.336731	15.092887	14.887323	14.809636	14.743656	14.045775	14.846153	14.599239	14.246609	14.631414	14.388751	14.181685	14.857259	14.816292	14.920627	14.859102	14.489502	14.809154
ENSMUSG00000007038	11.815702	11.742802	11.695865	11.787912	11.868173	12.083033	12.023988	12.060469	12.256024	11.664812	11.981191	12.140938	11.729416	11.876237	12.315034	12.030648	12.071937	12.172879	11.621134	11.642152	11.367470	12.412077	12.527007	12.783751	12.699614	12.915592	13.158321	13.525864	13.455645	13.709689	13.418239	13.337247	13.630831	13.685365	13.651158	13.993385
ENSMUSG00000007050	13.894266	14.065018	13.698233	13.978880	13.907188	14.298985	14.265626	13.985466	14.521159	13.855438	13.984653	14.243928	13.769843	13.726714	14.567619	13.958618	13.979801	14.356756	13.855414	13.733069	13.885546	13.760196	13.981174	14.469187	13.577631	13.813552	13.870610	13.605649	13.421565	14.047246	12.796720	12.718665	12.823106	11.935215	12.556392	12.081975
ENSMUSG00000007659	14.314713	14.377291	14.378927	14.473789	14.519506	14.324077	14.552265	14.445512	14.216907	14.544722	14.960963	14.730519	14.576143	14.656409	14.787899	14.577856	14.903119	14.928699	13.979251	13.864488	13.890357	12.552611	12.447578	12.468363	13.297903	12.936799	12.782280	14.082290	14.059461	13.641143	14.882538	14.616308	14.516553	14.907657	14.898308	14.729595
ENSMUSG00000007815	15.850351	15.907635	15.755149	15.780123	15.714116	15.726475	15.925365	15.750620	15.660721	15.950357	15.797524	15.864991	15.771066	15.699730	15.775324	15.859776	16.015033	15.912345	15.872957	15.774333	15.749567	15.696254	15.886480	15.701416	15.837669	15.799737	15.673191	15.843585	15.979667	16.107645	15.765626	15.749157	15.711328	15.740253	15.701187	15.762071
ENSMUSG00000007872	4.479220	5.093534	5.423802	5.264374	5.187218	6.045199	5.263948	5.336115	5.620633	5.224145	5.748867	6.617974	5.059466	6.238996	7.156066	5.924016	6.398397	7.516166	6.762040	6.072164	6.074532	6.286202	6.317761	7.300867	6.047327	6.017139	7.268684	6.346573	6.100662	5.860933	7.923994	7.642975	8.293410	6.367295	7.337807	7.762951
ENSMUSG00000007891	13.559403	13.557774	13.531412	13.406514	13.657374	13.351861	13.664024	13.452173	13.271006	13.635127	13.589335	13.338491	13.705715	13.559564	13.358652	13.569029	13.653265	13.335121	13.847827	13.883037	13.877649	13.828326	13.675728	13.295831	13.826737	13.567752	13.839222	13.820149	13.863661	13.563221	14.401624	14.157903	14.206920	14.701757	14.242110	14.606075
ENSMUSG00000008193	7.701218	8.187411	7.992814	7.776220	8.351043	7.998202	8.823733	7.833224	7.605561	7.969024	7.302229	7.176417	7.653083	7.417293	6.955768	6.896704	6.938118	6.092103	7.534678	7.239606	7.678059	8.976982	8.959137	8.076612	11.255506	10.462128	10.397671	12.865584	13.341543	13.096616	13.149298	13.275182	13.025829	12.855955	12.682472	12.561738
ENSMUSG00000008496	12.091558	12.044652	12.081201	12.082212	12.289983	12.594494	12.092176	12.306371	12.670909	11.804540	12.082644	12.301972	11.910880	12.315551	12.714501	12.064120	11.910036	12.375724	11.695676	11.841365	11.821919	12.888846	12.852524	13.265648	12.868142	13.371306	12.991476	12.912781	13.380783	13.166444	12.080730	12.631612	12.271916	11.875851	12.435363	12.199740
ENSMUSG00000008540	5.523046	4.936734	4.877805	6.005217	4.210192	6.483948	7.149415	4.774088	4.410856	4.073598	4.415031	4.436554	4.972082	4.688387	7.157314	5.658595	6.037765	5.716278	4.040934	2.584229	3.367668	3.323346	2.948172	4.745103	4.564400	4.440293	6.707911	5.833602	4.854865	5.937743	6.476530	6.426076	7.341199	8.596488	7.892222	7.294492
ENSMUSG00000009013	14.581792	14.825948	14.877764	14.265140	14.392408	14.906292	14.503336	14.568834	14.851164	14.334834	14.695048	14.795882	14.603737	14.913392	14.651292	14.827718	14.688680	14.544502	14.594142	14.856997	14.532282	14.704009	14.855284	15.123015	14.719529	14.954525	15.132517	14.512376	14.500076	14.300530	13.855545	14.064041	13.711858	13.972922	14.001094	13.789939
ENSMUSG00000009097	5.169544	6.609847	4.957707	5.785780	5.075806	5.491166	5.241106	5.356415	4.617364	5.831872	5.690994	5.802691	5.583424	4.705737	5.313953	4.352877	5.206756	7.165909	6.057641	5.509370	5.322939	4.858319	5.717738	5.713734	6.783670	6.426903	6.801718	7.482719	6.661746	7.444667	6.635174	8.156654	7.209286	7.196727	7.229147	6.841548
ENSMUSG00000009291	11.892154	11.785163	11.849761	11.809609	11.979993	11.664187	12.032558	11.954764	11.881252	11.839131	11.762551	11.648367	11.918184	11.965777	11.678778	11.795214	11.788673	11.621991	12.017938	12.129004	12.093539	12.266851	12.104544	12.084268	11.992606	11.921668	11.998480	12.110934	12.097707	11.931174	12.159960	12.153641	12.308654	12.374574	12.329981	12.459209
ENSMUSG00000009555	14.395523	14.343529	14.277562	14.339718	14.380184	14.591346	14.230459	14.442916	14.602586	14.270121	14.358209	14.475645	14.433862	14.656864	14.481421	14.335368	14.422682	14.228728	14.329212	14.602739	14.394126	14.558389	14.432884	14.571623	14.272509	14.416131	14.433570	14.377391	14.351150	14.136858	14.234204	14.334720	14.429384	14.259787	14.540698	14.435878
ENSMUSG00000009681	13.557599	13.384611	13.667489	13.433563	13.480998	13.076635	13.231515	13.268736	12.973465	13.674714	13.444672	13.115538	13.643349	13.445302	13.076829	13.456817	13.408285	13.132424	14.176094	14.169217	14.387549	14.082890	13.867896	13.513643	13.914094	13.456890	13.454600	13.369098	13.575188	13.260232	13.784112	13.796847	13.888088	13.957675	13.981365	13.832289
ENSMUSG00000009687	11.676271	11.611069	11.408452	11.489413	11.163841	11.594792	11.838606	11.396995	11.859706	11.522929	11.209008	11.738584	11.759454	11.531889	11.728655	11.875632	11.556074	11.704296	13.464054	13.574421	13.468969	13.101887	13.073242	13.421650	12.127347	12.218783	12.234675	10.818953	10.701217	11.128395	9.930767	9.825279	9.706951	9.289663	9.526376	9.777473
ENSMUSG00000010095	15.250520	15.246125	15.338516	15.177008	15.205536	15.233674	15.427350	15.306391	15.411483	15.420321	15.459615	15.426654	15.486288	15.437447	15.458012	15.483210	15.506289	15.515650	15.321155	15.250105	15.437346	15.252315	15.394724	15.211151	15.225468	15.215635	14.984422	14.752742	14.971245	14.888514	14.050186	14.161521	14.060989	14.004116	14.219239	13.937064
ENSMUSG00000010914	12.377274	12.435172	12.442883	12.288904	12.341812	12.396888	12.599181	12.402553	12.367582	12.374353	12.504394	12.503618	12.305480	12.402298	12.608830	12.352765	12.298059	12.335415	12.277979	12.174466	12.398540	12.250401	12.209899	12.555896	12.263569	12.369889	12.750561	12.261146	12.264800	12.228706	12.019812	11.850598	11.865024	11.802426	11.658321	11.595433
ENSMUSG00000011179	16.354440	16.546401	16.634328	16.128795	16.386378	16.251265	16.416908	16.445249	16.404065	16.530079	16.476173	16.489555	16.494216	16.648701	16.325981	16.451822	16.721809	16.567543	16.682881	16.744838	16.864544	16.649800	16.689700	16.423173	16.135001	16.151216	16.144029	15.417201	15.694097	15.402181	14.605209	14.890071	14.762396	14.151266	14.615372	14.244483
ENSMUSG00000013629	14.716992	14.789510	15.106045	14.871544	14.804358	14.474062	14.629856	14.630687	14.425844	14.950618	14.939861	14.807318	14.862341	14.768849	14.657623	14.833860	14.831983	14.692293	14.763197	14.637197	14.934748	14.646316	14.563933	14.364437	14.568968	14.442176	14.243756	14.139520	14.173295	14.108864	13.301483	13.461820	13.413329	12.902311	12.981974	12.858760
ENSMUSG00000013663	15.427831	15.278635	15.393387	15.445935	15.292866	15.033214	15.270847	15.194465	14.961835	15.393651	15.151242	15.045672	15.307476	15.101388	15.014756	15.222127	15.220480	15.238464	15.690119	15.524906	15.553701	15.183170	15.155417	14.891442	15.163033	15.031264	14.824434	14.885291	14.866491	14.673925	15.214102	15.190298	15.179640	15.235309	15.165873	15.143023
ENSMUSG00000014030	16.229135	16.272276	16.003878	15.959048	16.177413	16.575122	16.289233	16.304830	16.775775	15.788532	15.841238	16.196935	15.696440	15.884091	16.499742	16.009992	15.907761	16.419604	16.093174	16.074411	15.975084	16.198094	16.348962	16.949731	16.192592	16.579314	16.572226	17.067943	17.143449	17.422572	17.002051	17.005435	16.996767	17.037876	17.349836	17.362040
ENSMUSG00000014402	13.844735	13.881229	13.855540	13.956282	13.847205	13.834092	13.971038	13.772246	13.823561	13.932670	13.887361	13.823686	13.804089	13.625080	14.041610	13.950653	13.879897	14.167255	13.785666	13.531114	13.776335	13.815806	13.903231	14.055182	14.297449	14.101918	14.266067	14.437514	14.429221	14.789343	14.476652	14.347633	14.392645	14.430612	14.491184	14.482431
ENSMUSG00000014599	8.088540	8.177705	8.633626	7.949183	7.919181	7.147911	7.768834	8.041027	7.722060	7.848598	7.674947	6.795106	7.752334	7.433985	5.237841	7.917794	7.728618	7.386490	5.708272	5.441183	6.589700	6.118266	6.304786	6.386994	5.799733	5.023412	6.329693	6.225278	5.337107	7.072961	6.136864	5.891126	6.661557	7.237329	7.324791	6.516270
ENSMUSG00000014767	12.228770	12.428397	12.238220	12.126332	12.245541	12.251545	12.607494	12.245855	12.403128	12.073765	12.152918	12.360424	12.053293	11.932956	12.108242	12.242616	12.398523	12.568144	12.004370	11.852275	12.086553	11.973610	12.126278	11.962243	12.057971	12.232707	12.495568	12.036293	12.032208	12.372588	11.939850	11.772725	11.825961	11.624996	11.584173	11.760849
ENSMUSG00000014873	12.718693	12.794243	12.990620	12.704910	12.927783	12.963151	13.025304	12.855870	13.084433	12.616202	12.663237	12.719038	12.703353	12.865019	12.914795	12.719322	12.786775	12.756303	12.374843	12.370450	12.612438	12.547417	12.473358	12.643143	12.020730	12.010063	12.125545	11.887552	11.819399	12.075620	11.370122	11.508698	11.635642	11.408957	11.678376	11.505470
ENSMUSG00000015120	15.030719	14.932365	15.093434	15.015550	14.955881	14.869529	14.560732	15.004373	14.601019	14.808725	15.023772	14.860772	15.035300	15.295800	14.684035	14.845176	14.988428	14.467556	15.101628	15.394082	15.140914	15.423962	15.046357	14.981711	15.039689	15.234246	15.056373	14.805553	14.901108	14.202578	14.812628	15.173965	15.001351	14.865652	14.800413	15.048995
ENSMUSG00000015222	10.217494	10.078798	9.790212	10.498494	9.989059	9.642302	10.403054	9.659687	9.973192	10.208024	9.790992	9.455056	10.080635	9.433100	10.239359	10.170007	9.808292	10.054318	10.307784	10.104323	10.090066	9.855962	9.827185	9.917946	9.588771	9.236061	9.110354	10.110560	9.728305	10.087181	10.907753	10.792465	10.612312	10.822057	10.810859	10.685420
ENSMUSG00000015243	4.819485	3.964510	5.040981	5.187458	4.606219	3.664682	5.906588	4.460872	6.074802	4.501944	5.339731	5.764507	4.559187	3.758953	5.416151	4.269244	4.045935	5.208423	9.683391	9.647868	9.839626	7.471778	7.675335	8.195854	6.223215	6.469814	4.854684	7.743381	7.026643	7.863645	8.839038	8.465065	9.185740	8.473520	8.608328	8.844562
ENSMUSG00000015312	9.262327	9.270611	9.449837	9.787683	9.549972	9.202935	9.267110	9.476967	9.153265	9.737268	9.712031	9.513489	9.765505	9.746716	9.358897	9.619354	9.936809	10.076157	13.888481	13.731225	13.742969	13.383971	12.987498	13.106017	13.897417	13.053290	13.714991	14.192943	13.423657	13.574937	14.924886	14.535482	15.165807	15.231792	14.640363	15.442490
ENSMUSG00000015452	8.994724	9.034692	8.473272	9.231397	8.720119	9.492922	8.768807	9.404418	9.578142	8.757340	8.968019	9.535239	9.110481	9.327607	9.598107	9.409573	9.075584	9.227871	8.890926	9.366676	8.770659	10.125254	10.115584	10.724231	9.962395	10.614116	10.020079	9.974263	10.219960	10.373438	9.634074	9.997645	9.491734	9.500014	10.066746	9.728469
ENSMUSG00000015522	12.071383	12.097724	11.952975	11.784392	12.044853	11.827481	12.243666	11.955008	11.966136	12.068147	12.026589	11.801792	11.921475	11.860101	11.999485	12.133407	12.223146	12.141061	12.123337	11.951414	11.958987	12.020870	12.189801	11.943750	12.330229	12.282499	12.389968	12.449216	12.456238	12.459544	12.789090	12.467490	12.565559	12.918348	12.665808	12.844620
ENSMUSG00000015568	5.049748	4.275090	4.712357	5.771289	5.165331	5.992905	7.051858	5.959819	6.222652	5.443296	5.741229	5.086311	4.833148	5.392497	6.283898	5.320789	5.377377	5.701880	5.159245	4.862471	4.521834	4.925166	5.171579	6.841112	4.961944	4.721148	5.352123	4.784752	5.699530	5.878035	5.220448	5.117255	5.327360	5.351242	6.022818	5.147966
ENSMUSG00000015605	13.846787	13.664723	13.773265	13.863174	13.850389	13.123577	13.785567	13.528037	13.017085	14.094270	14.004867	13.416653	14.168907	13.913100	13.318145	14.111940	14.122239	13.715546	13.654088	13.679861	13.911069	13.846943	13.673157	13.075979	14.090201	13.531816	13.322961	13.868698	14.214424	13.704903	13.949574	13.911345	13.640356	13.653766	13.653020	13.535316
ENSMUSG00000015619	4.605220	5.307172	5.476497	4.900056	5.064957	5.114284	4.623830	3.955148	5.749582	5.497475	4.091827	4.948593	4.852021	4.994505	5.212682	5.167512	4.853519	6.797876	5.751569	4.759318	6.050405	5.149603	5.052795	5.776656	6.151929	5.065783	7.060180	6.709891	5.510149	7.186910	6.826709	6.181251	6.516836	7.227594	7.896999	7.424172
ENSMUSG00000015697	13.497786	13.601022	13.553503	13.409094	13.430006	13.703058	13.403113	13.635559	13.753939	13.430906	13.515169	13.639689	13.425823	13.563084	13.346961	13.531802	13.506157	13.462886	13.302896	13.416332	13.433621	13.479943	13.612013	13.807465	13.231057	13.367945	13.312696	13.253182	13.178638	13.422781	12.827908	12.979194	12.882554	12.707702	12.675590	12.700934
ENSMUSG00000015812	10.157158	10.255550	9.582898	9.588248	10.619017	10.623577	9.827981	10.192654	10.552144	9.817650	9.963705	9.922073	10.008754	10.237089	9.261757	10.111093	9.788784	7.979950	9.755994	10.185812	10.123987	10.919656	10.278346	10.592741	9.856609	10.661265	10.396708	10.642630	10.050395	10.807239	10.797544	10.645159	10.884636	10.813588	10.778001	10.717306
ENSMUSG00000015837	13.779984	13.772777	13.677063	13.831032	13.666015	13.856585	13.514289	13.654188	13.775225	13.532187	13.575468	13.656940	13.812237	13.768474	13.601476	13.754980	13.670312	13.380925	13.856467	14.045032	13.857715	14.240667	14.172820	14.195777	14.351236	14.363578	14.352025	14.563707	14.285314	14.403365	14.803010	14.633197	14.766484	14.997740	14.978808	14.898216
ENSMUSG00000015839	14.205757	14.132703	14.325040	13.865843	14.224571	14.261507	13.629408	13.913612	14.060592	13.757492	13.527346	13.937457	13.719200	13.912927	13.648747	13.562660	13.445654	13.248674	14.211504	14.403969	14.168194	14.390688	14.363155	14.344869	14.051011	14.036606	14.237144	13.951717	13.705242	13.833607	14.552080	14.325389	14.792052	15.049763	14.787678	15.149161
ENSMUSG00000015947	10.603429	10.853918	10.388231	10.215819	10.138058	9.835129	10.323808	9.866837	9.939419	10.493884	10.193753	10.069578	10.521952	10.224942	10.572370	10.382317	10.250836	10.188349	11.327210	11.497121	11.021841	10.222238	10.522520	10.080053	10.564316	10.674758	10.730001	10.536236	10.453654	10.430215	10.136515	10.318452	9.782352	9.124951	9.275033	8.892526
ENSMUSG00000016087	14.357573	14.120747	14.369225	14.310109	14.319140	13.540693	13.980117	13.946881	13.309805	14.329437	14.054185	13.591828	14.064855	13.747813	13.129732	13.979637	13.983270	13.740988	14.476913	14.188248	14.427668	13.669996	13.735904	12.972634	14.083121	13.721231	13.302165	13.962844	14.096922	14.077955	14.914169	14.849631	15.013595	15.224784	15.014085	15.055065
ENSMUSG00000016253	13.087252	13.086704	13.104637	13.293399	13.178957	13.441784	13.187712	13.220939	13.369324	13.100139	13.150189	13.290681	13.097690	13.088128	13.320019	13.153896	13.107424	13.327655	13.163084	13.119363	13.085050	13.254636	13.239520	13.485788	13.465649	13.653443	13.682511	13.603343	13.270103	13.397495	13.721795	13.632070	13.868613	13.683430	13.655897	13.587581
ENSMUSG00000016477	12.115136	12.112312	12.487095	11.986254	12.140297	11.538841	11.685546	11.876754	11.546633	12.354141	12.024883	11.744672	12.187743	12.014035	11.374222	11.970419	11.956669	12.024863	12.054379	12.259030	12.485781	11.968629	11.767378	11.316750	12.093075	11.752834	11.696042	11.471447	11.757336	11.014452	11.394797	11.639703	11.544004	10.847546	11.220376	11.109228
ENSMUSG00000017009	15.589833	15.500603	15.653463	15.767109	15.546841	15.063181	15.237581	15.257689	14.827060	15.451095	15.324284	15.133228	15.396308	15.182130	14.926292	15.256607	15.291723	14.990219	15.900833	15.706165	15.735186	16.351848	16.300241	15.636143	16.873277	16.703739	16.341013	16.075212	16.169733	15.949582	16.339710	16.413050	16.380572	16.541869	16.529432	16.529432
ENSMUSG00000017146	12.919939	12.824696	13.039318	13.001424	12.866270	12.634171	12.440228	12.660600	12.499930	13.040835	12.995910	12.673376	13.006052	13.017367	12.510689	12.823859	12.728902	12.246468	13.108308	13.187233	13.261511	12.885585	12.655003	12.610820	12.857116	12.523059	12.550139	12.810540	12.665341	12.768842	12.546093	12.554599	12.545202	12.201301	11.921317	11.996126
ENSMUSG00000017548	13.348874	13.281617	13.359576	13.573110	13.314949	12.929183	13.099057	13.072339	12.754804	13.564146	13.431331	13.233007	13.449502	13.317901	12.904912	13.270981	13.430710	13.054202	13.522369	13.321840	13.431070	13.412306	13.251996	12.655963	13.482130	13.326596	12.582831	13.239359	13.166437	12.970011	13.340808	13.527421	13.319281	13.311744	13.318658	13.045577
ENSMUSG00000017652	5.725055	4.729509	4.625925	5.724814	4.074233	5.618165	6.854825	5.106455	5.411105	4.528429	4.523452	5.328438	4.088591	4.939704	6.496570	4.736116	4.940978	4.889585	5.378991	5.636408	4.723275	4.104619	5.106767	5.606547	5.310849	4.947432	5.749303	5.533171	6.191717	5.134433	5.310437	4.099722	4.887255	4.915769	6.303138	5.832080
ENSMUSG00000017697	12.615076	12.638080	12.636987	12.575137	12.599280	12.429135	12.395607	12.527800	12.454488	12.581902	12.815389	12.658961	12.726366	12.930233	12.678227	12.502787	12.710146	12.037222	11.816903	12.033020	12.148881	12.228764	11.759319	11.834571	12.444108	12.021304	11.848583	12.464673	12.127162	12.461804	11.925308	12.014188	12.402654	11.775230	11.937138	11.886624
ENSMUSG00000017716	14.451003	14.491392	14.332848	14.512264	14.425683	14.519716	14.590042	14.540368	14.553575	14.358480	14.469812	14.541597	14.457502	14.494801	14.648959	14.436322	14.410141	14.438081	14.517555	14.489940	14.372904	14.427039	14.469951	14.625469	14.340184	14.600271	14.359142	14.499191	14.419292	14.487078	14.184626	14.216938	14.150420	13.730181	13.813654	13.666187
ENSMUSG00000017724	12.981694	13.054850	12.959787	13.301859	13.058777	13.339149	13.515837	13.319236	13.432085	13.201603	13.276244	13.464697	13.183350	13.227588	13.590226	13.247504	13.176115	13.530622	12.748888	12.886275	12.807172	13.181985	13.104668	13.262113	13.094760	13.449289	13.351272	11.396616	11.971264	11.015104	9.271764	9.557136	8.913987	8.781050	9.784966	8.608675
ENSMUSG00000017737	4.819082	4.319447	5.085541	5.354504	4.937770	5.401639	5.711760	4.235546	5.150810	4.678771	5.456371	5.774890	4.601076	4.312725	5.810132	5.548155	5.044478	6.798966	4.278975	3.498106	3.584894	3.413433	3.953026	4.144109	4.589746	4.339297	6.204587	4.436870	3.409392	4.480462	4.438494	3.722650	5.079961	4.583411	4.176321	3.203516
ENSMUSG00000017754	6.879204	6.789624	6.193309	6.974528	7.318691	7.728134	8.175070	7.574246	7.578470	6.716147	6.396874	6.513321	6.707116	6.545862	7.159664	5.992619	6.490846	5.264788	7.690554	7.708844	7.347036	8.351468	8.336240	8.449634	8.372429	8.659785	7.337287	8.707653	8.681199	9.121430	8.108558	8.255984	8.411578	8.860031	9.060199	8.654556
ENSMUSG00000017861	14.629708	14.717593	14.864797	14.719612	14.679025	14.632108	14.515941	14.719776	14.677458	14.804446	14.817007	14.808991	14.789951	14.817502	14.685515	14.648453	14.752264	14.640091	14.508292	14.647998	14.787067	14.341261	14.200600	14.204039	14.060066	13.920304	13.967729	13.787787	13.901964	13.801224	13.329641	13.442372	13.388551	12.634770	12.960931	12.723803
ENSMUSG00000018160	13.211573	13.170175	13.423201	13.499675	13.224017	12.850895	13.170482	13.147755	12.866890	13.349118	13.418543	13.190936	13.427200	13.387370	13.121471	13.105197	13.231635	12.892637	13.237303	13.316370	13.266235	13.089019	12.923093	12.650750	13.084371	12.846713	12.693623	12.698116	12.747421	12.381074	12.546987	12.794917	12.654265	12.671454	12.835136	12.663921
ENSMUSG00000018446	14.954418	15.038157	15.004376	15.016743	15.173937	15.280633	14.958984	15.118859	15.451136	14.840705	15.056433	15.257547	14.938174	15.229915	15.283952	14.984395	15.069765	15.248387	14.987689	14.962468	15.030374	14.998557	14.953151	15.184877	14.468953	14.792925	14.767897	14.441272	14.356612	14.653719	13.533419	13.804863	13.947708	13.172336	13.514576	13.290644
ENSMUSG00000018593	3.944305	5.043806	4.825376	4.358181	4.379166	5.112867	4.724565	4.507685	5.298380	4.688815	4.652485	5.145428	5.015890	4.802915	6.019598	4.395512	4.221887	5.612724	9.198106	9.427561	9.038678	8.906320	9.387364	9.928581	8.165198	8.792619	8.341897	5.112667	4.923492	4.986802	4.929076	5.478711	4.840825	4.246523	5.270566	4.695951
ENSMUSG00000018654	14.765170	14.592236	14.742583	14.710625	14.728386	14.167235	14.471616	14.430963	13.950913	14.850584	14.610261	14.257959	14.668906	14.555682	14.145804	14.582177	14.614737	14.647520	20.018732	19.709348	19.944335	19.900972	20.226976	19.633404	20.798270	20.568433	20.278662	20.760213	20.792768	20.521672	20.664560	20.650257	20.664100	20.931998	20.476144	20.721432
ENSMUSG00000018899	11.377117	11.414952	11.466397	11.059928	11.364047	11.232205	11.175197	11.342918	11.369527	11.265409	11.205032	11.191243	11.370032	11.169516	10.873418	11.202126	11.218352	11.156594	10.841425	10.871798	10.780745	11.766045	11.797613	11.594468	12.035080	11.997886	12.299014	12.446800	12.099345	12.415010	12.797128	12.663930	12.868724	13.397246	13.072870	13.330356
ENSMUSG00000018983	13.970037	13.986396	13.855614	14.009443	13.932148	13.892871	14.000185	13.712125	13.658474	14.046389	13.904576	13.879000	14.116914	13.857709	14.091028	14.020032	13.874513	13.943026	13.966620	13.955141	14.003605	14.552967	14.432138	14.542743	14.787600	14.607716	14.397938	14.868958	14.873614	14.822737	14.995736	14.936169	14.760772	14.389805	14.189910	14.274367
ENSMUSG00000019055	5.531018	5.380951	5.566562	5.935663	4.508459	3.433999	4.822028	5.676900	5.780519	6.756499	6.043322	6.306324	6.380740	6.158251	6.367687	6.298197	6.420220	7.536674	5.324788	5.593338	4.853507	4.795226	4.699380	5.336381	4.991869	4.792109	6.383314	6.253347	5.153270	4.967897	6.195562	4.683589	5.035593	5.351002	6.629811	5.800953
ENSMUSG00000019122	5.623165	4.132436	5.554827	6.379712	4.724230	4.392066	6.294047	5.313473	5.546171	5.381854	4.990758	6.411131	5.440114	4.620262	5.703199	5.764186	4.399898	6.196882	8.470005	7.324373	7.672012	6.171543	7.475412	7.541539	5.528604	4.668350	4.968047	5.157714	5.041449	6.863579	7.259252	6.557790	7.779466	7.153734	7.399552	6.922423
ENSMUSG00000019179	16.040365	16.076144	16.157177	15.972607	15.984199	15.943535	16.118890	16.021982	15.964788	16.057962	16.085892	16.100333	15.906185	15.978431	16.125659	16.042160	16.039415	16.098158	16.003554	15.779680	15.941352	15.863322	16.005686	15.991124	16.020195	15.947307	15.778794	15.957385	16.080606	16.215133	15.531299	15.598644	15.543156	15.282867	15.299455	15.254032
ENSMUSG00000019768	8.231729	7.997535	7.421902	7.927215	7.979559	7.446597	9.456126	7.919433	8.947678	8.290652	7.710254	8.074218	8.013066	7.334498	7.653804	7.936541	7.551567	8.303729	8.432940	8.107398	8.488527	7.609113	8.486437	8.086252	7.718001	7.232781	6.375551	8.192135	7.916366	9.072605	8.678048	7.742150	8.261900	8.189119	8.263326	8.190372
ENSMUSG00000019777	12.962689	12.927568	12.942040	13.209664	12.895505	13.088810	12.778631	12.848074	13.262160	12.841289	13.226213	13.179527	13.009380	13.225351	13.471567	12.968905	13.005465	12.767601	12.991512	13.138980	12.926017	13.291463	12.955838	13.418936	12.924780	13.165264	13.490019	12.855736	12.524254	12.871272	12.425990	12.354497	12.524031	12.261766	12.366911	12.433993
ENSMUSG00000019820	12.255615	12.134492	11.849420	11.672533	12.052538	11.711428	12.002627	11.901638	11.386797	12.134988	11.824743	11.616409	12.014858	11.849496	11.195057	11.845514	11.743407	10.854252	12.052420	12.136533	11.826548	11.609073	11.555894	11.040159	11.354164	11.091155	10.357133	11.736226	11.927541	11.648159	12.392878	12.406872	12.547338	12.920977	12.724741	12.596871
ENSMUSG00000019850	10.098981	10.221430	10.226769	10.057397	9.852532	9.842625	10.283845	9.988266	10.312299	10.121851	10.179710	10.124838	9.751568	10.232935	10.438219	9.743428	10.337751	9.823009	10.575713	10.308425	10.117470	8.394718	8.983085	8.476459	8.351433	7.844242	9.353021	8.567533	7.965968	8.651483	9.665183	9.150814	9.750679	10.780005	11.144093	10.551189
ENSMUSG00000019916	13.491447	13.654151	12.578284	12.095645	12.720535	13.079488	12.949879	13.511918	13.929858	12.972034	13.359932	13.376688	12.854036	13.324809	13.788717	13.301242	13.632187	13.863429	13.930386	14.125312	13.200522	13.360186	13.700681	13.822080	13.338607	13.718305	14.022339	13.438163	13.332515	13.670299	12.743098	12.418055	12.459108	12.269570	12.342548	12.330009
ENSMUSG00000019942	13.228963	13.236570	13.164408	13.536022	13.259373	13.546129	13.204341	13.281336	13.406270	13.249340	13.195647	13.269873	13.415314	13.500248	13.662642	13.260412	13.271989	13.258425	13.202504	13.535153	13.254458	13.418522	13.222878	13.478220	13.237100	13.252435	13.447285	12.986094	12.877718	12.693715	12.943843	12.959376	12.875658	12.310151	12.506150	12.399947
ENSMUSG00000019960	16.830933	16.845305	16.837433	16.721731	16.593525	15.766142	15.849370	16.097942	15.378596	16.992203	16.429018	16.096392	16.130206	16.033642	15.664287	16.284970	16.300046	16.102275	16.615714	16.236933	16.163515	15.098139	15.391406	14.596974	15.514422	15.269496	14.960185	14.616271	14.835173	14.735183	14.699429	14.935171	14.897293	14.911307	15.110582	15.142721
ENSMUSG00000019969	13.704359	13.708154	13.732224	13.766833	13.816505	13.469829	13.762706	13.592284	13.313257	13.830764	13.693702	13.571331	13.768946	13.567373	13.335940	13.766448	13.707065	13.791586	13.777946	13.705635	13.808689	13.528612	13.620119	13.388441	13.837810	13.619261	13.565940	13.851288	13.985340	13.749918	13.907537	13.738549	13.762078	13.768737	13.721663	13.674711
ENSMUSG00000019979	12.200012	12.036927	12.298665	12.241664	12.134777	11.487955	11.824395	11.829125	11.469364	12.332317	12.126413	11.580581	12.185706	11.934465	11.506925	12.177860	12.256654	12.031721	12.139535	11.836160	12.049808	11.333253	11.462545	10.829676	11.899325	11.501801	11.443528	11.980772	11.851574	12.132821	12.060854	12.115742	12.113826	12.181207	12.125999	11.970684
ENSMUSG00000019982	15.846727	15.603426	15.910503	16.117316	15.942876	15.507208	15.446410	15.384991	15.209034	15.467653	15.093587	14.831819	15.441101	15.167764	14.784926	15.279605	15.192896	14.922900	15.714500	15.797594	15.853877	15.476583	15.420653	15.061807	15.133475	14.834886	14.937506	15.312246	15.274921	15.320147	16.873903	16.805810	16.983606	17.345936	17.441733	17.279227
ENSMUSG00000020009	12.155751	12.029058	11.940948	11.971142	12.036577	12.107767	11.950597	11.954066	12.235469	11.813406	11.762796	11.539006	11.895555	11.871137	11.720803	11.679728	11.765396	11.427457	11.889219	12.002469	11.795563	12.801584	12.654690	12.607400	12.815329	12.505341	12.819186	13.043432	12.802796	13.032757	13.115529	13.037274	13.139800	13.116116	13.022159	13.108721
ENSMUSG00000020027	13.666322	13.770886	13.876420	13.707501	14.099636	14.068216	13.384167	14.131654	14.092439	13.098435	13.634698	13.592994	13.148646	13.929465	13.909051	13.245381	13.701560	13.734574	12.815549	12.911849	12.598661	12.068603	12.283504	12.272783	11.585581	12.169287	11.435422	11.747150	12.204840	11.462855	12.212794	12.510496	12.062684	12.287805	12.883052	12.355809
ENSMUSG00000020063	10.458210	10.431402	10.461676	10.985052	10.427918	11.382269	10.686905	10.689497	11.829690	10.743835	10.894788	11.296102	10.865464	10.977468	11.993294	10.605106	10.782718	10.608146	10.702515	10.793392	10.661795	11.343488	11.050315	10.862839	11.043457	11.145673	11.205430	10.581469	10.632525	11.175871	10.792565	10.712861	10.356549	10.360348	10.716986	10.273530
ENSMUSG00000020108	14.879817	14.795802	14.127273	14.043899	14.732889	13.960585	14.327689	14.518201	14.153849	14.598993	14.324228	14.064277	14.441986	14.195475	14.042378	14.614781	14.679708	14.663574	15.225253	14.998651	14.294435	13.816138	14.337629	13.471558	14.247220	14.322426	14.598929	14.336211	13.874048	14.534246	14.982981	14.796054	15.288168	15.585228	15.200113	15.411251
ENSMUSG00000020142	12.376857	12.353865	11.976183	12.167992	12.415296	12.010983	12.231769	12.231446	12.291659	12.544481	12.303170	12.200382	12.493402	12.434884	12.467256	12.493045	12.444721	12.456265	12.899980	12.759239	12.384436	12.207765	12.433224	12.000092	11.930475	12.169421	11.970268	11.063865	10.923549	10.910742	9.665814	9.684512	9.593348	9.535771	9.622907	9.463039
ENSMUSG00000020155	7.609643	7.578931	7.144637	7.701106	7.317517	7.431186	7.997340	7.028057	7.545666	7.408773	8.390613	8.132107	7.822811	7.730321	7.560243	7.923944	8.141121	8.147126	4.481226	4.361392	5.245817	4.413244	5.123031	6.051883	3.483803	4.075147	4.418664	3.924596	2.898887	4.942281	4.065010	3.492222	3.655348	4.288228	3.594464	3.594464
ENSMUSG00000020167	14.509425	14.561284	14.515870	14.704469	14.607851	14.423676	14.399144	14.445001	14.368914	14.485311	14.631106	14.520591	14.524138	14.417327	14.544198	14.553805	14.537394	14.607343	14.509202	14.416603	14.448781	14.594193	14.574411	14.580264	14.822825	14.792815	14.733324	14.786522	14.661827	14.664059	14.920483	14.791236	14.814316	14.815503	14.853066	14.780938
ENSMUSG00000020176	13.270685	13.212125	12.871251	13.110033	13.223820	12.480424	12.873748	12.924119	12.496274	13.099440	13.189338	12.875733	12.883213	12.886000	12.638291	13.030553	13.371248	13.253364	13.208231	12.825172	12.470346	12.242203	12.881533	11.881084	12.248963	12.088820	11.307221	12.282866	12.309592	12.571862	12.353314	12.038934	11.959227	11.654305	11.584845	11.409975
ENSMUSG00000020178	6.832284	7.062190	6.317751	7.648685	6.708704	6.739009	8.077440	7.108399	6.413087	6.963754	7.300428	6.020994	7.649700	6.856109	6.909281	7.474789	7.586368	7.649986	5.146563	4.968773	5.839664	3.874541	3.718545	5.363242	4.237074	3.951550	5.399522	6.259048	5.976185	7.191456	5.026788	4.480500	3.711457	5.155863	4.690671	3.879890
ENSMUSG00000020182	13.387584	13.513849	12.815343	12.803869	12.986654	13.017812	12.876182	13.149323	13.271308	13.170955	13.306446	13.259348	13.140653	13.385102	13.503418	13.272293	13.354156	13.058672	13.107184	13.195485	12.356409	12.557229	12.637018	12.333094	11.612178	11.693814	11.399340	11.860243	11.764100	11.883500	11.430036	11.236959	10.872729	10.791928	10.754308	10.433136
ENSMUSG00000020184	12.655969	12.573321	12.600547	12.583074	12.651014	12.972438	12.012042	12.611226	12.762264	12.550633	12.571782	12.641152	12.826739	13.029149	12.824174	12.684288	12.658067	12.891005	12.396358	12.799112	12.468292	12.869789	12.814209	12.907135	12.628921	12.968982	13.239771	12.610582	12.656739	12.130497	13.210585	13.230990	13.185754	13.328724	13.394253	13.490065
ENSMUSG00000020186	11.781084	11.768894	11.565635	11.627573	11.579177	11.947823	12.298400	11.774297	11.627722	11.926528	11.977047	11.989240	11.677754	11.941244	12.341755	11.710497	11.861465	11.895749	12.286464	12.004882	11.758667	11.774504	11.867122	11.953324	11.903176	11.811513	12.723229	12.188856	12.017643	11.683916	12.346529	11.974426	12.179839	12.800925	12.587620	12.203578
ENSMUSG00000020211	15.015083	14.992616	15.200133	14.994131	15.202485	15.323601	15.221242	15.082603	15.134980	14.994062	15.088562	15.148236	14.929415	15.007729	15.227039	15.038457	15.061031	15.236066	14.713824	14.856558	15.030686	15.113594	15.103298	15.346397	15.125068	15.021606	14.705870	14.888254	15.462939	15.213035	14.499237	14.695264	14.371583	14.361708	14.551803	14.500973
ENSMUSG00000020248	11.806528	11.680728	11.792724	11.654412	11.620078	11.631006	11.826547	11.687054	11.715440	11.724900	11.686715	11.502240	11.763033	11.738908	11.586155	11.618740	11.780202	11.615303	11.691860	11.816877	11.761105	12.170700	11.982429	11.943288	12.410610	12.397965	12.528627	12.068396	12.021375	11.964770	11.957628	11.999446	12.006030	11.910695	11.879162	12.038596
ENSMUSG00000020250	15.590241	15.421009	16.021949	15.751942	15.535389	15.158066	15.343949	15.146249	14.911706	15.608565	15.472418	15.359547	15.532990	15.225797	15.180569	15.350004	15.392943	15.337952	15.154945	14.952877	15.599805	14.681431	14.731927	14.386462	14.906891	14.668075	14.202975	14.583832	14.862447	14.972859	14.850260	14.935357	14.930737	14.778760	14.675099	14.745766
ENSMUSG00000020275	9.550081	9.217616	10.253483	9.047909	10.153139	8.454832	9.234455	9.300984	8.221178	9.517060	8.845055	8.414907	9.474231	8.846897	7.729601	9.267203	9.343465	8.687465	10.295828	9.547900	10.064497	10.126275	10.048403	8.072204	11.090851	10.705527	9.486466	11.244896	11.724709	11.503877	12.418033	12.475140	12.787872	13.083391	12.269643	12.356476
ENSMUSG00000020321	15.011435	15.078996	14.978293	14.916018	14.908900	14.807129	15.049851	15.131177	14.963627	15.241642	15.086355	15.052078	14.992806	15.033799	14.821836	14.945446	14.988970	14.839188	15.216089	15.027273	14.992197	15.190168	15.355167	14.872269	15.268894	15.163381	15.355213	15.326899	15.558615	15.162766	15.303765	15.355355	15.066656	15.214684	15.133879	15.325724
ENSMUSG00000020349	14.631737	14.611929	14.599744	14.763120	14.561292	14.668865	14.866046	14.622792	14.561920	14.665573	14.651721	14.710776	14.624161	14.638264	14.756411	14.681911	14.757786	14.563335	14.589263	14.527431	14.493072	14.644855	14.641378	14.795933	14.700016	14.763726	14.853694	14.642401	14.627195	14.758656	14.358997	14.386840	14.442956	14.325549	14.372973	14.227196
ENSMUSG00000020415	11.834488	11.749248	11.633162	11.850510	11.823818	12.400683	11.764803	11.929903	12.325444	11.655244	11.924903	12.029807	11.872707	12.251714	12.546336	11.805784	11.965750	11.699094	11.883032	12.151885	11.732974	12.442276	12.250928	12.917545	12.166426	12.192146	12.264898	12.165033	12.062317	12.154271	11.913991	11.971910	12.240483	11.704676	11.811772	11.894482
ENSMUSG00000020454	13.129296	13.282358	13.151443	13.229541	13.304599	13.571331	13.455781	13.367510	13.456954	13.192967	13.321619	13.406822	13.137627	13.195376	13.346367	13.258111	13.326866	13.512136	13.022148	12.965020	13.064002	13.328162	13.383507	13.542433	13.353013	13.417767	13.473624	13.526549	13.563688	13.714307	13.138768	13.239808	13.142329	13.055587	13.182497	13.082780
ENSMUSG00000020455	12.882471	12.827425	12.932935	12.930715	13.034068	12.961021	13.021727	12.892834	12.828350	12.775182	12.749608	12.869997	12.762541	12.634597	12.869277	12.653845	12.593920	12.848484	12.739169	12.594908	12.718942	13.367841	13.424535	13.488521	13.418004	13.362968	13.330529	13.778530	13.754809	13.726057	14.269323	14.120868	14.321625	14.220234	14.144555	14.183564
ENSMUSG00000020516	12.550214	12.523066	12.610284	12.401041	12.535233	12.737384	12.354899	12.693141	12.610566	12.387044	12.479790	12.479854	12.342366	12.645451	12.212503	12.348684	12.394982	12.437878	12.424867	12.625247	12.589779	12.890777	12.770372	13.110123	12.473307	12.539307	12.543242	12.268825	12.252803	11.860616	12.118347	12.452284	12.498731	12.257095	12.387874	12.637371
ENSMUSG00000020525	12.411661	12.526059	12.617436	12.746504	12.486257	12.985968	12.536775	12.577684	12.731219	12.551959	12.540370	12.656620	12.562094	12.611852	12.566920	12.604924	12.590658	12.673376	12.367140	12.394468	12.451562	12.653839	12.443133	12.882255	12.612191	12.543208	12.885465	13.216464	12.961397	12.848077	13.383945	13.413940	13.275322	13.450812	13.388648	13.443968
ENSMUSG00000020532	14.192127	14.234893	14.228482	14.223393	14.324610	14.413312	14.514239	14.407577	14.520598	14.388131	14.418918	14.524772	14.236774	14.239054	14.419650	14.373654	14.335090	14.549749	14.175653	14.091863	14.236250	14.175909	14.311715	14.344421	14.218988	14.220423	14.304956	13.908128	13.958443	13.980408	13.408610	13.267062	13.360254	13.212380	13.178760	13.197872
ENSMUSG00000020534	14.008404	14.071330	14.344506	14.154373	14.042147	13.830386	14.035197	14.082382	13.946021	14.219676	14.235093	14.125676	14.169821	14.282226	13.998551	14.102681	14.200180	14.116832	13.621805	13.523399	13.927838	13.697449	13.578498	13.390209	13.092616	13.191753	12.798850	12.666147	12.849657	12.463434	11.753121	12.187743	11.779359	11.167182	11.603528	11.120088
ENSMUSG00000020538	14.578535	14.505043	14.270155	14.577203	14.563398	14.501108	14.421559	14.535311	14.360542	14.360800	14.502692	14.261066	14.298760	14.407308	14.574101	14.513842	14.469198	14.643029	14.805798	14.648726	14.390384	14.918718	15.093277	15.218400	15.351702	15.529870	15.407221	15.231793	15.097227	15.148042	14.999750	15.080905	15.082960	14.937436	14.810294	14.998053
ENSMUSG00000020572	13.614955	13.576681	13.419645	12.924673	13.248447	13.097982	13.171849	13.660464	13.581207	13.539511	13.817001	13.553252	13.473033	13.700766	13.642157	13.701019	13.867956	13.606133	14.191923	14.156307	13.748634	13.583953	13.623166	13.308240	13.559563	13.580501	14.102015	12.940778	13.194331	13.212833	12.168423	12.070884	11.924244	11.689932	11.341416	11.799149
ENSMUSG00000020644	10.203475	9.749219	9.907255	9.433181	9.806811	10.262434	9.930834	10.046062	10.284459	9.081695	9.725640	9.239125	9.235029	9.919199	10.206172	9.590086	9.969317	9.339589	11.702347	11.768523	10.994213	10.458429	9.876511	10.090193	10.572866	9.882451	10.028767	10.604812	10.321497	8.857460	11.230733	10.582606	10.889661	10.581550	10.836847	10.502650
ENSMUSG00000020649	16.300079	16.135601	16.463817	16.242750	16.300634	15.339371	16.014921	15.739149	15.151988	16.513767	16.391095	15.797584	16.322816	15.798353	15.604125	16.300938	16.220296	16.076561	16.264509	15.931097	16.419619	15.518715	15.442045	14.783831	16.158543	15.700434	15.116900	15.972470	16.408622	16.172751	15.960422	15.909998	15.596753	15.189247	15.312007	15.021871
ENSMUSG00000020660	6.981103	6.232268	6.687519	7.212474	6.436902	7.496431	6.507421	7.164419	6.884837	5.456131	5.893650	5.916650	6.856853	7.065259	7.334314	7.094353	6.584605	6.635472	6.200341	5.367257	6.434024	7.245157	6.205073	7.475957	7.233894	7.857713	7.833857	7.771609	7.270660	8.845201	6.244392	7.602736	7.496421	8.322590	8.295631	7.327790
ENSMUSG00000020689	5.588748	5.153573	4.925594	4.967165	4.877002	4.542968	4.365932	4.189185	3.495521	5.150103	5.547565	4.667530	4.664486	4.318859	4.710304	5.343105	5.290409	6.127077	8.769726	8.636218	8.592857	8.601102	8.474326	8.327787	10.214866	9.863915	10.322914	12.513591	12.306756	11.986975	13.210130	12.869293	12.684061	11.855238	10.759634	12.057325
ENSMUSG00000020708	14.841815	14.888025	15.145197	14.769434	15.048873	14.955798	14.916361	15.014024	15.021494	14.888418	15.018699	15.006560	15.143547	15.291611	15.024939	14.819798	15.023754	14.851818	14.819588	15.224575	15.243501	15.320064	14.943818	14.867270	15.141410	14.899182	14.926001	14.959431	15.135016	14.545431	14.673766	14.833787	14.774984	14.608120	14.691954	14.807826
ENSMUSG00000020715	10.964955	10.829793	10.787011	11.186091	11.029960	10.603504	10.940196	10.559292	10.221782	11.073694	10.507308	10.441598	10.861531	10.206741	10.084626	10.933432	10.657152	10.805405	11.231962	10.957156	11.341946	11.117008	11.391019	10.725019	11.530589	11.322360	10.859301	11.415988	11.565364	11.875332	12.475299	12.316061	12.109766	12.587307	12.103631	12.284149
ENSMUSG00000020716	11.428592	11.429770	11.399879	11.191732	11.388627	11.379549	11.349134	11.419599	11.555960	11.510476	11.559459	11.473154	11.514506	11.540298	11.572064	11.483412	11.425960	11.491099	11.741238	11.721993	11.780163	11.309573	11.340759	11.244849	11.226181	10.848028	10.888331	10.829406	11.265407	11.281486	10.969424	10.891194	10.834815	11.201756	11.450407	11.236379
ENSMUSG00000020717	12.733555	12.444891	12.463370	12.574080	12.430490	12.165706	12.447012	12.338410	12.237857	12.360404	11.795860	11.813414	12.417370	12.027083	11.383939	12.371681	12.102450	11.712316	12.772542	12.828450	12.611072	11.833384	11.663122	11.159591	12.048747	11.718827	11.664563	12.328881	12.019495	11.914722	13.353921	13.063888	13.379565	13.455576	13.406346	13.194963
ENSMUSG00000020719	17.543067	17.243295	17.945713	17.628448	17.807800	16.848704	17.762666	17.174948	16.771875	17.903094	17.725454	17.052448	17.645869	17.110189	16.847762	17.937193	17.693200	17.812125	17.732399	17.232847	17.836751	17.168604	17.261510	16.730067	17.770625	17.231757	16.983990	17.824467	18.258190	18.150543	18.291698	18.088180	17.906014	18.062754	17.988736	17.820052
ENSMUSG00000020758	13.179127	13.259031	12.960559	12.924412	13.012083	13.206374	13.232169	13.055530	13.204929	13.074289	13.237952	13.375204	13.169985	13.094692	13.589502	13.288217	13.285626	13.476385	13.044493	12.992002	12.803284	12.744486	12.746401	13.023898	12.397737	12.391260	12.250322	12.965719	12.844983	13.044279	12.707727	12.480985	12.527210	12.629003	12.601589	12.395412
ENSMUSG00000020766	15.709612	15.693317	15.415335	15.917940	15.674356	15.831655	15.873015	15.792567	15.859498	15.528966	15.707184	15.703838	15.488536	15.407724	15.989756	15.708455	15.720117	16.108513	16.002842	15.586301	15.404150	15.607342	15.985082	15.983791	15.888734	16.313159	16.333440	16.026381	15.769761	16.215043	15.481929	15.324940	15.323915	14.582441	14.443772	14.402076
ENSMUSG00000020782	3.813907	3.567851	3.931011	3.659487	3.252596	4.546767	4.105515	2.501918	5.558014	1.089797	2.593831	2.875125	3.403311	3.271625	6.370377	4.294219	4.604187	4.252631	5.360529	6.096971	4.412662	6.252321	6.880226	7.931050	5.922532	6.783999	7.546497	6.886402	5.532791	7.725607	5.773791	6.321461	6.759357	6.782808	7.255119	7.640982
ENSMUSG00000020788	15.143297	15.026125	14.881256	15.247421	15.108843	14.834052	15.056452	15.031704	14.807133	15.157061	14.935324	14.786674	15.069649	14.875913	14.805263	15.072226	14.963867	14.739399	15.592446	15.647827	15.202273	15.362607	15.421016	15.049908	15.440835	15.380323	15.271949	15.545383	15.648819	15.473008	15.444499	15.485853	15.436814	15.187159	15.423230	15.161114
ENSMUSG00000020849	16.523329	16.700021	16.508683	16.390456	16.415571	16.451149	16.322474	16.388689	16.379333	16.600045	16.450720	16.582710	16.556697	16.562629	16.356295	16.428714	16.659202	16.424588	16.598311	16.849951	16.680523	16.671924	16.689657	16.383693	16.625033	16.376473	16.270313	16.329615	16.713429	16.523323	16.422373	16.358681	16.044273	16.162060	16.445192	16.246281
ENSMUSG00000020857	14.673746	14.969670	14.770205	15.511709	14.474395	15.129760	15.162228	14.592397	14.726575	14.624960	14.975311	15.016691	14.370709	14.394383	15.481743	14.820489	14.739250	15.202749	14.894617	14.109977	14.315913	14.248940	14.776097	15.368273	14.559203	15.004161	14.907348	14.685499	14.572927	15.079998	14.262213	14.281902	13.587850	13.819944	13.905272	13.573788
ENSMUSG00000020872	14.183801	14.469003	14.138099	14.134446	14.541509	14.426447	14.736015	14.644551	14.478609	14.378569	14.590243	14.565088	14.569597	14.744547	14.778043	14.618938	14.928295	14.996678	14.100165	14.252578	14.156077	14.287696	14.348538	14.194349	12.191561	12.849614	12.320084	9.894141	10.492899	9.780088	8.640540	9.552340	9.043816	8.548625	9.667921	8.510682
ENSMUSG00000020891	5.110081	4.959690	5.883851	6.945758	6.124191	7.223111	8.275666	6.990541	7.628543	6.014267	5.325317	7.462880	5.464779	6.412562	8.705890	6.520917	5.946409	6.961417	6.036501	5.990905	5.425899	4.434687	4.716714	6.458359	5.341272	6.124746	6.686674	5.227153	5.569464	5.336427	4.726944	4.519458	6.180746	4.784843	6.260221	5.811173
ENSMUSG00000020893	11.678672	11.478411	11.477414	11.716896	11.870777	11.545861	11.400215	11.567374	11.437004	11.645938	11.857258	11.523497	11.511017	11.687561	11.657842	11.789286	11.911646	11.935912	11.912942	11.760769	11.769273	11.379428	11.530708	11.376321	11.777524	11.845054	11.608354	11.616235	11.695359	11.870788	11.732524	11.838357	11.802633	12.088803	12.186824	11.955476
ENSMUSG00000020986	10.890303	10.820762	11.321657	10.800623	10.952801	10.293591	10.497397	10.408765	10.280742	11.235125	10.852268	10.299828	11.061577	10.594888	10.267035	10.956859	11.038974	10.652981	11.142165	10.767539	11.086097	10.736768	10.733896	9.536232	11.477896	11.005651	11.093233	11.164129	11.192800	11.483820	11.629698	11.772703	11.563154	11.779493	11.497505	11.562169
ENSMUSG00000021025	13.550265	13.525863	13.127704	13.302080	13.205831	13.744110	13.444781	13.375735	13.603796	13.080439	12.885713	13.330999	13.064450	12.900720	13.394805	13.115597	13.026627	13.176261	12.622323	12.615591	12.493694	12.982802	13.102321	13.356675	12.752412	13.040134	12.305492	12.903136	12.838560	13.348442	13.415560	13.522191	13.681026	14.480845	14.568811	14.464588
ENSMUSG00000021032	3.976411	4.712488	3.780325	4.849514	3.446909	3.080212	6.673702	4.566234	4.774359	4.624073	5.151056	6.161729	5.262794	4.532695	6.589981	3.854959	5.468373	4.527137	4.690216	4.167838	3.696813	4.094896	5.110573	3.614966	4.357789	4.554423	6.260975	4.891067	4.088011	4.942028	5.620358	4.737360	5.589201	4.787074	4.995983	5.720828
ENSMUSG00000021054	9.890390	9.870229	10.095301	10.182633	10.194235	9.228352	10.018533	9.869394	9.495325	10.504781	10.423133	9.810371	10.385588	9.917206	9.778933	10.337931	10.503256	10.408400	11.448737	11.177560	11.610719	11.467468	11.544558	10.939383	11.596871	11.282153	11.097263	11.561931	11.673734	12.041550	11.638564	11.554347	11.470291	11.318112	11.309146	11.299392
ENSMUSG00000021096	12.765757	12.727009	12.861889	12.862170	12.982457	12.849567	12.716693	12.888456	12.698315	12.932515	13.040458	12.942935	12.819902	13.032385	12.738450	12.779967	12.892175	12.378645	12.668613	12.761093	12.752077	13.016731	12.970740	12.745102	12.962325	13.034769	13.129809	12.819881	13.023453	12.934486	12.811782	12.951930	12.986884	13.135469	13.055451	13.215337
ENSMUSG00000021109	12.527177	12.337874	12.936315	12.452241	12.500520	11.522990	11.948018	12.102412	11.605351	12.713998	12.594811	11.953476	12.441688	12.375053	11.451651	12.437091	12.658899	11.985653	12.885777	12.735430	13.028022	12.779311	12.635237	11.799513	13.170854	12.838952	12.733155	12.684209	12.648789	12.610187	12.741264	12.878891	12.930881	13.025216	12.690422	12.984266
ENSMUSG00000021116	16.542609	16.462599	16.960465	16.498062	16.718314	16.042978	16.879360	16.559579	16.199901	16.800372	16.871623	16.636979	16.634509	16.409492	16.458190	16.807249	16.759892	17.109716	16.750164	16.094087	16.659556	16.074731	16.323223	15.890046	16.389386	16.269327	15.904845	16.038785	16.386993	16.287207	15.370155	15.367132	15.212931	15.190831	15.226056	15.181319
ENSMUSG00000021144	14.636897	14.613622	14.512523	14.273275	14.572839	14.427286	14.317667	14.615286	14.459281	14.483367	14.633274	14.527910	14.514093	14.686411	14.511766	14.503957	14.691450	14.650119	14.819474	14.992127	14.902261	14.988970	14.969395	14.959088	14.924318	14.925689	14.629010	14.921374	15.133487	14.886140	14.728321	14.878000	14.857194	14.604852	14.734376	14.720427
ENSMUSG00000021189	11.727675	11.489722	11.744451	11.591082	11.480743	10.571593	11.296773	11.287588	10.752067	11.618057	11.554095	11.110382	11.757475	11.615577	11.099469	11.401983	11.558316	11.495640	11.554684	11.813060	11.781018	11.126170	10.997792	10.409653	10.983146	10.645389	10.143971	11.040645	11.327699	10.320644	11.751352	11.710012	11.655393	11.707414	11.792134	11.988043
ENSMUSG00000021196	14.322995	14.348957	13.912675	13.590586	13.915465	13.486499	13.804702	14.282329	14.172923	14.137452	14.452985	13.913920	14.004188	14.232567	13.880183	14.325279	14.320933	14.278220	14.600541	14.565527	13.962342	14.355324	14.437367	14.018245	14.573615	14.785024	14.675484	14.099961	14.271342	13.939707	12.306879	12.342547	11.726742	11.521073	11.508313	11.574587
ENSMUSG00000021221	7.555572	7.730126	8.256523	8.203096	7.557912	6.611874	8.709024	7.818987	7.889016	7.779253	8.331919	7.654192	7.977843	7.945733	5.827922	8.551099	7.857169	7.696387	6.716999	6.522871	7.840555	7.188100	7.433107	7.840917	7.268300	7.156751	8.465360	7.503174	6.920795	7.992600	6.149060	6.571728	6.237684	6.976793	6.135582	6.686915
ENSMUSG00000021250	5.566682	4.486177	6.200908	7.136897	6.117850	5.922421	7.335092	5.227659	5.048694	7.015203	8.214606	5.412375	8.739725	8.270466	7.071286	9.597532	8.513258	6.070228	4.961709	5.586556	6.263033	7.213203	5.139186	5.736689	7.284652	5.887518	6.327343	8.619773	9.115875	6.385917	8.269233	9.132093	7.810609	7.954385	8.691521	6.813693
ENSMUSG00000021253	10.127186	9.828692	10.168204	9.507681	9.651154	9.335305	9.215152	9.030211	8.364512	8.701597	9.082340	8.507464	9.079350	9.332822	8.880345	8.595595	8.926486	9.149127	10.995152	11.084641	10.888512	9.881405	10.031012	10.280713	8.318268	7.419523	8.792428	7.805618	7.597544	6.745573	8.457864	7.634903	8.328049	8.216070	7.874464	8.170665
ENSMUSG00000021264	13.306743	13.216981	13.381693	13.214008	13.187782	12.802605	12.721073	12.892327	12.572293	13.151255	13.108203	12.730619	13.230753	13.169338	12.745130	13.068215	13.050205	12.625673	13.417817	13.597164	13.499760	13.314592	13.166575	12.965634	13.268225	12.968985	13.107258	12.841152	12.843387	12.674660	13.163276	13.238808	13.441963	13.268474	13.113819	13.327234
ENSMUSG00000021270	17.023796	16.987469	17.176731	16.958198	16.676074	17.084331	16.406025	16.874286	16.931778	17.032832	17.069910	17.139771	17.053413	17.565723	16.977740	16.966785	16.992993	16.700735	17.259638	17.644614	17.450159	17.652225	17.228173	17.714813	16.944853	17.101493	17.361272	16.744851	16.677813	16.129992	16.068232	16.323953	16.089804	15.522383	16.018766	15.703569
ENSMUSG00000021302	12.176508	12.175832	12.312094	12.009231	12.227355	11.976205	11.925488	12.276481	12.361031	11.886576	12.294886	12.206307	12.153090	12.324259	11.664900	12.160030	12.203538	11.845404	11.935945	12.212008	12.122038	12.137742	12.076910	11.958617	11.987264	12.033118	11.477986	11.928185	11.959812	12.127046	12.085129	12.260923	12.087333	12.325398	12.446853	12.335681
ENSMUSG00000021356	9.461988	9.335520	10.061165	9.280736	9.744572	8.226396	8.909614	9.446576	8.708728	8.925414	9.592507	8.333278	8.820059	9.252863	8.053415	9.038774	9.025654	7.642138	9.036746	9.152584	9.083086	4.510725	3.865548	3.827974	4.561359	4.178680	4.630492	6.061032	5.671619	5.768661	7.448979	6.794762	7.498532	9.057560	8.635365	8.331797
ENSMUSG00000021365	14.367565	14.112583	14.436668	14.627147	14.395524	13.373938	13.990660	13.900974	13.070219	14.610363	14.351205	13.667420	14.491767	14.089879	13.426680	14.372506	14.311313	13.814051	14.515755	14.196153	14.571652	12.679652	12.632201	11.808566	13.397272	12.867186	12.825143	12.868494	12.913402	12.993774	13.594134	13.411386	13.555521	13.783932	13.397014	13.653379
ENSMUSG00000021461	10.759235	11.058513	10.686584	10.832704	10.806310	11.423136	11.114251	11.030001	11.464371	10.754585	10.828559	11.110820	10.601699	10.811499	11.428714	10.850043	10.665448	10.730514	10.613930	10.736150	10.410724	10.169262	10.492597	11.212700	9.796263	10.111375	10.865029	9.969752	9.698662	10.191667	9.348723	9.067207	9.340242	9.058743	8.866197	9.447125
ENSMUSG00000021485	11.611767	11.606421	11.542011	12.007290	11.555136	12.178013	12.146993	11.700300	11.991048	11.470939	11.233754	11.899143	11.736693	11.383530	11.888013	11.681704	11.263753	11.568270	11.600376	11.484714	11.493883	11.891244	11.804570	12.330090	12.275754	12.561225	12.425876	12.411535	11.871781	12.193721	12.620149	12.543057	12.738850	12.171707	11.933788	11.909107
ENSMUSG00000021488	10.697533	10.668243	10.266026	10.383868	10.604626	11.043290	10.777427	10.617814	10.370633	10.922749	10.538115	10.769702	10.529861	10.458554	9.479299	10.722635	10.573835	10.317728	10.460013	10.767592	10.494498	10.812310	10.731137	10.690007	10.622842	10.754001	11.477332	10.880736	10.375926	9.727860	10.933905	10.688324	10.943502	11.504799	11.230143	10.946352
ENSMUSG00000021518	13.753045	13.662644	13.890865	13.805812	13.787888	13.561740	13.695897	13.723072	13.722383	13.887503	13.730890	13.668328	13.682913	13.723583	13.674973	13.761148	13.859413	13.986439	13.770323	13.517615	13.751176	13.446985	13.656152	13.260858	13.459019	13.371569	13.352179	13.348910	13.564861	13.461247	13.144862	13.158097	13.039283	12.911726	12.854566	13.139727
ENSMUSG00000021577	15.727303	15.789249	15.733535	15.549088	15.702065	15.487913	15.850697	15.708201	15.589554	15.915340	15.674047	15.642874	15.660313	15.525591	15.514493	15.767579	15.680114	15.882730	15.946159	15.646931	15.728410	15.622456	15.882179	15.606072	15.949057	15.785762	15.810925	16.051610	16.055261	16.134822	15.758224	15.669809	15.675760	15.854744	15.686756	15.728063
ENSMUSG00000021591	14.942102	14.774245	14.731217	14.915335	14.889864	14.567676	15.022212	14.610717	14.439452	14.692656	14.574154	14.285708	14.763987	14.339329	14.179440	14.741206	14.612945	14.675213	14.568889	14.551180	14.540408	14.478291	14.593381	14.290312	14.786141	14.495840	14.258037	15.321599	15.358336	15.159223	16.512335	16.206650	16.124675	16.640746	16.562679	16.518207
ENSMUSG00000021611	8.195715	8.565434	8.727580	6.773151	8.192540	7.432069	8.630628	7.481128	8.051398	7.715028	8.221519	7.340484	8.146540	7.614905	7.356273	8.210616	8.210816	8.615580	7.173072	7.392461	8.211003	7.432817	7.666099	7.611526	8.051615	7.850072	7.743210	9.219023	9.034060	8.828120	9.703400	9.341200	9.473595	9.868721	9.141238	9.591219
ENSMUSG00000021670	15.107561	14.946721	14.972711	15.188570	15.247984	15.090914	14.908197	15.301963	15.242131	15.126854	15.285449	15.222036	15.088329	15.254105	15.053346	15.314971	15.332159	15.202699	15.284069	15.298091	14.968820	15.697739	15.735648	15.661639	15.781063	16.056409	16.038192	15.316962	15.041295	15.071917	15.553790	15.484538	15.740921	15.868628	15.617538	15.970397
ENSMUSG00000021697	12.006272	11.708120	11.887416	12.093991	11.806864	11.282084	10.996424	11.627453	11.039564	12.131536	11.825263	11.275235	11.950415	11.806655	11.085287	11.867177	11.697457	11.378629	12.322958	12.312677	12.060311	11.854953	11.638340	11.169173	12.260661	11.835327	11.604081	12.038858	11.719747	11.418750	12.490590	12.371979	12.317438	12.209456	11.677930	12.059432
ENSMUSG00000021707	14.181433	14.317374	14.227821	14.431533	14.221990	14.589764	14.416552	14.490491	14.579179	14.228492	14.431094	14.593736	14.427493	14.570520	14.685870	14.400869	14.296870	14.224221	14.149553	14.335760	14.226756	14.697694	14.425656	14.806586	14.593340	14.775583	14.933201	14.409393	14.326288	13.954125	13.654492	13.827795	13.695838	12.996030	13.325466	12.989267
ENSMUSG00000021738	11.561337	11.374162	11.625658	11.445262	11.477767	11.183846	10.660796	11.209414	10.858113	11.526956	11.390450	10.952743	11.220614	11.244978	10.864011	11.252674	11.271924	10.963235	11.529401	11.435367	11.577367	11.312212	11.385368	10.841371	11.617976	11.434298	11.889157	11.048673	11.297417	11.576387	11.884110	11.885549	11.741586	12.150030	11.873112	12.072058
ENSMUSG00000021779	11.087920	10.886331	11.180577	10.964809	11.157207	10.515155	10.556926	11.024508	11.007542	10.997749	11.097009	11.082664	11.071337	11.160946	10.777145	10.856639	11.192449	11.248132	10.973282	10.853732	10.597371	9.750959	9.982987	9.210004	9.224007	8.997114	8.736996	8.840399	8.310553	8.640245	8.040689	7.574744	7.895184	7.560246	7.411114	7.285803
ENSMUSG00000021871	16.237684	16.462217	16.039598	16.277301	16.228000	16.386493	16.103812	16.419025	16.513121	16.567149	16.763380	16.849328	16.343960	16.635607	16.671147	16.505372	16.818856	16.532151	15.477409	15.539347	15.187648	14.785980	14.980273	14.866435	13.703224	13.891588	13.698713	13.652652	13.366607	13.708027	13.289007	13.332890	13.311380	13.229825	13.437274	13.175717
ENSMUSG00000021911	11.547605	11.660487	11.910206	11.596128	11.739870	11.426969	11.239558	11.571499	11.423985	11.744218	11.745188	11.585636	11.853624	11.849323	11.538103	11.694689	11.781658	11.746905	11.641099	11.564982	11.804532	11.458629	11.216357	11.227097	11.477738	11.335631	11.802501	11.556762	11.163420	11.309998	11.556333	11.436631	11.651187	11.786657	11.420831	11.615698
ENSMUSG00000021936	12.152898	11.981186	12.096538	12.062356	12.159324	11.845754	12.263845	11.914756	12.050424	12.124949	12.086728	11.832898	12.105851	12.125327	12.296499	11.915064	12.084851	12.266591	12.065535	11.953216	11.942144	12.170044	12.004841	11.728524	12.293897	12.252038	11.957357	12.070615	12.139736	11.312882	12.100505	11.976619	11.803072	11.850804	11.939159	11.950220
ENSMUSG00000021957	17.235729	17.272581	17.293486	17.156457	17.157694	16.874752	17.203736	17.149937	16.984773	17.413395	17.278948	17.098149	17.157238	17.165149	17.060399	17.250840	17.204416	17.183763	17.291684	17.125577	17.164800	17.066159	17.176344	16.936223	17.164348	17.100013	16.998919	17.127850	17.148689	17.044328	16.833571	16.940711	16.860011	16.486033	16.508455	16.588988
ENSMUSG00000021974	9.632435	9.716205	9.421610	9.089735	9.040063	9.962972	10.157924	9.974147	9.856603	9.481597	9.446888	10.133183	9.564788	9.935599	10.144629	9.922094	9.804302	10.226337	11.223970	11.698919	10.825621	9.707652	9.577824	10.248125	8.912963	9.059300	10.014350	8.019741	8.601002	6.764280	7.609714	7.351317	7.404485	7.157636	7.729553	7.329260
ENSMUSG00000022015	7.259928	6.998559	7.940804	6.485400	7.394402	4.822657	7.042946	7.881825	7.450594	7.212152	8.256263	7.874724	7.570936	7.318562	5.738222	7.411922	7.351422	8.325283	9.969923	9.529738	9.835115	7.373630	7.380512	5.632571	6.090361	7.430373	5.666559	7.586328	7.415226	6.284367	7.842555	7.354943	7.411013	8.212596	8.116707	7.959616
ENSMUSG00000022018	9.656400	9.632879	9.527224	9.453399	10.153245	10.220525	9.560306	9.551709	10.243374	9.163718	9.905201	9.640192	9.106787	8.888405	9.746156	10.131378	9.714950	10.954561	11.448749	10.220470	10.505750	9.123886	10.186828	10.579533	8.270768	9.771813	9.720932	8.292128	7.623843	9.911924	6.030258	6.274725	6.535242	6.538885	4.283705	6.268329
ENSMUSG00000022020	11.452154	11.635106	11.680592	11.519206	11.656646	12.049477	11.707280	11.599366	12.168578	11.794601	11.771503	11.980392	11.825222	12.026401	12.381309	11.622006	11.584942	12.081830	11.494841	11.565833	11.601937	11.761603	11.657882	12.025856	11.445875	11.693992	11.503433	11.323169	11.209757	10.986003	10.745713	11.082728	10.980367	10.813489	11.216827	10.846843
ENSMUSG00000022074	5.532170	5.505117	6.076437	5.891475	5.135106	5.542857	4.955438	4.522365	6.007247	6.954933	6.848290	7.086213	5.653909	5.847999	7.173777	5.793938	5.650006	6.686048	6.143535	5.933235	5.667063	5.846618	6.075842	6.006607	6.320555	5.140870	6.349324	6.163567	6.263386	7.355179	6.255035	5.951538	5.900545	5.961043	5.653831	6.876650
ENSMUSG00000022094	10.359828	10.397711	10.815958	10.225307	10.357858	9.824090	9.606438	10.122117	10.305271	10.677363	10.648521	10.281606	10.481805	10.584764	10.290537	10.564399	10.702708	10.815258	10.817568	10.827341	11.106616	10.616062	10.421042	10.169461	10.301798	10.138451	10.120455	9.851228	9.690820	9.871192	9.196269	9.475883	9.406761	8.979053	9.285844	9.280093
ENSMUSG00000022105	11.627980	11.656164	11.634595	11.576697	11.567440	11.637836	11.358881	11.283534	11.413477	11.687662	11.636624	11.370929	11.811834	11.684080	11.546667	11.617299	11.659873	11.208670	11.663030	11.927566	11.676833	11.828068	11.616813	11.501075	12.506836	12.172549	12.354682	12.907089	12.782879	12.626297	12.980627	12.923400	12.830530	12.954613	12.799708	12.811417
ENSMUSG00000022218	4.712686	4.138887	4.896765	3.888929	4.807855	5.034535	7.069007	5.404279	5.500793	5.411182	4.152423	5.294789	5.017128	5.592376	5.044649	6.106952	4.812201	4.877971	4.605770	4.036175	4.066245	4.761246	4.508393	5.670582	4.048840	3.892959	4.784406	5.735019	5.978835	5.242643	5.347435	4.664524	6.134945	5.243107	5.536427	5.365706
ENSMUSG00000022292	10.579039	10.489080	10.622155	10.546748	10.622712	10.632666	10.736760	10.506723	10.603221	10.493008	10.692828	10.692530	10.378557	10.306058	10.482520	10.239263	10.643762	10.591409	10.198927	10.014316	10.288014	10.372833	10.363227	10.047506	10.813221	10.993283	10.779055	11.156191	10.992095	11.171300	12.147976	12.148842	12.228787	12.415208	11.992627	12.380773
ENSMUSG00000022309	12.611074	12.444446	12.258379	12.616817	12.307356	12.074760	12.417806	12.096692	11.815644	12.730116	12.242441	12.071132	12.806639	12.396768	11.824370	12.509560	12.391873	11.816919	11.959933	12.319616	12.320516	12.188857	11.885563	11.247772	11.581255	11.191837	11.321802	11.165578	11.390724	10.569470	11.843705	11.938638	11.615824	12.083273	12.019179	12.137012
ENSMUSG00000022346	16.410257	16.375444	16.637163	16.287580	16.665225	16.158999	15.665750	16.236711	16.077172	16.375868	16.131432	16.182722	16.113179	16.128046	15.872152	15.981347	16.094231	15.960097	16.296872	16.473690	16.438957	14.693328	14.900188	14.636784	14.764620	14.742057	14.708806	14.055413	14.229361	14.568105	13.451079	13.660601	14.051825	13.222911	13.832164	13.410865
ENSMUSG00000022361	11.876672	11.733675	11.928908	11.861748	11.858838	11.329256	10.985997	11.484763	11.279436	11.636251	11.767526	11.319799	11.773429	11.715749	11.476086	11.595562	11.759766	11.232465	11.610006	11.745676	11.564581	12.149116	11.928686	11.332179	12.215991	12.167668	11.387186	11.809228	11.715084	11.779932	11.912170	12.161585	12.229271	12.185130	12.028410	12.223075
ENSMUSG00000022475	15.392084	15.422633	15.132315	15.351402	15.529899	15.147021	15.387588	15.477954	15.113921	15.378555	15.579091	15.301856	15.287753	15.233120	15.337199	15.473967	15.630544	15.550024	14.362793	14.225728	14.089593	14.555780	14.673534	14.411933	15.189657	15.162913	14.988622	14.680435	14.806632	14.843996	14.208958	14.131641	14.157808	14.175731	14.275387	14.146394
ENSMUSG00000022479	7.141495	7.790538	7.906630	7.534943	7.474775	6.097625	7.516319	7.312336	5.707827	8.093984	8.020930	7.704510	7.932565	7.397923	8.031465	8.032838	7.597286	7.943696	9.414788	8.703531	9.249458	8.447788	8.489791	8.397223	8.187932	6.848026	7.018342	5.685555	7.051307	7.402174	5.997834	5.469961	5.363135	5.368687	5.409764	4.824235
ENSMUSG00000022500	11.894886	11.741467	11.491297	11.663051	11.723461	11.483440	12.069536	11.514861	11.385210	11.833500	11.756507	11.529686	11.775008	11.425035	11.481687	11.901580	11.665210	11.768133	12.176747	11.888113	11.825103	11.205062	11.576364	11.425822	11.197844	10.971797	10.612244	11.434341	11.460319	11.613666	11.738720	11.382960	11.257228	11.637390	11.322835	11.174692
ENSMUSG00000022508	9.049079	8.859406	8.348284	8.276143	8.465056	7.671102	6.929291	7.985378	7.226041	8.965105	7.311872	7.440563	8.621755	8.137560	6.813860	8.527100	7.950265	8.152499	10.870855	10.672831	10.721369	10.345858	10.391745	9.845595	10.791838	10.406875	10.384804	11.346945	11.145856	11.725773	12.337695	11.873901	12.362539	12.562869	12.498503	12.646752
ENSMUSG00000022521	13.845441	13.850135	13.928603	13.466885	13.890471	13.563333	13.752892	13.706817	13.408992	13.931168	13.763107	13.616951	13.833066	13.552795	13.416190	13.887638	13.760145	14.037768	13.967933	13.710471	14.116782	13.664679	13.896909	13.699830	14.031994	13.552076	13.590533	14.218906	14.698558	14.771221	14.634630	14.511886	14.503201	14.844223	14.861392	14.648665
ENSMUSG00000022528	13.230396	13.311965	12.873142	12.553238	13.021577	13.389358	12.646369	13.077789	12.910387	12.651943	12.556043	13.002402	12.593575	12.768209	13.066477	12.462725	12.432588	12.520339	12.829755	12.954677	12.514445	13.270524	13.415300	13.485676	12.985008	13.546201	13.273575	12.234369	12.486085	12.615092	11.512651	11.826850	12.009860	11.587590	11.504782	11.789847
ENSMUSG00000022707	11.698377	11.744994	11.035195	11.215974	11.395692	11.990808	11.479372	11.704798	11.992512	11.279600	11.532437	11.645083	11.468450	11.587573	12.283850	11.528866	11.796062	11.928428	12.327106	12.251899	11.531941	11.901500	12.236031	12.386913	11.847223	12.151049	12.347543	12.352768	12.220874	12.706900	11.188039	10.988822	10.948317	10.422107	10.078190	10.436936
ENSMUSG00000022708	10.544670	10.544843	10.061098	10.591795	10.363329	10.885335	11.155340	10.658290	11.055027	10.366811	10.206096	10.450225	10.407868	10.144070	10.936726	10.426514	10.096979	10.654428	10.165307	9.914972	9.814902	10.199334	10.589537	11.049564	10.226612	10.193866	10.036748	10.511417	10.245703	10.807040	10.964300	11.014117	10.739043	11.755125	11.815271	11.410151
ENSMUSG00000022718	12.948289	13.045407	13.020299	12.962696	13.023086	13.301869	13.091381	13.267792	13.302518	12.841386	12.899975	13.127230	12.948984	13.061236	12.907166	12.915051	12.936263	13.206744	12.844426	13.063768	13.081690	13.297742	13.286697	13.562255	12.974569	13.091395	13.206832	12.836675	12.999954	12.622869	12.454041	12.535078	12.464428	11.823675	12.009936	11.972040
ENSMUSG00000022721	13.544726	13.623169	13.544082	13.347144	13.483794	13.645607	13.731691	13.664489	13.755965	13.306113	13.431164	13.596273	13.423856	13.565344	13.532557	13.482265	13.418714	13.389486	13.484040	13.597632	13.523391	13.522549	13.513951	13.715906	13.323017	13.523723	13.634441	13.426552	13.304357	13.201076	12.860553	12.908608	13.043914	12.521039	12.672581	12.567167
ENSMUSG00000022742	12.649896	12.682422	12.670612	12.520075	12.661279	12.360245	11.989538	12.383855	12.254255	12.589698	12.727052	12.524829	12.598333	12.715723	12.615484	12.587254	12.861111	12.968503	12.816873	12.948869	12.816657	12.814274	12.864813	12.556127	12.879147	12.794376	12.751061	12.257299	12.701940	12.310650	12.159915	12.259611	11.977701	11.498827	11.914468	11.920269
ENSMUSG00000022855	12.835773	12.874036	12.778680	12.952191	12.808368	13.310963	12.526366	13.113879	13.359732	12.874616	12.834324	13.173652	13.050432	13.100695	12.887919	12.935847	12.879803	12.735847	12.735148	13.188335	13.046017	13.141084	13.130387	13.504637	12.808477	12.870966	13.250793	12.834409	12.947777	13.204183	12.971734	12.887264	12.939807	13.057972	13.207604	13.270983
ENSMUSG00000022895	10.374902	10.356684	10.404395	10.515396	10.596601	10.139298	9.999811	9.862745	9.603884	10.298662	10.429474	10.207290	10.504114	10.213215	10.012047	10.284335	10.408587	9.960345	10.431040	10.316455	10.364803	10.395874	10.625272	9.900122	10.439210	10.281585	9.825792	10.578211	10.411039	10.503499	12.154204	11.867064	12.118596	12.481828	12.294578	12.020199
ENSMUSG00000022897	13.106184	13.101698	13.155703	13.271646	13.187610	13.067687	13.140478	13.163995	12.895669	13.199682	13.260078	13.125711	13.311962	13.291402	13.011012	13.172897	13.331706	13.091514	13.086616	13.217126	13.212778	13.516562	13.380310	13.359903	13.499451	13.340972	13.256262	13.378060	13.465371	13.156926	13.401485	13.390539	13.379222	13.364078	13.486423	13.410871
ENSMUSG00000022941	6.534150	4.944071	5.951306	7.627457	5.539227	7.610883	6.135790	7.096891	7.907232	6.634080	6.782306	7.896301	5.653037	6.547226	7.868004	7.038036	7.302404	7.772323	7.518160	7.178751	6.380364	6.431307	7.106614	7.589527	6.758679	7.953569	6.462646	6.021362	6.199641	8.268433	5.274654	5.864681	5.993848	5.727341	5.427578	5.970740
ENSMUSG00000022951	9.864503	9.995418	10.109702	9.925579	9.818582	9.652139	10.295713	9.714401	9.102621	9.999631	9.686805	9.699828	10.227079	9.990031	9.328657	10.048299	9.984098	9.621332	9.883366	9.711055	10.146654	10.224346	9.959506	9.998927	10.500121	9.870331	10.077329	10.328111	10.324867	10.078781	10.417925	10.354974	10.551431	10.726805	10.220102	10.498950
ENSMUSG00000022952	13.981583	13.803092	14.010966	14.258273	14.100546	13.902085	14.442909	13.854737	13.919378	13.928642	13.772990	13.673735	14.092853	13.634505	13.746925	13.982526	13.719851	13.883410	14.146623	14.150084	14.295153	12.779426	12.871774	12.742570	12.703243	12.478798	12.056670	13.268960	13.405455	13.264512	14.292205	14.276099	14.203430	14.246227	14.469873	14.062484
ENSMUSG00000022965	12.149210	12.158270	12.155573	11.813042	12.144887	12.016712	11.565174	12.080677	12.009549	11.497014	11.745971	11.658672	11.623777	11.891142	11.835219	11.550773	11.915418	11.713046	12.397439	12.352450	12.205378	11.779037	11.549688	11.639229	11.603155	11.738094	11.714388	11.775394	11.657352	11.640068	11.911737	11.894887	12.328883	12.098419	12.040640	12.423660
ENSMUSG00000023010	14.997339	14.884709	14.905098	14.905210	14.981853	14.874333	14.696139	14.856052	14.733361	14.869191	14.843353	14.782130	14.870580	14.894639	14.773261	14.816646	14.867361	14.704131	15.119987	15.232887	14.979001	15.258899	15.214707	15.150384	15.480105	15.332994	15.352210	15.445419	15.451433	15.327612	15.409788	15.311106	15.451736	15.379642	15.379608	15.390720
ENSMUSG00000023034	10.328838	10.035408	10.226939	10.339225	10.379549	9.826937	10.737158	10.306864	10.016867	10.358936	10.433536	9.778279	10.404132	10.257423	9.517064	10.592876	10.591097	9.989196	11.029900	10.801950	11.053116	10.302653	10.629249	9.971395	10.444308	9.740311	9.603433	10.049818	10.685506	10.927990	10.631475	10.641356	10.235622	10.795855	10.408199	10.440677
ENSMUSG00000023067	14.891635	14.737124	14.817620	14.896839	14.701818	14.482634	14.993638	14.424185	14.436286	14.918106	14.518407	14.478541	14.812151	14.333087	14.322824	14.671839	14.521953	14.443102	14.466214	14.425496	14.372622	15.418108	15.364750	14.913984	15.732009	15.256536	15.179942	14.790281	14.774527	14.735896	14.463773	14.232547	14.195840	14.024752	14.107143	13.672252
ENSMUSG00000023088	11.123210	11.087528	11.297206	11.167406	11.114649	11.180676	11.524663	11.124719	11.204631	11.199460	11.088148	11.175052	11.398950	11.302078	10.997937	11.362909	11.262655	11.263861	10.893771	10.923593	11.279156	10.657808	10.800497	10.412852	10.458710	10.432316	10.004523	9.830521	10.240573	9.770129	9.629022	9.697660	9.417418	9.391377	9.679993	9.318450
ENSMUSG00000023169	14.376826	14.313130	14.502586	14.437619	14.364880	13.833125	14.128347	14.133600	13.840024	14.507731	14.366172	14.154529	14.408668	14.234566	13.923454	14.345203	14.424244	14.275154	14.580045	14.482221	14.647976	14.724888	14.532313	14.058904	15.027905	14.857695	14.391285	14.729053	14.839006	14.661369	14.783802	14.949698	14.721952	14.813772	14.829929	14.811831
ENSMUSG00000023175	15.022235	15.100486	14.720998	14.484686	14.738771	14.968190	14.604522	14.871214	14.977081	14.616882	14.814825	14.762352	14.593367	14.978678	14.989480	14.807459	14.946660	14.736995	15.118155	15.313453	14.653691	15.277825	15.409950	15.381439	15.216407	15.375161	15.253037	14.936327	15.158406	14.828135	14.195855	14.183958	14.063058	13.627570	13.571402	13.703595
ENSMUSG00000023272	13.620468	13.770700	13.990241	13.583602	13.741241	13.797000	13.324534	13.658067	13.537218	13.528730	13.817989	13.814925	13.660127	13.961654	13.772374	13.735592	13.803074	13.761553	13.408704	13.629254	13.689043	13.797773	13.580838	13.767466	13.117280	13.360023	13.189290	13.333649	13.358155	13.216915	12.834476	13.209858	13.200118	12.819962	12.968962	12.738183
ENSMUSG00000023328	10.610676	10.468885	9.667737	9.972719	10.521963	9.722777	10.449435	10.581411	9.945541	10.425600	10.754953	10.171365	10.261564	10.622900	10.608334	10.342228	10.742457	10.644015	12.079044	12.441186	11.368887	11.252892	11.616942	11.000485	10.717968	10.737318	9.998285	9.839238	10.611472	9.246337	9.940724	9.875139	9.717200	10.137698	10.705132	10.461922
ENSMUSG00000023391	8.642888	8.816887	8.950149	8.346507	8.751272	7.947961	8.200843	8.134074	8.213341	8.443437	8.499337	7.858468	8.271522	7.846260	7.710140	8.350875	8.262793	8.500785	7.963002	7.346438	7.993364	7.295365	7.015245	6.648942	6.865601	6.162276	7.120078	7.007204	6.720115	7.919201	8.070038	7.706276	8.278061	8.605876	8.138686	8.530380
ENSMUSG00000023781	6.463585	7.459911	5.187624	5.362211	7.127606	7.050243	5.924800	6.606732	7.483419	6.231260	7.141176	6.759466	6.154165	6.596542	6.980316	7.281495	7.285770	7.887974	8.316521	8.707960	7.856528	5.914434	6.727505	6.448640	4.893556	5.357557	6.632792	5.920487	5.599337	6.303664	6.546354	5.236879	5.588150	5.572483	6.757808	5.776778
ENSMUSG00000023942	13.788901	13.954628	14.007238	13.771707	13.840147	13.749285	14.142132	13.825673	13.822932	13.910533	13.997487	13.907371	13.928793	13.880179	13.943418	13.936346	14.050644	13.975673	14.022815	13.990085	14.193696	13.833962	13.818186	13.734928	13.307684	13.081975	13.071702	12.958539	13.100936	13.059788	12.344746	12.264865	12.083907	11.965994	12.049135	11.796286
ENSMUSG00000023944	18.703988	18.681102	18.791535	18.600525	18.616473	18.363620	18.110025	18.455964	18.376094	18.813484	18.746573	18.578114	18.766723	18.912293	18.426785	18.571394	18.721793	18.296038	19.012071	19.171624	19.151816	18.992441	18.873644	18.548718	18.909005	18.623398	18.577764	18.637408	18.817138	18.468038	18.725858	18.703324	18.604979	18.493426	18.510353	18.650898
ENSMUSG00000023951	12.727407	12.908667	12.661670	12.004265	12.787280	12.511399	11.659640	12.750891	12.656666	12.316478	12.853545	12.251469	12.391223	13.315664	12.823333	12.460403	13.073163	12.416295	12.647040	13.049437	12.201346	12.248707	12.277741	11.744480	11.806908	12.005090	12.002358	10.985277	11.460512	10.928304	9.890080	10.323352	9.678871	9.365754	9.946768	9.173813
ENSMUSG00000023994	13.505601	13.563463	13.561907	13.208370	13.332398	12.908399	13.251574	13.197730	12.765792	13.451417	13.321178	13.172321	13.355535	13.200547	12.997234	13.395660	13.374269	13.340347	13.550652	13.428923	13.594210	13.197553	13.171403	12.907428	12.970729	12.925207	12.551194	12.716558	12.936660	12.715964	12.950869	13.074062	13.053902	12.797037	12.798716	12.834935
ENSMUSG00000024012	14.280313	14.439875	14.110110	14.150809	14.304186	14.532724	14.577849	14.375794	14.542272	14.247921	14.305824	14.535664	14.229126	14.197599	14.525133	14.366405	14.390754	14.572920	14.293998	14.373129	14.169453	14.481210	14.519549	14.709233	14.517141	14.595145	14.678152	15.023999	15.043552	14.927081	14.918958	14.738693	14.771549	14.539758	14.529542	14.651103
ENSMUSG00000024030	12.607532	12.346128	12.344093	12.182226	12.489213	12.292719	12.086221	12.062900	11.956863	11.791271	11.543180	11.317561	11.944248	11.802013	11.550145	11.729757	11.591358	11.387228	12.033536	12.072888	11.799389	12.752376	12.589603	12.186422	13.221036	12.885705	12.811765	13.763567	13.880048	13.698359	14.177560	14.144295	14.250381	13.891139	13.707407	13.797816
ENSMUSG00000024049	9.505777	9.367962	8.767178	9.253457	9.353817	9.751079	9.420503	9.517145	9.783400	9.406373	9.415560	9.552340	9.073326	9.500680	9.748660	9.840706	9.687925	9.923871	10.534409	10.855745	10.186580	10.104917	10.302484	10.307319	8.468982	8.901480	8.103555	6.383342	6.683508	6.087849	6.515743	7.193522	6.537299	6.470225	7.113003	6.178216
ENSMUSG00000024079	11.602785	11.409349	11.843695	11.694584	11.831744	11.955178	11.544697	11.814785	11.746754	11.720972	11.774402	11.675276	12.044160	12.504116	11.971506	11.740806	11.636388	11.089245	11.671286	12.160266	11.709707	11.596318	11.207422	11.053919	10.709055	11.162370	11.116560	10.052928	10.330267	8.843220	10.061637	10.483652	10.118598	10.191836	10.310255	9.916466
ENSMUSG00000024122	12.219023	12.019762	12.414243	12.206513	12.158358	11.501888	11.968358	11.797432	11.141624	12.353387	12.165056	11.740437	12.118528	11.873450	11.594711	11.989203	11.942490	11.691535	12.285888	12.028338	12.372455	11.927146	11.823378	11.261741	12.472233	11.970890	11.909129	11.668414	12.155552	11.931044	12.292676	12.053214	12.077939	12.081271	11.752067	12.024036
ENSMUSG00000024130	12.245321	12.203479	12.018746	12.118618	12.062802	11.944453	12.458700	12.201208	12.136609	12.286623	12.226514	12.088778	12.241554	12.113360	12.093046	12.371733	12.189887	12.161825	12.073025	12.075220	11.971275	12.073387	12.169236	12.177657	12.207497	12.290837	12.289648	12.509596	12.536378	12.560184	12.421401	12.439852	12.305896	12.517998	12.421127	12.424188
ENSMUSG00000024137	12.521759	12.469201	12.498464	12.362541	12.365735	12.948305	12.370784	12.568842	12.846759	12.219759	12.237623	12.660738	12.164848	12.332294	12.627883	12.484144	12.251202	12.880544	12.428613	12.480930	12.511753	12.576371	12.702400	13.183606	12.479085	12.902443	13.038187	12.693527	12.845147	12.624858	12.700160	12.802323	12.961481	12.804485	13.058726	13.145173
ENSMUSG00000024190	9.752105	9.540207	10.280698	10.866188	9.954181	9.072714	10.748759	9.854690	9.282308	10.541746	11.328038	9.691278	11.694276	11.284621	10.629683	11.532929	11.535475	10.935770	9.143592	9.375711	9.637261	10.587654	9.602569	9.431438	11.212754	10.157070	10.784721	12.546385	12.696126	10.581558	12.892232	12.868816	11.835482	12.097773	12.703610	11.766206
ENSMUSG00000024206	10.867219	10.934211	10.804410	10.598609	10.605665	10.197966	10.889483	10.521248	10.412587	11.125254	10.867478	10.675666	10.774243	10.525793	10.624158	10.909949	10.919641	11.000396	10.789469	10.513059	10.816179	10.679448	10.723410	10.662920	11.198388	10.717460	10.732436	11.306352	11.150516	11.472108	11.351228	11.181285	11.252505	10.944470	10.970774	10.791588
ENSMUSG00000024222	14.314638	14.367094	14.210631	14.277840	14.152970	13.807616	14.123971	14.117551	13.767931	14.475785	14.399686	14.135947	14.290664	14.089859	14.016976	14.308404	14.341298	14.410201	13.815611	13.751702	13.810011	13.690807	13.835288	13.598372	13.729866	13.675310	13.680975	13.554031	13.601305	13.511825	12.852684	12.919138	12.775693	12.284738	12.401835	12.235986
ENSMUSG00000024235	5.293579	5.598236	5.268877	6.190923	5.576281	7.044440	5.470411	5.843266	5.516991	5.570447	5.322375	5.226255	5.878358	5.507079	6.791785	6.266662	6.266255	7.136836	4.627140	5.537797	4.577872	3.272252	3.977885	5.662340	4.550883	3.862276	4.932910	5.016568	3.749195	5.560250	4.628486	5.294737	5.272082	5.770830	5.518210	4.304816
ENSMUSG00000024238	12.036762	12.015730	12.274653	11.971262	12.032365	11.934488	12.210558	12.017533	11.871395	12.115727	12.279299	11.988456	12.274687	12.272601	11.816526	12.220758	12.221882	11.683131	12.094330	12.219811	12.450900	12.493182	12.454723	12.322250	12.509475	12.348885	12.313462	12.146273	12.487666	12.376655	11.910419	12.031774	11.764520	12.135892	11.934211	12.078425
ENSMUSG00000024308	13.128644	13.041801	13.086656	13.132320	13.027639	12.766736	12.986402	12.958348	12.685871	13.161320	12.994330	12.956893	13.213344	12.905321	12.882765	13.109981	12.968219	12.934701	12.808836	12.690438	12.810373	12.794440	12.732924	12.500003	13.070956	12.904747	12.760181	13.303775	13.285377	13.456639	13.627806	13.459943	13.584972	13.963953	13.777340	13.725117
ENSMUSG00000024330	10.269201	10.374449	9.675405	10.110095	9.892045	10.804458	9.794366	10.310664	10.731356	9.882657	9.970391	10.479739	10.006200	10.236899	10.521793	10.489655	9.936005	10.208856	10.271974	10.985803	10.040922	10.716304	10.830848	11.531827	10.251446	11.119304	11.194740	10.401379	10.694907	10.304682	10.375446	10.521314	10.107375	10.283186	10.815260	10.434129
ENSMUSG00000024334	8.877690	8.506834	8.155927	8.397488	8.495376	8.907305	8.838132	8.665438	8.908754	8.090716	7.897658	7.474019	8.292867	7.876621	8.250579	8.724638	8.537823	8.750198	9.858077	9.898419	9.058308	9.952827	9.975803	10.249707	11.144303	10.965598	10.800523	12.975795	12.595356	13.023257	13.493401	13.341959	13.343391	14.015243	13.473575	13.760080
ENSMUSG00000024339	13.804292	13.786241	13.809780	13.912149	13.645633	13.813984	13.766026	13.747002	13.810691	13.792753	13.551119	13.725013	13.709273	13.543821	13.822328	13.779008	13.503153	13.719772	13.746538	13.662485	13.573278	13.583577	13.706904	13.901936	13.462038	13.642635	13.752893	13.406289	13.251449	13.345888	13.750470	13.695194	13.915067	14.002753	14.185434	14.016820
ENSMUSG00000024360	14.682207	14.659997	14.843915	14.835170	14.806495	14.840093	14.753559	14.740237	14.716761	14.833884	14.928733	14.890320	14.814717	14.968289	14.920436	14.780725	14.964788	14.862228	14.682146	14.673148	14.710318	14.657045	14.591667	14.533071	14.412242	14.434572	14.657545	14.170346	14.079016	13.851863	13.801952	13.814001	13.984252	13.747202	13.699090	13.711432
ENSMUSG00000024381	13.939092	13.805308	14.050335	13.707766	13.615217	13.740485	13.444076	13.666837	13.590099	13.885306	13.695893	13.704989	13.934590	14.010382	13.737097	13.753440	13.553128	13.329508	14.246912	14.466252	14.254613	14.093646	13.732314	13.884538	13.708537	13.620946	13.870298	13.857776	13.661835	13.291783	13.801453	13.907695	14.015279	14.219845	13.992438	14.316172
ENSMUSG00000024391	6.157155	6.662662	6.173792	6.092080	7.224216	6.592442	7.076571	7.157409	6.973732	5.566211	6.290500	6.765377	6.974956	7.061963	8.242814	7.353780	7.103975	7.215295	6.360909	5.825948	6.220311	6.360769	6.436154	6.778789	6.022307	6.570740	5.539557	7.203589	7.732692	7.531623	7.343258	6.435777	7.182420	6.404191	6.692110	6.354047
ENSMUSG00000024393	17.131683	17.063135	17.405614	16.996104	17.141885	16.693542	16.611935	16.807525	16.621513	17.181459	17.020247	16.896117	17.033003	16.954783	16.630277	16.935737	16.902116	16.925281	17.082953	17.063012	17.336093	17.036179	16.984467	16.722276	17.123320	16.895321	16.628829	16.840884	17.102429	16.911493	16.857379	16.939035	16.784255	16.852628	16.898196	16.840146
ENSMUSG00000024399	11.557504	11.446984	10.838106	10.802650	11.422250	11.518884	10.976379	11.833093	11.760859	11.211048	11.891373	11.737369	11.170562	12.013892	11.905224	11.678925	12.155497	11.808674	10.917084	10.880944	9.929876	11.613639	11.795836	11.620986	12.661849	13.381603	13.442233	12.711659	12.986251	12.682161	11.812001	11.583559	11.768072	12.828222	12.769821	12.882042
ENSMUSG00000024401	13.087109	13.203465	12.741582	12.269390	13.008276	13.272210	12.636176	13.701866	13.170720	13.039240	12.763679	13.332926	11.902275	12.850358	13.005987	12.189050	12.884053	13.418842	12.806000	12.803203	12.499425	11.904145	12.568734	12.231234	11.835896	12.824804	11.714637	9.130671	10.627036	10.038034	7.707170	9.452235	9.002314	8.109735	9.284556	8.521092
ENSMUSG00000024413	10.989145	10.826239	11.066468	10.907684	10.876607	10.678882	10.968261	10.669253	10.572680	11.065899	10.929058	10.682422	11.079352	10.968639	10.457659	10.930014	10.852764	10.390977	10.676871	10.763675	10.946409	11.114877	10.898859	10.763247	11.201846	10.975671	10.735459	11.164036	11.009123	10.774214	11.112507	11.239785	11.155618	11.541208	11.304099	11.378394
ENSMUSG00000024431	12.096571	11.955654	12.192457	12.223641	12.099954	11.871066	11.948932	11.942097	11.869965	12.182527	12.000323	11.932701	12.030377	11.922692	11.651576	12.051248	11.935846	11.850318	12.301471	12.141502	12.387376	12.513936	12.389346	12.302737	12.620084	12.368207	12.387309	12.677233	12.559853	12.593957	12.959482	12.885896	13.102909	12.974872	13.018759	13.070187
ENSMUSG00000024454	14.064965	14.088667	13.938545	13.871706	13.952964	13.991468	14.146690	14.055792	14.220910	14.067875	14.036360	14.094052	13.938383	13.932603	14.107197	14.073961	14.109530	14.288720	14.006097	13.952112	13.938548	14.160173	14.348165	14.261665	14.316501	14.358268	14.455726	14.441141	14.500418	14.508289	14.362840	14.268897	14.224793	14.052807	14.206089	14.108038
ENSMUSG00000024513	13.525361	13.558804	13.380994	13.696796	13.640192	13.936087	13.637046	13.829770	14.134937	13.536312	13.631737	13.753120	13.613389	13.698451	13.898072	13.502503	13.753763	13.571013	13.279131	13.547785	13.394579	14.068775	13.811896	14.038907	14.271691	14.263199	14.518182	14.748059	14.638789	14.783658	15.217137	15.054255	15.155312	15.143169	15.404092	15.385877
ENSMUSG00000024515	12.769872	12.609472	12.721023	12.421516	12.556191	12.452431	12.590682	12.510905	12.508986	12.512592	12.624376	12.434943	12.417152	12.358498	12.369955	12.718362	12.656624	12.790367	12.776394	12.546045	12.770329	12.514245	12.634781	12.720587	12.697870	12.679145	12.615692	13.025395	12.868241	13.081471	13.306680	13.014944	13.168359	13.331419	12.973227	13.257631
ENSMUSG00000024561	13.584693	13.535223	13.621403	13.389571	13.603718	13.132116	13.436629	13.354948	13.025227	13.566204	13.334316	13.280771	13.418694	13.203541	13.046916	13.408715	13.319053	13.283389	13.376582	13.225341	13.460134	13.331057	13.204870	12.995601	13.562305	13.407981	13.214339	13.799653	13.673338	13.821424	14.129484	14.065255	14.318488	14.448398	14.185592	14.305978
ENSMUSG00000024563	12.171307	12.010710	12.306886	12.142747	12.308070	12.337562	12.009681	11.974825	12.100183	12.269765	12.238459	12.150180	12.269120	12.329172	12.524413	12.139847	12.306224	12.196579	12.089391	12.086611	12.190615	12.345911	12.233718	12.029415	12.240222	12.194294	12.522376	11.951299	12.164349	11.906929	12.084196	11.974419	12.029643	12.117068	12.178328	12.170006
ENSMUSG00000024608	16.206194	16.240077	16.057615	17.468808	16.246617	17.474466	16.601473	16.624783	17.175543	16.299814	16.385253	16.987685	16.229959	16.740371	17.506518	16.309932	16.206106	16.259412	16.106347	16.410621	15.799592	16.617604	16.595143	17.579718	16.211175	16.816852	17.098547	15.965613	15.924404	15.842741	15.968237	16.020968	15.721494	15.860926	16.437092	16.126895
ENSMUSG00000024640	15.265507	15.132389	15.187168	15.234183	15.243549	15.092467	15.219150	15.250662	15.147718	15.394694	15.256653	15.313791	15.307875	15.231563	15.118399	15.317867	15.329162	15.281227	15.323313	15.274643	15.227344	15.210634	15.252687	15.112725	15.092640	15.121292	14.919361	14.720908	14.686334	14.704359	14.644477	14.665696	14.871455	14.406078	14.464977	14.332843
ENSMUSG00000024654	13.360810	13.254192	13.277308	13.300608	13.145584	13.090615	13.335018	13.387551	13.220510	13.338717	13.355896	13.174738	13.284135	13.274301	13.301214	13.427458	13.192700	13.179231	13.385465	13.192328	13.107441	13.351938	13.285134	13.323538	13.449243	13.531216	13.567519	13.770674	13.659614	13.557663	13.669574	13.772165	13.705995	13.748592	13.563136	13.733842
ENSMUSG00000024659	10.977447	11.167760	10.858259	11.025924	11.023572	11.354813	10.892108	10.952508	11.067413	10.827157	10.629198	11.181182	10.878122	11.143273	11.047725	10.857702	11.018333	10.404408	12.743092	12.894601	12.269870	12.499016	12.333533	12.242103	11.874792	11.686357	12.004863	12.344810	12.012191	11.831227	12.171057	11.950029	12.107364	11.929315	12.066999	12.011048
ENSMUSG00000024661	21.851470	21.570716	21.838096	21.631062	21.807532	21.080072	21.720063	21.399583	21.083007	21.441224	21.457110	21.241839	21.845537	21.751269	21.419731	21.392507	21.440593	21.370820	21.446441	20.982825	21.380043	21.106054	21.358099	20.605270	21.172466	21.198845	20.546263	21.401565	21.643727	21.384850	21.444172	21.229160	21.121021	21.132537	21.445235	21.052603
ENSMUSG00000024669	8.281698	8.412833	8.009332	8.688982	8.110025	8.370445	8.174424	7.708265	7.850978	8.102268	8.101809	7.686898	8.708382	8.479031	9.396081	8.825271	8.554037	8.959593	7.864831	8.235550	8.230553	8.241721	7.886602	8.280229	8.995160	8.551320	8.384355	9.697248	9.736563	9.328852	9.289504	9.519571	8.819859	8.803502	8.331563	9.275051
ENSMUSG00000024778	6.698551	6.378572	5.774825	6.703016	7.068450	6.406921	6.436201	6.698148	5.858832	6.490454	6.843966	6.210029	6.890098	6.893872	7.942386	5.412115	5.833775	6.257386	6.131083	6.748969	6.722456	7.121241	6.350484	7.401512	7.331823	7.454899	6.810084	7.303062	7.657163	6.729871	7.975163	7.826391	8.612207	8.593265	8.386607	9.088481
ENSMUSG00000024789	11.860028	11.774374	11.716794	11.390713	11.732713	11.362682	11.816772	11.547368	11.377684	11.876925	11.590277	11.421290	11.917207	11.625978	11.114537	11.702194	11.594191	11.492526	12.099810	12.067736	12.096661	11.884143	11.882478	11.455580	12.200706	11.987952	11.824445	12.427990	12.266453	11.997674	12.701370	12.584847	12.758104	13.241098	12.867793	13.012065
ENSMUSG00000024833	14.621407	14.730728	14.695841	14.587294	14.537201	14.570536	14.626741	14.610615	14.691008	14.743904	14.668983	14.712307	14.700683	14.565566	14.570856	14.664920	14.704234	14.759359	14.572894	14.621017	14.803993	14.679895	14.724102	14.684855	14.834248	14.652630	14.761803	14.706850	14.800106	14.906944	14.721263	14.673526	14.675234	14.243950	14.393305	14.382378
ENSMUSG00000024853	16.110758	15.868875	16.183624	16.028346	15.990804	15.474028	15.549806	15.728040	15.474486	16.173927	16.021188	15.671097	16.063715	16.015674	15.501477	15.960803	15.877202	15.617142	16.221991	16.131435	16.143732	16.067965	15.927408	15.484984	16.245545	16.010864	15.832099	16.177701	16.063478	15.865033	16.361743	16.367889	16.357619	16.428713	16.164591	16.353653
ENSMUSG00000024900	12.787308	12.605265	13.199983	12.664904	12.623828	11.968755	12.230551	12.279021	11.852721	13.112843	12.664060	12.267060	13.024417	12.762927	11.788933	12.857085	12.721923	12.128740	12.412193	12.469427	12.813814	12.962049	12.383343	11.919706	13.539630	12.806848	12.939176	13.373104	13.423410	12.961924	13.980390	13.995768	14.110855	14.191660	13.983956	14.243875
ENSMUSG00000024913	11.808685	11.820547	11.991390	11.652176	11.791126	11.284406	11.715623	11.688509	11.163902	12.054028	11.985730	11.673848	11.860393	11.635888	11.398001	11.873855	11.835664	11.831456	12.555133	12.396894	12.598182	12.374568	12.349424	11.943113	12.504028	12.421475	12.142240	12.462114	12.664616	12.305017	12.306164	12.439851	12.156674	12.276569	12.250872	12.070147
ENSMUSG00000024927	13.846290	13.766695	13.874728	13.895087	13.845551	13.643364	13.724934	13.532189	13.408099	13.914323	13.691632	13.599900	13.777787	13.594880	13.723959	13.714792	13.683829	13.608236	13.969284	13.798316	13.863582	13.796652	13.768466	13.625295	14.132817	13.923949	13.590221	14.167853	14.167167	14.279661	14.286177	14.314389	14.269159	14.395726	14.203833	14.410706
ENSMUSG00000024939	6.561025	7.005846	7.733241	6.594946	6.368464	5.861320	6.748543	6.514210	5.787697	7.077428	7.535465	6.282946	6.530408	7.119992	6.654538	7.423754	7.505155	7.659204	5.893482	5.864931	6.234911	5.653115	6.651192	6.663482	6.858442	5.259178	6.109105	5.897357	7.366555	5.843552	6.394368	6.044346	5.217861	6.398055	6.009190	7.063799
ENSMUSG00000024953	14.215630	14.264762	13.997122	14.345406	14.315433	14.562050	14.355112	14.492320	14.628066	14.152803	14.233543	14.407402	14.336391	14.546707	14.532734	14.272380	14.332059	14.231210	14.146016	14.322210	13.929715	14.669900	14.550967	14.555960	14.671034	14.843691	14.943823	14.727267	14.816423	14.560400	14.151294	14.147284	13.947543	13.773397	13.879434	13.894251
ENSMUSG00000024955	12.447815	12.408410	12.527747	12.573015	12.551002	12.950382	12.512514	12.641935	12.767336	12.379176	12.621043	12.843073	12.347558	12.689262	12.864623	12.501396	12.478350	12.821853	12.180544	12.195655	12.241768	12.357860	12.392116	12.890399	11.950040	12.361123	12.332043	12.100182	12.017104	11.701739	11.909345	11.940179	12.037885	11.975038	12.170453	12.059666
ENSMUSG00000024959	12.522844	12.552315	12.473522	12.615099	12.367711	12.749478	12.984370	12.745270	12.772699	12.523529	12.641823	12.856225	12.557999	12.637908	12.887495	12.548357	12.539777	12.783170	12.574084	12.499195	12.566813	12.747400	12.775216	12.964545	12.816155	12.994366	12.994069	12.944218	13.126547	12.602779	12.687068	12.705112	12.451118	12.477567	12.555860	12.646848
ENSMUSG00000024962	12.863176	13.072863	12.824056	12.462476	12.875338	13.038596	12.951150	13.046223	13.204393	12.777605	12.890956	13.141816	12.711062	13.011747	13.249621	12.866585	13.114336	13.155019	12.758447	12.776715	12.813815	13.085010	13.140827	13.382330	13.264091	13.278532	12.909484	13.398107	13.591157	13.957233	12.649319	12.926838	13.012605	12.563899	12.749167	12.818061
ENSMUSG00000024968	12.919811	12.874394	12.527463	12.118099	12.492789	12.250158	12.615557	12.648174	12.802102	12.772196	12.975960	12.759330	12.665587	12.797453	12.701895	13.001630	13.146196	13.076137	12.993962	13.048406	12.687818	13.071621	13.212666	12.896703	13.601761	13.483897	13.316082	13.208021	13.396558	13.396778	12.317453	12.358823	12.161589	11.997768	11.935300	12.029022
ENSMUSG00000024974	13.979206	13.821224	14.076559	14.202573	14.008491	13.862302	13.746170	13.931666	13.836302	14.009811	14.139832	13.780333	14.238531	14.328647	13.820980	14.003112	13.893849	13.553862	13.931217	14.153833	14.055862	14.324230	14.149065	14.173209	14.217490	14.090062	14.255306	13.994601	13.904059	13.927125	13.880760	14.043076	14.020657	13.746450	13.697658	13.634933
ENSMUSG00000024975	11.288446	11.071124	10.832420	11.085077	11.138203	11.310656	11.076870	11.286088	11.477573	10.924350	11.017295	10.800419	11.183573	11.368239	11.181921	10.851746	11.022408	10.221417	11.271001	11.602811	11.062495	11.941291	11.675301	11.461760	11.466603	11.650742	12.060488	12.194287	12.158574	11.932771	13.011234	13.028233	13.211372	13.483636	13.542879	13.694841
ENSMUSG00000024978	11.151136	10.868436	11.521930	11.423948	11.279050	10.286031	11.158840	10.847297	10.305895	11.449508	11.105615	10.729698	11.282203	10.836888	10.112481	11.012175	11.178988	10.524326	11.282596	10.913058	11.546437	11.534390	11.223677	10.104340	11.994441	11.342526	10.923183	12.746756	12.659873	12.422483	14.763490	14.650892	14.700855	15.307247	14.897861	14.922852
ENSMUSG00000024985	9.785949	9.792546	9.747096	9.816604	10.082140	10.423382	10.334217	9.964016	10.443759	9.584008	9.806043	9.656010	10.131353	10.075788	10.015260	9.759786	9.756199	9.497222	9.245249	9.677233	9.543912	9.566217	9.323753	9.437434	9.168133	8.767672	9.428711	9.220013	10.052653	9.761916	9.447350	9.689245	9.609856	9.098473	9.588028	9.738722
ENSMUSG00000024986	13.629428	13.618218	13.180190	13.267886	13.568948	13.179939	13.196266	13.338521	13.029167	13.124789	13.288978	12.967936	13.253974	13.266854	13.274038	13.218975	13.394151	13.329214	14.267846	14.116017	13.791128	14.701914	14.720252	14.381831	14.790260	14.881860	14.626048	15.006828	15.181877	14.997938	15.201294	15.270801	15.214795	15.117440	15.215538	15.281618
ENSMUSG00000024987	5.707044	5.369502	4.434549	5.402432	4.332226	5.561787	7.211053	5.032791	5.726754	5.588354	4.954700	4.406148	4.731216	4.713265	5.549106	6.648002	5.899719	5.474924	5.686740	4.763456	4.866754	6.169130	5.418027	6.777964	6.077561	6.186858	8.547857	7.648741	6.392927	8.015227	7.261614	7.500719	7.509249	7.938508	6.731471	7.312621
ENSMUSG00000024997	15.573578	15.681892	15.632834	15.839410	15.667260	15.573920	15.765946	15.524594	15.613877	15.767752	15.685105	15.710978	15.570727	15.303478	15.616843	15.671081	15.808045	16.050838	15.672725	15.369874	15.650371	15.364522	15.688730	15.309078	15.551101	15.441026	15.339484	15.296598	15.399134	15.653908	15.171820	14.889747	14.687565	14.696461	14.981849	14.618190
ENSMUSG00000025014	8.160513	7.898536	8.043068	8.300965	8.210906	8.546835	6.960417	7.493641	7.673448	8.170762	7.923691	7.961877	8.130290	7.085146	7.999622	7.257619	7.208922	8.391624	8.931809	9.343598	9.336108	9.319679	9.415612	9.520752	8.328330	8.189321	9.739380	8.184198	7.933875	9.135881	8.519884	8.139261	8.575095	8.042691	7.136539	8.332250
ENSMUSG00000025025	11.497985	11.394669	11.272883	10.984770	11.197069	11.137685	11.082591	11.450512	11.537555	11.191593	11.372417	11.201819	11.240934	11.329238	11.331127	11.286866	11.375510	11.192588	11.449128	11.586577	11.079983	11.638719	11.514774	11.292375	11.869628	11.917575	12.169737	11.715814	11.704707	11.880479	11.827156	11.688172	11.763477	11.807621	11.610345	11.949559
ENSMUSG00000025037	6.057155	6.105643	6.065330	5.091904	4.514066	5.824354	6.210283	5.370156	6.641819	4.908709	6.396103	5.179474	5.030493	5.652294	6.110122	4.360956	5.416351	6.369079	4.152306	4.324689	6.148903	5.029036	6.030310	8.018371	4.797422	4.897081	7.314417	6.001999	5.002028	7.069350	6.088730	5.678670	6.357055	5.661691	5.244877	6.571935
ENSMUSG00000025127	5.619958	5.780400	5.429057	5.974273	6.214807	6.243981	4.511954	6.087443	6.249289	6.407773	5.937038	6.907316	6.531365	5.848925	4.675207	6.156320	5.651192	7.548391	8.991517	9.042950	9.034828	8.585414	8.734448	9.851067	8.526912	8.798845	9.960904	9.782620	8.072710	9.708061	8.981364	7.895600	9.241013	8.232426	7.336096	9.097633
ENSMUSG00000025130	15.698340	15.565232	15.409122	15.445206	15.471460	15.371786	15.485005	15.493472	15.396655	15.457610	15.458534	15.294600	15.407622	15.556458	15.514176	15.499046	15.493047	15.426469	16.253819	16.204922	15.740468	16.007400	16.113620	15.969711	15.816781	15.995998	15.744421	15.650107	15.539691	15.472752	15.271512	15.338566	15.247734	14.964547	14.789742	14.894310
ENSMUSG00000025139	13.221337	13.112722	13.384113	13.297416	13.283077	12.647994	13.242309	12.936242	12.487628	13.331127	13.232832	12.926195	13.245459	12.857904	12.951822	13.207665	13.155025	13.106498	13.338042	12.882163	13.283837	13.005483	13.108047	12.514485	13.531152	13.234256	12.854928	13.288587	13.427185	13.411005	13.845129	13.696310	13.634064	13.891448	13.516277	13.755887
ENSMUSG00000025153	16.037497	15.844491	16.449856	16.183828	16.351327	15.806299	15.663505	16.034523	15.794022	16.423755	16.290676	15.948352	16.167761	16.085983	15.611534	16.192152	16.185469	16.082683	16.225826	16.146837	16.431612	16.253226	16.255426	15.804784	16.709393	16.460440	16.387069	15.859752	15.809034	15.851154	16.061817	16.137622	16.363734	16.628811	16.211783	16.582827
ENSMUSG00000025203	16.936648	16.727383	16.172621	16.173718	16.741631	15.346180	15.718577	16.424727	15.642869	16.686077	16.582702	15.726156	16.414759	16.425144	15.656261	16.389665	16.762041	16.035956	17.867526	17.732443	16.888644	17.183259	17.287138	15.846720	17.709519	17.193942	16.699451	17.092031	16.909640	17.025015	17.735051	17.454004	17.653280	17.708162	17.186552	17.538495
ENSMUSG00000025223	15.107017	15.056511	15.023359	14.873687	15.125112	15.021665	14.924997	15.136093	15.107470	14.996107	15.071381	15.100158	14.980516	15.121184	15.037681	14.955310	15.158590	15.134598	14.762926	14.942785	14.842007	15.000004	14.928976	14.855976	14.807814	14.809768	14.814340	14.640324	14.832060	14.679990	14.717185	14.678865	14.744802	14.717188	14.863949	14.895957
ENSMUSG00000025225	12.201819	12.145412	12.278831	11.855586	12.091408	12.079260	11.765446	11.928834	11.811793	12.255721	12.092251	12.068468	12.168545	12.198069	11.770927	12.273810	11.904856	12.091863	12.264674	12.305487	12.326482	11.397135	11.399481	11.395906	11.221555	11.193270	10.940290	11.388188	11.542906	11.143601	12.045559	12.060715	12.037582	13.057401	12.634657	12.940683
ENSMUSG00000025283	10.649521	10.579540	10.300156	10.748555	10.825294	11.212237	10.664687	10.780381	10.836756	10.469538	10.438584	10.737507	10.785057	10.955073	10.700344	10.678682	10.642531	10.556631	10.367737	10.512285	10.213909	11.173563	11.080316	11.256243	11.152939	11.457189	11.229253	12.025000	11.748105	11.712227	12.563613	12.602327	12.772793	13.486296	13.393287	13.450291
ENSMUSG00000025316	11.796376	12.009209	11.603955	11.415166	11.440316	12.171568	11.975770	11.712210	12.414253	11.393284	11.583563	11.747960	11.556230	11.780226	12.264164	11.726990	11.764771	12.034674	11.514301	11.852061	11.526752	11.397232	11.583771	12.184221	11.064919	11.357544	11.700362	11.655990	11.511810	11.308991	11.307577	11.373890	11.288463	11.246290	11.569267	11.407802
ENSMUSG00000025323	11.120582	11.251166	11.033490	10.965536	11.057845	10.631422	10.971478	10.611349	9.993480	11.205308	10.637238	10.441709	10.656952	10.217323	9.477248	10.942893	10.452381	10.635491	11.307604	10.972064	11.583458	11.653341	11.646817	11.585851	12.447850	12.217650	11.547446	12.170627	12.067078	12.347473	12.798750	12.923460	12.927591	13.005057	12.658330	12.666538
ENSMUSG00000025358	14.562338	14.479769	14.560246	14.408718	14.473044	14.142458	14.028722	14.253148	14.038570	14.535471	14.339392	14.176498	14.484462	14.376738	13.958117	14.365386	14.421693	14.241765	14.188865	14.279054	14.310161	14.221721	14.246962	13.719840	14.498338	14.382114	14.165917	14.210963	14.350337	14.147037	14.222374	14.411476	14.368109	13.754577	13.749217	13.951827
ENSMUSG00000025359	7.827741	8.535813	7.628575	8.314245	8.389551	8.341307	8.790580	8.883866	8.721709	8.628892	8.486813	7.967310	8.417911	8.505262	9.326269	8.761345	8.961223	8.537533	7.607122	6.681023	7.004245	7.259013	7.084639	7.624734	7.475808	7.552223	7.845555	7.885756	7.665133	8.921889	7.519434	7.871350	7.070657	7.413822	7.248881	6.978640
ENSMUSG00000025373	12.127302	12.235084	12.115936	11.731664	12.144540	12.140563	12.165416	11.986239	12.094407	11.957404	11.874306	11.999721	11.996143	11.841545	12.084080	11.934993	11.890777	11.927565	12.229941	12.041272	12.192657	11.594039	11.851139	11.712969	11.792638	11.871370	11.358705	11.722983	11.902720	12.114112	11.784719	11.698682	11.777888	11.837483	11.701220	11.835045
ENSMUSG00000025402	10.606868	10.552835	10.733915	10.428109	10.535503	10.803327	10.202548	10.357344	10.522534	10.847489	10.813253	11.284439	10.614695	10.803175	10.608485	11.088823	10.804558	11.302731	9.633079	9.772410	9.930239	10.007260	10.153163	10.101914	10.294098	10.112424	10.127316	8.435425	9.379468	9.254248	8.592507	8.281291	8.405935	8.028960	8.474562	8.463850
ENSMUSG00000025408	11.995196	11.911057	11.571183	12.106813	12.418763	12.794210	12.602146	12.182831	12.692738	11.693935	12.409283	11.939200	12.943580	12.932774	12.570536	12.842592	12.595911	12.225452	11.485173	11.946598	11.574231	11.974981	11.831678	12.038186	11.206901	11.618761	11.562966	12.143439	11.992849	11.468215	11.980819	11.920738	11.436836	11.934668	12.153091	11.623123
ENSMUSG00000025410	14.963452	14.943973	14.910561	14.970362	14.964022	14.928025	15.145967	15.048078	14.980690	14.989885	14.906982	14.962416	14.926495	14.831628	14.867322	14.923010	14.936370	15.015383	15.092247	14.928065	15.047927	14.984127	15.054873	15.046015	15.023422	15.061285	14.935007	15.199743	15.156869	15.437281	15.418926	15.442192	15.507951	15.695173	15.635189	15.700836
ENSMUSG00000025431	9.928226	10.195416	10.971076	9.633516	11.311261	11.171991	7.812238	10.977506	11.577846	7.635699	10.649736	10.182369	8.314767	10.116366	9.928410	8.748694	10.693956	9.778812	7.351635	6.864960	7.947901	9.503261	10.203879	9.347137	9.523703	10.449160	8.919463	9.213431	9.053104	11.844949	8.975568	8.824344	8.817643	9.420443	9.833539	8.512525
ENSMUSG00000025433	9.559877	9.123117	9.676297	9.535025	10.256529	9.212141	9.989234	9.539783	9.196361	7.803081	9.980235	8.692446	8.218874	9.728449	8.586060	8.242239	9.443984	7.633571	6.899844	5.927690	7.101458	8.680112	9.230189	8.634015	6.022484	7.418199	5.531396	8.145551	8.498295	7.900519	5.946996	6.702526	6.176458	6.134364	6.022267	5.514500
ENSMUSG00000025473	8.089981	8.594474	7.949245	7.481979	7.245155	8.378172	7.918840	7.887949	8.278933	7.806121	7.885783	8.489796	8.143676	8.013135	8.495897	8.221364	7.849414	7.632789	7.867226	8.435363	8.217088	8.526841	8.552563	9.472973	7.732549	8.190003	8.823330	8.231425	8.080518	9.052217	8.201923	8.443425	8.140974	8.287410	8.173696	7.916347
ENSMUSG00000025489	7.432615	8.203137	7.444863	7.751984	8.646261	8.604875	8.783635	8.352073	8.500747	7.672540	8.154402	6.552283	6.961763	6.850436	5.986827	7.040120	7.280303	6.628514	8.125477	8.637538	8.979132	4.851576	6.156315	5.983613	4.917714	3.568900	5.455531	6.146849	5.186470	6.773458	6.815955	5.943304	5.236643	7.153056	4.661185	5.842917
ENSMUSG00000025498	6.319961	6.827678	6.508512	7.013678	6.405803	7.595918	4.677053	6.993722	6.711404	6.542173	6.101650	6.927146	6.648776	6.819245	7.253576	6.697362	6.540052	7.415588	6.404444	6.487821	5.337569	7.509660	7.374921	8.031145	7.839326	7.232770	8.343211	8.813015	8.197606	9.146644	9.661150	9.242388	8.905445	9.826825	9.510633	9.830418
ENSMUSG00000025574	14.469414	14.514922	14.511805	14.570211	14.392196	14.420897	14.663625	14.483857	14.387877	14.529635	14.417438	14.460175	14.503864	14.401570	14.421626	14.436355	14.380408	14.468903	14.596528	14.458122	14.585347	14.045946	14.102016	14.059956	13.908821	13.904636	13.776483	13.748142	13.791431	13.739864	13.332315	13.504668	13.311509	12.744110	12.925625	12.697904
ENSMUSG00000025577	12.888095	12.964420	12.960535	12.241736	12.725263	12.160347	11.983406	12.429917	12.263481	12.674394	12.377993	12.093636	12.637580	12.471028	11.876983	12.418623	12.419897	12.149411	12.946406	13.023707	13.033905	12.861997	12.717634	12.189115	12.993706	12.669543	12.587927	12.532554	12.412082	12.720566	12.703552	12.763615	12.791529	12.632021	12.176731	12.419680
ENSMUSG00000025612	11.326973	11.078204	11.600732	11.522292	11.237208	10.633061	10.188536	10.587953	9.550716	11.361125	11.039858	10.609525	11.229569	10.739600	10.071387	10.904472	10.997550	10.828105	11.321055	11.151565	11.581194	11.153892	10.876128	10.180134	11.563438	10.731708	10.762919	11.201068	11.112481	11.058136	12.580967	12.392857	12.492327	12.872482	12.412048	12.537685
ENSMUSG00000025650	7.884076	8.002564	7.225092	7.677145	7.483104	8.624417	8.284476	8.106419	8.066846	7.568266	7.630207	8.167400	8.011267	8.144833	8.843703	8.123495	7.557924	8.172833	7.628698	8.319477	7.674665	8.292520	8.172831	9.383152	7.977481	8.576510	9.062745	8.412587	8.472394	7.885396	8.269662	8.668982	8.509324	8.955727	9.122093	8.696568
ENSMUSG00000025747	13.690744	13.867733	13.633053	14.060655	13.684045	14.050098	14.224646	13.920647	13.934167	13.774896	13.962427	14.146952	13.892480	13.898753	14.370252	14.058521	13.933827	13.960108	13.835936	13.771325	13.753597	13.321833	13.364460	13.867489	12.777883	12.894641	12.574197	12.415321	12.466417	12.685706	11.591443	11.795291	11.552047	10.969687	11.269962	10.797562
ENSMUSG00000025758	12.569244	12.649023	12.665587	12.618896	12.600644	12.660656	12.981429	12.646065	12.620536	12.601829	12.678664	12.430997	12.523477	12.605041	12.765279	12.599178	12.498816	12.738241	12.485714	12.257527	12.426197	12.109866	11.960600	12.422694	11.839159	12.067661	12.119537	11.626665	11.314346	11.209683	11.254180	11.382349	11.231746	10.933164	10.587357	10.614595
ENSMUSG00000025823	14.038485	14.098106	14.276333	13.494366	13.839614	13.900319	13.247834	13.689931	13.802844	13.941112	13.686009	13.630015	13.956207	14.151474	13.709575	13.869803	14.011803	13.771633	13.902632	14.206834	14.024805	13.970624	13.886114	13.543229	13.611954	13.340672	13.471893	13.918877	14.061546	13.905232	13.796237	13.936398	13.778788	13.591492	13.494514	13.651232
ENSMUSG00000025860	11.856121	11.880865	11.806619	11.850855	11.776507	11.426110	11.344637	11.630334	11.334305	11.800414	11.765216	11.468432	11.853904	11.760426	11.600768	11.749978	11.631497	11.563284	11.960530	12.017445	11.854376	11.660520	11.495414	11.588904	12.034505	11.743616	11.706982	11.978601	11.809752	11.975761	12.157847	12.189965	12.326112	12.232003	12.246690	12.234991
ENSMUSG00000025880	11.730335	11.641345	11.763073	11.463623	11.837561	11.465309	11.660739	11.257968	11.337521	11.454072	11.135918	11.201798	11.519096	11.242337	11.328808	11.468516	11.111403	11.184792	12.027075	11.995915	11.984109	12.006451	12.172610	11.848523	12.167712	12.022285	12.240376	11.932340	12.185117	12.358623	12.544561	12.483404	12.873807	12.436203	12.408165	12.735234
ENSMUSG00000025907	10.642211	10.674363	10.721580	10.653104	10.669340	10.715456	10.115595	10.470043	10.664632	10.611638	10.377822	10.429084	10.765034	10.712974	10.214936	10.675022	10.448094	10.212809	10.680291	10.946369	10.780015	11.155568	10.816531	10.764407	10.776772	10.806969	11.347495	10.949779	10.605373	10.656539	10.940689	10.953780	11.102831	11.140402	11.017461	11.389209
ENSMUSG00000025917	13.298909	13.273293	13.412771	13.518099	13.409027	13.759993	13.138444	13.598971	13.795357	13.268396	13.503614	13.634624	13.345983	13.626435	13.794198	13.233473	13.353034	13.687309	13.067559	13.100941	13.070772	13.408054	13.542361	13.575294	13.355078	13.516481	13.161749	13.292962	13.337389	13.042874	12.968587	13.163538	12.978568	13.074558	13.246408	13.139577
ENSMUSG00000025937	12.258557	12.217440	12.204100	12.599826	12.480527	12.470443	12.482257	12.406312	12.668152	12.358924	12.545543	12.351803	12.284421	12.359859	12.520953	12.306363	12.460174	12.363965	12.529028	12.540158	12.314681	12.868215	12.820382	12.727503	13.087144	13.092899	13.318999	12.745695	12.668622	12.560530	13.223035	13.022771	13.084363	12.967002	13.085598	13.025271
ENSMUSG00000025958	13.429364	13.272452	13.451154	13.129737	13.229601	12.728398	13.133708	13.114951	12.899554	13.305506	13.204153	12.898495	13.218264	12.981078	12.919460	13.187290	13.234372	13.150612	13.646727	13.454505	13.417865	13.400019	13.317449	12.828474	13.494168	13.213836	13.110867	13.450317	13.530042	13.393563	13.750951	13.688954	13.647112	13.793203	13.695794	13.754648
ENSMUSG00000025986	12.238957	12.254967	12.411728	12.010890	11.999287	11.693627	12.239955	11.945041	11.716743	12.617023	12.568805	12.417673	12.289265	12.248828	12.202256	12.575085	12.650757	12.624074	12.684641	12.517060	12.533693	11.738192	11.794889	11.482043	11.695645	11.701752	11.753676	11.323764	11.408906	10.854834	11.173936	11.141769	11.060017	11.074185	11.012855	11.006721
ENSMUSG00000026021	14.847275	14.870126	14.716438	14.821436	14.826968	15.008342	15.170756	15.041879	15.234645	14.736923	14.837503	15.021618	14.848691	15.047965	15.089479	14.753726	14.945536	14.699491	14.810349	14.903069	14.799248	15.040518	14.905925	15.057133	14.723100	14.886019	15.037025	14.788442	14.712114	14.769785	14.365971	14.501911	14.538969	14.475031	14.437487	14.677927
ENSMUSG00000026029	13.225506	13.255809	12.987509	12.819034	12.961325	13.797136	13.201304	13.281525	13.844445	13.069255	12.951766	13.433113	13.201062	13.376380	13.543863	13.182307	13.148402	13.208622	13.011309	13.427358	12.965638	12.787957	12.937457	13.308232	12.970224	13.062013	13.839047	13.337883	13.282739	13.274467	13.048623	12.965116	13.153700	13.203973	13.324746	13.217782
ENSMUSG00000026031	12.697579	12.616122	12.300624	13.329029	12.827663	14.128240	13.737370	13.477963	14.714541	12.540931	13.217258	13.714729	12.565002	13.175649	14.782905	12.943732	13.068908	13.663132	12.754714	12.684382	12.356538	12.612020	12.734708	13.823677	12.131684	13.128402	12.801166	12.325969	11.874232	12.698936	11.693171	12.077932	12.237747	11.616286	12.308658	12.065059
ENSMUSG00000026036	12.086986	12.100062	12.364335	12.369904	12.152162	12.013685	12.300062	12.368421	12.263611	12.493185	12.466005	12.351702	12.450838	12.416318	12.027787	12.272906	12.450377	12.399636	12.067486	12.038384	12.238979	11.897251	11.947895	11.729435	11.620783	11.557520	11.755619	11.670517	11.544945	11.378439	11.186746	11.464552	11.207355	11.180584	11.340823	11.252332
ENSMUSG00000026104	11.068446	10.835831	11.209385	11.042964	10.915585	10.551483	10.671201	10.674406	10.232480	11.317693	10.894174	10.630985	11.422690	11.119428	10.845530	11.138846	11.109087	11.058518	11.038112	11.055126	11.240491	11.110082	10.756480	10.511554	11.497767	11.296772	11.870799	11.613532	11.626828	10.950093	11.948366	11.833522	11.900259	12.320004	12.040133	12.193126
ENSMUSG00000026167	11.827663	11.721573	11.165594	11.449355	11.575734	11.693988	11.535626	11.656184	11.681879	11.641992	11.884971	11.940496	11.355295	11.722890	12.211005	11.522258	11.814375	11.789958	11.394840	11.303308	10.841777	11.013945	11.025399	10.749229	10.601828	11.076843	10.228288	9.511572	9.841860	9.035037	9.981101	9.705728	9.749341	9.310856	9.780313	9.181936
ENSMUSG00000026177	12.541142	12.605606	12.329663	12.162227	12.224862	12.388778	12.529109	12.408219	12.393988	12.022798	12.094612	12.211331	12.122735	12.123131	12.543373	12.261186	12.396448	12.519710	13.245142	13.168636	12.989298	12.975065	13.339892	13.265719	13.025878	13.268875	13.174083	12.233860	12.692438	12.804608	11.462830	11.366129	11.220722	10.437082	10.664457	10.346535
ENSMUSG00000026234	17.399006	17.378036	17.799904	17.825041	17.631688	17.238989	16.930744	17.500931	17.126265	17.462302	17.782005	17.561401	17.842223	18.205045	17.455298	17.418414	17.620865	17.121287	17.171015	17.506918	17.425618	17.584356	17.167221	17.034218	16.995567	17.045843	17.073135	16.227234	16.372437	15.910300	15.689025	16.093376	16.012108	15.555902	16.030347	15.658113
ENSMUSG00000026238	19.180496	19.242411	19.374729	19.236164	19.255251	18.450753	19.022067	18.820266	18.163568	19.319561	19.251678	18.805310	19.180238	18.881150	18.339768	19.145225	19.289500	19.062120	19.252134	18.915090	19.370187	18.818441	18.780330	17.904759	19.241984	19.022259	18.453142	19.066094	19.312577	19.030408	19.339292	19.492021	19.192524	19.193374	18.997704	19.021177
ENSMUSG00000026249	9.122901	9.223469	8.663476	9.019671	8.870265	8.815354	9.697591	8.951298	9.315366	9.068953	8.969617	9.563076	9.235152	8.902800	8.470545	9.367518	8.933055	8.703030	8.297391	8.404540	8.512848	9.357431	8.910576	9.172593	9.653792	9.697693	9.335272	10.369581	10.011951	10.052201	10.451195	10.028898	10.219369	9.685926	9.933745	9.932751
ENSMUSG00000026288	15.982790	15.827579	15.959832	16.028080	15.950697	15.752477	15.745555	15.818294	15.769566	16.135775	15.861728	15.756546	16.093317	15.945586	15.616831	15.883807	15.804327	15.686394	15.829782	15.970940	15.946936	15.425556	15.396019	15.142222	15.239238	14.960819	14.941967	15.062224	15.075739	14.741838	15.294591	15.224176	15.262717	15.372322	15.426425	15.328641
ENSMUSG00000026384	9.202387	8.909113	9.565449	9.414789	9.562421	8.982529	9.072896	9.080260	8.749861	9.441524	9.806843	8.835989	9.344003	9.316784	9.175982	9.257121	9.332598	9.696855	9.282399	9.297384	9.948451	9.649227	9.131937	9.298567	9.725604	9.536124	8.290608	9.106716	9.608904	8.486413	8.864448	9.244684	9.048185	9.086812	9.151914	8.737700
ENSMUSG00000026395	14.345049	14.236582	14.281436	14.375429	14.180189	13.870699	14.049471	14.014973	13.819112	14.346662	13.986666	13.748393	14.299287	14.145524	13.850414	14.263882	14.067926	13.885861	14.121128	14.125155	14.063798	14.392427	14.184535	14.067434	14.752760	14.480842	14.342790	14.820707	14.706851	14.468433	15.127822	15.115134	15.057821	15.196964	15.101855	15.188075
ENSMUSG00000026417	4.113230	5.757203	5.306197	5.574320	6.137149	6.155122	7.298654	6.312944	7.504691	5.893143	6.587916	6.781420	6.751652	6.240909	5.966074	6.666741	6.807667	7.427459	4.632175	4.428230	6.208464	6.267371	6.094215	6.778939	4.337348	5.010986	6.214337	4.412115	4.233553	5.438626	3.505501	3.679922	3.073695	4.157897	3.462368	4.362966
ENSMUSG00000026421	14.661175	14.641220	14.489026	14.515917	14.520581	14.418703	14.761221	14.475969	14.479308	14.660377	14.559629	14.538549	14.604915	14.418510	14.507097	14.674810	14.619241	14.629098	14.513244	14.375997	14.335897	14.443709	14.488684	14.338975	14.778724	14.733873	14.572489	14.999108	14.983050	14.994667	15.025993	14.945866	14.884115	14.794986	14.752997	14.738234
ENSMUSG00000026457	13.491255	13.531596	13.229381	13.448552	13.440223	13.416420	13.647939	13.476269	13.578454	13.410533	13.539752	13.585130	13.320610	13.294814	13.365425	13.536286	13.633923	13.542930	13.487957	13.331877	13.314009	13.135833	13.440532	13.360313	13.305889	13.400877	13.124772	13.718622	13.571034	14.037865	13.897442	13.763430	13.827545	13.992278	13.777709	14.002930
ENSMUSG00000026473	12.592537	12.542018	12.582111	12.409754	12.494413	12.129489	12.506158	12.394280	11.974911	12.615869	12.463144	12.138020	12.646012	12.353760	11.787909	12.595264	12.535978	12.099218	12.866310	12.914549	12.881291	12.623911	12.549971	12.207172	12.807894	12.521399	12.850345	13.299625	13.382440	13.460241	13.819280	13.661687	13.784396	14.014716	13.816596	13.727406
ENSMUSG00000026496	15.409381	15.233805	15.512585	15.377082	15.334675	14.933541	14.830177	15.146697	14.836413	15.487156	15.332776	15.021190	15.434888	15.425303	14.897556	15.209343	15.216905	14.790321	15.573719	15.614795	15.540966	15.430311	15.247051	14.792441	15.431573	15.202790	15.097829	15.320691	15.225570	15.043604	15.576381	15.733670	15.833652	15.782251	15.538036	15.816051
ENSMUSG00000026565	11.301714	11.381136	11.479800	11.427748	11.559311	11.169794	12.013957	11.575364	11.361803	11.386882	11.555750	11.389821	11.429596	11.207044	11.507145	11.449891	11.432652	11.781320	11.600839	11.271151	11.683468	11.389415	11.463530	11.606759	11.468610	11.361816	11.330959	11.677936	11.985066	11.778210	12.078460	11.832583	11.870936	11.654355	11.586878	11.618042
ENSMUSG00000026576	7.362085	6.959595	7.587890	8.347855	7.665768	7.552624	6.933524	7.346054	6.151281	8.195712	8.382473	7.315823	8.078129	7.604645	5.801949	8.163652	8.304813	7.847222	3.741660	4.680821	5.060816	5.095488	5.475625	5.885661	6.343634	5.926670	7.743110	4.829494	4.392657	5.454544	4.214503	4.704509	5.225478	5.066135	4.664640	4.266778
ENSMUSG00000026628	9.057392	9.350697	7.646860	8.391976	9.166081	9.787887	8.048038	9.111601	9.279773	8.958675	9.737095	8.781125	9.969164	10.186627	9.249823	10.851784	10.242715	10.359006	9.958854	10.245256	8.448853	8.276556	9.543371	9.462174	7.412896	7.576662	9.024550	8.382194	7.170798	8.330207	6.607750	6.397192	5.342503	6.962532	6.208775	4.871569
ENSMUSG00000026663	13.514222	13.367973	13.407272	13.620599	13.735014	13.206422	13.428221	13.432045	12.917627	13.638933	13.623904	13.207283	13.620941	13.434982	13.017919	13.590789	13.765494	13.426762	13.893738	13.785973	13.744928	13.725227	13.831306	13.162149	14.039845	13.764103	13.601450	14.101745	14.122281	13.986928	14.624484	14.453038	14.456133	14.666915	14.250808	14.375602
ENSMUSG00000026701	14.489500	14.592768	14.491642	14.688419	14.538140	14.858368	14.659126	14.744816	15.036137	14.496424	14.660774	14.791566	14.562520	14.663970	15.025465	14.628132	14.703587	14.763722	14.492956	14.506095	14.486614	14.360540	14.515766	14.664776	13.831175	14.068817	14.182523	13.663671	13.591723	13.811076	13.346248	13.323308	13.280358	13.157087	13.342913	13.174838
ENSMUSG00000026712	10.744075	10.791896	10.495852	10.687101	10.627314	10.755448	9.897497	10.618549	10.530460	10.834745	10.636383	10.719110	11.025174	10.845813	10.320296	10.854095	10.643715	10.447044	9.970743	10.331075	10.467056	10.116532	9.710881	9.708713	8.461682	8.240787	7.343228	9.000308	9.061031	8.887972	9.991574	9.729754	9.491911	10.128253	10.142471	9.930576
ENSMUSG00000026728	15.270142	15.136549	14.669094	14.793867	14.871800	14.922313	15.236960	14.834339	14.946813	14.755064	14.599810	14.633956	14.556339	14.425740	14.919355	14.924537	14.719167	14.961175	16.001754	15.637571	15.263006	15.068329	15.604134	15.521285	15.057344	15.159954	15.135642	15.473475	15.403982	15.863247	15.750739	15.422996	15.668294	15.890440	15.875792	15.742309
ENSMUSG00000026739	12.390916	12.127487	12.438263	12.366356	12.180963	11.619996	12.071077	12.041247	11.957426	12.289703	12.208659	11.830428	12.306263	12.200442	11.809708	12.250253	12.361200	11.980614	12.695999	12.721151	12.679060	12.441128	12.274024	11.718668	12.311758	12.194953	11.955732	12.087195	12.115687	11.900906	12.626974	12.750720	12.732379	12.436022	12.659925	12.584605
ENSMUSG00000026770	12.772270	12.539129	12.122076	12.406392	11.886183	11.738240	11.998894	11.719369	11.822751	12.408955	11.691781	11.943250	12.546390	11.816354	11.694058	12.243924	11.902730	11.762658	10.127606	10.348496	9.753904	10.109405	10.267581	9.747953	10.781898	10.123325	10.045991	12.071381	11.722688	12.021482	14.235856	13.677319	13.638469	14.612052	14.519941	14.066769
ENSMUSG00000026773	13.000952	12.907849	13.200723	13.075556	12.987045	12.296527	12.525450	12.601116	11.989401	13.001160	12.890209	12.591739	13.174611	12.916945	12.302167	12.824761	12.863184	12.399382	12.831649	12.777920	12.814615	12.173552	11.944864	11.350388	12.012545	11.454456	11.379774	12.273301	12.057980	11.714563	12.431995	12.251353	12.374306	12.336847	12.049426	12.046745
ENSMUSG00000026790	12.619117	12.538046	12.602407	12.727614	12.603049	12.319108	12.569661	12.696770	12.442123	12.501062	12.566839	12.451216	12.730525	12.667776	12.380439	12.580345	12.605677	12.278535	12.535005	12.625628	12.422553	13.069549	12.920338	12.703775	13.178555	13.138973	12.957318	12.823006	12.888011	12.762325	12.742346	12.883737	12.792164	12.613003	12.507497	12.741887
ENSMUSG00000026791	9.609100	9.440948	9.318795	9.973621	9.711535	9.425722	9.700825	9.468073	9.789867	9.635030	9.898185	9.648086	9.688425	9.385793	9.358202	9.880903	9.521127	9.940748	9.617177	9.265291	9.694651	9.822512	10.149952	10.227421	10.291021	10.299175	9.576176	10.679399	10.497865	10.918464	10.863871	10.676884	10.406136	10.691489	10.850603	10.667686
ENSMUSG00000026815	14.730975	14.730929	14.235235	14.696956	14.885255	14.720645	15.118491	14.728025	14.753205	15.024841	14.858018	14.927510	14.792826	14.631716	14.734411	14.797078	14.883694	14.946200	14.058517	14.127328	13.987729	13.085282	13.168706	12.986163	12.816169	12.658603	12.384371	12.027041	11.831687	11.660685	13.555962	13.300848	13.520360	13.153429	13.426028	12.915728
ENSMUSG00000026820	11.675614	11.627469	11.757218	11.979502	11.688281	12.275065	12.001521	11.740812	11.993243	11.637453	11.874161	11.899629	11.605295	11.910069	12.280859	11.764870	11.793882	11.727670	11.870956	11.958434	11.861978	12.228768	12.038546	12.603374	11.746256	11.850940	12.157378	11.410212	11.256311	10.740196	10.954266	10.899305	10.883685	10.808900	10.565316	10.786251
ENSMUSG00000026826	7.672129	7.462931	8.013494	6.794403	7.579210	7.613287	7.454591	7.341104	7.434744	7.644032	7.707444	7.520220	7.052057	7.351998	8.112371	7.256469	7.404784	8.038905	7.803641	7.680589	7.608438	7.548913	7.176329	6.765583	6.725768	6.805202	6.059376	6.033185	6.738541	5.352819	6.359350	6.979337	6.908201	6.347154	6.126156	6.445856
ENSMUSG00000026827	12.352296	12.406461	12.603850	12.489386	12.412980	12.067202	12.120714	12.165584	11.778407	12.667751	12.608140	12.264164	12.509191	12.431967	12.022261	12.478333	12.596370	12.031359	12.265914	12.213708	12.460019	12.294193	12.196500	11.810976	12.589580	12.327773	12.402980	12.238390	12.312068	12.262125	11.747921	11.853017	11.662520	11.530615	11.453077	11.392561
ENSMUSG00000026842	13.880632	13.874292	13.797827	13.763295	13.777428	13.671166	13.532411	13.568235	13.529981	13.810156	13.646646	13.648331	13.750444	13.574143	13.524686	13.807386	13.619149	13.662609	14.147690	14.131245	14.055975	13.759669	13.814897	13.622497	13.974176	13.986591	13.676134	14.147600	14.131070	14.041778	14.433551	14.409662	14.369298	14.394790	14.283941	14.411492
ENSMUSG00000026864	15.229156	15.227072	15.731662	15.433936	15.336777	15.147998	14.897789	15.230632	15.071320	15.301776	15.496386	15.151136	15.403268	15.658876	15.144236	15.312087	15.463750	15.095501	15.404458	15.568298	15.447172	15.681140	15.421731	15.166000	14.764117	14.685650	14.565250	15.171714	15.279188	14.677275	14.524574	14.913934	14.606693	14.184904	14.433797	14.169815
ENSMUSG00000026872	12.828578	12.604576	12.806072	12.810715	12.699042	12.370737	12.601914	12.473282	12.381595	12.169395	12.059211	11.949826	12.539542	12.097470	12.078340	12.365577	12.022228	12.176035	12.599976	12.596105	12.609801	12.066762	12.022143	11.798274	12.022409	12.045158	11.495218	13.265021	13.260768	13.176589	14.195282	14.148581	14.051395	14.113531	14.019767	14.006876
ENSMUSG00000026923	12.759006	12.503321	12.835615	12.804356	12.785892	12.134594	12.328946	12.138019	11.554020	12.701749	12.259089	11.918591	12.883696	12.388534	11.950892	12.607893	12.356437	11.962689	13.216494	13.106472	13.266008	13.106436	12.966096	12.081269	12.908996	12.654834	12.001789	12.590921	13.191907	12.541283	12.386902	12.529329	12.221374	12.241990	12.208907	11.928890
ENSMUSG00000027009	13.035022	12.943475	12.770379	12.873910	12.625975	12.415898	13.104085	12.644048	12.523162	13.129526	12.787701	12.716470	13.047526	12.592715	12.713300	12.948229	12.888516	12.819089	12.530680	12.508409	12.374117	12.235937	12.273338	11.911787	12.526315	12.239093	12.128238	13.369257	13.392855	13.234008	13.705241	13.440505	13.334078	13.484765	13.500679	13.366294
ENSMUSG00000027087	11.376741	11.330030	11.450870	11.324151	11.330426	10.949828	11.359351	11.273920	10.785835	11.359929	11.556461	11.130242	11.559408	11.456922	11.250398	11.424979	11.548913	10.967081	11.660442	11.559599	11.681205	10.996153	10.863204	10.805065	11.240263	10.928338	10.831124	10.898085	11.077138	10.956518	11.233275	11.295981	11.257530	11.706569	11.508314	11.438873
ENSMUSG00000027104	11.828735	11.817131	11.963731	11.716366	11.871850	11.261805	11.913216	11.846035	11.380220	11.766927	11.672978	11.511270	11.801710	11.508666	11.591009	11.868646	11.842383	12.148998	11.849975	11.623990	11.686553	11.554038	11.580889	11.396605	11.740694	11.529493	11.389313	11.511472	11.675688	11.551073	11.392034	11.067910	11.259796	11.105252	11.039127	11.141431
ENSMUSG00000027109	13.062982	12.789506	13.228868	12.980599	12.862475	11.951802	12.580733	12.455646	11.951600	13.088282	12.875235	12.231473	12.821568	12.600452	12.065850	12.844070	12.806389	12.275918	13.395129	13.011649	13.239107	12.713212	12.606053	11.921203	12.974802	12.671261	12.239815	12.850783	12.770736	12.974407	13.149769	13.366867	13.460663	13.201287	13.049720	13.201686
ENSMUSG00000027111	10.111948	9.897683	10.404481	10.247538	10.164252	9.324364	9.564378	9.589541	9.327640	10.254740	9.892468	9.483444	10.199585	9.989065	9.539439	9.802077	9.965535	9.503762	11.932784	11.769051	11.864615	11.190304	10.989021	10.184262	11.241665	10.739899	10.804456	10.794232	10.489332	10.640547	11.344399	11.253850	11.455497	11.601157	11.220959	11.492510
ENSMUSG00000027168	4.030517	3.975678	3.798887	4.121303	3.202968	5.035299	5.926890	3.474985	6.083108	3.446864	4.614210	4.754161	3.534024	3.817387	5.894551	4.997417	4.458123	6.163522	3.609952	3.133972	4.104313	2.433520	1.927263	5.046677	4.198724	4.185936	4.326436	5.257760	3.928054	6.537071	4.406774	4.359620	4.420011	4.376239	4.337965	4.302588
ENSMUSG00000027187	14.639247	14.630346	14.357595	14.408847	14.382211	14.592063	14.290640	14.442184	14.455247	14.528488	14.307586	14.501686	14.447789	14.452381	14.371985	14.576198	14.414150	14.303517	14.346648	14.425268	14.238718	14.371095	14.418207	14.541472	14.321007	14.411750	14.395563	14.758024	14.728626	14.865920	15.052250	14.970248	14.954983	15.182843	15.109240	15.126204
ENSMUSG00000027206	12.707175	12.663450	12.650626	12.852359	12.633791	13.096228	12.793813	12.897427	13.277564	12.687138	12.717566	13.026493	12.988897	13.180691	13.219339	12.779901	12.887608	12.700631	12.655394	12.946664	12.686531	12.948075	12.798841	13.019417	12.585917	12.693481	12.624029	12.592669	12.460355	12.287834	12.307108	12.408930	12.472368	12.322552	12.562586	12.385446
ENSMUSG00000027208	5.207068	6.117565	6.036219	5.364462	5.628247	6.076773	7.493341	5.805634	6.690691	5.743043	5.835132	7.419449	6.582349	5.912313	6.534099	6.314221	6.358121	8.361080	5.155508	5.261111	5.643176	5.435104	6.900973	7.494407	4.494757	5.393010	5.086565	5.665131	5.977792	6.046960	5.546208	5.426090	5.588536	5.897918	6.925886	5.654393
ENSMUSG00000027223	4.322424	3.980259	4.957045	5.022093	5.235924	6.488688	6.044649	4.338408	5.347539	5.151234	6.449643	6.345764	5.869634	5.122812	6.756541	6.651833	5.456214	7.196522	5.787880	5.780675	4.889642	5.066524	5.735677	6.719505	4.244338	4.961746	6.158985	5.321702	5.137132	4.753593	5.640566	5.392718	4.966020	5.753308	4.152915	3.756862
ENSMUSG00000027230	7.697934	7.560282	7.680030	7.036006	7.412558	7.134453	8.378840	8.117938	8.211561	7.444869	8.273013	7.346926	7.345602	7.682151	7.170437	7.130473	8.270717	7.794042	7.054788	6.788030	6.735862	7.180022	7.468712	7.272503	7.928591	7.672353	7.800628	8.787966	8.408875	8.944577	7.136610	7.290428	6.815316	7.408259	7.015240	7.089898
ENSMUSG00000027239	8.722164	8.883183	8.838673	9.079752	8.905699	8.476140	9.023032	9.524736	9.096974	8.587357	8.495326	8.468230	8.387998	9.038036	8.669675	8.474765	8.715109	8.553800	9.129367	9.178499	8.888327	8.480557	8.446516	8.774713	8.670210	9.194411	9.268097	8.529164	8.723294	8.918007	7.401898	8.523463	8.375025	7.067075	7.886413	7.627694
ENSMUSG00000027314	5.907061	6.077077	5.410160	5.728302	5.900336	6.442440	6.828291	5.399542	6.781498	6.362417	6.051788	6.558517	6.271992	5.887213	7.230026	6.828238	5.573259	6.850925	5.982956	5.556183	5.415502	6.014122	6.154282	6.564134	7.404953	8.042216	7.493202	7.777396	6.988460	7.532370	8.272106	8.156296	7.858148	8.632041	8.145690	8.370786
ENSMUSG00000027323	12.611983	12.578210	12.811498	12.478259	12.562514	12.603757	12.707353	12.683938	12.873854	12.613293	12.762214	12.680932	12.632056	12.691113	12.614716	12.769812	12.647635	12.634918	12.551871	12.485869	12.640103	12.480993	12.518572	12.662723	12.391979	12.494801	12.745154	12.582114	12.386922	12.730630	11.839495	11.962854	12.003606	11.300270	11.041512	11.202754
ENSMUSG00000027342	17.369753	17.546181	17.825642	17.464041	17.655443	16.836232	18.031509	17.350236	17.089432	17.921317	17.908930	17.478338	17.750792	17.009810	17.481244	17.979810	17.884982	18.254952	17.413242	16.836110	17.633644	16.645837	16.912892	16.475987	17.906931	17.296680	17.290207	17.986854	17.926403	18.350189	17.737331	17.222619	17.617340	16.735953	17.122562	16.546905
ENSMUSG00000027353	11.606745	11.512229	11.528701	11.495034	11.317539	12.043825	11.610527	11.642766	12.186698	11.557469	11.682627	11.898179	11.677351	11.716832	11.727937	11.826155	11.655930	11.764344	11.291296	11.321154	11.470870	11.311422	11.435862	11.906820	11.132427	11.468268	11.633804	11.514255	11.357958	12.104204	10.962075	10.994572	10.967161	10.334396	10.248431	10.169246
ENSMUSG00000027360	7.095185	6.074740	6.646027	7.004870	6.290312	6.854564	6.646082	6.019152	6.334172	7.589433	7.076303	6.615010	6.935928	6.422760	7.843900	5.965981	6.343625	7.395524	6.601188	6.502777	7.072753	6.577957	6.267442	6.812148	6.599416	6.461242	8.034189	7.450003	7.187408	7.416579	7.088545	6.684441	7.254446	7.426252	6.491358	7.967530
ENSMUSG00000027381	10.644801	10.437848	10.719319	10.559624	10.705118	10.129586	10.331066	10.130688	10.047671	10.549929	10.265256	9.964207	10.404978	10.067611	9.856645	10.448181	10.399451	10.296799	10.709588	10.421200	10.659519	10.626750	10.762997	10.206526	11.177691	10.743589	10.568912	11.633971	11.453983	12.078712	12.078525	11.764513	12.053091	12.057187	11.680191	12.061852
ENSMUSG00000027397	13.287454	13.424920	13.482962	13.634207	13.399585	13.405340	13.856539	13.472174	13.533222	13.871702	13.803752	13.738396	13.884472	13.810400	13.614803	13.907358	13.989490	13.873416	13.014039	13.003344	13.295391	13.048512	13.122521	12.841272	12.838582	12.816522	12.974118	12.208320	12.394351	12.217177	11.797039	12.014684	11.607360	11.273605	11.424446	11.216203
ENSMUSG00000027404	16.111517	16.160105	16.178021	16.162694	16.171480	16.168967	16.304062	16.321012	15.940860	15.958723	16.344948	16.106868	15.795773	15.855081	16.198718	16.179508	15.967531	16.284437	16.010386	15.552650	15.738004	15.687397	15.944394	16.353479	15.603063	16.193235	16.260139	15.717134	15.703024	15.724084	15.352108	15.502056	15.169914	15.428718	14.978936	15.221736
ENSMUSG00000027405	14.909806	14.986019	15.155233	15.180050	15.012644	15.342963	14.974313	15.299065	15.535246	15.028319	15.195435	15.323155	15.338222	15.678802	15.292121	15.120088	15.223847	14.995223	14.875009	15.293585	15.152584	15.431821	15.038200	15.229707	14.640273	14.797697	15.053950	14.319405	14.244257	13.828860	13.288581	13.705866	13.543119	12.665375	13.092895	12.863341
ENSMUSG00000027452	13.319912	13.210826	13.252337	13.558837	13.228126	12.962479	13.318935	13.171295	12.868210	13.594419	13.172852	12.924125	13.350260	13.003000	12.692839	13.425958	13.174839	12.980478	12.922957	12.822495	12.906330	13.087298	13.096408	12.798156	13.932859	13.804813	13.902163	14.550471	14.506042	14.624368	14.969156	15.025472	14.882554	15.301173	15.085030	15.069248
ENSMUSG00000027490	12.779203	12.838713	12.852845	12.806692	12.803587	13.018342	12.724408	12.842777	12.894358	12.787388	12.751267	12.924366	12.797732	12.749794	12.800880	12.854208	12.807936	13.140415	12.581274	12.668246	12.986841	12.945911	12.837250	13.136852	12.993332	13.082875	13.345000	13.158187	13.223825	13.264525	12.782877	12.970282	12.928148	12.167733	12.230524	12.316608
ENSMUSG00000027508	10.993061	10.596205	11.090845	11.050733	10.777669	10.058979	10.276970	10.168219	10.003265	11.147708	10.936594	10.438966	11.119999	10.661712	10.141139	10.984842	10.930792	10.573003	12.584280	12.457772	12.843367	11.206054	11.292291	10.391421	11.164714	10.781768	10.233182	10.350551	10.635446	10.785087	10.236469	10.511278	10.396943	10.138509	10.030700	10.061520
ENSMUSG00000027540	13.072357	13.058039	13.068037	13.109975	13.136231	12.998982	13.057121	12.942347	12.617023	13.115137	13.005300	12.982863	13.019758	12.872581	13.003974	13.031675	12.915623	13.076826	13.144111	12.936945	13.082711	13.170608	13.088818	13.199232	13.410008	13.289411	13.240882	13.575984	13.567283	13.457251	13.653611	13.624209	13.677450	13.577459	13.546088	13.537383
ENSMUSG00000027551	14.076113	14.087089	14.159008	14.248508	14.318242	14.060308	14.332011	14.202645	14.002836	14.084800	14.218097	14.033111	14.109371	13.978654	14.037934	14.133060	14.107761	14.322137	13.935714	13.759546	13.951053	13.354994	13.582013	13.608772	13.536145	13.519247	13.457224	13.884303	13.879387	13.803475	13.882822	13.829474	13.765906	13.661934	13.671282	13.569204
ENSMUSG00000027569	12.092471	12.236529	12.090320	12.399226	12.305911	12.775753	11.925568	12.317464	12.597871	11.979625	12.244196	12.475436	12.029192	12.355394	12.480504	12.131908	12.151380	12.104303	11.903142	12.020500	11.989341	12.519428	12.396222	12.926240	12.168060	12.633874	12.908462	12.131103	11.957358	12.221877	11.785270	11.985189	12.129347	11.849267	11.986997	12.223679
ENSMUSG00000027598	11.930808	11.726960	11.883823	11.924317	11.762216	11.753571	11.689218	11.873549	11.902897	11.929253	11.957651	11.750543	11.781164	11.867674	12.080644	11.776766	11.933520	12.009026	12.164220	11.990367	12.034482	12.132242	11.970206	12.132082	12.160439	11.968986	12.182076	12.305082	12.071687	12.376569	12.296422	12.297024	12.381130	12.466661	12.529423	12.420809
ENSMUSG00000027605	10.189983	10.206786	9.650151	9.794173	10.204381	10.468563	10.273700	10.589608	10.653669	9.814284	10.424706	10.240131	9.863976	10.196922	10.465540	10.362511	10.464181	10.593917	10.069799	10.054932	9.422539	10.408688	10.604940	11.028131	10.590931	10.847776	11.180999	11.070147	10.954757	10.920595	10.304763	9.870407	10.041505	10.106730	10.025835	9.977200
ENSMUSG00000027660	9.137080	8.895843	9.632923	9.595763	9.283103	9.322922	8.773333	8.639176	8.627425	9.420760	9.360387	8.656704	9.174039	9.417480	8.787640	8.987873	9.273538	8.337134	9.124404	9.349071	9.334583	9.681960	9.128436	8.581796	9.562102	9.346282	10.314506	8.836166	8.570275	7.768287	9.156794	9.291660	9.013205	9.637347	9.329847	9.603109
ENSMUSG00000027678	13.046452	12.963452	13.054540	12.798451	13.015976	12.554237	12.778938	12.878714	12.462265	13.051048	13.021063	12.770987	12.937472	12.782506	12.626492	12.962770	13.038287	13.065198	13.395478	13.170936	13.253270	12.868325	13.021332	12.611251	13.365298	13.029718	12.867908	13.477758	13.567874	13.716571	13.976713	13.795094	14.011502	14.138537	13.771855	14.072163
ENSMUSG00000027715	15.245536	15.168997	15.231908	15.345301	15.205318	14.908230	14.824873	14.932993	14.710382	15.267993	15.181717	14.976137	15.266557	15.125161	14.896479	15.130641	15.185553	15.030014	15.284219	15.318420	15.299488	15.221823	15.148714	14.867019	15.325693	15.072712	14.889093	15.048641	15.039537	14.936440	15.157956	15.162423	15.147953	14.628833	14.614624	14.602230
ENSMUSG00000027737	9.822308	9.823007	10.006856	10.067792	9.965626	9.509547	9.725539	9.343081	9.026722	10.038675	9.852202	9.900164	10.245088	9.889736	9.607498	10.202107	10.151576	9.441749	10.048324	9.757626	9.925889	9.424187	9.434227	8.374248	8.874847	8.991576	7.830769	8.388501	8.960889	8.470890	7.346327	7.372727	6.455817	6.755485	7.022824	6.306105
ENSMUSG00000027776	13.296142	13.287261	12.491737	12.599360	12.929998	13.243900	12.376334	13.111228	13.178473	12.997154	12.531549	12.864059	12.759129	12.861169	12.618871	12.820397	12.592295	12.463313	13.544107	13.969478	13.437971	12.881713	12.993831	13.070779	11.763986	11.805914	11.523021	11.065282	11.248945	11.596504	12.342774	12.300440	12.473012	12.938235	13.239490	13.050518
ENSMUSG00000027852	13.558620	13.686102	13.467656	13.486434	13.559491	13.671242	13.888762	13.677298	13.907376	13.597088	13.703263	13.707851	13.594991	13.495980	13.784221	13.451169	13.747515	13.580810	13.413673	13.493525	13.527598	13.503752	13.497787	13.521589	13.614406	13.328365	13.294075	13.695474	13.809587	14.071136	13.935998	13.795387	13.837340	13.822343	14.010575	13.961000
ENSMUSG00000027905	12.647414	12.616857	12.485693	12.499702	12.539924	12.890245	12.256292	12.750492	13.013105	12.500917	12.610868	12.732435	12.708349	12.805208	12.515496	12.638843	12.649842	12.990132	12.466266	12.634703	12.637096	12.601902	12.611969	12.832694	12.433403	12.424043	12.337179	12.276859	12.072830	12.176891	11.841683	11.633895	11.619705	11.556331	11.774395	11.252513
ENSMUSG00000027931	4.913278	4.202109	4.962462	5.081338	4.800054	3.475510	4.371098	4.460612	5.825209	4.991980	5.646930	3.975979	4.103908	4.134046	6.199214	4.790159	4.439791	6.284303	7.434189	7.138689	7.240723	6.328984	6.761830	7.598789	5.074911	5.306774	4.629751	3.002842	2.092016	4.191143	3.053511	3.680103	3.606769	4.138302	3.218437	4.709927
ENSMUSG00000027936	13.080509	13.152091	13.098938	12.899263	13.161160	13.256744	13.555395	13.209540	13.414862	12.898771	13.048325	13.156422	12.994605	12.890846	13.121333	13.203064	13.168002	13.496748	12.856270	12.897037	13.031582	12.968732	13.122871	13.350485	13.078906	13.029985	12.959897	13.462741	13.866111	13.942279	13.498158	13.402615	13.310256	13.199855	13.452420	13.466288
ENSMUSG00000027951	12.403096	12.498818	12.637726	12.472917	12.526949	12.593764	12.655123	12.492838	12.633661	12.555418	12.392188	12.623025	12.521626	12.538334	12.441971	12.364256	12.488683	12.489853	12.304810	12.341532	12.454749	12.445754	12.375265	12.190868	12.286537	12.020930	12.121133	12.475943	12.517015	12.114476	12.563527	12.482443	12.453243	12.669901	12.735070	12.644805
ENSMUSG00000027985	14.773093	14.727465	15.140960	14.900017	14.516014	13.657713	14.506465	14.168781	13.732088	14.955891	14.500922	14.074991	14.776207	14.189186	13.731266	14.670448	14.415780	14.147278	14.237364	14.165816	14.525702	12.793525	12.568507	12.031084	12.863129	12.142648	11.692146	12.626588	12.949285	12.609515	12.856527	12.862615	12.598060	12.714781	12.973361	13.064805
ENSMUSG00000027995	8.894784	8.630178	8.626477	8.846274	9.024451	8.582520	7.781408	8.737751	9.076686	9.098171	9.233784	8.921024	9.268152	9.240416	9.893911	9.304698	9.331719	9.275002	9.262136	9.386284	8.855995	9.051531	8.796595	9.141234	9.316198	9.004254	8.755863	9.739790	9.474121	10.361109	9.376422	9.114730	9.291062	9.374164	9.346569	9.405276
ENSMUSG00000028017	9.252944	9.375017	9.558769	9.744054	9.703780	9.817960	10.234313	9.807893	10.044809	9.732514	9.898763	9.654057	9.685040	9.916387	9.886698	9.800946	9.707428	9.994733	9.013929	8.897572	9.335939	9.451232	9.566140	9.609689	9.583515	9.587431	9.850386	9.437057	9.563011	8.797605	8.750635	9.013457	8.716718	8.602561	9.192896	8.900405
ENSMUSG00000028023	9.167198	9.160256	9.355545	9.007723	9.342483	9.206888	9.441907	9.081759	9.194906	9.088845	9.248366	9.229871	9.266012	8.933977	9.946851	9.053776	9.070986	9.587088	8.793791	8.845635	8.994381	8.835282	8.732730	9.122659	8.862978	8.979740	7.649032	8.922161	9.264708	9.119124	8.705835	9.187559	8.822788	9.221907	8.875450	9.177735
ENSMUSG00000028024	11.006469	11.059567	11.666867	10.866913	11.242207	10.896774	9.625127	11.169732	11.220491	10.728097	10.943166	10.794427	10.912065	10.943935	10.783376	10.659617	10.962911	10.873998	11.278014	11.219986	11.494911	10.679132	10.282184	10.361832	10.662416	10.007960	9.847617	10.158496	9.622367	10.856063	10.895209	10.648719	11.237082	10.680763	10.222948	10.801015
ENSMUSG00000028048	12.035029	12.157881	11.900844	12.050303	12.045526	12.080721	12.383850	12.046941	12.155632	12.179281	11.883823	12.138109	12.163572	12.000895	12.068262	12.222741	12.206916	12.146639	12.059315	11.838235	11.923243	12.099751	12.219517	11.984244	12.577523	12.378650	12.312246	12.778985	12.777492	13.100709	13.017322	12.731104	12.763867	13.082576	12.953741	12.977601
ENSMUSG00000028063	8.664513	8.280784	8.919277	9.007998	9.083562	9.807097	8.528598	8.811900	9.055891	7.909836	8.344712	8.217156	8.512682	8.917629	9.171625	8.473649	8.522143	8.946002	9.556941	9.635784	9.222248	10.075469	10.312147	10.775009	9.294436	9.893757	9.650865	8.802970	8.765754	8.188308	8.003207	8.401998	8.223714	8.218109	8.348194	7.773592
ENSMUSG00000028076	10.409737	10.250916	9.893243	10.522062	10.331695	10.185646	10.993894	10.614150	10.540763	10.280299	10.228638	10.197138	10.411699	10.119249	10.114254	10.568188	10.229728	10.055916	10.219126	10.141342	10.059773	10.231011	10.303396	10.621597	10.595112	10.939401	10.621496	11.114487	10.939456	11.567319	11.602457	11.683189	11.794992	12.024109	12.005189	11.872023
ENSMUSG00000028086	11.691617	11.702557	11.478261	11.756056	11.603748	12.064470	12.570119	12.011494	12.199825	11.572265	11.696512	11.936830	11.573856	11.780442	12.189303	11.787003	11.712642	11.935889	11.475405	11.273648	11.339629	11.416662	11.620494	12.040301	11.081372	11.553814	11.297963	11.480197	11.539598	11.303625	11.199368	11.442054	11.317969	11.407224	11.520448	11.433743
ENSMUSG00000028108	9.219250	9.113162	9.300273	9.576792	9.144091	9.168990	9.202124	9.339406	9.347373	9.289190	9.687806	9.491224	9.623457	9.525819	9.406370	9.739652	9.893823	9.794110	8.306175	8.622583	8.889461	8.567544	8.655564	8.873459	7.988019	8.198004	8.353696	8.539201	8.849902	9.388618	8.305971	8.844412	8.592228	8.585922	8.932532	8.662539
ENSMUSG00000028124	12.757694	12.729264	13.223150	12.846756	12.766440	13.085611	12.823898	12.866975	12.942295	12.733186	12.809504	13.111325	12.767079	12.806464	12.661904	12.750248	12.654279	13.007735	12.548164	12.535820	12.860099	12.606550	12.590046	12.822741	12.479724	12.777035	12.994544	12.240157	12.212035	11.893462	11.624613	11.900602	12.108715	11.548200	11.841787	11.590732
ENSMUSG00000028156	14.720869	14.875623	14.845319	14.737886	14.740066	14.776213	14.832587	14.745508	14.807005	14.756693	14.771166	14.992719	14.749424	14.761397	14.671009	14.742353	14.970018	14.893749	14.572389	14.730969	14.756449	14.694180	14.782149	14.839289	14.521523	14.414013	14.630648	14.079230	14.447816	14.445940	13.491053	13.391275	13.275342	12.880478	13.327831	13.074441
ENSMUSG00000028158	9.251162	9.146935	8.717208	8.948717	9.234423	9.016566	8.770402	9.170195	8.769571	9.302054	9.465550	8.846600	9.296122	9.330798	8.778898	9.256506	9.291161	9.733287	9.522433	9.639315	9.385543	9.884685	9.436638	9.616190	9.517722	10.029185	10.075247	9.558720	9.318881	7.660770	10.177642	10.032427	9.737871	9.816248	9.860670	9.419508
ENSMUSG00000028163	13.608031	13.706000	13.626079	13.813529	13.635924	13.443898	13.584499	13.638145	13.434034	13.784292	13.767264	13.641696	13.615555	13.502787	13.526983	13.684517	13.726973	13.510888	13.808109	13.641731	13.627258	13.321451	13.487700	13.321204	13.490200	13.506506	13.731860	13.800392	13.698644	13.900126	14.056177	13.990614	14.072154	13.994301	13.976658	14.018274
ENSMUSG00000028224	12.224737	12.362559	12.462955	12.390515	12.375929	12.639601	12.049437	12.524430	12.500891	12.456763	12.734195	12.681969	12.750563	13.061115	12.811321	12.321919	12.543869	12.184075	12.167295	12.582986	12.511400	11.693506	11.446721	11.500529	10.788841	10.639266	11.130982	10.115631	10.579641	10.075873	9.997069	10.018124	9.980102	9.666735	9.910659	9.835777
ENSMUSG00000028270	4.783397	5.380620	5.950624	6.436188	5.941833	4.876580	6.421779	5.303593	3.972829	6.277677	6.243226	5.743928	5.917263	5.905852	6.958462	6.112619	5.509851	6.162749	4.696823	5.082456	5.242619	4.105292	3.971387	5.954333	6.550574	5.145434	5.713330	7.703513	8.152392	6.798226	9.414115	8.934561	9.200277	11.010646	10.543386	11.090523
ENSMUSG00000028381	12.046789	11.829004	12.147608	11.933135	11.921287	11.112224	12.174058	11.797905	11.412567	12.157120	11.877167	11.776110	11.901542	11.549954	11.435924	12.099930	12.061645	12.069247	12.185155	11.741859	12.167223	12.041260	12.127065	11.533085	12.347775	12.143695	11.227097	11.964182	12.418195	12.762099	12.579135	12.614547	12.792206	12.668226	12.659465	12.943312
ENSMUSG00000028413	12.000400	11.786668	11.832328	12.291846	12.459977	11.744918	12.025497	12.048147	11.485503	11.991611	12.203310	11.892524	11.921287	11.786166	11.538327	11.853179	12.188921	11.871645	11.853843	11.556625	11.749551	11.774273	11.882228	11.166262	12.230315	12.070493	11.688121	12.365148	12.654641	12.833025	12.979960	12.854635	13.012733	13.233162	12.947344	13.068589
ENSMUSG00000028458	11.859463	11.816988	12.076218	11.900748	11.942433	11.777625	11.875030	11.618569	11.468986	12.032681	11.955049	11.754124	11.957082	11.711329	11.807755	11.832675	11.769732	11.956470	12.040381	11.951485	12.382937	12.338893	12.245787	12.294020	12.705484	12.471006	12.474318	12.411479	12.547824	12.541792	12.979995	13.011158	13.008351	13.388270	13.098986	13.252634
ENSMUSG00000028459	13.373578	13.268334	13.171219	13.270887	13.066393	13.439198	13.282064	13.240442	13.360947	13.486126	13.138023	13.440408	13.589701	13.326343	13.224602	13.419390	13.106745	13.007836	12.722516	13.045804	12.632874	12.869384	12.537452	12.918619	13.031521	12.920585	13.162595	13.280124	13.119199	13.148204	14.247836	14.285477	14.666886	14.610343	14.885309	14.763011
ENSMUSG00000028466	10.455959	10.461944	10.531460	10.321111	10.266955	10.844326	10.814612	10.449901	10.802234	10.423900	10.322122	10.596702	10.431661	10.291778	10.793327	10.740261	10.417398	10.581115	10.336762	10.324607	10.401561	10.744518	10.820351	11.068463	10.992880	11.138517	11.277624	11.007786	11.100936	11.306294	11.201996	11.254141	11.503034	11.477299	11.472081	11.439280
ENSMUSG00000028494	12.173836	12.364316	11.862041	11.800305	11.908249	12.263349	12.305362	12.036516	12.178868	12.114505	11.944113	12.150133	11.957494	11.912279	11.915216	12.228806	12.176841	12.376007	11.914172	11.889907	11.880296	12.023244	12.131968	12.300846	12.541358	12.528440	12.885201	13.157068	12.962972	12.934905	13.675665	13.387659	13.486747	13.909756	13.810702	13.753018
ENSMUSG00000028530	15.447306	15.226102	15.276397	15.307657	15.209390	14.708391	14.902181	15.088476	15.036523	15.534979	15.285666	14.877738	15.411006	15.231278	14.727161	15.367663	15.317434	15.014190	15.240700	15.326837	15.082065	15.037447	15.047845	14.181588	14.866263	14.813965	14.323008	14.804680	14.879422	14.465225	15.140697	15.357829	14.983098	15.346821	15.773792	15.174108
ENSMUSG00000028551	13.081797	12.937887	13.049896	13.164246	12.745954	12.609731	12.426085	12.541417	12.276885	12.857377	12.650783	12.563191	12.836337	12.708355	12.702248	12.656197	12.329529	12.333490	13.602862	13.346852	13.303799	13.521682	13.375908	13.409215	13.837771	14.040382	13.547398	13.921478	13.521339	13.352457	14.453910	14.607394	14.510417	14.563252	14.228354	14.526793
ENSMUSG00000028557	10.933409	11.076536	10.971918	11.014857	11.044981	11.251995	10.522808	10.813993	11.081640	10.957976	10.901466	11.064707	10.943276	10.896278	11.077943	10.879835	10.766680	11.100920	11.125564	11.173137	11.271975	11.255121	11.428545	11.279741	11.381447	11.476740	11.252152	11.106853	11.184385	11.488172	11.827939	11.807797	11.777783	12.269445	12.314738	12.478074
ENSMUSG00000028565	9.791325	9.679642	9.458337	9.785512	9.908267	9.935701	9.747829	9.917061	9.945406	9.599247	9.584450	9.820229	9.584053	9.388409	9.540379	9.474457	9.581678	9.738924	9.983538	9.902683	9.577118	10.390618	10.426057	10.234481	10.601129	10.394783	10.325246	10.838111	10.910526	11.009162	10.865314	10.816888	10.708236	11.026846	11.104662	11.204732
ENSMUSG00000028645	14.262356	14.327216	13.300181	12.870657	13.164282	13.131492	13.811487	14.082399	14.295249	13.597397	13.947976	13.763033	13.342205	13.472095	13.995183	13.992060	14.210467	14.385966	14.708726	14.598301	13.712710	13.897984	14.317221	14.059004	14.545451	14.731085	14.867582	13.828881	13.865361	14.292085	12.655462	12.123648	12.062951	11.612402	11.626906	11.654673
ENSMUSG00000028672	12.539365	12.513925	12.394745	12.326611	12.463947	12.321941	12.041197	12.568007	12.443336	12.496189	12.568614	12.498732	12.693664	12.741662	12.552403	12.467576	12.497558	11.949481	12.691914	12.754220	12.570018	12.749685	12.577093	12.293075	12.630286	12.582983	12.827931	12.567225	12.565233	12.713740	12.812213	12.696614	12.860521	12.974284	12.805230	13.132606
ENSMUSG00000028691	15.920933	16.008665	15.904955	16.151955	15.890742	16.194953	16.075117	16.106555	16.265786	15.985588	16.048044	16.271603	16.064761	16.034752	16.282732	16.038085	16.194601	16.052578	15.996235	16.052389	15.929415	15.928431	16.001557	16.128727	15.786210	15.917016	15.885940	15.897949	15.653287	15.886536	15.435396	15.460867	15.539080	15.118619	15.311226	15.203435
ENSMUSG00000028717	10.961415	11.234708	10.986580	11.187182	10.858329	10.693439	10.889986	10.618843	11.019819	10.985876	10.839112	11.178011	10.996237	10.762589	10.980944	11.052798	10.805095	10.891810	11.023886	10.950334	11.196611	8.629150	9.042446	9.072461	6.942980	7.095345	7.371351	6.872357	6.656954	7.738609	6.532869	5.949369	5.908720	6.280670	6.934029	6.127211
ENSMUSG00000028729	13.285943	13.280889	13.577028	13.286924	13.308443	13.620975	13.007420	13.560501	13.720127	13.123440	13.413145	13.631153	13.465122	14.019719	13.341899	13.240106	13.317561	13.032473	12.848648	13.475017	13.466794	13.754477	13.273011	13.656197	12.824481	13.179697	13.284369	12.389223	12.541918	11.796915	11.575564	12.017334	11.988100	11.583979	11.857382	11.922657
ENSMUSG00000028736	15.061745	14.973499	15.397266	15.172504	15.110951	14.346304	14.709565	14.692512	14.089375	15.326310	15.112786	14.647711	15.196200	15.034874	14.356991	15.097153	15.004663	14.676695	14.896677	14.873833	15.261612	13.237370	13.154852	12.408319	13.243742	12.681245	12.585417	12.203735	12.810781	12.278031	11.754853	11.784097	11.460585	11.463892	11.765355	11.186155
ENSMUSG00000028758	7.846560	8.097093	7.584226	8.254413	7.460528	7.632330	9.218040	7.990308	8.024827	8.813143	8.312777	8.297342	8.613626	7.901646	6.991230	9.114670	8.404547	7.887687	7.651320	7.962138	7.971342	7.489360	7.293205	8.362657	6.224957	5.768214	7.825212	5.813176	4.503828	4.728148	5.547443	5.615769	5.984468	7.596386	7.577686	7.055263
ENSMUSG00000028760	13.965717	13.908930	14.046604	13.991634	13.969583	14.274689	13.807316	14.125526	14.350848	13.995779	14.004396	14.166351	14.089288	14.304458	13.927097	14.104205	13.900855	13.975995	13.618138	13.898173	13.842295	14.058602	13.971819	14.119956	13.786024	14.010811	14.111902	13.714431	13.943331	13.604389	13.577117	13.843805	13.674354	13.685002	13.962650	13.851774
ENSMUSG00000028766	15.321155	15.439796	15.209008	15.307258	15.246632	14.921643	15.398185	15.162863	14.912719	15.557459	15.385562	15.220950	15.380718	15.162392	15.211585	15.437258	15.374383	15.292639	14.278018	14.170384	14.517055	14.128677	14.040641	13.910959	13.586683	13.320967	13.012703	13.164379	13.486453	13.492134	13.129424	13.073456	12.822539	12.500293	13.039813	12.238463
ENSMUSG00000028776	6.870685	6.983626	7.633360	7.688544	7.483600	8.299407	7.529117	7.244820	8.136030	6.850468	7.340054	8.028901	7.202853	7.354173	7.339504	7.388464	7.269095	7.205657	4.661121	4.969854	6.633420	6.769959	6.582371	7.738949	6.846558	7.323102	7.537835	7.283268	6.998079	8.291061	7.821174	8.093638	8.740487	8.318199	8.984331	8.670263
ENSMUSG00000028800	14.094529	14.072967	14.003976	14.002218	13.966657	13.924027	14.109500	13.979824	14.010813	14.075214	14.024385	13.966228	14.216798	14.185661	14.034399	14.118377	14.185730	13.798173	14.161898	14.320213	14.250942	14.337623	14.250019	14.123255	14.442430	14.244602	14.227291	14.425246	14.398546	14.371644	14.455313	14.428233	14.523623	14.312675	14.354605	14.438896
ENSMUSG00000028822	14.026547	14.011082	13.879792	13.755311	13.847709	13.879989	14.096751	14.006938	14.076185	13.945614	13.826246	13.822622	13.757018	13.819727	13.783236	13.927274	14.056293	13.882501	13.951124	13.860873	13.741211	13.996390	14.118399	13.990743	14.193154	14.143554	14.246384	14.456738	14.413140	14.600085	14.470516	14.496967	14.575209	14.488245	14.588368	14.589370
ENSMUSG00000028832	14.232078	14.855731	14.727350	14.302376	14.570838	14.613826	14.219389	14.513595	14.644733	14.123646	14.675324	14.348145	14.856534	14.872604	14.372007	14.583640	14.706722	14.166119	14.551009	15.026336	15.121712	15.376524	14.655598	15.127076	14.959983	14.855019	15.362005	15.783776	15.447141	15.332259	16.073787	16.500242	15.757040	15.583044	15.149052	15.552272
ENSMUSG00000028833	13.117424	13.109405	13.512497	13.316853	13.353248	12.833722	13.022581	13.083010	12.761267	13.396255	13.417595	13.146210	13.419459	13.236715	13.024263	13.270661	13.299357	13.256721	13.072771	13.009317	13.397969	13.153961	12.879748	12.700808	13.231273	12.993108	12.706087	13.078620	13.294349	13.012813	12.838355	12.950353	12.767351	12.745601	12.742721	12.767958
ENSMUSG00000028854	12.708473	12.807943	12.569203	12.492148	12.586982	12.407001	12.875431	12.584652	12.539776	12.705796	12.556783	12.431698	12.688093	12.443836	12.482728	12.732402	12.678675	12.787547	12.696492	12.805248	12.941682	12.578704	12.698808	12.675156	12.890733	12.681811	12.570821	13.163579	13.386826	13.381144	13.153003	13.047588	12.847359	12.961228	13.162607	12.862467
ENSMUSG00000028896	14.205753	14.310561	14.486629	14.390470	14.343739	14.151666	14.067986	14.311420	14.245505	14.374314	14.473535	14.460022	14.402404	14.474671	14.280911	14.312249	14.418972	14.346703	14.058390	14.148609	14.285357	14.247918	14.139055	14.016329	13.792807	13.755322	13.646393	13.343632	13.541249	13.249883	12.830783	12.985288	12.750041	12.146436	12.496542	12.271310
ENSMUSG00000028909	4.102476	4.187362	4.033098	3.843208	4.122710	5.105562	4.487293	5.028961	5.940785	4.574961	4.494284	4.499895	3.947264	4.400542	4.175149	5.396990	4.414197	4.461298	4.627577	5.138475	4.697351	4.794325	4.147356	5.502229	4.206938	4.326618	6.618251	4.823700	4.724603	4.516101	4.881961	4.531066	4.232899	5.182778	4.505880	5.983801
ENSMUSG00000028914	10.246947	10.312526	10.054421	10.082915	10.075075	9.750760	9.704571	9.876614	9.793009	10.193199	10.071826	9.761030	9.874983	9.713983	10.225346	9.994125	10.202691	10.371078	10.398229	9.987022	9.869667	9.873925	10.010281	9.541271	10.852346	10.572607	10.728700	11.565579	11.176083	12.073816	12.116837	11.925465	11.985785	12.458298	12.070337	12.365953
ENSMUSG00000028933	11.630503	11.698073	11.638199	11.410551	11.540762	11.198197	11.273821	11.574387	11.765783	11.425368	11.398371	11.704616	11.731705	11.331210	11.247230	11.688007	11.420140	11.745897	11.381231	11.448753	11.647610	11.475755	11.241559	11.135361	11.391978	11.462510	10.473243	10.940135	10.945713	11.245728	10.893071	10.761415	10.849090	10.152317	10.632851	10.309854
ENSMUSG00000028970	11.470416	11.582610	11.605522	11.721620	11.676949	12.076406	11.701283	11.899451	12.294489	11.725881	11.648425	12.019515	11.552684	11.858950	12.088687	11.601993	11.656850	11.832542	11.575729	11.499585	11.767997	11.477469	11.701241	12.141859	10.589559	10.540548	10.558564	9.743859	9.893157	10.406048	9.319565	9.451367	9.809963	9.070912	9.813088	9.248298
ENSMUSG00000028976	9.653276	9.541299	9.586170	9.366909	9.210143	9.186354	9.608911	9.278200	9.227016	9.541173	9.095574	8.706326	9.171825	7.958165	7.165623	9.885553	9.012270	9.088470	8.183045	8.588934	8.877454	8.959476	8.811359	8.975020	9.876245	8.930646	9.998585	10.146635	9.508929	10.572754	11.417782	10.448390	10.682578	11.410108	10.693559	10.252900
ENSMUSG00000028977	7.332050	7.398875	7.729488	6.885904	7.323567	8.282227	7.264876	7.245117	7.421607	7.524992	7.137611	8.043965	7.429605	7.292812	8.329564	7.325008	7.104321	7.212385	8.173257	8.067721	7.605773	9.096730	8.937950	8.686122	9.847899	9.623785	9.754137	9.602131	9.932380	9.861468	9.647831	9.373803	9.599466	9.768828	9.556675	9.703857
ENSMUSG00000029020	12.686972	12.730551	12.885360	12.506554	12.728775	12.294218	12.524029	12.537147	12.222015	12.750121	12.669075	12.416955	12.800448	12.704802	12.194106	12.635547	12.715202	12.277005	12.717885	12.696974	12.956626	12.807676	12.716588	12.328524	12.628968	12.426617	12.341757	12.356352	12.538625	12.507105	12.271948	12.353324	12.349582	12.304973	12.186098	12.115182
ENSMUSG00000029027	11.043256	10.947768	11.281114	11.212526	11.248955	11.027821	11.227319	11.143014	11.141067	10.974220	11.078495	10.831654	10.947611	11.128722	10.985213	10.975152	10.884986	10.607760	10.748973	10.479095	10.705847	10.579783	10.503257	10.736521	10.488607	10.496347	10.344923	10.589529	10.228225	10.460025	10.637070	10.619458	10.962217	10.924526	10.629264	10.923295
ENSMUSG00000029075	9.356892	9.357755	9.317495	9.157810	9.305634	9.841570	9.819048	9.853354	10.394354	9.795679	9.351160	9.571636	9.394323	9.532703	9.554623	9.369729	9.189549	9.904194	8.649209	8.485292	9.245152	9.335831	9.337102	9.950338	9.183568	9.464267	9.799059	9.156902	9.369269	9.771467	8.641790	9.266764	9.003691	9.300569	9.404870	9.606359
ENSMUSG00000029084	7.552769	5.709848	6.825774	7.245355	7.053381	7.059796	7.678045	7.035006	6.281435	7.418717	5.534122	8.043334	6.081735	6.846520	8.101600	6.862909	5.601377	7.360891	7.497672	6.813952	5.107352	6.324341	7.757728	8.009651	7.191816	7.804341	6.228789	7.498623	8.442700	7.598064	6.901046	6.369394	8.228862	7.925521	9.039171	8.207093
ENSMUSG00000029104	13.729148	13.814712	13.742805	13.653005	13.666137	13.819316	13.813045	13.801632	13.980066	13.822715	13.675470	13.799540	13.732587	13.636137	13.654774	13.875393	13.652155	13.744865	13.622236	13.583535	13.774525	13.414795	13.652450	13.634856	13.521603	13.600544	13.818391	13.534882	13.607841	13.890838	13.412144	13.288150	13.265448	13.182500	13.209834	13.033282
ENSMUSG00000029163	5.900008	6.373759	6.287147	7.109209	6.564915	7.476695	7.115032	5.673804	6.739748	6.697942	6.147556	6.520059	6.440711	6.421709	7.038442	7.054921	6.255014	8.189233	5.779953	5.280142	6.377504	5.369133	5.790720	6.332282	4.975754	4.829255	6.546070	5.074519	5.582301	4.614722	6.369002	6.040541	5.452215	5.189957	5.940151	5.517455
ENSMUSG00000029217	10.193108	9.855061	10.014583	9.997555	10.065031	10.530383	10.116884	10.406904	10.447788	10.042672	10.144065	10.147155	10.186704	10.302993	9.525463	10.379809	10.024183	10.418090	10.109595	10.500034	10.253054	11.174067	11.012731	11.595152	11.032968	10.963295	11.128580	11.310485	11.036904	10.395087	12.004015	11.822922	12.330564	12.345550	12.256349	12.517725
ENSMUSG00000029223	6.332647	7.005053	7.361418	7.197555	7.593068	7.933015	7.737171	7.684844	8.120701	7.042031	7.484880	8.124229	7.100892	7.268332	9.222647	7.936661	7.747513	8.445758	8.243303	7.462977	7.515093	7.548303	6.934985	8.015833	7.531050	7.727225	9.030519	8.171877	8.349239	9.028959	9.360427	8.680901	9.273993	9.024103	8.954823	9.522277
ENSMUSG00000029238	10.431917	10.376053	10.450787	10.422517	10.605648	9.949380	10.516855	10.214179	9.600633	10.704368	10.632220	9.975284	10.692487	10.413433	10.391662	10.697871	10.793603	10.874485	10.513544	10.422467	10.805678	10.284499	10.334204	10.175818	10.600066	10.362338	10.908759	10.294194	10.711009	10.215704	10.805907	10.706576	10.677241	10.815492	10.869775	10.792473
ENSMUSG00000029249	11.519043	11.318615	11.667185	11.500250	11.235470	10.592813	10.674635	10.937335	10.659165	11.270410	11.231871	10.865511	11.360133	11.229907	10.841122	11.097050	11.228680	10.687943	11.982176	11.914016	11.772103	11.869589	11.511114	11.013288	11.848516	11.332197	11.711022	11.474812	10.910242	11.084448	12.086114	11.928264	12.184343	12.120505	11.716126	11.998743
ENSMUSG00000029265	12.706446	12.772930	12.932837	12.674709	12.703963	12.233295	11.899629	12.382495	11.939832	12.710553	12.622629	12.523195	12.527826	12.518866	12.501698	12.553544	12.761913	12.811920	12.930381	12.755666	12.867206	12.339544	12.386639	11.967899	12.492471	12.435112	12.143678	12.273458	12.556359	12.402539	12.363105	12.398146	12.272229	12.362226	12.554866	12.426247
ENSMUSG00000029275	5.615442	6.231854	6.108550	5.189089	5.862056	6.892676	6.298627	5.106068	5.813410	5.587127	5.756911	6.867754	5.273198	6.049326	6.992078	6.114954	5.477305	4.422951	7.634746	7.205090	7.402098	6.925467	7.040240	7.832919	5.412231	5.987902	6.521323	5.231158	6.390927	7.511906	7.671628	7.208844	8.126929	7.964400	8.026126	8.118753
ENSMUSG00000029304	13.905771	14.124729	13.308778	13.949655	14.033656	14.535341	14.154405	14.276757	14.591532	13.708174	14.036263	14.088623	13.644483	13.835343	14.258532	14.090230	14.166736	14.298837	13.235358	13.161940	12.820444	13.263723	13.938429	14.054688	13.305026	13.953076	14.140243	13.440528	13.228198	13.851802	12.670488	12.661523	12.557280	12.247927	12.524396	12.016166
ENSMUSG00000029313	13.559719	13.286957	13.670086	13.593744	13.657247	12.876761	13.114862	13.229035	12.888439	13.545072	13.310376	12.894115	13.574572	13.344440	12.543357	13.419480	13.245607	12.918325	13.440067	13.433342	13.495310	13.196976	13.049829	12.270584	13.620426	13.282102	12.830374	14.008621	14.009227	13.663840	14.875351	14.905922	14.826366	15.134249	14.789301	14.962795
ENSMUSG00000029361	11.496955	11.450061	11.470975	11.476259	11.499010	10.989725	11.332601	11.382252	10.907707	11.590453	11.403588	11.027722	11.556240	11.202693	10.935607	11.293666	11.477970	11.136404	11.528259	11.669823	11.421930	11.623547	11.433095	10.876925	11.932674	11.446886	11.485327	12.089023	12.078513	11.868968	12.060738	11.979775	12.007912	11.902029	11.767526	11.879560
ENSMUSG00000029366	13.042534	13.002981	13.175027	13.151471	12.788173	12.360894	12.602476	12.654806	12.088956	13.074471	12.988943	12.884199	13.035034	12.622860	12.447347	12.902617	13.105478	12.771353	12.746805	12.367858	12.770027	12.111871	12.212118	11.825601	12.672653	12.371617	11.851351	12.890615	12.815761	13.468328	13.244649	13.121007	13.423365	13.014456	12.820708	13.081648
ENSMUSG00000029385	11.282083	11.188290	10.311069	10.339696	10.423783	10.583634	10.661320	10.485855	10.492152	10.408193	10.069296	10.315185	10.264020	9.994947	10.579226	10.329098	10.533131	10.332636	12.047090	11.935204	10.876315	11.721227	11.853204	11.490473	12.323199	12.179852	12.170085	12.882527	12.600810	12.951194	13.849166	13.456516	13.654907	13.826243	13.591132	13.613660
ENSMUSG00000029430	17.014526	17.112875	17.279295	17.235927	17.006548	17.020922	16.760003	16.892316	16.837171	17.027811	17.163580	17.158467	16.939253	17.189647	17.283623	17.020318	16.978832	16.891136	17.079299	16.965440	16.889775	16.922388	16.987760	17.124251	16.800038	17.101818	17.034014	16.540320	16.596086	16.381022	15.890240	16.067566	15.844294	15.456547	15.644292	15.562748
ENSMUSG00000029467	15.055644	15.028479	15.428820	15.154211	15.142883	14.534072	15.018658	14.885407	14.389528	15.212013	15.162045	14.896854	15.108104	14.912188	14.667796	15.024188	15.226229	15.142724	15.111257	14.867975	15.325088	14.899315	14.985052	14.478346	14.961888	14.734061	14.320390	14.536153	14.858340	14.764251	14.332751	14.486422	14.458822	14.081715	14.268461	14.034203
ENSMUSG00000029469	7.383287	7.362253	6.939345	6.308663	6.757104	6.686232	6.129596	6.587445	7.605727	7.938423	8.099342	7.712114	7.691762	7.809120	7.864513	7.988333	7.038957	7.791966	8.315210	8.853466	8.252588	8.338223	7.903884	8.948239	8.610534	8.315396	7.724075	9.244941	8.608182	9.078716	8.679023	8.938237	8.988368	9.261815	8.707557	9.569637
ENSMUSG00000029478	7.683748	7.651613	8.203747	7.782693	8.104122	7.648410	8.143743	7.520107	7.409764	7.474797	7.455571	6.952650	7.959637	7.579444	7.362615	7.480560	7.552168	7.207707	10.388331	10.438941	10.995176	10.462968	10.419788	9.733244	10.518316	10.150880	9.547142	10.134189	10.649071	9.902889	9.392372	9.767184	9.162826	9.205256	9.302752	8.861896
ENSMUSG00000029570	11.747136	11.569123	11.657703	11.020902	11.757737	10.918684	10.839095	11.479805	11.197952	11.522429	11.871939	11.483885	11.394311	11.726614	11.313856	11.340790	11.912305	11.218929	11.382369	11.331612	11.144497	9.358391	9.474169	8.490259	9.254717	8.936448	8.275490	9.405516	9.765709	9.960686	9.894920	9.680173	10.210126	9.989185	10.151746	10.154777
ENSMUSG00000029591	12.879947	12.980962	13.179239	13.142121	13.071314	12.664962	12.697189	12.716764	12.678192	12.989207	13.054508	12.905183	13.072226	12.946619	12.978676	12.939986	13.019649	12.857909	12.732016	12.712101	13.112231	13.009480	12.867164	12.601079	12.928267	12.579534	12.480270	12.624657	12.887589	12.877334	11.969486	12.041226	11.852945	10.644016	11.199423	10.929228
ENSMUSG00000029687	15.170986	15.169630	15.188782	14.923686	15.076553	15.036835	15.115455	15.150214	15.034470	15.058329	15.029763	15.037340	15.088606	15.150987	14.989525	15.022659	15.000252	14.836853	14.779088	14.829878	14.720868	15.220260	15.061052	15.295678	15.119967	15.078184	15.024920	15.499511	15.379723	15.154948	15.897400	15.970097	16.063255	16.471116	16.395942	16.245058
ENSMUSG00000029730	15.484027	15.428661	15.577096	15.427090	15.409668	15.274155	15.509526	15.381964	15.222383	15.595867	15.450930	15.375762	15.617351	15.520006	15.272239	15.531941	15.505823	15.334476	15.553577	15.600682	15.642984	15.882441	15.648642	15.531232	15.980853	15.747652	15.683564	15.977154	15.943098	15.551890	15.752199	15.844131	15.783270	15.369406	15.214091	15.264316
ENSMUSG00000029864	9.323936	9.404236	9.680760	9.220821	9.563769	10.041059	9.885726	9.138838	9.978229	9.627915	9.935041	9.939452	10.072075	9.561092	9.719763	9.713375	9.887502	10.286527	8.324591	8.507892	8.803300	8.863316	8.868291	8.574189	9.403575	9.278122	8.757254	10.014227	9.843333	10.312310	10.040704	10.352066	10.311344	10.425808	10.060828	10.090562
ENSMUSG00000029910	13.770659	13.902010	13.766718	14.031327	13.897573	14.153075	14.248068	14.028423	14.338788	14.004700	13.883889	14.091729	13.938574	13.808505	14.034856	13.907611	14.021124	13.964884	13.872000	13.921210	13.966561	14.073453	14.103229	14.002144	14.092474	13.824901	13.816717	13.893249	14.015158	14.159450	13.874388	13.599994	13.496633	12.903225	13.257978	12.995584
ENSMUSG00000030035	11.854336	11.890833	11.511021	11.658689	11.694169	12.063225	12.084633	11.922390	12.299070	11.872399	11.540999	11.945797	11.831877	11.649480	11.910817	11.997265	11.805609	12.110802	11.960502	12.033046	11.749088	12.280762	12.222716	12.424752	12.387618	12.410582	12.531716	13.194182	13.062153	13.156217	13.890120	13.652624	13.627304	14.181551	14.174965	14.063703
ENSMUSG00000030036	15.186028	15.146184	15.373460	15.243287	15.165953	14.762009	14.940340	14.881570	14.706062	15.380500	15.277632	15.050340	15.197861	15.076937	14.858798	15.175332	15.285753	15.280381	15.107889	14.911198	15.323851	14.700132	14.815694	14.366061	14.525471	14.400475	14.090936	13.945284	14.036034	14.079619	13.373983	13.542055	13.329660	13.003306	12.754665	12.877892
ENSMUSG00000030091	14.777756	14.759713	15.040527	14.865467	14.746091	14.487526	14.840431	14.599560	14.632758	15.032239	14.794080	14.704827	14.857889	14.653794	14.541232	14.934270	14.752034	14.827281	15.159819	14.950182	15.275918	14.612420	14.565288	14.435294	14.690215	14.478422	14.396232	14.685309	14.549528	14.688226	14.606996	14.580548	14.594071	14.549365	14.534079	14.279154
ENSMUSG00000030103	12.820852	12.966739	12.997068	12.135189	13.258058	12.847059	12.296997	12.917883	13.081492	12.296126	12.598676	12.276289	11.768780	12.649671	12.421073	12.008723	12.880420	12.664880	12.788944	12.730069	12.269932	12.078452	12.612759	11.794735	12.369866	11.984232	12.048700	11.852288	11.966066	12.058302	10.808646	10.832062	10.978535	10.859889	11.033062	10.986584
ENSMUSG00000030110	4.179773	2.028625	3.737426	2.997898	2.364961	4.386489	4.400811	4.318409	3.590965	3.209133	3.327051	3.400129	3.122659	2.983198	4.531355	2.539042	3.902891	4.444147	6.572987	6.820538	6.753866	6.688139	6.870192	7.821692	7.400837	6.687430	6.926762	9.146563	9.042554	9.041665	9.149301	9.211336	9.990166	10.016022	9.219944	9.276767
ENSMUSG00000030180	12.447222	12.282706	12.435469	12.516622	12.517738	12.423431	12.756911	12.509504	12.116543	12.430323	12.608084	12.476716	12.586386	12.486993	12.527773	12.514191	12.469531	12.544715	12.522405	12.272126	12.412266	12.412894	12.385887	12.675767	12.661085	12.522087	12.225059	12.679261	12.746384	12.618512	12.449183	12.499790	12.510833	12.622438	12.337906	12.475314
ENSMUSG00000030208	11.693734	11.563707	11.338299	11.359202	11.392629	10.951493	11.350362	11.183390	10.924264	11.478822	11.331372	11.257512	11.462056	11.205603	11.333263	11.360108	11.506282	11.220628	14.066589	13.926504	13.454835	12.737480	12.975104	12.168203	12.220093	11.908082	11.553624	11.804011	12.081438	12.193618	12.179233	11.829415	11.856784	11.864114	11.762516	11.690966
ENSMUSG00000030244	5.317282	5.399697	5.065552	5.278093	5.219278	6.838391	6.127906	6.186438	7.026575	5.688384	6.312038	6.204180	5.332251	5.455096	7.092234	6.769830	7.313054	6.288866	5.014657	5.045109	5.098472	5.122171	4.484962	5.846048	4.126677	4.295354	5.173693	4.187548	3.510153	6.028007	3.428700	3.962938	3.570495	5.384543	4.811376	3.893271
ENSMUSG00000030256	5.180217	5.699892	5.519498	5.759335	5.853922	6.806237	6.449005	5.622492	4.889359	5.439814	4.617199	5.573765	5.529009	4.758850	6.893713	5.426558	6.181567	6.794562	9.366249	8.560149	8.067184	9.843683	9.513629	10.072256	10.069735	9.089376	9.248735	9.891982	9.471194	9.678365	9.673459	9.845932	10.401349	9.972289	9.422149	9.626493
ENSMUSG00000030268	13.149791	13.179377	13.188345	12.820870	13.109744	12.623743	12.723828	12.982738	12.648976	12.909832	13.181746	12.991167	12.974248	13.200559	12.928065	13.104944	13.336115	13.129006	13.068739	13.074439	12.924761	12.754958	12.830130	12.577344	12.114252	12.200934	11.724377	11.350403	11.471909	11.378044	9.993793	10.228588	10.248779	9.491016	9.987955	9.355553
ENSMUSG00000030271	10.958707	10.927431	11.024398	10.968207	11.021804	11.393454	11.376545	11.116494	11.491042	10.833015	11.078630	11.199058	10.853562	11.089750	11.473601	10.975825	11.022126	10.999035	10.639328	10.669790	10.929711	10.693535	10.796328	11.237046	10.790333	10.837450	11.051896	10.811206	11.361186	11.365927	10.753728	10.617985	10.675971	10.373663	10.713365	10.683459
ENSMUSG00000030325	5.541753	5.618516	4.525275	5.021349	4.940090	6.012509	5.185194	5.628907	6.450516	5.559525	4.679916	4.159193	4.228454	4.673478	6.402294	4.827330	5.460174	6.953432	6.273577	5.181533	4.942559	3.241982	4.409255	4.474356	4.281837	2.644945	5.185432	5.254304	3.906769	6.828300	7.434183	6.440601	7.372496	6.995418	6.551455	6.507466
ENSMUSG00000030399	7.008646	7.402615	6.738787	7.575047	6.986843	7.507957	7.612642	7.525088	7.895804	7.453564	7.929983	7.397083	6.964169	7.690894	7.987552	7.244485	7.755391	7.162445	9.557410	9.442356	9.504310	10.530111	10.035666	10.020647	10.419651	10.275372	10.886489	11.120178	10.552040	10.322117	12.134302	12.191387	11.609302	12.668402	12.555398	13.000529
ENSMUSG00000030498	11.688421	11.862623	11.336574	11.783880	11.722595	12.063773	12.027128	11.738854	12.221967	11.655573	11.604585	11.938474	11.584823	11.720548	12.267827	11.584547	11.767269	11.688720	11.338983	11.325519	11.080626	11.370699	11.663359	11.639227	10.710928	10.957513	10.935436	10.630620	10.588711	10.851746	10.018776	9.909678	10.025146	9.051013	9.679820	9.208717
ENSMUSG00000030557	11.828107	11.920209	11.965557	11.766390	11.956340	11.316216	12.005637	11.523693	11.364729	12.083124	11.953759	11.556909	11.796974	11.663390	11.271191	12.106184	11.962039	12.015961	12.028870	11.776049	12.192799	11.823762	11.864855	11.651585	12.346576	12.282322	11.923214	12.061965	12.152888	12.124093	12.350787	12.466076	12.308406	12.648901	12.569534	12.569534
ENSMUSG00000030579	9.112763	9.461338	9.448526	8.226065	9.174995	9.708527	9.549735	9.136078	9.269476	9.436462	8.998588	9.334842	9.703324	9.122186	9.466555	9.814193	9.174753	10.729695	8.254874	7.241001	9.003486	9.154131	9.202655	9.280033	11.073201	10.556277	9.658473	13.911715	13.951450	14.319397	15.642526	15.479796	15.557613	16.234844	15.626221	15.477172
ENSMUSG00000030619	13.296277	13.447005	13.651017	13.379547	13.430799	13.338666	13.008687	13.419438	13.274736	13.465057	13.470218	13.289711	13.434126	13.639079	13.407901	13.421220	13.439978	13.471333	13.698592	13.636777	13.649559	13.389295	13.231360	13.230301	13.177714	13.059007	13.330981	12.930026	13.098969	12.784099	12.822755	12.982088	12.726183	12.570165	12.608791	12.760798
ENSMUSG00000030671	12.714885	12.682616	12.745156	12.417947	12.538656	12.265116	12.664094	12.577804	12.216131	12.692991	12.524557	12.445614	12.630780	12.380861	12.216019	12.521248	12.611931	12.618162	12.764928	12.607414	12.846834	13.057999	12.902974	12.789368	13.185267	12.907214	12.868088	13.946672	14.059935	14.031120	14.662455	14.427503	14.510157	14.531023	14.488392	14.453326
ENSMUSG00000030680	12.524642	12.581683	12.388687	12.276367	12.268754	12.654493	12.324345	12.465812	12.510393	12.368211	12.506295	12.636922	12.433826	12.670740	12.629492	12.418391	12.421572	12.091968	12.558994	12.759267	12.436314	12.764594	12.602477	13.066344	12.855784	12.989694	13.323523	12.961249	12.698627	12.795072	12.738464	12.650477	12.769496	12.842647	12.477470	12.757273
ENSMUSG00000030685	11.939585	12.073551	11.894033	11.981524	12.048428	12.219967	12.138854	11.906378	11.937755	11.840184	11.798106	12.014420	11.550474	11.605155	12.060332	11.799268	11.872877	12.456949	11.515553	11.509691	11.707176	11.580381	11.859433	12.208556	11.552588	11.772917	11.433749	11.464686	11.708284	11.625875	11.004087	11.174318	11.052335	11.025798	11.417849	11.072723
ENSMUSG00000030699	6.906182	7.359695	6.515651	5.943940	6.294813	7.355763	7.069440	6.421907	7.264865	5.533118	5.741935	6.293366	6.322022	5.926979	6.907882	6.239789	6.450157	7.299153	6.043083	6.662812	6.553857	6.611267	7.129426	7.677043	7.448237	7.148169	7.773841	9.619021	10.069033	10.641323	10.844721	10.242443	10.201005	11.014721	11.283771	11.255573
ENSMUSG00000030707	15.626997	15.564410	15.100527	16.201323	15.500218	15.774787	15.666613	15.602459	15.727595	15.538420	15.518943	15.757822	15.527456	15.369313	16.112716	15.710779	15.632454	15.756063	15.719827	15.424129	15.051365	15.563936	15.833594	16.059056	16.228223	16.429086	16.455725	16.908416	16.406199	17.113807	16.675426	16.207545	16.527688	16.011590	16.266193	16.004441
ENSMUSG00000030724	9.313054	9.524575	8.981688	8.751305	8.695851	9.393797	9.780886	9.301477	9.834547	9.027080	9.245155	9.367083	9.358402	9.285429	9.384662	9.124605	9.063515	8.773165	8.003813	8.373399	7.916426	8.477503	8.897943	9.030673	8.977436	9.043074	9.066730	9.948144	9.990958	10.307905	10.100138	10.266706	10.043818	10.002140	10.089131	9.836116
ENSMUSG00000030782	6.558261	7.708046	6.475146	6.678484	6.444154	7.591773	7.121327	6.310071	6.667330	5.759698	5.672640	7.135215	7.289293	6.808505	7.814618	6.726432	6.568759	4.913089	6.753965	7.741671	7.116585	7.959713	7.464707	8.954053	6.480099	6.628070	7.507753	7.320871	6.918842	8.000332	7.039956	6.955619	7.247268	7.654877	7.896314	7.705050
ENSMUSG00000030786	5.378989	5.372678	3.848429	5.109487	3.718686	5.247013	6.686654	4.694004	4.091712	4.832757	4.607078	5.241262	4.974659	4.355204	6.757624	4.913052	5.472220	4.945287	4.750784	3.847024	3.655658	5.833094	5.806362	6.019093	8.100472	7.854657	7.459679	8.804869	8.368712	8.467198	9.826873	9.988558	9.839851	9.625143	9.183299	9.234533
ENSMUSG00000030788	13.888137	13.893132	13.865297	13.969935	13.892807	13.566012	13.585038	13.841010	13.612943	14.044243	14.066491	13.917258	14.001635	14.012810	13.722909	13.866078	14.079530	13.934537	13.789395	13.891164	13.806184	13.676466	13.538464	13.293254	13.730576	13.563572	13.454748	13.586617	13.490175	13.277913	13.895351	13.941226	13.793748	13.640136	13.556141	13.662645
ENSMUSG00000030987	13.497180	13.587520	13.453012	13.564352	13.538118	12.978940	13.603218	13.109473	12.530314	13.920832	13.635517	13.080230	13.347349	13.005208	13.033517	13.575597	13.556769	13.525652	13.634099	13.066674	13.519157	13.115181	13.517068	12.905729	14.150807	13.791370	13.808677	13.978032	14.246249	14.265374	14.030228	14.006106	13.839537	14.143984	13.983639	13.920580
ENSMUSG00000030996	8.886315	8.952997	8.999283	8.204191	9.003062	8.883750	9.181340	9.279159	9.403175	8.930525	9.076745	8.877215	8.532592	8.397679	8.589821	8.583011	8.716825	9.699419	9.011506	8.783902	8.704637	8.320074	8.669069	7.969981	8.958456	9.554564	9.917647	9.616811	9.605984	9.491833	10.670385	10.275033	10.231222	10.154028	9.887762	9.611843
ENSMUSG00000031016	12.544128	12.234546	12.582846	12.578393	12.410964	11.773607	11.577258	11.857597	11.576795	12.548905	12.106979	11.650167	12.271480	11.992459	12.145831	12.110046	12.147125	11.851388	12.896679	12.536777	12.706273	12.176616	12.407329	11.659391	12.411403	12.072626	11.995823	11.696977	11.721637	12.672497	11.845272	12.063756	12.220039	11.734756	11.404112	11.455046
ENSMUSG00000031103	14.012421	13.880483	14.002980	13.873407	13.970747	13.168436	13.628108	13.635625	13.126464	14.173225	13.886854	13.503575	14.027231	13.705669	13.276559	13.801344	14.008405	13.658329	13.727978	13.688070	13.878009	13.951962	13.843999	13.111608	14.311195	13.893639	13.572945	13.566692	13.892047	13.761832	13.769382	13.795667	13.825905	13.770078	13.843724	13.776910
ENSMUSG00000031144	6.648603	6.898760	6.552878	6.123981	7.008751	7.160289	7.630241	6.602402	7.646779	6.224353	6.440572	5.204879	6.696920	5.850793	7.116611	6.196623	6.739058	7.614027	5.950935	6.171378	6.738790	5.622147	6.110612	6.084277	6.322985	5.813073	7.677171	7.095271	7.257044	7.563593	7.459754	6.621001	6.384295	6.432567	6.076144	6.211730
ENSMUSG00000031221	12.402196	12.407965	12.066305	12.576629	12.387505	12.728315	12.609636	12.583710	12.641053	12.233611	12.308789	12.497424	12.379298	12.484171	12.711199	12.554517	12.399762	12.656117	12.439734	12.528404	12.103988	12.426520	12.456323	12.947857	12.319961	12.460911	12.796636	12.657558	12.233656	12.168241	12.722385	12.583945	12.928160	13.013318	12.869317	12.995459
ENSMUSG00000031264	13.805156	13.642005	13.864535	13.899596	13.846658	13.171586	13.501028	13.671347	13.232660	13.861502	13.608708	13.483044	13.932681	13.764303	13.276029	13.677825	13.610296	13.196528	13.711100	13.679309	13.645909	13.553482	13.253805	12.728455	13.396195	13.142120	12.729044	13.154853	13.086217	12.922141	13.424690	13.535787	13.739345	13.639173	13.652382	13.617082
ENSMUSG00000031278	12.791707	12.776340	12.797831	12.862352	12.907953	12.784185	12.818435	12.895947	12.741762	13.010305	12.925718	12.989253	13.012856	13.129174	12.889462	12.821836	13.108242	12.668038	13.112549	13.287877	13.091680	13.194400	13.116859	12.803351	13.222691	12.995323	12.975505	12.816515	12.962696	12.523971	12.857501	12.773844	12.934984	12.815031	12.884276	13.152624
ENSMUSG00000031311	16.327934	16.383301	16.413327	16.203653	16.346933	15.904073	15.926787	16.112065	15.693219	16.320326	16.325741	15.976891	16.320124	16.379738	15.838368	16.252191	16.295611	15.943087	16.255013	16.386949	16.254549	16.415158	16.237959	15.992790	16.455740	16.182283	16.320791	16.321338	16.538254	16.029283	16.623051	16.562899	16.303986	16.575460	16.400894	16.582421
ENSMUSG00000031347	12.088067	11.917953	11.903034	12.233870	11.958449	12.378650	12.277334	12.405187	12.409680	11.794448	12.034419	12.379201	11.961860	12.520521	12.374451	11.742869	11.931821	11.685824	12.063564	12.281837	11.931390	12.584360	12.470838	12.875164	12.493913	12.905654	13.142242	12.682198	12.604765	12.138232	12.245060	12.470513	12.546446	12.606597	12.736158	12.874856
ENSMUSG00000031349	12.611881	12.782455	12.378017	12.613881	12.857907	13.243881	13.359088	13.113458	13.424735	12.894794	12.833426	13.226340	12.671478	12.747198	12.972255	13.114744	13.195338	13.497584	12.733104	12.818008	12.535422	13.130254	13.477355	13.553318	13.741816	13.706882	14.103255	13.789569	13.995454	14.100418	14.072451	13.797694	13.750836	14.493247	14.549999	14.566468
ENSMUSG00000031392	13.119859	13.115667	13.063674	13.002940	13.042942	13.350779	13.116671	13.296670	13.542528	12.889897	12.981718	13.277250	13.004777	13.217095	13.346505	13.131073	13.039296	13.139873	13.229436	13.475421	13.240966	13.467917	13.444857	13.690585	13.440875	13.740348	13.858909	13.629819	13.855174	13.803021	13.156479	13.344147	13.268284	12.741899	13.045483	13.142756
ENSMUSG00000031497	7.664770	7.319649	7.454325	6.823401	7.841349	7.567387	6.906568	7.726588	8.266922	8.010930	7.970249	6.327548	7.930158	6.510187	6.231053	7.558613	6.684040	6.958104	4.520556	5.138947	7.166251	8.188211	8.003693	8.544111	7.482190	6.585996	6.202726	6.131746	6.673060	8.531253	7.795369	7.307875	7.526437	7.804323	7.152025	6.771630
ENSMUSG00000031516	12.662105	12.558745	12.439429	12.388025	12.553571	12.809372	12.599470	12.804428	12.717325	12.541925	12.549920	12.593106	12.583332	12.740813	12.456494	12.517312	12.570027	12.596928	12.088594	12.408458	12.353617	12.660246	12.433447	12.696089	12.264599	12.416729	12.530781	12.236010	12.395336	11.993530	12.148458	12.328173	12.331809	12.465526	12.515642	12.632570
ENSMUSG00000031520	10.250371	10.195024	10.211467	9.611905	10.139208	10.020142	7.686867	10.055177	10.411405	10.208964	10.463513	10.251976	9.688751	10.411610	10.470055	10.204202	10.416451	10.789475	8.492715	8.501555	8.386903	7.821011	7.462158	8.176217	6.617778	7.327869	5.430974	6.795410	6.284186	7.257624	6.110383	7.135965	6.725000	6.629961	6.899436	7.557338
ENSMUSG00000031537	12.438688	12.454208	12.175778	12.243233	12.352639	12.532361	12.167582	12.442063	12.611855	12.276377	12.144145	12.494554	12.337824	12.391619	12.316814	12.358861	12.274394	12.170930	12.045183	12.232690	12.038767	12.367849	12.328491	12.382628	12.293347	12.550711	12.232868	12.425010	12.373418	12.560833	12.292018	12.316551	12.359571	12.244842	12.346825	12.376291
ENSMUSG00000031574	7.413487	7.088265	7.499767	7.217354	7.398030	8.108306	6.254439	7.653682	8.676831	7.925576	7.973988	6.718835	7.753643	8.134314	5.753444	7.318095	7.400769	6.170332	5.459602	6.475808	7.394932	8.564911	8.145426	8.120092	7.873982	7.658862	8.334105	7.909752	7.615691	8.292907	6.934454	7.886674	7.270621	7.506264	7.720142	7.669821
ENSMUSG00000031591	11.988407	11.983415	11.867834	11.997718	11.904978	11.758240	11.684242	11.832787	11.852407	12.084309	12.018865	11.804401	11.803369	11.947443	11.894094	12.325781	12.131324	12.296711	12.237350	12.136250	11.935966	12.112262	12.127748	12.034995	12.315631	12.372122	11.956221	12.483959	12.595985	12.333259	12.573787	12.601103	12.361668	12.646015	12.782747	12.770402
ENSMUSG00000031627	14.362378	14.352351	14.179669	14.218596	14.349303	13.574043	14.292859	14.004242	13.527593	14.374507	14.045764	13.878103	14.102349	13.622303	13.621334	14.104531	14.198912	14.300894	14.212887	13.943931	14.152599	13.247435	13.694212	13.001392	14.188858	13.980346	13.469820	14.281510	14.724134	15.040025	14.580582	14.503219	14.534278	14.835483	15.069608	14.842072
ENSMUSG00000031628	13.703620	13.619773	13.561052	13.491340	13.609855	12.673500	12.936247	13.462395	12.886310	13.509447	13.621757	13.082505	13.680463	13.628289	13.195996	13.461723	13.721698	13.317696	13.660081	13.940278	13.773711	13.825862	13.468750	13.035223	13.817049	13.739230	13.331279	13.704806	13.716134	13.497922	13.961644	14.036508	14.161147	13.723983	13.809175	13.855345
ENSMUSG00000031633	14.373714	14.352584	14.363035	14.382861	14.327390	14.437107	14.207932	14.348225	14.472655	14.241376	14.484204	14.445049	14.132285	14.399241	14.355473	14.293396	14.393962	14.309037	14.665489	14.643131	14.339563	14.740851	14.831581	14.756308	14.572762	14.888605	14.870893	14.752610	14.720408	14.551621	14.650494	14.686139	14.525304	14.452807	14.441280	14.547424
ENSMUSG00000031666	12.163026	11.944642	12.091847	12.086116	11.991506	12.064600	11.564956	11.902459	12.137930	12.105631	11.927740	12.139037	11.978971	12.087191	12.299011	12.079115	11.838513	12.071955	12.211710	12.463086	12.067047	12.443197	12.337787	12.366946	12.389297	12.461725	12.072594	12.427566	12.469975	12.031748	12.600148	12.625330	12.450342	12.326005	12.666096	12.519352
ENSMUSG00000031669	11.901952	11.928112	11.854414	12.022869	11.681653	11.843213	11.875536	11.722435	11.501866	11.812683	11.747181	12.021416	11.767066	11.837059	11.938927	11.673500	11.640414	11.836668	11.672822	11.796959	11.725344	11.881883	11.732308	12.074628	11.741171	11.706644	12.033141	11.675399	11.556655	11.156943	11.556647	11.420564	11.474647	11.022812	11.043626	11.144077
ENSMUSG00000031766	4.546571	4.632470	4.305362	5.684149	4.956064	5.178352	6.535965	4.473131	4.467522	5.091489	5.306625	6.313835	5.143241	4.527738	4.661311	5.237027	4.563270	4.965547	4.402359	3.869081	4.327758	3.796810	4.234557	4.053291	4.884623	5.484189	4.545991	6.301342	5.907483	5.577219	9.852915	9.850712	9.844434	11.400873	11.405073	10.644838
ENSMUSG00000031770	14.167752	14.162007	13.867744	13.653149	14.210162	14.169252	14.339331	14.044368	14.157878	14.164153	14.236408	14.038882	14.163297	14.143714	14.174748	14.401864	14.320971	14.408006	14.093168	13.987046	13.714939	14.143691	14.609715	14.433898	14.175828	14.133017	14.112260	14.435307	14.548428	14.409067	15.428788	15.155120	15.316906	16.009288	16.030329	15.704699
ENSMUSG00000031805	13.880110	13.804919	13.460114	13.772256	13.727430	13.914844	13.733909	13.818258	13.929649	13.658718	13.770455	13.793997	13.655816	13.623560	13.857831	13.818161	13.789128	13.952242	13.753646	13.721759	13.442530	13.380364	13.631269	13.718967	13.199697	13.409998	13.322294	12.823419	12.832029	13.012965	12.779912	12.651437	12.646475	12.687315	12.880428	12.524727
ENSMUSG00000031812	13.134862	13.181787	13.031403	13.287736	13.135573	13.293969	13.356214	13.264857	13.336934	13.070127	13.268091	13.126772	13.311921	13.365509	13.409738	13.269882	13.337309	13.006026	13.042754	13.207704	12.939908	13.464270	13.189883	13.344909	13.455797	13.470532	13.883768	14.145595	13.830751	13.703415	14.726913	14.581957	14.650208	14.775947	14.672502	14.852634
ENSMUSG00000031818	15.665717	15.842284	15.548788	15.755219	15.583613	16.127667	15.773517	16.027927	16.236319	15.689095	15.687382	16.034256	15.723789	15.921985	15.825619	15.702541	15.733997	15.591909	15.894939	15.962338	15.628965	16.018744	16.091105	16.183946	15.770634	16.050037	16.289798	15.899899	15.626398	15.594870	15.644751	15.592183	15.568454	15.510422	15.577115	15.536056
ENSMUSG00000031842	9.468237	9.523253	9.275113	9.493725	9.206880	9.997320	9.854125	9.679122	10.159463	9.578232	9.220669	9.751540	9.589445	9.490118	10.246095	9.590904	9.397631	10.275206	9.129037	8.907248	8.823710	9.133068	9.655452	10.285813	9.368335	9.920563	10.382367	10.149011	9.943039	10.363981	10.454374	10.647849	10.680418	11.163990	11.387243	11.066986
ENSMUSG00000031954	14.047154	13.992605	14.085946	14.194694	14.025078	14.226350	13.628192	13.902610	14.222037	13.824048	14.071740	14.259488	14.157472	14.560115	14.575093	14.006146	14.056692	14.000018	13.818952	14.263087	13.901811	14.396721	13.920966	14.186218	13.942299	14.236621	13.900292	13.676333	13.541680	13.186306	13.548309	13.900335	13.730489	13.691400	13.720878	13.864616
ENSMUSG00000031972	5.708212	5.885455	6.823841	6.337847	4.889644	6.806984	7.332481	5.233434	6.806957	5.183900	5.890726	6.293284	6.496284	6.355953	5.624830	7.112557	6.149011	6.009197	4.490751	4.990907	4.978292	5.009688	6.248217	7.080668	4.569975	4.840828	5.631951	6.091531	4.862623	6.178451	6.353121	6.290872	5.855623	5.712157	6.011798	4.657886
ENSMUSG00000031987	13.521825	13.462764	13.068210	12.645091	12.950794	12.688646	12.818008	13.192308	13.094409	13.101158	13.282008	12.981634	13.001901	13.285000	13.061548	13.321186	13.407036	13.162982	14.152848	14.208180	13.512537	14.007002	13.981454	13.671379	14.211078	14.465101	14.414682	13.942115	13.988260	13.680598	13.479709	13.495195	13.374853	13.005004	12.945643	13.118047
ENSMUSG00000032000	11.822085	11.695731	11.540567	11.583281	11.670324	11.955174	11.509049	11.903117	12.054205	11.594312	11.511142	11.685083	11.510359	11.634760	11.358263	11.716331	11.740664	11.927837	11.690491	11.790346	11.676474	11.989410	11.983812	12.103073	12.220036	12.358627	12.487665	12.695598	12.523844	12.708245	12.951380	12.953982	12.928627	13.321302	13.167748	13.391104
ENSMUSG00000032035	7.101264	7.230103	7.797021	6.975469	7.369173	6.733921	7.946326	6.752337	6.058025	6.774569	7.362167	7.014291	7.118504	6.591079	6.200028	6.904874	7.585242	7.223662	12.443810	12.016218	12.469676	10.767612	10.763530	10.275181	12.076874	11.202068	11.548012	13.175411	12.906856	12.494485	14.775652	14.523035	15.339963	15.391408	14.542404	15.311523
ENSMUSG00000032053	16.334497	16.285980	15.948116	15.984191	16.106466	15.565138	15.977906	15.848627	15.392839	16.134715	15.752925	15.502196	15.753336	15.343881	15.348808	15.920188	15.900455	15.891459	16.520879	16.153124	15.874981	15.787622	16.275366	15.569348	16.468721	16.178334	15.892149	17.215746	17.289363	17.651218	18.076884	17.781308	17.691834	17.904238	17.562977	17.614470
ENSMUSG00000032086	5.270519	6.579403	6.639933	6.132744	5.796785	6.185883	7.291338	6.138066	6.495914	6.055176	6.141112	5.951081	6.327919	6.831527	6.697782	5.693703	5.808036	4.811814	5.919266	5.646406	6.189438	4.634785	4.188909	6.025350	4.406753	4.077486	6.320385	4.983394	3.534978	4.394585	5.128896	4.742099	5.407028	4.534917	4.437920	5.589779
ENSMUSG00000032113	12.848795	12.965956	13.055097	13.120114	12.905176	13.086510	12.956283	13.006249	13.396026	13.045465	13.028137	13.136530	13.142543	13.332799	12.999069	13.187077	13.146283	13.020429	12.804506	12.864479	12.945497	13.220379	13.114989	13.214517	12.823540	12.716163	12.829234	12.904955	12.945907	13.007892	12.074362	12.237810	11.818488	11.077761	11.515819	11.049608
ENSMUSG00000032119	12.290949	12.302024	12.009421	11.967817	12.503199	11.996577	12.267950	12.314536	11.888316	12.379990	12.129795	12.113974	12.175632	11.954274	11.817568	12.027171	12.151032	12.125366	12.304302	12.113557	12.229790	11.859174	11.896494	11.600849	12.169894	12.306488	12.119949	11.778924	11.681116	11.873168	11.989576	11.856228	12.138808	12.165648	11.646527	11.933062
ENSMUSG00000032123	13.503049	13.614629	13.455024	13.187274	13.422103	12.925738	13.529062	13.191009	13.017152	13.602049	13.207820	13.048066	13.406021	13.032464	12.709242	13.511277	13.520161	13.772157	13.386262	13.248671	13.503140	13.091112	13.317646	12.817473	13.320042	12.884257	12.922402	13.057509	13.277532	13.374596	12.891213	12.647864	12.489510	12.207285	12.218377	12.173683
ENSMUSG00000032126	12.886871	13.014167	12.908116	13.138015	12.955738	13.084340	12.946337	12.936332	13.257664	12.801194	13.072340	13.142102	12.805356	12.950406	13.294009	12.817114	12.865164	12.965444	12.907835	12.837080	12.819555	12.814861	12.862507	13.116267	12.635378	12.990549	12.961490	12.811119	12.405319	12.783921	12.162837	12.308269	12.352644	11.812884	11.895687	11.912434
ENSMUSG00000032187	15.753925	15.672661	15.866546	15.741121	15.707548	15.734674	15.697160	15.678750	15.582733	15.832464	15.768942	15.613432	15.772922	15.867038	15.682307	15.717913	15.617674	15.598836	15.627510	15.651622	15.753147	15.945688	15.784506	16.018565	16.176777	16.053005	16.167676	16.563192	16.498077	16.261494	17.096335	17.185417	17.066840	17.379617	17.083031	17.286043
ENSMUSG00000032193	14.780478	14.728827	14.494173	14.743053	14.842215	14.475215	14.632445	14.986741	14.552540	14.912992	14.989037	14.856247	14.850183	14.724380	14.513189	15.080857	15.035117	15.123217	14.793549	14.787192	14.660940	14.714815	14.895632	14.610753	14.980593	15.184940	14.922863	14.484436	14.553218	14.583520	15.075489	14.952359	15.114489	15.247712	15.172116	15.322687
ENSMUSG00000032212	13.899317	14.020661	13.570635	13.832470	13.935663	14.744932	13.612984	14.281027	14.500581	13.682988	13.866479	14.302706	13.953646	14.519272	14.501984	13.801657	13.687743	13.679937	13.898653	14.356806	13.705112	14.514515	14.338776	15.117170	13.867253	14.424967	14.823797	14.113535	13.964883	13.739242	13.766326	13.881876	13.854056	13.988211	14.136554	14.108447
ENSMUSG00000032218	14.829911	14.835719	14.858755	14.720850	14.862739	14.207892	14.544046	14.646063	14.195470	14.821913	14.704089	14.376188	14.928149	14.748826	14.288452	14.682012	14.737727	14.275338	14.886916	14.956449	14.896933	15.127566	14.835900	14.384737	15.373079	15.134679	14.862895	15.550357	15.332797	15.214740	15.842853	16.031305	16.151873	15.719430	15.408753	15.743472
ENSMUSG00000032281	12.940571	12.854045	12.854678	12.991167	12.945652	13.437736	12.851168	12.890892	13.261047	12.530295	12.840065	12.967964	12.644319	12.647745	12.974151	12.684299	12.664678	13.070236	12.444032	12.441124	12.587288	12.665047	12.976334	13.146656	12.767274	13.117197	13.251975	13.182616	13.193143	13.407508	13.519162	13.359325	13.253518	13.691419	13.617309	13.373527
ENSMUSG00000032312	15.883895	15.735100	15.721468	15.851613	15.741566	15.481334	15.619883	15.597366	15.391109	15.840675	15.604109	15.547852	15.688529	15.612039	15.456904	15.669495	15.594092	15.423315	15.709919	15.720816	15.542447	15.691840	15.616442	15.317271	16.002132	15.919678	15.654353	15.889356	15.980429	15.765755	15.883585	16.021149	15.958773	15.985258	15.844800	15.967378
ENSMUSG00000032349	12.986404	12.970537	13.037357	12.771317	12.961466	12.329077	12.454643	12.743305	12.446692	12.974581	12.884172	12.496318	12.933167	12.924198	12.277183	12.939440	13.098935	12.659395	13.158783	13.300780	13.298767	13.371150	13.165099	12.704789	13.520668	13.275355	13.324509	13.402167	13.611499	13.491138	14.092830	13.923862	13.790502	14.053248	13.897597	14.008827
ENSMUSG00000032350	14.085264	13.916890	14.360286	13.927977	13.884725	13.411163	13.798601	13.669694	13.415610	14.046316	13.665294	13.445871	14.006591	13.750320	13.179937	13.793640	13.708670	13.342066	13.881569	13.925030	14.347329	13.930562	13.787267	13.324885	13.971280	13.474185	13.426398	13.698257	14.052168	13.721464	13.968425	13.934717	13.933649	13.704644	13.800829	13.819045
ENSMUSG00000032402	14.235572	14.092019	14.233082	14.236060	14.232579	13.410592	13.989644	14.005307	13.405170	14.407869	14.238629	13.851726	14.341465	14.093000	13.384606	14.173506	14.245101	13.934113	14.308273	14.332925	14.379621	13.504210	13.490726	12.687883	13.861222	13.425351	13.039776	14.023054	14.056206	13.669355	15.080514	14.883213	14.909011	15.394218	15.091357	15.263398
ENSMUSG00000032411	12.517405	12.267078	12.233506	12.430854	12.377480	12.247548	12.470789	12.347385	12.144754	12.370791	12.265767	12.108305	12.174657	12.150511	12.143444	12.155682	12.197206	12.465364	12.380643	12.100937	12.130275	11.979189	12.162436	11.936492	12.340963	12.324915	12.232502	12.592511	12.612227	12.339088	12.952263	12.783374	12.745368	12.933246	12.703867	12.770369
ENSMUSG00000032440	11.563560	11.358237	11.440025	11.597149	11.650838	10.964392	11.290401	11.211035	10.752324	11.678453	11.424483	10.989294	11.611372	11.333071	10.922241	11.597877	11.423845	10.906140	12.274863	12.084590	12.179023	11.946579	11.889017	11.140129	12.471887	12.258080	11.970796	12.257487	12.448430	12.359021	12.967980	12.976378	12.956930	13.519728	13.327132	13.323055
ENSMUSG00000032477	13.047913	12.881860	13.218551	12.882596	13.159112	12.854901	12.554309	12.839189	12.644283	12.975813	12.964993	12.840241	13.150572	13.230262	12.399219	12.862357	12.887450	12.767653	12.912605	13.288869	13.202106	12.812583	12.718620	12.215320	12.362220	12.347698	11.587837	12.014824	12.139811	11.198983	11.925049	12.044404	11.996226	11.784303	11.600677	11.701229
ENSMUSG00000032479	12.010960	11.983756	12.144873	12.055683	12.027274	11.673269	11.764171	11.631398	11.217125	12.143276	12.008231	11.838927	11.988832	11.759280	12.122252	12.035626	12.113151	12.405382	12.260902	11.835348	12.038795	12.017768	12.035449	11.787414	12.711935	12.409338	12.124734	12.892609	13.067352	13.068703	12.909676	12.890925	12.823708	13.118643	12.787053	13.029765
ENSMUSG00000032481	15.189779	15.190027	15.229130	15.150763	15.184805	14.731168	15.119322	14.981574	14.680868	15.351979	15.271081	15.033045	15.140052	14.898593	15.005809	15.063650	15.145968	15.089444	15.265323	15.001531	15.262751	14.943924	15.010707	14.645707	15.255641	14.953003	14.868810	14.919325	15.075955	15.187888	15.135585	14.992979	15.028782	14.953871	14.885536	14.784659
ENSMUSG00000032508	11.977902	11.910826	12.123460	11.938050	12.030060	11.723361	11.791442	11.985284	11.972472	12.116304	12.164533	11.964678	12.077631	12.138813	11.811374	12.058965	12.000433	12.048586	11.918788	11.958535	12.116770	11.853032	11.707868	11.600391	11.625000	11.331881	11.406884	11.753649	11.747147	11.618319	11.997078	11.846487	11.966146	12.135586	12.386703	12.194061
ENSMUSG00000032578	10.822849	10.873303	11.572370	10.188606	11.539054	11.321007	10.737604	11.291917	11.503473	10.285408	11.427671	10.965372	10.198866	11.141266	11.291038	10.202748	11.497120	11.413658	9.071584	8.832378	9.226896	8.773476	9.289850	8.351781	9.122339	9.630408	9.616276	9.202786	9.926730	9.678821	9.277701	9.700130	9.725161	9.646336	10.221344	9.547727
ENSMUSG00000032602	11.992797	11.779087	11.914323	12.041760	11.823423	11.869481	11.911201	11.735011	11.835909	12.115514	11.902086	12.081148	12.041764	11.899030	11.581134	12.157371	12.107205	12.292011	11.886992	11.771955	11.768221	11.553527	11.681647	11.422074	11.696222	11.575317	11.367237	12.437627	12.346158	12.198158	12.580397	12.495091	12.629501	12.811315	12.834166	12.853867
ENSMUSG00000032698	10.441940	10.410868	10.285309	10.627405	10.617053	10.529171	10.825623	10.733887	10.690110	10.246320	10.377562	10.557325	10.325373	10.497496	10.840422	10.584178	10.511985	10.427982	11.488200	11.387540	11.143611	10.414051	10.525141	11.023190	9.060127	9.455858	9.677750	9.409924	9.372182	9.755551	8.483073	8.546724	8.967367	7.912920	7.929587	8.155133
ENSMUSG00000032715	10.347267	10.558563	10.382724	10.066211	10.642194	10.783147	10.298402	10.414237	10.865613	10.911605	11.103538	10.724523	11.209393	11.373266	11.190877	11.168998	11.092575	11.509044	10.984789	10.998121	10.669034	10.374046	10.865246	10.711266	10.467311	10.700493	10.909544	9.461844	9.179871	9.016363	7.745269	8.088997	7.425059	7.979101	8.285447	7.310322
ENSMUSG00000032849	9.752021	9.779696	10.035271	9.862343	10.157299	9.716010	9.701454	9.758323	9.605133	10.149025	10.133446	9.778073	10.251003	10.104619	9.311414	10.131805	10.175837	9.583970	9.384982	9.536572	10.045732	9.900140	9.827636	9.490414	9.906349	9.776258	9.977239	9.605775	9.455078	10.059704	9.319977	9.471226	9.499834	9.848792	9.190639	9.356427
ENSMUSG00000032855	12.423770	12.439015	12.410834	12.215563	12.160902	12.288429	12.316729	12.320391	12.220005	12.445427	12.057953	12.248189	12.166735	11.930576	11.672282	12.374235	12.078815	12.466888	12.789484	12.755105	13.066593	12.625307	12.884671	12.914617	12.513276	12.690369	12.865233	12.353026	12.539078	12.649985	12.426941	12.469765	12.415202	12.403266	12.576673	12.347408
ENSMUSG00000032864	10.629273	10.689470	10.511169	10.205764	9.888701	10.305975	9.835428	10.157245	10.301773	9.936944	9.393945	9.852623	9.683467	9.346797	9.049197	9.949174	9.750510	9.804923	10.099098	10.251256	10.003183	10.482414	10.320355	10.475376	10.574430	10.170074	10.387895	11.442458	11.020853	11.542167	12.396208	12.126983	12.233669	12.080878	11.812311	11.865310
ENSMUSG00000032942	4.345479	3.639945	4.211163	3.855641	4.069363	3.200366	4.856423	4.402371	5.432994	3.594329	4.562028	3.393094	5.024901	4.675408	4.712016	5.087456	3.823066	4.851341	2.654072	3.445866	3.094222	4.040202	4.311691	5.170359	4.390489	3.877523	4.075211	5.478591	5.005289	5.085051	5.741461	4.877663	4.941059	5.522279	5.024966	5.560603
ENSMUSG00000033016	12.261510	12.060094	12.440465	12.140736	12.367697	11.595279	12.325461	11.820977	11.271991	12.339627	12.190522	11.687020	12.281664	11.999052	11.439211	12.092429	12.118116	11.598089	12.443082	12.263970	12.549972	12.287041	12.139353	11.473908	12.897869	12.454022	12.101349	12.813841	13.030443	12.583572	13.267597	13.260451	13.334820	13.610667	13.402431	13.452559
ENSMUSG00000033020	16.011488	16.181717	16.353647	16.070972	16.247696	16.393491	16.552751	16.420849	16.467902	16.006607	16.280274	16.285283	16.296662	16.187674	16.481430	16.274310	16.304264	16.606149	15.833463	15.991453	16.389997	15.956194	15.930477	16.245353	15.687655	15.852213	16.029354	15.746631	15.688753	15.987205	15.357757	15.451093	15.681979	15.039501	15.119689	15.012541
ENSMUSG00000033054	12.157293	12.269696	12.432330	12.189217	12.367183	12.357902	11.580360	12.193980	12.392108	12.305249	11.968039	12.207528	12.464054	12.419301	12.136712	12.223250	12.088063	11.976546	12.383073	12.601051	12.649466	12.330341	12.215469	12.205076	12.131801	11.985330	12.117743	12.178168	12.014925	12.430336	11.810504	11.949631	12.109294	11.951145	11.897483	12.216840
ENSMUSG00000033161	14.788419	14.719995	14.940240	14.767084	14.738287	14.309592	14.606772	14.542840	14.341078	14.882325	14.811129	14.621253	14.872730	14.751398	14.515474	14.751649	14.851038	14.670326	14.788698	14.768926	15.025615	14.781320	14.641065	14.250450	14.747615	14.514863	14.136105	14.537393	14.649904	14.307880	14.217722	14.291636	14.231484	14.129532	14.116120	14.205584
ENSMUSG00000033220	17.602900	17.584515	17.687777	17.457030	17.637938	17.132650	17.631860	17.477180	17.191840	17.881256	17.520957	17.329020	17.541156	17.536755	17.148019	17.602936	17.700869	17.560329	17.185761	17.107630	17.208906	17.206278	17.255879	16.739257	17.636116	17.192984	17.052196	17.669366	18.153573	17.688665	17.923796	17.844879	17.603754	17.941263	18.011120	17.993387
ENSMUSG00000033307	20.263187	20.320230	20.123639	20.044067	20.369153	19.863297	20.471317	20.180134	20.016782	20.262360	20.138587	19.900935	20.201597	19.982268	20.101076	20.243860	20.322165	20.406208	20.576598	20.353870	20.379588	19.987378	20.467302	19.857920	20.301428	20.193133	19.908144	20.021580	20.272341	20.193899	19.665402	19.558816	19.282709	18.866548	18.901520	18.712238
ENSMUSG00000033352	12.500340	12.526005	12.561721	12.397748	12.591880	12.707900	12.523584	12.612239	12.634097	12.362956	12.468312	12.398959	12.400097	12.544307	12.291359	12.552348	12.599636	12.376336	12.617176	12.738645	12.817536	13.073492	13.007307	13.033791	12.975388	12.856611	12.848747	12.847143	13.065516	12.615021	12.873966	12.811975	12.629892	12.789381	12.908486	12.799742
ENSMUSG00000033581	11.229176	11.190176	10.930641	11.047776	10.992521	10.939543	11.406273	11.270672	11.230147	11.162886	11.285178	11.350600	11.186310	11.290692	11.476191	11.272033	11.284538	11.319761	11.341220	11.475831	10.975585	10.772575	10.943951	11.197816	9.973750	10.133566	10.255270	9.856781	9.763824	9.862866	9.073622	9.059937	9.398156	9.170767	9.468885	9.091802
ENSMUSG00000033685	18.569181	18.651984	18.540926	18.622976	18.607457	18.178875	18.739681	18.541012	18.103444	18.857374	18.584552	18.518085	18.669558	18.361333	18.144468	18.716318	18.656963	18.514701	18.418268	18.357559	18.311851	18.212244	18.278381	17.934269	18.219958	17.985915	17.612503	17.785254	17.959080	17.947949	17.566385	17.495333	17.405885	17.374963	17.465574	17.160880
ENSMUSG00000033943	12.006960	12.069314	12.083550	11.922728	11.933809	11.694317	11.737208	11.920902	11.683678	11.978451	12.045729	12.036770	12.056417	12.074565	11.534565	11.989760	11.918602	12.080282	11.797621	11.892940	11.946300	11.583305	11.534369	11.583023	11.459524	11.141870	10.974461	11.047234	11.008808	10.733457	10.762504	10.772720	10.811603	10.898112	10.900370	10.981112
ENSMUSG00000034041	17.696559	17.731640	17.577034	17.737033	17.825656	17.600617	17.457003	17.567170	17.472274	17.891904	17.506575	17.618818	17.404142	17.474759	17.427467	17.617095	17.552573	17.761380	17.285598	17.230442	17.120376	17.151483	17.349728	17.122718	17.386020	17.442954	17.167311	16.211406	16.502522	16.276949	15.650941	15.812997	15.672705	15.654266	15.986585	15.699806
ENSMUSG00000034165	16.885100	16.938378	16.613062	16.896485	16.696631	16.790426	16.989937	16.771597	16.786972	16.978568	16.828466	16.959135	16.700988	16.631344	16.987096	16.857298	16.826600	17.023186	16.014876	15.959092	15.859389	16.378363	16.518958	16.615019	16.700800	16.839954	16.634001	16.597115	16.528048	16.523616	16.107568	16.174854	16.094707	15.793874	16.138668	15.740926
ENSMUSG00000034190	12.935190	12.879330	12.874977	12.757571	12.670145	13.122034	12.917289	12.802936	12.920809	12.762423	12.682717	12.905263	12.645897	12.787202	12.847743	12.701360	12.698623	12.831772	12.776437	12.880966	12.843724	12.952801	13.024406	13.274791	12.815456	13.028636	13.085791	12.836316	12.847773	12.606339	13.077815	13.200984	13.317318	13.248425	13.176563	13.289782
ENSMUSG00000034218	11.957278	11.871887	12.488563	12.048134	11.960511	11.520168	11.123292	11.554017	11.257229	12.355515	12.057044	11.679580	12.269269	12.070975	11.486510	12.120077	12.020720	11.760107	12.067908	11.984179	12.345384	11.667686	11.495696	10.860681	12.071459	11.421078	11.563124	11.882127	11.987653	11.787338	12.280323	12.304283	12.082319	12.240614	11.954632	11.901213
ENSMUSG00000034227	5.039214	5.265939	6.736767	6.396952	5.729868	3.657795	6.902921	6.305300	4.272632	5.216068	6.495691	4.942786	6.963219	6.655878	4.741713	7.450900	6.140521	5.253538	4.559709	4.832426	5.316316	5.238222	4.962762	6.054230	5.639455	4.747344	4.587397	5.294186	6.245452	5.646010	5.748627	6.728995	5.990487	6.486367	6.093465	5.544172
ENSMUSG00000034266	12.818496	12.989683	12.968122	12.448501	13.161380	13.137811	12.241046	13.007703	12.671445	12.421371	12.896469	12.870303	12.774365	13.192167	12.869059	12.639476	13.017661	12.967997	12.461715	12.799120	12.830609	12.831529	12.527801	12.837314	12.478505	12.817903	12.435311	12.910191	12.833497	12.502549	12.594312	12.946620	13.113431	12.886321	12.988639	12.974798
ENSMUSG00000034271	7.716605	7.550199	7.426022	7.029834	7.480083	7.826748	7.514310	7.396541	7.521166	7.690140	7.838769	7.575375	8.039584	8.040204	7.896804	7.984238	7.698376	7.494641	9.080858	9.483167	9.036673	7.660057	7.466779	7.692462	6.911036	6.962722	8.066243	6.461920	6.333598	5.723345	6.540162	5.996431	6.251716	5.756972	5.979805	5.007101
ENSMUSG00000034320	10.740705	10.615694	10.733881	10.847810	10.855382	10.910021	10.315691	10.712332	10.485986	10.943569	10.742541	10.792595	10.938106	11.076841	10.825361	10.780620	10.860579	10.642046	10.446751	10.618549	10.664064	10.808082	10.518222	10.553726	10.782900	10.720378	10.392264	10.345529	10.529018	10.323796	10.365239	10.589808	10.559095	10.430899	10.759914	10.551201
ENSMUSG00000034329	12.341964	12.095339	12.437438	12.019996	11.926997	12.363969	11.551741	12.042650	11.982919	12.425924	12.262566	12.052596	12.470146	12.428904	12.125418	12.226950	12.051801	11.688362	12.113644	12.386240	12.377316	12.371313	11.890529	12.128963	12.442532	12.137933	12.536939	12.120322	12.103841	12.093294	12.004409	12.168868	12.046898	11.582468	11.197159	11.189995
ENSMUSG00000034330	17.253063	17.203710	17.343262	17.067144	17.109108	16.766014	16.949337	16.935024	16.799830	17.652854	17.341835	17.125305	17.394427	17.358389	16.841424	17.322934	17.273497	16.991340	17.106398	17.177028	17.201682	16.820488	16.813739	16.475668	16.798635	16.476156	16.511357	16.579070	16.632954	16.416870	16.251199	16.309482	16.335149	16.342150	16.304626	16.233883
ENSMUSG00000034342	12.100959	11.648460	12.673485	12.021504	11.946390	10.895832	11.416157	11.272291	10.832900	12.503476	11.959787	10.973635	12.053703	11.495124	10.601164	12.000924	11.569984	11.356689	12.661420	12.280119	13.142564	11.717161	11.413092	10.581442	12.277704	11.193418	11.544657	11.621915	11.868027	11.928169	12.696914	12.601345	12.431389	13.020212	12.285792	12.376851
ENSMUSG00000034518	11.993038	12.022865	12.085060	11.924153	12.069087	11.778510	11.787285	11.893167	11.828307	11.945281	12.009249	11.965133	12.056782	12.063865	11.680010	11.872550	11.931059	11.466604	12.039133	12.196852	12.238578	12.249089	12.141811	12.111264	12.133308	12.048477	11.738607	11.866508	11.819553	12.016001	11.995670	11.979964	12.315140	12.092777	12.207264	12.141748
ENSMUSG00000034664	6.579497	7.303870	6.318278	7.039233	6.848979	7.436190	7.389730	6.914236	7.188443	7.344535	6.679010	7.447223	7.268146	6.789831	8.371106	7.140575	7.093310	7.587174	7.030348	6.609321	6.129816	7.374981	7.551180	8.035228	6.991116	7.285857	7.215587	7.058307	7.002475	8.247874	7.778553	7.567020	7.029328	7.865629	7.925674	7.127295
ENSMUSG00000034673	12.664428	12.501410	12.492441	12.483566	12.595952	12.466083	12.099537	12.414665	12.309340	12.452300	12.436473	12.377920	12.517649	12.409531	12.243462	12.406986	12.423357	12.291810	12.710897	12.893828	12.744863	13.031419	12.884164	12.641239	13.099727	13.121437	12.572142	12.962386	13.241896	13.069102	13.369666	13.356727	13.249284	13.593140	13.430602	13.663747
ENSMUSG00000034748	12.810911	12.816646	12.606478	12.803452	12.682163	12.997954	12.967794	12.796013	13.150414	12.693413	12.682529	12.926558	12.657306	12.688587	13.166990	12.712634	12.698143	12.976246	12.616152	12.701599	12.520908	12.364337	12.501945	12.774584	12.694812	12.789908	12.616065	12.864495	12.836914	12.902405	13.089145	12.993308	12.814233	13.171949	13.336481	13.282914
ENSMUSG00000034994	19.570941	19.448875	19.551472	19.307702	19.509448	19.058581	19.225535	19.248518	18.876801	19.647900	19.349377	19.175070	19.401410	19.231017	18.932899	19.347011	19.321495	19.242634	19.502847	19.459347	19.364927	19.311594	19.359864	18.850030	19.542884	19.267598	19.189853	19.416811	19.634235	19.255225	19.736881	19.551870	19.552485	19.812200	19.447798	19.718133
ENSMUSG00000035086	13.282830	13.338918	13.156531	13.366506	13.259458	13.601698	13.260340	13.448787	13.686074	13.174504	13.368712	13.434249	13.283007	13.557034	13.620078	13.374913	13.421948	13.232449	12.965402	13.162098	12.898635	13.307982	13.248705	13.526153	13.172018	13.556890	13.669968	13.251091	13.138128	13.119461	13.160235	13.298469	13.290023	13.116831	13.204362	13.311844
ENSMUSG00000035158	5.360624	5.601899	6.065629	5.024985	4.429168	4.691931	5.619487	6.482285	6.249477	5.915637	5.091227	5.706402	6.127835	6.059825	6.109011	5.914815	5.891345	7.793135	5.464892	4.032867	5.415649	4.567556	4.170683	5.618527	3.271757	4.096622	4.639861	4.299110	3.650777	5.373664	3.001571	4.304341	3.503839	4.738394	3.521547	3.307568
ENSMUSG00000035262	9.563935	9.691732	9.835314	9.672392	9.308836	10.055236	9.294287	9.517182	9.093368	9.331453	8.938587	9.279727	9.447063	9.184767	8.549490	9.408034	9.491026	10.510243	9.224152	9.085359	9.623044	9.345503	9.857658	9.994167	9.571276	9.642939	8.832432	9.878521	10.041758	9.924766	8.818551	9.375275	8.567583	9.134496	8.650783	8.861401
ENSMUSG00000035356	9.256740	9.450391	8.789670	8.789431	9.248107	9.334671	8.335936	9.110626	9.140237	8.851523	9.692716	9.266566	9.073713	9.714172	9.473455	9.709434	9.692637	9.851957	10.245339	10.478168	9.694573	9.132559	9.468971	9.866166	9.012540	9.404867	9.924008	9.922953	9.937882	9.522740	11.000006	10.719061	10.368705	11.058498	11.312172	11.177998
ENSMUSG00000035385	8.735515	9.830443	10.030695	8.851258	9.034856	9.108457	9.722044	9.032804	8.522751	9.383178	9.604464	9.724990	9.262667	8.589901	9.620339	9.257898	9.426183	9.134569	11.219956	10.883136	11.879025	4.451497	4.578238	4.941726	4.128287	3.462939	5.293145	4.030292	3.995597	5.800657	3.891157	3.911538	4.306883	4.176020	4.080310	3.858334
ENSMUSG00000035397	12.554935	12.596901	12.872223	12.683587	12.778259	12.335149	12.338959	12.388317	12.239595	12.802775	12.742468	12.533595	12.840411	12.674044	12.488568	12.716962	12.790397	12.849675	12.558707	12.406032	12.739912	12.522566	12.520688	12.104854	12.555596	12.324850	12.267048	11.854890	11.808853	11.778057	11.562877	11.573087	11.554664	11.851952	11.672559	11.756615
ENSMUSG00000035770	11.536601	11.324980	11.666534	11.491332	11.653579	10.982567	10.624658	10.984699	10.544335	11.571116	11.258263	10.938960	11.373425	11.293831	10.623187	11.227752	11.184569	11.199074	11.584194	11.584318	11.702304	11.546666	11.289559	10.728158	11.768946	11.383562	11.047285	11.412406	11.338040	10.964222	12.280379	12.322678	12.425018	12.624889	12.288505	12.582701
ENSMUSG00000035778	12.275215	12.271152	12.273838	12.427774	12.269759	12.020734	11.779826	12.144117	11.922843	12.288491	11.996586	12.149717	12.339198	12.278069	11.730581	12.185685	12.249705	11.957095	12.741025	12.831172	12.628454	12.964424	12.764373	12.437586	12.792930	12.896109	12.926254	12.387660	12.151982	12.093293	12.040482	12.115540	12.252711	11.776915	11.916264	11.971090
ENSMUSG00000035847	10.621960	10.641386	10.746396	10.634119	10.605263	9.554878	10.286420	10.372078	9.243057	11.189373	10.640157	9.857159	10.488070	9.947168	9.475432	10.713108	10.657136	10.912865	11.044966	10.375844	11.051915	10.262213	10.682216	9.863702	11.427606	10.741197	10.663275	11.177390	11.861340	12.247759	11.893595	11.744102	11.460680	11.661468	11.684950	11.272531
ENSMUSG00000035863	11.119929	11.057026	10.884194	10.953577	10.962883	10.647512	11.258370	11.151049	10.811182	11.068933	11.151211	10.770662	11.208559	11.140274	10.943342	11.272042	11.293298	11.285237	11.210510	11.125266	10.956626	11.183955	11.173934	11.159976	11.226065	11.123203	10.849308	11.558744	11.411369	11.260825	11.610095	11.652705	11.539994	12.590542	12.204596	12.494989
ENSMUSG00000035960	15.465486	15.308753	15.578959	15.277544	15.456823	15.161861	15.060421	15.449198	15.197891	15.424307	15.563327	15.408278	15.472706	15.756762	15.300133	15.332592	15.423979	15.019635	15.343854	15.528611	15.389387	15.483074	15.195812	14.993188	14.935865	15.045515	14.950695	14.794272	14.852048	14.381579	14.108147	14.421330	14.405538	13.910164	13.786310	14.159311
ENSMUSG00000036023	14.340563	14.425325	14.421199	14.125278	14.383008	14.294610	14.194994	14.477232	14.448849	14.328693	14.404239	14.380639	14.517406	14.524909	14.217255	14.350594	14.454343	14.427733	14.166018	14.445422	14.447957	14.352902	14.185370	14.019955	14.198763	14.103587	13.803863	14.046608	14.146309	14.000038	14.045204	14.209186	14.168254	13.940556	13.998528	14.064713
ENSMUSG00000036202	12.036093	11.943852	12.323720	12.202522	12.080122	11.973044	11.453981	11.910769	11.674780	12.247504	12.138140	11.805987	12.309030	12.435415	11.906209	12.030245	11.956415	11.736046	11.962362	12.304418	12.333242	12.416453	12.119314	12.132927	12.233527	11.989849	11.964949	11.688321	11.750134	11.300430	11.401349	11.809082	11.644121	11.133730	11.160943	11.211004
ENSMUSG00000036390	9.551701	9.260928	9.430922	10.015700	9.645861	9.982920	10.194075	9.867386	9.671874	9.797134	10.434536	9.497454	10.061656	10.492095	10.406109	10.291046	10.471393	10.281837	8.915824	9.013746	9.095319	10.054010	9.439388	10.146589	10.524548	10.179983	10.365861	11.504601	11.319566	10.307847	12.762408	12.707648	12.567376	13.101496	12.801189	12.661700
ENSMUSG00000036461	14.231922	14.080244	14.177883	14.141940	14.163544	13.325011	13.478893	13.819923	13.004042	14.322418	13.989930	13.496246	14.109065	13.908757	13.301261	13.996758	14.045095	13.623816	14.500269	14.419386	14.385175	14.623307	14.530988	13.891611	15.047387	14.692695	14.510033	14.864075	15.046706	14.887093	15.382750	15.448811	15.633420	15.526752	15.477483	15.607856
ENSMUSG00000036636	12.005981	12.085751	12.184766	11.970448	12.068949	12.625305	12.348431	12.149939	12.467979	11.929090	11.811189	12.211472	11.813404	11.966597	11.802564	12.038507	11.788852	11.995922	12.021900	12.158651	12.285213	12.292568	12.393791	12.934235	12.047188	12.230259	12.572643	12.367069	12.255651	12.054264	12.625550	12.603383	12.876931	12.706219	12.825083	12.820196
ENSMUSG00000036639	12.644541	12.519420	12.657592	12.478559	12.568423	12.822422	12.639912	12.745489	12.898658	12.421269	12.666187	12.696617	12.605363	12.727648	12.886950	12.513398	12.550060	12.602413	12.538187	12.526465	12.531165	12.700953	12.510917	12.835902	12.589262	12.756758	12.657278	12.864636	12.642602	12.784103	12.268295	12.319583	12.331360	12.300352	12.130597	12.262694
ENSMUSG00000036737	13.252072	13.284002	13.286866	13.096225	13.221859	12.851911	12.776221	13.052983	12.873824	13.371333	13.305600	13.054888	13.272464	13.235913	13.018872	13.152282	13.311297	13.287860	13.244296	13.314809	13.308706	13.085889	12.952923	12.685717	13.122483	12.950699	13.083849	13.059215	13.031117	12.933837	13.139917	13.122902	13.067460	13.064815	12.992615	13.190183
ENSMUSG00000036752	17.494985	17.387799	17.806285	17.557405	17.349604	16.764620	17.127548	17.085553	16.656615	17.879205	17.464496	17.253608	17.576241	17.427530	16.815828	17.501465	17.454228	17.225589	17.383663	17.243534	17.603369	17.496902	17.253628	16.671629	17.924155	17.470305	17.245902	17.251872	17.464361	17.041660	17.265159	17.382968	17.102355	17.285893	17.221960	17.181401
ENSMUSG00000036856	5.360541	5.749829	4.633424	4.820854	5.297054	6.550987	6.791423	6.432674	7.826739	4.936642	5.610058	6.704173	5.194724	6.123610	7.467402	5.269368	5.708241	7.152575	5.347268	5.863107	5.284143	4.948313	5.376750	6.962981	5.012191	5.624516	6.719806	5.788438	5.315390	6.028302	5.439040	4.732625	5.494129	4.905207	4.778484	5.934582
ENSMUSG00000036898	10.670490	10.769670	10.547016	10.552229	10.653547	10.837649	10.812327	10.986314	11.356881	10.497105	10.606073	10.981648	10.593457	10.805733	10.825775	10.586198	10.689010	10.739186	11.005970	11.131427	10.962609	11.589916	11.648806	11.842113	11.218912	11.456334	11.485666	11.455976	11.476253	11.534822	11.713003	11.484665	11.601617	11.663034	11.706821	11.899770
ENSMUSG00000036986	13.757518	13.735161	13.578277	13.520699	13.647453	13.564532	13.522977	13.685469	13.727132	13.693820	13.676146	13.630608	13.671194	13.619840	13.524062	13.769038	13.712363	13.850432	14.012845	14.008861	13.810383	13.049023	13.233424	13.049142	13.332778	13.304919	13.105800	13.921696	13.972585	14.043527	13.634453	13.581830	13.342655	13.422693	13.495881	13.329655
ENSMUSG00000037012	13.113831	13.052213	12.685640	12.724270	12.839472	12.622977	12.856974	12.857745	12.704417	12.987524	13.089548	12.891126	12.997394	13.104910	13.119498	13.173611	13.051444	13.102264	13.768019	13.771355	13.253557	13.563148	13.498943	13.565539	13.288890	13.175109	12.977169	13.095930	13.233798	12.733723	12.560268	12.411052	12.219595	12.477297	12.484690	12.505788
ENSMUSG00000037071	15.987460	15.799639	15.460630	15.481991	16.015918	15.096705	15.353587	15.661963	15.225059	15.863959	15.656909	15.204537	15.657360	15.618116	15.107780	15.689381	15.783221	15.506838	16.100565	16.065420	15.568983	15.709547	15.848299	14.899808	16.018586	15.640020	15.136684	15.520406	15.802270	15.498662	15.991141	15.786526	15.799140	15.749455	15.564147	15.703313
ENSMUSG00000037111	12.299409	12.205998	12.477852	12.206393	12.164769	11.192994	11.772304	11.772886	11.245335	12.451082	12.090017	11.642887	12.291739	11.937511	11.393312	12.070625	12.232283	11.911673	12.636286	12.365441	12.643909	12.024087	12.014160	10.982583	12.253346	11.851849	11.716569	11.901652	11.930085	12.047597	12.396497	12.390429	12.245895	12.565259	12.254226	12.408429
ENSMUSG00000037139	12.171816	12.539240	12.387641	12.250833	12.424368	12.394837	12.112920	12.559063	12.437256	12.495790	12.755455	12.434871	12.616014	13.018742	12.145053	12.532891	12.727033	11.909836	10.855293	11.052191	11.363831	12.168883	11.848842	11.469464	12.320332	12.694674	12.618660	10.758769	11.159425	10.761494	8.815029	9.608670	8.453696	9.400647	10.030213	8.525190
ENSMUSG00000037161	7.717457	8.215038	5.092768	6.920662	6.843146	7.410061	8.330757	8.584117	8.600240	5.775045	7.685562	7.163388	6.943234	8.023145	8.880333	7.808405	8.463857	6.400244	9.444512	9.744078	6.316850	9.133934	9.898279	10.127499	8.105595	9.579973	10.000270	10.154617	9.275013	10.566079	7.317496	7.098650	6.556035	5.094062	5.226274	5.119828
ENSMUSG00000037169	11.822920	12.186057	12.503418	11.303552	12.396604	12.220693	10.884112	12.491871	12.245403	11.348280	12.311345	12.086425	11.183391	12.176239	11.908228	11.062508	12.126163	12.138797	7.309479	7.750950	7.555516	8.936312	9.490543	8.509222	8.370274	9.257212	7.656495	7.863963	8.937455	8.185688	7.644127	8.923284	7.438315	8.378334	9.157996	7.168414
ENSMUSG00000037242	15.009100	14.830894	14.846244	15.031607	15.107430	14.435177	14.579076	14.790774	14.342518	15.063213	15.085485	14.627594	14.920692	14.990289	14.580463	14.844054	15.061300	14.762721	15.101702	14.981777	14.814456	15.153150	15.162603	14.423710	15.573279	15.445192	15.011565	14.688464	14.823009	14.380360	14.616585	14.632496	14.490120	14.556051	14.384946	14.370869
ENSMUSG00000037321	14.198254	14.034119	13.962335	14.277323	13.829293	14.102585	14.343002	13.976202	14.162451	14.052649	13.783031	14.010559	14.167569	13.806899	14.148836	14.077400	13.763875	13.908950	13.996105	13.962803	13.853518	14.244549	14.307791	14.418789	14.411912	14.546965	14.459152	14.533306	14.389630	14.480710	14.472143	14.511996	14.496932	14.408013	14.521229	14.368058
ENSMUSG00000037405	13.017010	12.982292	12.901537	12.791231	12.892740	12.882392	12.755837	12.874446	12.858395	13.008122	12.975279	13.034741	12.953718	12.939488	12.851366	13.001370	13.017235	12.957960	12.839044	12.851498	12.849044	13.720479	13.703532	13.535700	14.076015	14.054307	14.028166	14.348410	14.385802	14.557701	13.914805	13.891295	14.023452	13.955140	13.973551	14.120272
ENSMUSG00000037523	12.553734	12.637264	12.832284	12.478542	12.648546	12.196920	12.742918	12.497808	12.315940	12.657114	12.458824	12.412776	12.524849	12.219105	12.031928	12.572916	12.536473	12.672458	12.854673	12.638087	12.881091	12.403754	12.617653	12.060926	12.658309	12.374675	12.372628	12.719603	12.622117	12.773826	12.703392	12.476160	12.507409	12.493966	12.165050	12.390218
ENSMUSG00000037573	10.598855	10.523550	9.907543	9.964471	10.601727	9.940600	9.913401	10.465250	10.313201	9.869171	10.492966	9.908106	10.173432	10.218693	10.349007	10.314153	10.528321	10.699995	10.513662	10.563471	9.860009	10.885146	11.047684	10.904052	11.166826	11.392803	10.754787	11.582825	11.476142	11.909667	12.153845	11.929699	12.072813	12.167768	12.026618	12.227929
ENSMUSG00000037580	11.337298	11.304850	10.972817	11.175952	11.102295	11.498984	11.382011	11.157921	11.302777	11.310054	11.425905	11.469471	11.169293	11.185532	11.785979	11.561213	11.456651	11.963029	11.791984	11.509249	11.302510	11.080664	11.345311	11.719350	11.356558	11.799436	11.688595	12.099745	11.814503	11.790486	11.903280	11.858243	11.635542	12.068190	11.647514	11.982357
ENSMUSG00000037601	13.579890	13.851197	13.620897	13.681256	13.582912	14.247183	14.294297	14.124058	14.599766	13.644546	13.766363	14.159388	13.667137	14.007166	14.291972	13.861932	13.930353	14.085824	13.401457	13.528849	13.522563	13.726034	13.787519	14.259811	13.435982	13.793462	13.935644	13.488596	13.690560	13.544047	12.774204	12.841659	12.664479	11.808526	12.274590	12.126529
ENSMUSG00000037608	14.500781	14.462388	14.650899	14.677120	14.624014	14.493139	14.361832	14.546060	14.494940	14.615342	14.590177	14.508487	14.682068	14.627121	14.245405	14.524146	14.455190	14.284339	14.418938	14.541172	14.701048	14.680419	14.531311	14.557251	14.512785	14.452485	14.181213	14.270207	14.265244	14.439983	14.028564	14.228558	14.185819	13.933499	14.037219	13.851249
ENSMUSG00000037649	8.564892	8.341757	8.379400	8.694689	8.175167	8.262039	8.283169	8.649272	8.520764	8.874586	8.961836	8.490716	8.598573	8.974900	8.962692	9.065340	8.986297	8.370117	8.910929	8.776192	8.583160	9.121415	8.502882	8.644770	8.634178	8.494191	9.472688	8.156374	8.195871	7.897408	8.637480	8.372196	7.938178	8.397756	8.575921	8.307582
ENSMUSG00000037759	9.134682	9.215359	8.830826	9.148853	9.024243	9.025328	9.788641	9.608980	9.443002	9.147876	8.967480	8.866238	9.012973	9.039074	8.929531	9.668337	9.268030	9.447945	9.929185	9.879938	9.572674	9.051546	9.764920	9.662183	7.861959	8.748760	8.346393	6.138194	6.913726	6.540515	6.616077	7.350831	6.467517	6.594306	7.492736	7.054197
ENSMUSG00000037868	5.786169	5.008888	6.110846	6.406832	5.528598	4.845180	7.101628	6.217125	5.660831	6.348186	7.391094	6.267276	8.251643	7.638259	7.088495	8.452879	7.694570	7.323330	5.870839	5.332207	6.475439	6.554269	5.116059	5.854309	6.957164	6.580923	5.337428	8.402337	8.599793	7.703439	7.021963	7.779861	7.287025	7.368147	7.485274	7.236615
ENSMUSG00000037936	14.056512	14.122107	13.839257	13.867345	13.983998	13.967469	14.033640	14.085195	14.024534	14.037854	14.322947	14.183965	13.954568	14.022052	14.224682	14.119031	14.348012	14.446213	14.256930	14.354247	14.071290	14.007673	14.200299	14.093237	13.723640	13.857823	13.545088	13.466699	13.743599	13.445588	12.610123	12.739987	12.361149	12.165930	12.503413	12.231204
ENSMUSG00000037992	11.218414	10.965164	10.983083	10.385557	10.689384	10.637731	10.834785	10.868665	11.262712	10.727460	11.092360	10.887093	10.731952	10.866087	11.238685	11.060115	11.270502	11.601970	11.612578	11.490822	11.218341	10.644902	10.911309	10.692270	11.029454	10.857039	11.240893	10.104642	10.358691	10.641017	9.599568	9.430860	9.419241	10.448348	10.522079	9.937928
ENSMUSG00000038037	11.051051	11.167765	11.294809	11.384607	11.343870	11.032638	11.333651	11.253690	11.439199	10.827770	11.285030	11.165108	10.825830	10.947017	10.812908	10.833930	11.198481	10.450780	10.371516	9.918516	10.345020	9.991954	10.098834	10.074923	9.984324	10.273463	9.662251	10.654445	10.248150	11.617203	11.069457	11.210401	11.134311	12.478645	12.101887	11.967594
ENSMUSG00000038253	4.913455	3.926322	5.318971	5.554176	4.009410	5.193965	5.410518	5.424183	5.659263	5.514964	5.310438	5.740355	4.941304	4.836314	5.359963	4.307105	4.341851	5.356489	3.830349	4.571233	5.228856	5.383250	4.634820	5.790922	5.775924	5.267520	7.356363	5.908161	5.538403	5.839906	3.958729	4.790397	4.973563	5.458947	5.313041	6.209170
ENSMUSG00000038256	12.286450	12.235467	12.062537	11.825409	11.888670	11.639842	12.102237	11.768835	11.635201	12.258846	11.960298	11.784067	11.984418	11.730311	11.405385	12.167972	12.016760	11.996212	12.156425	12.105522	12.134908	12.175703	12.194524	11.970941	12.345019	12.201553	12.341350	11.931512	12.140991	11.870059	11.995696	11.894962	11.670389	11.836410	11.899962	11.748001
ENSMUSG00000038280	11.136601	10.960633	11.223797	11.391766	11.195889	10.896969	10.961036	11.018323	10.629434	11.176099	11.157835	10.796820	11.015136	10.942555	10.520352	11.048151	11.021263	10.819130	10.960054	10.819738	11.023879	11.370972	11.120796	10.964521	11.449604	11.450962	11.270134	11.466361	11.375254	11.221488	12.033486	12.231637	12.170280	12.480478	12.188176	12.394927
ENSMUSG00000038344	10.704150	10.827370	10.847958	10.716773	10.832419	10.799458	10.539864	10.941322	10.870706	10.713305	10.755819	10.808031	10.781661	11.017259	11.097032	10.745785	10.944827	11.293089	10.766214	10.867161	10.770893	10.870437	10.859095	11.130333	10.395601	10.542586	10.845228	10.562003	10.438310	10.579554	10.377824	10.713176	10.744857	10.484845	10.404426	10.719875
ENSMUSG00000038393	14.712248	14.459117	14.142978	14.039737	14.350753	13.934268	13.800147	14.430210	13.913015	14.345832	14.337361	13.912773	14.171154	14.357461	14.159818	14.067826	14.495328	14.364364	14.862229	14.952290	14.509645	14.397791	14.366281	13.861438	14.917399	14.756585	14.363396	14.917059	15.459728	14.978890	15.443597	15.677305	15.674773	15.580001	15.799109	16.276220
ENSMUSG00000038418	11.566551	10.737916	11.845885	12.043080	11.696126	10.525538	12.141966	11.720162	10.474942	12.436432	12.953957	11.479512	13.988897	13.034564	10.822313	14.219667	13.243980	12.533891	9.697228	10.082805	10.393685	11.675066	10.495712	9.373405	11.895578	11.212065	9.743762	11.089905	12.008962	9.107969	11.344155	11.388229	10.016978	11.601311	12.046177	10.276533
ENSMUSG00000038482	15.676759	15.615090	15.892513	15.230079	15.584819	14.852798	15.171881	15.330738	14.887528	15.667799	15.380711	15.126502	15.619726	15.461660	14.616756	15.448697	15.590986	15.291536	15.697405	15.848754	16.098038	15.678452	15.479951	14.834247	15.534991	15.285995	15.070507	15.187353	15.357902	14.982215	14.945976	15.204242	15.257480	14.467554	14.537826	14.523240
ENSMUSG00000038518	11.416615	11.441390	11.200151	11.456212	11.419229	11.302741	11.134556	11.385670	11.079118	11.377884	11.493714	11.433139	11.385394	11.502747	11.308815	11.379814	11.247191	11.094753	11.717499	11.767719	11.323631	11.512572	11.454612	11.488873	11.327445	11.488640	11.657490	11.842835	11.778862	11.493661	12.384603	12.203296	12.206844	12.686878	12.540502	12.631443
ENSMUSG00000038587	13.474267	13.209374	13.378939	13.229559	13.177569	12.901888	12.617458	12.863788	12.644115	13.383047	12.970098	12.794869	13.457166	13.181793	12.127744	13.138710	13.049040	12.512434	12.001462	12.289778	12.433765	13.163785	12.595810	12.030089	14.312526	13.782561	13.656369	15.403479	15.311199	14.809614	17.160615	17.077324	16.948100	17.855660	17.509718	17.578225
ENSMUSG00000038612	13.951859	13.756720	13.952528	14.274288	14.040185	13.522728	13.840305	13.728226	13.530118	13.981851	14.160294	13.774241	14.289709	14.193005	13.985747	14.042053	14.169535	13.756943	13.912947	14.100115	13.930272	13.908264	13.585566	13.296616	13.925251	13.697503	13.449492	13.935419	13.985343	13.720648	14.291701	14.245404	14.184013	14.276220	14.443234	14.358395
ENSMUSG00000038615	12.279755	12.157798	12.504409	12.125456	12.416594	11.774390	12.059260	12.017926	11.755029	12.334074	12.343582	11.886834	12.323675	12.371034	11.974675	12.189162	12.286146	12.082440	12.188920	12.201787	12.411955	12.264832	11.970902	11.687557	11.969469	11.632700	11.598829	11.605684	11.592403	11.298755	11.444751	11.480509	11.628059	11.453946	11.193485	11.470763
ENSMUSG00000038692	10.564722	10.640414	10.583311	10.352103	10.580921	10.960929	10.968104	10.856755	11.004862	10.248949	10.369815	10.754422	10.345268	10.575298	10.978779	10.615012	10.508934	10.933813	10.708469	10.804866	10.894854	10.648854	10.713515	11.458130	10.396856	10.849763	10.801879	10.492937	10.874097	11.137771	10.082815	10.549996	10.655751	10.337241	10.885615	10.806189
ENSMUSG00000038780	10.187138	10.065335	10.265513	10.112352	10.281221	10.056408	10.250210	10.167507	10.230769	10.323390	10.520188	10.217528	10.245654	10.168800	10.017984	10.317160	10.330149	10.038958	10.275148	10.343631	10.578215	11.409926	11.406563	11.205153	11.558525	11.447190	11.503866	11.043698	11.293555	11.528614	11.331567	11.378183	11.398254	11.776656	11.788388	11.625694
ENSMUSG00000038845	14.619795	14.834443	14.746954	14.506644	14.641866	14.929355	14.630365	14.935914	15.036598	14.527583	14.833064	14.896066	14.672570	14.931550	14.734260	14.660390	14.780869	14.604474	14.466594	14.713357	14.689937	14.832285	14.660010	14.997374	14.265926	14.394063	14.670618	14.186790	14.060548	13.960302	13.358736	13.478526	13.458953	12.847185	12.963097	13.028360
ENSMUSG00000038914	12.983285	12.903920	13.161071	12.864910	13.033863	12.412107	12.526454	12.808976	12.514444	12.912096	12.748335	12.494440	12.792491	12.655501	12.312586	12.727960	12.580137	12.716072	12.935916	12.856967	13.003563	12.600188	12.557857	12.068396	12.697369	12.633903	12.641674	12.400143	12.473343	12.391559	12.434344	12.571396	12.555809	12.584012	12.324908	12.673406
ENSMUSG00000038975	13.364781	13.344660	13.440097	13.300927	13.473040	13.548784	13.426385	13.600348	13.706180	13.433440	13.615804	13.575021	13.738452	13.980474	13.601264	13.687955	13.785704	13.702068	13.007545	13.397413	13.256386	13.563214	13.532703	13.549486	13.044788	13.090334	13.529393	12.990145	13.158900	12.738737	12.360326	12.390737	12.203459	11.863755	12.071366	12.027220
ENSMUSG00000039005	9.751465	9.788749	9.651700	9.825235	9.711417	10.127230	10.104927	10.025671	9.565827	9.972248	9.388751	9.690962	9.922607	9.884030	9.568368	10.069537	9.736357	9.748095	11.169630	11.154400	10.898504	9.771617	9.896040	10.051559	10.084980	10.023160	10.886821	9.903631	9.889824	9.009859	9.919387	9.470520	9.720701	9.480254	9.247036	8.885883
ENSMUSG00000039153	8.538604	8.507774	8.857949	8.880321	9.011969	8.450019	8.699935	8.757580	7.795323	8.906890	9.215119	7.830243	9.004375	8.748288	9.116384	8.668318	8.880104	9.260315	7.064335	6.893758	7.618686	7.801333	7.211877	7.792025	7.840196	6.780036	6.839260	7.390711	7.914607	7.396853	6.178307	6.413612	5.922596	6.819833	6.721231	6.026952
ENSMUSG00000039159	12.058132	12.047193	11.638569	11.605581	11.805092	11.699488	12.057418	11.824812	11.770648	11.716794	11.696862	11.565542	11.857337	11.726811	11.750052	11.988572	12.004271	11.920148	12.146084	12.102211	11.770024	12.361756	12.530172	12.236213	13.152815	13.032919	13.227736	14.283788	14.245399	14.490941	14.711487	14.597768	14.637298	15.008536	14.796629	15.013198
ENSMUSG00000039191	12.974100	12.870315	12.869634	12.981707	12.993551	12.569675	13.081384	12.762823	12.386751	12.864711	13.130957	12.793428	12.735304	12.559384	12.997499	12.976123	12.931160	13.131703	13.036610	12.660126	12.765575	11.936578	12.255477	12.320473	12.056661	11.995485	11.205222	12.051019	12.183132	12.430859	12.260633	12.167234	12.145965	12.248051	11.978926	11.952475
ENSMUSG00000039231	13.204976	13.326418	13.207961	13.142621	13.271424	12.958633	13.334014	13.154834	13.005326	13.287961	13.161774	13.078893	13.287152	13.109627	13.035565	13.155986	13.368867	13.332497	13.458995	13.413285	13.556074	13.360861	13.263899	13.031998	13.251524	12.974489	12.867950	13.119075	13.131519	13.224709	12.986093	12.923114	12.916925	12.388320	12.389647	12.239651
ENSMUSG00000039304	7.707660	7.832367	7.923437	8.223705	7.596803	7.345998	7.253275	6.932779	6.661609	8.506204	7.747393	7.493267	8.418054	7.749343	7.433234	7.856329	7.269379	6.837262	6.328531	6.361110	7.257138	6.394983	5.719962	5.938554	6.751857	6.778957	6.067479	6.487893	5.757853	6.729444	5.731405	6.683091	5.782639	7.132008	6.323978	6.759566
ENSMUSG00000039315	11.846726	11.818865	11.478712	11.524589	11.477203	11.452654	11.045989	11.377594	11.199608	11.521905	11.389373	11.261952	11.801363	11.542134	11.268560	11.516735	11.408260	11.090979	10.352682	10.606198	10.152109	11.056159	10.773697	10.732470	11.060483	10.896254	11.024952	11.170175	11.028779	10.932445	11.513620	11.086185	10.759038	10.723251	10.409904	10.390127
ENSMUSG00000039879	11.264506	11.155431	11.213296	11.181734	11.291697	10.549622	10.929457	10.902246	9.837981	11.622642	11.027889	10.527868	11.239297	10.798139	10.088117	11.311024	11.009410	11.402148	11.593820	11.116703	11.404410	11.197989	11.419023	10.899491	11.913492	11.424346	11.433068	11.853663	12.111451	11.693313	12.530347	12.385856	12.495963	12.648750	12.182701	12.405697
ENSMUSG00000039899	8.051744	8.392347	8.299816	7.900778	7.762428	6.727683	8.184602	8.139513	6.525613	8.036759	8.793930	8.065647	8.094219	8.194464	8.484501	8.006454	7.976633	7.667126	4.200357	4.766355	3.349908	3.247597	3.555934	4.507945	5.316981	5.793276	5.386824	6.190288	6.666953	6.219555	7.071575	7.223414	6.881881	7.857522	7.313508	7.683647
ENSMUSG00000039910	14.934626	14.793164	14.877802	15.052316	15.148475	14.396455	14.823963	15.144356	14.315345	14.866819	15.249557	14.629082	14.913140	14.954875	14.756833	14.931938	15.266428	15.087301	14.582001	14.395424	14.215365	14.962624	14.782499	14.405527	15.824997	15.547446	15.159578	16.738494	17.028671	16.495070	17.848938	17.581976	17.193010	17.919540	17.571198	17.881404
ENSMUSG00000040010	15.479929	15.401367	15.562545	15.596608	15.549223	15.052276	15.274456	15.210174	14.885460	15.759552	15.516019	15.382714	15.470135	15.342267	15.211232	15.510007	15.505454	15.523268	15.762272	15.571747	15.809745	15.482876	15.600195	15.017155	15.394420	15.277739	14.691879	14.339225	14.846066	14.699225	12.989173	13.232722	12.855895	12.533520	13.021968	12.339093
ENSMUSG00000040026	9.889529	9.862282	9.280699	9.157807	10.022399	10.316170	10.408396	9.914317	10.346367	8.779563	10.196264	9.720252	9.544620	10.152449	10.801840	9.999591	9.598006	9.876400	9.112017	9.540011	8.648324	9.119260	8.419556	10.421801	8.972599	9.400917	6.818370	10.143821	9.206195	7.980668	10.031465	9.979135	10.617706	10.414761	10.845868	9.821638
ENSMUSG00000040028	14.162776	14.299525	14.239046	14.191363	14.025505	14.106827	14.150330	14.065719	14.064069	14.189960	14.209028	14.212452	14.019253	13.963239	14.098344	14.194593	14.229780	14.443684	14.085112	13.935534	14.082501	13.874811	14.254269	14.193009	14.103976	14.089887	14.183571	13.736840	13.883021	13.903138	13.824254	13.723856	13.601563	13.544017	13.766354	13.504184
ENSMUSG00000040274	14.452098	14.301057	14.621448	14.547555	14.554620	14.258257	14.870777	14.271982	14.417075	14.604118	14.443644	14.503276	14.723754	14.261675	14.397139	14.371346	14.090302	14.334274	14.798886	14.569572	14.981672	13.982805	13.775854	13.517595	13.256978	12.747465	12.778556	12.319045	12.608815	12.614983	12.959269	12.873585	13.047427	13.166207	13.190166	12.888776
ENSMUSG00000040356	13.216970	13.298713	13.256650	13.520771	13.240761	13.409728	13.172520	13.276126	13.376536	13.296794	13.276669	13.369603	13.299402	13.324625	13.186778	13.331168	13.183186	13.225724	13.115487	13.173650	13.150779	13.235669	13.316320	13.496645	13.444454	13.595953	13.748681	13.787537	13.471300	13.564871	13.820006	13.824983	13.838325	13.864331	13.865722	13.887787
ENSMUSG00000040423	12.145396	12.217660	12.394632	12.059020	12.089655	11.644808	12.065409	11.819100	11.585528	12.332093	12.087593	12.093315	12.112619	11.951118	11.467749	12.011036	12.068736	11.809757	12.352997	12.215836	12.380963	11.957548	11.977144	11.228896	12.079920	11.870162	12.198912	11.874654	11.819641	11.537605	12.314545	12.068075	12.116495	12.231827	11.976757	12.089019
ENSMUSG00000040592	15.855929	15.703592	15.424728	15.767139	15.605132	15.883712	15.564013	15.615014	15.607971	15.689079	15.536822	15.564450	15.655685	15.785508	15.691221	15.612626	15.577023	15.410958	15.491568	15.679683	15.265958	15.978874	15.829363	15.890558	16.440328	16.435809	16.385842	17.092767	16.874384	16.719807	17.529870	17.588539	17.592371	17.901375	17.764381	17.798916
ENSMUSG00000040726	7.651062	8.246703	7.983679	8.799660	8.152050	9.235406	9.052069	7.846053	9.259860	6.748205	7.191490	7.774631	8.055377	8.438014	9.970756	6.887240	8.355538	7.044072	7.437504	7.047664	8.211293	8.856526	8.724768	9.044805	9.325212	8.655842	8.371367	9.213561	8.529098	9.892532	8.796217	8.872919	9.023046	7.445750	8.486504	8.064251
ENSMUSG00000040734	10.765975	10.837191	10.807499	10.651336	10.757845	10.343201	10.705360	10.583616	10.326544	10.827978	10.775889	10.590363	10.472177	10.293646	10.213423	10.696827	10.567733	10.929597	10.369241	9.841067	10.626192	9.910118	10.126148	10.240973	9.818400	9.588038	8.837342	9.534914	9.651623	10.256540	8.022062	8.406157	8.561557	7.728728	8.119692	7.563389
ENSMUSG00000040857	11.799941	11.752135	11.736007	11.446011	11.781234	10.944219	11.202344	11.219935	10.842142	11.771641	11.509981	11.242654	11.729835	11.441104	10.875839	11.783451	11.625706	11.319190	11.846258	11.558911	11.617725	11.454275	11.324600	10.557637	11.409456	10.876635	10.403272	10.616383	10.607141	10.759192	10.579265	10.199906	10.072093	10.663900	10.267640	10.083521
ENSMUSG00000041112	14.107383	14.196390	13.963722	14.144056	14.236011	14.002325	14.062561	14.118892	13.947487	14.248253	14.221914	14.081933	14.190574	14.131789	13.956629	14.142480	14.301725	14.082496	13.911157	13.884609	13.992029	13.968916	14.060624	13.837047	13.867074	13.827105	13.582736	13.586063	13.716349	13.944673	12.970968	13.053149	12.939683	12.711454	12.795821	12.707191
ENSMUSG00000041135	9.914254	10.201434	9.995927	10.269560	10.244103	10.188924	10.366121	10.289207	10.331671	10.147976	10.046064	10.266421	10.422887	10.365997	10.167868	10.239877	10.492856	10.212270	10.305699	10.291917	10.346948	10.408789	10.138243	10.016328	10.606605	10.474551	10.720195	10.952274	10.498086	10.537387	10.290239	10.167446	10.002983	10.370713	10.409620	10.158951
ENSMUSG00000041147	12.042950	12.118134	12.050030	12.042436	12.044264	12.077871	12.015056	12.250305	12.238395	12.309961	12.249462	12.322870	12.477232	12.439836	12.006481	12.279629	12.259814	11.997228	12.032575	12.424941	12.203487	12.235439	12.126541	12.008641	12.037063	11.968229	12.089423	11.999378	12.128208	11.874905	11.957113	11.894215	11.603626	11.516171	11.498210	11.447641
ENSMUSG00000041189	8.050126	8.391511	7.848205	7.210893	8.071460	8.247465	7.371233	7.677448	7.299254	7.578205	8.076710	8.099270	7.916701	7.264309	7.879679	7.808226	7.639123	8.617353	7.300851	7.589808	7.474622	7.956741	8.390458	8.617701	7.908721	7.409441	6.763292	8.247175	8.622202	9.429837	9.458568	8.964483	8.949342	9.241363	8.643078	8.718210
ENSMUSG00000041313	14.524132	14.383871	14.665760	14.633093	14.599114	13.750487	14.050014	14.231078	13.524198	14.916007	14.697872	14.232772	14.702132	14.524414	14.059265	14.582679	14.658067	14.390188	14.868675	14.696799	14.873011	14.631068	14.486066	13.639160	14.514260	14.300965	13.875017	13.388437	13.708184	13.269760	12.688968	12.895639	12.519035	12.192401	12.221379	11.817185
ENSMUSG00000041417	12.230829	12.063267	12.534827	12.246038	12.274007	11.525455	11.295156	11.944231	11.376590	12.478389	12.206420	11.661552	12.340389	12.255807	11.512443	12.129911	12.188687	11.941715	12.537580	12.635280	12.671400	12.239821	11.837136	11.312431	12.527013	12.149436	12.293671	12.398625	12.611148	12.017835	13.205417	13.322858	13.140465	13.490652	13.556957	13.525820
ENSMUSG00000041431	14.114821	14.158299	14.159474	14.323134	14.141521	13.955616	13.970348	14.154818	13.706298	14.222677	14.345908	14.132044	14.418777	14.359266	14.007504	14.318731	14.347740	13.974887	14.242899	14.346040	14.215642	13.601833	13.416615	13.451689	13.185457	13.149986	12.714942	13.261469	12.982440	12.884351	13.347594	13.537868	13.536016	13.087957	13.023594	12.775725
ENSMUSG00000041538	9.569242	9.209329	8.563427	9.149328	8.723725	8.586722	9.535293	9.061519	9.425639	8.824708	8.257797	8.160524	9.052470	8.458405	8.634200	8.797493	8.199804	8.405262	9.478803	9.449696	8.712403	9.318147	9.612268	9.973457	9.678213	9.661730	9.722597	11.253547	10.785287	11.535591	12.789586	12.427087	12.709554	13.561124	13.551853	13.470168
ENSMUSG00000041607	11.548600	11.417078	11.472448	11.593033	11.493741	10.890291	11.516231	11.292735	11.023714	11.554180	11.670320	11.357820	11.726436	11.659568	11.647521	11.574539	11.602228	10.993348	11.991518	11.845268	11.754771	11.509408	11.246182	10.826837	11.519143	11.327370	11.004624	11.539450	11.414567	11.257612	11.570720	11.368548	11.420271	11.692251	11.393296	11.602341
ENSMUSG00000041642	10.656686	10.266634	9.719243	9.580819	10.504206	10.057464	9.170088	10.418722	9.961736	9.815589	10.187536	9.485827	9.944563	10.136119	9.674109	10.049887	10.297940	10.003816	10.656560	10.844604	9.746760	11.083927	11.090954	10.502467	11.770062	11.699727	11.428829	11.914262	11.839249	12.002527	12.499568	11.898059	12.131146	12.953014	12.079002	12.845646
ENSMUSG00000041697	16.688467	16.966695	16.746093	16.847630	16.789141	16.995670	17.235446	16.797788	17.017777	16.714254	16.684447	16.870396	16.619477	16.611947	17.092020	16.796036	16.852700	17.255082	16.665770	16.571003	16.706696	16.707968	16.809610	17.183544	16.932890	16.789569	16.688100	17.085128	17.162514	17.300534	16.939635	16.813046	16.603743	16.165793	16.510231	16.209071
ENSMUSG00000041736	12.688898	12.808597	12.214273	13.047212	12.634487	12.814989	13.579888	12.836784	12.943218	12.587616	12.852458	12.819601	12.804061	12.187875	13.145525	12.762018	12.589748	13.071713	13.034847	12.505281	12.499503	12.980559	13.226360	13.678984	13.534254	14.167824	14.286252	14.973986	14.193205	15.122849	15.227156	14.943487	15.296804	15.047176	14.868136	14.791727
ENSMUSG00000041859	15.707479	15.695444	15.937019	15.944281	15.731160	15.426141	15.507958	15.408951	15.369592	15.977841	15.804265	15.530549	15.801081	15.723346	15.470314	15.726298	15.704780	15.482915	15.724807	15.661621	15.869724	15.739720	15.621526	15.344620	15.990292	15.734370	15.794435	15.797125	15.734247	15.491106	15.670534	15.771533	15.621811	15.252389	15.285077	15.180489
ENSMUSG00000041872	7.662826	6.542589	7.913306	7.161989	8.085383	8.188885	9.306585	8.732182	8.604411	7.672062	7.975948	6.269862	7.211132	7.555228	6.699643	8.163860	7.980903	8.883463	5.643342	6.263322	7.120051	7.608239	8.155919	8.089081	7.354158	7.162744	7.662863	6.470074	8.435093	6.846108	7.070946	7.751032	7.555098	7.258423	7.129876	7.654253
ENSMUSG00000041911	11.958914	11.852779	11.711939	11.914171	11.850934	11.783642	11.853416	12.008060	11.816296	11.868565	11.900440	11.718559	11.742054	11.893553	11.574709	11.773989	11.907008	11.711003	11.770037	11.845643	11.735634	11.136196	10.951088	10.972209	11.343306	11.341293	11.157059	11.393331	11.562258	11.567828	11.527734	11.857275	11.791970	12.091211	12.491812	12.157079
ENSMUSG00000041939	11.943402	11.859459	11.844560	12.187217	12.226459	12.524030	12.643564	12.475773	12.556776	12.061711	12.402672	12.559356	11.885243	12.151145	12.562594	12.409338	12.272451	12.660266	11.917847	11.884168	11.589082	12.304192	12.517126	12.792487	12.701647	12.999701	13.129251	12.546070	12.652460	12.317536	12.971899	12.793371	12.944624	13.563515	13.398895	13.531607
ENSMUSG00000042133	13.187696	13.297520	12.955373	13.385492	13.368070	14.355083	13.383242	13.775088	14.174121	13.057732	13.484721	14.062554	13.432512	13.962316	14.175528	13.369448	13.306471	13.635265	12.826648	13.514536	12.969016	13.829010	13.488423	14.644682	13.115067	13.734974	13.931175	13.033387	13.215978	12.911686	12.436922	12.559122	12.353750	12.254903	12.723839	12.571773
ENSMUSG00000042286	3.302136	3.103912	4.045080	3.669805	3.255479	2.988317	4.088929	3.194740	5.207081	4.040416	4.735929	4.357287	5.173863	4.520013	3.898968	5.731414	4.263070	3.941321	5.520678	6.268128	5.693838	5.607231	5.321466	5.836693	4.176005	4.829166	6.157723	5.146536	5.120061	4.518091	5.516301	5.327300	4.759620	5.151381	5.492770	5.625153
ENSMUSG00000042308	12.289806	12.228982	12.351446	12.422147	12.333976	12.557080	12.374618	12.072536	12.335542	12.467571	12.303808	12.352426	12.458422	12.366676	12.487617	12.389616	12.293235	12.423007	12.003236	12.139052	12.451647	12.279558	12.146308	12.322767	12.030260	11.940501	11.325670	12.023732	12.283988	12.093869	11.899467	12.081728	11.812787	11.672589	11.928392	11.571105
ENSMUSG00000042476	10.132926	10.124978	9.204877	10.066039	10.099454	10.466909	10.225126	10.183371	10.624904	9.953489	9.785454	9.803076	10.233702	9.965782	9.989758	10.261035	9.968012	9.675072	10.925883	11.144439	10.635063	11.641775	12.015670	12.312826	11.869889	12.240769	12.636994	12.550923	12.149018	13.004260	12.525625	12.488074	12.653939	13.404787	13.621848	13.084545
ENSMUSG00000042508	11.415027	11.446913	11.101749	11.195802	11.148993	11.576440	11.647308	11.300672	11.510720	11.244755	11.390087	11.555858	11.210851	11.260313	11.537427	11.283712	11.342621	11.279215	10.765180	11.046626	10.843192	11.978594	11.963346	12.344686	11.547230	11.824230	11.845222	11.458355	11.574955	11.534203	11.397647	11.360023	11.329572	11.436718	11.663991	11.472511
ENSMUSG00000042557	13.233392	13.159456	13.307917	13.244166	13.141380	13.017928	13.451160	13.156645	13.147602	13.298362	13.130160	13.030568	13.225923	13.149620	13.111411	13.254203	13.209354	13.084165	13.175244	13.092249	13.139253	13.245879	13.170619	13.065978	13.385543	13.196006	13.426577	13.385030	13.300814	13.285984	13.218730	13.244196	13.324345	13.165868	13.011128	13.229974
ENSMUSG00000042626	13.143705	13.029700	13.181853	13.244640	13.156295	12.785697	13.227691	13.116824	12.769988	13.177398	13.131632	13.056161	13.342499	13.081598	12.840270	13.091103	13.200857	12.800195	13.244790	13.276488	13.284589	13.317886	13.135322	12.752616	13.527055	13.272596	13.092439	13.332142	13.437164	13.361973	13.479326	13.448904	13.520614	13.375366	13.347675	13.347166
ENSMUSG00000042632	11.683516	11.740260	11.419466	11.471057	11.631167	12.208536	12.056380	11.903007	12.474966	11.431900	11.496098	12.005287	11.425055	11.507755	11.970503	11.573968	11.588164	12.163262	11.421563	11.522548	11.422896	10.862516	11.171615	11.646459	10.997160	11.268167	11.291984	11.675084	11.607839	11.999197	11.229128	11.101498	11.319712	11.002526	11.359562	11.223834
ENSMUSG00000042672	5.041590	4.804095	4.861908	4.672983	4.303423	5.923458	6.338634	4.910883	6.297841	5.026298	5.613045	5.877319	4.675865	4.379330	4.851388	5.657189	5.314593	5.878955	3.116996	3.603780	4.728117	4.102432	4.694933	5.967463	4.146804	4.542446	6.003550	4.928648	4.309222	6.667666	5.527802	5.820767	5.657280	5.920980	5.114906	5.032414
ENSMUSG00000042745	8.738776	9.157167	8.692725	8.365037	8.638412	9.241923	7.953255	9.277804	9.471132	8.624156	9.453332	9.544951	8.194715	9.043881	9.817115	8.500267	9.687550	9.424239	7.825070	7.053201	7.170106	7.167189	6.289830	6.323995	7.397480	7.528071	6.065549	7.649344	7.541995	7.938248	9.540081	9.418881	8.704091	9.834402	9.911323	9.692123
ENSMUSG00000042784	6.131310	5.544909	4.876017	5.667335	5.494087	5.771875	6.862722	5.159614	6.292585	5.573475	6.081731	5.545450	5.924084	5.523870	6.631190	5.760928	6.578865	7.352089	5.133231	5.952843	5.674738	4.991524	5.184113	6.111395	6.357691	6.318714	6.822248	6.846029	5.794352	5.640844	6.908708	6.413815	6.421145	7.345927	6.675791	7.173891
ENSMUSG00000042817	8.669555	8.956963	8.736761	8.609711	9.096068	10.164775	9.683693	9.960989	10.478443	8.137931	9.394408	9.407438	8.695747	9.479806	10.721115	8.909792	9.425408	10.098523	8.611429	8.603007	9.011871	8.999185	8.763619	10.416142	8.211631	9.129085	9.748620	8.449300	8.092891	9.112582	8.324244	8.631378	9.055734	8.405281	8.079159	8.748277
ENSMUSG00000042821	6.480466	5.817193	7.477492	7.847011	7.520205	5.546217	7.853524	6.884961	5.967475	7.264371	7.163663	5.002939	7.206513	6.794954	6.594208	7.276606	6.457249	5.729643	5.993643	5.419725	7.100476	7.163343	6.637580	6.989648	8.270218	7.337674	9.221839	7.625400	7.932553	8.711339	8.314143	8.681013	8.899111	8.400760	8.271494	8.344958
ENSMUSG00000043924	8.999345	8.931085	9.088592	9.843889	9.249359	9.526930	10.171309	9.867276	10.062415	9.165642	9.649175	9.950539	9.345122	9.652495	9.953401	9.459297	9.349341	9.518494	8.884255	8.815721	9.000766	9.752166	9.573763	10.224941	9.241379	9.773192	9.655408	8.633174	8.800387	8.206418	8.880107	8.948313	8.977224	8.888332	9.608449	9.059256
ENSMUSG00000043991	13.097429	13.220553	12.986880	13.124751	13.084884	14.188007	13.679630	13.455721	13.840096	12.901293	13.144238	13.800791	12.751610	13.061522	14.089560	13.226638	13.069343	13.906275	13.171052	13.123214	12.900712	13.269923	13.583757	14.641126	13.059951	13.901835	13.921040	13.321875	13.620028	13.446915	12.902683	12.971354	12.738033	13.012401	13.427072	13.249818
ENSMUSG00000044167	14.595685	14.474422	14.612130	14.455281	14.504211	14.416271	14.415748	14.397224	14.294072	14.547736	14.547188	14.382586	14.560782	14.454472	14.367592	14.447370	14.550145	14.378041	14.159570	14.218002	14.259840	14.779177	14.654604	14.622972	15.294229	15.041619	15.038647	15.323784	15.584526	15.507040	16.066196	15.880036	15.855405	16.550311	16.527472	16.690727
ENSMUSG00000044303	14.199767	14.256431	13.764617	14.479064	14.105032	14.752110	14.544658	14.340481	14.567718	14.129681	14.268940	14.348895	13.783379	13.725379	14.828859	14.353514	14.285507	14.855298	14.477120	13.942571	13.709407	13.991875	14.522783	15.098643	14.060878	14.417912	14.611932	14.719013	14.539251	15.162871	15.111437	14.927774	14.841749	15.290382	15.361316	15.109089
ENSMUSG00000044340	11.027565	11.171261	10.987435	11.185333	11.264602	10.911132	11.183060	11.043593	11.179348	11.351791	11.626873	11.099230	11.298186	11.225880	11.571044	11.287005	11.215109	10.675543	12.071614	12.062755	11.951597	11.779083	11.897669	11.935581	11.870084	11.709810	11.055641	12.158341	12.241140	12.634891	12.195843	12.097381	11.917622	12.237141	12.239045	12.128392
ENSMUSG00000044786	13.680060	13.154100	13.774141	14.551204	14.123274	12.891528	14.239165	13.708908	12.839547	14.234660	14.175216	13.182475	14.585891	13.982436	12.919107	14.482257	14.437980	13.763516	12.576337	12.450630	13.171960	14.296999	14.045870	13.041418	14.879061	14.305170	13.517478	15.251448	15.640959	15.175558	16.143958	16.371402	16.048869	16.124497	16.291876	16.046878
ENSMUSG00000044968	9.259677	9.668561	9.477806	9.313250	9.161134	9.430012	9.583269	9.024819	9.318924	9.396005	9.075242	9.583094	9.209310	8.859791	8.933128	9.440389	9.267050	8.947117	8.901489	8.721716	8.592718	8.744684	9.096127	8.040965	8.988259	8.956066	9.004040	9.597914	9.478865	9.796916	9.892735	9.989133	9.555158	9.961509	9.857379	9.666096
ENSMUSG00000045038	13.936197	13.849541	13.939037	14.045880	13.865388	13.653841	13.908666	13.819566	13.689779	13.971493	13.749629	13.659927	14.021481	13.769445	13.764491	13.845241	13.638212	13.603729	13.799906	13.839063	13.952052	13.999102	13.876918	13.832816	13.814292	13.788073	13.743250	13.628195	13.856219	13.697860	13.477785	13.608543	13.407327	13.054812	13.077772	13.110064
ENSMUSG00000045092	10.116580	10.114332	9.496644	9.954211	10.071575	9.952685	9.632601	9.838690	9.532156	9.939843	9.818308	9.325528	9.648011	10.003224	9.750860	10.136212	10.329419	10.641527	8.941406	8.833085	8.435044	8.601542	8.901762	8.971653	8.364134	8.241241	9.232472	10.012983	10.102231	9.373385	11.484116	11.321418	11.224692	10.869860	11.153069	11.515249
ENSMUSG00000045193	12.579777	12.376245	12.560031	13.099931	12.891200	13.041751	13.045962	12.921092	12.868793	12.533791	12.540284	12.634399	12.539297	12.688829	12.830052	12.474982	12.582861	12.636230	12.268386	12.297836	12.272139	12.755254	12.637625	12.655468	12.884571	13.061078	12.999972	12.696087	12.866780	12.547367	13.176164	13.319460	13.330631	13.156504	13.238293	13.248640
ENSMUSG00000045294	13.887003	13.508682	13.342692	14.009337	14.109406	13.257423	13.727761	13.895591	12.843267	13.848499	14.078396	13.489544	13.652645	13.577996	13.431794	14.167597	14.087950	14.083450	14.304618	13.936795	13.525808	13.860770	14.023175	13.571727	14.396093	14.670573	14.298412	13.904536	13.840373	13.519857	15.330660	15.045859	15.084964	15.812906	15.375362	15.521215
ENSMUSG00000045382	13.567479	13.362419	13.904783	13.751570	13.417395	13.072923	13.163768	12.926774	12.575849	13.417443	12.730012	12.806062	13.302074	12.594752	12.306480	12.920338	12.544506	12.466176	13.526211	13.345984	13.878624	13.191868	12.958362	12.786348	13.032961	12.571926	12.524775	13.692706	13.551654	13.746951	14.836326	14.645308	14.937380	15.159815	14.922781	15.111408
ENSMUSG00000045482	13.335812	13.255522	13.523310	13.305694	13.354895	12.881283	12.775642	13.094582	12.983762	13.372355	13.222442	12.999639	13.335549	13.085582	12.673386	13.272879	13.125879	12.891989	13.702980	13.691171	13.736902	13.592515	13.523492	13.048815	13.709720	13.457834	13.329560	13.575584	13.430554	13.509575	13.991183	13.911408	13.967224	14.038476	13.913135	13.927245
ENSMUSG00000045594	12.546858	12.468647	12.285496	12.634639	12.505139	12.211868	12.456167	12.484885	12.371021	12.816254	12.692665	12.568999	12.789351	12.542034	12.365722	12.780179	12.801543	12.405391	12.703212	12.653745	12.479940	12.716738	12.696990	12.176248	12.488529	12.434174	11.796457	12.289510	12.183991	12.239831	12.381240	12.283822	12.034000	12.414802	12.182998	12.227484
ENSMUSG00000046027	8.864995	9.136101	8.930282	9.040821	8.865796	9.241980	9.666102	9.144576	9.214750	9.104171	9.274098	9.239428	9.130686	9.169709	9.817679	8.966998	9.254067	9.150789	9.477655	9.496796	9.625564	9.759176	9.508293	9.664609	9.940493	9.645222	9.656802	9.538138	9.786994	9.153851	9.906557	9.887800	9.633944	9.591107	9.834568	9.988460
ENSMUSG00000046223	6.502326	7.192365	5.692692	5.788569	6.387760	4.391914	7.646646	4.992025	4.978752	6.395848	5.843862	4.685274	6.261706	5.627795	8.049987	6.771702	6.058652	6.369953	10.104996	9.334117	9.547757	7.362827	7.363024	8.253663	5.962808	5.419130	6.765637	5.684172	6.903358	6.570425	6.266420	5.925720	5.441996	5.644169	6.720299	5.716258
ENSMUSG00000046434	17.745879	17.511143	18.055884	17.466310	17.741913	17.035894	17.148143	17.514834	17.035703	17.636942	17.636912	17.169498	17.653264	17.773273	16.852525	17.603836	17.608141	17.277527	17.944335	17.895125	18.120653	17.775726	17.636270	17.088678	17.729244	17.560955	17.534543	17.942324	18.247716	17.745942	17.960483	18.109544	18.027988	17.934510	17.649318	18.029150
ENSMUSG00000046516	11.117374	11.310135	11.190634	11.341179	11.190303	11.836947	10.974529	11.311246	11.604980	10.899368	11.332336	11.399454	10.825383	11.581714	11.693030	11.239140	11.104571	10.816330	10.670431	10.989662	10.593065	11.253229	11.147626	12.290991	11.122953	11.667620	12.349192	11.169090	10.834166	11.170848	10.388526	10.677148	10.628345	10.753044	10.901925	10.959375
ENSMUSG00000046711	15.507202	15.605616	15.765930	15.530038	15.756698	15.296171	15.018634	15.382102	14.888999	15.285819	15.578162	15.229842	15.431052	15.468148	14.937120	15.318276	15.452201	14.996877	15.366542	15.372254	15.410008	15.908432	15.534284	15.354514	16.132523	16.039262	15.903138	16.041741	15.919004	15.626196	16.769987	16.855357	16.829568	17.383006	16.841137	17.101440
ENSMUSG00000046794	7.533933	6.753213	6.142130	6.075463	6.605323	5.624780	5.371797	6.849404	6.934344	6.835169	6.753294	5.917020	6.133882	5.282946	5.369998	6.511434	7.462790	8.072057	8.875973	8.652801	8.056114	7.603811	7.725597	5.953363	8.126634	8.156194	6.992167	7.815383	7.381737	7.886754	7.627607	7.782718	7.761116	7.239582	7.200535	7.560453
ENSMUSG00000046949	11.600230	11.723390	11.914020	11.565325	11.613782	11.839891	11.522615	11.852001	12.211692	11.941076	12.077630	12.209894	11.774856	11.872430	12.136750	11.844045	11.780478	12.050301	11.640864	11.731797	11.637473	11.590662	11.461674	11.683278	11.384845	11.102374	11.370215	11.459193	11.411723	11.347748	11.214125	11.011339	11.081381	11.003299	11.454716	10.996120
ENSMUSG00000047250	13.843713	13.789645	13.697459	13.804633	13.910128	13.618671	13.709619	13.852514	13.700670	14.176558	14.063779	13.790622	13.957590	13.936354	13.800345	14.005490	14.137608	14.163108	14.557818	14.455371	14.460310	13.451579	13.739020	12.868455	11.983190	12.001163	11.558137	11.297313	11.875506	11.508884	10.603337	10.895547	10.229217	10.023535	10.364716	9.774783
ENSMUSG00000047446	10.372940	10.664023	10.564685	10.666850	10.896492	11.145586	10.472844	10.824919	10.909775	10.424353	10.775821	10.381197	10.521505	10.799613	10.906750	10.651921	10.878556	11.164398	10.424832	10.662070	11.234065	10.986536	10.563672	11.512948	10.719980	10.688573	11.527208	10.705790	10.362152	10.362395	10.452238	10.565331	10.925118	10.542648	10.710227	10.747476
ENSMUSG00000047562	8.153013	8.274171	7.554202	8.508899	8.399619	9.382666	10.196515	8.914047	9.249826	8.145476	8.239685	8.413898	8.150712	8.415682	8.985123	8.814859	8.471530	9.528145	8.430622	8.065443	8.216721	9.210909	8.889826	10.363623	8.351242	8.998559	10.051195	8.585090	8.336179	7.234843	8.980056	8.905311	8.993688	8.077859	8.669724	7.797584
ENSMUSG00000047880	4.943274	4.096647	5.526513	5.077880	4.952806	6.069066	5.761840	4.981003	6.544789	3.828712	5.612135	4.903654	5.440485	5.099133	5.149179	5.634595	5.697668	5.812907	3.255715	4.219642	4.025509	7.269771	7.309166	7.229113	7.981710	8.135969	7.750417	8.148289	7.844700	6.442319	7.586654	7.750580	6.942643	7.602941	7.086073	7.126859
ENSMUSG00000048001	11.003619	11.132007	11.405603	11.477440	11.551816	11.604229	11.132990	11.179917	11.213548	11.572596	11.438326	11.831467	11.028300	11.548499	11.842045	10.815639	11.426500	11.667979	10.295896	9.994949	10.296657	9.527917	9.585574	9.307720	9.074198	9.380485	9.995222	7.589528	7.747201	6.821877	7.741110	7.669211	8.296399	7.744438	8.877573	8.241373
ENSMUSG00000048120	9.487347	9.474062	9.016388	9.558714	8.780214	9.256849	9.960778	9.548688	8.829476	9.227753	8.906419	9.363498	9.726891	9.403793	8.508676	9.695423	9.618545	8.408050	9.356948	9.514608	9.039811	9.121531	9.032288	9.108517	9.077192	8.899661	8.891405	10.827122	10.538157	10.181852	11.103834	11.062762	10.902372	11.679018	11.122417	11.303647
ENSMUSG00000048895	6.543600	6.810221	7.298626	7.428676	6.760946	6.233368	7.771456	6.699401	7.024665	6.336322	7.621887	7.220491	7.194299	7.022916	7.638984	6.650427	7.305517	7.063097	7.157891	6.409988	7.567870	7.403914	7.045257	7.726532	7.419487	6.852446	6.431905	8.170761	6.971600	7.887603	9.117671	8.994682	9.463663	9.615765	9.068630	9.401953
ENSMUSG00000049103	11.966827	12.195929	11.817645	12.580087	12.136045	11.877637	11.951398	12.405674	12.475740	12.165475	11.655591	11.998938	11.695797	11.670211	11.634993	12.122411	12.196170	12.000365	11.469438	11.514852	11.740524	10.157804	10.177319	9.820059	7.963275	7.719953	8.944967	4.431794	4.752158	5.693111	5.026222	4.319488	4.677165	3.893636	4.618843	4.742836
ENSMUSG00000049672	11.471989	11.274872	11.526070	11.145757	11.285446	10.601386	11.040638	10.980287	10.477874	11.260175	11.292752	10.837743	11.355796	11.347766	10.882861	10.938894	11.219357	10.664699	11.668953	11.724479	11.763908	11.243213	11.020873	10.440264	11.327919	11.039220	10.927433	10.843891	11.024002	10.259235	11.096937	11.128968	11.189675	10.922516	10.883558	10.999936
ENSMUSG00000049723	6.112129	5.105706	5.297665	6.425984	5.561957	6.903166	6.079979	6.446643	7.435437	6.178131	5.033176	6.839724	6.180660	5.730997	6.403686	6.047202	5.883115	8.161040	6.476816	5.527365	6.039427	5.147884	5.539537	5.777263	6.463020	5.666364	5.538139	6.416372	6.111051	7.280395	7.402459	5.747626	6.608734	6.378922	6.945591	5.973057
ENSMUSG00000049988	8.246503	7.667672	8.244518	8.350999	8.282838	8.031623	6.922090	8.311681	7.523256	8.219550	7.918583	7.045504	9.230014	8.659146	8.017595	9.607647	8.488234	9.408629	7.560038	7.422869	7.595433	6.415520	6.326423	7.503814	6.883220	6.919176	5.607258	6.669803	7.440491	7.256137	6.507035	6.742296	6.197568	5.990360	5.308484	5.285382
ENSMUSG00000050310	12.469213	12.250928	12.521699	12.433626	12.413214	12.119674	11.657982	12.270585	11.843302	12.504549	12.227637	12.010974	12.272847	12.183726	11.706124	12.349916	12.228254	12.527919	12.458133	12.249767	12.501844	12.181828	12.252993	12.096642	12.362549	12.506628	11.994299	12.452677	12.637510	12.614782	12.767710	13.043174	12.787886	13.174443	13.147157	13.021128
ENSMUSG00000050410	12.485209	12.627705	12.656911	12.272756	12.201540	12.430227	12.349722	12.300692	12.337650	12.459872	12.273035	12.477422	12.508307	12.346040	12.394748	12.424734	12.245254	12.415805	12.300091	12.253313	12.387628	11.725846	11.652129	11.844096	12.384076	12.304101	12.634365	12.881321	12.837980	13.045779	12.783111	12.759351	12.678810	12.189866	12.092340	11.955412
ENSMUSG00000050921	10.892252	10.841959	10.826673	11.012758	11.104330	10.751288	10.840668	10.997089	10.897644	10.511393	10.592447	10.115102	10.648904	10.460480	10.723495	10.637912	10.730077	10.145941	11.405497	11.124049	10.846680	12.709403	12.525403	12.475098	13.307903	13.208382	13.020082	14.076326	13.795301	14.564658	14.253857	14.051096	14.169747	14.122368	13.908186	14.093986
ENSMUSG00000050954	10.899119	10.901319	10.869401	10.761924	10.829508	10.670663	11.053507	10.690268	10.361904	10.789262	10.688011	11.009215	10.695612	10.474666	10.368511	10.601409	10.565057	10.818546	10.556883	10.436226	10.711846	10.500022	10.838946	10.297415	10.861224	10.801390	10.876678	10.336158	10.799822	10.378775	11.001711	10.910544	11.176007	11.195395	11.228438	11.277376
ENSMUSG00000050965	13.947475	13.850241	14.260953	14.013506	14.222883	13.829790	13.513872	14.069445	13.658867	13.897914	14.173974	13.821235	13.906138	14.166371	13.752588	13.801483	14.253415	13.996777	13.604195	13.637111	13.683747	13.467748	13.248901	13.077112	13.705286	13.532608	13.516838	13.635421	13.697602	13.323441	13.677098	13.814746	13.923244	13.726843	13.918272	13.706366
ENSMUSG00000051147	11.111325	10.871172	10.975363	10.882004	11.207390	11.268196	10.765931	11.102552	11.108417	10.913570	10.816839	10.816782	10.651910	10.830889	10.491183	10.899722	10.693452	10.578229	10.539925	10.552644	10.280313	10.915916	11.028142	10.911050	11.433588	11.512711	11.125555	11.350857	11.265048	11.628480	11.217865	11.412855	11.538515	11.576463	11.117819	11.530148
ENSMUSG00000051451	12.258956	12.107764	12.181857	12.417761	12.320530	12.072188	12.231658	12.247160	11.996815	11.842968	11.812203	11.807326	11.691102	11.524792	11.923735	11.796028	11.692639	12.271546	12.499381	12.095258	12.088522	11.654307	11.965642	12.041042	11.774404	12.085418	12.366169	11.908402	11.713279	12.077138	12.310855	12.258364	12.631033	12.496985	12.352979	12.589539
ENSMUSG00000051768	14.282099	14.295707	14.293113	13.987209	14.057815	14.225245	14.048771	14.209509	14.297120	14.188826	14.228727	14.335459	14.275602	14.395656	14.266383	14.302762	14.195977	14.066878	14.307885	14.426665	14.303333	14.441161	14.338275	14.457440	14.302405	14.474419	14.473603	14.547052	14.529536	14.449854	14.468366	14.588490	14.599819	14.439400	14.416309	14.443218
ENSMUSG00000052271	8.068387	7.949435	7.545949	7.706446	7.580567	7.649194	8.354446	7.956654	7.487955	8.123316	7.189277	6.999368	8.043941	7.310114	7.980259	7.501150	8.071645	8.620281	7.937109	7.525711	7.160019	8.409140	8.845638	7.899010	8.357640	7.616149	8.417361	8.895131	8.660556	8.903866	9.142166	8.968838	8.980169	9.302718	8.452889	8.798021
ENSMUSG00000052305	6.408773	6.595148	6.856298	7.509086	6.133010	7.496119	5.975709	6.120029	6.861416	6.544993	4.822207	5.090250	4.851080	5.452889	5.513217	4.367952	5.468130	5.884371	4.968111	3.787976	5.035200	4.740717	5.511944	4.506996	4.652809	4.761761	5.791349	5.698810	5.501474	6.254317	6.116326	6.609884	5.954173	5.355919	6.623786	5.436332
ENSMUSG00000052310	13.381936	13.248477	13.297827	13.392870	13.173987	13.284176	13.008697	13.217374	13.131632	13.278742	13.283670	13.265874	13.378434	13.443945	13.096731	13.376634	13.470551	13.177004	13.394029	13.642081	13.419978	13.559394	13.311837	13.168935	13.361886	13.333052	13.495666	13.217014	13.408797	13.223878	13.238118	13.253077	13.106005	13.038726	13.080544	13.156676
ENSMUSG00000052336	5.812432	5.608595	5.728869	5.716504	5.758276	6.102566	4.929005	5.805470	5.307168	5.774770	6.402977	5.807376	4.845907	5.490763	6.673166	4.807326	5.500575	4.998632	7.453884	7.642188	7.376685	6.608329	6.662453	7.001992	7.078929	7.165416	8.540402	7.374382	7.911567	8.465759	9.175882	8.897126	9.097871	9.445155	9.067070	8.556194
ENSMUSG00000052429	14.665518	14.672967	14.876363	15.047827	14.769907	15.195250	14.813486	14.976835	15.285398	14.782008	14.944319	15.132524	14.840285	15.063271	15.291357	14.811332	14.870856	14.944615	14.616972	14.832662	14.730841	14.918001	14.799333	15.148264	14.577200	14.853324	15.040124	14.275176	14.116002	14.002302	13.600506	13.815821	13.912467	13.127900	13.373791	13.345216
ENSMUSG00000052516	4.863900	6.349226	5.950139	4.592747	5.127506	7.060889	7.179056	6.046592	5.429455	5.315599	5.562004	6.319851	4.798224	4.913248	6.896904	5.002608	5.272564	7.005876	3.628365	3.806779	4.246741	3.233648	4.880270	6.226058	3.235784	2.514705	4.577265	3.843301	4.913580	5.353405	2.776690	4.026899	4.761265	3.275032	2.400186	3.962445
ENSMUSG00000052681	13.842062	13.925445	13.743098	13.943238	13.932797	13.699643	13.868595	14.015041	13.758922	13.977821	14.033290	13.959787	14.099167	14.036827	13.585851	13.934830	14.248545	13.676496	14.001512	14.248157	14.175701	14.165252	14.066378	13.715258	14.070237	13.757936	13.620329	13.794666	13.738595	13.948868	13.705087	13.706763	13.919795	13.663840	13.737395	13.828856
ENSMUSG00000052684	10.426113	9.660701	10.404486	11.255075	10.467057	10.056326	10.581650	10.066363	9.752570	10.479147	12.180383	9.555664	12.265006	12.378710	11.245571	12.751691	12.526567	11.616836	10.869435	11.202395	11.292539	11.240992	9.945846	10.251836	11.625900	10.648969	10.948049	13.769567	13.800426	11.420880	13.918711	13.825076	12.563673	13.830499	14.068990	13.006575
ENSMUSG00000052837	14.800255	14.672888	14.836770	15.015308	14.825389	14.824797	14.683457	14.993212	14.604967	14.896844	14.875933	14.887247	14.815512	14.896708	14.607214	14.853697	14.861312	14.918210	14.199029	14.073560	14.073190	13.923734	13.952978	13.754389	14.330138	14.676422	14.514514	14.022389	14.246461	13.898073	13.712279	14.154538	13.875607	14.568510	14.559537	14.533442
ENSMUSG00000053113	7.266403	7.243971	7.735746	7.368502	7.513838	6.703637	7.244147	6.865667	5.940959	7.388624	7.253558	6.590511	7.338890	7.260556	7.085798	7.075893	7.697586	8.159990	6.218924	6.482179	5.966872	6.556201	7.112512	5.893809	7.482697	6.353316	6.878186	7.111744	7.409062	5.596754	8.373256	7.807841	8.031418	8.247552	7.645953	8.315962
ENSMUSG00000053226	9.441728	9.614839	9.586609	9.396555	9.438804	9.406031	8.166856	9.432059	9.587637	9.411898	9.335899	10.211196	9.647226	9.651637	9.877496	9.539280	9.703264	10.456554	9.822505	9.547264	9.694792	9.472524	9.336980	9.219498	9.623534	10.009015	9.963051	10.196959	9.688571	10.483163	10.417924	9.955606	10.181105	10.299865	10.638078	10.583240
ENSMUSG00000053310	10.712227	10.765775	11.120450	10.708778	10.791737	10.724172	11.184124	10.917969	10.940159	10.486163	10.487770	10.695673	10.421339	10.156819	11.202357	10.616407	10.487215	11.048853	14.755855	14.427911	14.196957	13.361305	13.315267	14.240575	12.812721	12.449990	12.352449	11.698242	11.299109	12.198066	10.039935	9.944493	10.732243	9.695110	9.535890	10.137576
ENSMUSG00000053398	15.339281	15.546558	15.510234	15.612057	15.454126	15.770600	15.700949	15.577638	15.815533	15.390193	15.554138	15.764617	15.498080	15.498003	15.864594	15.500629	15.514894	15.676267	15.613457	15.569281	15.746547	15.670223	15.782921	16.038166	15.427357	15.647995	15.581502	15.183565	15.089296	15.330836	14.082515	14.254367	14.153872	13.123890	13.544837	13.108336
ENSMUSG00000053436	13.960755	14.006119	13.965095	13.949266	13.909292	13.647693	14.030692	13.845316	13.746399	14.051941	13.958294	13.841463	14.012328	13.827551	13.865940	13.817064	13.973739	13.971894	14.091474	14.028852	14.044169	13.634464	13.811027	13.444204	13.456549	13.460628	13.077328	13.244606	13.261259	13.134427	12.977184	13.078551	12.982995	12.948485	13.032169	12.938934
ENSMUSG00000053469	6.845107	6.864647	7.743189	7.266977	6.773237	6.043580	6.143051	6.620435	7.175852	6.880487	7.719311	7.540453	7.138795	6.823417	7.490500	6.679768	6.897361	8.362642	6.982738	7.021123	7.080182	7.030115	6.840626	6.919814	5.777891	5.594307	7.684141	5.948156	4.619259	4.597376	6.711557	5.602644	5.528994	5.762776	4.681595	5.669944
ENSMUSG00000053477	13.017038	12.918852	12.455413	12.721686	12.676823	12.616424	12.905699	12.837364	12.775371	12.623022	12.664214	12.551380	12.615408	12.524413	12.926437	12.775253	12.765402	12.799209	13.615957	13.458826	12.986050	12.634902	12.882272	12.938605	12.487467	12.432473	12.460445	13.504870	13.470415	13.772244	13.671985	13.397173	13.435869	13.653063	13.823600	13.748762
ENSMUSG00000053964	11.140594	11.293698	10.551600	10.735114	10.807450	11.587862	11.574055	11.418487	11.947898	11.156140	10.984887	11.425564	11.126251	11.263106	11.390594	11.234572	11.204055	11.485704	10.520154	10.786320	10.542183	10.640370	11.156432	11.437035	10.513556	10.780499	11.161985	10.758385	11.034918	11.311897	10.552460	10.715493	10.535570	10.847731	11.139563	10.905838
ENSMUSG00000054115	13.035948	12.885455	13.315374	13.136996	13.089376	12.692865	12.526754	12.720380	12.538034	12.962287	12.947610	12.831366	12.859234	12.816581	12.852114	12.820171	12.779024	13.038705	13.471906	13.288117	13.399056	12.339695	12.204219	12.261933	12.265268	12.126158	11.849942	12.142613	11.870648	11.811757	12.615317	12.608783	12.818591	13.078280	12.933822	13.245950
ENSMUSG00000054256	9.380051	9.390478	9.371981	9.842242	9.632659	9.431901	9.562925	9.429411	9.541865	9.809580	9.795066	9.763592	9.956129	9.550831	9.864774	9.676417	9.682959	9.386599	8.888962	9.107098	8.794022	9.678792	9.465854	9.549529	9.782401	9.327956	9.136616	10.478833	10.324439	10.893229	10.549722	10.597893	10.469623	10.937767	11.109576	10.719724
ENSMUSG00000054342	12.167421	12.073376	12.182947	12.210879	11.949789	12.028162	12.193984	12.038829	12.019304	12.105743	12.069362	11.989175	12.152927	12.037687	11.956531	12.162128	12.038122	12.173643	12.287202	12.007731	12.302041	11.244548	11.254851	11.071370	10.857146	10.906704	10.687227	10.604067	10.624963	10.642693	10.050975	10.406892	10.008929	9.906692	9.974312	9.650061
ENSMUSG00000054364	9.966572	9.141656	9.762110	10.531197	10.061651	9.823242	9.435032	9.879834	9.630598	10.231933	10.823654	9.456569	10.741769	10.853755	10.580371	10.870885	10.851543	10.691871	9.874128	9.913743	9.363550	11.002480	10.249428	10.155831	11.264034	10.911458	10.124364	11.779629	11.550848	10.306196	12.365597	12.491956	12.034556	12.617301	12.596711	12.051132
ENSMUSG00000054520	9.537652	9.574408	9.522363	9.797326	10.008456	9.397097	9.925770	10.147415	9.928793	9.764204	10.016171	9.952169	9.815244	9.919028	9.988592	9.875197	9.998847	10.079852	10.223140	10.137045	10.091980	9.136910	9.269629	9.467743	9.363997	9.644445	9.354526	9.292238	9.173040	9.599359	9.196874	9.365648	9.458040	9.656656	9.615832	9.726299
ENSMUSG00000054611	13.770442	13.810779	13.628567	13.642286	13.536535	13.538260	13.748075	13.669499	13.648172	13.599527	13.531367	13.676963	13.462400	13.346757	13.815797	13.631081	13.521978	13.918345	13.892881	13.729994	13.530943	13.450159	13.587583	13.695869	13.734743	13.630083	13.964060	13.694640	13.811021	13.826722	13.671166	13.398979	13.351268	13.652054	13.721310	13.731771
ENSMUSG00000054612	13.701388	14.000046	13.684191	14.004414	14.071499	14.552337	14.097757	14.111185	14.369571	13.690507	14.043128	14.176442	13.954061	14.013630	14.276036	13.926951	14.051278	13.694549	14.213012	14.271329	14.323164	14.478172	14.392064	14.666530	14.191054	14.563294	14.633903	14.182243	14.077968	14.088263	13.871659	13.641667	13.540387	13.564956	13.600888	13.483920
ENSMUSG00000054717	15.929324	15.798661	15.777897	16.320997	15.723624	16.230014	15.057820	15.933167	15.901562	15.659598	15.816215	15.990376	16.022268	16.447213	16.119120	15.731394	15.677221	15.147522	15.691258	16.246240	15.634141	16.464997	16.097948	16.362624	16.205787	16.704742	16.709307	16.060228	15.813268	15.512080	16.019743	16.539609	16.438158	16.058920	16.268891	16.337838
ENSMUSG00000054932	8.736154	9.273777	8.696909	9.454655	9.280139	9.667522	8.777035	8.849592	9.660954	8.658411	8.704592	9.646657	9.389735	8.904078	10.434211	9.028183	9.296800	9.745451	3.561200	3.533447	3.904097	3.999873	4.432938	4.907570	4.925166	5.269818	5.506871	5.827243	4.990682	6.656110	6.037736	5.239311	5.517337	4.980572	4.339744	4.798889
ENSMUSG00000055024	13.485280	13.514567	13.459608	13.158818	13.287936	12.823489	13.197715	12.999004	12.643992	13.482936	13.203564	13.020831	13.184172	12.770840	13.019066	13.305256	13.177470	13.308374	13.772137	13.346310	13.651492	13.282506	13.524935	13.198492	13.890588	13.620448	13.137848	13.898445	14.166827	14.684775	14.209205	14.215263	14.169411	14.388543	14.220571	14.216222
ENSMUSG00000055116	14.494972	14.386199	14.306551	14.132144	14.234652	13.902594	13.422329	13.665983	13.625853	13.672324	13.346619	13.296780	13.764102	13.329338	13.284015	13.499729	13.418888	13.386063	13.791579	13.917875	13.731865	14.277208	14.107627	13.782988	14.161618	13.789586	13.589110	14.055004	13.907240	14.085618	15.022913	14.677327	14.852523	14.739237	14.618985	14.486000
ENSMUSG00000055148	8.773529	7.872687	8.019652	8.778740	7.921193	7.587394	7.491895	6.817259	7.069857	8.860135	9.347202	7.258233	9.901103	9.247023	7.959389	10.803331	10.165624	10.061959	7.921924	8.226348	7.732480	7.307529	7.843662	6.119317	8.449221	7.276155	8.707292	10.124308	10.163043	9.520065	11.381714	11.457321	10.001005	11.053459	10.666983	10.010308
ENSMUSG00000055447	12.704161	12.666606	12.467984	12.711673	12.571169	13.050998	12.888067	12.787919	13.189794	12.438867	12.498585	12.714576	12.354440	12.408980	12.898351	12.563276	12.383354	12.918130	12.098246	12.011252	11.854940	11.858032	11.816732	12.325895	11.847883	12.116740	12.151742	12.638459	12.465522	12.607909	13.051501	13.054653	13.010880	13.140496	13.284888	13.184567
ENSMUSG00000055612	14.529236	14.519495	14.486961	14.549449	14.468629	14.267623	14.261434	14.335283	14.286515	14.432533	14.322208	14.239656	14.460266	14.485589	14.301173	14.341187	14.372887	14.162001	14.465734	14.587992	14.550836	14.471177	14.435920	14.280787	14.096013	14.073881	14.036126	13.712925	13.854220	13.811934	13.287599	13.538831	13.356035	12.619543	12.776119	12.706165
ENSMUSG00000055799	4.153076	4.363704	4.066680	3.653773	4.000030	4.536406	6.713500	5.202820	5.105635	4.104840	4.775689	5.691531	4.659718	3.754241	5.084961	5.195912	4.647771	6.926854	2.474502	3.064631	3.823006	4.549870	4.152905	6.609475	5.507274	5.787014	5.735295	5.985550	5.992646	5.265393	5.530045	5.055872	5.870965	6.148190	6.582474	6.073782
ENSMUSG00000055866	10.643723	10.755747	10.771598	10.578023	10.624323	10.466849	10.579652	10.424489	10.338389	10.648795	10.392411	10.428365	10.556752	10.285933	10.074853	10.659125	10.391917	10.305295	10.216710	10.371185	10.693259	10.570480	10.660224	10.829526	10.992016	10.665353	10.397058	9.799599	9.710569	10.392083	9.169261	9.616200	9.843102	9.246360	9.731726	9.134190
ENSMUSG00000055980	9.065903	9.170406	9.270674	9.032066	9.799787	8.856642	10.291767	9.562964	9.153527	9.534339	10.203932	9.644743	9.328507	9.517773	9.564146	9.371796	9.520966	9.390448	8.603385	8.729296	8.988115	4.538548	5.960113	5.949476	5.860118	5.419852	7.207654	4.779157	5.177039	5.832870	6.690303	6.024044	7.231837	7.275571	6.656831	7.408903
ENSMUSG00000056091	12.678256	12.674930	12.185423	12.561526	13.016457	12.747613	12.638144	13.067536	12.732458	12.736455	13.084719	12.783248	12.560984	13.255004	13.283829	12.832782	13.228172	13.343853	13.675838	13.720029	13.178980	12.377235	12.660649	12.672050	11.504458	11.949257	11.363895	11.505768	11.836581	11.290989	11.095941	11.297699	11.094988	10.827503	11.067862	10.950512
ENSMUSG00000056155	9.863631	9.565254	8.868101	10.205931	9.630578	10.566522	9.779228	9.832294	9.457150	9.731546	9.762554	9.677024	9.505532	8.862285	10.630307	9.034814	9.166409	10.430076	9.497172	8.779129	9.386116	9.590606	9.771097	10.885765	9.998601	9.747590	9.899282	10.100902	9.824596	11.607903	10.361430	9.912862	10.101721	11.073172	10.148674	10.286602
ENSMUSG00000056220	11.086550	11.092779	11.196489	11.105395	11.018222	10.757088	10.914267	10.858936	10.739134	11.517415	11.188214	11.197313	11.473333	11.305679	10.814288	11.324290	11.377893	11.216709	11.955395	11.813820	11.850851	11.461601	11.318748	10.873204	11.546629	11.563314	11.054143	11.671908	11.323074	10.817774	11.304000	11.359311	11.235317	10.841850	10.644908	10.726771
ENSMUSG00000056537	13.410552	13.370783	13.575994	13.729897	13.508972	13.084771	13.331287	13.407356	13.217612	13.588478	13.496259	13.437943	13.750447	13.671411	13.246425	13.494026	13.515100	13.202728	13.627394	13.541430	13.530410	13.468434	13.355040	12.819115	13.547365	13.248943	13.223405	13.123896	13.151811	13.085617	13.198859	13.194365	13.067853	13.290697	13.287200	13.250037
ENSMUSG00000056648	8.923844	9.052316	8.671349	7.234495	8.779457	7.101277	7.461679	8.468577	7.970839	8.037778	9.279042	8.400814	8.512502	8.822368	9.374028	8.465035	9.286558	9.398875	12.756126	12.435934	12.136702	10.563366	11.019902	10.729156	8.629620	8.996693	8.345248	7.512480	8.104989	8.829727	8.914364	8.122306	9.183050	7.746597	8.224017	8.288738
ENSMUSG00000056749	8.742409	8.650510	7.914151	7.700290	8.642228	9.542032	8.782204	8.214573	8.346373	7.506755	7.641599	8.376730	8.088891	8.127440	9.022461	8.058261	7.671822	8.370653	8.667841	8.518155	8.043435	8.913183	9.575145	10.025658	9.215473	9.383079	9.242434	8.938002	8.897992	9.305298	8.784531	7.874671	8.936459	8.795019	8.199215	8.585990
ENSMUSG00000056999	15.101156	15.130960	15.328573	15.172703	15.121690	14.651631	15.004943	14.979196	14.829087	15.313109	15.243195	15.095811	15.271948	15.114757	14.744062	15.218517	15.307456	15.132399	15.161806	15.133897	15.339766	15.019369	15.049546	14.548847	15.086742	14.815127	14.618975	14.734477	14.831254	14.738597	14.355895	14.381574	14.296967	13.702136	13.913105	13.745454
ENSMUSG00000057098	15.731838	15.603143	15.234290	15.450837	15.472475	15.871469	15.829572	15.728389	16.071109	15.319580	15.308108	15.572079	15.263489	15.269532	15.729326	15.512720	15.331304	15.737442	15.258604	15.298949	15.028109	15.817656	15.990951	16.517303	16.064582	16.382945	16.365120	15.538123	15.573739	15.707404	15.975317	15.898782	16.044022	16.348011	16.870748	16.390725
ENSMUSG00000057113	17.492438	17.621939	17.962151	17.333722	17.412166	17.315687	16.873854	17.266321	17.176534	17.398337	17.504062	17.267500	17.218775	17.966838	17.179974	17.371719	17.511765	16.836668	17.394379	17.606031	17.260765	17.600604	17.414444	17.252972	17.146085	17.253892	17.386361	16.683342	17.097312	16.255340	16.087322	16.617032	16.134216	16.080848	16.282564	16.234733
ENSMUSG00000057329	10.488933	10.669582	10.753728	10.668426	10.681486	10.987589	10.872220	10.923617	11.014498	10.831025	10.884657	11.037748	10.765975	10.712510	11.392798	10.872112	10.884535	11.311143	10.951256	10.929055	11.078390	10.613508	10.652931	10.992527	10.748267	10.847665	11.616575	9.993685	10.328777	10.683466	9.129730	9.293402	9.337776	8.706759	9.071751	8.698470
ENSMUSG00000057342	12.786924	12.792825	12.928567	12.916850	12.747279	12.438719	12.825081	12.557749	12.481704	12.913720	12.863317	12.618057	12.863349	12.618761	12.648375	12.915926	12.799559	12.779541	12.764625	12.559490	12.905072	12.778481	12.558525	12.500609	12.843606	12.546737	12.565743	12.904358	12.918551	12.933685	13.189907	12.989866	12.800569	13.090317	12.968383	12.930165
ENSMUSG00000057367	12.437939	12.349337	12.043251	12.143123	12.161755	12.439409	12.125964	12.467605	12.782093	12.236945	12.170296	12.351127	12.245347	12.259251	12.230198	12.068331	12.185531	12.334300	12.489632	12.585993	12.293820	12.339939	12.529648	12.330115	12.257145	12.453054	12.698609	12.803448	12.487644	12.780918	13.394487	13.067052	13.156460	13.504419	13.351087	13.249291
ENSMUSG00000057457	6.026099	6.345649	5.607802	6.828337	6.561505	4.804150	6.945444	6.199683	6.466978	6.226954	5.949632	4.548493	5.571646	5.236848	5.761326	6.288653	6.048131	7.684509	5.774671	5.138732	6.074155	5.517836	4.946411	6.418887	6.001619	6.101482	6.238423	5.217232	3.220022	5.088123	5.969651	6.166912	5.342744	6.322052	5.387271	6.044717
ENSMUSG00000057530	10.665194	10.570006	10.491130	10.637964	10.495950	10.183975	10.727268	10.537003	10.276508	10.934889	10.627185	10.352415	10.998081	10.698095	10.534603	10.953489	10.707642	10.819847	10.776666	10.854272	10.954654	11.077599	10.957208	11.074476	11.394661	11.325039	11.235635	11.509286	11.710313	11.384539	12.050836	12.187694	12.065393	12.288917	12.330506	12.356831
ENSMUSG00000057666	18.452095	18.521852	18.161752	18.217556	18.345945	18.418298	18.206925	18.465992	18.325786	18.244420	18.380294	18.263358	18.108001	18.405720	18.021282	18.292139	18.375912	18.253910	18.598883	18.712334	18.311334	18.800591	18.877614	18.846729	18.737492	18.810250	18.684971	18.557407	18.729648	18.292298	18.106585	18.038086	17.637863	16.960875	16.917972	16.940225
ENSMUSG00000057729	9.980394	10.037682	9.519053	10.173198	9.751385	10.242834	10.392755	10.350770	10.223339	9.778452	9.806314	10.021743	9.630925	9.616024	10.051333	10.170074	9.839458	10.078629	11.354427	11.426663	10.883483	10.569170	11.076236	11.593260	9.178429	9.737462	9.909523	7.266540	8.137981	8.449147	6.444970	5.937079	5.983189	5.478332	5.998598	6.479025
ENSMUSG00000057789	14.598723	14.562452	14.702190	14.603334	14.714038	14.360951	14.464880	14.476171	14.385484	14.679980	14.641352	14.498514	14.682456	14.551429	14.520160	14.634860	14.683183	14.627876	14.617976	14.626883	14.780127	14.618790	14.493659	14.172562	14.646856	14.247689	14.196634	14.700798	15.104690	14.836552	14.669283	14.506401	14.316338	14.352498	14.575855	14.288814
ENSMUSG00000057841	20.720581	20.513258	20.909745	20.401725	20.713231	20.032768	20.063989	20.533421	20.030880	20.312349	20.517083	20.085690	20.602097	20.773152	20.051449	20.366080	20.136994	20.018623	20.691648	20.668583	20.738088	20.534972	20.490719	20.054614	20.609949	20.514718	20.515091	20.299779	20.460634	19.950757	20.235904	20.426262	20.500911	20.410804	20.214546	20.431284
ENSMUSG00000058135	12.021858	12.027913	11.689733	11.545946	12.008766	12.132955	12.321070	11.927638	12.057191	12.000031	11.738634	11.915104	11.971713	11.852080	11.795704	11.728070	12.108044	12.136333	11.478290	11.443205	11.684666	11.248642	11.347448	11.161908	11.120707	11.152988	10.322923	11.869715	11.992194	12.110957	13.169427	13.126461	13.250079	14.212001	14.169013	14.059827
ENSMUSG00000058440	12.616945	12.598572	12.573768	12.818127	12.533804	12.670976	12.884896	12.596606	12.437540	12.612233	12.800464	12.892787	12.557483	12.589262	13.023451	12.686573	12.575910	12.648622	12.496665	12.216075	12.175259	12.375408	12.511939	12.739590	12.384490	12.577254	12.665581	12.337533	12.334360	12.255937	11.963656	11.904037	11.938996	11.887144	11.816476	11.738822
ENSMUSG00000058600	16.653078	16.652085	16.526293	16.251572	16.653559	17.077183	16.512862	17.203650	17.481600	16.360276	16.647837	16.926542	16.785182	17.165831	16.787246	16.690805	16.709596	16.313134	16.480471	17.137507	16.485363	17.360880	16.964191	17.167673	16.574839	16.920002	17.223998	16.896212	16.624589	16.278773	16.559969	16.645622	16.854819	16.682644	16.812776	17.013843
ENSMUSG00000058715	6.871539	7.149837	6.682261	5.716582	5.929202	6.146294	8.449667	6.509392	8.117130	6.542451	7.103647	7.212542	6.476029	6.346622	6.158280	6.564640	6.339415	6.340247	6.129865	7.030253	8.017735	8.369761	8.337537	8.940467	7.837769	7.334843	7.703356	7.273348	6.753975	6.674306	7.352410	6.321550	6.611942	5.826834	5.854666	6.566013
ENSMUSG00000058729	11.553955	11.538202	12.069160	11.817046	11.826167	11.236274	11.607176	11.604969	11.127446	11.726885	11.731454	11.224669	11.808454	11.710008	11.013484	11.787812	11.718186	11.401426	11.504208	11.631513	11.805448	11.961821	11.803249	11.672942	11.927576	11.573855	12.129597	11.550377	11.692367	11.366960	11.741341	11.837366	11.872227	11.600841	11.612651	11.470584
ENSMUSG00000058756	11.298950	11.161879	10.871504	10.833813	10.964403	10.949470	10.776424	11.073872	10.837602	10.967839	11.101374	11.001617	11.115256	11.060976	11.094625	11.134514	10.834636	11.270941	11.298296	11.249508	10.942920	11.018441	11.280769	11.369692	10.806963	11.033672	11.277745	10.193770	10.429694	10.566276	9.344674	9.163248	9.305409	9.042852	8.930621	9.215090
ENSMUSG00000058818	5.388516	4.909285	5.081719	4.567512	4.495624	5.697798	6.167774	4.312365	4.027379	4.893379	4.233110	4.948547	4.264746	4.882766	6.423940	4.748234	4.687277	5.979311	4.587431	3.337022	4.333830	4.221072	4.338639	5.427679	6.913236	7.412924	7.663558	8.423708	9.138098	8.322567	8.733586	9.031443	9.515363	9.283887	8.917336	9.114355
ENSMUSG00000059013	12.701348	12.555669	12.394255	12.733727	12.774797	12.716569	12.783202	12.572042	12.355125	12.521143	12.269246	12.298767	12.337256	12.143779	12.385529	12.524355	12.366384	12.560636	12.406137	12.339471	12.218155	11.678842	11.821687	11.903989	12.250144	12.200100	12.101918	12.604515	12.795978	12.794032	13.120099	13.052678	13.273778	13.436150	13.462122	13.297655
ENSMUSG00000059305	16.303261	16.045116	15.738241	16.675041	15.918381	16.443831	16.682681	16.069981	16.123950	16.194290	15.993753	16.309747	15.810455	15.604255	16.319656	16.145557	15.860011	16.388146	15.989808	15.629214	15.462224	15.132020	15.560984	15.890523	13.473036	14.091796	13.877066	12.738635	12.675986	12.695710	13.164741	12.944012	13.000186	12.764674	13.215873	12.147567
ENSMUSG00000059824	11.026259	10.827168	10.947258	10.783929	10.837366	10.824643	10.949894	10.758306	10.891491	10.941094	10.918053	10.822470	11.016490	11.040072	10.683344	10.971139	10.864811	10.758196	10.879771	11.122736	10.965915	11.519414	11.273782	11.258219	11.473437	11.254107	11.412478	11.416809	11.384110	10.571270	11.936885	11.701850	11.798003	12.096958	12.146441	12.011752
ENSMUSG00000060036	18.970219	18.940200	18.967482	19.119338	18.894915	19.002312	18.840019	18.977939	18.890039	19.046737	19.086494	18.958699	19.046314	19.124560	19.056110	19.056572	19.023674	18.877771	19.167329	19.111466	19.015726	19.051659	19.050728	19.068269	18.942237	19.007796	19.156564	18.985433	18.901704	18.659415	19.082943	19.040054	18.902481	19.055051	18.917131	19.060205
ENSMUSG00000060126	17.350853	17.011404	16.874923	17.684488	17.068614	17.668253	17.600701	17.144346	17.669226	17.122927	17.118237	17.589452	16.855790	16.842080	17.824305	17.301368	17.116378	17.617319	17.207267	16.873582	16.612078	16.784088	17.260528	17.606258	17.031337	17.545742	17.373243	17.447269	17.146765	17.979492	17.397540	17.319969	17.676496	17.383226	17.662052	17.524888
ENSMUSG00000060284	5.889544	6.208578	5.551622	6.188524	6.584877	5.825683	5.130635	5.986753	5.616304	6.984233	7.759899	7.281172	6.534293	6.761386	5.347787	6.583962	7.399581	6.878031	8.216079	8.577216	8.647067	7.169301	7.489498	6.281880	5.497111	6.340618	4.864663	5.254425	5.950915	5.534015	7.005984	6.980904	6.382912	6.551298	7.137556	6.848719
ENSMUSG00000060477	5.468077	4.290258	5.667342	5.691989	5.287631	6.131175	4.902913	5.082913	6.035005	6.424989	6.565785	6.123795	5.637166	5.752911	7.264572	6.405793	5.363684	7.855683	5.471226	5.213262	4.744298	5.078465	5.671778	6.774557	6.682009	6.478882	4.735079	6.867624	6.904221	6.756828	6.822405	7.252288	6.753157	8.106608	7.679770	7.900114
ENSMUSG00000060601	14.154517	14.145570	14.000421	14.229697	14.143714	14.165873	14.140476	14.091871	14.049408	14.054529	14.045366	14.090042	14.199221	14.027403	14.035559	14.200693	14.112011	13.947533	13.969344	14.050923	13.883446	14.157149	14.164691	14.116119	14.336311	14.397375	14.374792	14.509054	14.556063	14.548977	14.530460	14.428919	14.350077	14.506057	14.484728	14.451666
ENSMUSG00000061132	11.879381	11.654269	11.558908	11.749827	11.582158	11.546963	11.514248	11.260077	11.292654	11.622151	11.271730	11.219976	11.886146	11.433507	11.127138	11.479884	11.260123	10.713562	11.350457	11.746121	11.531069	11.346191	11.364566	10.981975	11.164427	10.842051	10.611294	13.820004	13.779112	13.542859	15.201299	14.963152	14.738469	15.379674	15.151754	15.331270
ENSMUSG00000061232	14.529975	14.294453	14.267056	14.526315	14.140295	14.511517	14.312412	14.274256	14.369666	14.351839	14.156649	14.449953	14.257437	14.241323	14.503453	14.403849	14.191067	14.183207	14.456128	14.443995	14.158029	14.398863	14.524440	14.777143	14.464024	14.796931	14.699386	14.533125	14.488910	14.691602	14.418697	14.572577	14.709947	15.023736	15.208834	15.056225
ENSMUSG00000061311	11.232813	10.969647	10.779858	9.710219	10.480950	10.126688	10.278198	10.596040	10.246067	9.910017	9.718569	9.411792	9.983331	9.592360	9.217259	10.054880	10.023659	10.020456	11.714121	11.674970	10.751506	10.014586	10.313711	9.518908	10.253775	9.859942	9.359923	12.607955	12.023908	12.022620	15.256787	14.547579	14.841876	15.844379	14.926307	14.896971
ENSMUSG00000061477	18.805081	18.694756	18.733470	18.772444	18.895734	18.964779	18.526469	18.769264	18.846019	18.630270	18.803407	18.734721	18.931005	19.040738	18.923712	18.749228	18.777266	18.523292	18.635252	18.931979	18.857009	19.099161	18.658688	18.885305	18.517110	18.720852	18.832180	18.597948	18.428287	18.110496	18.671856	18.779372	18.913484	18.822446	18.703026	18.968145
ENSMUSG00000061479	15.124084	15.239310	15.180113	15.013896	15.188469	15.243667	15.503858	15.239715	15.324289	15.052889	15.162778	15.189326	14.976256	15.132874	15.290573	15.166667	15.158830	15.314173	14.920935	14.827290	15.000935	15.019556	15.154865	15.331302	14.975995	14.988505	14.931065	15.374296	15.585470	15.549983	14.793457	14.774031	14.478603	14.362485	14.414123	14.402612
ENSMUSG00000061607	13.605357	13.477599	13.432549	13.158168	13.349382	12.787583	12.760359	13.063562	12.766549	13.533159	13.295095	13.033481	13.622074	13.431485	12.684273	13.271053	13.289414	12.693251	13.613483	13.882680	13.651493	13.423426	13.129373	12.603286	13.752246	13.377271	13.064799	13.845940	13.940366	13.863902	14.356526	14.283675	14.060250	14.251817	13.994345	13.868094
ENSMUSG00000062070	17.466547	17.311264	16.384393	16.802029	17.173236	16.869254	16.332362	17.206301	16.926605	16.651020	16.956918	16.560513	16.626058	17.184205	16.948626	16.676515	17.016217	16.361694	17.664631	17.968940	16.576076	17.723408	17.720693	17.153498	17.619902	17.665427	17.491869	17.139334	17.263652	16.539436	16.622862	16.345031	16.220667	15.280237	15.275595	15.723617
ENSMUSG00000062270	15.206004	15.125196	15.196503	14.998574	15.239882	14.923435	15.097694	15.179836	15.135077	15.044224	15.090894	15.021717	15.132376	15.288772	14.859202	15.069977	15.169634	14.945741	15.215318	15.361323	15.263528	15.398786	15.254784	15.065648	15.290230	15.264981	15.137948	15.181010	15.238124	15.008303	15.155968	15.257020	15.383920	15.215794	15.171643	15.330747
ENSMUSG00000062908	12.660986	12.601487	12.793143	12.744567	12.884561	12.961862	12.391462	13.004914	13.024413	12.524086	12.816875	12.726655	12.569278	12.879426	12.697219	12.445386	12.739824	12.460416	12.201159	12.441137	12.166481	12.555730	12.553512	12.325045	12.482270	12.610786	12.724239	12.520578	12.510179	12.363569	12.620206	12.638990	12.613309	12.735831	12.789365	12.831348
ENSMUSG00000062949	11.292186	11.252269	11.283737	11.313081	11.199139	10.821884	11.343785	10.975292	10.879373	11.383486	11.265943	11.072803	11.154566	11.140356	10.723957	11.254066	11.298985	11.105804	11.238923	11.095597	11.337046	10.982014	10.881498	10.785674	11.012367	10.920691	10.412032	10.528851	10.301733	10.252453	10.550235	10.754996	10.872432	10.331183	10.236956	10.383892
ENSMUSG00000063065	13.238667	13.197854	12.931766	13.009760	13.049661	12.951100	13.096421	13.099294	13.150310	13.186836	13.091090	12.939622	13.172923	13.068256	13.050412	13.165710	13.137497	13.057574	13.142353	13.185553	12.963119	13.293950	13.261156	13.160872	13.772461	13.571332	13.562991	13.772912	13.828742	13.952982	13.797291	13.631057	13.499100	13.777623	13.773611	13.619884
ENSMUSG00000063229	17.902824	17.985330	17.117604	17.694639	17.591951	17.772540	17.673508	18.015181	18.032784	17.389753	17.656504	17.668789	17.315345	17.824359	17.938413	17.552573	17.844495	17.688084	18.227799	18.323352	17.296787	18.123823	18.415083	18.409489	17.853958	18.307023	18.277863	17.503332	17.428032	17.354724	16.170023	16.088050	15.952775	14.626762	14.993226	14.723633
ENSMUSG00000063358	14.937070	14.946513	15.028329	14.941745	14.905700	14.480532	14.825736	14.786495	14.453488	15.010843	14.935096	14.771930	14.929694	14.768625	14.750136	14.807200	15.032178	14.932000	14.930058	14.784130	14.862651	14.839121	14.783877	14.455432	15.115807	14.859563	14.659424	14.921209	14.994393	14.928665	14.856203	14.823363	14.701982	14.780537	14.689472	14.706229
ENSMUSG00000063382	12.283981	12.212306	12.409544	11.951196	12.405256	11.745245	11.884430	11.793109	11.569729	12.409021	12.224350	11.820790	12.391736	12.086523	11.828452	12.288953	12.045852	11.872958	12.624571	12.740303	12.839076	12.475142	12.255593	11.624791	13.086811	12.624823	12.277458	12.149213	12.888785	12.288478	12.262232	12.084208	11.691677	12.211879	12.048967	12.266503
ENSMUSG00000063524	18.701562	18.747291	18.222609	18.405989	18.465383	18.465735	18.350323	18.596304	18.508751	18.460031	18.548226	18.299231	18.288750	18.478674	18.619859	18.457256	18.557668	18.451781	18.837076	18.802477	18.109731	18.725821	18.829825	18.759257	18.751935	18.762251	18.727468	18.444542	18.327512	18.241178	17.653585	17.456181	17.277711	16.402661	16.346511	16.364240
ENSMUSG00000063889	8.372590	8.786638	8.214026	8.142824	8.602920	8.737844	9.211310	8.669097	9.016674	8.221935	8.322261	8.182692	8.536590	8.670182	9.532154	8.969639	8.724210	9.513293	9.012529	8.808375	8.445268	8.997981	8.981270	9.739535	9.215664	9.349098	9.322847	10.229290	9.879404	9.466048	10.161706	10.171615	10.242881	10.375720	10.468116	10.453370
ENSMUSG00000064128	10.980532	10.754919	11.012735	10.558438	10.625671	10.882873	9.895415	10.590520	10.781568	10.924041	10.705849	10.404496	11.013126	11.192822	10.360764	10.966125	10.549098	10.668284	10.970545	11.506035	11.385252	11.723168	11.167950	11.255792	11.690456	11.324117	11.432684	11.416326	11.365097	10.542872	12.104640	12.074596	11.849334	12.058781	11.762172	12.037150
ENSMUSG00000064326	14.851237	14.926918	15.128114	15.291721	15.042872	15.232904	15.368419	15.036174	15.003710	14.877222	15.029132	15.071130	14.976707	14.906665	15.340142	15.129594	14.999625	15.375794	15.136372	14.941707	15.115807	14.964735	14.846632	15.299108	14.753677	15.031977	15.229025	14.556897	14.165215	14.080126	14.115836	14.197814	14.312504	13.711650	13.670483	13.354748
ENSMUSG00000067336	8.510102	8.479884	9.151145	7.607272	8.036469	6.074906	5.902826	6.566089	5.438627	8.402671	8.320219	6.828562	8.372564	7.975537	7.619598	8.105091	7.921725	8.204965	10.147945	9.272465	9.908532	8.603321	8.152697	7.711191	8.651029	7.658567	6.340290	8.821576	8.930376	9.348372	9.418193	9.614887	9.557651	10.334032	9.581688	9.715272
ENSMUSG00000067370	6.676448	7.310627	7.324928	7.620489	7.265803	5.740907	6.222186	7.687812	7.181236	6.851178	7.589473	6.809102	8.095070	7.673207	6.813049	7.930855	7.817025	8.077695	6.617763	7.396658	7.145445	6.645785	5.732851	7.058377	7.287032	6.480762	7.973969	7.144439	6.269539	6.641483	7.036037	5.361289	6.055255	5.234392	5.661291	5.806514
ENSMUSG00000068154	12.452530	12.034199	12.031535	13.093459	12.830129	11.767885	11.632712	12.061101	11.517556	13.110301	13.081243	12.538021	12.868690	12.546906	12.064896	12.787628	12.741667	12.323192	12.169350	11.911824	12.315688	11.794896	11.568909	10.773958	11.740968	11.665530	11.298688	10.610006	10.611353	10.980789	11.353898	11.254537	11.385407	11.912321	12.037082	11.802514
ENSMUSG00000068220	18.449363	18.439598	18.361444	18.503132	18.447429	18.208907	18.220301	18.544127	18.157713	18.541839	18.673562	18.382659	18.539110	18.657338	18.238112	18.509296	18.576470	18.332999	18.703237	18.671647	18.561320	18.632481	18.356003	18.231367	18.443030	18.302135	18.105278	18.425563	18.408340	18.078372	18.228461	18.334342	18.116374	18.307961	18.216709	18.156508
ENSMUSG00000068742	11.674365	11.695284	12.018950	11.989108	11.940284	11.381044	11.461626	11.655407	11.302205	12.219748	12.027821	11.843029	12.114431	12.004014	11.484697	12.125073	12.001514	11.908228	11.749685	11.572291	11.785087	11.580587	11.569439	11.102843	11.814910	11.489084	11.436746	11.378352	11.268489	11.103938	11.230242	11.243907	11.069256	11.423412	11.265050	11.175323
ENSMUSG00000068758	9.739263	9.843807	9.296174	10.125994	9.736193	10.045095	10.262913	9.511340	9.833076	9.651762	9.586735	9.613436	9.573124	9.426687	9.871443	9.982865	9.865822	10.383269	9.196018	9.166079	9.752647	9.540296	10.134157	10.509462	10.510679	10.542100	11.091581	10.653445	10.692764	11.577101	10.128713	9.987963	9.950271	9.030740	9.234268	9.570224
ENSMUSG00000069805	12.062927	11.897361	11.344059	12.138030	11.460435	11.651314	11.995933	11.522684	11.484379	12.141392	11.635274	11.759470	12.095779	11.531182	12.164197	11.837091	11.700083	11.609363	11.810758	11.326542	11.174445	11.218744	11.071592	11.099185	10.758716	10.659413	10.728513	10.070725	9.316779	9.955529	8.924295	8.942631	8.970574	8.694958	8.103372	8.166098
ENSMUSG00000069830	9.231902	9.299978	9.102058	8.838099	9.111663	8.564396	9.437463	8.357869	9.298749	9.287304	9.036089	8.697406	9.187155	8.478362	8.764066	8.925579	8.608180	9.524152	9.226609	9.116029	9.227798	8.097797	8.724405	7.858368	7.571284	7.367586	5.787561	8.150030	7.292496	7.629461	8.018287	8.388700	7.806384	8.354305	7.054954	8.037429
ENSMUSG00000070348	10.652649	10.711330	11.058724	10.810827	10.759856	10.296211	10.891920	10.545975	10.039619	11.003357	10.568577	10.384448	10.756922	10.544647	10.725402	10.800921	10.803975	10.837822	12.865145	12.528427	12.724331	10.986258	11.335656	10.602178	9.270213	8.858434	8.586954	7.483345	8.254702	8.106581	6.938050	7.433423	6.970086	6.654246	6.454394	6.941971
ENSMUSG00000070691	14.268388	14.146254	13.984059	14.177852	14.240324	13.670145	14.211486	14.167560	13.719162	14.218573	14.293568	13.897098	14.106560	14.018133	13.820821	14.106221	14.264232	14.105984	14.371099	14.262970	14.238554	15.355834	15.273167	14.700342	15.797395	15.605967	15.140665	14.665535	15.049605	14.597663	14.420644	14.472739	14.169049	14.479802	14.636464	14.264944
ENSMUSG00000071076	14.848272	14.662487	14.627141	14.965937	14.741624	15.013679	14.425807	14.670887	14.695703	14.773200	15.159293	14.896354	15.130920	15.382910	15.064365	15.214190	15.265514	14.783687	13.852503	14.028579	13.481669	14.493486	14.297730	14.188437	14.575933	14.630684	14.644665	15.767617	15.623316	15.036333	16.219514	16.132699	15.697079	16.754901	16.702193	16.212775
ENSMUSG00000071573	6.916163	6.487512	6.984602	6.101317	6.458529	6.606168	7.589751	5.349109	7.952801	6.430604	6.726847	7.547469	5.134746	5.342536	6.026368	6.901197	5.026524	7.715770	8.187590	6.909302	7.631561	6.395310	6.977785	6.878722	6.713281	7.564888	7.291467	7.701173	7.735182	8.013789	8.456972	7.666034	7.606018	6.983449	6.401687	7.609023
ENSMUSG00000071637	10.521729	10.479789	10.543850	11.190399	10.694904	10.423711	10.916584	10.448504	10.259168	10.416155	10.786067	10.352226	10.733258	10.429757	9.983141	10.953941	10.734446	10.132782	11.732535	11.552954	11.436679	11.410607	11.306280	10.953678	11.811693	11.336262	11.371102	11.658640	11.157540	10.960566	11.771259	11.361737	11.121040	12.163934	11.600975	11.757134
ENSMUSG00000071646	15.063426	14.947480	15.191601	15.058856	15.066042	14.716361	14.752268	14.978315	14.675613	15.107032	15.038206	14.849029	15.202149	15.185218	14.734880	14.940628	14.980355	14.526602	14.981095	15.123885	15.150121	15.263105	15.030251	14.793957	15.303546	15.113447	14.960381	15.058056	15.122436	14.874557	15.004366	15.194031	15.327952	15.080448	15.136155	15.208115
ENSMUSG00000071757	10.532241	10.331177	10.330171	10.479830	10.396263	10.050804	9.703448	9.950269	9.665261	10.597856	9.933848	9.956805	10.330791	9.956776	9.205430	10.323273	10.104779	10.624653	10.411060	10.287594	10.478101	10.529116	10.462702	10.174739	11.027873	10.588780	11.033519	11.737015	11.275713	11.538831	13.353276	13.097537	13.406506	13.964380	13.578147	13.811123
ENSMUSG00000071866	17.332184	17.699245	17.504114	17.256805	17.134871	17.286705	17.263987	17.407541	17.296599	17.500074	17.324892	17.493237	17.294986	17.431441	17.319386	17.332239	17.595659	17.275281	17.486969	17.455402	17.413701	17.529441	17.557996	17.298339	17.565358	17.420443	17.443077	17.377917	17.538500	17.352456	17.170430	17.233752	16.965665	16.775144	16.983084	16.853989
ENSMUSG00000073421	13.209856	13.137011	12.469037	12.579822	12.981539	13.294894	13.329838	13.375151	13.497134	12.888414	13.061653	13.113389	12.836760	12.976724	13.449808	13.182583	13.257656	13.600202	13.424001	13.411311	12.704030	13.332444	13.624114	13.577052	13.416266	13.907145	13.923446	13.488764	13.692305	13.669735	12.434298	12.212969	12.034002	11.718337	11.642077	11.746582
ENSMUSG00000073489	4.885842	5.242751	5.390753	5.989390	4.899194	7.246665	6.744211	6.778289	5.918171	5.822399	4.859171	6.673089	6.042382	5.949805	6.367175	6.015130	6.988995	6.867766	5.987818	7.336100	6.487348	6.242268	6.977766	7.189476	6.796302	6.508708	8.821681	7.894939	9.099685	7.326869	7.898508	8.116056	8.180559	7.984533	8.737461	8.518808
ENSMUSG00000073639	13.066265	13.136825	13.097147	12.897409	13.119142	12.992263	13.192318	12.985904	12.812394	12.981146	12.854937	12.697287	13.003641	12.999339	12.990533	12.817941	12.951951	12.850864	13.029444	12.985909	12.996598	13.030004	12.888442	13.004045	13.055510	12.843697	12.836286	12.902998	12.845446	12.707586	12.862158	12.916895	12.815557	13.022798	12.808185	13.038604
ENSMUSG00000073802	11.846080	11.985999	11.605615	11.843772	11.949301	11.543729	11.937673	11.843167	11.563629	11.746717	12.038685	11.596321	11.690929	11.496632	12.111551	11.937922	11.794424	11.931103	12.811402	12.328855	12.645791	11.429743	11.682997	12.006058	11.767085	12.071509	11.203053	12.032615	11.931729	12.852893	11.853377	11.864435	11.684682	12.260778	11.942167	12.116150
ENSMUSG00000073940	12.687973	12.484518	13.120765	12.406505	12.642234	13.248584	12.228899	12.585867	13.228467	11.880931	12.560102	12.684533	12.741114	12.476085	12.794727	12.266509	12.497022	12.693977	8.440265	9.277427	10.295472	10.771044	10.586794	11.459016	11.471150	11.999224	12.390315	12.992781	12.529012	13.368733	13.654682	13.678756	14.442403	14.296804	14.345678	14.265142
ENSMUSG00000073987	11.717930	11.489487	11.330099	11.709936	11.623372	12.178111	11.838251	11.627564	12.192104	11.758412	11.808909	11.717308	11.569977	11.753969	12.329863	11.689339	11.762697	11.886314	11.554234	11.577961	11.503828	12.200284	12.223157	12.537342	12.011262	12.140419	12.481248	12.014208	12.062244	12.177811	11.550824	11.674024	11.603672	11.545637	11.740581	11.671727
ENSMUSG00000074006	8.139303	8.044150	8.566739	8.684561	8.586123	8.442266	7.259870	7.776368	7.060134	8.287011	8.192098	7.863729	8.102866	8.101687	7.468410	7.812322	8.553816	8.088192	7.638434	7.483364	8.366445	7.784485	7.527706	6.797434	8.345174	8.330995	9.515867	8.085365	8.062582	7.815667	8.034813	8.016057	8.307532	8.436469	8.745005	8.004696
ENSMUSG00000074483	6.482880	6.708870	6.866666	7.290346	7.197497	7.723598	6.581376	7.671730	6.227506	7.176570	6.561644	7.501805	8.003403	7.483382	7.952516	6.760669	6.992461	6.729888	6.421190	6.944201	6.731803	7.888494	7.534654	7.291668	6.263867	6.769863	5.609430	6.360276	7.439137	7.027039	7.487245	8.289022	7.616013	7.123341	6.290795	6.035941
ENSMUSG00000074489	3.654155	2.919810	3.758151	4.452659	3.631587	5.117626	6.056881	2.328535	5.500105	5.602645	5.196638	6.288942	5.350480	4.728829	5.252467	4.757130	4.258534	4.613651	3.560009	4.119865	4.536679	4.986554	4.433400	3.964071	5.085377	5.328972	6.495728	6.670737	6.293573	5.201079	6.245074	5.922376	5.338005	6.140620	6.670625	6.327349
ENSMUSG00000074698	14.120011	14.075801	14.136290	14.096316	14.001374	13.780061	13.859133	13.991284	13.804748	14.139222	14.082557	13.954360	14.061673	13.983960	13.972267	14.059351	14.106699	14.052602	14.201489	14.102560	14.102009	14.050576	14.037255	13.896476	14.175186	14.017564	13.870923	14.183627	14.180000	14.370036	14.420572	14.366983	14.307225	14.453086	14.351826	14.375001
ENSMUSG00000074743	13.153733	12.923324	12.952967	12.917152	13.034481	12.302678	12.493319	12.686843	12.107803	12.947552	12.455752	12.448259	12.380077	11.967721	12.045530	12.453200	12.375014	12.536140	13.079993	12.688063	12.776311	10.060903	10.168843	9.515328	10.022279	10.073528	9.889074	10.533735	10.477715	10.920130	12.626931	12.406559	13.071610	12.788958	12.539948	12.712754
ENSMUSG00000075370	16.818605	16.597057	16.441478	17.218393	16.605836	16.992414	17.071189	16.702570	16.731753	16.649197	16.459776	16.819763	16.584426	16.604189	16.885925	16.625702	16.432849	16.611833	16.433467	16.584479	16.176859	15.322496	15.497945	15.842269	12.877695	13.282611	12.931910	12.388021	12.374768	11.868953	12.907144	12.733272	12.808392	12.560236	13.076736	12.165130
ENSMUSG00000075704	10.730296	10.932465	10.671970	10.926444	10.682605	11.347102	11.108974	11.047080	11.549347	10.745672	10.966902	11.323526	10.860017	11.189463	11.558059	11.018866	10.933827	10.863395	10.631652	10.832100	10.565482	10.987852	10.760601	11.546551	10.543476	10.814793	10.913555	10.952764	10.538502	10.530873	10.351531	10.281563	10.507488	9.974845	10.332036	10.276685
ENSMUSG00000075706	15.735500	15.597970	15.527646	15.973836	15.668028	16.272819	15.963025	16.017444	16.204023	15.521454	15.693553	15.943982	15.609545	15.774826	16.153521	15.804455	15.639156	15.775603	15.724271	15.724707	15.441977	15.965169	15.930481	16.446028	15.962114	16.327446	16.398471	16.136585	16.073553	16.028009	15.858366	15.806358	15.591318	15.871718	15.798028	15.835484
ENSMUSG00000076431	15.002976	14.850659	14.696616	14.704305	14.725438	15.292479	14.838832	14.846739	15.216295	14.121539	14.077401	14.463170	14.311330	14.310404	14.805570	14.399742	14.124507	14.359566	15.097470	15.210120	14.939500	15.115479	15.182726	15.803720	14.583132	14.853809	15.000982	15.595842	15.503597	15.795287	16.550161	16.379718	16.707688	16.663108	16.836207	16.943931
ENSMUSG00000076617	17.884802	17.774125	17.556196	17.847972	17.854251	17.419537	17.608006	17.573194	17.342286	18.038633	17.542635	17.421488	17.992245	17.700337	17.265638	17.738125	17.752392	17.466455	17.568095	17.849621	17.626298	18.153568	18.025487	17.554788	18.694644	18.313262	18.206471	18.935207	19.071146	18.724695	19.201180	19.119071	19.077176	19.273348	19.328613	19.328613
ENSMUSG00000078202	11.964255	11.901595	11.809174	12.326761	12.052441	11.737933	11.957883	11.683212	11.534207	12.249841	12.032300	11.803116	11.997358	11.888706	11.743724	11.895118	12.019750	11.994375	12.019135	11.982852	11.974353	11.561123	11.420613	10.886747	11.577551	11.274122	10.855388	10.698871	10.935927	10.159367	10.477706	10.520665	10.101720	9.719704	9.891492	9.781785
ENSMUSG00000078566	14.290549	14.343631	12.138205	12.796661	13.013536	13.452974	12.997675	13.972923	14.229868	13.324511	13.829951	13.374004	13.145787	13.811121	13.990115	13.728375	14.125049	13.698362	14.848478	15.152808	12.852430	14.635471	14.904786	14.420389	14.683203	15.213849	14.999331	14.659135	14.410320	14.359452	13.492710	12.967984	12.190444	11.783810	11.823787	11.647703
ENSMUSG00000078652	15.656546	15.739049	15.819592	15.426865	15.780110	15.260011	15.705713	15.531530	15.406959	15.841957	15.705759	15.550644	15.812627	15.679221	15.366561	15.618859	15.861758	15.708963	15.463302	15.582803	15.863087	15.650932	15.525561	15.089413	15.483344	15.117883	15.004693	14.954873	15.407810	14.956886	14.638488	14.635271	14.380075	14.125847	14.281711	14.197295
ENSMUSG00000078937	6.319279	6.653179	6.165460	6.074276	5.869773	6.487553	7.380394	6.929211	6.539241	6.300708	6.474616	5.449976	6.260514	6.145008	6.847272	6.207259	6.326129	6.682423	5.770385	4.984463	5.595627	4.944007	6.234179	7.085426	6.181705	6.930512	8.531828	6.371328	6.489251	8.023010	6.561096	6.962909	7.187456	7.443488	6.609711	7.208699
ENSMUSG00000079197	13.312979	13.500185	13.452451	14.007387	13.420147	14.277122	13.642592	13.833607	14.255808	13.353880	13.675767	13.957046	13.592430	13.915097	14.229675	13.471180	13.525970	13.500190	13.320081	13.528198	13.302666	13.646898	13.519960	14.210076	13.403739	13.920825	14.152582	13.482978	13.084773	13.149809	13.121944	13.327631	13.335518	13.024418	13.248685	13.257188
ENSMUSG00000079509	11.258489	11.335332	11.330800	11.474233	11.376902	11.338617	11.289309	11.457170	11.476108	11.290787	11.118273	11.363650	11.274195	11.246527	10.700934	11.387939	11.363285	10.960929	11.970343	12.014326	11.938750	11.743677	11.815433	11.518602	11.784418	11.663889	11.875100	11.686648	11.419464	11.757384	11.816577	11.593163	11.902699	11.743785	11.752653	11.874758
ENSMUSG00000079547	8.697071	8.949394	9.098969	8.768612	8.621169	9.081913	9.676082	8.846052	8.977599	8.689197	8.628718	9.349737	9.098312	8.800010	8.386341	9.228492	8.755378	8.996616	9.028460	8.772126	8.981027	9.786193	9.783114	9.960244	9.706221	9.574904	10.208145	10.194630	9.884866	9.745059	10.357490	9.879336	9.947422	10.427532	10.099410	10.112645
ENSMUSG00000089661	4.508887	5.548133	6.178497	4.202612	4.371055	5.909627	5.521193	5.455085	6.388833	5.362737	4.939945	5.580153	5.377808	4.639073	5.531306	3.984723	5.007563	5.392373	4.802711	5.309393	5.538175	4.032573	4.388950	4.089198	4.782775	4.606531	5.830190	4.973850	4.958821	5.784171	5.412839	5.814123	5.564517	5.051871	4.809420	5.514227
ENSMUSG00000090877	7.806732	7.886611	8.099154	8.045080	7.629130	7.608573	7.657073	7.420228	6.960926	7.935207	7.889232	7.187528	7.943775	7.628550	8.422995	7.579272	7.601745	7.496804	8.899271	8.364348	8.777909	7.914935	7.326395	6.736121	9.541213	9.208540	9.001593	9.359918	9.900983	9.550360	10.058941	10.175491	9.563657	9.735136	9.504234	9.567436
ENSMUSG00000091405	9.901864	9.967263	9.980516	10.654083	9.676926	11.237318	11.446315	10.098062	10.541566	10.257129	10.506711	10.842408	10.299700	10.338463	11.830359	10.540032	10.528779	10.682119	9.555565	10.107028	9.626601	10.228745	10.242510	11.728382	10.389611	10.094570	10.615946	10.087113	10.596185	9.960201	9.568682	9.830731	9.648761	8.483169	8.853410	9.289385
ENSMUSG00000093930	14.197259	14.059401	13.950179	14.411207	14.546114	14.218407	14.565439	14.776826	14.596293	14.564857	14.563848	14.487346	14.252044	14.337030	14.360957	14.529538	14.683508	14.851231	14.639137	14.455725	14.189724	15.065254	15.278800	14.892552	15.546915	15.757643	15.772416	14.769031	14.691148	14.783822	15.474181	15.338504	15.671946	16.063867	15.905547	16.292337
ENSMUSG00000095180	8.937544	8.795151	9.169431	8.522819	8.655658	9.293340	7.180975	8.942060	9.464775	8.551654	8.969382	9.008161	9.259463	9.367100	9.354958	8.397019	8.965695	9.523508	8.499986	9.607538	9.724379	10.607894	10.433894	10.525643	9.872616	10.582030	10.021169	10.189621	10.665008	10.764380	9.926295	10.688312	9.597184	9.521800	10.468710	9.207348
ENSMUSG00000096472	13.997714	13.906526	13.727685	13.955293	13.723740	13.599113	13.899318	13.730022	13.412706	13.771518	13.788586	13.564840	13.846616	13.583190	13.855235	13.993677	13.772381	13.879937	13.970552	13.811239	13.706270	13.917156	13.794896	13.850105	14.330402	14.408097	14.401829	14.221732	14.158690	14.068252	14.622421	14.419225	14.411477	14.362103	14.188367	14.275376
ENSMUSG00000096727	13.719316	13.513197	13.443132	14.304334	13.308449	14.061283	14.129675	13.588169	13.818609	13.600402	13.382870	13.883322	13.483471	13.252224	14.081406	13.753632	13.212761	13.592146	13.581854	13.227955	12.955067	13.285914	13.595214	14.177576	13.753186	14.262771	14.276640	14.281295	13.772271	14.247102	14.119350	14.054248	14.300352	14.142303	14.425977	14.096083
