#geneID	T00h	T02h	T06h	T12h	T18h	T24h
ENSMUSG00000000001	-0.4355	-0.1155	0.2082	0.1971	-0.1304	0.0086
ENSMUSG00000000028	-0.5502	-0.1036	-0.2317	0.0457	-0.0905	-0.2866
ENSMUSG00000000037	0.5243	-0.1676	-1.2231	0.0546	-0.6538	0.0448
ENSMUSG00000000049	-0.2925	0.2298	0.7207	-0.6030	1.0382	-0.6490
ENSMUSG00000000058	-0.1276	0.0589	0.1528	-0.2708	0.3489	-0.3100
ENSMUSG00000000085	0.4550	-0.4259	-0.0987	0.1028	0.2994	-0.0190
ENSMUSG00000000088	0.4914	-0.0468	-0.4568	0.1320	0.2053	-0.3352
ENSMUSG00000000120	-0.3215	-0.0414	0.3102	-0.0740	-0.2035	0.0798
ENSMUSG00000000125	-0.2789	-0.5364	-0.6261	0.1684	-0.2227	-0.2702
ENSMUSG00000000126	-0.2127	-0.2979	-0.9838	-0.1796	-1.0199	-0.9455
ENSMUSG00000000127	-0.5042	-0.5681	0.4103	-0.3263	-0.4011	0.4499
ENSMUSG00000000131	-0.1971	-0.0159	0.1169	0.1055	-0.1554	0.4631
ENSMUSG00000000134	0.6096	-0.6132	-0.5345	0.0180	-0.1434	-0.2031
ENSMUSG00000000142	-0.5385	-0.0241	-0.6004	0.3402	0.4911	-0.0951
ENSMUSG00000000149	0.3517	0.1465	-0.1542	-0.2417	0.3353	0.3345
ENSMUSG00000000157	0.1164	0.3036	-0.2500	0.2356	0.1134	-0.0454
ENSMUSG00000000159	-0.6930	0.4455	0.0210	-0.0435	-0.0593	-0.2204
ENSMUSG00000000168	0.9677	1.3144	0.7958	0.5241	1.2273	1.7523
ENSMUSG00000000171	0.2819	-0.0498	0.0759	0.1689	0.0498	0.2562
ENSMUSG00000000182	0.4565	-0.3407	-0.2225	0.0363	0.2919	0.4095
ENSMUSG00000000183	0.3634	0.4010	-0.2188	0.2478	0.2615	0.2208
ENSMUSG00000000184	-1.1829	-0.5982	-0.7959	-0.7561	-0.8323	-1.1885
ENSMUSG00000000214	0.0959	0.3088	-0.5488	-0.2026	0.4214	0.3809
ENSMUSG00000000215	-0.5288	-0.7802	-0.8941	-0.6671	-0.9502	-0.8132
ENSMUSG00000000216	-0.0335	-0.4418	-0.5173	0.5085	0.4770	0.1972
ENSMUSG00000000253	0.3241	0.2110	-0.4238	-0.3195	-0.0788	-0.3178
ENSMUSG00000000263	-0.0864	-0.4199	0.1334	0.3618	-0.3676	-0.7250
ENSMUSG00000000275	-0.2374	-0.4593	-0.2567	-0.3045	-0.1210	-0.0387
ENSMUSG00000000276	-0.0312	-0.4556	-0.1292	0.1339	-0.2905	-0.1490
ENSMUSG00000000290	0.2757	0.1944	-0.0022	0.6898	-0.1456	-0.1970
ENSMUSG00000000295	-0.9759	0.1118	0.0347	0.1928	0.3456	0.4343
ENSMUSG00000000301	-0.2309	-0.4037	0.5966	-0.2542	0.6532	-0.0904
ENSMUSG00000000303	-0.0126	0.0783	-0.1685	0.1446	-0.0218	0.3027
ENSMUSG00000000305	0.3628	0.7738	-0.2313	-0.8884	-0.5490	0.3719
ENSMUSG00000000308	-0.2221	-0.2050	0.2127	0.0589	0.0915	0.2433
ENSMUSG00000000320	-0.0242	-0.3876	0.1590	-0.6099	0.2135	-0.1065
ENSMUSG00000000326	0.3926	0.4039	0.2106	-0.6447	-0.3341	0.0939
ENSMUSG00000000340	-0.5209	0.4834	0.3427	0.4183	-0.2448	0.1175
ENSMUSG00000000378	0.3354	-0.2612	-0.4749	-0.1818	0.2820	-0.0914
ENSMUSG00000000381	0.4223	-0.4745	-0.2977	-0.0535	0.3421	0.2855
ENSMUSG00000000385	0.5017	0.1337	0.1733	0.0377	-0.1784	0.1633
ENSMUSG00000000394	-0.4112	-0.1333	0.0998	0.0240	0.1880	-0.6071
ENSMUSG00000000399	0.0583	-0.0319	-0.2502	0.2004	0.2641	-0.4908
ENSMUSG00000000409	0.9986	0.0910	0.0706	-0.2930	0.6485	0.5334
ENSMUSG00000000420	0.0513	0.0999	0.0178	-0.1942	-0.3248	0.2906
ENSMUSG00000000435	0.0978	-0.0010	0.0459	0.1448	-0.1316	0.1663
ENSMUSG00000000440	-0.0859	-0.0224	-0.7764	-0.2661	0.1551	-0.0115
ENSMUSG00000000441	0.1814	-0.1770	-0.3402	-0.1812	-0.1514	-0.0609
ENSMUSG00000000486	-0.5544	-0.7288	-0.1562	-0.1791	0.2203	-0.1410
ENSMUSG00000000489	0.0447	-0.9895	-1.0782	-0.5371	-1.3666	-1.0835
ENSMUSG00000000530	-0.3672	0.0447	0.5785	0.1654	0.5130	0.4065
ENSMUSG00000000532	-0.1157	-0.2749	0.2108	1.1039	-0.2005	0.1558
ENSMUSG00000000552	-0.2342	0.1029	-0.1135	-0.1763	-0.6611	0.0463
ENSMUSG00000000555	-0.0666	-0.0871	-0.4071	0.0642	0.4182	-0.6205
ENSMUSG00000000560	0.2872	0.3459	0.3088	0.0362	0.3401	0.6911
ENSMUSG00000000562	0.0500	0.6433	-0.1836	-0.3797	-0.2916	-0.2940
ENSMUSG00000000563	0.0087	-0.0896	0.2380	0.1783	0.1873	0.1544
ENSMUSG00000000567	-0.5211	-0.2081	-0.4509	-0.1493	-0.4631	0.3218
ENSMUSG00000000579	-0.4238	0.5376	0.2171	-0.1945	0.2816	-0.1330
ENSMUSG00000000581	0.7752	0.5986	-0.3174	-0.0296	0.6828	0.0790
ENSMUSG00000000594	1.4387	0.9598	1.6926	1.3920	1.9641	2.4331
ENSMUSG00000000600	0.0657	0.0193	0.3816	-0.1140	-0.7088	-0.0956
ENSMUSG00000000605	0.0604	-0.1165	0.0625	-0.5581	0.0965	-0.0035
ENSMUSG00000000617	0.2368	-0.2863	0.7098	-0.2909	-0.1048	0.0006
ENSMUSG00000000627	-0.2205	-0.3926	0.0900	0.0752	0.0182	0.0977
ENSMUSG00000000628	0.8186	-0.7429	0.0785	0.9260	-0.3754	-0.2650
ENSMUSG00000000631	0.4446	-0.7545	-0.0631	0.4648	-0.3851	0.2808
ENSMUSG00000000673	0.3591	0.0801	-0.5325	-0.1071	0.1995	-0.5626
ENSMUSG00000000708	0.1794	-0.2103	-0.0056	0.7575	0.2544	-0.0199
ENSMUSG00000000711	-0.1239	-0.3563	0.0578	0.0233	0.3397	-0.3358
ENSMUSG00000000731	0.0497	-0.1592	0.4802	-0.4060	0.5125	-0.7773
ENSMUSG00000000732	-0.1641	-0.2685	-0.3444	-0.3527	-0.0630	-0.1217
ENSMUSG00000000740	-0.2103	0.1805	-0.7920	0.4062	-0.1308	-0.3390
ENSMUSG00000000743	0.1060	0.9482	0.9014	1.1719	1.5257	0.5289
ENSMUSG00000000751	0.0157	-0.4433	-0.3598	0.0797	-0.1620	0.2135
ENSMUSG00000000753	0.8600	0.3846	-0.1961	-0.4694	0.3513	-0.2634
ENSMUSG00000000766	-0.2650	0.2728	-0.1483	-0.0292	0.4544	-0.2381
ENSMUSG00000000776	0.1360	-0.2218	-0.6409	-0.2590	-0.1180	-0.3079
ENSMUSG00000000782	0.2190	-0.6714	0.0612	0.4725	0.0927	0.7078
ENSMUSG00000000787	0.0738	-0.3252	0.4205	-0.4403	-0.3779	0.2833
ENSMUSG00000000791	-0.3382	-0.1053	0.3068	-0.0141	-0.5075	0.0853
ENSMUSG00000000792	0.1253	0.2664	0.5056	0.2603	0.3414	-0.0508
ENSMUSG00000000794	-0.1225	0.4610	0.2971	0.3507	-0.3576	-0.5930
ENSMUSG00000000805	-0.4990	0.2293	0.2870	0.2661	-0.1246	-0.3188
ENSMUSG00000000811	-0.2934	0.2236	0.0314	0.5729	-0.5064	-0.1764
ENSMUSG00000000817	-0.0840	-0.7455	-0.4143	0.3075	-0.2131	-0.1193
ENSMUSG00000000826	-0.0399	-0.1217	-0.3045	-0.6428	-0.0744	-0.0913
ENSMUSG00000000869	0.6343	-0.5573	-0.3759	-0.2724	-0.6289	0.3502
ENSMUSG00000000876	0.3068	-0.3593	-0.0662	0.0747	0.0415	-0.5141
ENSMUSG00000000881	0.0127	0.0573	0.1833	-0.3439	-0.4229	-0.0768
ENSMUSG00000000889	0.4834	-0.1937	-0.0404	0.0040	0.2392	0.2454
ENSMUSG00000000902	0.2801	0.0012	0.0198	0.0263	0.0637	0.0293
ENSMUSG00000000938	0.0618	0.5611	-0.2458	0.2057	-0.0476	-0.0208
ENSMUSG00000000957	-0.1630	-0.2199	0.1930	-0.3874	0.0231	0.1087
ENSMUSG00000000958	-0.6238	0.2639	-0.0115	0.4696	-0.0637	-0.2837
ENSMUSG00000000959	-0.2225	0.1810	0.0630	-0.5949	0.6892	0.2859
ENSMUSG00000000982	0.2880	0.5632	-0.2603	-0.6966	0.3613	-0.1605
ENSMUSG00000001020	1.2714	2.0460	1.4521	2.6655	2.6208	2.7724
ENSMUSG00000001021	1.0090	1.4802	1.7598	2.6125	2.3111	2.5341
ENSMUSG00000001023	1.4532	1.7194	1.6749	1.7924	2.1893	2.2322
ENSMUSG00000001025	-0.1083	-0.6673	-0.1350	0.1665	0.0571	-0.3087
ENSMUSG00000001029	-0.4088	-0.7409	-1.6553	-1.0614	-0.3123	-2.2160
ENSMUSG00000001034	-0.3350	0.3215	-0.1643	0.0578	-0.8552	0.0032
ENSMUSG00000001036	0.2867	0.1656	-0.2546	-0.2450	-0.1593	0.2192
ENSMUSG00000001052	0.4599	0.2595	-0.3352	-0.5021	-0.4681	0.4799
ENSMUSG00000001056	-0.4227	-0.5571	-0.0144	-0.0488	0.2561	-0.0125
ENSMUSG00000001119	0.2728	0.0636	-0.1561	0.5711	-0.2915	0.0154
ENSMUSG00000001127	0.6426	0.7362	0.6335	0.7063	1.1932	1.5533
ENSMUSG00000001128	-0.0107	0.4778	0.2571	-0.1398	0.2967	-0.2610
ENSMUSG00000001131	-0.1070	-0.2203	0.4749	0.3299	0.0805	0.2498
ENSMUSG00000001155	-0.2769	-0.4914	-0.0499	0.4413	-0.4961	-0.0197
ENSMUSG00000001158	0.4685	0.5340	0.1402	0.1090	-0.4029	-0.0986
ENSMUSG00000001173	-0.0116	0.3163	-0.0422	-0.4621	-0.0061	-0.6155
ENSMUSG00000001175	-0.3456	-0.2548	-0.2926	-0.1672	0.1308	0.0824
ENSMUSG00000001211	0.0036	-0.1847	0.7946	-0.0987	-0.0935	0.0578
ENSMUSG00000001225	-0.5103	-0.6709	-1.1236	-0.8880	-1.7904	-1.0132
ENSMUSG00000001227	0.1915	0.2756	-0.2211	-0.4650	0.4991	0.3327
ENSMUSG00000001240	-0.0741	-0.0580	-0.0231	0.5934	0.0698	-0.0120
ENSMUSG00000001249	0.1695	0.4178	-0.1822	-0.5649	-0.1284	0.2277
ENSMUSG00000001260	-0.0239	0.1060	0.0792	0.1719	0.5336	0.0010
ENSMUSG00000001270	-0.9963	-0.3084	0.1387	0.1106	0.3761	-0.5305
ENSMUSG00000001280	0.4602	0.0582	-0.1150	-0.0583	-0.1446	-0.4298
ENSMUSG00000001281	-0.4346	0.0276	-0.5314	-0.0501	0.2133	-0.5212
ENSMUSG00000001300	-0.1949	0.2294	-0.1993	0.0433	-0.0288	-0.1836
ENSMUSG00000001323	-0.2615	0.8112	0.1733	-0.1551	0.2968	0.2165
ENSMUSG00000001348	-0.3255	0.2058	0.0657	0.0065	-0.1499	-0.0950
ENSMUSG00000001380	-0.3042	-0.4237	-0.0557	0.0951	0.5265	-0.1339
ENSMUSG00000001383	-0.2607	0.0245	-0.2647	-0.1371	0.2521	-0.1549
ENSMUSG00000001403	0.1484	0.3874	-0.5429	-0.1085	-0.3358	0.5154
ENSMUSG00000001415	-0.1491	-0.0528	-0.4215	-0.2819	0.0369	-0.4867
ENSMUSG00000001419	0.7101	-0.4026	0.4130	-0.2027	0.5090	-0.0708
ENSMUSG00000001420	-0.1304	-0.0160	-0.1295	0.1083	0.2571	-0.3044
ENSMUSG00000001424	-0.0786	-0.0572	0.0739	0.1695	-0.4371	0.3231
ENSMUSG00000001435	0.5615	0.4015	0.2116	0.3133	0.4746	0.0201
ENSMUSG00000001436	-0.3772	-0.1675	-0.1758	0.2869	-0.1272	-0.5485
ENSMUSG00000001440	0.0360	0.0695	0.4484	-0.1446	-0.7583	-0.0356
ENSMUSG00000001444	-0.2889	-0.1588	0.0952	0.0801	-0.2721	0.0523
ENSMUSG00000001445	0.3158	-0.2777	-0.1491	0.2407	0.1403	0.5724
ENSMUSG00000001467	-0.6870	-0.3700	0.1012	0.0919	0.4467	0.0201
ENSMUSG00000001473	-0.5388	0.2934	-0.4799	-0.0426	0.2047	-0.1283
ENSMUSG00000001494	0.0856	-0.2981	0.0646	-0.1646	0.2246	-0.8328
ENSMUSG00000001506	0.0702	0.3415	0.2354	-0.2522	0.2239	-0.0397
ENSMUSG00000001507	0.0351	-0.1305	-0.5561	0.1822	-0.3259	0.8252
ENSMUSG00000001508	0.2304	-0.3579	0.1843	-0.2853	0.3082	-0.6868
ENSMUSG00000001517	0.0198	-0.5232	-0.2228	0.7080	-0.1240	-0.3274
ENSMUSG00000001524	-0.1419	0.3486	0.1325	0.2413	-0.1540	0.1034
ENSMUSG00000001525	1.4920	0.2518	-0.2414	0.0414	-0.4222	0.2116
ENSMUSG00000001542	0.4782	0.6743	-0.0283	0.0679	-0.0459	0.2717
ENSMUSG00000001552	0.5988	1.5386	1.3751	2.1875	2.4182	2.7097
ENSMUSG00000001566	0.1000	0.1116	0.4170	-0.1088	0.2528	-0.1977
ENSMUSG00000001588	0.0271	-0.2069	-0.3817	0.2548	-0.3655	-0.0951
ENSMUSG00000001642	-1.0872	-0.0386	-0.1098	0.5413	0.4005	0.2662
ENSMUSG00000001663	-0.3232	0.5826	-0.0076	-0.3371	0.5635	-0.0021
ENSMUSG00000001665	-0.3249	-0.2789	-0.3137	-0.1339	-0.3174	-0.1042
ENSMUSG00000001670	-0.2885	-1.4562	-0.9941	-1.5675	-1.2912	-0.4900
ENSMUSG00000001672	0.2343	0.1915	-0.3368	-0.5087	-0.2414	0.5327
ENSMUSG00000001729	-0.0589	-0.4699	-0.8232	-1.3818	-0.8997	-1.2024
ENSMUSG00000001739	0.6006	1.6864	1.8029	2.7111	2.1296	2.9946
ENSMUSG00000001741	-0.1925	0.0294	0.6826	-0.3877	0.5223	0.3482
ENSMUSG00000001750	0.7678	0.2654	-0.0260	-0.6018	0.2443	-0.5808
ENSMUSG00000001751	0.0531	0.4188	0.4692	-0.4286	1.0307	0.2989
ENSMUSG00000001755	0.1328	0.0784	-0.0206	0.1010	-0.2381	0.1596
ENSMUSG00000001761	0.1364	0.7746	0.2419	-0.6524	0.3320	-0.5277
ENSMUSG00000001767	0.1914	0.1564	0.5123	0.7064	0.5255	-0.0696
ENSMUSG00000001773	-0.1664	-1.0589	-1.2824	-0.5354	-1.5274	-1.1439
ENSMUSG00000001804	-0.1582	0.3156	0.1616	-0.5016	0.0277	0.3419
ENSMUSG00000001827	0.7103	-0.1523	-0.5920	-0.1899	-0.1684	-0.1511
ENSMUSG00000001829	0.0105	0.2866	0.1680	-0.1777	-0.0264	-0.5037
ENSMUSG00000001847	0.5620	0.3057	0.4340	-0.1066	0.2539	-0.3916
ENSMUSG00000001855	0.5519	-0.1290	-0.0374	-0.0571	0.0811	0.3048
ENSMUSG00000001865	0.6061	1.7156	1.3993	1.7589	2.3562	2.9385
ENSMUSG00000001870	0.8595	-0.1470	-0.1867	0.0334	-0.8457	0.0694
ENSMUSG00000001891	1.2984	1.3901	1.6663	1.6985	2.8381	2.1995
ENSMUSG00000001918	0.6999	-0.0092	0.0049	-0.3527	0.1448	0.4366
ENSMUSG00000001924	-0.1526	-0.5610	0.5009	-0.3088	-0.6327	-0.3395
ENSMUSG00000001930	-0.0695	0.2429	0.2225	-0.3518	0.3418	0.6702
ENSMUSG00000001946	-0.2622	-0.3409	0.0661	-0.4727	-0.0905	-0.6105
ENSMUSG00000001964	-0.3638	-0.2470	-0.6561	0.3126	0.1632	0.6254
ENSMUSG00000001985	-0.4486	-0.0850	0.0327	0.1489	0.0969	-0.2790
ENSMUSG00000001986	0.2515	0.4002	-0.4431	0.2062	-0.7828	0.2493
ENSMUSG00000001995	0.5265	0.1079	0.3396	0.2866	-0.2779	-0.2671
ENSMUSG00000001998	0.2900	-0.0417	0.5742	0.2252	0.1408	-0.0418
ENSMUSG00000001999	-0.4556	-0.3205	-0.4698	0.0430	-0.0619	0.4187
ENSMUSG00000002010	0.1071	-0.3118	-0.3524	0.1094	0.4103	-0.2470
ENSMUSG00000002014	0.3344	-0.2708	0.0247	-0.0139	-0.5201	-0.0726
ENSMUSG00000002015	0.3656	0.2053	0.0858	0.9115	-0.0877	-0.1709
ENSMUSG00000002028	-0.3164	-0.5214	-0.1273	-0.2572	0.7026	-0.0614
ENSMUSG00000002033	0.2142	1.5354	1.0501	1.6241	0.9965	1.1066
ENSMUSG00000002068	0.6607	0.6585	-0.0317	0.4619	-0.1165	-0.0586
ENSMUSG00000002083	0.5237	-0.3705	-0.1360	0.3875	-0.0513	-0.2456
ENSMUSG00000002100	-0.1200	-0.1778	0.2789	0.2798	-0.2095	-0.3796
ENSMUSG00000002102	-0.0317	-0.4913	0.0493	-0.5093	0.5739	0.0829
ENSMUSG00000002103	0.1409	0.1024	0.0061	-0.2398	0.3534	-0.0846
ENSMUSG00000002105	-0.1930	0.0465	-0.0029	0.5714	-0.4842	0.2232
ENSMUSG00000002108	0.2897	0.0657	0.1651	-0.5544	-0.5423	0.1532
ENSMUSG00000002109	0.3397	-0.1493	0.1423	-0.0705	0.1824	0.1889
ENSMUSG00000002111	-0.0945	-0.1552	-0.1111	-0.2434	-0.5526	0.3479
ENSMUSG00000002129	0.0254	-0.1463	-0.1664	-0.6850	-0.1867	0.1362
ENSMUSG00000002147	0.2225	0.4061	-0.8868	-0.1168	0.1450	0.1929
ENSMUSG00000002204	0.0885	0.0989	-0.3416	-0.0594	-0.5242	-0.0323
ENSMUSG00000002249	0.0709	-0.8589	0.7099	-0.1475	0.4493	0.2111
ENSMUSG00000002250	-0.1193	-0.0344	0.2355	0.5894	-0.6308	-0.1422
ENSMUSG00000002289	0.0323	-0.1609	0.2237	-0.5202	-0.0281	0.1848
ENSMUSG00000002297	-0.1439	-0.0437	0.2765	0.2437	-0.2652	0.0767
ENSMUSG00000002307	-0.4453	-1.2917	-0.3763	-0.5447	-1.9339	-1.5027
ENSMUSG00000002308	-1.4601	-1.6123	-1.9930	-2.2752	-1.6185	-2.4218
ENSMUSG00000002319	0.5230	0.7077	0.1809	1.5713	0.8083	1.3450
ENSMUSG00000002324	-0.2774	-0.1699	0.5360	0.1145	0.0556	0.2440
ENSMUSG00000002325	0.1019	-0.1782	-0.0609	0.2766	-0.0789	-0.3649
ENSMUSG00000002326	-0.2964	-0.1049	-0.0044	0.0052	-0.1678	0.3770
ENSMUSG00000002365	0.3629	-0.1993	0.2430	0.2587	0.2840	-0.2682
ENSMUSG00000002372	-0.4819	0.0695	-0.8461	-0.1067	0.0217	0.6393
ENSMUSG00000002379	0.3997	0.4323	-0.6094	0.1585	0.3036	0.3979
ENSMUSG00000002384	-0.0143	-0.8137	-0.5474	-0.6562	-0.3398	0.2905
ENSMUSG00000002395	0.0654	-0.7087	0.1466	0.5955	0.5343	-0.6495
ENSMUSG00000002413	-0.1541	0.5002	0.0124	0.2457	0.0748	-0.3726
ENSMUSG00000002416	-0.3840	-0.5092	0.5855	0.0652	0.1856	-0.1327
ENSMUSG00000002455	0.0925	0.1067	-0.4036	-0.0674	-0.0551	-0.3624
ENSMUSG00000002477	-0.3862	-0.0681	-0.1647	-0.0144	-0.0082	-0.4239
ENSMUSG00000002489	0.0390	-0.3417	0.1870	0.1763	-0.0097	-0.0364
ENSMUSG00000002496	0.2481	0.1718	-0.1111	0.0521	-0.2629	-0.3116
ENSMUSG00000002500	-0.6506	0.0461	0.2825	0.2733	-0.6623	-0.0688
ENSMUSG00000002504	-0.6028	-0.2887	0.0398	0.2141	-0.1232	0.1835
ENSMUSG00000002524	-0.4394	0.1597	-0.2966	-0.3901	-0.1409	-0.6069
ENSMUSG00000002550	0.4049	1.0655	0.7419	-0.1766	1.0352	1.7030
ENSMUSG00000002565	0.1203	0.1752	0.1167	-0.2118	0.0442	0.2238
ENSMUSG00000002602	0.0864	0.4908	-0.7459	-0.1581	0.1272	-1.1576
ENSMUSG00000002603	-0.1737	0.1906	0.5768	-0.0790	0.1426	-0.4042
ENSMUSG00000002633	0.0857	0.3666	-0.2065	-0.4793	-0.4785	0.4557
ENSMUSG00000002658	0.5211	-0.1260	0.2398	-0.4345	0.6901	0.2790
ENSMUSG00000002664	0.2113	-0.0434	-0.0062	0.0699	0.7499	-0.3227
ENSMUSG00000002688	0.2371	-0.1488	0.6186	-0.0290	0.1923	0.0644
ENSMUSG00000002699	0.2658	-0.0384	0.8884	-0.6525	0.6143	-0.1651
ENSMUSG00000002718	0.2538	0.0445	-0.0858	-0.1479	-0.2269	-0.3415
ENSMUSG00000002741	0.2575	0.3669	0.2751	0.0792	0.0903	0.0176
ENSMUSG00000002748	-0.0042	0.3100	-0.0061	0.7521	-0.0840	-0.6095
ENSMUSG00000002763	-0.1194	0.1734	0.0089	-0.6732	-0.3513	-0.0409
ENSMUSG00000002767	-0.4412	0.1609	0.1003	0.2469	0.0608	-0.1837
ENSMUSG00000002769	-0.3767	0.1093	0.1680	0.3087	0.3423	0.3458
ENSMUSG00000002771	-0.2130	0.0849	-0.2780	0.3182	-0.0468	0.3504
ENSMUSG00000002797	0.5164	0.2395	0.0221	0.6118	0.1735	-0.5879
ENSMUSG00000002799	-0.5134	0.6368	-0.3909	0.4792	0.2766	-0.0545
ENSMUSG00000002814	0.2758	0.2405	-0.1556	-0.2757	-0.1541	-0.0921
ENSMUSG00000002820	-0.3008	-0.2812	-0.6807	-0.2867	-0.0713	0.6010
ENSMUSG00000002831	-0.0098	0.2201	0.3551	0.2580	0.5619	-0.4655
ENSMUSG00000002847	-0.1010	0.0487	0.4229	0.0538	-0.5145	-0.2727
ENSMUSG00000002870	0.4521	-0.5015	0.0996	-0.1693	-0.3279	-0.2693
ENSMUSG00000002897	-0.6782	0.1155	-0.1505	-0.5550	0.1594	0.5565
ENSMUSG00000002900	-0.2134	0.3349	-0.4323	0.1259	-0.2082	-0.0069
ENSMUSG00000002908	0.4079	-0.1614	-0.0633	-0.2319	0.4782	0.2758
ENSMUSG00000002930	-1.0207	-0.2268	0.0325	-0.7538	0.0110	0.4796
ENSMUSG00000002944	0.2535	-0.2177	0.5029	0.1410	-0.5625	-0.2816
ENSMUSG00000002948	0.4287	-0.1251	-0.0283	0.4168	-0.2535	0.8232
ENSMUSG00000002957	-0.0102	-0.1381	-0.5414	-0.0996	0.5684	-0.5375
ENSMUSG00000002963	0.1322	-0.0029	-0.3047	0.6372	0.6683	0.3109
ENSMUSG00000002983	0.0298	0.2304	0.3344	-0.0913	0.1372	-0.5060
ENSMUSG00000002984	0.3401	0.5158	1.4219	0.3500	1.7326	0.7072
ENSMUSG00000002985	-0.1874	-0.3201	0.0450	0.1903	0.2092	0.0248
ENSMUSG00000002992	0.2538	-0.2978	-0.8823	-0.2705	0.1188	0.0194
ENSMUSG00000002997	0.2978	-0.1592	0.5749	0.3986	-0.5152	0.5095
ENSMUSG00000003031	-0.2232	-0.5478	-0.4204	0.4077	0.0286	0.1000
ENSMUSG00000003032	0.2700	-0.5535	-0.1699	-0.2641	0.2636	-0.7976
ENSMUSG00000003033	-0.5543	0.3021	-0.4761	0.3140	-0.2064	0.0264
ENSMUSG00000003037	-0.3331	1.1147	-0.2541	0.1950	0.1665	0.0997
ENSMUSG00000003053	0.3184	-0.7748	-0.6103	-1.4279	-1.5394	-1.0719
ENSMUSG00000003068	0.0669	0.3211	0.0166	0.1013	0.2915	-0.4251
ENSMUSG00000003070	-0.1302	0.3610	-0.2027	0.3031	-0.4354	0.5693
ENSMUSG00000003072	-0.3465	0.1308	-0.0320	0.3276	0.1899	-0.4254
ENSMUSG00000003099	0.1918	0.0794	-0.6013	-0.7759	-0.1001	0.4809
ENSMUSG00000003123	0.1342	-0.1056	-0.1885	-0.0681	0.2391	0.3103
ENSMUSG00000003131	-0.2436	-0.0840	0.5245	0.1368	-0.5180	-0.0727
ENSMUSG00000003184	-0.1133	0.0321	-0.1934	0.6153	0.1141	-0.2855
ENSMUSG00000003200	0.1037	0.1340	0.6027	-0.1147	0.0630	-0.5742
ENSMUSG00000003206	0.1512	-0.5084	-0.4234	-0.2310	0.0878	-0.0589
ENSMUSG00000003226	0.0196	-0.1922	0.2768	-0.0257	-0.6081	-0.2611
ENSMUSG00000003227	-0.0525	-0.2579	-0.3740	-0.6564	0.0816	-0.5612
ENSMUSG00000003228	0.0523	0.2931	-0.3331	0.1311	-0.3414	-0.1405
ENSMUSG00000003233	0.3269	0.5269	0.2532	-0.1746	-0.2761	-0.4782
ENSMUSG00000003235	-0.4980	0.2555	0.0678	-0.0680	-0.2235	0.1836
ENSMUSG00000003269	-0.0552	-0.1234	-0.0841	-0.5553	0.2006	0.2368
ENSMUSG00000003271	0.5120	0.1056	0.2128	0.0357	0.0379	0.3236
ENSMUSG00000003279	-0.0398	-0.0836	-0.0320	0.0466	-0.1654	0.3925
ENSMUSG00000003283	0.2056	-0.4663	0.0982	-0.1335	-0.0916	0.2912
ENSMUSG00000003299	-0.1308	-0.2098	-0.7777	-0.3513	0.2220	0.0703
ENSMUSG00000003308	0.1615	0.5322	0.4312	-0.3485	0.0964	-0.0763
ENSMUSG00000003309	-0.0210	0.4890	0.1259	0.5770	-0.5368	-0.2513
ENSMUSG00000003316	0.2212	-0.8537	-0.0113	-0.2149	-0.4194	-0.2557
ENSMUSG00000003345	-0.3612	0.3044	0.0111	-0.5216	-0.4321	0.3920
ENSMUSG00000003352	0.3006	-0.1376	-0.4486	0.3852	-0.1712	-0.2220
ENSMUSG00000003360	-0.0160	0.0150	-0.4951	-0.2176	0.1864	0.7668
ENSMUSG00000003363	0.0351	-0.2496	-0.1883	-0.5001	-0.9354	0.3552
ENSMUSG00000003378	-0.2140	0.1834	-0.0719	-0.2486	-0.2344	-0.0336
ENSMUSG00000003379	0.6079	0.2298	0.6574	0.1993	-0.1981	0.0228
ENSMUSG00000003402	0.1348	-0.1567	-0.1363	-0.3171	0.1672	-0.1428
ENSMUSG00000003429	0.2922	0.0014	-0.6399	-0.2140	0.3491	0.4719
ENSMUSG00000003435	0.0162	-0.0080	0.4487	0.0772	-0.4235	0.0961
ENSMUSG00000003436	-0.4555	-0.1617	0.0445	0.1874	-0.1811	0.1888
ENSMUSG00000003452	0.5289	-0.0381	0.0600	0.2982	-0.1080	-0.1143
ENSMUSG00000003458	0.4866	-0.4257	-0.5212	-0.4404	0.0380	0.2985
ENSMUSG00000003464	-0.3529	0.0103	-0.4189	0.2076	0.1151	-0.1268
ENSMUSG00000003476	-0.1033	0.2182	-0.0572	-0.2525	0.0833	0.0319
ENSMUSG00000003477	0.0291	-0.4165	-0.3182	0.1730	0.5248	0.5040
ENSMUSG00000003500	0.1301	0.4703	1.0292	1.0965	0.8499	1.1814
ENSMUSG00000003518	-0.0106	-0.2669	-0.0975	0.2656	0.2734	-0.5675
ENSMUSG00000003526	-0.4264	-0.2898	0.0215	0.6152	0.0597	0.0940
ENSMUSG00000003545	-0.0354	-0.0684	-0.0921	0.1333	-0.0589	0.1281
ENSMUSG00000003546	-0.2461	0.1978	-0.0325	-0.0367	-0.2624	0.2276
ENSMUSG00000003549	-0.3935	0.0690	-0.4923	-0.2112	0.2194	-0.3684
ENSMUSG00000003555	-0.2130	0.3443	-0.1217	0.0687	0.0953	0.1309
ENSMUSG00000003559	-0.2434	-0.1021	0.4569	-0.1085	0.2006	0.0341
ENSMUSG00000003573	-0.1953	0.1472	-0.1540	0.2704	0.4379	-0.3888
ENSMUSG00000003575	0.4555	-0.0128	0.1521	0.0958	0.2490	-0.2471
ENSMUSG00000003617	-0.1447	0.0493	0.3772	0.2488	-0.1936	0.0052
ENSMUSG00000003623	-0.6562	-0.1691	-0.7992	0.0147	0.0561	0.2855
ENSMUSG00000003644	0.3260	-0.0458	0.4493	-0.2780	0.3422	0.0451
ENSMUSG00000003660	-0.3934	0.7797	0.2451	0.0203	-0.0420	-0.1496
ENSMUSG00000003680	-0.1708	-0.0773	-0.3397	-0.1534	0.1220	-0.0138
ENSMUSG00000003731	0.0296	-0.0622	0.4762	0.0984	0.1692	0.0480
ENSMUSG00000003746	-0.0981	-1.0407	0.1895	0.1720	0.2352	-0.8607
ENSMUSG00000003752	0.2116	-0.2842	-0.0902	-0.1968	0.1683	-0.0289
ENSMUSG00000003778	-0.2488	-0.4761	0.3737	0.3585	-0.0021	0.6549
ENSMUSG00000003779	-0.6313	-0.8456	-1.1105	-0.8343	-1.1353	-0.7263
ENSMUSG00000003808	1.4994	1.5366	1.5500	2.1710	2.5356	2.5655
ENSMUSG00000003809	-0.4633	-0.4889	-0.1882	-0.0857	0.2522	-0.3509
ENSMUSG00000003812	-0.1708	0.4111	0.3668	0.0480	0.0107	-0.7103
ENSMUSG00000003813	-1.0558	-1.2945	-0.1170	-1.2084	-1.3911	-0.9608
ENSMUSG00000003814	0.3352	-0.3544	0.0045	-0.4109	0.0558	-0.1304
ENSMUSG00000003848	0.1883	0.1480	-0.0098	-0.4811	0.4274	-0.1935
ENSMUSG00000003849	0.4395	-0.4466	0.4352	-0.1927	0.2982	-0.4014
ENSMUSG00000003863	0.1150	-0.3793	0.5550	0.2251	-0.3973	0.4430
ENSMUSG00000003865	-0.0245	0.0648	-0.0895	-0.0886	-0.0580	-0.0367
ENSMUSG00000003868	-0.3211	0.4187	-0.4480	-0.3898	-0.1776	0.0084
ENSMUSG00000003873	-0.5124	0.6076	-0.4553	-0.4732	-0.3914	0.1833
ENSMUSG00000003882	-0.5171	0.4818	0.1565	0.7989	0.1228	-0.0644
ENSMUSG00000003923	-0.3960	0.0476	0.2493	-0.4536	0.0413	-0.3298
ENSMUSG00000003934	0.5702	0.5316	-0.2908	-0.2739	-0.2068	0.1932
ENSMUSG00000003970	-0.3246	-0.3367	-0.3626	0.3888	-0.0169	0.4531
ENSMUSG00000003974	0.2245	0.6570	-0.0167	0.2135	-0.3467	-0.5004
ENSMUSG00000004018	-0.1933	0.0735	-0.3207	0.1002	-0.3072	0.2781
ENSMUSG00000004032	0.5077	0.1004	-0.0802	0.0981	0.5264	-0.0176
ENSMUSG00000004035	-0.2711	0.5418	0.1042	0.2502	-0.1996	-0.0468
ENSMUSG00000004038	0.5767	-0.1068	-0.2440	0.1168	0.0660	0.2316
ENSMUSG00000004040	0.0570	0.1574	-0.0069	0.4877	-0.0413	0.2547
ENSMUSG00000004043	-0.0913	0.2867	0.5855	0.0580	-0.1223	-0.5952
ENSMUSG00000004054	0.1436	-0.4156	0.2867	0.2525	-0.4062	0.1297
ENSMUSG00000004056	-0.1579	0.1078	0.2748	-0.0191	-0.2036	0.2016
ENSMUSG00000004069	-0.0794	0.0072	0.2348	0.4477	-0.3823	0.0005
ENSMUSG00000004070	-0.4212	0.4925	-0.1666	-0.3140	-0.7681	0.0147
ENSMUSG00000004085	0.1649	-0.4799	-0.0225	0.0499	0.3283	-0.0878
ENSMUSG00000004096	0.1732	-0.0440	0.1063	-0.0845	-0.3538	-0.4059
ENSMUSG00000004098	-0.2833	-0.1125	0.0513	-0.2265	-0.5139	-0.2183
ENSMUSG00000004099	0.6229	-0.1364	-0.2202	-0.1517	-0.0095	-0.0193
ENSMUSG00000004110	0.4002	-0.0836	-0.1515	0.1786	0.4180	0.1814
ENSMUSG00000004113	0.4260	0.0940	0.2208	-0.7067	0.1909	0.3046
ENSMUSG00000004151	-0.1369	0.2043	0.5408	-0.2021	0.2643	-0.0218
ENSMUSG00000004187	0.1592	0.0762	-0.1671	0.4801	-0.0177	0.0032
ENSMUSG00000004207	-0.0785	-0.0852	-0.1923	0.2105	0.0678	-0.2467
ENSMUSG00000004221	0.0427	-0.0198	0.0842	-0.3111	0.5988	-0.0351
ENSMUSG00000004233	1.1855	1.8238	1.6545	2.3266	2.1261	3.0487
ENSMUSG00000004264	0.0101	-0.4791	-0.1371	-0.2618	0.5738	-0.2221
ENSMUSG00000004266	-0.4045	-0.3638	-0.1766	0.2225	-0.3976	0.1520
ENSMUSG00000004267	-0.2735	-0.1863	-0.2101	-0.0530	0.2029	-0.0368
ENSMUSG00000004268	-0.3120	-0.6247	-0.1438	0.7316	-0.5670	-0.1302
ENSMUSG00000004270	0.4196	0.2882	-0.3504	-0.1462	-0.4512	-0.5584
ENSMUSG00000004285	-0.0429	0.0791	-0.0700	0.6725	0.0619	-0.2507
ENSMUSG00000004296	-0.0998	0.2895	-0.1048	-1.0261	0.4770	-0.2123
ENSMUSG00000004317	0.3436	-0.1669	-0.4368	-0.4190	0.4147	-0.1385
ENSMUSG00000004319	0.4286	0.3502	-0.2310	0.7765	0.0168	-0.6102
ENSMUSG00000004341	0.1454	0.1418	0.2436	-0.7311	-0.0488	-0.2200
ENSMUSG00000004344	-0.3889	0.0165	0.4368	-0.0450	0.4195	0.1012
ENSMUSG00000004347	0.2498	-0.6299	0.6247	-0.1615	0.1826	0.1445
ENSMUSG00000004364	0.0957	-0.2998	-0.1435	0.3585	-0.4805	-0.1399
ENSMUSG00000004366	0.0497	-0.3122	0.4179	0.1117	0.2184	-0.0777
ENSMUSG00000004371	0.2819	-0.5982	-0.1512	-0.2539	-0.4237	-0.1277
ENSMUSG00000004383	-0.3968	0.2394	1.3582	0.5640	0.1861	-0.1949
ENSMUSG00000004415	-0.0072	-0.4087	-0.9060	0.1149	-0.4297	0.2828
ENSMUSG00000004446	-0.1141	0.0106	-0.0136	0.1041	-0.3572	0.3967
ENSMUSG00000004451	-0.2715	0.5523	-0.2455	-0.2025	0.2029	-0.2570
ENSMUSG00000004455	0.3164	-0.3450	-0.7966	0.2659	-0.4814	0.5537
ENSMUSG00000004460	-1.0761	0.4909	0.1257	-0.3337	0.2766	-0.1162
ENSMUSG00000004508	-0.2209	-1.3449	-0.9293	-1.4451	-1.2486	-1.3732
ENSMUSG00000004535	0.0902	0.4897	0.0766	0.0971	-0.0750	-0.2720
ENSMUSG00000004552	-0.0708	0.0046	0.1440	-0.0809	0.0558	-0.1382
ENSMUSG00000004565	-0.4463	-1.0116	-0.4107	-1.6414	-1.5024	-1.0224
ENSMUSG00000004567	0.0341	0.2838	0.4270	0.7973	0.4969	0.1180
ENSMUSG00000004568	-0.1246	-0.2117	0.5280	-0.2290	0.1463	0.0681
ENSMUSG00000004591	-0.3578	-0.3864	0.1259	0.1983	0.2161	0.1743
ENSMUSG00000004609	0.2571	0.1212	-0.1582	-0.0829	0.2101	-0.3091
ENSMUSG00000004631	0.4683	0.2201	-0.0808	-0.4050	0.1539	-0.2890
ENSMUSG00000004651	0.1988	-0.0604	-0.4762	-0.2195	0.2984	-0.1920
ENSMUSG00000004654	-0.1798	-0.2932	-0.1424	0.5816	-0.5039	0.0509
ENSMUSG00000004655	0.3129	-0.2071	0.1944	0.2230	-0.2461	0.1197
ENSMUSG00000004667	-0.2207	-0.0919	-0.0261	-0.5527	-0.2034	0.1445
ENSMUSG00000004668	0.8464	1.4709	1.8846	2.5827	2.1774	1.8925
ENSMUSG00000004677	-0.3090	-0.1510	0.9632	-0.0617	-0.0084	-0.3256
ENSMUSG00000004698	-0.1351	0.3518	0.3141	-0.0079	-0.4322	0.3831
ENSMUSG00000004707	0.4285	-0.0400	-0.3642	-0.3423	0.5574	-0.5909
ENSMUSG00000004709	-0.1117	0.3204	0.0990	0.2250	0.1592	-0.4593
ENSMUSG00000004771	0.5369	-0.2924	-0.3523	-0.7209	0.1390	0.3391
ENSMUSG00000004788	-0.1916	0.0753	0.2586	-0.9346	0.0489	-0.1363
ENSMUSG00000004789	0.0933	0.2355	0.5748	-0.6443	-0.4022	-0.0842
ENSMUSG00000004791	-0.3512	-0.1178	0.3360	-0.4468	-0.3013	-0.0263
ENSMUSG00000004798	-0.0159	-0.1770	-0.3964	0.0595	-0.3606	0.1157
ENSMUSG00000004814	-0.1109	0.8832	0.5161	-0.6533	0.2807	-0.1906
ENSMUSG00000004815	-0.4262	-0.4288	0.1082	0.0196	-0.0818	0.3749
ENSMUSG00000004842	-0.3956	-0.2429	0.0140	-0.1262	0.3897	-0.0955
ENSMUSG00000004843	-0.4982	0.7516	-0.2071	-0.0800	0.2150	0.3766
ENSMUSG00000004846	-0.0681	0.1086	0.0638	-0.0918	-0.0196	0.3993
ENSMUSG00000004849	-0.1991	-0.2223	-0.8459	-0.8956	-0.9826	-1.1482
ENSMUSG00000004864	0.4981	0.0388	0.3783	-0.0903	0.6070	0.2819
ENSMUSG00000004865	0.1512	0.6575	-0.0670	-0.2427	0.1293	-0.1725
ENSMUSG00000004872	-0.4047	-0.0472	0.1145	-0.0504	-0.1985	-0.3361
ENSMUSG00000004880	-0.3620	-0.5872	-0.5464	1.0318	-0.3197	-0.0276
ENSMUSG00000004895	0.0226	0.6621	0.0755	-0.0280	-0.1076	-0.0235
ENSMUSG00000004929	-1.1740	-1.0118	-1.8874	-1.3905	-2.5166	-3.2250
ENSMUSG00000004933	0.3406	0.4884	0.1353	0.1074	-0.1826	0.1980
ENSMUSG00000004934	0.3258	-0.3292	0.1526	-0.0396	-0.1021	-0.0613
ENSMUSG00000004936	-0.9060	-1.3726	-0.7641	-1.0926	-1.1779	-1.1435
ENSMUSG00000004937	0.3970	0.0603	-0.3436	-0.0441	-0.8375	-0.2997
ENSMUSG00000004939	0.1604	-0.2600	0.3128	-0.4438	-0.1225	0.0466
ENSMUSG00000004947	-0.6522	0.0391	-0.4608	-0.0995	-0.5872	-0.0862
ENSMUSG00000004951	0.4227	-0.0307	-0.2427	-0.1677	-0.1669	-0.5189
ENSMUSG00000004952	-0.0151	-0.1341	-0.0197	0.1009	0.2767	0.4300
ENSMUSG00000004980	0.5491	0.2881	0.0650	0.1666	0.0371	-0.3127
ENSMUSG00000004988	0.0542	-0.5083	0.2792	0.2415	0.0985	0.4312
ENSMUSG00000004996	0.2691	-0.0679	0.3635	0.0987	-0.2907	-0.1513
ENSMUSG00000005034	0.0928	-0.7222	-0.5045	-0.3047	0.3006	0.1454
ENSMUSG00000005043	-0.2056	0.3373	0.1547	0.4694	-0.4269	0.1787
ENSMUSG00000005057	0.3748	-0.2611	0.2856	0.3602	-0.1083	0.4560
ENSMUSG00000005069	-0.4429	0.3117	-0.4010	-0.1692	-0.0337	0.2328
ENSMUSG00000005087	0.0608	-0.2017	0.0898	0.1633	-0.2377	0.2424
ENSMUSG00000005089	0.3029	-0.2755	-0.2063	0.0810	0.1007	-0.0663
ENSMUSG00000005102	0.5474	-0.0677	0.3560	0.4875	0.1128	0.3569
ENSMUSG00000005124	-0.7160	-0.1986	-0.0645	-0.9818	-0.6338	0.2718
ENSMUSG00000005142	-0.0996	-0.4647	0.1725	0.1884	0.0743	-0.2161
ENSMUSG00000005148	-0.2739	0.2460	0.0606	-0.0980	-0.6963	0.1950
ENSMUSG00000005198	-0.7351	0.1242	0.0511	-0.2076	0.3717	-0.2712
ENSMUSG00000005232	0.0891	-0.0394	0.0076	0.7679	-0.3269	-0.2535
ENSMUSG00000005237	-0.5319	0.2548	0.4066	0.4372	0.1358	0.7951
ENSMUSG00000005262	-0.3968	-0.1308	0.3362	-0.7698	0.0527	-0.2612
ENSMUSG00000005268	0.2926	-0.1186	0.1211	-0.0244	0.0797	-0.4603
ENSMUSG00000005312	-0.3632	0.0556	-0.0513	-0.1352	0.2065	0.2118
ENSMUSG00000005320	-0.1163	-0.6058	0.0120	0.3871	0.1047	0.5393
ENSMUSG00000005338	-0.2018	0.1534	0.0014	0.6689	0.4800	0.5890
ENSMUSG00000005339	0.5279	-0.0831	0.5938	-0.0301	-0.4782	-0.0555
ENSMUSG00000005354	0.2675	0.2110	0.5681	-0.0534	0.2402	-0.0336
ENSMUSG00000005355	0.6319	1.4932	1.9680	2.2680	2.4894	2.6405
ENSMUSG00000005357	0.3787	0.3619	-0.2596	0.5710	-0.3251	-0.2010
ENSMUSG00000005360	0.0932	-0.2488	-0.5568	0.6571	-0.3680	0.5295
ENSMUSG00000005364	-0.2433	-0.2438	0.0883	-0.1245	0.5749	-0.2301
ENSMUSG00000005370	0.6813	0.6426	0.3134	0.0101	0.2170	-0.5274
ENSMUSG00000005373	-0.0535	-0.1133	-0.0532	0.3138	-0.2971	-0.2864
ENSMUSG00000005397	0.3895	-0.1052	-0.3004	-0.2288	0.3895	0.1745
ENSMUSG00000005410	-0.1332	-0.5475	0.0520	0.1613	-0.9168	-0.0383
ENSMUSG00000005413	0.2238	0.5402	0.0682	-0.0761	0.1783	0.0279
ENSMUSG00000005442	-0.0734	-0.0349	0.3011	-0.2756	-0.0135	-0.1748
ENSMUSG00000005447	0.0238	-0.1095	-0.2915	0.5566	0.2375	-0.6307
ENSMUSG00000005465	-0.0099	-0.7993	-0.2258	0.4311	-0.2330	-0.2223
ENSMUSG00000005469	-0.3073	0.0060	-1.0935	0.2811	-0.3901	-0.2936
ENSMUSG00000005474	0.2210	0.1684	-0.0824	0.5738	0.3472	0.2712
ENSMUSG00000005483	0.7008	0.3635	-0.3541	-0.1264	-0.7402	0.6485
ENSMUSG00000005510	0.3720	-0.0910	-0.1630	0.5809	0.0810	0.3357
ENSMUSG00000005533	-0.5135	0.4852	-0.1001	0.0883	-0.1621	0.2720
ENSMUSG00000005534	0.2005	0.2942	0.2242	-0.5497	-0.1177	-0.1121
ENSMUSG00000005540	0.1076	-0.0787	-0.0962	0.2281	-0.2253	0.6582
ENSMUSG00000005547	0.4451	0.5018	0.0320	-0.4955	0.1265	-0.4163
ENSMUSG00000005553	0.3339	-0.5700	0.2935	-0.5954	-0.0687	-0.0336
ENSMUSG00000005575	-0.8095	-0.4575	-1.3703	-1.0727	-0.8456	-0.8279
ENSMUSG00000005580	-0.0987	0.1764	0.0329	-0.2673	0.0671	0.0927
ENSMUSG00000005583	-0.0451	0.4741	0.2391	0.4880	0.1286	-0.0142
ENSMUSG00000005610	0.3816	-0.1420	-0.2709	0.0784	-0.5678	-0.6091
ENSMUSG00000005611	-0.2114	-0.4051	0.4952	0.5444	-0.2835	-0.3419
ENSMUSG00000005615	0.0134	-0.0754	0.5161	0.6338	0.2751	-0.3875
ENSMUSG00000005625	-0.3136	-0.5139	-0.1790	-0.1701	-0.4864	-0.4244
ENSMUSG00000005628	0.0881	-0.0165	0.5440	0.0846	-0.2634	-0.1169
ENSMUSG00000005640	-0.5594	0.4063	0.0159	0.5526	0.0684	0.0389
ENSMUSG00000005656	0.1086	0.2279	-0.0176	0.2792	-0.1858	-0.0423
ENSMUSG00000005667	-0.0071	0.1109	0.3280	0.4205	-0.1635	-0.1072
ENSMUSG00000005672	0.7429	0.2541	-0.1970	-0.2317	0.3568	0.5102
ENSMUSG00000005674	0.5088	0.4954	0.0126	0.0829	-0.0730	-0.0338
ENSMUSG00000005677	-0.0599	-0.1716	0.5769	0.5588	0.4613	-1.0130
ENSMUSG00000005681	-0.0318	-0.5271	-0.1698	-0.0068	0.2840	-0.3343
ENSMUSG00000005682	-0.2974	0.0372	-0.0252	0.6189	-0.3587	-0.6340
ENSMUSG00000005683	-0.9294	0.0972	0.0062	-0.6414	0.3017	0.0974
ENSMUSG00000005686	0.1017	-0.3491	0.0140	0.5447	-0.1672	0.5251
ENSMUSG00000005687	-0.9151	-0.0694	-0.2125	-0.8229	-0.3396	0.1502
ENSMUSG00000005696	-0.0075	-0.0849	0.3103	-0.0218	-0.0860	0.2103
ENSMUSG00000005699	-0.1504	-0.3509	0.3086	0.6788	0.5632	-0.1317
ENSMUSG00000005705	0.5894	-0.4862	0.2684	-0.2341	-0.3189	0.1602
ENSMUSG00000005718	0.0366	-0.6596	-1.0666	-1.5585	-1.2666	-1.0764
ENSMUSG00000005732	-0.3740	-0.0495	-0.4889	0.6555	0.3042	0.0671
ENSMUSG00000005763	0.3046	0.1925	-0.1104	-0.4797	-0.5146	-0.1868
ENSMUSG00000005774	0.3724	0.4768	-0.0578	-0.0284	-0.3904	0.6963
ENSMUSG00000005779	-0.0119	0.2359	0.1661	-0.7854	-0.7813	-0.0993
ENSMUSG00000005803	-0.0963	-0.2960	-0.0068	0.3220	-0.0027	0.4508
ENSMUSG00000005824	-0.0902	-0.2957	0.1390	-0.0724	-0.1864	0.2231
ENSMUSG00000005864	-0.3328	0.0431	-0.2760	-0.1670	0.1230	0.3915
ENSMUSG00000005871	0.0864	0.4802	-0.4770	-0.1703	-0.1320	0.6125
ENSMUSG00000005886	-0.1322	0.8836	0.5441	0.6713	0.9810	0.9682
ENSMUSG00000005892	0.6889	0.0148	0.1084	0.0674	0.0854	-0.0893
ENSMUSG00000005899	-0.3052	-0.7125	0.5565	0.6861	0.2031	-0.3093
ENSMUSG00000005907	-0.0326	-0.1602	-0.0941	-0.3205	-0.0467	0.1450
ENSMUSG00000005917	-0.2162	-0.4892	0.0247	-0.1150	-0.4126	-0.7509
ENSMUSG00000005947	-0.2818	-0.2717	0.1846	0.1311	0.6856	0.4373
ENSMUSG00000005949	-0.4388	-0.7475	-0.2703	0.2859	0.2214	0.3895
ENSMUSG00000005950	-0.2423	0.2515	0.1979	0.2842	-0.4522	0.0948
ENSMUSG00000005951	0.3408	-0.1520	-0.3323	0.2298	0.0344	-0.4924
ENSMUSG00000005952	-0.1415	0.2741	-0.0198	-0.0425	-0.4617	0.2832
ENSMUSG00000005958	0.3610	-0.4992	0.2823	-0.3165	-0.4084	-0.0541
ENSMUSG00000005981	0.6871	0.2068	0.1694	-0.4846	0.0288	-0.0118
ENSMUSG00000005994	0.2427	-0.4947	-0.0854	0.2752	-0.3451	0.1324
ENSMUSG00000006005	-0.4115	0.2770	0.4528	0.4045	-0.2006	0.7416
ENSMUSG00000006024	0.4104	0.0740	-0.4234	0.5620	-0.4069	-0.2375
ENSMUSG00000006056	-0.1088	-0.2768	0.5596	-0.1276	0.2610	0.1230
ENSMUSG00000006057	0.0652	-0.9906	-0.0700	0.3667	-0.0168	0.4688
ENSMUSG00000006058	0.3895	0.7061	0.4263	-0.4563	0.1066	-0.5825
ENSMUSG00000006127	0.7021	0.0513	-0.2484	0.3853	-0.0338	0.4959
ENSMUSG00000006134	0.4358	-0.2692	0.0059	0.4521	0.1415	-0.1373
ENSMUSG00000006204	0.4185	0.0024	-0.4492	0.3802	0.3526	-0.6247
ENSMUSG00000006215	-0.1887	-0.3713	0.0115	-0.5055	-0.5220	0.1371
ENSMUSG00000006216	0.0626	0.0426	-0.1746	0.2516	0.6021	-0.2630
ENSMUSG00000006235	-0.6722	-0.4573	-0.4695	-0.7270	-1.2340	-1.2429
ENSMUSG00000006262	-0.0393	0.0636	-0.4798	-0.6095	-0.2018	-0.0859
ENSMUSG00000006269	-0.1719	0.0783	-0.0179	-0.0159	0.0737	-0.2975
ENSMUSG00000006273	-0.0911	-0.4414	-0.1882	0.2307	0.4526	0.6369
ENSMUSG00000006276	0.3257	0.4137	0.6422	-0.7374	-0.2041	0.8347
ENSMUSG00000006304	0.0915	-0.0681	0.1414	-0.6033	-0.2153	-0.3878
ENSMUSG00000006307	-0.0061	0.1638	-0.7783	-0.2789	0.4569	0.2988
ENSMUSG00000006333	-0.0495	-0.1377	-0.3821	0.0735	0.1248	0.2687
ENSMUSG00000006335	0.2939	0.1428	-0.3043	-0.3035	-0.8807	0.5001
ENSMUSG00000006344	-0.1255	0.6917	0.3685	0.3359	0.1213	0.0564
ENSMUSG00000006345	0.2262	-0.1264	-0.3126	-0.9664	-0.3984	0.5870
ENSMUSG00000006369	-0.1382	0.0760	-0.6414	-0.2527	-0.2440	0.6404
ENSMUSG00000006373	0.4583	0.0805	0.5500	-0.7244	-0.3332	-0.0933
ENSMUSG00000006378	0.1654	-0.0081	-0.6412	0.4214	-0.6035	0.4041
ENSMUSG00000006386	0.0565	0.2575	-0.4603	-0.1434	-0.4642	-0.5159
ENSMUSG00000006389	0.5467	0.0630	0.0276	-0.5115	-0.0909	0.2940
ENSMUSG00000006390	-0.8139	-1.3657	-1.9137	-1.5885	-2.1131	-2.2373
ENSMUSG00000006398	0.1533	0.1418	0.2042	0.6539	0.2879	0.0623
ENSMUSG00000006411	-0.0739	0.0172	0.0098	-0.3704	0.4238	-0.6077
ENSMUSG00000006442	0.2498	0.2771	0.0448	-0.3432	-0.8203	-0.3410
ENSMUSG00000006445	0.0171	0.1803	0.1678	-0.3014	0.1880	-0.6134
ENSMUSG00000006457	-0.2121	-0.1254	0.3676	-0.2237	0.3088	0.0221
ENSMUSG00000006469	0.0476	0.4879	-0.9190	0.0010	-0.0551	0.0583
ENSMUSG00000006494	0.3047	0.2173	-0.7346	-0.2954	0.1183	0.0212
ENSMUSG00000006517	0.1060	-0.3180	0.1478	0.6955	-0.1041	-0.1250
ENSMUSG00000006519	-0.1730	0.0131	-0.4963	0.1153	-0.3056	0.2661
ENSMUSG00000006527	-0.0950	0.8132	0.0294	0.2778	-0.3046	-0.1338
ENSMUSG00000006538	-0.0254	0.0360	0.0070	0.2699	-0.4022	-0.0166
ENSMUSG00000006542	-0.3267	-0.1699	-0.1041	-0.2695	0.3772	0.2120
ENSMUSG00000006567	0.2590	-0.5345	0.0528	-0.3916	-0.4091	-0.1771
ENSMUSG00000006570	0.1533	-0.3519	0.3119	0.2174	0.1746	-0.4155
ENSMUSG00000006574	-0.6778	0.5004	0.1312	-0.1702	-0.2841	-0.5435
ENSMUSG00000006585	0.0202	-0.1074	0.6034	-0.1820	0.1156	-0.1648
ENSMUSG00000006586	-0.0737	-0.0931	0.4222	-0.4422	-0.0360	-0.5953
ENSMUSG00000006589	1.1422	0.9452	0.5257	1.5296	1.4285	1.1373
ENSMUSG00000006599	-0.3419	0.0550	-0.3106	-0.2297	0.2481	0.0091
ENSMUSG00000006611	-0.0853	-0.3205	-0.0960	0.4685	0.4127	0.3918
ENSMUSG00000006641	-0.2368	0.2630	0.2915	0.0837	-0.1946	0.8299
ENSMUSG00000006649	0.1380	-0.2300	-0.6103	-0.2144	0.0094	-0.0776
ENSMUSG00000006678	-0.1954	-0.1356	0.3489	0.1782	-0.0787	0.0439
ENSMUSG00000006699	-0.9554	-1.2298	-1.0587	-1.0841	-1.0472	-1.7579
ENSMUSG00000006724	0.0974	-0.0524	0.2412	0.1778	0.2482	-0.3262
ENSMUSG00000006728	0.4653	0.6474	1.1329	-0.5670	-0.1768	-0.0241
ENSMUSG00000006731	1.3719	1.6221	1.4776	2.1042	2.4714	2.8666
ENSMUSG00000006740	-0.7274	-0.7053	0.4045	-0.1088	0.3472	0.2483
ENSMUSG00000006764	-0.3147	-0.1683	-0.6478	0.4449	-0.0643	0.2468
ENSMUSG00000006777	1.4217	1.9469	1.5629	1.9885	3.0698	2.9835
ENSMUSG00000006818	-0.2474	0.0635	-0.1217	0.4762	-0.1377	-0.6599
ENSMUSG00000006906	-0.4873	-0.4477	0.7430	0.7452	0.2633	-0.3730
ENSMUSG00000006920	-0.1560	-0.3296	0.4989	0.2761	0.3531	0.3942
ENSMUSG00000006930	0.2441	-0.5647	0.2427	-0.4765	0.0327	-0.7169
ENSMUSG00000006932	0.4390	0.0015	0.4393	0.3960	0.0502	-0.8240
ENSMUSG00000006958	0.1249	-0.7026	-0.7707	0.1694	-0.4807	-0.0466
ENSMUSG00000006998	-0.2274	0.1829	0.0703	0.0834	0.0777	0.9746
ENSMUSG00000007029	1.6173	1.5177	1.8503	2.2041	2.3718	2.3720
ENSMUSG00000007033	-0.0106	0.2650	-0.3319	0.0762	-0.0331	0.4947
ENSMUSG00000007034	0.5066	-0.3050	0.3852	0.2366	-0.1942	-0.0099
ENSMUSG00000007036	0.1307	-0.1561	0.3783	-0.5050	0.2008	-0.6233
ENSMUSG00000007038	1.3941	1.5808	1.7602	2.3652	1.7767	2.8631
ENSMUSG00000007050	-0.0067	-0.3332	0.3045	0.1032	-0.0236	0.1649
ENSMUSG00000007080	-0.8253	-0.8421	0.2607	0.0159	-0.0374	0.5663
ENSMUSG00000007097	0.4258	0.1755	-0.3053	0.8526	0.3059	-0.1170
ENSMUSG00000007107	0.2649	-0.0382	-0.2625	-0.0924	-0.2889	0.1935
ENSMUSG00000007122	0.8638	-0.2942	-0.9094	-0.1749	0.4336	0.4361
ENSMUSG00000007207	0.0774	0.3300	0.1843	0.5515	0.0535	-0.6941
ENSMUSG00000007279	0.2704	-0.1277	0.2924	-0.1286	0.4899	-0.4268
ENSMUSG00000007338	0.2149	-0.0460	0.5248	0.2058	0.1047	-0.2806
ENSMUSG00000007458	0.0205	0.2845	-0.3474	0.1730	0.3018	-0.8208
ENSMUSG00000007480	-0.2226	-0.5066	0.0425	0.2003	-0.1515	-0.2600
ENSMUSG00000007564	0.2917	0.0884	0.3588	-0.0928	-0.0494	-0.1948
ENSMUSG00000007570	-0.2781	-0.1460	0.1489	0.0056	0.3344	0.2419
ENSMUSG00000007613	-0.2471	0.3361	-0.0439	0.1344	-0.0945	-0.4812
ENSMUSG00000007617	0.4821	-0.1209	0.1394	0.0752	-0.2046	0.5316
ENSMUSG00000007646	0.2451	-0.2220	-0.1359	0.0922	0.2203	0.2831
ENSMUSG00000007653	0.0940	0.0675	-0.5115	-0.0917	0.0354	0.8437
ENSMUSG00000007655	-0.0404	-0.0384	0.4159	0.3176	-0.6001	-0.0267
ENSMUSG00000007659	-0.4612	-0.2484	-0.5095	-0.0731	0.2774	0.1488
ENSMUSG00000007682	0.0027	-0.3173	-0.4523	-0.4327	0.1960	0.8399
ENSMUSG00000007783	-0.1120	0.5122	-0.3342	0.5178	-0.2631	0.6396
ENSMUSG00000007805	1.3196	0.5646	1.6781	0.2426	0.9375	1.2297
ENSMUSG00000007815	0.2461	-0.0151	-0.0502	-0.1610	-0.4867	0.1167
ENSMUSG00000007872	0.3874	-0.1546	-0.4178	-0.4542	-0.4452	-0.1339
ENSMUSG00000007877	-0.2134	0.0600	-0.5402	0.4146	0.5753	0.4146
ENSMUSG00000007880	0.0181	0.0118	0.6931	-0.3244	-0.1851	-0.1845
ENSMUSG00000007891	-0.1515	0.2375	0.0916	-0.0517	0.2147	-0.2807
ENSMUSG00000007892	-0.0189	-0.9120	0.7451	-0.5884	0.3577	0.2468
ENSMUSG00000007908	-0.0802	-0.0539	0.0362	-0.0106	-0.0681	-0.0472
ENSMUSG00000007989	0.4765	0.7553	1.0584	1.4305	0.8972	0.8290
ENSMUSG00000008036	0.1435	0.1146	-0.1632	-0.2568	0.2650	-0.2777
ENSMUSG00000008136	-0.2143	-0.5796	-0.3847	0.2168	0.2781	0.6479
ENSMUSG00000008206	0.7449	1.2471	1.2902	2.6311	2.1429	2.3922
ENSMUSG00000008301	-0.0703	0.2694	0.5150	0.2176	0.1521	0.0683
ENSMUSG00000008305	-0.4882	-0.2133	-0.4842	0.0221	0.2693	0.2992
ENSMUSG00000008318	0.0313	0.4214	0.4359	-0.2864	-0.1451	0.1057
ENSMUSG00000008333	-0.2123	0.0204	-0.0717	0.2990	0.6467	-0.7500
ENSMUSG00000008348	-0.1998	0.4660	0.1923	0.0283	-0.4909	-0.8120
ENSMUSG00000008373	0.4203	0.3356	-0.5983	-0.1183	0.1677	0.2420
ENSMUSG00000008435	0.8356	-0.5052	0.0925	-0.5727	0.0124	0.5121
ENSMUSG00000008461	1.3322	0.7715	1.0361	0.7041	1.6605	1.7681
ENSMUSG00000008475	0.0969	-0.2953	0.3954	-0.3261	-0.0087	-0.0646
ENSMUSG00000008496	0.0402	0.3034	0.0086	-0.3783	0.0002	0.1486
ENSMUSG00000008540	0.0098	0.1984	-0.1682	-0.0598	-0.3510	0.1001
ENSMUSG00000008590	0.4451	0.2240	0.2525	0.4430	-0.1475	-0.0592
ENSMUSG00000008604	-0.1170	-0.0454	0.4150	-0.6492	-0.0245	-0.3498
ENSMUSG00000008668	0.3202	0.3522	1.1294	1.4079	0.8268	2.1041
ENSMUSG00000008682	0.1315	0.3526	0.2712	-0.0115	-0.2045	0.5627
ENSMUSG00000008683	0.5143	0.9362	0.7767	0.8447	0.2408	0.3673
ENSMUSG00000008730	0.6365	0.4920	0.1999	0.0008	-0.2480	0.0282
ENSMUSG00000008763	-0.1691	-0.0317	0.1933	0.4701	0.4067	0.2681
ENSMUSG00000008822	-0.3784	0.8000	0.6064	-0.2362	-0.1140	-0.4965
ENSMUSG00000008843	-1.4030	-1.9234	-2.1924	-1.8273	-2.9044	-2.4655
ENSMUSG00000008855	-0.0787	0.0636	0.2162	-0.2431	0.2039	-0.8201
ENSMUSG00000008859	-0.3963	0.5965	0.0985	0.1623	0.0987	0.4995
ENSMUSG00000008892	-0.3812	-0.5288	-0.5385	-0.0987	0.2705	-0.4347
ENSMUSG00000008932	0.4192	-0.3820	0.0781	-0.3782	-0.1516	-0.1486
ENSMUSG00000008958	0.1509	0.2060	0.4521	-0.4218	0.4056	0.0829
ENSMUSG00000008999	0.0354	-0.1940	-0.3386	0.4661	0.4614	-0.3553
ENSMUSG00000009013	-0.4015	0.0131	-0.5020	0.1374	-0.6797	-0.0331
ENSMUSG00000009073	0.3644	0.3299	0.0333	0.0624	-0.1284	0.2536
ENSMUSG00000009079	0.3110	0.3027	-0.2438	-0.4670	-0.5269	0.0392
ENSMUSG00000009090	0.6403	-0.2894	0.3945	-0.4389	0.3224	-0.1104
ENSMUSG00000009092	-0.1196	-0.5644	0.6616	-0.0195	0.3171	-0.2669
ENSMUSG00000009093	-0.2690	-0.0978	-0.5950	-0.2585	0.5915	0.2938
ENSMUSG00000009108	0.2989	0.3338	0.2449	0.0010	0.2847	-0.0364
ENSMUSG00000009112	-0.2757	-0.1397	-0.0797	0.1429	0.0281	0.4142
ENSMUSG00000009185	-0.6870	-0.4800	0.5993	0.2030	0.4459	-0.1626
ENSMUSG00000009246	-0.6984	0.2610	0.0311	0.0905	-0.0156	0.8085
ENSMUSG00000009292	0.2217	-0.0569	-0.0309	-0.6870	-0.2235	-0.1280
ENSMUSG00000009293	-0.2167	-0.3029	0.1762	0.1422	-0.1943	-0.2428
ENSMUSG00000009350	-0.2393	0.0463	0.0530	0.0255	-0.1330	0.0219
ENSMUSG00000009356	0.2288	-0.2344	0.1530	0.1261	0.3604	0.1970
ENSMUSG00000009376	-0.3508	0.1391	0.2185	-0.1255	-0.0448	-0.4036
ENSMUSG00000009406	0.1010	-0.1362	0.4291	0.4525	-0.1427	0.5475
ENSMUSG00000009470	-0.4425	-0.2719	-0.5790	0.1397	-0.4695	0.0326
ENSMUSG00000009471	-0.1841	-0.0495	-0.1157	-0.7411	-0.2836	-0.2825
ENSMUSG00000009535	-0.4389	-0.5515	0.3527	0.5716	0.1349	0.5868
ENSMUSG00000009545	-0.0068	0.2657	-0.3720	0.1481	0.1838	-0.0479
ENSMUSG00000009549	0.0772	0.4882	0.1522	0.2108	0.1814	-0.4482
ENSMUSG00000009555	-0.0864	-0.1527	0.2866	0.5177	0.5066	0.2033
ENSMUSG00000009566	0.5010	-0.9273	-0.7947	-0.4391	-0.0991	-0.4991
ENSMUSG00000009585	-0.1188	0.0851	-0.5035	-0.0037	-0.0489	-0.1834
ENSMUSG00000009588	-0.2370	0.2343	0.4978	-0.0188	-0.2077	-0.4176
ENSMUSG00000009596	0.4333	-0.0180	-0.0203	0.0510	-0.0341	-0.2891
ENSMUSG00000009614	-0.4053	0.8972	-0.0306	0.0992	0.6751	0.4124
ENSMUSG00000009621	0.1022	0.1620	-0.1338	-0.2647	-0.2113	0.1252
ENSMUSG00000009630	0.1196	0.2631	0.0121	-0.1502	0.0354	-0.7833
ENSMUSG00000009640	-0.2655	-0.2657	0.0728	0.2692	-0.5064	-0.2116
ENSMUSG00000009646	-0.1797	-0.4093	0.0115	-0.1322	-0.2245	0.3698
ENSMUSG00000009647	0.2671	0.0276	-0.1048	0.5420	0.1662	-0.3838
ENSMUSG00000009681	-0.0334	0.3125	-0.7564	-0.8371	0.3077	0.3019
ENSMUSG00000009863	0.9190	0.5858	0.7863	1.0043	1.2090	1.3089
ENSMUSG00000009876	0.0173	-0.2680	-0.2775	0.1613	0.1252	0.0346
ENSMUSG00000009900	0.6844	0.5853	0.1585	0.2735	-0.3537	-0.2850
ENSMUSG00000009905	-1.4497	-1.9225	-1.9067	-1.7951	-1.7632	-2.6614
ENSMUSG00000009907	-0.3592	-0.2437	-0.7200	0.0048	-0.0826	0.2529
ENSMUSG00000009927	0.0262	-0.0134	-0.0885	-0.4320	-0.2201	0.0118
ENSMUSG00000009941	0.3241	-0.3794	-0.2980	-0.0823	0.2603	-0.8389
ENSMUSG00000009995	0.4622	-0.3995	0.2996	0.6573	0.3516	-0.1332
ENSMUSG00000010021	0.0102	0.1149	0.0790	-0.1502	0.0414	0.1520
ENSMUSG00000010025	-0.5188	0.4913	0.6264	-0.4856	-0.4330	0.1342
ENSMUSG00000010047	-0.3354	-0.0451	0.0087	0.0625	0.2759	0.1075
ENSMUSG00000010051	-0.4488	0.2165	0.3895	-0.6066	0.2295	0.1691
ENSMUSG00000010057	0.3954	0.4186	-0.3437	-0.0073	0.4360	0.1430
ENSMUSG00000010064	-0.3152	-0.2554	0.3716	0.0336	0.1788	0.3797
ENSMUSG00000010066	0.1117	-0.0346	0.3775	-0.0452	-0.1560	0.0660
ENSMUSG00000010067	0.4374	-0.2956	-0.3281	0.3071	-0.3194	0.1150
ENSMUSG00000010080	-0.0856	0.3843	0.3798	0.3601	-0.3886	0.5328
ENSMUSG00000010095	0.4969	-0.1225	-0.3119	-0.1834	0.0261	0.1211
ENSMUSG00000010097	-0.2722	0.0726	0.0799	0.7727	0.3698	-0.0387
ENSMUSG00000010110	0.5607	0.1198	-0.2062	0.1976	-0.3082	-0.0116
ENSMUSG00000010142	0.0869	-0.0748	-0.5565	-0.1746	-0.1740	0.1060
ENSMUSG00000010307	-0.1152	0.3762	-0.2175	0.7028	0.0600	-0.3693
ENSMUSG00000010392	0.3047	-0.0200	0.5072	-0.1434	-0.1474	-0.1468
ENSMUSG00000010406	-0.1737	-0.3442	-0.0477	-0.4886	0.4468	0.2690
ENSMUSG00000010529	-0.8484	-0.8867	-1.0083	-1.3119	-2.1100	-1.7172
ENSMUSG00000010607	-0.4251	0.0988	-0.0727	-0.1335	0.1259	-0.0424
ENSMUSG00000010608	-0.1141	0.1475	0.4057	-0.1431	0.3312	0.3954
ENSMUSG00000010609	0.6824	0.1573	0.0953	-0.2566	0.0529	0.1674
ENSMUSG00000010651	-0.3762	-0.1554	-0.3219	-0.1098	-0.1266	-0.3406
ENSMUSG00000010660	-0.3882	0.8339	0.5237	0.9844	-0.0108	-0.2088
ENSMUSG00000010663	-0.2916	-0.3393	0.4548	0.1389	0.4462	0.4583
ENSMUSG00000010755	1.3790	2.0516	1.5489	1.6934	1.7161	2.6518
ENSMUSG00000010797	0.1117	-0.1496	0.2811	0.0345	-0.4807	0.0631
ENSMUSG00000010803	0.6805	-0.1485	0.4302	-0.6836	1.0947	-0.0648
ENSMUSG00000010911	-0.2072	-0.1178	0.1117	-0.2945	0.1789	-0.1230
ENSMUSG00000010914	0.5550	0.3569	0.1204	-0.5775	-0.1132	0.3112
ENSMUSG00000010936	0.1174	0.0682	0.1032	0.4017	0.0713	0.2135
ENSMUSG00000011008	0.2431	-0.6606	0.0353	0.1807	-0.2777	-0.1847
ENSMUSG00000011034	0.2335	0.5027	-0.4101	0.1792	-0.1535	-0.3338
ENSMUSG00000011096	-0.3051	-0.3229	-0.1292	-0.4145	-0.2483	0.0811
ENSMUSG00000011148	-0.3426	-0.4137	0.3718	-0.1098	0.2597	-0.7320
ENSMUSG00000011171	-0.1934	-0.2142	0.0916	0.9337	0.3873	0.0301
ENSMUSG00000011179	0.3334	0.1119	0.2838	0.6646	-0.0863	0.4280
ENSMUSG00000011257	-0.3367	-0.4287	-0.4679	0.4036	-0.2860	0.1980
ENSMUSG00000011305	0.0940	0.0808	0.1770	0.1692	0.5786	-0.5473
ENSMUSG00000011382	-0.2843	0.2346	0.4370	-0.2641	-0.0650	0.0920
ENSMUSG00000011463	0.4961	-0.4838	-0.2483	-0.6000	-0.2862	0.0989
ENSMUSG00000011751	0.4245	0.2832	-0.0061	-0.5605	0.4974	-0.4203
ENSMUSG00000011752	0.2085	-0.0849	0.3538	0.2452	-0.4361	-0.4057
ENSMUSG00000011877	-0.3363	0.1976	0.3542	0.4145	0.0526	-0.2475
ENSMUSG00000011960	-0.2600	0.5092	0.3331	-0.0290	0.3282	-0.3230
ENSMUSG00000012117	-0.4771	0.2429	0.0014	-0.4437	0.0662	-0.2049
ENSMUSG00000012187	-0.0112	-0.2658	-0.3577	-0.5962	0.6480	-0.0071
ENSMUSG00000012282	0.3789	-0.1913	-0.5905	-0.2317	-0.1796	0.0481
ENSMUSG00000012296	0.0806	-0.2610	-0.2258	0.4788	-0.0629	0.6637
ENSMUSG00000012396	0.1477	0.2982	0.1731	0.6666	0.2516	-0.4584
ENSMUSG00000012405	-0.0538	-0.0731	-0.2684	-0.0475	-0.6330	-0.0385
ENSMUSG00000012443	0.3659	0.2377	-0.2932	0.1776	0.2021	0.1319
ENSMUSG00000012483	-0.6560	-0.3226	-0.3755	0.0694	0.0230	-0.7976
ENSMUSG00000012519	0.1194	0.6145	0.0448	0.6001	0.0626	0.4731
ENSMUSG00000012535	-0.0609	0.0873	-0.1431	0.3654	0.7119	-0.1854
ENSMUSG00000012848	-0.1104	0.0724	0.5326	0.0959	-0.0168	-0.1549
ENSMUSG00000013076	-0.2839	0.2420	-0.0289	0.0791	-0.5213	-0.1985
ENSMUSG00000013089	-0.2012	-0.0385	0.2496	-0.2638	0.0912	-0.2532
ENSMUSG00000013160	-0.0023	-0.1855	0.5917	-0.2636	0.5312	0.0498
ENSMUSG00000013236	0.4901	-0.3811	0.0780	0.1357	0.2636	-0.0669
ENSMUSG00000013415	-0.3696	0.1043	-0.2957	0.0238	0.1385	0.1451
ENSMUSG00000013418	0.0742	-0.2088	-0.2154	0.5200	0.1452	0.2202
ENSMUSG00000013465	-0.3870	0.0247	0.2186	0.4983	-0.8376	-0.7551
ENSMUSG00000013483	0.3210	-0.4034	-0.1569	0.4734	-0.2381	-0.4379
ENSMUSG00000013584	0.1189	0.3717	-0.1786	0.9561	0.3317	0.2908
ENSMUSG00000013593	0.5321	0.4520	0.3176	0.2070	0.6227	0.8135
ENSMUSG00000013629	0.6497	-0.1586	-0.2163	-0.0672	0.4916	-0.4760
ENSMUSG00000013663	0.0564	-0.3852	-0.4759	0.2737	-0.3273	-0.9236
ENSMUSG00000013787	-0.2786	0.0745	-0.1872	0.1646	-0.0346	-0.1299
ENSMUSG00000013833	0.1752	-0.1299	-0.0528	0.2948	-0.1074	0.4853
ENSMUSG00000013846	-0.0036	-0.4216	-0.1900	-0.1328	-0.0755	0.2509
ENSMUSG00000013936	0.0489	0.1820	-0.2313	-0.0068	0.3419	0.3003
ENSMUSG00000014030	0.2402	-0.2380	0.5309	0.4982	-0.2455	-0.2525
ENSMUSG00000014158	0.2006	0.4768	0.6453	-0.1070	-0.5093	-0.3660
ENSMUSG00000014226	0.2822	0.4600	-0.1732	-0.0579	-0.3968	0.0733
ENSMUSG00000014245	-0.1877	-0.2519	-0.4116	-0.1345	-0.1905	-0.0560
ENSMUSG00000014294	-0.2260	-0.2122	-0.0927	-0.1199	-0.3326	-0.3505
ENSMUSG00000014313	-0.1164	0.3970	0.2906	0.1237	-0.0647	0.2929
ENSMUSG00000014349	0.1955	0.3707	0.0762	-0.7011	-0.5044	0.1130
ENSMUSG00000014351	0.2470	-0.4775	0.1135	-0.2042	0.7243	0.1719
ENSMUSG00000014355	-0.4392	-0.5582	0.2244	-0.0320	0.0847	0.5402
ENSMUSG00000014361	-0.3870	-0.3992	0.3529	0.3494	0.3028	0.0933
ENSMUSG00000014402	0.4119	0.5301	0.5435	0.4066	0.5441	0.4773
ENSMUSG00000014426	-0.4122	-0.1758	-0.3861	-0.3349	0.5839	-0.3311
ENSMUSG00000014453	-0.4913	-0.2616	0.5423	-0.2033	0.3868	0.0019
ENSMUSG00000014504	-0.1151	0.4319	0.4248	-0.2928	0.4602	-0.2958
ENSMUSG00000014543	0.0272	-0.0133	-0.6044	-0.1593	-0.2974	0.2621
ENSMUSG00000014550	-0.3252	-0.1441	-0.1240	-0.6224	-0.0473	0.2185
ENSMUSG00000014551	-0.0900	0.2582	-0.3021	0.3031	0.0655	0.2408
ENSMUSG00000014554	-0.0466	0.5424	0.2168	-0.2987	-0.0928	-0.0290
ENSMUSG00000014599	-0.1103	0.2433	-0.3586	0.4097	0.3077	0.1046
ENSMUSG00000014602	-0.5355	-0.1635	0.0459	0.4352	0.3491	-0.4619
ENSMUSG00000014609	0.1831	-0.3792	-0.0503	-0.4998	-0.2283	0.4742
ENSMUSG00000014767	-0.2731	0.0254	0.1898	-0.1072	-0.3595	0.2865
ENSMUSG00000014769	0.3373	0.4592	-0.0883	-0.5072	0.2062	-0.0668
ENSMUSG00000014773	0.2384	-0.1329	-0.5695	0.9991	-0.0239	-0.3717
ENSMUSG00000014776	-0.0099	-0.7346	-0.3437	-0.1570	0.6750	-0.7321
ENSMUSG00000014778	0.0517	0.2399	0.7626	1.0687	0.0585	-0.1197
ENSMUSG00000014791	0.6447	0.7780	0.5456	0.5503	1.3787	1.7798
ENSMUSG00000014850	-0.0515	-0.2526	0.0803	0.1184	-0.0246	0.1037
ENSMUSG00000014852	0.8980	-0.1325	-0.5840	0.5682	0.2018	0.3698
ENSMUSG00000014856	0.3711	0.3234	0.4797	-0.5531	-0.1499	0.2788
ENSMUSG00000014859	-0.7168	-0.5244	-0.5839	-0.4336	-1.4380	-1.3774
ENSMUSG00000014932	0.1411	-0.2454	-0.5580	0.2698	0.4440	-0.8764
ENSMUSG00000014956	-0.4495	-1.2044	-0.6268	-1.0674	-1.0196	-0.8999
ENSMUSG00000014959	0.3487	-0.2931	0.2577	0.1585	-0.0196	-0.0242
ENSMUSG00000015016	-0.2270	0.3987	-0.1306	-0.2438	-0.3232	0.3359
ENSMUSG00000015023	-0.1619	-0.1218	0.1970	-0.0664	-0.0832	-0.6216
ENSMUSG00000015027	-0.4586	0.0742	-0.0997	0.1193	0.5094	0.1966
ENSMUSG00000015083	-0.3667	-0.2239	-0.8437	-1.5402	-1.0666	-1.1552
ENSMUSG00000015085	0.1510	-0.6603	-0.2631	-0.1794	0.0771	0.2333
ENSMUSG00000015090	-0.2574	0.1218	0.2974	-0.2211	-0.1328	-0.2959
ENSMUSG00000015120	-0.2766	0.3485	0.3356	0.5178	-0.4075	0.4877
ENSMUSG00000015134	0.4480	0.7764	0.6002	0.7511	0.9408	1.2227
ENSMUSG00000015143	0.1709	0.5091	0.5111	-0.1351	-0.0471	0.1198
ENSMUSG00000015149	0.2525	-0.0240	-0.4026	0.0430	-0.2273	-0.3237
ENSMUSG00000015214	0.5528	0.0056	-0.4751	-0.2932	0.3256	-0.1587
ENSMUSG00000015222	-0.1594	0.1602	0.0011	0.0533	-0.0597	0.1407
ENSMUSG00000015224	0.6392	-0.1309	0.1531	0.4220	0.2783	-0.7932
ENSMUSG00000015243	1.3974	0.8940	1.6806	2.8831	2.4773	2.1934
ENSMUSG00000015290	0.0679	-0.5241	0.1169	-0.5784	0.3651	0.1216
ENSMUSG00000015312	-0.1193	0.2932	-0.1963	-0.4452	0.4436	-0.2459
ENSMUSG00000015314	-0.4217	-0.6289	-1.4130	-1.3372	-1.2232	-1.7404
ENSMUSG00000015316	-0.6660	0.2466	0.5369	-0.2506	-0.8175	0.0193
ENSMUSG00000015337	0.1483	-0.1888	0.6367	-0.0431	-0.1272	-0.0993
ENSMUSG00000015340	0.6653	-0.0397	-0.1517	0.3022	0.3492	0.1994
ENSMUSG00000015355	0.0840	-0.1017	-0.3473	-0.2752	0.0048	0.6027
ENSMUSG00000015405	1.3288	1.2351	2.2246	2.0243	2.2787	2.7564
ENSMUSG00000015437	0.1201	0.3954	0.1546	-0.0307	-0.1791	0.2341
ENSMUSG00000015451	0.6949	0.3907	-0.6273	0.5020	-0.2584	0.2276
ENSMUSG00000015452	0.7352	0.3691	0.6971	1.5588	1.2855	1.4137
ENSMUSG00000015461	-0.1339	0.3149	-0.3459	-0.4032	-0.0406	-0.3804
ENSMUSG00000015468	1.4532	0.3725	0.8505	1.0484	0.7531	0.8869
ENSMUSG00000015474	0.1413	-0.5057	0.9288	-0.0746	-0.7894	-0.2365
ENSMUSG00000015478	-0.2611	-0.7090	-0.5399	0.4473	-0.8169	0.2513
ENSMUSG00000015522	-0.4032	0.0650	0.0872	0.4146	1.0803	-0.0930
ENSMUSG00000015533	-0.1744	-0.0055	-0.3474	-0.0214	-0.2387	-0.2113
ENSMUSG00000015536	-0.1524	0.1015	-0.0454	0.1632	0.2375	0.2522
ENSMUSG00000015568	0.2511	-0.4429	-0.1374	0.0197	0.0979	0.3275
ENSMUSG00000015575	0.2530	-0.1708	0.0582	-0.0391	0.4013	0.4139
ENSMUSG00000015605	-0.1394	0.2079	0.2039	-0.3993	0.3533	-0.1796
ENSMUSG00000015619	-0.4476	-0.2484	-0.0165	-0.2799	0.3404	0.1737
ENSMUSG00000015647	-0.2875	-0.2978	-0.4569	0.1159	0.2586	0.2261
ENSMUSG00000015652	-0.2318	0.5718	-0.0568	-0.1282	-0.5161	0.4254
ENSMUSG00000015653	-0.1177	0.4224	-0.0751	-0.1030	0.1980	0.4246
ENSMUSG00000015656	-0.2097	0.3673	-0.0932	0.6991	0.0217	0.0816
ENSMUSG00000015671	0.3387	0.0068	0.5067	0.3510	0.1162	-0.1799
ENSMUSG00000015672	-0.1711	0.1829	-0.1756	0.2022	-0.4296	0.3041
ENSMUSG00000015697	0.1124	-0.0366	-0.1309	-0.3979	-0.4859	-0.0758
ENSMUSG00000015709	-0.0722	0.3944	0.5971	0.0829	-0.1778	0.6726
ENSMUSG00000015711	0.8329	1.1779	0.8840	1.3968	0.8190	0.9201
ENSMUSG00000015714	1.3964	1.5170	1.1217	1.4832	2.4193	2.1772
ENSMUSG00000015733	0.2011	-0.2692	-0.2405	0.7530	-0.3936	0.2936
ENSMUSG00000015747	-0.5427	-0.0978	-0.3920	-0.1027	-0.0827	-0.1543
ENSMUSG00000015748	-0.1362	0.4654	0.2347	-0.2590	0.2446	-0.4657
ENSMUSG00000015750	-0.3676	0.0110	-0.3502	0.3213	-0.1912	-0.3390
ENSMUSG00000015755	0.2905	-0.5824	-0.2397	-0.2081	-0.1629	-0.3044
ENSMUSG00000015787	0.1931	0.2727	-0.3113	0.3056	-0.5169	-0.1398
ENSMUSG00000015806	0.1130	-0.3218	-0.0476	0.0687	-0.3912	0.4471
ENSMUSG00000015812	-0.1616	-0.1254	-0.7751	-0.0565	0.4366	0.4639
ENSMUSG00000015829	0.8900	0.5185	0.6975	1.1999	1.7471	0.5085
ENSMUSG00000015837	-0.2075	-0.4202	-0.5729	-0.1223	-0.0785	0.0194
ENSMUSG00000015839	0.9780	-0.0519	-0.3894	-0.0095	-1.0157	0.0526
ENSMUSG00000015843	-0.0225	-0.0041	0.2000	0.0037	0.6188	-0.1910
ENSMUSG00000015846	-0.2423	0.8860	0.2529	-0.1829	-0.0192	0.0855
ENSMUSG00000015889	0.3243	-0.2876	0.3768	0.0421	0.3252	0.3959
ENSMUSG00000015890	0.3951	0.1971	-0.2592	-0.1632	0.1654	-0.1271
ENSMUSG00000015937	-0.2419	-0.0165	0.2098	0.3301	-0.8018	0.2643
ENSMUSG00000015944	0.2879	-0.0457	0.3129	-0.6567	-0.5301	-0.0694
ENSMUSG00000015947	0.0740	-0.5004	-0.2386	-0.3052	-0.0537	-0.0035
ENSMUSG00000015950	0.1058	0.0759	0.3869	-0.3087	0.0796	-0.3997
ENSMUSG00000015957	0.4675	0.5401	1.4355	0.7940	1.2911	1.3896
ENSMUSG00000015961	-0.3852	0.6531	-0.8805	0.2192	1.1018	0.6342
ENSMUSG00000015966	-1.2654	-0.7914	-1.2751	-0.6276	-1.2740	-1.4336
ENSMUSG00000015968	-0.0134	-0.2024	-0.8709	-0.0501	0.3259	-0.3368
ENSMUSG00000015970	0.2422	0.3822	0.0911	0.6007	0.1728	-0.3512
ENSMUSG00000015971	0.2693	-0.2600	-0.0912	-0.1784	-0.3648	-0.5601
ENSMUSG00000015994	0.2852	1.0120	-0.2391	0.2415	-0.5349	0.1463
ENSMUSG00000016018	0.8432	-0.2197	-0.1777	-0.2254	0.3678	0.4584
ENSMUSG00000016024	-0.1659	-0.1340	-0.3631	0.2156	0.6352	-0.1268
ENSMUSG00000016087	0.2136	-0.1425	-0.5955	0.5137	0.5582	0.2089
ENSMUSG00000016179	-0.5954	0.0425	-0.3943	0.3056	0.4717	-0.2354
ENSMUSG00000016194	0.2262	0.9015	0.7629	1.2802	1.0839	1.6388
ENSMUSG00000016206	-0.3229	0.5661	-0.1734	-0.9742	0.1050	-0.1990
ENSMUSG00000016252	-0.4647	-0.4425	-0.3670	0.0791	0.2418	0.0662
ENSMUSG00000016253	0.5934	-0.6519	-0.0358	-0.3765	0.2600	0.0479
ENSMUSG00000016255	0.2499	0.3378	0.1584	-0.2694	-0.1679	-0.0129
ENSMUSG00000016256	-0.3034	-0.2507	-0.2387	0.2839	-0.3308	-0.3351
ENSMUSG00000016283	0.0522	0.0166	0.3788	0.4234	-0.3765	0.2500
ENSMUSG00000016308	-0.3060	-0.2749	-0.5212	0.5098	0.3162	0.0065
ENSMUSG00000016319	0.1585	-0.3343	0.0783	-0.3798	0.2828	-0.6429
ENSMUSG00000016327	-0.3919	0.2222	-0.4451	0.0675	0.0374	0.6234
ENSMUSG00000016346	-0.3452	-0.1030	0.0736	0.0107	-0.1493	0.2613
ENSMUSG00000016349	0.1444	0.3371	-0.1669	0.3996	-0.4453	0.0835
ENSMUSG00000016356	0.2400	0.2245	0.1944	-0.8218	0.6043	-0.3682
ENSMUSG00000016427	0.0003	0.0115	0.3725	-0.4083	0.2114	-0.2716
ENSMUSG00000016458	-0.0595	-0.6121	-0.4526	1.2391	0.0828	-0.4013
ENSMUSG00000016477	-0.3406	-0.1020	-0.1669	0.4117	-0.0964	-0.3467
ENSMUSG00000016481	-0.5282	0.1397	-0.6079	0.0231	-0.3285	0.6702
ENSMUSG00000016493	0.7108	-0.6638	0.7667	-0.0916	0.3587	-0.0757
ENSMUSG00000016494	-0.0272	0.0116	0.1860	-0.2236	-0.3816	0.3885
ENSMUSG00000016496	-0.2377	-0.0516	-0.3450	0.3417	0.5791	0.0553
ENSMUSG00000016498	0.3662	0.0872	0.2278	0.1772	0.0803	0.2439
ENSMUSG00000016524	-0.1188	0.4283	-0.2018	-0.3863	0.1494	0.1098
ENSMUSG00000016528	-0.6423	-0.1507	0.4150	-0.3031	-0.1371	0.2215
ENSMUSG00000016529	-0.1388	-0.4703	-0.1041	-0.2170	0.0693	0.1088
ENSMUSG00000016534	0.2575	0.0756	-0.0330	0.3935	0.4340	-0.2805
ENSMUSG00000016541	-0.1545	-0.0583	-0.2614	-0.1796	0.1027	0.1166
ENSMUSG00000016559	-0.4637	0.2178	-0.2724	0.0556	0.4816	-0.0254
ENSMUSG00000016619	-0.1150	-0.1443	0.0813	-0.2020	0.1781	0.5153
ENSMUSG00000016756	1.7516	1.9570	1.4277	1.5403	1.5665	2.8425
ENSMUSG00000016758	-0.9771	-0.6255	0.4586	0.1899	0.6136	0.1460
ENSMUSG00000016833	-0.3062	0.8183	0.4566	0.2786	0.0286	0.3383
ENSMUSG00000016921	-0.2300	0.4949	0.7645	-0.6778	0.3993	-0.3350
ENSMUSG00000016933	0.0196	0.0670	0.3314	0.2227	0.3797	-0.3291
ENSMUSG00000016982	-0.5348	0.0276	-0.1050	-0.4742	-0.2100	-0.4392
ENSMUSG00000017007	-0.0599	-0.5799	0.1349	-0.3172	-0.1704	-0.4924
ENSMUSG00000017009	0.4890	0.2600	-0.5841	0.3180	0.1840	0.6598
ENSMUSG00000017057	0.4034	-0.2843	0.3811	-0.4955	0.1075	0.3947
ENSMUSG00000017064	-0.1375	-0.7522	0.0668	-0.3415	0.4542	-0.5037
ENSMUSG00000017119	-0.3290	-0.3225	0.0253	0.1420	-0.1511	-0.1905
ENSMUSG00000017132	-0.4133	0.1073	-0.2883	-0.3225	0.1772	0.3817
ENSMUSG00000017146	-0.0226	0.2098	0.1187	0.4128	-0.0482	0.0255
ENSMUSG00000017165	-0.4213	0.4907	0.1770	0.3516	0.1726	-0.2659
ENSMUSG00000017167	0.0410	0.5226	-0.3750	-0.2008	-0.1274	0.0812
ENSMUSG00000017176	0.2360	0.5723	-0.5380	-0.3100	-0.1488	-0.2054
ENSMUSG00000017188	0.2289	-0.4919	0.1552	0.7287	-0.4280	-0.0069
ENSMUSG00000017210	-0.4503	-0.2636	0.6580	-0.0201	-0.1993	-0.5477
ENSMUSG00000017221	-0.2638	-0.0906	-0.6907	0.1162	0.3401	0.4184
ENSMUSG00000017264	0.6001	-0.2055	-0.6299	0.0850	-0.0437	0.0155
ENSMUSG00000017291	-0.0671	-0.1634	-0.5524	0.1566	0.2019	-0.6064
ENSMUSG00000017300	-0.4019	0.2423	0.2841	-0.3837	0.0682	-0.6254
ENSMUSG00000017307	1.5974	0.6536	0.9397	2.4277	2.3699	2.9668
ENSMUSG00000017311	0.0514	0.3367	-0.4452	-0.4385	0.1828	-0.4989
ENSMUSG00000017316	0.9245	0.0317	-0.8310	-0.1909	-0.2663	-0.2290
ENSMUSG00000017344	0.7028	0.8791	-0.4233	0.4382	0.6381	-0.5021
ENSMUSG00000017376	-0.1328	-0.0659	-0.3797	0.2401	0.3387	0.4775
ENSMUSG00000017386	-0.3005	-0.4157	0.1161	0.6702	-0.1396	0.3717
ENSMUSG00000017390	0.7115	0.2807	0.1779	-0.3919	-0.2593	0.2658
ENSMUSG00000017404	-0.0925	-0.1387	-0.2037	0.1475	-0.0310	0.1156
ENSMUSG00000017412	-0.3746	0.1103	-0.4177	0.4067	0.1843	-0.4382
ENSMUSG00000017428	-0.4851	0.4612	0.0353	0.1634	0.3763	0.3333
ENSMUSG00000017453	0.4322	-0.0557	-0.1565	-0.3306	0.3191	-0.0811
ENSMUSG00000017485	-0.0469	-0.5590	0.1574	0.2587	-0.2870	-0.2800
ENSMUSG00000017491	-0.1374	0.1262	0.2743	0.0068	0.2749	0.3806
ENSMUSG00000017499	0.3448	-0.0023	-0.1837	0.4638	0.3742	-0.0668
ENSMUSG00000017548	-0.7960	0.4389	-0.0209	-0.4324	0.3420	-0.2415
ENSMUSG00000017588	1.3837	1.2043	2.0847	1.3994	2.1475	1.8053
ENSMUSG00000017639	-0.0043	0.0331	-0.3761	0.5718	0.1396	-0.3018
ENSMUSG00000017652	-0.6309	0.2902	-0.5359	-0.4461	0.6458	0.0505
ENSMUSG00000017670	-0.0460	0.1837	0.4469	0.6452	-0.2758	0.2464
ENSMUSG00000017686	-0.2418	0.2522	-0.0123	-0.8189	-0.1664	-0.2033
ENSMUSG00000017688	-0.2034	0.5015	0.5036	-0.3374	0.2572	-0.0605
ENSMUSG00000017697	0.4705	-0.2041	-0.1702	-0.0240	0.5493	-0.0920
ENSMUSG00000017707	0.4806	-0.2233	0.0529	0.3948	-0.6717	0.0979
ENSMUSG00000017713	-0.5482	0.1657	-0.4513	-0.0816	-0.0376	0.6315
ENSMUSG00000017715	-0.1346	0.2205	0.3466	0.0950	-0.0128	0.3679
ENSMUSG00000017716	-0.5805	-0.4236	-0.1952	0.1362	-0.4377	0.1367
ENSMUSG00000017718	0.0908	-0.0021	-0.0500	-0.1664	0.2633	-0.5279
ENSMUSG00000017721	0.4607	0.1486	-0.6629	0.1561	-0.0001	-0.1406
ENSMUSG00000017724	-0.1612	-0.1200	-0.1212	0.5169	0.2498	-0.0021
ENSMUSG00000017737	-0.5399	0.0474	0.3149	-0.2499	0.4614	-0.8940
ENSMUSG00000017740	-0.0540	0.6929	0.0175	0.2196	-0.1961	0.4139
ENSMUSG00000017754	0.6334	-0.2878	-0.4502	-0.4105	0.4265	-0.2260
ENSMUSG00000017756	0.5559	0.0873	0.2524	-0.4110	0.3391	-0.6399
ENSMUSG00000017760	1.4714	1.7622	1.8619	1.7340	2.0656	2.4348
ENSMUSG00000017774	-0.3579	-0.1891	-0.7834	0.0566	-0.3698	-0.1299
ENSMUSG00000017776	0.4384	0.0690	0.4309	0.0417	-0.0641	0.1455
ENSMUSG00000017778	0.1691	-0.2214	-0.2007	0.4591	0.4953	-0.4137
ENSMUSG00000017801	-0.1057	0.3979	0.4629	0.0134	0.3412	0.2585
ENSMUSG00000017830	0.1547	0.4629	0.2609	0.1268	-0.0005	0.4145
ENSMUSG00000017831	-0.1114	-0.1543	0.3998	-0.0471	-0.2902	0.0605
ENSMUSG00000017843	1.0876	1.3522	1.9878	1.7005	1.9103	2.2312
ENSMUSG00000017861	-0.1347	0.0660	-0.1707	-0.2421	-0.0928	0.1090
ENSMUSG00000017868	0.0453	-0.2148	0.2293	0.1736	0.0898	-0.2113
ENSMUSG00000017929	1.6041	1.5260	1.4701	2.1629	2.2545	2.4731
ENSMUSG00000017950	-0.4723	0.3428	0.0193	-0.0680	-0.0353	0.4467
ENSMUSG00000017969	-0.6524	-0.2097	-0.1326	0.0563	-0.6352	-0.1403
ENSMUSG00000018001	0.5638	0.3589	0.4342	-0.7241	-0.3781	-0.0438
ENSMUSG00000018008	-0.0519	-0.2389	-0.1504	0.4282	0.3036	0.1586
ENSMUSG00000018012	0.0347	-0.0609	-0.4305	-0.1773	-0.2472	0.0431
ENSMUSG00000018040	-0.1902	0.3627	-0.0285	0.2754	0.3044	-0.0006
ENSMUSG00000018042	1.3817	1.4557	1.8588	2.6755	2.4195	2.2652
ENSMUSG00000018076	0.3039	-0.4907	-0.4080	0.4041	-1.0698	-0.0421
ENSMUSG00000018102	0.3050	-0.0285	0.0229	1.0786	0.4984	-0.1187
ENSMUSG00000018160	-0.1386	0.0084	0.4287	-0.3493	0.0335	-0.0191
ENSMUSG00000018166	-0.4049	1.0457	-0.2779	0.1916	-0.3754	0.6601
ENSMUSG00000018167	0.5579	0.4781	0.8073	-0.1717	0.6526	0.0435
ENSMUSG00000018169	-0.2794	0.0808	0.3916	-0.1596	-0.3399	0.1121
ENSMUSG00000018171	0.1321	0.5145	0.0477	-0.1837	-0.1894	-0.2824
ENSMUSG00000018189	-0.4156	-0.1642	0.3911	-0.3088	0.4187	-0.0120
ENSMUSG00000018199	-0.0669	0.3353	-0.8757	0.0496	-0.5086	-0.4588
ENSMUSG00000018209	-0.2850	0.2102	-0.4865	-0.2574	0.2731	0.3334
ENSMUSG00000018217	0.2680	0.1324	0.4757	-0.4428	0.0100	-0.1700
ENSMUSG00000018238	0.3148	-0.1517	-0.7226	-0.5339	0.3975	-0.5906
ENSMUSG00000018286	-0.2195	0.5624	-0.3983	-0.1723	0.2229	0.3707
ENSMUSG00000018293	-0.3073	0.6046	0.0557	-0.2379	0.2469	-0.5087
ENSMUSG00000018326	-0.1756	0.0897	-0.3728	-0.2458	-0.0294	0.1287
ENSMUSG00000018334	0.6017	0.4929	-0.1997	0.0614	0.7931	0.4185
ENSMUSG00000018339	-0.1786	-0.0143	-0.5712	-0.6477	0.1142	-0.1650
ENSMUSG00000018341	0.0716	-0.0683	-0.2887	0.2691	-0.3643	-0.5903
ENSMUSG00000018362	0.1197	0.8500	-0.0591	0.0352	-0.3150	-0.0046
ENSMUSG00000018363	-0.5578	0.4908	-0.5858	0.1797	-0.6525	-0.0383
ENSMUSG00000018379	-0.1057	-0.0132	0.6718	0.6935	-0.3718	0.1204
ENSMUSG00000018395	0.4159	-0.1354	0.1044	0.2378	-0.0291	-0.4291
ENSMUSG00000018398	0.2758	-0.0582	0.3848	-0.2788	0.2215	0.6511
ENSMUSG00000018401	0.0279	-0.4833	0.0534	-0.0842	0.2351	0.5942
ENSMUSG00000018411	-0.1282	-0.6931	-0.5270	-1.1838	-1.2153	-1.1800
ENSMUSG00000018417	-0.0352	-0.4304	0.5045	-0.6354	-0.0051	-0.1695
ENSMUSG00000018442	0.3650	0.1327	0.1254	-0.5799	0.2540	-0.0967
ENSMUSG00000018474	0.2200	-0.3289	-0.4038	0.0164	-0.3723	-0.2939
ENSMUSG00000018486	-0.4338	-0.3154	-0.3779	-0.0528	-0.2045	0.2951
ENSMUSG00000018500	0.7039	0.3280	0.1019	0.0401	0.0263	0.3467
ENSMUSG00000018501	0.4997	0.5592	0.1725	-0.0199	0.1075	0.2401
ENSMUSG00000018507	-0.1976	0.1569	-0.0088	0.0713	0.0016	0.1182
ENSMUSG00000018537	-0.1795	0.2122	0.2974	0.3580	0.1595	-0.0959
ENSMUSG00000018547	0.7212	-0.3647	-0.2918	0.4811	-0.1683	0.0575
ENSMUSG00000018548	-0.0520	-0.4195	0.3097	0.3288	0.0583	0.3331
ENSMUSG00000018566	0.9870	1.2946	0.8042	0.6225	1.1762	1.2368
ENSMUSG00000018567	0.0023	-0.3337	-0.1540	-0.1247	0.0598	0.4634
ENSMUSG00000018569	-1.1285	-1.8116	-1.7276	-1.9652	-2.0002	-2.6835
ENSMUSG00000018574	0.7004	0.5046	1.0350	0.7255	0.8512	1.7355
ENSMUSG00000018581	0.2878	0.0166	0.1816	-0.0418	0.3748	-0.4753
ENSMUSG00000018583	-0.2772	0.4602	0.1592	-0.2313	-0.0905	0.6043
ENSMUSG00000018585	-0.1930	-0.1120	-0.6625	-0.5066	0.3345	0.1414
ENSMUSG00000018589	-0.1902	-0.1546	-0.1928	-0.4311	0.6420	0.1091
ENSMUSG00000018604	0.5218	-0.0034	0.0917	-0.0144	0.1831	-0.3586
ENSMUSG00000018623	0.4420	0.4212	-0.0824	0.8387	0.9909	1.1658
ENSMUSG00000018634	-0.0828	-0.0305	0.1103	0.1254	0.1389	-0.1710
ENSMUSG00000018659	0.2663	0.1215	0.4537	-0.1712	-0.1463	-0.0985
ENSMUSG00000018707	0.0944	0.3111	0.1059	0.5376	-0.0833	0.3116
ENSMUSG00000018733	0.1656	0.2052	0.4886	-0.3613	-0.1828	-0.3921
ENSMUSG00000018770	0.0731	-0.1192	0.6174	0.2516	-0.4480	-0.2599
ENSMUSG00000018774	-0.3282	-0.1563	0.3049	-0.0051	0.3453	0.5341
ENSMUSG00000018796	0.4307	0.0357	0.0076	-0.4056	-0.6000	0.3046
ENSMUSG00000018800	-0.9175	-1.3171	-1.5365	-2.0416	-1.7036	-2.3368
ENSMUSG00000018819	-0.0810	-0.0679	-0.0066	0.3938	0.8117	-0.2556
ENSMUSG00000018820	0.1743	0.5515	0.5168	-0.0345	0.4066	0.1185
ENSMUSG00000018822	0.9068	0.1561	-0.1266	0.1178	0.0354	-0.1615
ENSMUSG00000018830	0.0066	0.4989	0.1242	0.6024	0.4056	0.0208
ENSMUSG00000018841	-0.1195	-0.4081	0.5248	0.1200	-0.1444	-0.0766
ENSMUSG00000018846	0.4019	-0.1987	-0.0505	-0.3735	0.1323	0.7268
ENSMUSG00000018848	0.3389	0.0092	0.6043	-0.1849	-0.6147	-0.6718
ENSMUSG00000018849	0.1488	-0.1331	-0.3225	-0.2723	-0.2324	-0.0485
ENSMUSG00000018882	-0.2789	-0.0240	0.3980	-0.6805	0.3390	0.0709
ENSMUSG00000018899	0.4708	-0.1328	0.0526	0.8741	0.3475	-0.0224
ENSMUSG00000018900	0.2001	0.0188	-0.8078	0.1640	-0.0927	-0.0185
ENSMUSG00000018906	-0.4140	-0.3312	-0.1184	0.2622	0.1001	-0.4555
ENSMUSG00000018907	0.2211	-0.2097	0.5773	-0.1122	0.8876	0.5884
ENSMUSG00000018909	0.7506	0.0915	0.1441	-0.2056	0.1117	-0.3087
ENSMUSG00000018914	0.1556	-0.1065	0.6414	0.3251	-0.2701	-0.3897
ENSMUSG00000018916	-0.0118	-0.0975	0.1578	-0.0696	0.0661	-0.0484
ENSMUSG00000018920	-0.2432	-0.4480	-0.6023	-0.1635	0.1187	0.3215
ENSMUSG00000018924	-0.1556	-0.0809	0.2689	-0.5723	-0.7104	0.1544
ENSMUSG00000018927	-0.2720	-0.8860	-0.4478	-1.0645	-1.3099	-1.1816
ENSMUSG00000018930	0.4709	0.3366	-0.1647	-0.1008	-0.1067	0.2486
ENSMUSG00000018932	-0.0106	0.1115	0.1712	0.2800	-0.1935	0.1949
ENSMUSG00000018965	-0.5287	-0.8533	0.0274	-0.8335	-0.9851	-1.1284
ENSMUSG00000018973	0.2759	-0.7129	0.0390	-0.3403	-0.2164	0.2529
ENSMUSG00000018983	-0.1977	0.1120	-0.6486	0.1917	0.4192	-0.5530
ENSMUSG00000018995	0.8715	1.6954	1.7046	2.0974	2.0899	2.1563
ENSMUSG00000019027	-0.5072	0.2889	0.3929	-0.6213	0.1475	0.3038
ENSMUSG00000019054	0.1108	0.0939	0.8256	-0.1524	0.3594	0.9708
ENSMUSG00000019055	0.3087	0.0386	-0.1011	0.1426	0.3932	0.1737
ENSMUSG00000019066	-0.9462	-0.2105	-0.2629	0.2522	0.1486	0.0885
ENSMUSG00000019087	1.0283	0.5839	0.5775	1.0477	1.1586	1.1309
ENSMUSG00000019102	-0.0165	-0.3848	-0.2943	-0.0599	0.6450	-0.5423
ENSMUSG00000019122	0.0983	0.4938	0.3111	-0.4307	-0.2407	-0.1927
ENSMUSG00000019139	0.0349	0.1291	0.0244	-0.1046	0.1716	-0.2317
ENSMUSG00000019143	0.9481	1.5051	1.6336	2.0713	2.0163	3.1070
ENSMUSG00000019146	0.1556	-0.5680	-0.6798	0.8319	0.2310	0.0925
ENSMUSG00000019173	0.1018	0.0435	-0.5452	-0.2463	-0.5548	0.6769
ENSMUSG00000019179	0.7872	0.3161	-0.5510	-0.0987	0.8579	0.1240
ENSMUSG00000019194	0.8556	0.6670	0.2767	0.6822	1.2492	1.4917
ENSMUSG00000019210	-0.1820	-0.1509	0.4399	0.2392	-0.3291	-0.0639
ENSMUSG00000019232	-0.0968	-0.1548	0.4335	-0.6074	0.5837	-0.3783
ENSMUSG00000019254	0.3910	0.4236	0.2169	0.0653	0.2089	0.1001
ENSMUSG00000019256	0.5109	0.2756	0.1330	0.4748	0.1522	0.3513
ENSMUSG00000019261	0.6940	0.3044	0.2713	0.2289	-0.6436	0.9344
ENSMUSG00000019301	0.1525	-0.1766	0.1371	0.3413	-0.0646	-0.0528
ENSMUSG00000019302	-0.0078	-0.7562	0.0584	0.2401	0.0955	0.5570
ENSMUSG00000019326	0.5313	0.0204	-0.3862	0.3896	-0.0656	-0.3856
ENSMUSG00000019370	-0.0321	-0.3552	0.2639	0.0291	-0.2208	-0.1806
ENSMUSG00000019428	-0.4767	0.1603	-0.5525	0.2860	-0.0672	-0.1598
ENSMUSG00000019432	-0.0394	-0.4097	-0.2061	0.3371	0.5187	-0.1401
ENSMUSG00000019464	-0.1027	-0.3662	-0.3460	0.1383	0.5689	-0.2418
ENSMUSG00000019470	-0.7688	-0.7012	-0.8697	-1.2885	-1.2941	-1.2924
ENSMUSG00000019471	-0.0583	0.3682	-0.0568	0.4608	-0.0858	0.3304
ENSMUSG00000019478	0.3071	0.4005	0.1479	-0.2721	-0.1526	0.0512
ENSMUSG00000019487	-0.0061	0.6309	0.4396	-0.3118	0.5123	-0.4257
ENSMUSG00000019489	-0.5885	-0.4632	-0.1395	0.2318	0.7913	0.2608
ENSMUSG00000019505	0.0252	-0.1299	-0.4715	0.2000	0.1915	0.1051
ENSMUSG00000019518	-0.4470	-0.3203	-0.0150	-0.3874	-0.2634	0.0297
ENSMUSG00000019528	0.3408	-0.1195	0.0652	-0.1656	0.1963	-0.1288
ENSMUSG00000019577	-0.4979	-0.9128	-1.3955	-0.6999	-0.7060	-1.0718
ENSMUSG00000019578	-0.0121	-0.6080	0.5976	0.5239	-0.1585	0.2562
ENSMUSG00000019647	0.1776	0.4309	0.6163	-0.1770	0.5118	0.1384
ENSMUSG00000019659	-0.3442	0.0065	-0.1703	0.1430	-0.1412	-0.2336
ENSMUSG00000019699	-0.3291	0.0766	-0.1585	0.4819	0.3210	-0.0594
ENSMUSG00000019710	-0.1044	-0.3083	-0.4095	0.0630	0.4240	0.3129
ENSMUSG00000019715	-1.3714	-0.4680	-1.2257	-0.2210	-0.4374	-0.6083
ENSMUSG00000019718	-0.8053	0.2221	-0.3939	0.1596	0.0922	0.0266
ENSMUSG00000019738	-0.2076	-0.0484	0.2572	-0.2107	0.2460	0.2609
ENSMUSG00000019761	1.6233	1.9756	1.4428	1.8397	2.5944	2.7098
ENSMUSG00000019762	0.4802	-0.6954	0.2255	0.0415	0.2359	-0.0661
ENSMUSG00000019768	0.0241	-0.0801	-0.0520	-0.0714	0.3229	-0.9796
ENSMUSG00000019772	0.3853	0.1726	0.0302	0.1180	-0.2167	0.4356
ENSMUSG00000019773	-0.9628	0.1639	-0.1945	-0.9404	-0.1652	-0.1866
ENSMUSG00000019777	-0.7261	0.3346	0.4053	-0.1862	0.2506	-0.1415
ENSMUSG00000019787	-0.4551	0.0002	-0.2959	0.0767	-0.1912	0.2464
ENSMUSG00000019789	0.0594	-0.2998	-0.1725	-0.1478	0.4608	-0.3267
ENSMUSG00000019802	-0.4476	0.4192	0.1459	0.3304	0.0580	-0.0624
ENSMUSG00000019804	0.3358	-0.3621	-0.4325	0.2122	0.3393	-0.0988
ENSMUSG00000019809	-0.3358	0.0765	0.0768	-0.1223	-0.4973	0.0082
ENSMUSG00000019810	-0.7752	-0.0316	-0.3057	-0.4056	0.2939	0.7377
ENSMUSG00000019818	-0.9937	-1.5357	-1.0321	-0.6490	-0.9430	-1.0537
ENSMUSG00000019822	1.5072	1.3705	1.3243	1.5456	1.6132	2.5876
ENSMUSG00000019828	0.2992	-0.5201	-0.3395	-0.5350	-0.3365	-0.1362
ENSMUSG00000019831	0.0862	-0.2008	0.3539	0.0041	0.1341	0.8080
ENSMUSG00000019838	-0.0347	-0.6917	-0.1528	0.2024	-0.3302	0.1475
ENSMUSG00000019841	-0.3649	-0.4303	-0.0274	-0.3923	-0.4841	0.0616
ENSMUSG00000019842	0.3936	0.0224	0.1956	-0.0982	-0.0484	-0.2770
ENSMUSG00000019843	0.0967	0.3667	-0.3216	-0.2033	-0.3701	-0.3381
ENSMUSG00000019845	0.0809	-0.3574	0.2252	-0.2495	0.1097	0.2307
ENSMUSG00000019846	-0.1414	-0.2016	-0.3856	0.3186	-0.6276	-0.2871
ENSMUSG00000019848	-0.4814	0.0697	0.2511	-0.3640	-0.0438	0.1969
ENSMUSG00000019849	1.6323	1.2952	1.6969	1.4803	2.6009	2.8321
ENSMUSG00000019850	0.3406	0.3692	0.7433	-0.0786	-0.3503	-0.4066
ENSMUSG00000019851	-0.3004	0.8745	0.2315	0.5886	-0.2347	0.5421
ENSMUSG00000019863	-1.5441	-1.6946	-1.7581	-2.2693	-2.1597	-2.0764
ENSMUSG00000019865	-0.1516	-0.3989	0.2925	0.2127	0.0509	-0.3834
ENSMUSG00000019868	-0.4515	0.3850	-0.4796	0.7013	0.0020	-0.6521
ENSMUSG00000019874	-0.7413	0.3744	-0.0947	0.0883	0.2917	0.2474
ENSMUSG00000019880	0.5481	-0.3051	-0.6058	-0.6163	0.0408	-0.3064
ENSMUSG00000019883	-0.6146	0.2417	-0.6644	-0.1687	-0.1453	-0.1954
ENSMUSG00000019888	0.1524	0.3654	-0.3426	-0.2109	-0.0714	-0.0460
ENSMUSG00000019890	-0.1978	-0.5137	-0.2006	0.1680	0.6277	0.4730
ENSMUSG00000019899	-0.2660	0.0737	0.4018	-0.3206	-0.3739	0.2181
ENSMUSG00000019900	-0.2876	-0.7561	0.3227	-0.3370	0.4464	0.2615
ENSMUSG00000019905	-0.1426	0.1896	-0.2434	-0.0998	-0.2535	-0.2225
ENSMUSG00000019907	-0.1215	0.4602	-0.0768	-0.1660	-0.0027	-0.0837
ENSMUSG00000019916	-0.0177	-0.2309	-0.5706	-0.4964	0.3945	-0.7639
ENSMUSG00000019927	-0.0358	-0.4005	-0.1026	-0.1278	0.0738	0.4046
ENSMUSG00000019929	-0.1483	-0.3957	0.1775	-0.0871	0.1739	0.1309
ENSMUSG00000019933	0.2264	0.3161	-0.0095	0.5858	-0.3258	0.2662
ENSMUSG00000019935	-0.0571	-0.2827	0.3093	-0.1684	-0.4556	0.1408
ENSMUSG00000019942	0.1459	-0.4930	0.1682	-0.1924	0.4489	0.1973
ENSMUSG00000019943	-0.2392	0.0486	-0.1725	0.2012	0.4036	0.4196
ENSMUSG00000019944	0.6249	0.7250	0.5553	-0.5809	0.5417	0.1734
ENSMUSG00000019948	-0.3358	-0.1943	0.3811	-0.2319	-0.1115	0.1091
ENSMUSG00000019960	0.3073	-0.2914	0.1430	0.0650	-0.1896	-0.3580
ENSMUSG00000019966	-0.2629	0.2410	0.1746	-0.0701	0.6601	0.3068
ENSMUSG00000019969	-0.3269	0.3101	-0.1456	1.0623	0.1179	0.1325
ENSMUSG00000019970	0.3310	-0.3244	0.0422	0.2323	-0.0852	0.3342
ENSMUSG00000019977	0.1865	-0.3186	-0.1398	-0.1035	0.1205	-0.1249
ENSMUSG00000019978	-0.5032	0.0511	-0.2490	0.6119	0.5414	-0.0610
ENSMUSG00000019979	-0.4733	-0.6862	-0.4067	0.0890	-0.0913	0.5647
ENSMUSG00000019982	0.6880	0.3359	-0.1638	-0.0201	0.7459	-0.5874
ENSMUSG00000019987	0.4775	-0.1751	0.1709	-0.2282	0.0727	0.3211
ENSMUSG00000019989	0.3641	0.0015	0.3795	0.3285	0.2074	0.3941
ENSMUSG00000019990	-0.3838	-0.1407	-0.1932	-0.3003	0.5314	0.4621
ENSMUSG00000019997	0.5275	0.1335	-0.0240	-0.1010	-0.3470	-0.2666
ENSMUSG00000019998	0.0392	0.3905	0.1861	0.1778	0.3688	-0.2932
ENSMUSG00000020003	0.3131	-0.2745	-0.1972	-0.4937	-0.1167	0.4017
ENSMUSG00000020007	0.1440	0.3866	1.2475	0.7499	0.9398	1.9732
ENSMUSG00000020009	-0.4657	-0.6567	-0.0958	-0.1170	0.4462	-0.1793
ENSMUSG00000020010	0.8779	-0.4934	-0.3804	0.6732	0.1213	-0.1622
ENSMUSG00000020017	-0.1242	0.5472	-0.4812	-0.2014	0.5435	0.0530
ENSMUSG00000020018	0.0843	0.1655	-0.2821	0.2057	0.3998	0.4079
ENSMUSG00000020019	0.4331	0.0474	0.2275	-0.0817	0.2110	0.2744
ENSMUSG00000020022	-0.3145	0.3970	0.0476	0.1900	0.0569	-0.1036
ENSMUSG00000020027	0.0750	-0.2123	-0.4345	-0.2959	0.3628	-0.1907
ENSMUSG00000020038	1.1069	-0.7085	-0.5294	0.5025	-0.3268	-0.1599
ENSMUSG00000020044	-0.5256	-0.1471	0.1362	0.1819	-0.6612	0.7076
ENSMUSG00000020048	0.1420	0.2397	0.0919	-0.1597	0.0594	-0.1417
ENSMUSG00000020051	0.1262	0.4845	0.0574	-0.3654	0.0985	0.2940
ENSMUSG00000020053	-0.1451	0.0775	-0.4212	0.0383	-0.0963	-0.1373
ENSMUSG00000020056	-0.3696	0.3512	-0.1316	0.3930	0.7759	-0.0281
ENSMUSG00000020059	0.4223	0.6584	1.1467	0.3883	1.1018	1.5210
ENSMUSG00000020061	0.4815	-0.3922	0.1672	-0.2514	0.2119	0.1601
ENSMUSG00000020063	-0.5467	-0.9644	-0.9386	-0.9550	-0.7984	-1.3310
ENSMUSG00000020064	0.2845	0.5442	0.0921	0.3709	-0.0439	0.3843
ENSMUSG00000020067	0.2033	0.1751	0.1775	-0.0345	0.0118	-0.2824
ENSMUSG00000020070	0.0210	0.0752	0.2923	-0.3136	0.0826	-0.0024
ENSMUSG00000020078	1.0272	1.0936	1.1009	0.9313	1.5796	1.0797
ENSMUSG00000020080	0.2904	-0.3713	0.1770	-0.0640	0.0122	0.3783
ENSMUSG00000020081	-0.1809	0.2818	0.3959	-0.6315	0.3437	-0.2298
ENSMUSG00000020085	-0.2577	0.0595	0.4199	-0.1507	-0.7449	-0.0516
ENSMUSG00000020086	-0.3660	-0.3347	-0.3103	-0.0484	-0.1719	-0.3369
ENSMUSG00000020088	-0.1332	-0.2856	0.2961	0.0660	-0.5593	-0.0840
ENSMUSG00000020089	-0.0093	0.1930	0.1365	-0.3628	-0.5692	0.1571
ENSMUSG00000020090	-0.1084	-0.2466	0.0637	0.4965	0.0434	-0.3431
ENSMUSG00000020091	-0.3609	0.4344	-0.2212	-0.4903	-0.1513	0.4782
ENSMUSG00000020097	-0.7198	-1.4963	-1.7571	-1.9046	-2.8287	-3.0150
ENSMUSG00000020098	-0.2111	-0.2523	-0.0425	0.0876	-0.2180	-0.0580
ENSMUSG00000020099	0.1378	-0.2043	0.9591	-0.6757	-0.7683	-0.5891
ENSMUSG00000020100	0.4763	0.5969	-0.1631	0.2674	-0.2489	-0.3465
ENSMUSG00000020101	-0.5723	-0.5791	0.1999	0.0322	0.0055	-0.6640
ENSMUSG00000020107	-0.2205	0.3106	-0.2024	-0.0180	0.1304	-0.2250
ENSMUSG00000020108	0.2211	-0.1690	0.5307	-0.0937	-0.3852	-0.2432
ENSMUSG00000020109	0.1379	0.4256	0.1340	-0.6945	0.0588	-0.0604
ENSMUSG00000020115	-0.0500	-0.3128	-0.2558	-0.0981	0.1174	-0.0867
ENSMUSG00000020121	-0.4311	0.1911	-0.6008	-0.4379	-0.2285	-0.3587
ENSMUSG00000020122	0.3572	-0.0157	-0.0459	0.3978	-0.2831	0.2892
ENSMUSG00000020123	-0.0782	-0.0577	-0.6755	0.0157	-0.0946	-0.2606
ENSMUSG00000020124	-0.3850	-0.2374	-0.0045	0.0544	-0.7102	0.2068
ENSMUSG00000020125	0.0039	-0.1817	-0.2326	0.2000	-0.3175	0.1798
ENSMUSG00000020130	-0.2223	-0.3714	0.6167	-0.3603	0.2737	-0.1737
ENSMUSG00000020135	0.1073	-0.2221	0.2200	0.4300	0.3569	-0.2977
ENSMUSG00000020140	0.2158	-0.3254	-0.4687	-0.3473	0.1419	-1.1243
ENSMUSG00000020143	0.2839	0.0428	-0.2157	-0.0327	0.2069	-0.6652
ENSMUSG00000020149	-0.1176	-0.3798	0.2354	-0.2063	-0.6150	0.0592
ENSMUSG00000020150	0.1938	0.0705	0.0011	0.6438	-0.2657	-0.1037
ENSMUSG00000020151	-0.3131	-0.4545	-0.0117	0.0857	-0.1023	0.4296
ENSMUSG00000020152	-0.0247	-0.2536	-0.1411	-0.0465	0.8089	0.2694
ENSMUSG00000020153	-0.2828	0.1086	-0.1890	0.4667	-0.1190	0.3816
ENSMUSG00000020154	-0.1194	-0.2439	0.1078	-0.5588	-0.3767	0.2037
ENSMUSG00000020155	0.0587	-0.0032	0.7926	-0.5161	0.4098	0.6700
ENSMUSG00000020159	-0.3388	0.2551	-0.0597	-0.4155	-0.3109	-0.0382
ENSMUSG00000020160	-0.2968	-0.0009	-0.0155	-0.0297	-0.4566	0.3293
ENSMUSG00000020163	0.0435	0.3016	-0.1952	0.3601	-0.1053	-0.0774
ENSMUSG00000020166	-0.3348	-0.2440	-0.1805	-0.6825	0.4535	0.2266
ENSMUSG00000020167	0.0028	-0.3420	-0.3125	0.0568	0.0417	-0.0921
ENSMUSG00000020168	0.3454	-0.7525	0.0238	0.0101	0.5163	0.4734
ENSMUSG00000020170	0.3425	0.0287	0.0033	0.2040	0.0785	-0.1914
ENSMUSG00000020171	0.5678	0.1524	-0.2127	0.0887	0.8564	-0.1637
ENSMUSG00000020176	-0.2586	0.3401	0.7791	-0.1206	0.0452	-0.3972
ENSMUSG00000020177	0.0629	-0.0629	-0.3448	-0.0757	0.0357	0.1007
ENSMUSG00000020178	0.7166	-0.0681	0.2296	-0.2875	0.3711	-0.0040
ENSMUSG00000020180	-0.2757	0.0829	-0.1073	0.3037	0.1333	0.2280
ENSMUSG00000020182	-0.0970	-0.0475	0.2767	-0.1442	-0.5680	-0.1086
ENSMUSG00000020184	0.4907	0.1638	1.1360	0.9257	1.4570	1.3615
ENSMUSG00000020186	0.3571	-0.3245	0.3041	-0.0173	-0.0988	-0.5732
ENSMUSG00000020190	0.5559	0.5975	0.5524	-0.4068	-0.1728	0.5051
ENSMUSG00000020198	-0.1733	0.0966	0.9566	0.4425	0.4798	-0.1376
ENSMUSG00000020211	-0.0249	-0.1889	0.0074	0.1224	0.1144	-0.0370
ENSMUSG00000020218	0.3576	0.0196	0.6103	-0.0786	0.4136	-0.0095
ENSMUSG00000020227	0.1833	0.0791	0.4070	-0.2523	0.3472	0.0215
ENSMUSG00000020235	-0.4517	0.1917	0.6600	0.5631	-0.0059	-0.2421
ENSMUSG00000020241	-0.4598	-0.0001	0.0345	0.1460	-0.6798	-0.2113
ENSMUSG00000020246	-0.8392	0.6006	-0.7379	-0.1097	0.0473	0.0529
ENSMUSG00000020248	-0.1281	-0.8293	-0.5145	0.2918	0.2653	0.9289
ENSMUSG00000020250	0.3124	0.3648	-0.0049	0.0992	0.8166	-0.4055
ENSMUSG00000020256	0.3078	-0.7074	-0.5957	0.1785	-0.2703	0.0924
ENSMUSG00000020257	0.1518	-0.3386	-0.1931	0.0635	0.3065	-0.5032
ENSMUSG00000020258	0.1668	0.0580	0.1185	-0.0741	-0.2952	0.0411
ENSMUSG00000020260	0.1889	-0.0199	0.2716	-0.4005	-0.4693	-0.3097
ENSMUSG00000020261	-0.2865	-0.5978	0.0467	0.1833	-0.1323	-0.0470
ENSMUSG00000020264	-0.4489	-0.3259	0.1190	-0.1546	-0.1508	-0.2462
ENSMUSG00000020265	-0.2306	-0.1445	0.1466	-0.6250	0.2807	0.4765
ENSMUSG00000020271	0.1422	-0.4223	-0.0546	-0.5713	-0.5728	-0.6352
ENSMUSG00000020272	-0.2816	-0.0514	0.3249	0.5519	-0.0437	-0.0313
ENSMUSG00000020273	-0.2553	-0.5163	0.0385	-0.3176	0.1805	0.2966
ENSMUSG00000020275	0.0308	-0.4641	0.0187	-0.3349	0.0305	-0.5606
ENSMUSG00000020277	0.0791	0.0689	-0.3730	-0.1283	-0.0732	-0.6204
ENSMUSG00000020279	0.2847	-0.0619	-0.1227	-0.3314	0.1440	-0.2185
ENSMUSG00000020282	-0.0171	-0.6995	-0.2516	-0.2334	0.5331	-0.2673
ENSMUSG00000020283	-0.0325	-0.0553	0.4790	-0.6312	0.0656	0.1348
ENSMUSG00000020287	-0.5030	0.2896	-0.1614	0.5329	-0.3262	-0.2016
ENSMUSG00000020289	0.2720	0.1487	0.3891	0.2006	0.0894	-0.0114
ENSMUSG00000020290	0.5663	-0.1396	0.3591	0.0376	-0.6253	0.4171
ENSMUSG00000020300	0.6362	-0.2146	0.2173	0.2119	-0.5561	-0.3196
ENSMUSG00000020307	0.1895	0.1669	0.5297	0.1209	0.2084	-0.2635
ENSMUSG00000020309	-0.0446	0.5971	-0.5863	-0.6170	0.6638	-0.2439
ENSMUSG00000020310	0.0491	0.3318	-0.1178	-0.3069	-0.4474	-0.1120
ENSMUSG00000020311	0.5819	0.0956	0.1645	-0.5187	0.3886	0.1093
ENSMUSG00000020312	-0.8354	0.2308	0.2500	-0.2119	0.7374	0.4292
ENSMUSG00000020315	-0.5038	0.7827	-0.5476	-0.2199	-0.0459	0.2649
ENSMUSG00000020321	0.0938	-0.7544	0.1551	-0.0115	0.2196	0.2071
ENSMUSG00000020326	0.3378	-0.0548	-0.1720	0.2489	0.0845	0.6292
ENSMUSG00000020327	0.2417	0.0911	0.6156	0.1383	0.0596	0.3939
ENSMUSG00000020330	-0.0627	-0.4529	0.0932	-0.4122	-0.0756	0.2759
ENSMUSG00000020331	-0.2605	0.3690	0.0124	0.2318	0.1785	-0.2697
ENSMUSG00000020333	-0.0128	-0.1430	0.7645	-0.5030	0.0531	0.4357
ENSMUSG00000020334	-0.2669	-0.5577	0.0550	-0.1000	-0.6569	-0.3623
ENSMUSG00000020340	0.5639	1.2945	1.2176	0.6175	1.0775	1.8874
ENSMUSG00000020346	-0.0552	0.1610	0.1447	0.1559	-0.1102	-0.2731
ENSMUSG00000020349	0.7598	1.5029	1.7345	2.0783	2.0757	2.6947
ENSMUSG00000020354	0.5356	0.1501	0.2695	1.1529	0.4576	0.1721
ENSMUSG00000020357	0.2493	-0.7408	0.2623	-0.7537	0.4791	0.3301
ENSMUSG00000020359	-0.4346	0.1044	-0.1194	0.4625	-0.0542	-0.5555
ENSMUSG00000020361	-1.2004	-0.5229	-0.6144	-0.3554	-0.1799	0.0986
ENSMUSG00000020362	0.0711	0.1651	-0.0708	-0.1561	0.4210	-0.5952
ENSMUSG00000020363	0.1893	-0.5064	-0.2084	-0.0551	-0.0075	-0.1727
ENSMUSG00000020366	0.1594	-0.3686	0.0873	0.3879	-0.2728	-0.1627
ENSMUSG00000020368	0.0331	0.6275	0.3561	0.2892	-0.1390	0.2920
ENSMUSG00000020372	0.1496	-0.4145	0.0251	0.0891	0.2218	0.4743
ENSMUSG00000020375	0.0040	0.1114	0.6651	-0.1849	0.3657	-0.0963
ENSMUSG00000020377	0.0039	-0.1856	-0.7088	-0.4323	-0.6681	0.2547
ENSMUSG00000020380	0.2173	0.4960	-0.1170	-0.2182	-0.3659	-0.0253
ENSMUSG00000020383	-0.2023	-0.4788	0.2092	0.0562	0.7337	0.2744
ENSMUSG00000020385	0.0636	-0.2572	0.1843	0.1858	-0.3696	0.1604
ENSMUSG00000020386	0.3644	-0.2711	-0.0616	-0.1374	-0.5626	-0.4548
ENSMUSG00000020388	-0.3148	0.3521	0.2156	0.5548	-0.1973	-0.1864
ENSMUSG00000020390	-0.2615	0.0910	-0.2591	0.3917	-0.1603	-0.2023
ENSMUSG00000020395	-0.8076	-0.1755	-0.1087	-0.4956	-0.4568	-0.0241
ENSMUSG00000020396	-0.2637	-0.4761	0.8425	0.2577	-0.3160	-0.4385
ENSMUSG00000020399	-0.2328	0.6760	-0.3642	-0.6866	-0.5503	0.0681
ENSMUSG00000020402	0.5902	0.1635	-0.1558	-0.2070	-0.0424	0.2156
ENSMUSG00000020405	-0.4580	-0.1519	0.7890	0.2323	0.3835	0.0234
ENSMUSG00000020407	0.7400	-0.0581	-0.0526	-0.0785	-0.1738	0.1755
ENSMUSG00000020409	0.3625	0.5472	-0.1404	0.0887	0.0763	0.7582
ENSMUSG00000020413	-0.3424	0.5167	0.0421	0.1223	-0.1206	0.6909
ENSMUSG00000020415	-0.3938	-0.2233	0.5601	-0.2965	-0.3716	0.1271
ENSMUSG00000020423	-0.1915	-0.8925	-0.2171	0.3281	0.3616	-0.5414
ENSMUSG00000020424	-0.5902	-0.0621	0.0525	0.1889	0.2182	0.3628
ENSMUSG00000020427	-0.2249	0.0910	-0.0658	-0.5192	-0.1537	0.1108
ENSMUSG00000020428	-0.1911	0.1190	0.2841	-0.0371	0.5200	-0.4073
ENSMUSG00000020431	0.1063	0.0708	-0.1966	0.5743	0.3233	-0.5221
ENSMUSG00000020432	1.3011	1.6458	2.2843	2.5242	2.4627	1.9852
ENSMUSG00000020436	0.9602	-0.5183	0.7199	0.1137	-0.6213	0.3041
ENSMUSG00000020437	0.4554	0.1765	-0.2910	0.0259	0.3969	0.4132
ENSMUSG00000020440	-0.5044	0.7314	-0.6173	0.1605	0.0202	-0.7472
ENSMUSG00000020444	0.0183	-0.3025	-0.0954	-0.0016	-0.2979	-0.0813
ENSMUSG00000020447	0.0465	0.3087	0.2387	0.5480	0.4345	0.0859
ENSMUSG00000020448	-0.4863	-0.1987	-0.2085	-0.1384	-0.2936	0.5941
ENSMUSG00000020451	0.0153	0.3473	0.1259	0.3871	-0.0179	0.4396
ENSMUSG00000020456	0.3540	1.4272	1.2576	0.9859	1.3925	1.2110
ENSMUSG00000020458	0.3116	-0.3245	0.1080	-0.4051	0.6513	0.2356
ENSMUSG00000020460	0.3370	0.3618	0.9072	-0.7512	0.1674	0.3086
ENSMUSG00000020463	-0.1080	-0.3608	-0.3848	0.2870	-0.5662	-0.4333
ENSMUSG00000020464	-0.2246	-0.1951	-0.0233	0.0899	-0.3946	-0.2887
ENSMUSG00000020469	-0.6323	-0.1003	-0.3712	0.8309	0.4979	-0.6394
ENSMUSG00000020471	-0.3446	0.0197	0.3748	-0.1695	0.0862	-0.0357
ENSMUSG00000020474	0.5266	0.9745	1.1059	1.1673	1.4598	1.8437
ENSMUSG00000020475	-0.5582	0.2807	0.1146	0.1824	0.2203	0.3583
ENSMUSG00000020477	0.4040	0.2697	0.1896	0.0968	-0.2191	0.0044
ENSMUSG00000020483	-0.0831	-0.2513	-0.1396	-0.0059	0.6173	0.1567
ENSMUSG00000020484	-0.0326	0.5043	0.3836	-0.1585	-0.0753	0.3599
ENSMUSG00000020485	0.4109	-0.2675	-0.0169	0.3202	0.4122	-0.4688
ENSMUSG00000020486	-0.0614	0.0496	0.0378	0.0161	0.1989	0.0353
ENSMUSG00000020513	-0.0602	-0.0903	0.0324	-0.1430	-0.0310	0.0964
ENSMUSG00000020514	-0.1364	0.3157	-0.5075	-0.3024	-0.0154	-0.0836
ENSMUSG00000020515	0.0756	0.0212	-0.2682	0.7607	-0.2821	-0.1902
ENSMUSG00000020516	0.3176	0.2792	-0.2387	-0.5519	0.3867	0.1643
ENSMUSG00000020519	0.1329	-0.0924	0.0824	-0.1355	0.2643	-0.2433
ENSMUSG00000020520	0.6772	0.0243	-0.1548	0.2456	-0.0211	0.5808
ENSMUSG00000020524	0.3589	0.2782	-0.0715	0.1593	-0.4668	0.2226
ENSMUSG00000020525	0.3026	-0.0161	-0.0025	-0.0678	-0.2912	0.7224
ENSMUSG00000020527	-0.2025	-0.1719	-0.1991	-0.5124	0.3447	-0.3320
ENSMUSG00000020532	0.1115	-0.0488	0.1305	-0.2904	-0.2603	0.5474
ENSMUSG00000020534	-0.1450	-0.0117	-0.1776	0.0344	0.1982	-0.1523
ENSMUSG00000020536	0.2341	0.6715	-0.2534	-0.0731	-0.3725	-0.2016
ENSMUSG00000020538	0.0517	-0.5129	0.0649	0.5931	0.4852	0.1692
ENSMUSG00000020544	-0.5238	0.1352	-0.2347	0.0602	-0.4895	0.3016
ENSMUSG00000020561	0.3300	0.1287	0.0078	0.2010	0.5575	0.8326
ENSMUSG00000020566	0.1961	-0.6057	0.0080	-0.6303	0.4523	-0.1004
ENSMUSG00000020571	0.5824	-0.2908	-0.2913	-0.3404	-0.1539	-0.3633
ENSMUSG00000020572	0.2905	0.1318	-0.4509	0.5799	0.6330	0.4563
ENSMUSG00000020573	0.8140	0.5693	1.0617	0.8213	1.6372	1.3926
ENSMUSG00000020580	-0.1134	-0.1528	0.2687	-0.8086	-0.2042	-0.0592
ENSMUSG00000020585	0.5038	-0.2470	-0.3337	0.1483	-0.3112	-0.2806
ENSMUSG00000020589	0.5849	0.0425	0.2546	0.5218	0.8043	0.0902
ENSMUSG00000020591	-0.5478	0.6453	-0.0261	0.6236	0.8323	0.0837
ENSMUSG00000020592	0.3195	-0.0724	-0.1985	0.2868	0.2953	-0.8561
ENSMUSG00000020593	-0.4112	0.2147	-0.2232	-0.4290	-0.1609	0.4944
ENSMUSG00000020594	-0.0065	-0.1381	-0.2822	0.0989	0.2368	0.4601
ENSMUSG00000020598	-0.3413	-0.2119	-0.3983	0.0804	1.0980	-0.4105
ENSMUSG00000020599	0.1785	0.4073	0.1789	0.0092	0.1376	0.6006
ENSMUSG00000020600	-0.2189	0.3717	-0.6618	0.8609	0.1473	0.0266
ENSMUSG00000020604	-0.5253	-0.5460	0.2501	-0.0151	0.1079	0.0059
ENSMUSG00000020609	-0.3759	0.1836	-0.3627	0.0086	0.4938	0.2267
ENSMUSG00000020611	-0.0846	0.1077	0.1354	-0.4282	-0.5470	0.1142
ENSMUSG00000020612	0.0245	-0.8285	-0.4845	-0.7084	-0.3831	0.0063
ENSMUSG00000020620	1.0329	1.2887	2.1029	1.8794	2.7352	2.3644
ENSMUSG00000020622	-0.3587	-0.3973	0.4904	-0.3294	0.1750	-0.2864
ENSMUSG00000020623	0.1749	0.2692	-0.1382	-0.0812	0.1725	-0.5060
ENSMUSG00000020629	0.0057	0.0575	-0.2263	0.2513	0.3968	-0.0090
ENSMUSG00000020630	-0.0142	-0.2407	-0.1540	0.3832	-0.0210	-0.2120
ENSMUSG00000020634	0.2806	-0.1843	-0.0710	-0.6756	0.4189	0.1059
ENSMUSG00000020636	0.1769	-0.2002	0.2597	-0.2519	-0.1207	0.3684
ENSMUSG00000020638	-0.2267	0.1288	-0.3341	-0.2257	0.1866	0.4435
ENSMUSG00000020639	-0.2774	0.3054	-0.0965	0.3231	-0.3266	-0.0054
ENSMUSG00000020641	0.0485	0.5188	0.7527	-0.1608	0.2322	0.1608
ENSMUSG00000020644	-0.1565	0.8880	-0.0397	-0.2064	-0.0979	0.1472
ENSMUSG00000020646	0.4201	-0.0829	-0.4158	-0.4657	0.8347	0.2591
ENSMUSG00000020647	0.2595	-0.0585	0.4930	0.0060	0.3084	0.1273
ENSMUSG00000020649	0.0567	-0.2138	0.1375	-0.2687	0.4172	-0.2197
ENSMUSG00000020651	-0.4967	0.2032	0.2469	-0.0246	0.6871	0.2713
ENSMUSG00000020654	-0.0397	0.9004	0.4312	0.2105	0.0753	0.3925
ENSMUSG00000020660	-0.4441	-0.2517	-0.3882	-0.1164	0.3045	0.3025
ENSMUSG00000020661	-0.5351	0.1614	-0.1039	-0.2090	-0.3247	0.1433
ENSMUSG00000020664	0.3588	-0.0344	-0.1829	-0.2803	-0.0992	0.0771
ENSMUSG00000020668	0.2752	-0.0906	0.3171	0.0473	0.0577	-0.0556
ENSMUSG00000020671	1.0458	-0.2790	0.1499	-0.1665	0.5108	0.5848
ENSMUSG00000020673	0.1081	0.3824	-0.1024	0.6551	0.0757	0.9445
ENSMUSG00000020676	-0.3740	-1.0830	0.2063	0.0425	-0.1164	0.0595
ENSMUSG00000020679	-0.1592	-0.3999	-0.2742	0.2590	0.2041	0.4184
ENSMUSG00000020680	-0.0670	0.1604	-0.2239	-0.2346	-0.1024	-0.0912
ENSMUSG00000020681	0.2259	-0.1960	0.1280	0.4480	-0.7430	0.1203
ENSMUSG00000020687	-0.0781	0.4944	0.0269	0.3170	0.0118	0.6033
ENSMUSG00000020689	-0.3067	0.2960	-0.0907	0.1464	0.1743	0.1723
ENSMUSG00000020695	-0.1905	0.1931	0.1499	0.0990	-0.6259	0.0827
ENSMUSG00000020697	-0.0300	0.0790	-0.0755	0.3630	-0.4243	0.1239
ENSMUSG00000020700	-0.4159	0.1957	0.3025	-0.1582	-0.2352	0.0086
ENSMUSG00000020702	0.0537	-0.3097	-0.4996	0.1726	-0.1008	0.0267
ENSMUSG00000020704	-0.6696	-1.1659	-0.8703	-0.5886	-1.2038	-1.5324
ENSMUSG00000020705	0.0591	0.0849	-0.3344	0.0761	-0.0955	0.0584
ENSMUSG00000020708	-0.2728	0.1007	0.7603	-0.1557	0.2376	0.0091
ENSMUSG00000020713	-0.4659	-0.0842	0.2509	-0.1760	-0.0159	0.0167
ENSMUSG00000020715	0.2722	0.2340	0.2327	-0.1130	-0.4385	0.2616
ENSMUSG00000020716	-0.3902	0.5115	0.2292	-0.1014	-0.2196	-0.5522
ENSMUSG00000020717	-0.1892	-0.7530	0.2261	0.4648	0.2092	-0.6153
ENSMUSG00000020718	0.2167	-0.0125	0.0505	0.5374	-0.3242	-0.1339
ENSMUSG00000020719	-0.0229	-0.3544	-0.6886	0.0563	-0.2751	-0.7735
ENSMUSG00000020720	0.1459	0.2483	-0.0543	0.1364	-0.1201	-0.2575
ENSMUSG00000020722	0.2566	-0.2338	-0.0356	-0.2126	0.1202	0.3082
ENSMUSG00000020723	-0.0486	0.5142	0.2702	0.0055	-0.5668	-0.3237
ENSMUSG00000020733	0.3489	0.0799	-0.1633	0.0707	0.3035	-0.5979
ENSMUSG00000020734	-0.3617	-0.2353	-0.2301	0.0241	-0.3674	0.3199
ENSMUSG00000020736	-0.2894	0.2247	0.2850	-0.1651	0.6737	0.1219
ENSMUSG00000020738	0.5659	0.5419	-0.3376	-0.0659	-0.4568	0.1148
ENSMUSG00000020739	-0.4597	0.0628	0.6277	-0.6074	0.5228	-0.4057
ENSMUSG00000020740	0.5550	-0.5521	0.0539	-0.1503	-0.1835	0.2295
ENSMUSG00000020745	0.1383	-0.5442	0.3690	0.1400	0.8798	0.3506
ENSMUSG00000020758	-0.0292	0.1030	0.3452	0.6236	-0.1106	0.2770
ENSMUSG00000020766	0.6610	0.0476	-0.3467	-0.1300	-0.5168	0.1127
ENSMUSG00000020774	0.1120	0.0235	-0.1822	-0.2384	-0.0802	-0.0286
ENSMUSG00000020775	0.6052	-0.3340	0.2058	0.3291	-0.1913	0.2120
ENSMUSG00000020777	-0.2632	-0.4166	-0.2320	0.0381	0.2566	0.0376
ENSMUSG00000020780	-0.3531	0.1115	-0.5023	-0.0356	0.2818	0.0680
ENSMUSG00000020782	-0.7433	-0.1848	-0.3621	-1.2017	-1.1146	-0.5990
ENSMUSG00000020785	-0.0204	0.3606	-0.0183	-0.5418	0.1948	-0.5109
ENSMUSG00000020787	0.0455	-0.4594	0.6357	0.4127	0.2540	0.0649
ENSMUSG00000020788	0.0395	0.0688	-0.1639	-0.4214	0.4427	0.1270
ENSMUSG00000020792	-0.0203	-0.1309	0.5726	0.0535	-0.2830	0.4459
ENSMUSG00000020793	0.5839	-0.2671	0.2276	0.2916	0.4837	0.4677
ENSMUSG00000020794	0.5469	-0.7751	0.3905	-0.0777	-0.3505	-0.5306
ENSMUSG00000020802	0.6113	0.1972	-0.4044	0.0497	0.8657	-0.6187
ENSMUSG00000020804	0.0804	0.0885	-0.0583	0.2058	-0.0079	0.1200
ENSMUSG00000020806	-0.1619	-0.2328	0.0539	0.1254	0.6132	0.0092
ENSMUSG00000020817	0.5908	0.5076	-0.5730	0.0722	-0.6215	0.3234
ENSMUSG00000020821	-0.1483	-0.5340	0.7712	-0.5200	1.2412	-0.0214
ENSMUSG00000020826	0.1405	0.3030	-0.2731	0.3056	0.3890	0.1894
ENSMUSG00000020828	0.2500	0.4308	-1.1152	0.0486	-0.3365	-0.1441
ENSMUSG00000020829	-0.3053	-0.5190	-0.5926	-0.2078	0.2366	-0.4209
ENSMUSG00000020831	0.0586	-0.2781	0.0534	0.4555	0.4903	0.8537
ENSMUSG00000020838	-0.3547	0.0244	-0.4722	-0.1854	0.0898	-0.6184
ENSMUSG00000020840	1.1372	1.9259	1.7530	1.9919	1.8017	2.2828
ENSMUSG00000020849	0.0970	-0.0190	-0.4135	0.1476	-0.0230	0.0546
ENSMUSG00000020850	-0.5724	0.2454	0.1378	0.0729	-0.5475	0.3263
ENSMUSG00000020857	0.1993	-0.0324	0.6470	-0.0459	0.0966	-0.3890
ENSMUSG00000020865	-0.9820	-2.3088	-1.9329	-1.8421	-1.9076	-2.6485
ENSMUSG00000020866	-0.1277	0.5100	0.2444	0.4252	-0.0974	0.5919
ENSMUSG00000020868	-0.4297	0.1571	0.0188	0.5406	-0.2020	-0.2779
ENSMUSG00000020872	-0.0968	0.6388	-0.1045	0.2262	-0.1612	0.2404
ENSMUSG00000020882	0.4410	1.0510	1.1384	0.6109	0.9213	1.5577
ENSMUSG00000020884	0.9975	0.0029	-0.1045	0.3369	-0.2941	-0.1927
ENSMUSG00000020886	-0.1985	0.0817	0.2749	0.3340	0.4017	0.0285
ENSMUSG00000020888	0.1096	-0.4694	0.2846	0.1900	-0.1305	-0.1914
ENSMUSG00000020889	0.0035	-0.1196	0.4830	0.4501	0.0585	0.2329
ENSMUSG00000020890	-0.0575	-0.1421	0.9188	-0.1671	-0.0758	-0.1719
ENSMUSG00000020891	-0.2237	0.2981	0.0058	-0.2534	-0.2204	0.3856
ENSMUSG00000020892	0.9178	2.2239	1.7268	2.4393	2.6561	2.5678
ENSMUSG00000020893	-0.3438	-0.3465	0.3624	0.6027	-0.0645	0.2369
ENSMUSG00000020894	0.0699	-0.5579	0.0907	-0.3578	0.0964	0.2819
ENSMUSG00000020897	-0.2285	0.5046	0.4671	0.5813	-0.1110	-0.1866
ENSMUSG00000020899	0.5991	-0.4762	-0.3187	0.1608	-0.4024	0.4129
ENSMUSG00000020900	0.3443	0.5038	0.3522	-0.3887	-0.1520	0.5302
ENSMUSG00000020901	-0.7667	-0.2799	0.2541	0.4707	0.2880	-0.0129
ENSMUSG00000020902	0.6392	0.2447	1.2419	0.1432	0.5105	-0.2160
ENSMUSG00000020903	-0.6049	0.7309	0.6255	0.0367	0.4859	-0.1688
ENSMUSG00000020907	-0.5531	0.2300	0.2055	0.2716	0.3667	-0.2396
ENSMUSG00000020908	-0.2558	-0.1830	-0.4226	-0.1970	0.9116	-0.5582
ENSMUSG00000020910	-0.4983	0.0943	-0.5879	-0.1331	-0.2597	-0.0330
ENSMUSG00000020911	-0.2426	-0.0346	-0.2102	-0.1451	0.3817	0.7387
ENSMUSG00000020912	0.6706	1.6632	2.0244	2.0302	2.2522	2.8893
ENSMUSG00000020913	0.0985	0.7342	-0.2268	0.0576	0.3229	0.0462
ENSMUSG00000020914	-0.1242	-0.1382	0.3477	-0.3510	-0.2449	-0.6511
ENSMUSG00000020916	1.4746	0.5403	1.7514	2.4080	2.6470	2.1125
ENSMUSG00000020917	-0.5467	-0.2268	-0.1902	-0.4388	0.5725	-0.2938
ENSMUSG00000020918	-0.7464	0.1802	0.5347	-0.1543	-0.4499	-0.1284
ENSMUSG00000020919	-0.1340	-0.4316	0.4219	0.1086	-0.0663	0.6028
ENSMUSG00000020929	0.1119	-0.4296	0.2548	0.2120	-0.0928	0.0266
ENSMUSG00000020932	-0.3718	-0.2820	0.1296	-0.2395	0.1660	0.5263
ENSMUSG00000020937	0.5344	-0.0674	0.2406	-0.1658	0.2460	-0.5089
ENSMUSG00000020941	0.1945	0.2608	-0.3590	0.1527	-0.2619	-0.0846
ENSMUSG00000020946	-0.1011	0.0391	0.3201	-0.2711	-0.7064	0.3505
ENSMUSG00000020950	0.2664	-0.0079	-0.2769	-0.2626	-0.2388	-0.3456
ENSMUSG00000020955	0.3011	0.3885	0.7766	0.4693	-0.0242	0.0049
ENSMUSG00000020962	-0.3224	0.3373	0.1717	0.3107	-0.5969	0.5853
ENSMUSG00000020963	-0.2532	-0.2754	0.0057	-0.1672	-0.4686	-0.1708
ENSMUSG00000020964	0.1322	0.7719	0.0936	0.2581	0.0292	-0.8476
ENSMUSG00000020974	0.2559	0.1893	-0.1832	-0.0473	0.0944	0.6041
ENSMUSG00000020986	-0.3077	-0.4496	0.0194	-0.1181	-0.0548	0.2284
ENSMUSG00000020988	0.0485	0.1121	-0.2922	-0.4564	-0.3672	-0.2610
ENSMUSG00000020994	0.2962	-0.4581	0.0398	-0.4290	-0.4276	-0.2202
ENSMUSG00000021003	-0.4930	0.5193	0.0294	-0.0929	-0.0779	-0.5184
ENSMUSG00000021018	0.0241	0.4394	-0.5658	0.4994	-0.3494	-0.3321
ENSMUSG00000021022	-1.4586	-1.0026	-1.8281	-1.5762	-2.1184	-2.2107
ENSMUSG00000021024	-0.3340	-0.0790	0.0059	-0.2607	-0.3176	-0.2974
ENSMUSG00000021025	-0.5859	-0.4489	-0.8980	-0.2429	0.5761	0.7904
ENSMUSG00000021027	0.2745	0.4165	-0.1936	-0.2354	-0.0237	-0.5308
ENSMUSG00000021033	-0.4024	-0.4580	-0.0518	0.3023	0.5486	0.4359
ENSMUSG00000021036	1.1252	1.4752	1.2767	2.1172	2.3973	2.6492
ENSMUSG00000021039	-0.3677	0.2211	0.3359	-0.0201	-0.5751	-0.1336
ENSMUSG00000021048	0.1590	-0.4366	-0.5123	0.1099	0.1156	0.4768
ENSMUSG00000021051	0.7819	1.9038	1.8203	2.2760	2.1824	2.5914
ENSMUSG00000021054	1.4058	1.3380	1.7773	2.6928	2.0448	2.6036
ENSMUSG00000021055	-0.1234	-0.2644	-0.6868	0.0654	0.2206	-0.1029
ENSMUSG00000021065	-0.0509	0.3370	-0.1095	-0.0695	-0.4907	-0.1452
ENSMUSG00000021067	0.2039	-0.0430	0.0083	0.0609	0.4081	0.0356
ENSMUSG00000021069	0.0208	0.4686	0.0481	-0.4796	-0.6875	-0.0761
ENSMUSG00000021070	0.4300	0.4245	-0.4796	-0.1354	0.1089	0.3949
ENSMUSG00000021076	-0.6632	-0.9364	-0.4704	-0.6191	-1.1190	-1.2056
ENSMUSG00000021078	0.2290	0.0516	0.0639	0.6412	-0.6440	0.2049
ENSMUSG00000021096	0.1678	-0.5231	0.1295	-0.0323	0.2300	-0.3295
ENSMUSG00000021103	-0.3695	0.3887	0.6050	0.5015	-0.1409	-0.2963
ENSMUSG00000021108	-0.3404	-0.2751	-0.6010	-0.6228	0.0213	-0.2979
ENSMUSG00000021109	0.1031	0.2980	-0.0896	-0.2181	-0.0742	-0.0860
ENSMUSG00000021111	-0.3952	-0.4818	-0.1165	0.1659	-0.1065	0.3288
ENSMUSG00000021112	-0.7915	-0.7009	0.1667	-0.4411	0.2487	0.0518
ENSMUSG00000021114	-0.5441	0.4517	0.6832	-0.3398	-0.0803	-0.1183
ENSMUSG00000021116	-0.2118	0.0103	-0.1109	0.1115	0.2166	0.3081
ENSMUSG00000021120	-0.0033	-0.6609	0.2223	-0.0911	-0.2954	-0.2691
ENSMUSG00000021123	0.0572	0.2419	-0.1742	0.3720	0.2754	0.3976
ENSMUSG00000021124	-0.1118	-0.2567	-0.2895	-0.1477	0.3015	0.0134
ENSMUSG00000021125	0.1130	-0.2020	-1.0068	-0.1195	-0.1296	0.3312
ENSMUSG00000021127	-0.3039	-0.3478	0.0062	0.0585	0.4053	-0.2101
ENSMUSG00000021130	-0.1846	-0.2278	0.4082	-0.0651	-0.2260	0.0446
ENSMUSG00000021134	0.2040	0.2741	-0.3168	0.5128	0.2451	-0.1220
ENSMUSG00000021135	0.0136	0.3413	-0.6036	-0.0185	-0.1505	-0.8380
ENSMUSG00000021144	0.4392	-0.3450	-0.0931	0.2914	-0.1498	-0.1085
ENSMUSG00000021149	0.2048	-0.0738	0.9192	-0.4826	0.3916	-0.6419
ENSMUSG00000021177	0.1389	0.1817	-0.4842	0.1538	-0.1809	-0.5456
ENSMUSG00000021178	0.0711	-0.2344	0.0464	-0.1590	-0.3811	-0.3390
ENSMUSG00000021180	0.5131	-0.3279	0.3455	0.5979	-0.0547	-0.9893
ENSMUSG00000021182	0.2855	-0.4220	-0.0198	-0.0430	-0.0194	-0.0367
ENSMUSG00000021185	-0.3603	0.1426	-0.1300	-0.1686	-0.1484	-0.0589
ENSMUSG00000021189	-0.2757	0.5386	-0.4682	0.0824	-0.2451	0.0371
ENSMUSG00000021190	0.1318	-0.2991	0.4085	-0.4800	0.1107	0.7791
ENSMUSG00000021196	-0.6836	0.4148	0.1617	-0.0058	0.0044	0.0769
ENSMUSG00000021207	0.2764	-0.9186	0.2726	0.5354	0.1068	0.4951
ENSMUSG00000021214	-0.2938	-0.1937	0.0469	-0.1946	-0.1285	-0.7308
ENSMUSG00000021216	-0.1985	0.4279	0.0339	-0.7577	0.6845	-0.1040
ENSMUSG00000021221	-0.5805	-0.3481	-0.3443	0.1522	0.3702	-0.0694
ENSMUSG00000021224	0.5047	0.3225	0.1996	-0.3199	0.1401	0.2164
ENSMUSG00000021226	-0.3381	-0.2289	0.4127	0.2499	0.0616	0.2993
ENSMUSG00000021228	-0.4231	0.6447	-0.1614	0.6605	-0.4376	0.1378
ENSMUSG00000021235	0.1260	0.1783	-0.2258	0.6992	0.0155	0.3297
ENSMUSG00000021236	-0.0916	-0.0066	0.0389	0.1034	0.5291	0.1709
ENSMUSG00000021238	-0.5839	0.5167	0.3708	-0.1010	0.2135	-0.3973
ENSMUSG00000021240	-1.5137	-1.3949	-1.3021	-1.6494	-2.4663	-2.7053
ENSMUSG00000021242	-0.0483	-0.3858	-0.1149	0.1350	-0.7079	-0.1941
ENSMUSG00000021243	0.0141	0.1445	-0.3109	0.5133	0.3100	0.7117
ENSMUSG00000021245	-0.1050	0.4229	-0.1902	0.2142	0.1159	0.1914
ENSMUSG00000021250	0.0148	-0.3317	-0.0386	-0.1489	-0.0843	-0.2098
ENSMUSG00000021253	-0.4076	-0.3894	-0.0830	0.0500	0.0529	0.5395
ENSMUSG00000021255	0.5665	0.8861	0.8387	1.8532	0.8051	1.6209
ENSMUSG00000021259	-0.3655	-0.3216	-0.0105	0.2123	-0.5972	0.8550
ENSMUSG00000021262	0.3167	-0.5904	0.5733	-0.0643	-0.3279	-0.6771
ENSMUSG00000021263	0.7884	1.9107	1.7351	2.4904	1.9518	2.2442
ENSMUSG00000021264	-0.1657	-0.2129	0.1149	-0.3553	0.4014	0.0336
ENSMUSG00000021265	-0.1574	-0.1862	-0.1064	-0.0126	-0.2289	-0.2991
ENSMUSG00000021266	-0.8760	-0.9835	-0.9592	-1.2303	-0.7806	-1.6610
ENSMUSG00000021270	0.0713	0.3724	0.1464	-0.7892	0.5162	0.2281
ENSMUSG00000021273	0.4290	-0.2276	0.4008	-0.5712	0.0203	-0.4963
ENSMUSG00000021277	-0.0219	-0.4043	0.2490	0.1775	-0.0510	-0.3615
ENSMUSG00000021278	0.5082	0.3997	-0.1597	-0.6763	-0.6039	0.1824
ENSMUSG00000021287	-0.0410	-0.1920	-0.2138	0.1826	-0.2134	0.2639
ENSMUSG00000021288	0.2426	0.1707	-0.6941	-0.5521	0.0617	0.1545
ENSMUSG00000021294	-0.3400	-0.2730	-1.2933	-1.1713	-1.3449	-1.1733
ENSMUSG00000021298	-0.0412	-0.1910	-0.3731	-0.0503	0.1881	-0.0895
ENSMUSG00000021302	0.0929	-0.5791	-0.4142	-0.2670	0.4489	0.2126
ENSMUSG00000021303	-0.4497	0.0085	0.2594	0.3333	0.5708	-0.3891
ENSMUSG00000021311	1.8918	0.9280	1.7207	1.5432	2.2815	2.0162
ENSMUSG00000021313	-0.2281	0.3695	0.3968	-0.2995	0.0831	-0.0646
ENSMUSG00000021314	-0.2515	-0.4107	-0.3993	0.4466	-0.6735	-0.1956
ENSMUSG00000021318	0.7170	-0.5788	0.2894	0.1170	0.2558	0.0155
ENSMUSG00000021319	0.4959	-0.1061	-0.1304	0.2300	0.1333	-0.2542
ENSMUSG00000021340	0.4576	-0.1428	-0.2069	-0.0065	0.0005	0.2231
ENSMUSG00000021342	-0.1571	0.0838	0.7694	0.0965	0.0518	0.0165
ENSMUSG00000021356	0.2160	-0.2890	0.0816	-0.5040	0.0505	0.0715
ENSMUSG00000021357	-0.3888	-0.2656	-0.2502	0.0461	-0.5281	0.4525
ENSMUSG00000021360	0.3118	-0.1172	0.3341	0.1407	0.0570	-0.1846
ENSMUSG00000021362	0.2291	0.0927	-0.0124	-0.1665	-0.3971	0.1796
ENSMUSG00000021364	0.3037	0.0685	-0.0205	0.1143	-0.5882	-0.1066
ENSMUSG00000021367	-0.2858	-0.0768	0.0532	-0.1162	0.0856	-0.0626
ENSMUSG00000021368	-0.2310	-0.2563	0.2951	0.1138	-0.0430	0.1981
ENSMUSG00000021374	0.1352	0.3773	0.5553	0.2036	-0.2547	0.1978
ENSMUSG00000021375	-0.1242	0.1397	-0.0024	-0.2463	0.2656	0.5696
ENSMUSG00000021376	0.4048	-0.0840	-0.5731	0.4199	-0.4546	0.4320
ENSMUSG00000021379	0.4408	-0.1181	0.0021	0.3438	0.1694	0.2801
ENSMUSG00000021385	0.3306	0.6465	-0.2478	-0.1802	-0.6503	-0.3122
ENSMUSG00000021403	0.0989	-0.0267	-0.3267	-0.1247	-0.4236	-0.0653
ENSMUSG00000021404	0.0252	-0.0216	-0.0199	-0.6043	0.5720	0.0334
ENSMUSG00000021408	0.1057	0.1326	0.0080	0.0784	-0.2032	-0.3972
ENSMUSG00000021416	0.3404	0.3330	0.0327	-0.7839	-0.6994	-0.1698
ENSMUSG00000021417	-0.1359	0.3794	-0.0602	-0.0034	-0.1304	0.6668
ENSMUSG00000021418	0.2157	-0.5585	-0.1460	-0.1242	-0.5156	0.0013
ENSMUSG00000021420	1.1936	1.6643	1.8372	2.0277	2.3458	3.0506
ENSMUSG00000021427	0.3731	0.0639	0.2044	0.3102	-0.1117	-0.1258
ENSMUSG00000021428	0.3737	-0.4553	0.0838	0.1272	-0.2161	0.4804
ENSMUSG00000021448	0.2688	0.1606	-0.1391	-0.3445	0.2818	0.0079
ENSMUSG00000021451	0.1499	0.0297	0.0191	0.1749	-0.2090	0.1018
ENSMUSG00000021453	0.0566	0.6701	0.5105	0.0008	-0.0113	-0.7373
ENSMUSG00000021456	0.1624	0.5323	-0.1726	0.0587	0.8642	-0.6754
ENSMUSG00000021457	-0.9104	0.5922	-0.4595	0.2088	-0.4297	0.4345
ENSMUSG00000021460	-0.3018	0.1107	0.3678	-0.1290	0.7254	0.3340
ENSMUSG00000021461	0.2512	-0.3157	-0.2980	-0.2567	-0.2264	0.4812
ENSMUSG00000021464	-0.4923	0.1546	0.1546	-0.6013	0.6149	0.5542
ENSMUSG00000021466	-0.2860	-0.4740	-0.0544	0.8365	-0.3529	0.0421
ENSMUSG00000021468	-0.7507	-1.4550	-1.3154	-2.3977	-2.4792	-2.0222
ENSMUSG00000021469	0.3569	-0.4501	-0.2731	-0.1131	0.3243	0.1635
ENSMUSG00000021477	-0.2064	-0.1680	0.3455	-0.3011	0.3259	0.4958
ENSMUSG00000021478	0.2120	0.1975	0.2741	-0.1045	0.6558	0.0766
ENSMUSG00000021484	-0.5215	0.1014	-0.5303	-0.1337	0.4921	0.2513
ENSMUSG00000021488	-0.2621	-0.7214	-0.0214	0.8234	0.1031	0.1583
ENSMUSG00000021490	0.4855	-0.1482	-0.1975	0.7984	-0.0017	-0.0935
ENSMUSG00000021492	-0.7742	-0.5866	-0.2111	-0.1957	0.0770	-0.0737
ENSMUSG00000021493	0.5350	1.3297	1.2030	0.6869	1.3799	1.5738
ENSMUSG00000021494	0.0579	0.1973	0.0085	-0.2716	-0.4121	-0.5713
ENSMUSG00000021496	0.5699	-0.5375	0.4658	-0.6169	-0.3536	0.1409
ENSMUSG00000021500	-0.0325	0.1096	0.0475	0.0634	0.3171	-0.3554
ENSMUSG00000021504	0.1904	0.7960	0.1543	0.5249	0.2981	-0.3292
ENSMUSG00000021508	0.4117	-0.3674	0.1111	-0.3406	-0.1490	0.0187
ENSMUSG00000021514	0.1682	-0.6696	0.0978	0.3022	-0.1059	-0.1819
ENSMUSG00000021518	0.4644	0.2800	0.0167	-0.0471	-0.2461	0.6209
ENSMUSG00000021520	0.3602	0.1022	0.0260	0.1470	-0.1312	0.1465
ENSMUSG00000021536	0.2535	-0.0792	-0.5336	-0.0789	-0.4955	-0.2603
ENSMUSG00000021538	-0.1707	0.6040	0.2158	0.3230	0.3432	0.1710
ENSMUSG00000021540	-0.3418	-0.1868	0.4367	-0.1280	-0.1915	-0.2864
ENSMUSG00000021546	-0.1201	0.0833	-0.4750	0.3454	-0.2828	-0.3253
ENSMUSG00000021548	0.6561	-0.0233	0.5166	0.2334	0.6894	-0.0408
ENSMUSG00000021549	0.1519	1.2016	-0.7328	0.2611	0.1804	0.1000
ENSMUSG00000021559	-0.1518	-0.3412	-0.6480	0.0347	-0.1637	0.2640
ENSMUSG00000021565	0.2510	0.4504	-0.5661	0.3081	-0.0893	0.3599
ENSMUSG00000021567	-0.0240	-0.2662	0.4805	0.2695	0.2876	-0.3152
ENSMUSG00000021569	-0.2200	-0.6237	-0.1710	-0.8786	-0.0770	0.3400
ENSMUSG00000021577	-0.1049	-0.2387	-0.3947	0.1186	0.0057	0.5036
ENSMUSG00000021594	0.1699	0.3418	0.2140	-0.1934	-0.2036	-0.4770
ENSMUSG00000021606	-0.2614	-0.0410	0.0612	-0.0208	0.0184	-0.4370
ENSMUSG00000021607	-0.1793	0.2191	-0.2628	-0.1092	0.1404	0.5448
ENSMUSG00000021608	-0.1258	0.2291	-0.3622	-0.6014	0.1216	-0.1618
ENSMUSG00000021609	0.1843	-0.0893	-0.3673	-0.5055	0.0625	-0.2063
ENSMUSG00000021611	-0.5852	-0.0113	-0.7256	-0.2079	-0.0675	0.2634
ENSMUSG00000021614	0.2195	0.3623	0.1585	0.1457	0.1840	0.0756
ENSMUSG00000021615	0.4399	0.4132	-0.2531	-0.3501	0.0880	-0.0511
ENSMUSG00000021619	-0.2283	-0.0498	-0.1105	0.4798	0.8678	-0.3360
ENSMUSG00000021620	0.0520	0.9940	0.7461	1.2417	1.0787	1.3976
ENSMUSG00000021622	0.6682	-0.0539	0.3178	0.3303	-0.3482	0.1658
ENSMUSG00000021636	-0.3480	-0.4521	-0.8806	-1.0320	-0.6686	-1.4073
ENSMUSG00000021638	0.7734	1.6392	1.6903	1.9191	2.9670	2.7680
ENSMUSG00000021639	0.3307	0.1391	-0.2965	-0.4153	-0.6341	-1.0681
ENSMUSG00000021640	0.1201	0.2654	0.0942	-0.0789	0.2269	-0.0772
ENSMUSG00000021646	0.1280	-0.0954	0.0972	0.6140	0.0722	0.4111
ENSMUSG00000021662	-0.1872	-0.0282	-0.4154	0.2988	0.4765	0.0938
ENSMUSG00000021665	-0.0501	-0.3083	-0.0114	0.0017	0.1934	0.6384
ENSMUSG00000021668	0.3843	-0.1842	-0.1727	0.0026	-0.1365	0.2819
ENSMUSG00000021670	0.1494	0.1673	-0.2074	0.5432	-0.2853	-0.1767
ENSMUSG00000021675	-0.1416	0.1579	-0.2336	-0.2816	0.2305	0.0581
ENSMUSG00000021676	0.4288	-0.3063	0.1807	-0.1363	0.7793	-0.4884
ENSMUSG00000021678	0.6479	0.2438	-0.2502	-0.0441	-0.4298	0.7392
ENSMUSG00000021684	-0.6681	0.1644	-0.1336	-0.1285	0.1108	0.3440
ENSMUSG00000021686	0.0312	-0.1467	0.2705	-0.1889	0.2704	-0.5457
ENSMUSG00000021693	-0.3332	-0.3088	0.0202	0.0854	-0.1130	0.2356
ENSMUSG00000021694	-0.0354	-0.2726	-0.0211	0.1514	0.0526	0.4608
ENSMUSG00000021696	0.2311	0.4921	0.2544	0.3177	0.2068	-0.3522
ENSMUSG00000021699	0.0637	0.3882	0.1735	0.0521	-0.6901	-0.0771
ENSMUSG00000021701	0.0191	0.2845	0.2657	-0.2721	0.3300	-0.0486
ENSMUSG00000021702	-0.2396	0.3164	0.4194	0.0650	-0.1678	0.0763
ENSMUSG00000021703	-0.1566	0.2877	0.3543	0.0447	0.4246	-0.1150
ENSMUSG00000021704	0.4792	0.0858	-0.3157	-0.4536	-0.1690	0.1768
ENSMUSG00000021706	0.0973	-0.1231	-0.3755	0.3063	0.3743	0.4757
ENSMUSG00000021707	0.6578	0.0034	-0.0852	0.1496	-0.0095	-0.0278
ENSMUSG00000021708	-0.2003	-0.1565	0.6893	-0.0188	0.0430	-0.5387
ENSMUSG00000021709	0.0175	-0.3724	-0.1182	0.3233	-0.4809	0.1601
ENSMUSG00000021710	-0.2586	-0.5599	-0.1594	-0.5686	0.2537	0.1380
ENSMUSG00000021718	-0.1385	-0.6819	-0.1469	-0.3215	0.1551	0.0050
ENSMUSG00000021721	0.2072	0.2789	-0.1131	-0.1368	-0.2917	-0.0982
ENSMUSG00000021730	0.0548	0.0381	0.1192	-0.1164	-0.4700	0.2908
ENSMUSG00000021731	0.1274	-0.5709	-0.0214	-0.0027	-0.3920	-0.1984
ENSMUSG00000021732	-0.4128	-0.1582	-0.2710	-0.3114	-0.1507	-0.4522
ENSMUSG00000021737	-0.0318	-0.0353	0.3305	-0.0781	0.0438	-0.0226
ENSMUSG00000021748	-0.0946	-0.0885	-0.5059	-0.1797	0.0949	0.6887
ENSMUSG00000021751	1.5888	1.7672	0.8931	2.0647	2.0115	2.0058
ENSMUSG00000021754	-0.2632	-0.9015	-0.0689	-0.3252	-0.0605	0.0307
ENSMUSG00000021756	0.1618	0.2166	0.3449	-0.3041	0.1467	0.9824
ENSMUSG00000021759	-1.1768	-1.6352	-1.3802	-1.5946	-1.8186	-2.4919
ENSMUSG00000021760	-0.0952	0.0084	-0.0704	-0.2143	0.0699	0.2566
ENSMUSG00000021764	-0.0813	-0.1078	-0.2512	-0.2333	0.2056	0.1031
ENSMUSG00000021765	-0.0391	0.6196	0.2451	-0.1470	-0.4951	-0.2002
ENSMUSG00000021770	1.2772	1.5401	1.6156	2.1964	2.3051	2.8984
ENSMUSG00000021771	-0.1626	-0.2822	0.6752	0.0961	0.8072	0.0153
ENSMUSG00000021774	-0.5524	-0.0314	0.2694	0.6350	-0.3959	-0.3617
ENSMUSG00000021775	0.2706	-0.1077	-0.0480	0.5124	-0.5413	0.0179
ENSMUSG00000021779	-0.1796	0.2436	0.0595	0.2400	-0.2734	0.2932
ENSMUSG00000021782	0.5057	0.2941	-0.2551	0.0603	0.0564	0.1816
ENSMUSG00000021785	-0.0343	-0.0972	-0.2661	-0.0010	0.4569	-0.6276
ENSMUSG00000021786	-0.8265	0.0931	-0.0467	-0.1552	0.6427	-0.5590
ENSMUSG00000021789	-0.4245	-0.3055	0.4979	0.0949	-0.5756	0.6647
ENSMUSG00000021794	-0.4291	0.5430	-0.8189	-0.1418	0.3801	0.1035
ENSMUSG00000021795	-0.0061	-0.1414	-0.5947	0.0133	-0.3812	0.3940
ENSMUSG00000021796	-0.2106	-0.7845	0.1615	0.1872	-0.5199	0.4747
ENSMUSG00000021798	0.2178	-0.2520	0.1194	0.0023	0.3553	-0.4375
ENSMUSG00000021806	0.1289	-0.3833	0.3019	-0.0890	0.5703	-0.4048
ENSMUSG00000021809	-0.0820	-0.4134	-0.4663	0.2834	-0.1009	-0.2516
ENSMUSG00000021814	0.1474	-0.0269	-0.1576	-0.2072	-0.3408	-0.3692
ENSMUSG00000021816	0.2300	0.1299	-0.4309	0.2095	0.0704	-0.0122
ENSMUSG00000021820	0.7032	-0.7829	-0.3627	-0.0787	-0.4736	0.4706
ENSMUSG00000021822	0.4607	0.8159	0.5204	0.8910	0.6119	0.9493
ENSMUSG00000021823	0.1261	-0.0273	0.1818	0.2545	0.0407	-0.2393
ENSMUSG00000021824	-0.0236	0.0461	-0.2431	-0.2223	-0.2814	0.1397
ENSMUSG00000021831	-0.0031	0.4612	-0.2577	0.4278	-0.1740	0.4872
ENSMUSG00000021832	-0.1897	-0.6836	-0.0260	0.5030	0.0943	0.1109
ENSMUSG00000021835	-0.1077	0.0424	0.2730	0.5802	0.1589	0.8443
ENSMUSG00000021866	-0.0539	-0.3804	0.1083	-0.0497	0.1096	0.0363
ENSMUSG00000021868	0.2119	-0.0882	0.4535	0.1706	0.1563	-0.0679
ENSMUSG00000021877	-0.2053	0.0378	-0.1184	0.5430	0.2888	-0.4021
ENSMUSG00000021879	0.0784	-0.3361	0.0617	-0.2742	0.0983	-0.2386
ENSMUSG00000021884	-0.5690	0.8492	0.1844	-0.1549	0.0502	0.1860
ENSMUSG00000021900	-0.3809	-0.1162	0.0895	-0.5842	0.2131	-0.1878
ENSMUSG00000021901	0.1733	-0.4482	0.5057	-0.2969	0.1708	-0.1580
ENSMUSG00000021903	-0.3424	-0.2684	-0.2782	-0.1496	0.0147	0.6728
ENSMUSG00000021904	-0.1301	-0.1447	0.3289	-0.5627	-0.6768	0.0554
ENSMUSG00000021911	-0.0138	-0.3666	-0.2451	0.0781	0.8616	-0.1906
ENSMUSG00000021913	0.2854	-0.0100	0.6003	0.5619	-0.3278	-0.5335
ENSMUSG00000021917	-0.0734	0.8988	-0.5528	0.2406	0.2735	-0.0289
ENSMUSG00000021919	-0.3902	0.3260	-0.1208	0.3231	0.0251	0.8190
ENSMUSG00000021927	-0.0637	-0.2005	0.1650	-0.1413	0.1289	0.8361
ENSMUSG00000021929	0.0712	0.6739	0.4561	0.6028	-0.3546	-0.3206
ENSMUSG00000021932	-0.4637	-0.9258	-0.8917	-0.8812	-1.9492	-1.4103
ENSMUSG00000021933	-0.2091	-0.6705	0.0404	0.0400	-0.2260	-0.0627
ENSMUSG00000021936	0.2897	0.2559	0.2259	0.2473	-0.9092	0.3358
ENSMUSG00000021939	0.2426	0.0223	0.1570	0.5253	-0.4149	-0.1639
ENSMUSG00000021943	-0.2878	0.3993	0.2315	0.0999	-0.0668	0.1295
ENSMUSG00000021944	0.0467	-0.2699	-0.2898	0.1350	-0.3051	0.0784
ENSMUSG00000021947	0.1175	0.2872	-0.1504	0.1066	-0.2579	-0.1341
ENSMUSG00000021948	0.0432	-0.1071	-0.3504	0.3608	-0.8728	-0.2723
ENSMUSG00000021952	0.7145	-0.0541	0.3501	0.1834	0.9566	0.8212
ENSMUSG00000021953	0.0715	0.3387	0.6429	-0.5511	0.6715	-0.6282
ENSMUSG00000021957	-0.1251	0.1841	0.1107	0.2704	-0.0834	0.1780
ENSMUSG00000021959	-0.1388	0.0987	-0.5093	-0.0547	-0.2367	0.2782
ENSMUSG00000021962	0.3283	-0.2670	0.0687	-0.3006	0.2426	-0.7656
ENSMUSG00000021963	-0.2170	0.1693	0.2375	0.0396	-0.5389	0.3785
ENSMUSG00000021974	-0.2286	-0.2791	0.4026	0.2023	-0.0859	0.2215
ENSMUSG00000021978	0.3059	0.6998	0.4399	-0.0322	0.1956	0.1140
ENSMUSG00000021981	-0.5810	-0.0848	-0.4143	-0.6307	-0.5238	-0.1485
ENSMUSG00000021983	-0.2411	0.0960	0.4277	0.2813	0.2835	-0.2523
ENSMUSG00000021987	-0.3233	0.1886	-0.0182	-0.0731	0.3252	0.3872
ENSMUSG00000021990	0.3768	0.1392	-0.3767	0.2281	-0.1097	0.1669
ENSMUSG00000021991	0.0947	-0.3348	-0.0736	-0.5322	0.0212	0.9328
ENSMUSG00000021994	-0.4710	0.4495	-0.2310	0.1977	-0.1098	-0.8663
ENSMUSG00000021996	-0.0123	-0.3175	-0.2573	0.3363	-0.4376	0.0609
ENSMUSG00000021999	0.0990	-0.4337	-0.2728	-0.0723	0.6324	0.4114
ENSMUSG00000022015	-0.3301	0.2119	0.2268	0.3647	0.2229	0.4777
ENSMUSG00000022018	0.1786	-0.0874	0.2025	0.3060	0.0274	-0.0818
ENSMUSG00000022021	0.2744	0.9828	0.8146	0.8879	1.0858	1.6101
ENSMUSG00000022024	-0.4210	-0.9750	-0.8435	-0.8198	-1.1668	-1.1592
ENSMUSG00000022034	-0.0456	-0.4471	-0.0140	-0.2009	0.0126	0.0090
ENSMUSG00000022037	0.1400	-0.2670	0.5113	-0.6097	-0.4015	0.1215
ENSMUSG00000022040	1.7285	1.5700	1.8900	1.4609	2.6996	2.1255
ENSMUSG00000022041	0.1730	0.3275	0.4462	-0.3894	0.4571	-0.0663
ENSMUSG00000022048	-0.1592	0.0513	0.4261	0.1561	-0.2331	0.1044
ENSMUSG00000022051	0.2142	-0.5057	0.2280	0.1939	0.1246	0.1257
ENSMUSG00000022052	-1.5756	-1.6161	-1.4225	-2.0413	-1.8023	-2.7796
ENSMUSG00000022054	-0.2092	-0.7010	0.2071	-0.1775	0.3275	0.0244
ENSMUSG00000022055	0.4151	0.1811	0.5349	0.2546	0.1899	0.1052
ENSMUSG00000022061	-0.0085	0.7178	-0.1936	-0.1777	-0.2415	-0.6046
ENSMUSG00000022066	-0.2262	0.5526	0.1408	0.2615	0.0919	0.0874
ENSMUSG00000022074	-0.1720	-0.0047	0.2273	0.1217	0.5528	-0.0267
ENSMUSG00000022075	0.1365	-0.2211	0.1608	-0.2919	-0.1846	-0.0234
ENSMUSG00000022090	0.6220	0.0773	0.1733	-0.6364	0.7487	0.2176
ENSMUSG00000022092	0.7364	-0.1845	0.0706	-0.2758	-0.0671	-0.0543
ENSMUSG00000022094	-0.4771	-0.7819	-0.7513	0.6139	0.2444	-0.4061
ENSMUSG00000022100	-1.2001	-1.0828	-0.9747	-1.7033	-0.7419	-1.6232
ENSMUSG00000022101	-1.0748	-1.2006	-0.7256	-1.4211	-1.4401	-1.4267
ENSMUSG00000022102	0.2505	0.0666	0.0334	-0.4744	-0.0998	-0.3450
ENSMUSG00000022105	0.0968	0.3329	0.0115	0.0011	-0.5703	-0.0708
ENSMUSG00000022109	0.4232	-0.0256	0.0261	0.3114	-0.1442	0.4280
ENSMUSG00000022110	0.0692	-0.4240	-0.2169	-0.2215	0.0878	-0.0142
ENSMUSG00000022114	0.1416	-0.1307	-0.4961	0.9619	-0.2921	-0.3500
ENSMUSG00000022122	0.3615	-0.4991	-0.4552	-0.1596	-0.3792	-0.2395
ENSMUSG00000022124	0.0820	-0.1715	0.4611	0.3934	0.3809	0.5981
ENSMUSG00000022125	-0.2944	0.2471	-0.0767	-0.3372	-0.4087	-0.2580
ENSMUSG00000022126	-0.2242	-0.3337	-0.1567	-0.5348	-0.1253	-0.1695
ENSMUSG00000022129	-0.2337	-0.3735	0.1956	-0.0222	-0.3730	-0.5881
ENSMUSG00000022130	0.6174	0.4490	0.7517	1.0146	0.9137	0.8897
ENSMUSG00000022132	0.9148	1.5937	1.9442	1.2832	2.2211	2.7496
ENSMUSG00000022136	-0.6944	0.3356	-0.1378	-0.2332	-0.2382	-0.8218
ENSMUSG00000022141	-0.1857	0.6392	-0.1601	0.5328	-0.1954	-0.0912
ENSMUSG00000022142	0.7201	-0.4776	-0.3674	0.0282	0.2164	-0.0636
ENSMUSG00000022144	1.0535	0.8900	1.1962	1.5122	0.7694	0.8954
ENSMUSG00000022146	0.2769	0.3329	0.0693	-0.4732	-0.0461	0.6839
ENSMUSG00000022148	0.4655	0.9265	0.3711	-0.2391	0.1707	-0.6493
ENSMUSG00000022149	-0.0786	-0.2805	-0.2221	-0.3171	-0.0880	0.2816
ENSMUSG00000022150	-0.3239	0.0299	0.3616	0.0788	-0.1403	0.3848
ENSMUSG00000022174	-0.3544	0.3917	-0.4983	0.4615	-0.1463	0.4843
ENSMUSG00000022178	-0.2987	-1.3879	-0.7427	-0.3411	-1.0298	-0.8847
ENSMUSG00000022180	-0.7683	-0.1839	0.1715	-0.1620	-0.1451	-0.3526
ENSMUSG00000022181	0.0650	-0.2337	-0.2784	0.6804	-0.0990	-0.1709
ENSMUSG00000022184	-0.3952	0.3268	-0.5097	0.9580	0.4879	-0.1989
ENSMUSG00000022185	-0.0998	0.0105	0.5475	0.3405	-0.2462	-0.1711
ENSMUSG00000022186	-0.6187	0.3417	0.2009	0.5997	-0.0848	0.1990
ENSMUSG00000022191	0.3612	0.3852	-0.4364	0.4916	-0.5905	-0.5249
ENSMUSG00000022193	-0.0769	-0.3323	0.8748	-0.0163	-0.0253	-0.2109
ENSMUSG00000022194	-0.5408	0.0083	0.6379	-0.0193	0.1244	0.2233
ENSMUSG00000022206	-0.2891	-0.3803	0.1777	0.1734	-0.0419	0.4354
ENSMUSG00000022210	0.2021	-0.7039	-0.5689	-0.0471	-0.3327	0.4808
ENSMUSG00000022216	-0.0242	0.0394	-0.1031	-0.4561	-0.1507	0.6333
ENSMUSG00000022218	-1.2007	-1.6911	-1.4386	-2.0479	-2.8188	-2.1762
ENSMUSG00000022219	0.0892	-0.4087	-0.1120	-0.0828	0.1646	-0.2047
ENSMUSG00000022220	0.1957	-0.3256	0.3069	-0.5882	0.1551	-0.1762
ENSMUSG00000022221	-0.1307	0.6273	-0.0482	-0.4047	-0.0509	0.2772
ENSMUSG00000022225	0.0105	0.2364	-0.3213	-0.4856	0.5827	-0.2043
ENSMUSG00000022229	-0.3298	-0.6514	-0.6807	-1.7124	-0.6646	-0.8532
ENSMUSG00000022231	0.0491	-0.1904	-0.3388	-0.1741	-0.4326	-0.2750
ENSMUSG00000022235	0.6706	0.6697	0.0631	1.3900	1.1170	1.6276
ENSMUSG00000022240	0.4494	-0.4492	0.4096	0.0699	0.6305	-0.1890
ENSMUSG00000022241	0.0049	-0.3774	-0.0021	-0.6954	0.2136	-0.5320
ENSMUSG00000022244	0.0942	-0.2882	0.4506	-0.3425	-0.0559	0.3010
ENSMUSG00000022248	0.1008	-0.0994	-0.3245	0.3914	-0.0346	0.0896
ENSMUSG00000022253	0.2398	-0.2059	0.7601	0.9343	0.0913	-0.0737
ENSMUSG00000022257	-0.4667	0.4511	0.5092	-0.7872	0.8245	-0.3415
ENSMUSG00000022261	0.1751	0.1328	-0.2266	-0.0066	0.2017	0.0419
ENSMUSG00000022262	0.1255	0.0155	0.2379	0.1095	0.1963	-0.0497
ENSMUSG00000022263	0.1892	-0.2258	-0.2891	0.0765	-0.0402	-0.8777
ENSMUSG00000022272	0.3572	0.2089	0.5828	1.3234	0.5879	0.8779
ENSMUSG00000022283	0.3140	0.0275	0.2707	-0.3571	0.4947	-0.0160
ENSMUSG00000022285	-0.2391	-0.9531	0.2308	0.4069	0.0148	-0.1041
ENSMUSG00000022292	0.1522	-0.2039	-0.2870	-0.4397	0.2510	-0.3305
ENSMUSG00000022295	-0.0203	0.1103	-0.0972	0.0476	0.4973	-0.1027
ENSMUSG00000022297	-0.0439	-0.0699	-0.5016	0.3535	-0.2672	0.3600
ENSMUSG00000022304	-0.4584	-0.4375	0.0746	0.0122	0.3415	-0.1644
ENSMUSG00000022306	0.1384	-0.4245	0.1299	0.8959	0.1075	-0.2206
ENSMUSG00000022309	-0.1614	0.4088	-0.1538	-0.2402	0.2024	0.1275
ENSMUSG00000022312	-0.2119	0.0945	-0.1717	-0.0133	-0.2882	-0.2505
ENSMUSG00000022314	0.3438	-0.1438	-0.1436	0.4977	-0.5778	0.3523
ENSMUSG00000022325	0.1469	0.0153	-0.3121	0.3496	0.0410	0.3351
ENSMUSG00000022329	-0.6496	0.1266	0.0784	0.4082	-0.0242	-0.3085
ENSMUSG00000022336	0.8940	-0.0713	-0.6485	0.5704	-0.1593	0.0264
ENSMUSG00000022339	-0.8870	0.2862	0.2575	-0.1531	0.2312	0.1276
ENSMUSG00000022346	-0.2688	0.4218	-0.6482	0.0776	0.5188	-0.1726
ENSMUSG00000022350	-0.2284	0.3858	-0.5423	-0.2006	-0.0370	-0.0401
ENSMUSG00000022351	0.1164	-0.1114	0.1004	-0.3118	0.3380	0.3378
ENSMUSG00000022353	-0.1126	-0.1589	0.0289	0.5803	0.2468	-0.2005
ENSMUSG00000022354	0.4393	0.0970	0.1825	0.5859	-0.2878	0.2985
ENSMUSG00000022358	0.0538	-0.1168	0.4625	-0.1701	0.2000	0.1997
ENSMUSG00000022365	-0.1109	0.0841	0.3972	0.2286	0.4863	-0.1871
ENSMUSG00000022369	0.9664	1.2412	0.7432	1.4310	0.6898	1.1256
ENSMUSG00000022370	-0.2753	-0.3908	-0.4958	0.2295	-0.9040	-0.1013
ENSMUSG00000022371	0.1250	-0.1934	0.1115	0.0358	0.3449	-0.0073
ENSMUSG00000022376	0.2876	0.2260	-0.0500	-0.3874	-0.6046	0.0555
ENSMUSG00000022377	-0.3750	-0.4501	-0.3912	0.2604	-0.2543	0.5006
ENSMUSG00000022378	0.2520	0.0721	0.5708	0.3998	0.5774	0.3263
ENSMUSG00000022382	-0.1895	-0.0584	0.2416	0.0867	-0.2910	0.0659
ENSMUSG00000022383	-0.3694	-0.3672	0.1148	-0.5514	0.3582	-0.5805
ENSMUSG00000022385	-0.3002	0.9195	0.8779	1.2645	1.6297	1.6747
ENSMUSG00000022391	-0.0058	-0.0360	-0.0356	0.2059	0.4751	-0.3420
ENSMUSG00000022394	0.3379	0.3609	0.2739	-0.0452	0.4190	0.2230
ENSMUSG00000022400	-0.3378	0.5122	0.4988	-0.5917	0.4971	0.4981
ENSMUSG00000022404	-0.2438	-0.0323	0.3937	0.2656	0.1550	-0.0966
ENSMUSG00000022407	-0.2909	0.0799	0.4083	-0.2524	-0.1609	0.2766
ENSMUSG00000022414	0.2406	-0.2112	0.1698	-0.0333	-0.1176	-0.0376
ENSMUSG00000022416	-0.1931	-0.1079	-0.1460	0.9540	0.0497	-0.1151
ENSMUSG00000022419	-0.3142	0.0412	-0.2357	0.1149	0.1793	-0.0456
ENSMUSG00000022420	0.3702	-0.2659	-0.0659	-0.4963	-0.1833	-0.0159
ENSMUSG00000022425	0.3931	-0.0817	-0.0026	-0.2418	-0.3385	-0.0672
ENSMUSG00000022428	-0.1632	-0.1294	0.0235	-0.5094	-0.1567	-0.5161
ENSMUSG00000022432	-0.0465	0.1056	0.2433	0.1229	0.1443	-0.3034
ENSMUSG00000022433	0.5781	-0.1419	-0.1698	-0.0904	0.1304	-0.2006
ENSMUSG00000022435	-0.2554	-0.2668	-0.2252	0.4247	0.0680	0.0227
ENSMUSG00000022437	0.3289	0.0618	0.1017	-0.2314	0.6097	-0.3483
ENSMUSG00000022438	-0.2549	0.0691	-0.0848	-0.2864	-0.4786	0.1554
ENSMUSG00000022439	-0.5069	0.2634	-0.7885	0.1629	0.2929	-0.4408
ENSMUSG00000022443	0.2214	-0.4238	0.1165	0.4530	-0.1024	-0.1196
ENSMUSG00000022445	0.5102	0.0663	0.3399	0.1136	0.1648	-0.0057
ENSMUSG00000022450	0.6533	-0.3950	-0.1500	-0.0436	-0.4389	0.1398
ENSMUSG00000022453	-0.1540	0.2564	-0.4976	-0.4050	0.1036	-0.3148
ENSMUSG00000022456	-0.6234	0.1683	-0.1353	-0.0021	0.1364	-0.0698
ENSMUSG00000022462	0.0898	-0.3762	0.1022	0.4740	-0.6271	0.0679
ENSMUSG00000022469	-0.0137	0.1789	-0.1035	-0.3730	-0.3361	0.0198
ENSMUSG00000022471	-0.2351	-0.0916	-0.1007	0.2639	-0.1326	-0.0250
ENSMUSG00000022474	0.0919	0.0068	0.1737	-0.4954	-0.0025	0.1550
ENSMUSG00000022475	0.2811	0.0627	-0.1242	0.3076	0.3504	0.0064
ENSMUSG00000022476	-0.4442	-0.1686	-0.3717	-0.1470	0.1754	0.4037
ENSMUSG00000022477	0.5319	0.0709	0.4126	-0.4542	-0.2421	-0.0412
ENSMUSG00000022479	-0.0558	0.2780	0.2357	-0.1115	0.4437	0.4670
ENSMUSG00000022483	0.2078	-0.0399	-0.0930	-0.1215	0.1425	0.0819
ENSMUSG00000022488	0.4881	-0.0970	0.4757	0.2382	0.1413	0.0380
ENSMUSG00000022489	0.4512	-0.0377	-0.2304	0.4131	0.2860	0.1216
ENSMUSG00000022490	0.2044	0.0721	-0.0069	0.0788	-0.5658	-0.6839
ENSMUSG00000022491	-0.1475	0.0587	-0.2433	0.3284	0.2577	0.0046
ENSMUSG00000022496	-0.4082	-0.5181	-0.4983	0.0179	-0.2412	-0.5943
ENSMUSG00000022500	0.0981	-0.1062	-0.2570	-0.7168	0.3126	-0.3050
ENSMUSG00000022504	0.2568	-0.9938	0.3993	-0.6643	0.3555	-0.3037
ENSMUSG00000022505	0.1795	-0.2024	0.0256	0.3398	-0.2684	0.1036
ENSMUSG00000022508	0.2560	-0.3635	-0.4299	-0.6140	-0.4748	-0.3137
ENSMUSG00000022510	0.8166	-0.6805	0.4049	-0.1893	0.2859	1.1102
ENSMUSG00000022512	1.6950	1.6823	2.4629	2.0530	2.2653	2.7472
ENSMUSG00000022514	-0.3087	-0.3522	-0.2161	0.0929	0.0022	0.5696
ENSMUSG00000022516	0.3574	0.0528	0.4049	0.0371	0.3709	-0.1021
ENSMUSG00000022517	0.0533	0.3420	0.8275	0.0955	0.1185	-0.5142
ENSMUSG00000022521	0.8838	-0.1282	0.8126	0.4197	-0.3435	0.0325
ENSMUSG00000022528	-0.5549	-1.0828	-0.4272	-0.9449	-0.7901	-0.9501
ENSMUSG00000022534	-0.2315	-0.2665	-0.0831	-0.0358	0.1491	-0.3234
ENSMUSG00000022538	-0.0171	-0.2602	0.1904	-0.0209	0.4335	0.0418
ENSMUSG00000022542	0.1384	-0.1479	-0.1309	0.2876	-0.0928	-0.3658
ENSMUSG00000022545	-0.0058	-0.0958	-0.4742	-0.5024	-0.2844	0.1814
ENSMUSG00000022546	0.5887	-0.1393	0.0106	0.4901	-0.6389	0.5192
ENSMUSG00000022551	-0.0534	0.0378	0.0630	0.4468	0.5343	-0.0522
ENSMUSG00000022552	0.2769	0.1272	0.3024	0.1037	0.0900	-0.1567
ENSMUSG00000022555	-0.1206	-0.2879	0.3103	0.6044	-0.0836	-0.1294
ENSMUSG00000022556	0.1300	-0.1781	0.2449	-0.3706	-0.1392	-0.4100
ENSMUSG00000022561	-0.0854	0.7367	-0.1623	0.3301	0.2811	-0.5115
ENSMUSG00000022562	0.6217	0.3126	-0.1218	0.2721	0.2000	0.5485
ENSMUSG00000022565	0.4320	-0.1182	-0.0203	0.1619	0.3369	-0.0339
ENSMUSG00000022568	0.1519	0.0146	0.1705	-0.1342	-0.3722	-0.5689
ENSMUSG00000022570	0.5392	0.0219	0.3525	0.0569	0.1462	0.5878
ENSMUSG00000022571	0.2726	0.3245	-0.2704	-0.0263	0.2749	-0.0091
ENSMUSG00000022574	-0.2605	-0.9643	0.3358	0.2766	-0.1871	0.3980
ENSMUSG00000022575	0.1000	-0.0881	0.3097	-0.1278	0.0630	0.2174
ENSMUSG00000022589	-0.1354	0.4501	-0.0893	-0.5955	0.1116	-0.0187
ENSMUSG00000022594	-0.1256	0.9742	0.2194	-0.2100	-0.4254	0.0481
ENSMUSG00000022596	0.2713	0.0790	0.1682	-0.0306	0.0597	0.3653
ENSMUSG00000022602	-0.1805	-0.3809	0.0427	-1.0878	-0.3402	0.6175
ENSMUSG00000022607	0.3879	-0.1097	-0.3455	0.0217	-0.2442	-0.1840
ENSMUSG00000022610	-0.3763	-0.3707	-0.6609	0.1609	-0.1463	0.2295
ENSMUSG00000022613	-0.6237	-0.1650	-0.0240	0.4232	0.1620	-0.3113
ENSMUSG00000022615	0.0448	-0.1629	0.1502	0.7371	-0.5464	-0.4210
ENSMUSG00000022617	-0.4398	0.1117	-0.1121	-0.4390	-0.6665	0.6302
ENSMUSG00000022619	0.0963	-0.4047	0.2027	0.2637	-0.2389	-0.6500
ENSMUSG00000022620	0.9187	1.6147	2.0477	2.4101	2.6074	2.3181
ENSMUSG00000022623	-0.1421	-0.0748	0.5667	-0.5109	0.3774	-0.3365
ENSMUSG00000022629	-0.0802	0.1051	-0.2942	-0.0816	0.9004	-0.1401
ENSMUSG00000022634	0.2221	0.6514	-0.3008	-0.0440	0.9002	0.4480
ENSMUSG00000022636	0.3730	0.2324	-0.2777	0.3464	0.2246	-0.0897
ENSMUSG00000022637	0.7090	-0.0054	-0.2160	-0.3080	-0.2785	0.0812
ENSMUSG00000022656	0.0695	0.0033	-0.2931	0.6870	0.0154	0.3492
ENSMUSG00000022657	0.4529	0.1297	0.1502	0.1088	0.1130	0.6475
ENSMUSG00000022663	-0.1143	0.3885	-0.1110	-0.2452	-0.4587	0.1081
ENSMUSG00000022667	0.1128	0.0963	0.3085	0.6840	0.0710	0.2019
ENSMUSG00000022672	-0.1919	0.0019	-0.2123	0.4556	-0.2207	0.8627
ENSMUSG00000022673	0.3096	0.1274	-0.0682	-0.0601	-0.5017	-0.3172
ENSMUSG00000022676	0.1623	-0.1434	0.1895	-0.2701	0.1479	-0.2965
ENSMUSG00000022679	-0.1014	-0.6511	0.0755	0.1810	-0.0490	-0.2803
ENSMUSG00000022683	0.0735	-0.1745	-0.0986	0.4544	-0.1454	0.0426
ENSMUSG00000022685	-0.0366	0.6395	0.1483	0.0516	-0.2941	-0.1482
ENSMUSG00000022686	-0.4605	0.1060	-0.2424	-0.2908	0.0631	0.1345
ENSMUSG00000022687	0.5222	0.3943	-0.3376	-0.3210	0.0271	0.1980
ENSMUSG00000022705	0.2088	-0.0113	0.1877	-0.4844	0.1577	-0.2078
ENSMUSG00000022706	-0.3685	-0.2310	-0.2515	-0.2010	-0.1261	-0.1999
ENSMUSG00000022707	0.1605	-0.0989	0.5246	-0.0993	0.0275	-0.1416
ENSMUSG00000022710	0.0922	-0.2535	0.2565	-0.3629	-0.1103	-0.4665
ENSMUSG00000022711	0.6151	0.0479	-0.2763	0.2060	-0.2491	0.2471
ENSMUSG00000022742	0.3007	0.0234	-0.1462	0.0194	0.0632	0.3353
ENSMUSG00000022747	1.0076	0.1703	1.1489	1.0849	1.5092	0.8820
ENSMUSG00000022751	0.1961	-0.0531	0.4548	-0.3851	-0.0605	-0.3098
ENSMUSG00000022752	0.0659	-0.2160	-0.1021	0.0208	0.6388	-0.2134
ENSMUSG00000022753	0.2218	-0.1398	-0.1441	0.1366	-0.6479	0.0067
ENSMUSG00000022757	0.0958	0.3316	-0.2833	0.1862	-0.1188	0.0713
ENSMUSG00000022758	0.4194	0.1120	-0.6656	-0.5141	-0.4616	0.5712
ENSMUSG00000022762	0.2960	-0.0521	0.1605	0.3107	0.1300	-0.2641
ENSMUSG00000022765	-0.2260	0.2215	0.2147	-0.0147	-0.0046	-0.2306
ENSMUSG00000022766	-0.0849	0.9412	-0.2061	0.1981	-0.1778	0.1810
ENSMUSG00000022770	-0.1803	0.0860	0.6009	0.4428	0.2675	-0.1808
ENSMUSG00000022771	-0.0019	0.2883	0.2796	0.0165	-0.0888	0.0730
ENSMUSG00000022774	-0.5744	-0.0169	0.3058	-0.5096	0.1424	-0.1981
ENSMUSG00000022779	-0.3049	0.4305	-0.7091	0.3112	-0.0964	0.2851
ENSMUSG00000022781	-0.1351	-0.1568	-0.0690	0.1014	1.0254	0.1096
ENSMUSG00000022789	0.0736	-1.1602	-0.3457	0.1454	-0.7045	-0.1828
ENSMUSG00000022790	-0.0672	0.3590	0.1747	-0.1309	0.3551	-0.2478
ENSMUSG00000022792	1.4385	1.2729	1.8345	2.3087	1.5517	2.5223
ENSMUSG00000022793	-0.1099	0.0603	-1.0670	0.1298	-0.1617	-0.0182
ENSMUSG00000022797	-0.1794	-0.5206	0.0875	-0.2668	-0.3538	-0.1964
ENSMUSG00000022803	0.2782	-0.1529	0.2311	-0.0492	-0.2008	-0.4319
ENSMUSG00000022808	-0.3910	-0.2251	-0.5234	-0.3618	-0.4842	0.0756
ENSMUSG00000022812	-0.1228	-0.1552	0.5528	-0.5856	0.0874	0.2100
ENSMUSG00000022814	0.8994	1.0217	0.9523	0.8583	0.9332	1.1149
ENSMUSG00000022817	-0.0334	-0.4935	-0.0223	0.1184	-0.1686	0.3143
ENSMUSG00000022820	0.1694	0.4307	-0.8184	0.2828	0.0459	0.1722
ENSMUSG00000022821	0.0508	-0.7299	-0.0619	0.0474	0.1911	0.0704
ENSMUSG00000022822	-1.3929	-1.5519	-2.3704	-1.3062	-2.1284	-2.5639
ENSMUSG00000022828	0.3098	-0.0775	-0.0393	0.5457	-0.3155	0.1330
ENSMUSG00000022831	-0.0165	0.0992	0.0257	0.2318	0.0160	0.3071
ENSMUSG00000022836	0.0146	-0.3540	-0.2757	-0.0334	-0.3478	-0.4023
ENSMUSG00000022840	0.2056	-0.2582	0.3250	-0.2531	-0.1383	-0.1540
ENSMUSG00000022841	0.0123	0.1232	0.3493	-0.1177	-0.5484	0.0143
ENSMUSG00000022843	0.2392	-0.1723	-0.7204	0.4580	-0.0287	-0.2773
ENSMUSG00000022847	0.1189	-0.6742	0.5326	0.1311	0.0236	0.1900
ENSMUSG00000022853	-0.1342	-0.2178	0.4257	0.4355	-0.2595	-0.5981
ENSMUSG00000022855	-0.1937	0.1656	-0.1826	-0.0227	0.4922	0.3552
ENSMUSG00000022858	0.4431	0.0634	-0.3640	0.6915	-0.0921	0.1574
ENSMUSG00000022861	0.2604	-0.1370	-0.0164	0.1321	-0.2581	-0.0704
ENSMUSG00000022863	0.0052	-0.5655	-0.1558	-0.0974	0.3695	-0.2065
ENSMUSG00000022865	-0.5141	-0.1577	-0.3340	-0.2562	-0.2256	0.4411
ENSMUSG00000022867	-0.1773	-0.1264	-0.2322	0.5654	0.1901	-0.2416
ENSMUSG00000022875	-0.0762	0.8582	0.3454	0.2602	-0.3817	0.6101
ENSMUSG00000022878	-0.9124	-0.1924	-0.1553	-0.2761	0.0473	-0.6734
ENSMUSG00000022881	0.4122	0.0036	0.2199	0.3357	-0.3250	-0.3770
ENSMUSG00000022883	0.7395	0.0951	-0.1409	0.0817	-0.2267	0.4929
ENSMUSG00000022885	-0.5071	-0.7408	-0.8288	-0.4230	0.5336	-0.0076
ENSMUSG00000022887	-0.1088	0.3826	-0.4783	0.4182	-0.3946	0.3652
ENSMUSG00000022889	-0.0370	-0.0169	0.0722	0.1556	0.0801	0.0700
ENSMUSG00000022890	-0.1399	-0.6359	-0.0563	0.1432	0.1822	0.3742
ENSMUSG00000022892	0.2798	0.4530	-0.0450	-0.1196	-0.1376	-0.2772
ENSMUSG00000022895	0.6517	-0.2187	-0.0507	-0.1942	0.6241	-0.0730
ENSMUSG00000022901	0.1658	-0.4320	0.2481	-0.8331	-0.1634	0.0905
ENSMUSG00000022905	-0.2820	-0.3181	-0.1594	0.0642	-0.2336	-0.3580
ENSMUSG00000022912	0.0334	0.6539	-0.4569	0.2257	-0.3241	-0.5915
ENSMUSG00000022935	0.8966	0.2133	-0.1987	-0.1322	0.0268	-0.1511
ENSMUSG00000022940	0.5520	-0.4484	0.0787	0.0461	0.5731	0.5377
ENSMUSG00000022947	0.0900	0.6682	1.0433	0.6987	0.9805	1.9657
ENSMUSG00000022951	1.0869	1.0757	0.2520	1.4436	1.1012	1.0467
ENSMUSG00000022952	0.3482	0.0321	-0.0454	0.3600	0.3880	-0.7125
ENSMUSG00000022956	0.0696	-0.5319	0.1162	-0.1770	-0.0371	-0.6124
ENSMUSG00000022962	-0.1623	0.0152	0.9257	-0.0246	-0.8556	-0.4162
ENSMUSG00000022965	0.1460	0.2011	-0.2779	0.1268	0.2879	-0.0506
ENSMUSG00000022967	-0.3687	-0.4385	-0.6402	0.1389	0.7064	-0.3364
ENSMUSG00000022969	0.1448	0.3437	0.9291	-0.1624	0.3612	0.4064
ENSMUSG00000022971	-0.0687	-0.0194	-0.4656	-0.5111	0.1257	0.3734
ENSMUSG00000022973	0.1905	0.0819	0.1174	0.0359	-0.4175	-0.3288
ENSMUSG00000022982	0.6994	0.2413	0.2378	-0.4168	0.2410	0.4052
ENSMUSG00000022986	0.9228	1.1612	1.6335	2.0092	2.1660	3.0519
ENSMUSG00000022991	0.2450	0.3127	0.1916	-0.6309	0.0440	0.3627
ENSMUSG00000022994	0.3693	-0.1248	-0.1982	0.1208	-0.1756	-0.0913
ENSMUSG00000022995	0.0078	0.0097	-0.2430	-0.1405	0.2428	0.1309
ENSMUSG00000022996	-0.5402	-0.1437	-0.6796	0.2460	-0.2399	0.1107
ENSMUSG00000022997	0.0291	0.5383	0.5624	-0.0107	-0.0196	-0.0339
ENSMUSG00000023000	-0.1611	-0.3311	0.3059	0.1089	1.1504	-0.1100
ENSMUSG00000023004	0.0678	-0.1402	-0.3109	-0.2589	0.0084	-0.3795
ENSMUSG00000023007	0.2555	0.9413	1.1666	0.7782	1.3697	1.3558
ENSMUSG00000023008	-0.2151	-0.1137	0.4587	0.3205	-0.1189	0.2481
ENSMUSG00000023013	-0.1158	-0.3615	-0.2926	0.1282	-0.2445	0.3155
ENSMUSG00000023017	-0.4616	0.5084	0.4659	0.2761	0.2207	-0.4653
ENSMUSG00000023018	-0.2438	-0.2659	0.0019	-0.0942	0.4395	-0.3668
ENSMUSG00000023019	-0.0824	0.1374	-0.0558	-0.6458	-0.3558	0.5612
ENSMUSG00000023020	-0.7036	-0.8297	-1.2293	-0.9486	-1.2081	-1.2722
ENSMUSG00000023021	0.4460	0.2233	0.7647	-0.1675	-0.1969	-0.1976
ENSMUSG00000023027	-0.5175	-0.1310	0.7094	0.2005	0.2002	0.6701
ENSMUSG00000023030	0.4501	0.1207	-0.2251	0.0996	0.0244	-0.0187
ENSMUSG00000023033	-0.0338	0.4245	0.6297	0.2664	0.3624	-0.5585
ENSMUSG00000023034	0.3996	-0.3227	0.2282	0.1135	0.7268	-0.2182
ENSMUSG00000023039	-0.2866	-0.3571	-0.3075	0.1147	-0.6799	0.4594
ENSMUSG00000023041	-1.2420	-1.3438	-1.2503	-1.9000	-2.2398	-2.6365
ENSMUSG00000023043	-1.0405	-1.5937	-1.6438	-1.7704	-2.4932	-2.4242
ENSMUSG00000023044	0.3792	0.5866	0.6238	0.9063	1.5687	1.5380
ENSMUSG00000023045	0.5856	-0.4488	0.3839	-0.2070	-0.2878	-0.0363
ENSMUSG00000023047	0.3462	0.3014	-0.4804	-0.2399	0.5584	-0.1321
ENSMUSG00000023050	-0.0620	0.1363	0.4335	0.2713	0.3271	0.6000
ENSMUSG00000023052	0.2291	0.4189	-0.3066	0.4816	0.3076	-0.5787
ENSMUSG00000023057	-0.7826	0.0470	-0.2799	-0.5260	0.2837	-0.4033
ENSMUSG00000023067	0.2650	-0.2232	0.2551	0.0445	-0.1350	0.5560
ENSMUSG00000023068	0.0476	0.2825	-0.5415	-0.0714	-0.7720	0.2313
ENSMUSG00000023070	-0.0230	-0.0326	0.1920	-0.1350	0.4195	-0.0407
ENSMUSG00000023073	-0.2718	-0.1758	0.2644	-0.0646	-0.2248	0.5727
ENSMUSG00000023078	-0.0896	0.7346	0.2108	0.7013	0.6791	-0.1445
ENSMUSG00000023083	-0.2031	0.1896	-0.6897	-0.0326	0.3149	-0.3634
ENSMUSG00000023088	-0.3557	0.2681	0.0307	0.7960	-0.2810	-0.2809
ENSMUSG00000023089	0.8733	0.1385	-0.0444	-0.1580	-0.3111	-0.0230
ENSMUSG00000023092	0.0383	0.1717	-0.1016	-0.6272	-0.0844	-0.0243
ENSMUSG00000023104	-0.5246	-0.1524	-0.0708	-0.1492	0.8957	-0.0217
ENSMUSG00000023118	0.2455	0.1452	0.5947	-0.1791	-0.3490	-0.2398
ENSMUSG00000023120	0.1846	0.5149	0.2309	0.1784	0.2296	0.0821
ENSMUSG00000023132	-0.0386	-0.3734	-0.1385	-0.5356	-0.0208	-0.0261
ENSMUSG00000023143	-0.5983	-0.3325	-0.2910	0.2435	0.0307	0.4904
ENSMUSG00000023147	0.2382	-0.3308	-0.1078	-0.1111	0.2923	0.1903
ENSMUSG00000023169	0.0706	-0.2436	0.5288	0.3234	0.3067	-0.2799
ENSMUSG00000023170	0.3188	-0.0049	0.5878	0.0628	0.0476	0.3146
ENSMUSG00000023175	0.5454	0.4394	-0.4509	-0.3142	0.1548	-0.2416
ENSMUSG00000023192	0.1984	0.0185	0.2602	0.3036	0.4147	0.8853
ENSMUSG00000023206	1.1933	0.9787	0.9158	1.0927	1.1707	1.3835
ENSMUSG00000023224	0.1351	0.2149	-0.0418	-0.5780	-0.1559	0.0056
ENSMUSG00000023235	0.5252	-0.3630	1.1635	0.1207	0.0939	0.9690
ENSMUSG00000023243	0.4367	0.1912	0.0282	0.0564	-0.2454	0.3090
ENSMUSG00000023247	-0.1617	-0.5802	-0.2880	-0.1710	0.3665	0.2011
ENSMUSG00000023249	0.6308	-0.1258	-0.1690	0.3563	-0.1776	-0.2762
ENSMUSG00000023259	-0.4224	-0.3839	0.2058	-0.2042	0.4347	0.1958
ENSMUSG00000023262	-0.3182	-0.5240	0.0625	-0.6579	-0.2350	0.2264
ENSMUSG00000023267	0.3473	-0.1843	-0.0199	-0.1327	-0.0423	0.5344
ENSMUSG00000023274	-0.1052	0.1233	-0.1847	-0.4234	-0.6427	0.6936
ENSMUSG00000023279	0.3540	0.4802	-0.4012	-0.4569	-0.2061	-0.3542
ENSMUSG00000023286	-0.1967	0.6116	0.1229	0.1628	0.0511	0.4529
ENSMUSG00000023307	0.0907	0.4382	-0.2941	0.0414	0.2996	0.3453
ENSMUSG00000023328	-0.0066	0.0814	0.0265	-0.4403	-0.1660	-0.0958
ENSMUSG00000023333	-0.1575	0.2672	-0.2136	0.3791	-0.2784	0.1168
ENSMUSG00000023341	0.1960	0.5613	-0.2470	-0.2292	0.0798	0.2181
ENSMUSG00000023348	0.0250	-0.5252	0.7798	-0.0568	0.1267	0.6450
ENSMUSG00000023349	-0.2092	-0.0739	0.0509	0.2180	0.0347	0.0036
ENSMUSG00000023353	-0.0772	-0.3024	0.3000	0.0688	0.5393	0.2517
ENSMUSG00000023393	0.2403	0.5046	0.0777	0.3766	-0.1966	-0.1625
ENSMUSG00000023411	0.0154	-0.6811	0.4901	-0.2178	-0.0409	0.1555
ENSMUSG00000023433	0.2037	-0.1339	0.5119	0.0780	-0.3983	-0.0448
ENSMUSG00000023439	0.5024	0.5149	0.4139	0.1234	-0.5444	-0.2197
ENSMUSG00000023443	0.2184	0.2196	0.0114	-0.5499	0.0079	-0.4081
ENSMUSG00000023452	0.0334	0.2615	-0.1700	0.3577	0.4410	0.0453
ENSMUSG00000023456	-0.8274	0.0863	0.1422	0.4748	-0.5116	0.1246
ENSMUSG00000023484	-1.1451	-1.6426	-0.3126	-1.4097	-1.4983	-1.9025
ENSMUSG00000023723	-0.4629	-0.6874	-0.3226	-1.2037	-0.9040	-2.2553
ENSMUSG00000023781	-0.1561	-0.0383	-0.2751	-0.4249	-0.0974	-0.1186
ENSMUSG00000023791	-0.1920	0.2129	0.5075	-0.0455	-0.8580	0.2071
ENSMUSG00000023805	0.0237	-0.4035	0.5653	-0.0075	0.3549	-0.2878
ENSMUSG00000023809	-0.3843	0.4392	-0.1234	-0.4554	0.0994	0.5265
ENSMUSG00000023826	-0.2778	-0.2716	0.7282	-0.6690	-0.2726	0.1375
ENSMUSG00000023827	0.1112	0.2440	-0.3892	-0.7989	0.3219	-0.0250
ENSMUSG00000023828	-0.5059	0.4887	0.1984	-0.3178	-0.3208	-0.3474
ENSMUSG00000023829	-0.3521	-1.5137	-1.0259	-1.3007	-1.3076	-1.0662
ENSMUSG00000023830	0.2642	0.0300	0.2970	-0.0772	-0.3293	-0.1514
ENSMUSG00000023832	0.0947	-0.3570	-0.2785	0.0532	0.0157	-0.1449
ENSMUSG00000023845	0.7255	2.1469	1.4233	1.3879	2.2935	2.7525
ENSMUSG00000023861	0.5940	0.3120	0.2755	0.0239	0.7250	0.4686
ENSMUSG00000023868	0.1467	-0.2464	0.4693	-0.0721	-0.1913	-0.1705
ENSMUSG00000023883	0.1970	-0.1652	-0.4989	-0.1040	0.2389	0.4873
ENSMUSG00000023885	0.5201	1.2889	0.7707	1.1164	1.0631	1.7120
ENSMUSG00000023903	0.0486	0.2151	0.1329	-0.0921	0.1832	-0.0806
ENSMUSG00000023905	0.3332	-0.7950	-0.3164	0.1811	0.0554	0.5686
ENSMUSG00000023906	0.5082	-0.2073	-0.2566	0.2103	0.1800	0.1051
ENSMUSG00000023908	0.3911	0.6803	-0.3779	-0.3044	0.3402	0.6863
ENSMUSG00000023913	0.4822	0.2464	0.0628	-0.1388	0.2833	-0.0877
ENSMUSG00000023914	0.4130	-0.2601	-0.0696	-0.2090	0.5856	0.3387
ENSMUSG00000023915	-0.7165	0.3094	-0.3479	-0.4452	-0.3004	-0.3329
ENSMUSG00000023921	-0.4176	0.5344	0.0628	-0.1266	0.4286	-0.2774
ENSMUSG00000023932	0.3630	-0.9073	0.1245	-0.7030	-0.2950	0.0126
ENSMUSG00000023938	1.6952	1.0877	2.4505	2.0139	2.1032	1.5976
ENSMUSG00000023939	-0.1020	0.3722	-0.2799	0.1305	0.2625	-0.3991
ENSMUSG00000023940	0.8537	0.0924	-0.1966	0.3536	-0.1062	-0.1690
ENSMUSG00000023942	0.7474	-0.0351	-0.3114	0.0248	-0.4234	0.3138
ENSMUSG00000023944	0.4692	-0.2732	-0.6532	0.0214	-0.4825	-0.4347
ENSMUSG00000023945	0.3341	0.3219	0.7999	0.2865	-0.4642	-0.4016
ENSMUSG00000023947	0.2104	0.5446	-0.0693	0.0712	-0.0704	0.4575
ENSMUSG00000023951	0.2996	-0.6011	0.4726	-0.0549	0.1431	0.2578
ENSMUSG00000023953	-0.7209	0.9624	0.3022	-0.0066	-0.2684	-1.0412
ENSMUSG00000023961	-0.4023	-0.1163	-0.8893	0.4766	-0.1851	0.4325
ENSMUSG00000023963	-0.7789	-1.5470	-1.5839	-2.2368	-2.7272	-2.3026
ENSMUSG00000023964	-0.3054	-0.5104	0.3057	0.0265	-0.1210	-0.3145
ENSMUSG00000023967	0.2611	0.0201	-0.5103	0.3265	-0.0450	0.2080
ENSMUSG00000023979	0.3255	0.0519	0.3744	-0.1030	0.3392	-0.1507
ENSMUSG00000023980	0.0272	-0.1090	0.0085	0.2506	0.1759	0.2347
ENSMUSG00000023982	0.2158	-0.1884	-1.1238	-0.0592	-0.0169	-0.5666
ENSMUSG00000023990	-0.1056	0.1147	0.3743	0.6150	0.4649	-0.1350
ENSMUSG00000023992	-0.5468	0.1431	0.0115	-0.5965	0.2587	0.0341
ENSMUSG00000023994	0.3529	0.0515	0.2835	-0.0704	-0.0648	0.4563
ENSMUSG00000023999	-0.5126	0.7169	-0.5799	0.1168	0.4551	-0.3657
ENSMUSG00000024007	-0.7282	0.7463	0.0767	-0.0354	-0.4105	0.4214
ENSMUSG00000024014	0.2975	0.6200	-0.1659	-0.3714	0.1810	0.2542
ENSMUSG00000024026	0.2170	0.0886	-0.3785	0.0145	-0.3800	-0.1373
ENSMUSG00000024027	0.2161	-0.5398	0.5135	-0.4065	-0.0189	-0.0798
ENSMUSG00000024030	1.7576	1.6403	1.1636	1.6787	2.2411	2.6440
ENSMUSG00000024032	0.3693	0.7087	-0.1201	-0.1764	0.1243	0.1747
ENSMUSG00000024038	1.1427	0.5825	1.3624	1.2599	0.7459	0.8242
ENSMUSG00000024039	0.4022	0.1692	0.2976	0.2389	0.0578	0.5510
ENSMUSG00000024041	0.0598	-0.0892	0.7819	0.4148	-0.5643	0.8341
ENSMUSG00000024042	-0.7632	-0.3923	0.5298	-0.1223	-0.4448	0.4655
ENSMUSG00000024044	-0.0532	0.3464	0.3194	-0.2256	-0.0244	0.5984
ENSMUSG00000024048	0.5037	0.3365	-0.0158	0.0945	0.3059	0.0137
ENSMUSG00000024049	-0.2237	0.1893	-0.2411	0.1517	0.3784	-0.5781
ENSMUSG00000024052	-0.2978	-0.1036	0.0567	-0.2322	0.0523	-0.0660
ENSMUSG00000024056	0.2586	0.6374	0.3083	0.1580	-0.0656	-0.6572
ENSMUSG00000024064	0.5154	0.1623	0.0874	-0.6203	-0.3979	-0.3092
ENSMUSG00000024065	1.0066	-0.1439	0.1825	0.3497	0.0415	-0.1088
ENSMUSG00000024066	-0.1952	-0.2448	0.5197	-0.3251	0.1198	0.2917
ENSMUSG00000024070	0.1393	0.2369	-0.0404	-0.1834	-0.3255	-0.3705
ENSMUSG00000024073	0.4771	-0.2289	0.4830	-0.3372	-0.4332	-0.3122
ENSMUSG00000024079	-0.4721	-1.2006	-0.8450	-0.3053	-1.7473	-1.9330
ENSMUSG00000024082	-0.2896	-0.6800	-0.1472	0.1429	-0.3194	-0.2747
ENSMUSG00000024085	-0.7642	-0.6618	-0.2581	-0.1330	-0.1453	-0.0445
ENSMUSG00000024087	0.0909	-0.6694	-0.5446	0.1427	-0.1767	-0.2557
ENSMUSG00000024091	0.0691	0.2251	-0.0595	0.2097	-0.2562	-0.5594
ENSMUSG00000024096	0.2441	0.1093	-0.3648	0.1853	-0.2577	-0.0599
ENSMUSG00000024097	0.4249	-0.4905	-0.3914	-0.0264	0.1699	0.2685
ENSMUSG00000024099	-0.0988	-0.4536	-0.3732	-0.0761	0.3142	-0.3405
ENSMUSG00000024101	-0.1858	0.0139	-0.3948	-0.6844	0.1575	-0.2142
ENSMUSG00000024104	0.3283	0.6135	0.1526	0.3286	0.6575	0.2162
ENSMUSG00000024107	0.0389	-0.1036	-0.7280	-0.3800	0.1175	-0.3691
ENSMUSG00000024109	0.8103	-0.0299	-0.3926	-0.0362	-0.0795	0.0932
ENSMUSG00000024112	0.1737	-0.2616	0.0927	-0.2035	-0.0603	-0.2345
ENSMUSG00000024121	0.0357	-0.2558	0.4539	-0.1267	-0.4024	0.5578
ENSMUSG00000024122	0.0881	-0.3055	-0.0930	0.2648	0.0564	0.1591
ENSMUSG00000024130	1.9705	1.4761	1.8624	2.2980	2.0183	2.9178
ENSMUSG00000024131	0.8106	0.2348	-0.2837	-0.0596	0.4833	0.5549
ENSMUSG00000024132	-0.0239	0.0429	0.1696	0.7075	0.4425	-0.3666
ENSMUSG00000024140	-0.0429	0.1991	-0.1423	-0.6482	0.2907	-0.6398
ENSMUSG00000024142	0.8160	0.1359	-0.0344	-0.1302	0.1303	0.1763
ENSMUSG00000024143	-0.3797	-0.4847	0.1867	-0.0668	-0.6316	0.2890
ENSMUSG00000024145	0.0516	0.3943	-0.2407	0.4745	0.4016	-0.0519
ENSMUSG00000024151	-0.0135	-0.2647	0.5144	-0.2513	-0.6685	0.6881
ENSMUSG00000024154	0.3239	-0.2915	0.1090	0.7260	-0.0200	-0.1660
ENSMUSG00000024158	0.3436	0.2122	0.0242	-0.5695	-0.1772	0.3859
ENSMUSG00000024163	0.2250	-0.4206	-0.0081	0.0979	-0.0959	-0.3319
ENSMUSG00000024164	-0.3849	0.4445	-0.1995	0.3065	0.2297	-0.2064
ENSMUSG00000024170	-0.0400	-0.0533	0.2930	0.1036	0.1389	-0.0565
ENSMUSG00000024172	-0.1801	0.2939	0.6862	-0.2868	0.2394	0.1656
ENSMUSG00000024173	0.3340	-0.2970	0.0507	-0.3768	0.1382	0.2843
ENSMUSG00000024177	-0.1278	-0.1497	-0.0909	-0.1650	-0.4321	-0.0708
ENSMUSG00000024181	0.3835	-0.2347	0.7714	0.2460	0.2311	0.0813
ENSMUSG00000024182	-0.1703	0.1636	0.2745	0.4397	-0.2253	-0.2018
ENSMUSG00000024190	-0.4262	-0.2201	0.1860	0.4766	-0.5455	0.2941
ENSMUSG00000024191	-0.1058	-0.2716	0.0556	0.9216	0.2239	-0.3414
ENSMUSG00000024193	-0.3626	-0.0752	-0.0234	0.3849	0.2758	0.3040
ENSMUSG00000024207	-0.0662	0.2574	-0.2150	0.1040	-0.0410	-0.4000
ENSMUSG00000024209	-0.2556	-0.2467	0.3344	-0.0889	-0.2323	0.3049
ENSMUSG00000024210	-0.2702	-1.1078	-0.8519	-0.9779	-1.3204	-2.0345
ENSMUSG00000024211	-0.7954	0.0120	-0.0849	0.2702	0.0669	-0.0099
ENSMUSG00000024212	-0.1178	-0.2338	0.2963	0.9867	-0.1400	0.0366
ENSMUSG00000024217	0.4990	-0.0243	-0.0949	0.1795	0.3305	-0.3189
ENSMUSG00000024218	0.0650	-0.1886	-0.2709	0.2070	-0.0367	0.5648
ENSMUSG00000024220	1.0732	1.6942	1.2342	2.2282	2.1671	2.4187
ENSMUSG00000024222	-0.1106	0.6253	0.1021	0.9408	0.3343	-0.0387
ENSMUSG00000024225	-0.0036	-0.2994	-0.4710	0.0550	0.1728	0.4118
ENSMUSG00000024228	0.4435	-0.0679	0.0135	0.1737	0.1321	0.6429
ENSMUSG00000024231	-0.6576	-0.4545	-0.3646	0.5188	0.1830	0.1654
ENSMUSG00000024232	-0.5133	-0.5633	-0.5641	-0.8199	-1.2296	-0.9066
ENSMUSG00000024235	0.3272	0.0749	0.5844	-0.3312	0.1742	0.0815
ENSMUSG00000024238	0.3680	0.7683	-0.4001	-0.3593	0.6393	-0.3867
ENSMUSG00000024240	0.0825	-0.2742	-0.2990	-0.0627	-0.0580	0.8016
ENSMUSG00000024241	0.1540	0.4212	-0.2202	0.2851	-0.5040	0.1920
ENSMUSG00000024242	0.7479	0.2496	0.2610	-0.6061	-0.2558	0.3336
ENSMUSG00000024248	0.0477	0.0633	-0.1162	-0.4081	0.3278	-0.2881
ENSMUSG00000024253	-0.1278	0.0734	-0.0998	0.0084	-0.2327	-0.1474
ENSMUSG00000024254	1.7235	1.8709	1.3841	2.6361	1.5293	2.0726
ENSMUSG00000024256	-0.2739	0.4355	-0.1796	0.0509	-0.2104	0.1750
ENSMUSG00000024258	0.1763	-0.0529	-0.3121	-0.1530	0.4514	-0.4748
ENSMUSG00000024270	-0.1604	-0.1670	-0.1766	0.2628	0.2071	-0.6184
ENSMUSG00000024287	0.3704	0.0654	0.5053	0.0746	-0.0507	0.2955
ENSMUSG00000024290	-0.3489	0.8467	0.1064	0.0098	-0.2881	0.4228
ENSMUSG00000024293	-0.4088	0.7085	-0.6522	-0.2867	0.2623	0.6182
ENSMUSG00000024294	-0.0099	-0.1995	-0.1190	0.1467	-0.1853	0.1147
ENSMUSG00000024300	0.7772	1.0953	1.4555	0.6280	0.7520	1.6018
ENSMUSG00000024301	0.1227	-0.5865	-0.2002	-0.0036	-0.0538	-0.4302
ENSMUSG00000024302	0.1415	0.0887	-0.8721	-0.7901	-0.2385	0.0586
ENSMUSG00000024304	-0.1478	-0.5735	-0.5949	0.0058	0.0315	-0.2369
ENSMUSG00000024308	-0.2679	0.6945	-0.2022	0.2335	-0.3275	-0.3536
ENSMUSG00000024313	0.7280	-0.5800	0.3808	-0.3350	-0.3309	-0.6639
ENSMUSG00000024325	-0.0820	-0.4312	0.2349	-0.2353	0.0578	-0.1019
ENSMUSG00000024327	-0.5162	1.1340	0.3260	0.2784	-0.1124	0.0725
ENSMUSG00000024330	-0.1580	-0.0614	-0.0818	0.1646	0.2490	-0.0190
ENSMUSG00000024331	0.1136	-0.5064	-0.1905	0.4737	-0.6052	0.3198
ENSMUSG00000024334	-0.5222	-0.1618	-0.0613	0.2222	-0.1910	-0.6316
ENSMUSG00000024338	-0.2132	-0.6222	-0.0984	0.6236	0.2959	0.5483
ENSMUSG00000024339	1.1649	1.4672	1.7862	1.2600	2.5130	3.0226
ENSMUSG00000024347	0.3489	-0.0466	0.0763	0.2167	0.6157	-0.0512
ENSMUSG00000024349	-0.2389	-0.0909	0.0137	0.6520	-0.3944	-0.1423
ENSMUSG00000024354	0.6616	-0.0478	0.1750	0.1581	0.2891	-0.6189
ENSMUSG00000024357	-0.2856	0.7680	0.7371	-0.2519	0.0371	0.8524
ENSMUSG00000024359	-0.0966	-0.0616	-0.2755	0.3581	-0.0381	-0.0968
ENSMUSG00000024360	0.7902	-0.2021	0.1212	-0.1021	0.1917	0.1551
ENSMUSG00000024365	0.4086	-0.1860	-0.1746	-0.3835	-0.5104	0.4546
ENSMUSG00000024369	0.2077	0.8795	-0.0001	0.7936	-0.0727	0.2059
ENSMUSG00000024370	-0.1948	-0.0838	-0.3216	-0.4203	0.0628	-0.3605
ENSMUSG00000024371	0.1953	-0.0987	0.1626	0.1319	0.1033	0.6660
ENSMUSG00000024379	-0.1407	0.1284	0.0898	0.3948	-0.4136	-0.5774
ENSMUSG00000024381	0.4858	0.2684	-0.2922	-0.3214	-0.2319	0.4561
ENSMUSG00000024382	0.6051	-0.0451	0.2413	-0.4610	0.2139	-0.0217
ENSMUSG00000024383	-0.5336	0.1148	-0.3506	0.1707	0.3144	-0.1342
ENSMUSG00000024386	0.3356	0.1362	0.4151	0.0170	-0.3212	-0.1572
ENSMUSG00000024387	0.4575	-0.7672	-0.2323	0.1672	0.5371	-0.0026
ENSMUSG00000024388	-0.3341	0.2563	-0.3371	-0.2702	-0.1240	-1.0461
ENSMUSG00000024392	-0.5529	0.5397	-0.0918	-0.4416	0.6806	-0.2107
ENSMUSG00000024399	0.9622	0.0677	-0.3743	-0.3473	-0.0593	-0.3035
ENSMUSG00000024400	0.0611	0.1774	-0.2313	-0.1189	-0.1994	-0.0519
ENSMUSG00000024401	0.4258	-0.3217	-0.1250	0.3469	-0.2712	0.3240
ENSMUSG00000024402	-0.1257	0.3477	-0.5505	-0.6431	0.2795	0.1218
ENSMUSG00000024403	0.4193	-0.4222	0.1083	0.0561	-0.0767	-0.2682
ENSMUSG00000024406	-0.1263	-0.5225	-0.0977	-0.6170	0.0620	0.5649
ENSMUSG00000024411	0.0916	0.3867	-0.4059	0.2513	-0.1787	0.5676
ENSMUSG00000024413	0.0069	-0.6201	-0.2218	0.2098	-0.4637	0.4711
ENSMUSG00000024414	0.2154	-0.4840	0.5216	0.1282	0.1835	-0.0309
ENSMUSG00000024421	-1.5570	-0.8233	-2.6533	-1.9763	-2.3066	-1.9506
ENSMUSG00000024422	-0.0024	0.3322	0.3430	-0.2434	-0.2488	-0.4504
ENSMUSG00000024431	0.7249	-0.0010	-0.1109	0.5159	0.2408	0.1017
ENSMUSG00000024436	-0.2890	0.0671	-0.4593	-0.4187	-0.4158	-0.0045
ENSMUSG00000024448	-0.0381	-0.0890	-0.5048	-0.1662	-0.1699	-0.1672
ENSMUSG00000024451	0.2537	0.5627	-0.4950	-0.7901	-0.0669	0.1455
ENSMUSG00000024454	0.3161	0.1314	1.5229	0.8200	1.0310	1.2940
ENSMUSG00000024456	-0.1325	-0.0975	-0.5305	0.3866	-0.0207	-0.4896
ENSMUSG00000024459	-0.0863	0.5125	-0.6286	0.5111	0.0102	0.1844
ENSMUSG00000024462	0.0663	0.3051	-0.3195	-0.3203	0.3709	0.5257
ENSMUSG00000024471	0.0329	0.4830	0.0941	-0.1078	-0.1794	-0.1845
ENSMUSG00000024472	0.3095	-0.1388	0.6760	0.6273	0.1806	-0.6238
ENSMUSG00000024480	-0.9400	0.2270	0.2529	-0.7648	0.1483	-0.2940
ENSMUSG00000024486	0.1962	-0.1260	-0.3237	-0.3533	0.1306	-0.4247
ENSMUSG00000024493	1.2426	1.1183	1.8408	2.6957	2.3167	2.5732
ENSMUSG00000024498	0.1509	-0.0225	-0.0259	-0.2262	0.3438	-0.3413
ENSMUSG00000024500	1.3178	0.9940	1.9338	2.2385	1.8358	2.5484
ENSMUSG00000024507	1.4807	1.3279	1.2437	2.2444	2.0599	2.7541
ENSMUSG00000024510	0.4213	-0.6576	-0.3330	-0.0989	0.6495	-0.0817
ENSMUSG00000024511	0.1775	-0.1636	0.0124	-0.4532	-0.3248	-0.1786
ENSMUSG00000024513	0.4761	0.1853	0.4816	-0.0832	-0.4019	0.5294
ENSMUSG00000024515	-0.8768	-0.0334	0.1840	-0.1603	0.0848	-0.7283
ENSMUSG00000024516	0.2160	-1.1773	-0.4278	0.4819	0.3665	0.0516
ENSMUSG00000024517	0.4273	0.3092	-0.3356	-0.0378	-0.9274	0.1823
ENSMUSG00000024519	-0.3594	0.9419	0.3679	-0.3389	-0.5160	0.5447
ENSMUSG00000024521	-0.1488	-0.1735	0.4199	0.2672	-0.2177	-0.1521
ENSMUSG00000024524	0.2849	0.5850	-0.3967	-0.2074	0.1777	-0.3062
ENSMUSG00000024525	0.2938	0.4039	-0.3618	-0.0258	-0.1713	0.2768
ENSMUSG00000024526	0.3465	-0.1696	-0.5077	0.1575	0.3024	-0.5167
ENSMUSG00000024527	0.2122	0.6508	1.0353	1.1385	1.1449	1.0996
ENSMUSG00000024534	0.0567	-0.0400	-0.2623	-0.1654	-0.7252	-0.1477
ENSMUSG00000024539	0.4128	0.5688	-0.5002	0.0883	0.3859	-0.0201
ENSMUSG00000024553	0.1950	0.1659	-1.0122	0.3802	-0.0573	-0.2998
ENSMUSG00000024556	0.0906	0.5155	0.8521	0.0712	0.2675	0.5708
ENSMUSG00000024558	0.1879	0.1249	-0.4554	0.1544	0.0355	-0.3239
ENSMUSG00000024563	0.0141	-0.2555	-0.3884	-0.4760	0.1367	0.0469
ENSMUSG00000024571	0.1467	0.5199	0.2829	-0.5561	-0.9415	-0.1630
ENSMUSG00000024575	-0.0504	0.5389	0.3449	-0.2139	0.1997	0.2559
ENSMUSG00000024576	0.0062	0.0826	-0.0328	0.2145	-0.3610	0.0092
ENSMUSG00000024578	-0.3395	0.0072	0.0366	-0.0878	0.0360	-0.8412
ENSMUSG00000024587	-1.1698	-1.6108	-1.8373	-1.9167	-2.8770	-2.0029
ENSMUSG00000024588	0.1767	0.4767	-0.3161	1.0294	-0.2980	-0.3488
ENSMUSG00000024589	-0.4014	-0.3635	-0.0423	-0.0943	-0.1621	-0.4278
ENSMUSG00000024590	-0.1370	0.4914	-0.1792	-0.2240	-0.2131	-0.1902
ENSMUSG00000024593	-0.0371	-0.0122	-0.0499	0.6659	0.3185	0.3603
ENSMUSG00000024597	0.0499	-0.2624	-0.2922	-0.3393	0.2280	0.2456
ENSMUSG00000024598	-0.3883	-0.4619	-0.2885	-0.2226	0.1091	0.5006
ENSMUSG00000024600	-1.2043	-0.4329	-0.4802	-0.0476	-0.0987	0.4444
ENSMUSG00000024603	-0.4242	0.0843	0.0555	-0.1784	0.4255	0.2267
ENSMUSG00000024604	-0.1571	0.5994	0.4071	0.0906	0.2960	0.1904
ENSMUSG00000024608	0.1760	-0.4228	0.1873	0.0624	0.3417	0.5497
ENSMUSG00000024610	-0.6624	-0.2496	0.5202	-0.1252	0.6376	0.0661
ENSMUSG00000024613	0.8041	0.0489	-0.7208	-0.1830	-0.6893	-0.3730
ENSMUSG00000024617	-0.3561	-0.7245	0.4938	-0.0626	0.0745	0.2320
ENSMUSG00000024620	0.3842	-0.1786	-0.1169	-0.2791	-0.3039	-0.0621
ENSMUSG00000024621	0.0179	0.1032	-0.2115	0.0166	0.2001	0.2652
ENSMUSG00000024639	-0.1179	-0.5156	0.2940	0.1020	0.3928	0.2108
ENSMUSG00000024640	-0.1343	-0.2704	0.0139	-0.2364	0.1933	-0.5875
ENSMUSG00000024642	-0.2201	0.6548	-0.5059	0.1936	0.2848	0.1840
ENSMUSG00000024644	0.3941	-0.5268	0.2374	-0.3280	0.1318	0.4935
ENSMUSG00000024650	0.3641	0.0425	-0.7454	0.0177	-0.2541	-0.0514
ENSMUSG00000024654	0.3968	-0.2065	0.0745	-0.1655	-0.0719	0.1322
ENSMUSG00000024661	-0.1042	0.0635	0.0750	-0.0475	-0.0771	0.2353
ENSMUSG00000024665	0.0766	-0.0114	0.0976	0.2853	0.5105	0.0068
ENSMUSG00000024669	0.0531	0.0668	0.0110	0.8548	0.2731	0.5683
ENSMUSG00000024670	-0.2784	-0.0639	0.2022	-0.5496	-0.5102	0.3018
ENSMUSG00000024673	0.6634	-0.0310	-0.2179	0.3477	0.1267	0.1644
ENSMUSG00000024680	0.2586	0.2221	0.1772	0.2967	0.2674	-0.1820
ENSMUSG00000024682	1.2755	1.9760	1.8848	1.3729	1.8092	2.4513
ENSMUSG00000024683	-0.1314	0.0752	0.1603	-0.2661	0.7662	0.5317
ENSMUSG00000024697	0.0601	-0.2601	0.5884	0.2009	0.1962	0.0427
ENSMUSG00000024712	-0.0484	0.1825	-0.2866	0.5164	-0.3106	-0.0060
ENSMUSG00000024726	-0.3992	-0.1402	0.3861	0.2774	0.1387	-0.5606
ENSMUSG00000024727	-0.0162	-0.3095	-0.0495	0.4526	0.5449	0.2207
ENSMUSG00000024735	0.4570	-0.1589	0.1547	-0.2321	0.0030	-0.1990
ENSMUSG00000024738	0.4265	0.0718	0.0428	-0.0514	0.6073	-0.8758
ENSMUSG00000024740	-0.4461	-0.2494	0.1114	0.2416	-0.0118	0.5219
ENSMUSG00000024742	-0.2475	0.7251	0.3420	0.0873	0.3995	-0.0056
ENSMUSG00000024747	0.6292	0.7064	0.8211	0.9866	1.0752	1.3689
ENSMUSG00000024758	-0.0842	-0.0100	-0.0825	-0.2644	-0.2297	-0.6202
ENSMUSG00000024768	-0.8501	-0.6427	-0.2096	-1.0302	-1.3645	-1.0399
ENSMUSG00000024772	-0.5607	-0.8540	-0.9981	-1.0933	-1.3304	-0.7425
ENSMUSG00000024773	0.3457	-0.3303	-0.3785	0.1937	0.3820	0.0765
ENSMUSG00000024777	0.9963	1.8507	1.6473	2.0945	2.0609	2.5401
ENSMUSG00000024778	-0.7341	-0.9333	-1.0399	-0.5154	-0.8588	-1.6129
ENSMUSG00000024781	-0.4333	-0.8634	0.0403	-0.5142	0.1375	0.6346
ENSMUSG00000024782	-0.0247	-0.0565	0.4322	0.7808	-0.1905	0.0726
ENSMUSG00000024784	0.4553	0.3028	0.8780	0.8983	1.0255	0.8349
ENSMUSG00000024785	0.0375	-0.1296	-0.5522	-0.4252	0.1782	0.9695
ENSMUSG00000024789	0.0113	-0.6156	0.6488	0.2837	0.4495	0.1901
ENSMUSG00000024791	0.1301	0.1813	0.0157	-0.2767	-0.3408	-0.1423
ENSMUSG00000024793	-0.1478	-0.6030	-0.9994	-1.0057	-1.0927	-1.0721
ENSMUSG00000024795	0.1310	0.1006	0.0966	0.5999	-0.8147	0.0817
ENSMUSG00000024798	0.2551	0.3770	0.0827	0.0238	0.2246	-0.0729
ENSMUSG00000024799	0.0451	-0.1513	-0.0330	0.4629	0.3943	-0.0835
ENSMUSG00000024800	0.2070	-0.2011	0.1839	-0.4748	0.1319	-0.0010
ENSMUSG00000024803	0.8821	-0.2442	0.6269	0.2028	-0.0592	-0.5957
ENSMUSG00000024805	0.6544	-0.5943	-0.1697	0.1054	0.0810	0.1308
ENSMUSG00000024807	0.1877	-0.4220	0.3799	-0.4784	0.6897	0.3019
ENSMUSG00000024810	0.0029	0.3784	-0.0635	0.2190	-0.4434	0.1647
ENSMUSG00000024812	0.0404	-0.3690	-0.0322	-0.0888	0.0419	-0.0186
ENSMUSG00000024816	0.4184	-0.1105	-0.6212	0.2465	0.1607	0.2825
ENSMUSG00000024824	-0.4681	-0.1492	-0.0743	0.2201	-0.0606	0.2543
ENSMUSG00000024826	0.2985	0.3298	0.2481	-0.2285	-0.0231	0.4138
ENSMUSG00000024827	-0.6486	-0.7498	-0.4985	-0.0026	-0.0592	0.5438
ENSMUSG00000024829	0.4676	0.0641	0.1301	-0.2387	0.0375	-0.4442
ENSMUSG00000024830	-1.1500	0.1242	0.1208	-0.3271	-0.2070	-0.3033
ENSMUSG00000024833	-0.7240	0.0010	0.1919	-0.4589	0.1497	0.2364
ENSMUSG00000024843	0.2983	0.1941	0.4010	0.3177	-0.0580	0.3183
ENSMUSG00000024847	0.3110	-0.4046	0.0808	0.1468	-0.3403	-0.5369
ENSMUSG00000024853	-0.3709	-0.6006	-0.2990	0.6117	-0.2137	0.0166
ENSMUSG00000024854	0.0759	-0.6645	-0.2093	0.2999	-0.5106	-0.5186
ENSMUSG00000024856	0.6265	0.6364	0.8914	0.8118	1.3344	1.7955
ENSMUSG00000024858	0.1420	0.1617	-0.0378	0.1341	-0.1434	-0.1501
ENSMUSG00000024862	-0.0008	-0.4861	0.0248	0.8429	0.9157	-0.2222
ENSMUSG00000024863	-0.9133	0.3794	0.1169	0.4742	-0.0064	-0.5110
ENSMUSG00000024867	0.1412	0.8639	-0.1719	0.1362	0.3400	-0.7426
ENSMUSG00000024868	-0.0158	0.2190	-0.3214	-0.1266	-0.1575	-0.2737
ENSMUSG00000024870	0.0937	-0.6800	0.2187	-0.0898	0.0546	0.2499
ENSMUSG00000024883	-0.3160	-0.2064	0.2777	0.3758	-0.1490	0.3011
ENSMUSG00000024885	-0.1495	-0.1583	-0.7640	-0.7055	-0.8340	-1.7501
ENSMUSG00000024887	0.9591	1.5740	1.6844	2.2243	2.1652	2.7059
ENSMUSG00000024889	0.4446	0.5628	-0.0255	-0.2485	0.3430	-0.1746
ENSMUSG00000024891	-0.3455	0.4236	-0.1666	-0.1894	-0.0130	-0.3426
ENSMUSG00000024892	0.7818	-0.1173	0.2537	0.3713	0.2332	0.0746
ENSMUSG00000024896	0.0608	0.0890	0.0637	0.5905	-0.0460	-0.3274
ENSMUSG00000024899	-0.4812	-0.5161	0.1634	0.2497	-0.3227	0.1083
ENSMUSG00000024900	-0.2234	-0.2332	-0.1802	0.4731	-0.5667	0.3274
ENSMUSG00000024902	0.2460	0.5011	0.0305	0.1907	-0.3269	-0.4919
ENSMUSG00000024903	-0.0783	-0.6225	-0.2632	0.3810	-0.1655	-0.2870
ENSMUSG00000024906	-0.3260	0.6524	-0.0305	0.2894	-0.2273	-0.1866
ENSMUSG00000024907	-0.3693	-0.3561	0.0493	-0.1702	0.6313	-0.6762
ENSMUSG00000024910	-0.0976	-0.3922	-0.0776	-0.3656	-0.3669	0.7872
ENSMUSG00000024912	0.2142	-0.0093	0.0949	0.3855	0.1549	-0.0415
ENSMUSG00000024913	-0.2108	-0.0270	-0.0861	0.2323	-0.0263	0.0617
ENSMUSG00000024921	0.1890	-0.1189	-0.0807	0.7300	0.1395	-0.2453
ENSMUSG00000024924	-0.5744	0.4304	-0.1080	-0.2061	0.1367	-0.2441
ENSMUSG00000024925	0.0046	-0.4111	-0.0436	0.2077	0.4810	-0.3727
ENSMUSG00000024926	0.1675	0.0553	0.5119	0.3877	-0.3904	0.1460
ENSMUSG00000024927	-0.0702	0.6075	0.2821	0.0607	-0.0191	0.2725
ENSMUSG00000024935	-0.1885	0.1185	0.2463	-0.1046	0.3832	0.4966
ENSMUSG00000024942	1.9081	1.9104	1.6149	2.4068	2.5827	2.7783
ENSMUSG00000024947	-0.0717	0.4702	-0.3452	-0.3634	0.5144	-0.1141
ENSMUSG00000024948	0.0763	0.2523	-0.2949	-0.5007	0.2498	0.0511
ENSMUSG00000024953	0.7111	0.2384	-0.4240	0.6358	-0.2998	0.3758
ENSMUSG00000024959	-0.2066	0.1438	-0.4401	0.0855	0.4851	-0.1880
ENSMUSG00000024960	0.2167	-0.4063	0.0300	-0.0314	-0.0092	-0.1749
ENSMUSG00000024962	-0.4047	0.4301	-0.1051	0.6001	0.5223	0.4951
ENSMUSG00000024965	-0.0304	0.1459	-0.0819	-0.0353	-0.0872	-0.6530
ENSMUSG00000024966	-0.0217	-0.2390	-0.1957	0.1032	-0.7016	-0.0222
ENSMUSG00000024974	0.2976	-0.1921	-0.1439	0.1926	0.4749	-0.1597
ENSMUSG00000024975	0.0951	-0.0018	-0.4536	0.4251	0.1752	0.1358
ENSMUSG00000024976	0.0693	-0.1511	-0.4554	0.1175	-0.1459	-0.5696
ENSMUSG00000024978	-0.1585	0.3458	-0.4884	0.0366	-0.1942	-0.3982
ENSMUSG00000024981	-0.2005	-0.0779	0.8903	-0.2679	-0.0110	-0.2505
ENSMUSG00000024983	-0.1434	0.2091	-0.5197	-0.3430	-0.5671	-0.1038
ENSMUSG00000024985	-0.5876	-0.3179	-0.2221	0.0764	-0.0516	-0.1860
ENSMUSG00000024986	0.1595	-0.1069	0.2516	0.2997	0.3344	-0.2444
ENSMUSG00000024987	-0.7383	-0.8608	0.1416	0.2688	-0.0823	-0.0804
ENSMUSG00000024992	-0.2313	0.3698	-0.1881	0.1853	0.5959	0.2627
ENSMUSG00000024998	-0.4218	0.1655	-0.0011	0.4301	-0.0210	-0.0522
ENSMUSG00000025002	0.3836	0.1957	0.4078	0.0855	0.3915	-0.3866
ENSMUSG00000025003	-0.2734	0.2372	0.1922	-0.1726	0.8577	0.1862
ENSMUSG00000025004	-0.2764	-0.1267	-0.7667	-0.1393	0.0939	-0.1342
ENSMUSG00000025006	-0.0671	-0.4741	0.3983	-0.1452	0.0935	0.1943
ENSMUSG00000025007	-0.1954	-0.5079	-0.0683	-0.0989	0.2093	0.0991
ENSMUSG00000025014	0.9871	0.1797	0.4910	0.0555	0.4587	0.1182
ENSMUSG00000025017	-1.0340	-0.5551	0.1377	-0.1281	-0.5266	-0.0690
ENSMUSG00000025019	0.4914	-0.1055	0.5562	0.5570	-0.1229	0.2265
ENSMUSG00000025020	-0.1837	-0.1146	-0.3782	0.1944	-0.3627	0.1785
ENSMUSG00000025024	-0.2927	0.0264	0.6760	0.3102	-0.0181	-0.2761
ENSMUSG00000025037	0.0763	0.0432	-0.0617	0.1925	-0.0734	0.5415
ENSMUSG00000025040	0.2040	0.0708	0.1857	-0.4654	0.3925	0.2831
ENSMUSG00000025041	0.2466	0.1686	-0.2427	0.6191	-0.3188	0.6822
ENSMUSG00000025044	0.5830	0.1013	0.0101	-0.3254	-0.2260	-0.2503
ENSMUSG00000025049	0.6724	-0.6990	-0.2909	0.0649	-0.0279	-0.1179
ENSMUSG00000025050	0.4152	0.8348	1.3556	1.2904	0.5235	1.4724
ENSMUSG00000025056	-0.0549	-0.1293	0.0779	-0.3455	-0.5549	-0.4212
ENSMUSG00000025059	0.1810	0.3480	0.3487	0.0991	0.1713	0.1261
ENSMUSG00000025060	-0.8656	-0.1200	0.1350	-0.1754	-0.1458	0.5735
ENSMUSG00000025064	1.1350	0.9268	1.7618	2.1042	2.2036	2.8110
ENSMUSG00000025068	-0.6090	0.4719	-0.0059	0.0583	0.6062	-0.0277
ENSMUSG00000025069	-0.1626	0.2422	0.0221	0.1913	0.3498	0.4597
ENSMUSG00000025076	0.0400	-1.0767	-0.1060	-0.6268	-0.0751	0.2852
ENSMUSG00000025085	0.5192	-0.0180	0.1285	-0.1518	0.1218	-0.3756
ENSMUSG00000025091	0.0025	-0.3359	0.0783	0.0917	-0.6077	0.3736
ENSMUSG00000025094	-0.0765	-0.0508	0.2672	-0.3894	-0.3155	0.3333
ENSMUSG00000025127	-0.2184	-0.2155	0.0095	-0.0482	-0.3030	0.1681
ENSMUSG00000025130	0.1945	-0.4820	-0.6130	0.2145	0.1551	0.3111
ENSMUSG00000025132	0.0424	-0.4013	0.0586	0.9826	0.0050	0.2303
ENSMUSG00000025134	0.2782	0.0952	-0.3486	0.0683	0.0138	0.5513
ENSMUSG00000025135	-0.0547	-0.1264	0.0616	-0.3163	-0.1005	-0.3909
ENSMUSG00000025137	0.1695	0.2669	-0.4014	0.5924	0.1075	0.4495
ENSMUSG00000025138	0.4713	-0.2226	0.2038	0.6981	-0.0925	-0.0815
ENSMUSG00000025139	0.0732	-0.1185	-0.4152	-0.1619	0.1749	-0.2896
ENSMUSG00000025140	-0.0447	-0.6413	0.3233	-0.0443	0.0249	0.1906
ENSMUSG00000025142	-0.0934	-0.0205	0.2541	-0.0220	-0.0541	-0.1181
ENSMUSG00000025144	-0.2123	-0.2266	-0.4866	0.0365	0.1008	0.0136
ENSMUSG00000025150	-0.3625	0.0634	0.0706	-0.3490	-0.3586	0.5428
ENSMUSG00000025151	0.4874	-0.1092	-0.6086	-0.2372	0.1648	-0.0116
ENSMUSG00000025153	-0.3013	0.3188	0.5692	-0.9081	-0.3353	-0.0834
ENSMUSG00000025158	0.5006	0.2449	0.9636	1.3439	0.4985	1.3623
ENSMUSG00000025161	-0.1516	-1.0371	-0.6059	-1.1533	-1.0554	-1.0218
ENSMUSG00000025162	0.0672	-0.2308	-0.1235	-0.1763	-0.0928	-0.0572
ENSMUSG00000025163	-0.2900	0.0399	0.6515	-0.4884	-0.0451	0.4889
ENSMUSG00000025172	-0.2471	-0.3419	0.1405	-0.4439	0.3657	-0.7909
ENSMUSG00000025173	-1.1218	-0.0472	0.0860	-0.2118	0.4632	0.2356
ENSMUSG00000025176	0.0939	-0.4054	-0.1228	-0.0077	-0.5161	0.0911
ENSMUSG00000025178	-0.1179	-0.2640	-0.0619	-0.1208	0.4218	0.1391
ENSMUSG00000025190	-0.3883	0.1320	0.3281	0.8247	-0.1273	-0.0995
ENSMUSG00000025194	1.1251	1.7678	1.9507	1.8617	2.8461	2.2604
ENSMUSG00000025197	0.3487	0.2551	-0.9616	0.4053	0.2178	-0.1202
ENSMUSG00000025199	-0.6728	-0.0507	-0.1643	0.3143	-0.2770	0.1352
ENSMUSG00000025202	0.0268	-0.1576	-0.5607	-0.5130	-0.2136	-0.1412
ENSMUSG00000025203	-0.0668	0.3820	-0.0350	0.5018	0.5198	0.6374
ENSMUSG00000025204	0.2812	0.6862	0.2928	0.1356	0.0094	0.1874
ENSMUSG00000025207	-0.2372	-0.1411	-0.3770	0.8822	-0.0665	0.0339
ENSMUSG00000025208	0.0056	0.7722	0.2037	0.4206	0.1029	0.4412
ENSMUSG00000025209	0.1962	0.1786	0.0129	0.5297	-0.0873	0.2548
ENSMUSG00000025215	0.0980	0.2036	-0.5582	-0.0667	0.1426	0.1289
ENSMUSG00000025217	-0.7489	0.0839	-0.1893	0.0117	0.1543	-0.3003
ENSMUSG00000025218	0.7751	0.3888	-0.4404	0.2524	-0.1585	-0.2597
ENSMUSG00000025219	-0.0151	-0.0005	0.1284	-0.0263	0.3359	0.1681
ENSMUSG00000025220	0.6097	-0.3263	-0.1662	-0.0316	-0.0164	-0.6593
ENSMUSG00000025223	-0.9192	-0.2708	0.8010	0.2710	0.1477	-0.0480
ENSMUSG00000025224	-0.3494	-0.3095	0.1535	-0.0348	-0.1466	0.1281
ENSMUSG00000025225	0.1418	0.6433	-0.1684	-0.1587	-0.5441	0.3190
ENSMUSG00000025228	0.2064	0.0016	-0.1219	-0.8351	-0.2985	-0.8251
ENSMUSG00000025231	0.0612	0.1621	0.1502	-0.7881	-0.7477	-0.2303
ENSMUSG00000025232	1.1194	1.0729	0.9811	1.6144	2.6465	2.3664
ENSMUSG00000025234	0.5067	-0.3097	-0.0228	-0.3519	-0.0704	-0.2797
ENSMUSG00000025236	-0.2702	0.4665	-0.0149	-0.1505	0.0943	0.1305
ENSMUSG00000025239	-0.3926	0.1774	-0.1876	-0.0290	0.0233	-0.2888
ENSMUSG00000025240	-0.2110	-0.0715	0.5812	0.1149	0.1590	-0.2349
ENSMUSG00000025241	0.3113	-0.5118	-0.2414	-0.1881	-0.5882	-0.0109
ENSMUSG00000025246	0.4648	0.1751	0.1434	0.0084	0.2291	0.1629
ENSMUSG00000025260	-0.4348	-0.3409	-1.0228	-1.2857	-0.9771	-1.4817
ENSMUSG00000025261	0.2617	-0.1512	0.4719	-0.5550	-0.2723	-0.2248
ENSMUSG00000025265	0.1155	1.0644	0.3125	0.7855	0.8591	1.9965
ENSMUSG00000025266	0.2011	-0.0026	-0.2230	-0.5939	-0.0290	0.2256
ENSMUSG00000025270	-1.1352	-1.1491	-0.8798	-1.0721	-1.3765	-1.1071
ENSMUSG00000025271	-0.1021	-0.5096	-0.0034	0.2200	-0.1212	0.2646
ENSMUSG00000025277	-0.3519	0.6333	0.5569	0.1774	0.0397	0.2284
ENSMUSG00000025278	0.1200	0.2231	-0.0544	-0.1310	0.5176	-0.1275
ENSMUSG00000025280	-0.8171	-0.3047	0.0015	-0.2020	-0.0110	0.0837
ENSMUSG00000025283	-0.3397	-0.6901	0.4089	0.3602	-0.0824	0.5142
ENSMUSG00000025290	0.1119	-0.3959	-0.0445	0.0706	0.0065	-0.0726
ENSMUSG00000025314	-0.3339	-0.3986	0.0098	-0.5033	-0.2936	-0.3451
ENSMUSG00000025317	-0.4499	-0.1016	-0.0286	0.6275	0.0650	-0.0472
ENSMUSG00000025321	0.0867	0.9008	0.8162	0.0202	-0.2747	-0.0860
ENSMUSG00000025326	-0.4689	-0.7017	-0.5279	-0.2328	0.3883	-0.1333
ENSMUSG00000025328	1.6033	1.4942	1.6457	2.3497	2.3841	2.7416
ENSMUSG00000025329	1.5266	1.7321	1.8194	2.4881	1.6224	3.2635
ENSMUSG00000025330	0.1816	-0.2556	0.0147	-0.1479	-0.3861	0.1375
ENSMUSG00000025337	-0.2958	0.4943	-0.1742	0.5611	-0.3483	0.1031
ENSMUSG00000025340	-0.0030	-0.1289	0.4715	0.1342	-0.0332	-0.5912
ENSMUSG00000025348	0.2224	0.0496	0.0304	-0.1541	-0.2048	0.2563
ENSMUSG00000025350	-0.0530	0.1736	-1.0874	-0.8766	0.4819	0.3873
ENSMUSG00000025351	-0.6018	0.0756	-0.0397	-0.1230	0.5481	-0.2168
ENSMUSG00000025352	0.0731	0.1817	-0.3353	0.1365	0.3101	0.1692
ENSMUSG00000025357	1.0896	-0.1936	0.1306	-0.1541	-0.2279	-0.1298
ENSMUSG00000025358	0.4529	0.3785	-0.4775	-0.2024	-0.3586	-0.1336
ENSMUSG00000025362	-0.0701	-0.2948	0.1808	0.2033	-0.0928	-0.7077
ENSMUSG00000025369	-0.0194	0.8022	0.0474	0.0624	-0.0638	0.5743
ENSMUSG00000025371	-0.1778	0.3994	0.3971	-0.1076	-0.2648	0.1043
ENSMUSG00000025372	-0.5843	0.8454	0.1626	0.2614	-0.3703	-0.5768
ENSMUSG00000025373	0.3288	-0.3079	-0.1191	-0.0530	0.2813	0.0042
ENSMUSG00000025383	-0.3174	-0.7316	0.2995	0.3838	-0.1214	-0.1678
ENSMUSG00000025384	0.0878	-0.3064	0.8050	-0.0199	0.4446	0.5863
ENSMUSG00000025386	-0.0098	-0.6137	0.2533	-0.1461	-0.2175	-0.2143
ENSMUSG00000025393	0.7208	0.4538	0.4212	0.7209	-0.2465	-0.0053
ENSMUSG00000025395	-0.3735	0.8711	-0.0743	-0.1638	-0.3355	0.2845
ENSMUSG00000025396	0.2546	0.0603	0.3452	0.4351	-0.1500	-0.2953
ENSMUSG00000025400	-0.0103	-0.1879	-0.3423	0.2906	-0.6740	0.9360
ENSMUSG00000025401	0.3490	-0.0184	0.3600	-0.0847	0.5799	0.0203
ENSMUSG00000025403	0.1528	0.3449	-0.3565	-0.0986	0.3873	0.0327
ENSMUSG00000025405	-0.1906	0.5913	0.0064	0.2940	0.0660	-0.4928
ENSMUSG00000025407	-0.0712	-0.2155	-0.0495	-0.4614	-0.0263	0.3607
ENSMUSG00000025408	0.5107	-0.3255	-0.2524	0.0041	0.0809	-0.3743
ENSMUSG00000025409	0.2185	0.5591	-0.0149	0.0080	0.3281	0.2322
ENSMUSG00000025410	0.1038	-0.3640	0.4790	-0.0173	-0.0413	0.0800
ENSMUSG00000025417	0.0755	-0.2578	-0.0719	-0.3336	0.1691	0.0419
ENSMUSG00000025422	-0.3675	0.2073	-0.0805	0.1045	-0.3273	-0.2658
ENSMUSG00000025423	-0.3627	0.5045	0.1481	0.4088	0.2676	-0.5788
ENSMUSG00000025425	0.2830	-0.0851	-0.3428	0.0939	0.2411	0.0726
ENSMUSG00000025428	-0.8791	0.5654	-0.0108	0.3143	-0.0763	-0.1023
ENSMUSG00000025453	-0.7723	-0.1707	-0.2768	-0.3407	0.5536	-0.5177
ENSMUSG00000025464	0.3312	0.0736	1.4317	1.6404	1.4699	1.5600
ENSMUSG00000025465	-0.2208	0.3437	-0.1452	0.2642	-0.0326	0.1652
ENSMUSG00000025467	-0.5140	-0.4110	-0.2335	-0.1403	-0.0783	0.6445
ENSMUSG00000025468	0.2829	0.1566	0.1107	-0.1245	0.0428	0.1472
ENSMUSG00000025469	-0.1223	-0.1745	0.7044	-0.2426	0.2937	0.0281
ENSMUSG00000025477	-0.0861	0.1194	-0.3846	-0.5904	-0.2409	-0.0524
ENSMUSG00000025479	-0.2074	-0.5072	0.3900	0.1351	-0.0990	-0.0022
ENSMUSG00000025481	-0.3243	-0.6589	-0.8676	-0.9969	-1.0337	-1.0428
ENSMUSG00000025484	0.0013	0.0282	-0.1963	0.1095	-0.2447	0.0751
ENSMUSG00000025486	0.2223	0.3459	-0.2583	0.8807	-0.1681	0.1815
ENSMUSG00000025487	0.1595	0.5395	0.4957	0.0468	0.0520	0.6444
ENSMUSG00000025488	0.1102	0.1318	-0.3969	0.1269	0.3403	0.5992
ENSMUSG00000025491	0.5264	-0.2369	-0.2275	-0.5515	0.7775	0.4189
ENSMUSG00000025495	0.1579	0.0655	-0.6698	0.6182	-0.0237	0.7348
ENSMUSG00000025496	-0.2963	-0.5192	-0.0688	0.1739	-0.1558	0.3797
ENSMUSG00000025498	-0.1666	-0.3456	0.2944	-0.4229	0.1967	-0.0703
ENSMUSG00000025499	0.0942	-0.7220	0.0715	-0.0537	-0.3553	-0.3029
ENSMUSG00000025503	-0.1064	0.2260	-0.5718	0.2958	-0.1819	-0.0599
ENSMUSG00000025507	0.2454	0.3670	-0.3007	-0.0659	0.3180	-0.3274
ENSMUSG00000025508	-0.7209	0.1125	0.3299	0.0600	0.6860	-0.3158
ENSMUSG00000025509	-0.3686	0.1173	0.0972	-0.1167	0.2281	-0.0184
ENSMUSG00000025515	-0.6701	0.1592	0.2730	0.3121	-0.3011	0.1066
ENSMUSG00000025519	0.0336	0.4394	-0.2824	0.2408	0.6240	-0.3251
ENSMUSG00000025532	-0.0600	-0.0592	-0.2975	0.4748	-0.4758	0.0368
ENSMUSG00000025533	-0.4701	-0.1845	-0.3016	0.2731	0.0550	0.1010
ENSMUSG00000025534	0.0078	0.5216	0.0472	-0.4877	0.6960	-0.1698
ENSMUSG00000025537	0.3332	-0.2945	-0.2038	0.0320	-0.8180	-0.0676
ENSMUSG00000025551	-0.1152	-0.5234	0.1800	0.3749	0.1041	0.5549
ENSMUSG00000025557	-0.4405	0.0985	0.5103	0.3959	-0.1183	-0.2106
ENSMUSG00000025574	-0.0407	0.1327	-0.4437	0.1566	0.2447	0.1229
ENSMUSG00000025575	0.0401	-0.0399	-0.0995	-0.3294	-0.2254	0.4833
ENSMUSG00000025577	0.1839	0.0089	0.0911	0.4672	-0.1283	-0.5346
ENSMUSG00000025578	-0.4846	0.4329	0.5172	-0.2414	0.0303	-0.3255
ENSMUSG00000025579	0.1277	0.1851	-0.1335	0.3364	0.2287	0.0354
ENSMUSG00000025580	-0.2187	-0.4436	-0.1161	0.0456	-0.2592	-0.2249
ENSMUSG00000025583	-0.3125	-0.2597	-0.2271	0.5688	0.4668	0.0635
ENSMUSG00000025584	-0.1494	0.5200	-0.0824	-0.0411	0.3127	-0.2839
ENSMUSG00000025586	-0.6829	-0.4642	0.1877	0.3368	-0.2259	-0.0539
ENSMUSG00000025588	0.1301	1.0061	-0.0635	0.1739	0.1047	0.3892
ENSMUSG00000025608	-0.5748	-0.5287	0.0757	0.1836	-0.1245	-0.3169
ENSMUSG00000025616	-0.5698	0.1989	-0.0362	0.1872	0.2340	-0.1567
ENSMUSG00000025626	-0.2325	0.2459	-0.2894	0.0414	-0.0619	-0.1262
ENSMUSG00000025630	0.2279	-0.0728	0.4965	-0.2115	-0.0297	0.0137
ENSMUSG00000025646	0.7938	0.6718	0.1838	0.3778	1.3276	0.7296
ENSMUSG00000025647	0.6612	0.9483	0.4600	1.1295	1.2338	1.3733
ENSMUSG00000025648	0.0525	-0.2603	-0.2064	0.6198	0.1811	-0.4801
ENSMUSG00000025650	1.1293	1.5467	1.5869	2.1585	2.3154	2.1388
ENSMUSG00000025651	-0.6226	0.1322	-0.5017	-0.3595	-0.6584	-0.1555
ENSMUSG00000025665	0.0457	-0.5214	-0.0270	0.6904	0.7214	-0.2498
ENSMUSG00000025701	0.6508	-0.0710	0.5261	0.2784	-0.0000	-1.0452
ENSMUSG00000025716	0.4041	0.0441	0.1672	0.8875	0.7293	0.3486
ENSMUSG00000025723	-0.2537	-0.5883	-0.2272	-0.0356	0.3360	0.2661
ENSMUSG00000025724	-0.0970	-0.1293	0.0825	0.3407	-0.7974	-0.8774
ENSMUSG00000025728	-0.0313	0.2728	-0.2316	-0.0200	0.2996	0.4183
ENSMUSG00000025733	0.5608	0.2377	-0.1766	-0.0756	0.3088	-0.2778
ENSMUSG00000025737	0.5822	0.0632	0.5968	-0.2916	-0.2145	-0.0932
ENSMUSG00000025739	0.0862	-0.1607	-0.7568	0.5410	-0.3749	0.2521
ENSMUSG00000025742	0.6214	0.8405	0.6299	1.0530	0.8210	1.5992
ENSMUSG00000025743	0.0930	0.2040	0.7682	-0.6476	-0.1628	0.2732
ENSMUSG00000025745	0.7954	-0.0476	0.1751	-0.6615	0.0530	0.1418
ENSMUSG00000025746	-0.2469	-0.1220	-0.4566	-0.0065	0.1281	0.2148
ENSMUSG00000025747	-0.0063	0.0598	0.0045	0.1081	0.3774	-0.3089
ENSMUSG00000025757	0.7307	0.1729	-0.2790	-0.6076	-0.4302	0.6779
ENSMUSG00000025758	0.2917	0.6979	0.0939	-0.9082	0.1498	-0.4938
ENSMUSG00000025759	-0.5962	0.2143	0.0792	-0.3666	-0.1216	0.0429
ENSMUSG00000025779	-0.7036	-0.0698	0.2153	0.4206	0.5760	0.3178
ENSMUSG00000025781	0.2910	0.3172	-0.3088	-0.1350	0.0816	0.6095
ENSMUSG00000025782	-0.0549	-0.0980	0.1392	-0.0707	0.1003	-0.2428
ENSMUSG00000025785	0.0780	-0.5474	0.6673	0.0502	-0.7157	0.0785
ENSMUSG00000025791	0.2981	0.4987	0.2256	0.2787	-0.1130	-0.7769
ENSMUSG00000025792	0.5078	-0.2839	-0.7042	0.3974	0.4673	-0.2215
ENSMUSG00000025793	0.0938	-0.0754	-0.0952	-0.3115	0.1819	0.3478
ENSMUSG00000025794	0.1637	0.6298	0.2987	-0.0958	0.1280	-0.2527
ENSMUSG00000025804	-0.4794	-0.2378	0.3165	-0.1963	-0.0847	-0.1545
ENSMUSG00000025809	0.4274	0.0093	0.2289	-0.4903	0.0266	-0.3773
ENSMUSG00000025810	0.0934	-0.2490	-0.2538	0.4473	-0.1546	-0.0575
ENSMUSG00000025812	0.2898	0.2662	-0.2168	0.2680	0.1840	0.3010
ENSMUSG00000025813	-0.2253	-0.0281	0.2128	0.0131	0.0131	-0.1589
ENSMUSG00000025815	0.0260	-0.3627	0.2770	0.2776	-0.2412	1.0508
ENSMUSG00000025816	0.6778	-0.3793	0.4465	-0.5491	0.1417	0.1377
ENSMUSG00000025817	-0.3753	-0.7773	0.0556	-0.2688	0.2369	-0.0757
ENSMUSG00000025823	-0.2670	-1.0254	-1.2900	-1.3037	-1.2450	-1.0497
ENSMUSG00000025855	-0.0410	0.2947	-0.3738	-0.5251	-0.2328	0.2364
ENSMUSG00000025856	0.9277	0.3618	0.8555	0.9006	1.5040	1.7379
ENSMUSG00000025858	-0.0376	0.3759	-0.0393	-0.2521	0.0331	-0.7675
ENSMUSG00000025860	0.1457	0.5542	-0.3139	-0.1730	0.7022	-0.3794
ENSMUSG00000025862	-0.5720	-0.2761	-0.3784	-0.4194	-0.3507	0.1548
ENSMUSG00000025867	0.0304	0.3260	0.4503	-0.1157	-0.0584	0.0993
ENSMUSG00000025872	0.2917	-0.2086	0.0671	-0.6265	0.4280	0.2994
ENSMUSG00000025876	0.1870	-0.5576	0.3276	-0.1335	-0.0414	0.4136
ENSMUSG00000025877	0.4081	-0.2188	-0.2398	-0.5328	0.1233	0.4152
ENSMUSG00000025878	-0.1621	0.0746	0.1621	-0.2304	0.4216	0.0689
ENSMUSG00000025880	-0.2232	0.5242	-0.0812	0.0266	0.0395	0.1995
ENSMUSG00000025885	-0.5981	-0.3889	-0.1464	-0.4114	-0.2813	0.3511
ENSMUSG00000025887	-0.1484	-0.1076	-0.5483	0.2496	0.3769	0.1836
ENSMUSG00000025888	0.3175	0.2297	-0.1438	-0.2092	-0.2359	-0.4290
ENSMUSG00000025889	-0.2003	0.0463	0.2527	0.0031	-0.0149	-0.2268
ENSMUSG00000025892	0.2916	0.0316	-0.6413	-0.1380	-0.1611	0.3189
ENSMUSG00000025894	-0.0329	-0.3609	0.1716	-0.0655	0.0569	0.1003
ENSMUSG00000025902	-0.6736	0.2920	-0.3440	-0.4314	0.2081	-0.3678
ENSMUSG00000025903	0.0366	0.3382	-0.5272	0.1407	-0.2335	-0.9221
ENSMUSG00000025905	0.4934	-0.5432	0.1098	-0.2215	0.2991	-0.2970
ENSMUSG00000025907	-0.3082	0.0374	-0.0446	0.0585	-0.1777	-0.2831
ENSMUSG00000025915	0.0201	-0.2563	-0.6491	-0.0313	0.2288	-0.1096
ENSMUSG00000025921	-0.0061	-0.3825	0.0775	-0.5939	0.4243	-0.2712
ENSMUSG00000025929	0.1121	-0.0365	-0.0368	-0.0643	0.0144	0.1084
ENSMUSG00000025931	0.2253	-0.2923	0.0076	-0.0779	-0.1359	-0.3330
ENSMUSG00000025932	-0.2469	-0.1485	0.1586	-0.3479	0.4238	0.5040
ENSMUSG00000025934	-0.2430	0.6577	-0.2353	0.1561	-0.4108	0.4356
ENSMUSG00000025935	-0.0652	0.0721	0.2457	0.1726	-0.5396	0.5778
ENSMUSG00000025939	-0.0566	-0.2189	-0.1640	-0.2622	0.3508	-0.0479
ENSMUSG00000025946	-0.0453	0.2126	0.1234	-0.5573	-0.1536	0.6015
ENSMUSG00000025949	-0.2069	-0.4795	-0.0948	0.6892	-0.5776	-0.2176
ENSMUSG00000025950	0.4848	-0.0525	-0.1955	0.1055	0.1839	0.3959
ENSMUSG00000025958	-0.2743	0.3313	0.1815	-0.0551	0.4934	0.8866
ENSMUSG00000025968	0.2899	-0.2553	-0.6183	-0.1480	0.0849	0.0478
ENSMUSG00000025969	-0.1731	0.3337	-0.6912	-0.3809	0.2418	-0.1588
ENSMUSG00000025980	0.4227	0.1847	-0.3885	0.2330	-0.2370	-0.1119
ENSMUSG00000025982	-0.6427	0.3977	-0.3936	0.7015	0.1988	-0.0866
ENSMUSG00000025986	0.1836	-0.2638	0.1704	-0.0822	-0.0698	0.2075
ENSMUSG00000025991	-0.1106	0.2756	0.1094	-0.1133	-0.3636	-0.1384
ENSMUSG00000025993	-0.0281	0.4478	-0.2939	0.3661	-0.0266	-0.4111
ENSMUSG00000025995	0.0749	-0.2759	-0.4492	-0.0670	0.3715	-0.1180
ENSMUSG00000026000	-0.1226	-0.4076	0.3424	-0.4031	0.7770	0.1151
ENSMUSG00000026003	0.2195	-0.3670	0.1919	0.1117	0.0552	-0.5718
ENSMUSG00000026005	0.0957	0.3200	-0.4101	0.1005	0.0272	0.0995
ENSMUSG00000026009	-0.5406	-0.5501	0.1429	0.1984	0.1709	0.2787
ENSMUSG00000026011	0.0544	0.0767	-0.0658	0.0730	-0.5993	0.4136
ENSMUSG00000026012	0.5733	-0.2420	0.0645	0.0149	-0.3263	0.0929
ENSMUSG00000026020	0.4243	-0.1977	0.6504	0.0469	-0.3906	-0.1809
ENSMUSG00000026021	-0.1215	-0.0218	0.4065	0.2857	0.0627	-0.3037
ENSMUSG00000026024	-0.2038	0.5512	-0.1291	0.0328	-0.1337	0.2522
ENSMUSG00000026027	0.1136	-0.8041	-0.0627	0.5610	0.4032	-0.4742
ENSMUSG00000026028	-0.7844	-0.4272	0.1883	0.1206	0.5276	0.6255
ENSMUSG00000026029	-0.6007	0.5163	-0.3649	0.3868	-0.5188	0.4209
ENSMUSG00000026031	-0.7197	0.0975	0.4755	-0.1415	-0.2051	-1.1462
ENSMUSG00000026032	0.2557	-0.3797	0.2186	-0.5254	-0.6149	0.3445
ENSMUSG00000026034	-0.3569	-0.0814	-0.2382	0.1671	0.2187	0.1568
ENSMUSG00000026037	0.3681	0.2344	-0.0539	-0.3365	-0.4413	-0.4319
ENSMUSG00000026042	-0.8894	-0.3757	-0.0400	-0.8929	-1.1387	-0.9870
ENSMUSG00000026043	0.2044	0.0870	0.1793	-0.1925	0.2578	-0.2478
ENSMUSG00000026048	-0.0801	-0.5772	0.0804	0.0502	0.0680	0.2557
ENSMUSG00000026065	0.1441	0.7374	0.1842	-0.2312	-0.1467	-0.3484
ENSMUSG00000026068	0.0542	-0.2607	0.1285	-0.2196	0.4116	0.3076
ENSMUSG00000026069	-0.4288	0.3623	-0.0000	-0.0433	-0.2909	-0.0580
ENSMUSG00000026070	-0.3337	-0.1691	0.2543	0.2499	0.1858	0.1523
ENSMUSG00000026072	-0.4089	-0.0801	0.3820	0.4544	0.1217	-0.0952
ENSMUSG00000026073	0.5272	-0.5224	0.1887	0.2553	-0.1604	0.4234
ENSMUSG00000026074	0.3104	-0.6290	-0.3528	-0.1385	0.1873	-0.1566
ENSMUSG00000026077	-0.3403	-0.2487	0.4142	0.1824	0.4509	0.1835
ENSMUSG00000026080	-0.0467	-0.0712	-0.1767	0.3627	0.3691	-0.0230
ENSMUSG00000026082	-0.6319	0.3042	-0.3008	-0.6452	-0.0397	-0.2002
ENSMUSG00000026087	-0.0296	0.1201	-0.0137	-0.2842	-0.2875	-0.2892
ENSMUSG00000026100	-0.0587	-0.4082	0.4943	-0.1064	-0.3704	-0.0561
ENSMUSG00000026102	-0.0550	-0.4973	-0.8039	0.4472	0.0609	0.2865
ENSMUSG00000026103	0.6695	0.2904	-0.0330	0.1363	0.5125	-0.5627
ENSMUSG00000026104	-1.2795	-0.0668	0.2224	0.4265	-0.3737	0.4002
ENSMUSG00000026110	0.5473	0.6127	-0.2512	-0.0761	0.1434	-0.4851
ENSMUSG00000026112	-0.2737	-0.1190	0.0877	0.0202	-0.0257	-0.4548
ENSMUSG00000026113	-1.3372	-0.4087	-1.1513	-1.0382	-1.0521	-1.3118
ENSMUSG00000026114	-0.0543	0.0399	-0.3276	-0.2186	-0.3974	0.1466
ENSMUSG00000026117	-0.0986	0.0421	0.4348	-0.3190	0.1916	-0.4522
ENSMUSG00000026121	-0.0800	0.0646	0.6717	-0.0854	-0.2222	-0.6768
ENSMUSG00000026127	0.3416	0.0525	0.0344	-0.4948	0.3171	-0.0271
ENSMUSG00000026131	0.8399	1.2619	1.6399	1.8159	2.9255	1.9926
ENSMUSG00000026134	0.0847	-0.6867	-0.6882	-0.0550	-0.6427	0.6537
ENSMUSG00000026141	-0.0637	0.1387	-0.3593	-0.3599	-0.5152	-0.4610
ENSMUSG00000026147	0.3011	0.2459	0.2145	0.0104	-0.0225	-0.0975
ENSMUSG00000026155	-0.1816	-0.1844	-0.0970	0.7827	-0.3144	-0.1189
ENSMUSG00000026156	0.1277	0.0957	0.5685	-0.0693	-0.2393	0.2187
ENSMUSG00000026158	0.3117	-0.3264	0.1663	0.1600	0.2373	0.3343
ENSMUSG00000026162	-0.2027	-0.1795	-0.5202	0.0347	0.3281	-0.2683
ENSMUSG00000026166	-0.1820	-0.3051	-0.3521	-0.2976	-0.7336	-0.1088
ENSMUSG00000026167	0.1623	0.1515	-0.4304	0.6039	-0.2715	0.1781
ENSMUSG00000026170	-0.2361	0.3197	-0.1665	0.2178	0.3576	-0.4703
ENSMUSG00000026173	-0.0736	-0.0877	-0.3129	-0.2853	0.3541	-0.0590
ENSMUSG00000026174	-0.0906	-0.2550	-0.3938	-0.2134	-0.3568	-0.3273
ENSMUSG00000026177	-0.2700	-0.2739	0.1274	-0.2602	0.0948	-0.3251
ENSMUSG00000026180	0.1620	0.6183	0.0048	-0.2578	0.4040	0.3207
ENSMUSG00000026187	-0.0308	0.1524	-0.3644	-0.2244	0.1048	0.0111
ENSMUSG00000026189	0.2942	-0.1457	0.1601	0.0394	0.4064	0.5097
ENSMUSG00000026192	0.0903	0.3229	0.0014	0.0305	-0.3559	0.1439
ENSMUSG00000026193	0.0828	0.5003	0.2583	-0.1167	0.3416	0.3065
ENSMUSG00000026196	0.1798	0.3003	-0.1334	0.0193	0.2936	-0.1853
ENSMUSG00000026198	1.9203	1.1562	1.7773	1.7824	2.4105	2.0813
ENSMUSG00000026202	-0.1079	-0.0834	0.1266	0.1106	0.3448	0.1583
ENSMUSG00000026203	-0.3594	-0.1773	0.0321	0.2001	0.0019	-0.4193
ENSMUSG00000026204	0.4386	-0.4000	-0.2350	0.1099	0.5006	-0.0839
ENSMUSG00000026208	-0.4204	-0.2163	-0.1198	0.7929	0.2572	-0.4652
ENSMUSG00000026219	-0.0042	0.1331	0.3268	-0.0720	0.7633	-0.2890
ENSMUSG00000026222	-0.3963	0.0061	-0.1518	0.0851	-0.0395	0.3050
ENSMUSG00000026228	-0.0543	0.2821	-0.1222	-0.2726	0.2850	0.4621
ENSMUSG00000026229	0.4637	-0.5758	-0.2775	0.0503	0.1763	-0.4657
ENSMUSG00000026235	0.2016	0.2184	0.4833	0.5939	0.0328	-0.1571
ENSMUSG00000026237	0.2682	-0.1004	0.0359	-0.0638	-0.2389	-0.2777
ENSMUSG00000026239	0.1279	-0.1974	-0.3104	0.2743	0.6777	-0.1184
ENSMUSG00000026241	0.5142	0.5814	0.4317	0.2585	-0.3815	0.3953
ENSMUSG00000026245	0.4648	0.3718	-0.3821	-0.3178	-0.6215	0.2654
ENSMUSG00000026246	-0.6073	0.2209	0.4740	0.7770	-0.0529	0.3185
ENSMUSG00000026248	0.0216	0.0842	0.2727	-0.5414	0.2683	-0.0802
ENSMUSG00000026249	0.2675	0.0130	0.1065	0.4203	-0.3017	-0.3329
ENSMUSG00000026251	-0.6009	0.0409	0.5679	0.7169	-0.1958	-0.1563
ENSMUSG00000026253	-0.3347	0.2876	0.7081	0.3724	0.0762	0.2530
ENSMUSG00000026254	0.0445	0.1777	0.2065	0.2241	-0.0659	0.3187
ENSMUSG00000026259	-0.4254	0.0615	0.2487	0.1005	0.0187	-0.0814
ENSMUSG00000026260	0.4177	0.7823	-0.0923	0.5769	0.4143	0.1375
ENSMUSG00000026271	-0.6669	0.4373	0.1854	0.0387	-0.0364	-0.0607
ENSMUSG00000026272	0.1673	-0.4693	0.3154	0.3926	0.0663	-0.1828
ENSMUSG00000026276	-0.1682	-0.0418	-0.0026	-0.2898	0.7116	-0.0302
ENSMUSG00000026278	0.5272	-0.0660	-0.2125	0.1286	0.3082	0.1059
ENSMUSG00000026280	-0.3847	-0.0266	0.4002	0.2173	-0.1345	-0.0177
ENSMUSG00000026281	-0.1813	-0.1533	0.0367	-0.4761	-0.1810	-0.0668
ENSMUSG00000026285	0.0408	-0.0804	-0.3610	0.2473	0.2739	0.1437
ENSMUSG00000026288	0.4589	0.0562	-0.5748	-0.0002	0.0900	-0.2105
ENSMUSG00000026289	-0.8400	-0.2022	-1.0249	-1.0641	-1.1504	-0.8369
ENSMUSG00000026304	0.3184	-0.0287	-0.0341	-0.1385	-0.1033	0.2946
ENSMUSG00000026307	-0.2292	0.1047	-0.2196	0.2721	0.0740	0.1007
ENSMUSG00000026313	0.0557	0.0698	0.2632	0.7131	-0.1011	-0.1547
ENSMUSG00000026321	0.1870	0.3030	-0.2181	0.0506	-0.2783	0.2441
ENSMUSG00000026322	-0.1477	-0.3209	-0.3874	0.1486	0.1657	-0.3595
ENSMUSG00000026341	0.7598	0.3430	0.6412	1.1794	0.3734	1.3718
ENSMUSG00000026348	0.5251	-0.6475	0.4248	0.1761	0.0848	0.2847
ENSMUSG00000026349	0.3111	-0.2584	0.1183	-0.2791	-0.3744	-0.4187
ENSMUSG00000026353	0.2977	-0.5934	-0.1456	-0.1487	0.2486	0.3141
ENSMUSG00000026354	0.0548	-0.0039	-0.2246	-0.5667	0.2835	-0.1776
ENSMUSG00000026355	-0.3636	-0.2640	-0.4542	-0.7425	0.5991	0.2900
ENSMUSG00000026356	1.2776	1.3516	1.8711	2.7503	2.8976	2.5602
ENSMUSG00000026360	-0.4432	-0.4236	-0.5987	0.2954	-0.2742	0.3707
ENSMUSG00000026365	0.1091	0.5179	0.0466	-0.5844	0.1940	-0.2346
ENSMUSG00000026368	0.4062	-0.1890	-0.1313	-0.0420	-0.4002	0.1300
ENSMUSG00000026385	-0.2341	-0.5227	0.6723	-0.1958	0.1217	0.1517
ENSMUSG00000026387	-0.4047	0.4865	-0.6944	-0.4646	0.3813	-0.2248
ENSMUSG00000026389	0.8474	-0.2000	0.0829	-0.1179	-0.3993	0.3293
ENSMUSG00000026390	-0.2684	-0.7669	-0.1093	0.5318	0.4545	0.0600
ENSMUSG00000026393	-0.2853	-0.2763	0.0166	0.2667	-0.6875	0.3780
ENSMUSG00000026394	0.4474	0.1364	-0.2867	0.2707	0.0115	-0.5742
ENSMUSG00000026395	0.2079	-0.0164	0.0619	-0.0006	-0.7398	-0.0797
ENSMUSG00000026398	-0.4174	-0.2724	0.1028	-0.1585	-0.0648	0.2555
ENSMUSG00000026399	0.7423	0.3667	-0.2556	0.5251	-0.0508	0.3385
ENSMUSG00000026401	0.5341	-0.2867	0.4833	-0.5439	0.0354	-0.3124
ENSMUSG00000026405	0.1753	-0.5425	0.3435	-0.4253	-0.2762	-0.0144
ENSMUSG00000026407	-0.1472	0.0248	-0.2826	-0.2138	-0.6957	-0.1428
ENSMUSG00000026409	0.3404	-0.0647	0.9041	0.0843	0.1845	-0.1846
ENSMUSG00000026413	1.4641	1.1662	1.9270	2.0121	2.2517	2.2138
ENSMUSG00000026414	-0.0735	-0.0921	-0.0020	0.1848	0.1092	-0.3873
ENSMUSG00000026416	-0.0220	0.0630	-0.2640	0.1904	0.1954	-0.3401
ENSMUSG00000026417	-0.0742	0.0149	-0.4100	0.0803	0.2503	0.5142
ENSMUSG00000026418	-0.2190	0.4696	-0.2227	0.3139	0.1826	-0.5753
ENSMUSG00000026420	-0.1954	0.0377	0.1474	-0.2378	-0.3040	-0.4208
ENSMUSG00000026421	-0.7911	0.1433	0.1965	-0.0706	0.0306	0.0806
ENSMUSG00000026425	0.0409	0.0489	0.4335	0.1267	-0.4685	0.0358
ENSMUSG00000026426	-0.2392	0.3236	-0.3580	0.3494	0.3606	-0.3929
ENSMUSG00000026429	-0.4236	-0.0197	0.5026	0.7046	0.4385	-0.4024
ENSMUSG00000026430	0.0784	1.2663	-0.2934	0.3403	0.2470	-0.1851
ENSMUSG00000026432	0.1035	-0.5020	-0.0184	-0.1818	-0.1222	0.1037
ENSMUSG00000026435	-0.0743	0.3265	-0.0037	-0.2472	-0.6975	0.3792
ENSMUSG00000026436	-0.6738	0.0287	-0.0339	0.4598	-0.1032	-0.1126
ENSMUSG00000026439	0.1978	-0.4570	0.0977	-0.0612	-0.5188	-0.3703
ENSMUSG00000026442	-0.1005	0.3237	-0.1472	-0.2978	-0.5618	0.2094
ENSMUSG00000026447	-0.4792	0.2007	0.0443	0.1742	0.3400	0.0589
ENSMUSG00000026450	0.6013	-0.1222	0.1161	0.6845	-0.3972	-0.4081
ENSMUSG00000026456	1.3662	1.0869	1.8838	1.9799	2.3930	3.0566
ENSMUSG00000026457	-0.1184	-0.3279	0.1163	0.4961	0.4630	0.0343
ENSMUSG00000026458	0.4227	-0.0584	0.3167	0.0662	0.0020	-0.2172
ENSMUSG00000026463	0.3571	0.5456	0.0643	0.0082	-0.7924	0.0621
ENSMUSG00000026470	0.1753	-0.0583	-0.7902	0.4715	0.5652	-0.3780
ENSMUSG00000026473	0.0659	0.2083	-0.1166	-0.4515	0.3878	-0.4482
ENSMUSG00000026478	0.3154	-0.2643	0.2479	-0.0946	-0.7041	-0.5082
ENSMUSG00000026479	1.4655	1.5781	2.1333	2.0720	2.1190	2.3789
ENSMUSG00000026480	0.0064	-0.0224	0.2102	0.3004	-0.2635	-0.3511
ENSMUSG00000026482	-0.0676	0.3568	0.1880	-0.1432	-0.0778	-0.8386
ENSMUSG00000026484	1.1248	0.0344	0.0746	-0.3941	-0.0842	-0.0040
ENSMUSG00000026491	-0.4969	0.0336	-0.0376	0.5750	-0.0308	0.3795
ENSMUSG00000026494	0.0466	0.0119	-0.1257	0.2262	-0.5508	0.5125
ENSMUSG00000026496	0.1462	1.1486	-0.0270	-0.3300	-0.3209	-0.2768
ENSMUSG00000026499	0.5832	-0.1913	-0.2004	0.3321	-0.2164	-0.2091
ENSMUSG00000026500	-0.0265	-0.1306	-0.2126	0.2925	-0.2409	0.2600
ENSMUSG00000026509	-0.4196	0.0529	-0.0679	-0.9538	0.4382	-0.1313
ENSMUSG00000026510	0.6021	-0.1483	0.0341	0.0234	-0.2630	0.1801
ENSMUSG00000026511	-0.2906	0.4882	0.4036	0.1721	0.6022	-0.5078
ENSMUSG00000026516	-0.2279	-0.2746	-0.4349	-0.4217	-0.3374	0.1875
ENSMUSG00000026520	-0.3488	-0.5541	0.5375	0.3792	-0.5321	-0.5729
ENSMUSG00000026526	0.0220	0.5255	-0.0774	0.2530	-0.0561	0.0721
ENSMUSG00000026535	-0.3923	0.0982	0.6993	-0.0893	-0.0419	0.3625
ENSMUSG00000026556	-0.1012	-0.2781	-0.7790	-0.2866	0.3130	-0.1147
ENSMUSG00000026558	0.2159	-0.0775	0.5474	0.4111	0.1238	0.2009
ENSMUSG00000026560	0.0245	-0.3279	-0.2735	-0.3080	0.1688	0.1439
ENSMUSG00000026565	0.7569	-0.2001	-0.0503	0.2303	-0.3792	-0.2679
ENSMUSG00000026567	0.3138	-0.5488	0.2917	0.2517	0.2460	0.3546
ENSMUSG00000026568	-0.1191	-0.8425	-0.3263	0.2188	0.0952	0.0950
ENSMUSG00000026573	0.6367	0.0058	0.3166	0.1504	-0.4400	-0.1482
ENSMUSG00000026575	0.8215	-0.0926	0.1687	-0.0161	0.2289	0.0391
ENSMUSG00000026576	-0.0326	-0.1383	-0.4052	-0.4087	0.0669	-0.9379
ENSMUSG00000026579	0.3124	0.5210	-0.0265	0.0838	0.1873	0.2605
ENSMUSG00000026580	-0.0540	0.0820	-0.1606	0.5544	0.1236	0.0258
ENSMUSG00000026581	-0.2254	0.2254	0.2500	0.2064	0.0028	0.2456
ENSMUSG00000026582	0.1533	0.3084	0.2505	-0.7596	-0.2251	0.0053
ENSMUSG00000026585	0.1703	-0.5993	0.1716	0.0461	-0.6537	0.1124
ENSMUSG00000026596	-1.1419	0.3207	0.2459	-0.9249	0.3407	0.2890
ENSMUSG00000026600	-0.0393	0.0570	-0.1575	0.7939	-0.4344	0.2613
ENSMUSG00000026602	-0.1204	0.1819	0.4880	-0.0973	-0.2090	0.2791
ENSMUSG00000026603	0.0247	-0.0880	-0.2661	-0.0343	-0.1692	0.5326
ENSMUSG00000026615	0.0608	0.2614	0.0846	-0.7740	-0.4059	-0.4690
ENSMUSG00000026616	-0.3961	-0.3646	-0.0871	-0.0557	0.0718	-0.5961
ENSMUSG00000026617	-0.0988	-0.6527	-0.0806	-0.1113	0.2156	-0.5877
ENSMUSG00000026618	0.8869	1.7466	1.2528	2.5985	2.4768	3.0417
ENSMUSG00000026623	0.4235	-0.2123	-0.0314	0.0921	0.1715	0.3185
ENSMUSG00000026626	1.1170	1.1577	2.1907	1.6074	2.7916	2.5703
ENSMUSG00000026630	-0.1217	-0.2028	0.3580	0.9349	0.0486	-0.1851
ENSMUSG00000026637	0.2389	0.0498	0.1863	-0.1313	-0.0753	-0.1953
ENSMUSG00000026639	1.0395	1.0766	2.3101	2.3795	1.8993	2.3668
ENSMUSG00000026640	0.4049	-0.5391	-0.5733	-0.2114	0.8247	0.3604
ENSMUSG00000026645	-0.8386	0.0974	-0.0397	-0.3595	0.1325	0.5492
ENSMUSG00000026646	-0.2178	-0.3289	0.2873	0.1709	-0.3110	0.4012
ENSMUSG00000026648	0.8293	-0.3527	-0.1359	0.1614	-0.2466	0.5482
ENSMUSG00000026656	0.2152	0.2082	-0.1768	0.4775	0.2776	-0.2837
ENSMUSG00000026662	-0.0100	0.7858	0.5700	-0.2674	0.0457	0.1361
ENSMUSG00000026663	-0.4152	0.0021	0.1126	-0.2318	-0.7766	0.0694
ENSMUSG00000026664	0.1030	0.0547	-0.1923	0.2436	-0.0852	0.2558
ENSMUSG00000026670	-0.8256	-1.2712	-1.8657	-1.3959	-2.1171	-2.6982
ENSMUSG00000026672	0.2431	0.3015	0.1341	-0.3094	0.4641	0.1829
ENSMUSG00000026675	0.3748	0.4033	-0.7159	0.2019	0.1913	0.2754
ENSMUSG00000026687	-0.2964	0.1932	-1.2322	-0.0152	-0.0178	0.3396
ENSMUSG00000026688	0.5351	1.3894	0.9536	0.5405	0.6425	1.9821
ENSMUSG00000026691	-0.8307	-0.9234	-1.0846	-1.2067	-0.8134	-2.0609
ENSMUSG00000026692	0.1542	0.1814	0.0793	-0.0526	-0.4848	-0.0513
ENSMUSG00000026696	0.6061	0.2833	-0.0428	-0.3210	-0.3662	0.4108
ENSMUSG00000026698	-0.1369	0.2442	0.6663	0.3712	-0.4794	-0.0514
ENSMUSG00000026700	-0.3446	-0.0418	-0.5845	0.0969	-0.4940	0.4078
ENSMUSG00000026701	0.5164	0.1544	-0.4232	-0.1963	-0.1379	0.1245
ENSMUSG00000026709	-0.0410	0.1825	-0.2157	0.2430	0.1828	0.2293
ENSMUSG00000026712	-0.2494	-0.3467	-0.1733	0.0893	-0.5836	-0.3389
ENSMUSG00000026715	-0.2248	-0.6787	-0.8212	-1.4853	-0.7564	-0.6915
ENSMUSG00000026718	0.1725	-0.2323	0.1171	-0.5764	-0.0609	-0.4649
ENSMUSG00000026725	0.1739	0.0895	0.0242	0.7465	-0.4211	0.1551
ENSMUSG00000026726	0.0538	0.1641	0.2471	0.1033	0.0339	-0.3271
ENSMUSG00000026728	-0.3264	-0.3404	-0.0312	-0.3155	-0.4035	-0.0687
ENSMUSG00000026737	-0.5496	-0.2170	-0.3491	0.3598	-0.5869	0.5686
ENSMUSG00000026739	-0.0400	0.2487	0.0454	-0.3099	-0.1914	0.0641
ENSMUSG00000026740	-0.2072	-0.3258	0.6875	-0.0455	0.4716	-0.2591
ENSMUSG00000026750	0.1834	-0.0110	0.1676	-0.0823	0.1415	-0.6464
ENSMUSG00000026751	-0.3673	-0.1727	0.0583	-0.1996	-0.8091	-0.2242
ENSMUSG00000026755	0.4023	-0.2781	-0.0106	0.2225	-0.5261	-0.2575
ENSMUSG00000026761	-0.0014	-0.1362	0.3356	-0.3529	0.1005	-0.2983
ENSMUSG00000026764	0.1843	0.6308	-0.1668	0.3668	0.6399	0.1607
ENSMUSG00000026765	-0.0554	0.3516	-0.4397	-0.1702	-0.3291	0.2643
ENSMUSG00000026766	1.8524	0.9628	1.5918	2.0962	2.3701	2.8032
ENSMUSG00000026768	0.0296	0.4889	0.0750	-0.1278	0.4128	-0.5117
ENSMUSG00000026770	-0.1590	0.3691	-0.2812	0.0654	0.3771	0.2331
ENSMUSG00000026771	0.2187	0.3997	0.1073	-0.0325	0.5349	-0.2698
ENSMUSG00000026773	0.1335	0.0890	0.5447	0.6171	0.5591	0.2488
ENSMUSG00000026778	0.0727	0.0568	-0.2713	0.4848	0.2456	0.2038
ENSMUSG00000026782	0.5715	0.2099	-0.0639	-0.0524	-0.0275	0.2900
ENSMUSG00000026784	0.3894	0.1948	0.3328	-0.3086	0.1012	-0.2739
ENSMUSG00000026785	0.2008	0.8493	0.1587	-0.2515	-0.2892	0.6080
ENSMUSG00000026786	0.2154	0.2712	0.6835	0.3280	-0.1121	0.2362
ENSMUSG00000026787	-0.1269	-0.3446	-0.0819	0.0517	-0.0968	-0.0900
ENSMUSG00000026797	-0.3276	0.1139	0.6402	-0.2900	0.0196	-0.0737
ENSMUSG00000026798	-0.0281	-0.1009	0.1064	0.5635	0.0345	-0.3511
ENSMUSG00000026799	-0.6609	-0.3811	0.0396	0.0327	-0.0273	0.1330
ENSMUSG00000026803	-0.2671	-0.0487	-0.2020	0.7826	0.6130	-0.4901
ENSMUSG00000026807	-0.3068	-0.2998	0.3033	0.2430	0.1406	0.4173
ENSMUSG00000026810	0.1240	-0.0837	-0.2300	-0.2164	0.1865	-0.1039
ENSMUSG00000026811	0.5373	-0.2085	-0.1886	-0.3080	0.2956	-0.6129
ENSMUSG00000026812	0.1882	0.2448	-0.3342	-0.1454	0.1467	0.2250
ENSMUSG00000026817	-0.4898	-0.0734	-0.2777	-0.0483	0.4555	0.3153
ENSMUSG00000026818	0.0871	-0.0608	-0.0277	-0.6553	0.2685	0.5492
ENSMUSG00000026820	0.8592	-0.1409	0.4367	0.0563	0.1605	-0.0455
ENSMUSG00000026821	0.6672	0.0635	-0.1366	0.5922	-0.4505	-0.2532
ENSMUSG00000026822	-0.0433	-0.1569	0.0623	-0.0150	0.0011	0.1419
ENSMUSG00000026824	0.2086	-0.4774	0.4710	0.1619	-0.0186	0.4041
ENSMUSG00000026825	-0.2379	-0.2165	-0.4301	0.3333	-0.1816	-0.1408
ENSMUSG00000026826	-0.0489	0.1157	0.4199	-0.0617	0.1116	-0.0962
ENSMUSG00000026827	0.2543	-0.3383	-0.0524	0.5455	-0.4673	-0.3979
ENSMUSG00000026828	-0.3334	0.0678	0.8500	-0.8105	0.4405	-0.0581
ENSMUSG00000026829	-0.5263	0.0455	0.4675	0.1921	0.2005	0.0601
ENSMUSG00000026834	-0.2785	0.5149	-0.0631	-0.1056	0.0025	-0.2665
ENSMUSG00000026836	0.2631	0.0704	0.5350	-0.0059	0.0581	-0.7493
ENSMUSG00000026837	-0.2419	0.8189	-0.4683	-0.7813	-0.2260	0.1815
ENSMUSG00000026839	-0.2048	0.5945	-0.3143	0.7196	-0.1185	0.5323
ENSMUSG00000026840	0.7675	0.9021	0.8195	0.4296	0.8531	1.0269
ENSMUSG00000026842	-0.2162	0.0864	0.8056	-0.0928	-0.2490	0.4165
ENSMUSG00000026853	-0.7940	-0.0416	-0.2786	0.2413	0.0731	-0.3282
ENSMUSG00000026856	0.0165	-0.3770	-0.2178	-0.0700	0.1204	-0.0278
ENSMUSG00000026860	0.0764	0.3241	-0.0041	-0.1956	-0.3087	-0.1673
ENSMUSG00000026864	-0.4464	-0.3172	0.4357	-0.1659	-0.1751	-0.3179
ENSMUSG00000026866	0.7168	-0.2352	-0.0444	-0.1946	-0.3629	-0.3774
ENSMUSG00000026872	-0.4720	0.1707	0.6978	0.9699	0.1317	0.1089
ENSMUSG00000026873	0.1739	0.0483	0.1536	0.1596	-0.3406	0.0252
ENSMUSG00000026874	-0.6396	-0.0695	0.0002	0.0429	0.2947	-0.0533
ENSMUSG00000026875	-0.0040	0.3051	0.2625	-0.1124	-0.0084	-0.1127
ENSMUSG00000026878	0.1296	0.3443	-0.2450	-0.2581	0.3354	-0.5718
ENSMUSG00000026879	-0.1545	-0.2883	-0.0271	-0.4770	0.0912	0.1752
ENSMUSG00000026883	-0.2584	-0.0470	-0.4019	-0.9400	0.0852	0.4732
ENSMUSG00000026895	-0.6282	-0.1390	-0.1176	0.3148	-0.1158	-0.0209
ENSMUSG00000026896	0.7039	0.0577	0.0048	0.3254	-0.3144	-0.1191
ENSMUSG00000026914	0.3939	-0.5918	-0.1162	-0.2348	-0.5709	0.2039
ENSMUSG00000026917	-0.0480	-0.0765	0.7438	0.3279	-0.0672	0.0961
ENSMUSG00000026922	-0.6636	0.1159	-0.4887	0.0893	-0.1022	0.1421
ENSMUSG00000026923	0.2795	-0.2774	1.0462	0.1619	0.0021	-0.2093
ENSMUSG00000026925	-0.1745	0.0540	-0.4782	0.1946	-0.5701	0.8061
ENSMUSG00000026928	-0.0700	0.1261	0.2120	0.0388	-0.1382	-0.6009
ENSMUSG00000026930	0.1640	-0.1326	-0.0892	-0.0150	0.1555	-0.2371
ENSMUSG00000026942	0.7149	-0.1624	0.0893	-0.0676	0.5375	0.6194
ENSMUSG00000026944	1.1679	1.8760	1.8281	1.5485	2.5474	2.5641
ENSMUSG00000026950	0.3277	0.4800	0.2830	0.8180	1.5367	1.1376
ENSMUSG00000026956	1.5775	1.8487	2.0710	1.8281	2.2943	2.7379
ENSMUSG00000026959	-0.4643	-0.8730	-0.8961	-1.2880	-0.8678	-1.8643
ENSMUSG00000026965	-0.3394	0.3169	-0.0065	-0.0087	-0.1416	0.5113
ENSMUSG00000026971	-0.1098	0.3829	0.1205	0.2221	-0.2977	-0.8107
ENSMUSG00000026976	0.3295	0.8372	1.2584	0.9692	1.5006	0.6566
ENSMUSG00000026979	0.2122	-0.2468	-0.2579	0.1805	-0.2547	0.1075
ENSMUSG00000026981	0.1430	0.5380	-0.1303	0.0632	0.3104	-0.0085
ENSMUSG00000026983	0.2187	0.2494	0.3499	0.6620	0.7333	-0.3532
ENSMUSG00000026984	0.1929	0.3027	-0.6583	-0.2317	-0.2571	-0.2968
ENSMUSG00000026985	1.0469	-0.6418	-0.6355	0.1328	-0.3882	0.1426
ENSMUSG00000026986	-0.3705	-0.2382	0.2058	0.1826	-0.1246	-0.1234
ENSMUSG00000026987	-0.1369	0.1991	-0.0226	-0.2477	0.2614	-0.2850
ENSMUSG00000026994	-0.4894	0.0623	0.0589	-0.1578	0.3492	0.0466
ENSMUSG00000026999	-0.2608	0.5036	0.3407	0.2658	-0.3944	-0.1487
ENSMUSG00000027002	0.1628	-0.4202	0.2916	-0.0705	-0.6486	0.2353
ENSMUSG00000027004	-0.2948	-0.4075	0.2688	0.3575	-0.2567	0.1378
ENSMUSG00000027006	-0.5043	-0.1375	0.5390	-0.0575	-0.6593	0.2427
ENSMUSG00000027009	0.3055	0.0436	0.4277	-0.1494	-0.0993	0.0011
ENSMUSG00000027011	0.7308	0.0914	0.7742	0.3301	0.1599	-0.0124
ENSMUSG00000027012	-0.4909	-0.0842	-0.0795	0.0752	0.0707	-0.4378
ENSMUSG00000027015	-0.3951	0.3379	0.4520	-0.0320	-0.0037	-0.5650
ENSMUSG00000027018	-0.3577	0.1512	-0.1299	0.0510	-0.2409	0.6172
ENSMUSG00000027022	0.2172	0.4162	0.5116	-0.3033	0.0244	0.3343
ENSMUSG00000027030	-0.6340	0.2460	0.0935	0.0056	-0.1599	-0.5670
ENSMUSG00000027035	1.1398	1.2552	2.2799	1.9004	2.1863	2.4055
ENSMUSG00000027048	-0.3173	0.2630	0.2189	0.0944	-0.4314	-0.7661
ENSMUSG00000027068	0.4481	0.2198	0.2316	0.2365	0.0112	-0.3233
ENSMUSG00000027070	-0.0683	-0.2399	0.1825	-0.4142	-0.0530	0.0377
ENSMUSG00000027071	0.2606	-0.1910	0.4559	-0.1020	-0.2823	-0.3844
ENSMUSG00000027073	0.1379	-0.3145	-0.0011	-0.0264	0.2580	-0.2632
ENSMUSG00000027078	-0.2730	-0.5232	0.5820	-0.1761	0.3926	-0.1029
ENSMUSG00000027079	0.1221	0.0811	0.1853	-0.0601	-0.1317	-0.3915
ENSMUSG00000027082	0.6196	0.1881	-0.3199	0.0590	-0.3631	0.0242
ENSMUSG00000027087	0.0795	-0.1896	-0.1136	-0.4496	-0.0675	0.5276
ENSMUSG00000027088	0.3666	-0.1097	0.1743	-0.0113	0.4331	-0.1778
ENSMUSG00000027099	0.0852	0.4146	0.2498	0.0731	0.3025	0.3536
ENSMUSG00000027104	0.4294	-0.1241	-0.3687	0.3643	0.4260	-0.2542
ENSMUSG00000027107	-0.2220	0.7552	-0.5810	-0.2093	0.4836	-0.2090
ENSMUSG00000027111	0.6916	1.5952	2.0008	1.5129	2.5407	2.8542
ENSMUSG00000027115	-0.2377	-0.4375	-0.2714	0.0843	0.4434	0.2813
ENSMUSG00000027120	0.4074	0.4955	0.1508	-0.5272	-0.0966	-0.0858
ENSMUSG00000027133	0.7723	0.1012	0.1745	-0.2736	-0.2928	-0.0266
ENSMUSG00000027134	-0.3377	-0.0052	-0.0878	-0.1028	-0.0755	0.3308
ENSMUSG00000027164	-0.7162	-0.3466	0.2466	0.1764	0.3693	-0.1086
ENSMUSG00000027168	0.2787	0.2158	-0.7844	0.1289	0.4216	0.7414
ENSMUSG00000027176	0.3648	-0.1509	-0.9221	-0.2092	-0.0645	-0.2614
ENSMUSG00000027177	0.1082	-0.0982	0.1133	-0.1262	-0.3827	-0.4174
ENSMUSG00000027185	-0.2767	0.4353	0.2938	0.0891	-0.0744	-0.1286
ENSMUSG00000027186	0.2192	0.2570	-0.4415	0.0273	-0.1116	-0.0886
ENSMUSG00000027187	0.6243	-0.0883	0.9029	0.0711	-0.4318	0.3554
ENSMUSG00000027195	-0.3618	0.0536	-0.2768	0.3486	-0.0818	0.2552
ENSMUSG00000027198	-0.0974	0.3924	0.1351	0.1652	0.0302	-0.3444
ENSMUSG00000027199	-0.3240	-0.5964	-0.3957	-0.7991	-1.6442	-1.2498
ENSMUSG00000027200	0.3234	0.1698	0.4969	0.7289	0.3665	0.0965
ENSMUSG00000027203	-0.0229	-0.4854	-0.2889	0.2739	-0.2627	0.7267
ENSMUSG00000027204	0.5839	-0.2586	0.0452	-0.1873	-0.0419	-0.5627
ENSMUSG00000027207	-0.5504	0.4747	-0.7742	-0.1125	0.4161	-0.1132
ENSMUSG00000027208	0.2529	0.0994	0.1847	-0.4886	0.2403	-0.0344
ENSMUSG00000027215	-0.2930	-0.3132	0.2812	-0.1403	0.6065	0.0024
ENSMUSG00000027221	0.0691	0.3687	-0.4356	0.1648	-0.1668	0.0004
ENSMUSG00000027222	-0.8180	0.2054	0.0278	0.1640	0.3435	0.6054
ENSMUSG00000027223	0.2596	0.4066	0.0807	1.0011	1.1387	1.1435
ENSMUSG00000027225	0.5784	-0.4016	0.6110	0.6465	0.0632	-0.1185
ENSMUSG00000027227	0.2026	0.2029	0.0010	0.2175	0.2021	0.6471
ENSMUSG00000027230	-0.0124	0.1977	-0.0891	0.1682	-0.9287	-0.0229
ENSMUSG00000027244	0.4438	0.2969	-0.3748	-0.1042	-0.2031	-0.4027
ENSMUSG00000027246	-0.9667	0.0384	-0.7730	-1.0906	-1.6486	-0.6702
ENSMUSG00000027248	0.0111	0.0137	0.1206	-0.5038	0.0698	0.5225
ENSMUSG00000027249	0.2867	0.2461	0.2827	-0.4873	0.2988	-0.5311
ENSMUSG00000027254	0.2695	0.2247	0.1307	-0.3115	-0.2112	-0.2254
ENSMUSG00000027255	-0.4048	-0.2531	-1.0492	-1.0358	-1.0499	-1.3250
ENSMUSG00000027261	-0.7400	-0.4001	0.3924	0.4512	0.5323	-0.1496
ENSMUSG00000027273	-0.1615	-0.1263	-0.3724	-0.1651	-0.3653	-0.2016
ENSMUSG00000027276	-0.4437	0.1936	-0.1569	0.0841	0.7396	-0.2000
ENSMUSG00000027287	-0.0535	-0.0399	-0.0644	-0.7015	-0.1091	-0.2853
ENSMUSG00000027291	0.2648	-0.1122	-0.0941	0.2032	0.2273	-0.1766
ENSMUSG00000027293	-0.3978	0.0016	0.7912	0.2532	0.7701	0.2229
ENSMUSG00000027296	-0.3444	-0.3415	0.2591	0.0929	-0.6775	-0.2968
ENSMUSG00000027298	0.2041	0.8637	0.1594	1.0901	1.3050	0.7797
ENSMUSG00000027300	-0.4593	-0.5779	0.0093	0.0803	0.0375	0.1307
ENSMUSG00000027301	0.2843	-0.0874	-0.1144	-0.1313	0.1045	-0.1079
ENSMUSG00000027305	-0.3360	0.1193	0.3656	-0.0876	-0.2347	-0.0969
ENSMUSG00000027313	-0.2676	0.2598	0.3358	0.5039	0.6031	0.5862
ENSMUSG00000027314	-0.0864	0.0107	0.4546	0.4582	0.3471	-0.2859
ENSMUSG00000027315	-0.0295	-0.1997	-0.5597	0.4624	0.1855	0.0403
ENSMUSG00000027322	-0.5739	-0.1554	-0.3782	0.1376	0.4012	-0.1012
ENSMUSG00000027323	-0.0609	0.3330	-0.4422	-0.3344	0.3250	-0.1401
ENSMUSG00000027326	-0.0710	0.3602	0.2791	0.2165	-0.1292	0.8269
ENSMUSG00000027330	0.1238	-0.2015	-0.1419	0.6095	0.2992	0.0236
ENSMUSG00000027332	-0.3962	0.0743	0.1414	-0.1226	0.0387	-0.1655
ENSMUSG00000027333	-0.0362	0.0505	-0.2326	0.1115	-0.2620	0.1949
ENSMUSG00000027335	-0.0846	0.3127	-0.0078	0.1663	0.1207	0.4024
ENSMUSG00000027339	-0.2101	-0.3951	-0.1172	0.3020	-0.1052	0.0009
ENSMUSG00000027342	-0.3089	0.1375	-0.4854	0.4366	0.0491	-0.3107
ENSMUSG00000027346	-0.1681	-0.0395	0.4560	0.4670	-0.5615	0.4217
ENSMUSG00000027347	-0.3573	-0.0066	0.1950	0.0362	-0.0325	0.1437
ENSMUSG00000027357	0.3208	0.1902	0.0938	0.4690	-0.3453	-0.2435
ENSMUSG00000027358	-0.1743	-0.0131	0.0966	-0.0853	0.5596	0.0781
ENSMUSG00000027359	0.1339	-0.2473	0.5711	-0.0406	0.3332	-0.3250
ENSMUSG00000027360	0.0472	-0.3087	-0.6277	0.1592	0.1743	-0.3343
ENSMUSG00000027363	0.3015	0.2554	-0.5583	-0.6823	-0.4463	-0.3921
ENSMUSG00000027365	-0.0869	0.3762	-0.2409	-0.1049	-0.1338	-0.9042
ENSMUSG00000027368	0.4952	0.2806	-0.1124	-0.2145	-0.6172	-0.5974
ENSMUSG00000027374	-0.4198	0.2904	-0.3322	-0.2477	-0.2941	-0.8201
ENSMUSG00000027379	0.1871	0.1276	0.3089	-0.2738	-0.2573	-0.5822
ENSMUSG00000027381	-0.4610	0.0419	-0.1127	0.0591	-0.4971	-0.2709
ENSMUSG00000027384	0.5074	-0.4880	-0.0398	0.2151	0.0870	-0.2556
ENSMUSG00000027395	-0.1138	0.3097	-0.2050	-0.4525	-0.4066	-0.1831
ENSMUSG00000027398	0.2753	0.2684	-0.4541	0.2074	0.2138	0.3415
ENSMUSG00000027399	-0.0431	-0.1902	-0.1035	-0.1346	0.1923	0.0109
ENSMUSG00000027400	-0.3127	-0.1325	-0.4203	-0.1211	0.1354	-0.2538
ENSMUSG00000027401	1.1791	1.3379	1.5743	1.7714	2.7198	2.5437
ENSMUSG00000027404	-0.4141	-0.9877	-1.1398	-1.3284	-1.2636	-1.6925
ENSMUSG00000027405	0.0627	0.1039	0.5573	0.2874	0.0899	0.1227
ENSMUSG00000027406	-0.4257	-0.1214	0.2498	0.3974	0.0999	0.2136
ENSMUSG00000027411	-0.3398	-0.1601	0.2636	0.5663	-0.4455	0.3752
ENSMUSG00000027412	0.0589	-0.6505	-0.4096	-0.0229	-0.2349	-0.2101
ENSMUSG00000027422	0.1243	-0.6737	-0.2045	-0.0962	-0.4736	0.2679
ENSMUSG00000027423	-0.2852	0.3328	-0.0090	-0.1154	0.1078	0.1682
ENSMUSG00000027427	0.1154	0.2220	-0.0916	-0.0918	0.0716	-0.6102
ENSMUSG00000027429	0.3370	0.3725	0.3028	0.1141	-0.0053	-0.0058
ENSMUSG00000027433	0.5652	-0.1834	0.2843	-0.1970	-0.0119	0.1554
ENSMUSG00000027434	-0.0415	0.5410	-0.3900	0.1576	-0.1084	-0.2113
ENSMUSG00000027447	-0.2194	-0.1805	0.0770	-0.4566	-0.4591	-0.1485
ENSMUSG00000027452	0.6682	-0.1810	-0.2463	0.0657	-0.5270	0.6903
ENSMUSG00000027455	-0.3161	-0.2382	-0.4108	-0.2531	0.3468	-0.0884
ENSMUSG00000027460	0.2127	-0.6049	0.1532	-0.3033	0.7383	0.1677
ENSMUSG00000027463	0.6597	0.0470	-0.2000	0.4651	0.7610	-0.4061
ENSMUSG00000027466	0.6205	-0.2256	-0.5402	0.1866	-0.4213	0.0044
ENSMUSG00000027470	0.1083	0.3135	-0.1415	-0.4235	-0.2626	-0.3869
ENSMUSG00000027475	0.7711	0.1729	0.2129	-0.2851	-0.2050	0.1099
ENSMUSG00000027478	0.3538	0.0697	0.6476	-0.1156	0.0689	0.2516
ENSMUSG00000027488	0.0027	-0.1268	0.1288	0.2899	-0.0950	-0.5583
ENSMUSG00000027490	0.5587	0.1054	-0.3660	-0.2263	0.2146	0.0668
ENSMUSG00000027496	0.5426	-0.3901	-0.2518	-0.4518	-0.2806	0.2832
ENSMUSG00000027498	0.2095	-0.4460	0.5336	0.1922	-0.2061	0.0514
ENSMUSG00000027499	0.2339	0.1926	-0.3028	-0.2233	-0.0004	0.0775
ENSMUSG00000027509	-0.0860	0.2231	0.2428	-0.2523	-0.1515	0.1015
ENSMUSG00000027513	0.6631	0.0099	0.1380	-0.4360	0.0981	0.2128
ENSMUSG00000027514	0.2533	0.0988	0.1002	-0.1761	0.5221	0.0759
ENSMUSG00000027519	0.1417	0.1100	0.9904	-0.2776	-0.0702	0.0497
ENSMUSG00000027522	-0.0055	0.1394	-0.1826	-0.3732	0.2170	0.6150
ENSMUSG00000027523	0.1454	0.2165	0.8127	0.3747	0.2553	-0.0264
ENSMUSG00000027524	0.2097	-0.1290	-0.4070	-0.2043	-0.1212	0.0340
ENSMUSG00000027531	0.0834	-0.3495	-0.2187	0.1527	0.1786	-0.4634
ENSMUSG00000027533	0.4863	-0.1827	-0.4799	-0.5009	0.1237	-0.3418
ENSMUSG00000027536	0.0215	0.3520	-0.3585	-0.1890	-0.3148	-0.1288
ENSMUSG00000027540	0.3811	0.3144	0.0389	0.5006	-0.2455	0.3875
ENSMUSG00000027544	0.2184	-0.1134	-0.1031	-0.1578	-0.0073	-0.1035
ENSMUSG00000027552	0.6740	0.1377	-0.1733	-0.6312	-0.8423	0.5595
ENSMUSG00000027555	0.1633	0.0159	0.0327	-0.1732	0.4539	-0.3978
ENSMUSG00000027556	0.1439	0.0310	0.5416	0.0574	-0.2290	0.0923
ENSMUSG00000027559	0.7241	-0.4019	0.5770	0.3141	-0.5037	0.4200
ENSMUSG00000027562	-0.1128	-0.2331	0.1322	0.6487	0.2617	-0.4195
ENSMUSG00000027566	-0.5085	-0.5015	0.5480	-0.2223	-0.0903	-0.4622
ENSMUSG00000027568	0.7990	0.8365	0.7391	1.2346	1.3971	0.7387
ENSMUSG00000027569	0.5400	-0.3738	0.0269	0.2528	0.0825	-0.6566
ENSMUSG00000027570	-0.1782	-0.2922	0.8095	0.5140	0.0201	-0.0673
ENSMUSG00000027575	-1.4037	-0.6584	-1.3314	-0.8342	-1.1677	-1.7868
ENSMUSG00000027577	-0.1732	0.5405	0.3542	-0.1112	-0.1250	0.1669
ENSMUSG00000027584	0.7832	0.6488	1.2096	0.5763	0.8677	1.8813
ENSMUSG00000027596	-0.8996	-0.0004	-0.1051	-0.3485	-0.0434	0.0258
ENSMUSG00000027597	0.0188	0.2805	-0.5985	0.1593	-0.2540	-0.1162
ENSMUSG00000027598	-0.1555	-0.9075	-1.0875	-1.0923	-0.6945	-2.0421
ENSMUSG00000027602	-0.1240	0.3700	0.6207	0.0906	0.2806	-0.1768
ENSMUSG00000027603	-0.1449	-0.1423	-0.4158	-0.3963	0.7879	-0.1351
ENSMUSG00000027605	0.5096	0.5811	0.9533	1.2089	1.4232	1.2963
ENSMUSG00000027606	-0.0494	0.2615	-0.5054	-0.5221	0.4442	0.4241
ENSMUSG00000027610	-0.1477	-0.0948	0.0786	0.0043	-0.0533	0.0513
ENSMUSG00000027611	0.3717	-0.0116	-0.5021	-0.0475	-0.0579	-0.2642
ENSMUSG00000027612	-0.1433	-0.3370	-0.3565	0.0045	0.0617	-0.3521
ENSMUSG00000027613	-0.0065	-0.1120	-0.8405	0.1372	0.1653	0.4601
ENSMUSG00000027618	-0.0706	-0.1080	-0.3726	-0.1900	-0.3125	-0.4098
ENSMUSG00000027624	-0.0276	-0.2951	0.0462	-0.0029	0.2241	-0.1617
ENSMUSG00000027630	-0.3443	0.6199	-0.5052	-0.1739	-0.4377	-0.6262
ENSMUSG00000027639	0.4835	0.2221	0.3236	0.5907	0.4111	-0.3257
ENSMUSG00000027641	-0.4378	-0.0757	0.1559	0.0314	-0.3587	-0.3073
ENSMUSG00000027642	0.4175	0.4565	-0.5475	0.2669	-0.1454	0.2095
ENSMUSG00000027643	-0.1471	0.5807	-0.0721	0.2578	0.0239	0.1555
ENSMUSG00000027646	-0.4178	0.3027	-0.1899	0.0020	0.1843	-0.0725
ENSMUSG00000027649	0.7669	-0.0769	-0.2826	0.0519	0.3331	-0.1392
ENSMUSG00000027650	0.0384	0.4740	0.5156	-0.2059	0.5798	0.7064
ENSMUSG00000027652	0.2741	0.3819	-0.2389	0.3720	-0.1035	-0.6967
ENSMUSG00000027660	-0.3830	0.4644	-0.0784	-0.3353	0.3379	0.0184
ENSMUSG00000027663	-0.2287	-0.0452	-0.0027	-0.0378	-0.3504	0.1210
ENSMUSG00000027665	-0.5615	-0.6580	0.3463	-0.7637	-0.2562	-0.6181
ENSMUSG00000027668	-0.0583	0.5260	-0.0657	-0.4324	-0.2769	-0.0384
ENSMUSG00000027669	0.3144	-0.3928	-0.5807	-0.2694	0.5633	0.2419
ENSMUSG00000027671	0.4071	-0.4755	0.1604	0.1511	-0.2330	0.6236
ENSMUSG00000027673	-0.1867	-0.0244	-0.0169	-0.0296	-0.0863	-0.4529
ENSMUSG00000027674	-0.4226	0.3543	0.2546	0.4655	0.2050	0.4211
ENSMUSG00000027678	0.1356	0.3730	-0.5447	-0.3554	-0.3876	-0.2605
ENSMUSG00000027684	-0.3328	-0.1824	-0.2142	-0.1078	0.1047	-0.5010
ENSMUSG00000027690	0.0647	-0.0771	0.0718	-0.3045	-0.4715	0.0706
ENSMUSG00000027695	-0.3199	-0.2624	0.2489	-0.3460	-0.1125	-0.0978
ENSMUSG00000027698	0.1661	0.1249	0.1368	-0.2371	0.3438	-0.0169
ENSMUSG00000027706	0.1787	-0.0440	0.3173	-0.3364	-0.6680	-0.0986
ENSMUSG00000027709	0.5350	-0.2228	-0.3341	-0.1817	-0.2755	0.6233
ENSMUSG00000027714	-0.1492	0.2174	-0.4194	0.0250	-0.3254	0.2885
ENSMUSG00000027715	-0.5611	0.1232	0.2215	-0.4523	-0.1134	-0.1977
ENSMUSG00000027716	0.2059	0.0607	0.0635	-0.2595	0.3573	0.3358
ENSMUSG00000027718	0.2526	0.5924	0.5270	0.8676	0.0230	0.4174
ENSMUSG00000027720	0.4767	0.0380	0.6614	0.1756	-0.2572	-0.2364
ENSMUSG00000027722	0.2545	0.4232	0.1587	0.2794	-0.0698	-0.2469
ENSMUSG00000027737	-0.4307	-0.0635	0.3363	-0.2620	-0.5321	0.1822
ENSMUSG00000027739	-0.2194	-0.4727	0.2723	-0.2597	0.5354	0.3088
ENSMUSG00000027748	-0.0759	0.2360	0.0223	0.0129	0.2559	0.4011
ENSMUSG00000027751	-0.5161	-0.5498	0.4375	0.3469	0.7066	1.0851
ENSMUSG00000027752	-0.6650	0.2833	-0.4549	0.4660	0.1957	0.0062
ENSMUSG00000027762	-0.4380	-0.3793	-0.4322	-0.5673	-0.5277	-0.1951
ENSMUSG00000027765	-0.3390	-0.4112	-0.2446	-0.4308	0.3591	-0.4311
ENSMUSG00000027770	-0.5835	-0.1711	0.5536	-0.4865	-0.4073	-0.2190
ENSMUSG00000027776	-0.2110	0.0010	-0.0549	0.0376	-0.4951	0.1924
ENSMUSG00000027782	-0.3936	-0.2636	0.3606	-0.3583	0.1671	0.8424
ENSMUSG00000027787	0.1757	-0.0102	0.2367	-0.0942	0.4539	-0.3705
ENSMUSG00000027790	0.9562	0.5450	0.2276	0.5784	0.5053	1.4330
ENSMUSG00000027793	0.3327	0.5036	0.0897	0.0033	0.4159	0.2957
ENSMUSG00000027796	-0.1482	0.5558	0.3925	0.3350	0.4254	-0.4223
ENSMUSG00000027803	-0.2036	-0.0345	-0.0108	0.4141	0.7560	0.0900
ENSMUSG00000027804	-0.0564	-0.1095	0.7013	0.3348	-0.6050	-0.1190
ENSMUSG00000027805	0.6056	-0.2378	-0.1992	0.0140	0.0054	-0.1193
ENSMUSG00000027820	0.9789	1.5622	1.5534	2.0070	1.5163	2.0296
ENSMUSG00000027822	-0.3096	-0.5447	-0.1950	0.4195	0.5422	0.2666
ENSMUSG00000027823	0.3582	-0.0019	0.1968	-0.2734	-0.2594	-0.3551
ENSMUSG00000027828	-0.2330	0.4355	0.1658	0.4479	-0.2425	-0.1795
ENSMUSG00000027835	0.0017	-0.5327	0.3555	0.0842	-0.2357	0.0334
ENSMUSG00000027840	-0.0661	-0.7808	0.2418	0.1896	-0.1215	0.2126
ENSMUSG00000027852	-0.7306	-0.0637	-0.1401	-0.1553	0.9972	0.2031
ENSMUSG00000027854	0.0570	0.2073	-0.0342	0.6245	-0.4550	0.2185
ENSMUSG00000027857	-0.1377	-0.1656	0.3543	0.5230	0.4454	-0.1166
ENSMUSG00000027859	0.6062	-0.3514	-0.0503	-0.4737	0.2161	0.2780
ENSMUSG00000027860	0.2016	0.2161	0.0579	-0.6647	0.2293	-0.3302
ENSMUSG00000027861	0.2965	-0.2407	0.3878	-0.3324	-0.2722	0.1486
ENSMUSG00000027863	-0.2083	0.2804	-0.2614	-0.5956	0.9143	-0.3398
ENSMUSG00000027869	-0.5976	-0.1113	-0.3547	-0.1159	-0.3227	0.0438
ENSMUSG00000027870	-0.3645	0.3779	0.0562	-0.6226	-0.2982	-0.2249
ENSMUSG00000027871	-0.0569	0.1046	-0.3486	-0.1819	0.5104	0.8169
ENSMUSG00000027875	0.1558	-0.4008	-0.0983	-0.0232	-0.2319	-0.3248
ENSMUSG00000027876	-0.8206	-0.1821	0.1975	-0.3968	0.0587	-0.0017
ENSMUSG00000027878	-0.1039	0.1775	-0.0639	0.4481	0.1398	0.0805
ENSMUSG00000027879	-0.2460	-0.1462	0.0830	0.2621	0.1001	-0.0810
ENSMUSG00000027881	-0.5276	0.3294	-0.3908	0.5657	0.0771	0.4216
ENSMUSG00000027889	-0.3386	0.0931	0.6448	-0.6568	-0.0897	-0.4670
ENSMUSG00000027890	0.0766	-0.1621	0.2090	0.0226	-0.1855	-0.4875
ENSMUSG00000027893	0.0090	-0.4906	-0.3586	0.0724	-0.2310	-0.1265
ENSMUSG00000027902	-0.7232	0.2879	0.2859	0.1950	0.1054	-0.1174
ENSMUSG00000027907	1.1491	1.5714	1.2977	2.1366	2.3672	2.6821
ENSMUSG00000027908	0.4299	0.2828	0.3947	0.3388	-0.2267	0.1705
ENSMUSG00000027912	1.4769	1.1865	1.3168	1.5690	1.9767	2.0910
ENSMUSG00000027919	0.8324	1.5952	2.1831	2.0989	1.7786	1.6109
ENSMUSG00000027923	0.6629	0.3841	1.2174	1.0855	0.5274	1.5322
ENSMUSG00000027931	0.2062	-0.5055	-0.2635	0.4085	0.6254	0.0619
ENSMUSG00000027932	0.0591	0.5553	0.1479	-0.4791	0.3568	0.4891
ENSMUSG00000027935	-0.3645	0.2632	0.2528	-0.5961	-0.3897	0.0924
ENSMUSG00000027936	0.0627	0.1610	-0.2087	-0.5942	0.3433	-0.0794
ENSMUSG00000027938	0.4649	-0.0506	0.1802	0.1185	0.2625	-0.3119
ENSMUSG00000027939	0.1086	0.1052	0.0829	-0.7175	0.2904	-0.0177
ENSMUSG00000027940	-0.4821	0.4012	-0.1455	0.2715	0.5937	0.1574
ENSMUSG00000027947	-0.2959	-0.2786	-0.3212	-0.1454	-0.0176	0.0414
ENSMUSG00000027950	1.0041	1.0654	0.6370	1.3508	0.9812	0.9903
ENSMUSG00000027951	0.0181	0.0512	-0.3253	-0.6350	-0.4726	-0.3989
ENSMUSG00000027952	0.2069	0.2971	-0.2845	-0.2582	-0.0227	-0.2058
ENSMUSG00000027954	0.2722	-0.5058	-0.8572	-0.4917	-0.1761	0.0123
ENSMUSG00000027962	-0.6514	-0.0213	-0.1167	-0.2176	0.0994	0.2463
ENSMUSG00000027963	-0.0284	-0.1432	-0.1641	-0.4787	-0.3766	0.7791
ENSMUSG00000027966	-0.2136	0.1021	-0.3463	0.3898	0.3049	0.1720
ENSMUSG00000027971	0.3536	0.0286	0.1746	-0.1202	0.3343	-0.2917
ENSMUSG00000027977	0.4693	-0.1563	-0.7203	0.6542	0.0901	0.4882
ENSMUSG00000027983	0.1543	-0.1617	-0.1785	-0.3401	-0.1729	-0.3439
ENSMUSG00000027984	0.2817	-0.0334	0.4403	0.0085	0.0832	-0.0114
ENSMUSG00000027985	0.1486	-0.6437	-0.1334	0.1459	0.1002	0.0131
ENSMUSG00000027995	-0.2764	-0.2471	-0.2062	-0.0214	0.1705	-0.1128
ENSMUSG00000027996	-0.0614	-0.3686	-0.0044	0.5646	0.3966	0.1578
ENSMUSG00000027997	0.0843	0.1195	0.1372	-0.2430	-0.6967	-0.1730
ENSMUSG00000027998	-0.0214	-0.2830	-0.8663	0.1903	0.1849	0.2800
ENSMUSG00000027999	0.1666	0.0794	0.3121	0.3599	0.4501	-0.5177
ENSMUSG00000028001	0.2479	0.2669	0.2396	0.0347	0.1575	0.8034
ENSMUSG00000028003	-0.2487	-0.1862	0.1412	-0.3295	-0.4614	0.4195
ENSMUSG00000028004	0.1096	0.3466	-0.1992	0.2173	0.5525	-0.4025
ENSMUSG00000028005	-0.2114	-0.3481	0.1901	0.3919	0.3078	0.5975
ENSMUSG00000028008	-0.1877	-0.2452	0.6327	-0.0628	0.1273	0.0505
ENSMUSG00000028010	-0.0836	0.1166	0.6936	-0.1905	0.3179	-0.1369
ENSMUSG00000028011	-0.8863	0.1778	0.6096	0.2619	-0.0311	-0.3033
ENSMUSG00000028013	0.0975	-0.1348	-0.5404	-0.1603	-0.0056	0.3956
ENSMUSG00000028015	-0.4413	-0.0627	0.4352	0.3612	-0.0414	-0.2335
ENSMUSG00000028017	0.0038	-0.3985	-0.0056	-0.4492	0.0545	0.2524
ENSMUSG00000028019	0.3046	0.1896	0.0880	-0.0803	-0.0490	-0.3243
ENSMUSG00000028020	-0.1976	-0.8779	-0.4286	0.3407	0.3040	-0.0265
ENSMUSG00000028023	-0.4539	0.0633	0.1233	0.2683	0.3502	-0.2241
ENSMUSG00000028024	0.5179	0.1040	-0.3491	0.1591	0.4084	0.0037
ENSMUSG00000028031	-0.5404	-0.0490	-0.3955	0.0733	-0.4341	0.4953
ENSMUSG00000028032	0.6061	0.6830	1.0340	0.9218	0.9010	2.0496
ENSMUSG00000028033	0.3613	0.1484	0.3768	-0.1412	0.1819	0.3456
ENSMUSG00000028036	0.9081	0.3564	-0.0374	-0.3665	0.3779	0.6442
ENSMUSG00000028039	0.1925	-0.3139	0.4328	-0.3607	-0.0700	0.2892
ENSMUSG00000028040	-0.4700	0.4860	0.3341	0.1730	-0.4802	0.2831
ENSMUSG00000028044	-0.1657	-0.7645	0.1822	0.2964	-0.2936	-0.2680
ENSMUSG00000028047	0.6023	0.1175	-0.1351	0.0877	-0.3616	-0.2104
ENSMUSG00000028048	0.5800	1.6183	1.7620	2.0163	1.9748	2.7368
ENSMUSG00000028051	-0.8785	-0.3924	-0.6277	-0.7004	-0.8825	-1.0839
ENSMUSG00000028053	0.1702	-0.2043	0.4426	-0.0456	0.4615	-0.3980
ENSMUSG00000028059	-0.5683	-0.2898	0.2131	-0.0654	0.2076	-0.1861
ENSMUSG00000028062	0.4106	0.2005	0.0407	0.1565	0.1656	0.1029
ENSMUSG00000028063	0.1756	0.2029	-0.0189	0.0820	0.1144	0.5072
ENSMUSG00000028064	-0.0081	0.2538	-0.1705	0.0816	-0.3020	0.2480
ENSMUSG00000028068	0.6035	0.9101	-0.1507	0.1987	0.0489	0.4420
ENSMUSG00000028071	1.0927	-0.5637	0.3049	0.2387	0.1543	-0.1625
ENSMUSG00000028072	-0.1002	0.0316	0.1424	0.0900	-0.0523	-0.1051
ENSMUSG00000028076	-0.4899	0.4489	-0.1102	-0.3286	0.0709	0.2229
ENSMUSG00000028081	-0.2269	-0.1470	0.3354	0.3732	-0.0930	-0.9371
ENSMUSG00000028085	0.4176	-0.3663	0.3406	0.0497	0.1800	-0.5669
ENSMUSG00000028086	0.4527	-0.0355	-0.5075	-0.7074	0.4499	-0.3701
ENSMUSG00000028088	0.9316	0.2305	-0.1208	-0.1981	0.3124	0.2454
ENSMUSG00000028099	-0.6538	0.7135	0.0487	-0.1648	0.0736	0.4306
ENSMUSG00000028101	0.2375	0.2216	0.0628	0.3604	0.6217	-0.4652
ENSMUSG00000028102	0.0064	-0.1294	0.1063	0.1168	0.1168	0.1295
ENSMUSG00000028104	0.2447	0.6404	0.3639	-0.4009	0.3461	-0.1172
ENSMUSG00000028107	1.1324	1.9423	1.6685	1.7872	2.2029	2.0694
ENSMUSG00000028111	-0.3281	0.1186	-0.3716	0.6019	0.0537	0.3189
ENSMUSG00000028116	0.5831	0.0351	0.5403	0.2189	-0.2988	0.1524
ENSMUSG00000028124	-0.3981	-0.3998	0.7435	-0.2974	-0.2911	0.2928
ENSMUSG00000028125	-1.2245	-1.2432	-1.5646	-2.6476	-1.7862	-2.1721
ENSMUSG00000028126	0.7888	0.4886	-0.2624	-0.5183	0.3262	0.0267
ENSMUSG00000028127	1.3553	0.9249	1.8864	2.1453	2.9364	2.4166
ENSMUSG00000028128	-0.2336	-0.2867	0.0977	0.1193	0.3465	-0.1815
ENSMUSG00000028138	-0.1511	0.1991	-0.1335	0.0380	-0.1080	0.1975
ENSMUSG00000028140	-0.1778	0.0814	0.1889	-0.1509	0.7543	0.3639
ENSMUSG00000028145	0.1550	-0.7248	-0.1957	0.0561	0.4692	0.5018
ENSMUSG00000028148	-0.0440	-0.4687	0.4236	0.1457	0.0782	0.1089
ENSMUSG00000028150	0.2640	-0.3354	0.0940	-0.1056	-0.5303	0.2104
ENSMUSG00000028156	0.1456	-0.1554	-0.1659	-0.6466	-0.4953	-0.1300
ENSMUSG00000028158	0.6423	-0.0484	0.0039	0.1226	-0.1152	0.3169
ENSMUSG00000028159	0.0041	0.2958	-0.0119	0.0418	0.0549	0.0826
ENSMUSG00000028161	0.0975	0.2320	0.3584	0.2097	-0.4962	0.0766
ENSMUSG00000028163	0.2481	-0.1467	0.0575	-0.0530	0.7580	0.0009
ENSMUSG00000028164	0.3559	-0.0089	-0.3138	0.2276	-0.2364	-0.3569
ENSMUSG00000028172	0.1489	0.4790	0.0769	-0.5104	0.0374	0.1589
ENSMUSG00000028174	-0.5764	0.3778	0.0103	-0.1157	-0.2488	-0.0440
ENSMUSG00000028179	0.0948	-0.0404	0.2269	-0.0805	-0.2564	0.0412
ENSMUSG00000028185	0.2346	0.6533	-0.2351	-0.0619	0.1269	-0.2332
ENSMUSG00000028186	-0.5126	0.0796	-0.3682	0.3048	0.4513	0.1420
ENSMUSG00000028191	0.0938	0.3452	-0.3309	0.2014	-0.4130	-0.3094
ENSMUSG00000028197	-0.5921	-0.1078	0.0442	0.1724	-0.3823	0.0196
ENSMUSG00000028207	0.1618	0.4867	0.1346	0.6564	0.2430	-0.2459
ENSMUSG00000028212	-0.5246	0.0754	-0.2732	0.4852	0.3737	0.3532
ENSMUSG00000028217	-0.1844	0.6922	-0.1442	0.1272	0.1276	-0.6807
ENSMUSG00000028221	0.1121	0.0047	-0.1179	0.4112	0.4467	0.0735
ENSMUSG00000028222	0.1150	0.5592	-0.0456	0.2234	-0.2502	-0.0467
ENSMUSG00000028224	-0.0565	0.3080	0.3231	0.1198	-0.8026	0.6457
ENSMUSG00000028226	0.2897	0.4118	-0.0661	-0.1027	-0.1920	-0.4100
ENSMUSG00000028234	0.6357	1.0263	0.5232	0.5366	1.0355	1.6785
ENSMUSG00000028236	-0.0145	0.4230	-0.2231	0.6206	0.1957	0.0249
ENSMUSG00000028238	-0.6703	-0.6803	0.0971	0.2192	0.5503	0.0477
ENSMUSG00000028240	-0.4661	0.2944	-0.2632	-0.0243	-0.2434	0.4391
ENSMUSG00000028245	0.0402	-0.1224	-0.5728	-0.3303	0.0153	0.2862
ENSMUSG00000028247	-0.6163	-0.1361	-0.0260	-0.5391	-0.5678	-0.3415
ENSMUSG00000028255	0.4479	-0.2365	-0.1712	-0.4406	-0.0527	-0.2022
ENSMUSG00000028261	-0.0186	-0.1550	-0.1221	0.0099	0.0107	-0.2751
ENSMUSG00000028262	-0.3438	0.0128	0.4910	-0.5016	-0.4269	0.5578
ENSMUSG00000028268	-0.0412	0.1225	-0.2060	0.3565	0.2300	-0.7832
ENSMUSG00000028270	-0.1339	0.0382	-0.1077	0.2394	0.1037	-0.0251
ENSMUSG00000028271	0.0693	-0.1459	-0.1628	-0.3159	-0.2629	-0.4838
ENSMUSG00000028273	-0.1918	0.2587	-0.2968	-0.2236	-0.1292	0.3071
ENSMUSG00000028274	-0.2303	-0.3976	0.4556	0.0879	0.4203	0.0938
ENSMUSG00000028277	-0.4581	-0.0938	0.1102	0.1153	0.0690	-0.1181
ENSMUSG00000028278	-0.5375	0.6315	-0.3236	-0.1734	0.8141	0.1492
ENSMUSG00000028280	0.6066	-0.0541	0.0042	-0.0386	-0.1090	-0.0493
ENSMUSG00000028284	0.1137	0.3564	-0.4201	-0.5584	0.1847	-0.3442
ENSMUSG00000028287	0.6057	-0.5323	0.2402	-0.4803	-0.2466	-0.1942
ENSMUSG00000028289	0.1474	-0.2726	0.2375	0.0661	0.1987	0.3336
ENSMUSG00000028292	0.9945	1.0360	1.8010	1.8344	2.5376	2.6164
ENSMUSG00000028298	0.4112	0.0769	-0.1480	-0.5057	-0.2080	0.2267
ENSMUSG00000028300	0.3541	-0.0785	-0.6402	0.4577	-0.3917	-0.1056
ENSMUSG00000028307	0.3854	-0.0641	-0.3255	0.5633	-0.5274	0.2144
ENSMUSG00000028310	0.3373	-0.1364	0.8312	0.2830	0.8102	0.6687
ENSMUSG00000028318	0.1092	-0.5592	0.4142	-0.2387	-0.6169	-0.1890
ENSMUSG00000028322	-0.2463	-0.0446	-0.1247	0.3923	0.5210	0.0952
ENSMUSG00000028328	0.2564	-0.1755	-0.4071	-0.3915	-0.1046	-0.0544
ENSMUSG00000028329	-0.4165	0.0301	-0.1897	0.3937	-0.2173	-0.1182
ENSMUSG00000028330	0.1234	-0.6810	0.2071	-0.6783	0.1313	-0.6611
ENSMUSG00000028334	-1.0676	-1.7402	-1.4423	-1.6710	-2.0870	-2.8552
ENSMUSG00000028339	1.0177	1.0494	0.2010	0.7336	0.9342	1.5749
ENSMUSG00000028341	0.9743	-0.3674	0.0179	-0.0856	0.5722	-0.4222
ENSMUSG00000028344	-0.0002	0.6536	-0.2505	-0.1737	0.1243	-0.3732
ENSMUSG00000028345	0.1917	-0.1079	-0.1582	0.0195	-0.0701	0.3628
ENSMUSG00000028354	-0.0038	-0.0468	-0.1477	0.5103	-0.3612	-0.1058
ENSMUSG00000028357	-0.3862	0.4769	-0.2349	0.0962	-0.5703	-0.1575
ENSMUSG00000028360	0.2312	-0.3721	-0.3598	0.3062	-0.4499	0.2064
ENSMUSG00000028362	0.2139	0.1865	0.2224	-0.0343	-0.1043	-0.2160
ENSMUSG00000028364	0.6341	-0.2372	0.1315	0.2322	0.3835	-0.1058
ENSMUSG00000028367	-0.2292	0.4307	0.4372	-0.4117	0.1639	-0.1315
ENSMUSG00000028378	0.4470	-0.1496	-0.3670	-0.3302	-0.2721	0.3573
ENSMUSG00000028381	0.7019	1.3177	1.5699	2.2106	2.4137	2.4044
ENSMUSG00000028393	0.0509	0.4110	0.0720	0.0805	-0.0996	0.1470
ENSMUSG00000028394	-0.3277	-0.1808	-0.4032	0.1619	0.2104	-0.1731
ENSMUSG00000028399	0.3139	0.6032	0.1431	-0.0462	-0.2120	0.0162
ENSMUSG00000028402	-0.1794	0.5659	-0.4005	0.0676	-0.1762	0.5996
ENSMUSG00000028405	-0.1357	0.0580	-0.0542	0.4220	-0.1035	-0.1352
ENSMUSG00000028410	0.0560	0.1393	-0.2429	0.2248	-0.2381	0.3821
ENSMUSG00000028411	0.1363	-0.2242	-0.0914	-0.1029	-0.3286	0.2389
ENSMUSG00000028412	-0.4812	0.3482	-0.1702	-0.2956	-0.2120	0.4995
ENSMUSG00000028413	-0.0859	0.1938	-0.1471	-0.1862	-0.5152	-0.2337
ENSMUSG00000028414	0.1662	-0.2932	0.0463	0.4400	-0.2978	0.1043
ENSMUSG00000028416	-0.2833	0.0276	-0.4447	-0.0688	0.4004	0.1449
ENSMUSG00000028419	-0.3016	-0.3677	-0.3568	0.2048	0.1025	0.6000
ENSMUSG00000028423	0.4254	-0.5297	0.0175	-0.2283	-0.3359	-0.1756
ENSMUSG00000028426	-0.1993	0.1105	-0.0813	-0.3010	0.0073	-0.3474
ENSMUSG00000028427	-0.0226	0.3768	-0.1546	-0.1675	-0.3439	-0.0361
ENSMUSG00000028430	0.0951	-0.4137	-0.6424	-0.2898	-0.3345	-0.0317
ENSMUSG00000028434	-0.0074	0.0630	0.3326	-0.0114	-0.4692	-0.2128
ENSMUSG00000028435	-0.3065	-0.2669	-0.5807	-0.2270	0.0512	-0.8069
ENSMUSG00000028438	0.4639	-0.2969	0.6288	-0.0374	0.3106	-0.1025
ENSMUSG00000028443	0.2904	-0.2621	0.4231	0.2996	-0.3057	0.5152
ENSMUSG00000028444	-0.1311	-0.3326	0.0350	0.4377	-0.3513	0.3289
ENSMUSG00000028447	1.1722	0.9852	0.4742	1.1863	0.8017	2.0115
ENSMUSG00000028452	-0.3516	-0.4843	-0.6633	-0.8872	-0.0026	0.2023
ENSMUSG00000028453	0.0599	0.3467	0.2352	-0.6754	0.5139	-0.0668
ENSMUSG00000028454	0.0340	-0.4291	-0.0480	-0.5567	0.2920	-0.5190
ENSMUSG00000028456	-0.7459	0.0290	-0.6337	-0.0407	-0.1709	0.3265
ENSMUSG00000028459	-0.0984	0.4721	0.3975	0.4718	0.0581	-0.4286
ENSMUSG00000028463	-0.2518	-0.1222	0.6439	0.0338	-0.0715	-0.3242
ENSMUSG00000028464	-0.2830	-0.1145	-0.8676	-1.1863	-1.4489	-1.2846
ENSMUSG00000028465	-0.4035	-0.9913	-1.0273	-1.4129	-1.0905	-1.5332
ENSMUSG00000028466	0.0367	0.2114	-0.1980	0.2518	-0.1151	0.0631
ENSMUSG00000028467	1.2178	1.5651	2.0553	2.2326	2.2407	2.5591
ENSMUSG00000028469	0.7234	-0.1059	0.1560	-0.1027	-0.0591	0.0507
ENSMUSG00000028476	-0.0431	0.5010	-0.7112	-0.5501	0.0610	-0.1205
ENSMUSG00000028478	0.1268	0.0070	0.3162	0.7376	0.4346	0.2536
ENSMUSG00000028479	1.5424	1.6372	1.8042	1.7052	2.3193	2.6809
ENSMUSG00000028484	0.3895	-0.2126	0.3731	0.0111	-0.2093	-0.0948
ENSMUSG00000028488	-0.3501	0.0069	0.2009	-0.2765	0.1442	0.2824
ENSMUSG00000028494	0.0966	0.0207	-0.3052	-0.1172	-0.0842	-0.3432
ENSMUSG00000028495	-0.3453	-0.2665	0.0595	-0.1954	0.3322	0.2214
ENSMUSG00000028496	0.1582	-0.5667	0.0231	-0.6728	0.3693	0.2730
ENSMUSG00000028497	0.2580	0.0054	-0.3741	-0.3922	-0.1383	-0.8684
ENSMUSG00000028517	-0.3446	-0.0729	0.9568	0.3612	0.2847	0.2860
ENSMUSG00000028518	-0.4130	-0.6619	0.3485	-0.4641	0.2783	0.6007
ENSMUSG00000028519	0.0519	0.0890	0.0874	0.0692	-0.0769	0.1733
ENSMUSG00000028523	0.4205	-0.6688	0.1339	-0.1261	0.0690	0.1501
ENSMUSG00000028525	0.2897	-0.0039	-0.2652	-0.2569	0.0469	-0.2501
ENSMUSG00000028527	0.6746	0.2739	-0.2514	0.0189	0.4946	-0.4591
ENSMUSG00000028528	0.3199	-0.1733	-0.0026	-0.1838	-0.3673	0.2715
ENSMUSG00000028530	-0.0124	-0.5612	0.2214	0.4746	-0.4928	0.4871
ENSMUSG00000028538	-0.3450	-0.0552	-0.1102	0.1887	-0.3727	0.5544
ENSMUSG00000028539	-0.2636	-0.3895	-0.7108	-0.3305	-0.0268	-0.4839
ENSMUSG00000028541	0.8238	0.4690	0.2889	-0.0272	-0.1693	0.3147
ENSMUSG00000028542	0.0865	0.5614	0.0321	0.2218	0.0514	-0.1701
ENSMUSG00000028550	-0.1612	-0.4963	0.0037	0.2815	0.1993	-0.2543
ENSMUSG00000028551	-0.3788	-0.0954	-0.0343	-0.1171	-0.1056	0.3692
ENSMUSG00000028552	-0.6804	-1.0024	-0.8077	-1.1459	-1.8651	-1.0019
ENSMUSG00000028553	0.6960	0.0362	0.0631	-0.4306	0.3900	0.2527
ENSMUSG00000028558	0.4912	-0.2597	-0.4254	0.2125	0.1611	-0.2104
ENSMUSG00000028560	-0.5768	-0.0612	-0.3666	0.1716	-0.5561	0.2505
ENSMUSG00000028567	0.7136	0.3814	-0.6834	-0.0162	0.1901	0.1588
ENSMUSG00000028571	-0.1585	0.3750	-0.5486	0.1436	-0.0178	-0.5375
ENSMUSG00000028573	0.1901	-0.0307	0.4237	-0.0549	0.1057	-0.2924
ENSMUSG00000028577	0.1609	0.0759	0.4929	-0.4186	0.2050	-0.9823
ENSMUSG00000028580	-0.7056	0.3831	0.2092	-0.0667	0.2623	-0.3353
ENSMUSG00000028581	-0.1796	-0.6576	0.1571	0.6843	0.7709	0.0978
ENSMUSG00000028587	-0.0838	0.3336	-0.3181	-0.1172	-0.2726	-0.5339
ENSMUSG00000028597	-0.2573	-0.2748	-0.3142	-0.8516	-0.1579	-0.4005
ENSMUSG00000028599	0.0767	0.0609	0.6500	0.2277	-0.0246	-0.4371
ENSMUSG00000028602	0.0689	0.3295	0.2235	0.1281	-0.2261	-1.0137
ENSMUSG00000028603	0.5929	1.2875	1.8472	1.8423	2.7239	2.4259
ENSMUSG00000028607	0.6344	-0.5827	0.1982	-0.2648	0.2028	-0.1385
ENSMUSG00000028609	-0.0650	0.2343	0.5518	0.2171	-0.2297	-0.0541
ENSMUSG00000028614	0.3134	0.1866	0.1103	-0.3286	0.6920	0.3745
ENSMUSG00000028621	-0.2830	-0.0041	0.1413	-0.2005	0.4736	-0.2194
ENSMUSG00000028622	0.0126	-0.1124	0.0056	-0.0191	0.0737	0.8911
ENSMUSG00000028626	0.2562	-0.2903	0.0451	0.1454	-0.2324	0.0211
ENSMUSG00000028631	0.3924	0.2081	0.2108	0.4465	-0.1598	-0.0873
ENSMUSG00000028633	-0.5633	0.1178	0.1915	0.2048	-0.2818	-0.0668
ENSMUSG00000028635	-0.0089	-0.4609	0.0404	-0.1520	0.0886	0.1622
ENSMUSG00000028636	-0.1274	-0.2932	0.3012	0.3443	0.1334	0.0158
ENSMUSG00000028645	0.6793	1.0474	0.7482	1.1762	1.4589	0.6340
ENSMUSG00000028646	-0.3643	0.0914	-0.4949	-0.3279	-0.3982	-0.2644
ENSMUSG00000028648	0.2596	-0.5828	0.0274	-0.0195	0.1550	-0.4292
ENSMUSG00000028651	-0.4758	0.4640	-0.2432	-0.2975	0.3050	-0.2548
ENSMUSG00000028653	-0.2211	0.1791	-0.4373	0.3533	-0.3514	0.0660
ENSMUSG00000028657	0.1298	-0.3427	-0.2170	-0.1835	-0.2940	-0.0611
ENSMUSG00000028661	0.2917	0.0682	-0.0134	0.1623	-0.0880	0.5035
ENSMUSG00000028664	0.4605	-0.2558	-0.1358	-0.4249	-0.0432	0.5707
ENSMUSG00000028670	-0.7614	-0.9788	-1.0817	-0.9008	-1.5321	-0.9304
ENSMUSG00000028671	0.0538	-0.1660	0.3770	0.4485	-0.5111	-0.2081
ENSMUSG00000028672	-0.1212	-0.3130	0.1671	0.0059	0.4922	0.2565
ENSMUSG00000028673	-0.0914	-0.5159	0.2203	0.4244	-0.2624	0.1810
ENSMUSG00000028676	0.0268	0.0039	-0.1040	-0.1989	-0.7200	-0.3650
ENSMUSG00000028678	-0.3122	0.4165	-0.2371	-0.8334	-0.4001	-0.1644
ENSMUSG00000028680	-1.0535	0.1683	0.0936	0.2969	-0.0100	0.1630
ENSMUSG00000028681	0.0238	0.0686	-0.2742	0.4731	-0.2101	0.0411
ENSMUSG00000028683	-0.6948	-0.1344	0.2971	0.0335	-0.2413	0.6205
ENSMUSG00000028684	0.2789	-0.2324	0.1113	-0.0479	0.5573	-0.1768
ENSMUSG00000028687	0.1553	-0.4038	0.2242	-0.2065	0.0688	0.2131
ENSMUSG00000028690	0.1385	-0.0616	0.2720	0.0890	0.0730	-0.2310
ENSMUSG00000028691	0.1431	0.4187	0.3611	-0.4851	-0.3454	-0.1690
ENSMUSG00000028692	-0.1031	0.8566	0.2945	0.1088	-0.4374	-0.0767
ENSMUSG00000028698	-0.7007	-0.1310	0.3960	-0.2401	-0.1970	0.1258
ENSMUSG00000028700	-0.5209	-0.4605	0.7483	-0.2671	-0.1435	0.3945
ENSMUSG00000028702	-0.3285	-0.1027	-0.9884	-0.3761	0.1560	-0.3153
ENSMUSG00000028708	-0.2387	-0.1365	-0.0323	-0.1327	-0.3685	-0.1372
ENSMUSG00000028712	0.3040	-0.4305	0.3581	-0.1754	-0.2662	0.2110
ENSMUSG00000028715	0.2176	0.3997	0.7777	1.1383	1.1670	1.2545
ENSMUSG00000028719	-0.3535	0.0849	0.2667	0.6387	-0.3669	0.4128
ENSMUSG00000028736	-0.0826	-0.2405	0.4960	-0.1674	0.0922	0.2722
ENSMUSG00000028737	-0.2699	0.2103	-0.2423	0.0283	0.5224	-0.4063
ENSMUSG00000028738	-0.1718	0.0122	-0.9836	0.2911	-0.5500	0.0979
ENSMUSG00000028743	0.3295	-0.0269	0.2867	0.0436	-0.2134	-0.2183
ENSMUSG00000028744	0.3773	0.3945	0.1862	-0.7118	-0.0343	-0.1676
ENSMUSG00000028745	0.5537	0.4265	-0.4743	0.0588	-0.0237	-0.4620
ENSMUSG00000028747	0.0198	-0.2393	-0.2838	-0.0163	-0.1431	-0.0365
ENSMUSG00000028749	-0.2692	0.1493	0.1074	0.4204	0.1344	0.1330
ENSMUSG00000028750	0.1104	-0.1764	-0.5538	-0.1857	0.2785	-0.8353
ENSMUSG00000028751	-0.2133	0.1966	0.1368	0.5575	0.6165	-0.1459
ENSMUSG00000028755	-0.1809	-0.1508	-0.5850	0.5256	0.0276	-0.1513
ENSMUSG00000028756	-0.3972	-0.1747	-0.3517	0.0744	0.1949	0.1190
ENSMUSG00000028757	0.3215	-0.1817	-0.3018	0.4668	-0.0301	-0.1299
ENSMUSG00000028758	-0.1284	0.1694	-0.4857	-0.2010	-0.2009	0.0275
ENSMUSG00000028760	-0.8456	-1.3200	-0.8061	-0.9421	-1.0343	-1.6083
ENSMUSG00000028763	0.3326	0.5978	0.1700	-0.1387	0.8728	-0.1765
ENSMUSG00000028766	0.3339	-0.4102	-0.0342	0.2560	0.0011	-0.1124
ENSMUSG00000028773	0.4296	0.6942	-0.3193	-0.0311	0.0231	0.4840
ENSMUSG00000028777	0.2814	-0.0134	-0.0868	0.2724	-0.6797	0.0968
ENSMUSG00000028778	-0.2865	0.1380	0.2313	-0.0902	-0.3490	0.1620
ENSMUSG00000028780	-0.3816	-0.2883	0.0562	-0.1612	0.2085	-0.1464
ENSMUSG00000028789	-0.6422	-0.1160	0.1567	0.2754	0.3871	0.1591
ENSMUSG00000028792	0.0016	-0.4555	-0.1269	0.0977	-0.1719	-0.1004
ENSMUSG00000028794	0.2405	-0.1859	0.1980	-0.4132	-0.1072	0.0458
ENSMUSG00000028796	-0.3989	-0.1560	0.0208	0.1851	0.8055	-0.1972
ENSMUSG00000028800	-0.2334	0.4775	-0.4479	0.2055	-0.1159	-0.0703
ENSMUSG00000028809	-0.1799	0.1817	0.2950	1.0283	0.2160	0.0777
ENSMUSG00000028811	1.5484	1.7641	1.9953	1.3927	1.8708	2.4550
ENSMUSG00000028821	0.4198	0.0432	-0.1839	-0.3487	0.0045	0.5137
ENSMUSG00000028832	-0.1561	-0.5523	0.3719	0.3493	0.3643	0.1794
ENSMUSG00000028833	-0.6285	-0.5855	0.7309	0.4279	-0.3356	0.2109
ENSMUSG00000028834	-0.0319	0.1650	-0.0631	0.4389	0.7846	0.0033
ENSMUSG00000028837	0.7420	0.0830	0.2983	0.1943	-0.4070	0.0279
ENSMUSG00000028838	0.4087	0.0770	0.3583	0.5653	0.1493	-0.4181
ENSMUSG00000028854	0.0727	0.1995	-0.0244	-0.4413	-0.2562	0.6524
ENSMUSG00000028859	-0.1663	0.3501	-0.0941	0.5697	0.1494	-0.0959
ENSMUSG00000028861	0.6589	-0.2726	-0.2149	-0.2149	-0.3043	-0.1008
ENSMUSG00000028862	0.0442	-0.2613	-0.2138	0.5306	0.0776	0.1311
ENSMUSG00000028863	0.7646	-0.2878	0.2083	-0.5225	-0.2123	0.6575
ENSMUSG00000028864	-0.3019	-0.0890	0.0463	0.3903	0.2641	-0.0979
ENSMUSG00000028868	-0.0237	0.5096	-0.1331	0.2259	-0.5492	-0.4212
ENSMUSG00000028869	-0.0339	-0.0084	-0.2152	-0.2314	-0.2936	0.2143
ENSMUSG00000028871	-0.4331	-0.1586	0.8859	0.4814	0.2160	-0.2760
ENSMUSG00000028874	-0.0519	-0.3885	0.2833	-0.7152	0.3665	-0.0777
ENSMUSG00000028879	0.1021	-0.1822	0.0290	0.0312	-0.1571	0.0761
ENSMUSG00000028883	0.5933	-0.1890	0.3498	-0.4917	-0.0886	-0.4856
ENSMUSG00000028884	-0.0531	0.1844	0.3085	0.1708	0.1497	-0.0162
ENSMUSG00000028893	0.3366	0.1006	-0.1881	0.1070	-0.5001	-0.0971
ENSMUSG00000028894	-0.1027	0.3129	-0.0489	0.5123	0.1633	-0.6354
ENSMUSG00000028899	0.1421	0.5323	0.0675	-0.5395	0.5558	0.0600
ENSMUSG00000028902	-0.3125	-0.0249	-0.1822	0.0763	0.0706	-0.1969
ENSMUSG00000028910	-0.1040	0.5892	0.3314	-0.2485	0.2834	-0.0422
ENSMUSG00000028911	0.1292	-0.3738	-0.0364	0.4756	-0.3320	-0.4278
ENSMUSG00000028914	0.1603	0.0170	-0.1494	0.3408	0.1104	0.1914
ENSMUSG00000028917	-0.3315	0.1108	0.3848	0.1120	-0.7443	0.4008
ENSMUSG00000028926	0.4283	0.4149	-0.3039	0.0043	0.4309	1.0401
ENSMUSG00000028927	0.2548	-0.2266	0.1660	0.0507	-0.3792	0.1442
ENSMUSG00000028932	0.1783	-0.6030	0.2416	-0.0556	-0.3194	0.0080
ENSMUSG00000028933	-0.3965	-0.4858	0.3449	-0.0130	-0.0546	-0.0870
ENSMUSG00000028936	0.8435	-0.2581	0.0976	0.3512	-0.4989	0.1528
ENSMUSG00000028937	-0.0927	0.0598	0.2034	-0.2025	0.5054	-0.0555
ENSMUSG00000028938	-0.2914	0.1485	-0.4567	-0.2349	0.1605	-0.3868
ENSMUSG00000028940	0.0890	-0.1183	0.2404	-0.5744	0.2399	-0.1088
ENSMUSG00000028944	0.5134	-0.2450	-0.0224	-0.2234	-0.0144	-0.3041
ENSMUSG00000028945	-0.4022	0.3821	-0.2755	0.1001	0.3467	0.3298
ENSMUSG00000028946	-0.2291	-0.1773	-0.2240	-0.4884	-0.5273	-0.3071
ENSMUSG00000028949	-0.0559	0.1615	0.1836	0.1239	0.0308	0.2383
ENSMUSG00000028950	-0.0367	0.4181	0.3949	-0.4472	-0.2591	-0.0208
ENSMUSG00000028955	0.1919	0.7108	0.7189	0.0049	-0.0714	0.4589
ENSMUSG00000028957	-0.0784	-0.3354	0.6915	-0.4170	-0.3541	0.3726
ENSMUSG00000028960	0.2562	-0.0509	-0.1590	0.3438	0.0727	0.1598
ENSMUSG00000028961	0.5309	0.1998	0.3430	-0.3912	0.4158	-0.1003
ENSMUSG00000028962	-0.6619	-0.1138	0.0204	0.6091	-0.7823	0.2395
ENSMUSG00000028963	-0.2077	0.0729	0.0231	0.4487	-0.7778	-0.1543
ENSMUSG00000028964	0.1644	-0.0213	-0.0016	-0.2367	-0.0888	0.0083
ENSMUSG00000028965	-0.0585	0.2402	0.1256	-0.3183	0.5080	-0.0801
ENSMUSG00000028969	-0.1275	-0.6054	0.5392	0.1057	0.0126	-0.7033
ENSMUSG00000028970	1.3261	1.0763	1.6756	2.1852	1.8730	2.8637
ENSMUSG00000028971	-0.1500	-0.5987	-0.3426	0.4741	-0.0287	-0.5314
ENSMUSG00000028972	-0.4967	-0.3862	0.8573	-0.3219	-0.0994	0.0551
ENSMUSG00000028973	-0.1360	-0.6368	-0.2050	-0.2074	-0.2660	-0.1823
ENSMUSG00000028974	-0.6776	-0.1277	0.4273	0.3005	-0.1027	-0.2695
ENSMUSG00000028975	0.2399	-0.4906	-0.3242	-0.0003	-0.0762	0.6076
ENSMUSG00000028976	0.0892	-0.6631	0.2107	-0.3834	-0.3454	-0.0550
ENSMUSG00000028978	-0.2610	-0.7453	0.5644	-0.3699	0.5233	0.1515
ENSMUSG00000028979	0.4763	-0.2460	-0.4002	-0.5774	0.4324	0.2338
ENSMUSG00000028980	0.2588	-0.0071	0.1203	0.2874	0.0348	-0.0696
ENSMUSG00000028988	-0.0537	0.2373	-0.2736	0.3051	-0.0310	0.0592
ENSMUSG00000028991	0.1349	-0.6408	0.0194	0.4769	0.2837	-0.3186
ENSMUSG00000028992	-0.1836	-0.2890	0.3029	0.7376	-0.3225	-0.1616
ENSMUSG00000028998	-0.4136	0.6078	-0.9429	-0.2094	-0.0819	0.2976
ENSMUSG00000029003	0.4850	0.2688	0.1230	-0.3164	-0.0223	0.5001
ENSMUSG00000029004	-0.3206	-0.2030	-0.2463	-0.0776	0.5469	-0.1061
ENSMUSG00000029009	-0.0235	0.0622	-0.3186	0.3266	-0.3310	0.1682
ENSMUSG00000029012	0.4489	0.2373	-0.5199	-0.3767	-0.4578	-0.0884
ENSMUSG00000029019	0.4838	-0.1043	0.2030	-0.0509	0.3787	-0.1906
ENSMUSG00000029020	0.0948	-0.4295	0.1460	-0.2889	0.1530	-0.0635
ENSMUSG00000029026	-0.5774	-0.4455	-0.9534	-0.6191	-0.7270	-0.9305
ENSMUSG00000029027	-0.0092	0.4172	0.3894	-0.2271	-0.0105	-0.3152
ENSMUSG00000029033	-0.1773	0.0612	-0.0603	-0.3600	-0.0073	-0.3937
ENSMUSG00000029038	-0.0151	-0.0201	0.5318	-0.5797	0.3167	-0.0336
ENSMUSG00000029047	0.5365	0.0272	-0.0576	0.2599	-0.4851	0.1215
ENSMUSG00000029050	-0.4402	0.0481	-0.2315	-0.3691	-0.3836	0.2041
ENSMUSG00000029053	-0.3591	0.4327	0.2916	0.3608	-0.1691	-0.1879
ENSMUSG00000029054	0.1362	0.1405	-0.2435	0.1276	-0.2162	-0.2990
ENSMUSG00000029055	-0.3871	-0.0695	0.1863	-0.3834	0.1960	0.2098
ENSMUSG00000029059	-0.2371	0.0002	-0.4281	-0.3220	0.0103	-0.2373
ENSMUSG00000029060	0.5892	-0.0019	0.1569	0.7002	-0.1019	0.2210
ENSMUSG00000029063	0.1245	0.2011	0.3218	-0.3040	-0.4077	-0.1395
ENSMUSG00000029064	-0.0457	0.5706	0.0915	0.0662	0.6335	-0.2353
ENSMUSG00000029066	-0.4550	-0.1032	0.1665	-0.5377	-0.8489	0.3705
ENSMUSG00000029070	-0.1543	-0.8028	0.2506	-0.0061	0.5108	-0.6957
ENSMUSG00000029071	-0.1264	-0.3878	-0.1031	-0.3763	0.1550	-0.2306
ENSMUSG00000029072	0.2794	0.5760	0.2269	0.3558	-0.9500	-0.2356
ENSMUSG00000029075	-0.2243	0.1495	0.3279	0.0381	0.0767	-0.2721
ENSMUSG00000029082	0.2186	0.1054	0.0724	0.6456	0.0777	0.0728
ENSMUSG00000029084	0.6661	0.9445	0.8767	1.3456	1.0022	1.8134
ENSMUSG00000029086	-0.0349	-0.2093	0.2489	0.3456	0.3647	-0.0027
ENSMUSG00000029095	1.0738	0.5368	0.1929	-0.1655	-0.5040	-0.3649
ENSMUSG00000029098	-0.1042	0.1039	-0.2765	0.5480	0.0532	0.1405
ENSMUSG00000029103	0.2745	0.3815	0.6537	0.2272	0.9434	-0.1518
ENSMUSG00000029104	0.0395	-0.3889	0.0654	0.0527	0.1509	-0.8867
ENSMUSG00000029108	0.3744	0.3188	0.1009	0.0113	0.6202	0.3560
ENSMUSG00000029111	-0.1966	0.0559	0.6377	0.2829	-0.6552	0.7046
ENSMUSG00000029119	0.0677	0.1022	0.5696	-0.1772	0.2208	-0.2925
ENSMUSG00000029120	1.3340	1.7749	1.5248	2.3209	1.7099	2.9127
ENSMUSG00000029122	-0.2980	0.3978	0.1577	0.2720	-0.3847	0.3918
ENSMUSG00000029125	0.0744	0.0942	-0.3509	-0.2265	0.0002	-0.2851
ENSMUSG00000029134	-0.1780	-0.4258	0.1020	-0.0255	0.2002	-0.0702
ENSMUSG00000029135	0.4948	0.0607	0.0657	-0.4414	0.1957	0.1907
ENSMUSG00000029136	-0.3149	-0.0652	0.6798	0.1194	0.5149	0.0399
ENSMUSG00000029145	-0.2081	0.3954	-0.2820	0.7413	0.2279	0.5616
ENSMUSG00000029156	-0.4076	0.0111	0.3942	-0.2109	-0.1129	-0.1989
ENSMUSG00000029162	-0.3756	0.2604	-0.1525	0.1713	0.3052	0.1672
ENSMUSG00000029167	-0.0468	0.3060	-0.4071	-0.1288	0.0583	0.7455
ENSMUSG00000029168	-0.0732	0.1536	0.3634	-0.1692	-0.3300	0.5111
ENSMUSG00000029169	0.5905	0.0016	-0.0746	0.4428	-0.5985	0.1608
ENSMUSG00000029171	0.1965	-0.0341	0.2797	0.2059	-0.3616	0.5542
ENSMUSG00000029173	1.6162	1.7963	1.4158	1.4713	1.8618	2.2969
ENSMUSG00000029174	-0.7267	0.5635	0.5049	0.0999	-0.5896	0.1330
ENSMUSG00000029176	0.3301	-0.1097	-0.1176	0.3938	-0.3927	0.1696
ENSMUSG00000029178	-0.1086	-0.2261	0.1468	-0.1395	0.2160	-0.0876
ENSMUSG00000029184	0.6554	1.1075	1.3301	0.8137	0.6410	1.3482
ENSMUSG00000029186	0.1790	0.0733	-0.1629	-0.5902	-0.6542	0.5360
ENSMUSG00000029188	-0.1645	0.0519	-0.0588	-0.3734	-0.9080	-0.3764
ENSMUSG00000029191	0.1540	-0.1535	0.2464	-0.0074	0.4251	0.0997
ENSMUSG00000029193	0.5475	-0.4958	-0.2393	0.1321	0.3621	-0.4549
ENSMUSG00000029195	0.4505	0.1331	0.2741	0.1597	0.4942	0.0161
ENSMUSG00000029199	0.6642	0.0095	0.2546	0.1525	0.3487	-0.5163
ENSMUSG00000029201	1.7966	1.3233	1.1976	2.1308	2.4241	2.6069
ENSMUSG00000029202	0.5660	0.5162	-0.5974	-0.5478	0.4238	0.4911
ENSMUSG00000029203	0.7903	0.5231	0.1135	-0.4039	-0.0908	0.2087
ENSMUSG00000029204	-0.3051	0.5341	-0.0858	0.2253	-0.1691	0.1010
ENSMUSG00000029205	0.0283	-0.5211	-0.3179	0.6393	0.2874	-0.2932
ENSMUSG00000029209	-0.1567	-0.1371	0.4880	-0.2782	0.3174	-0.6337
ENSMUSG00000029211	-0.0303	-0.2363	0.0158	-0.0861	-0.1702	0.1542
ENSMUSG00000029212	0.3509	-0.0953	-0.1782	-0.3960	0.0735	-0.3251
ENSMUSG00000029217	0.3822	0.9529	0.7860	0.9247	1.7306	1.2591
ENSMUSG00000029223	-0.2041	-0.5331	-0.0349	0.1455	0.3853	-0.0836
ENSMUSG00000029227	-0.4132	-0.1180	-0.7253	0.2225	0.3731	-0.4402
ENSMUSG00000029231	-0.0952	-0.3677	0.3947	0.2434	-0.1967	0.3557
ENSMUSG00000029233	-0.1034	-0.6276	-0.4156	0.3684	-1.0112	-0.3283
ENSMUSG00000029236	-0.0128	0.2284	-0.1210	0.1023	-0.1853	-0.2504
ENSMUSG00000029238	0.3551	0.0905	0.0447	-0.0482	-0.0815	0.3123
ENSMUSG00000029245	0.4500	-0.0672	-0.2005	-0.2889	-0.1756	-0.3570
ENSMUSG00000029246	-0.1862	-0.8134	-0.0474	-0.0971	0.1392	0.2209
ENSMUSG00000029247	-0.1339	0.1001	-0.5178	-0.1817	0.3021	-0.1668
ENSMUSG00000029249	-0.2745	0.2908	-0.4871	-0.1142	-0.0852	0.5676
ENSMUSG00000029250	0.4923	0.3170	0.6286	0.0386	-0.1025	-0.3025
ENSMUSG00000029255	-0.2693	0.3163	0.1779	-0.4964	0.7484	-0.0946
ENSMUSG00000029260	0.2240	-0.1677	-0.5958	-0.1942	0.3882	-0.0350
ENSMUSG00000029263	0.0429	-0.1843	-0.2617	-0.0683	0.4640	-0.0317
ENSMUSG00000029267	0.2612	0.5459	-0.1183	0.1323	-0.4116	-0.1619
ENSMUSG00000029268	0.4632	0.6756	0.4012	-0.2753	-0.1425	0.3099
ENSMUSG00000029272	-0.3539	0.0765	1.1188	0.9372	-0.0910	-0.2122
ENSMUSG00000029283	-0.1835	-0.5446	0.5647	-0.5001	0.4616	0.2825
ENSMUSG00000029299	0.0506	-0.6056	-0.7719	-0.2425	-0.1719	0.5517
ENSMUSG00000029304	0.3405	-0.6751	-0.0576	0.1697	0.2027	0.3794
ENSMUSG00000029306	-0.1661	-0.0921	0.1858	0.5318	-0.0184	0.0999
ENSMUSG00000029307	-0.1170	-0.6787	0.7949	0.2126	-0.1712	0.0117
ENSMUSG00000029310	0.2275	-0.1090	-0.3531	0.4720	-0.0374	0.0813
ENSMUSG00000029311	0.2290	-0.3828	0.2084	0.4962	0.3316	-0.1913
ENSMUSG00000029313	0.1265	-0.3380	-0.4836	0.2046	-0.3588	-0.8437
ENSMUSG00000029314	0.3664	0.2717	-0.3670	-0.1186	0.3104	0.3906
ENSMUSG00000029319	0.2225	0.1097	0.2673	0.0933	0.1796	-0.2617
ENSMUSG00000029326	-0.2419	0.1807	-0.1955	0.0805	-0.4573	-0.1611
ENSMUSG00000029330	0.1630	0.5257	0.4324	0.0746	-0.1346	-0.3354
ENSMUSG00000029334	0.6443	0.0233	0.0942	-0.0645	-0.4780	-0.4876
ENSMUSG00000029335	0.3361	0.1385	0.2644	0.5144	-0.3907	-0.5279
ENSMUSG00000029337	0.4177	0.6661	0.6913	0.4651	1.2880	1.3971
ENSMUSG00000029338	-0.1876	0.1417	-0.2172	-0.4540	0.1005	-0.4518
ENSMUSG00000029361	-0.7061	-0.2625	0.4723	-0.2701	0.0258	0.4342
ENSMUSG00000029363	-0.6463	-0.3565	-0.1821	0.2111	0.5883	0.2317
ENSMUSG00000029366	-0.5470	-0.5182	-0.5160	-0.4184	0.1733	-0.0389
ENSMUSG00000029368	0.6484	-0.2762	-0.7390	-0.1387	-0.4919	0.3864
ENSMUSG00000029370	0.1591	-0.0794	0.0357	-0.1120	0.5630	0.6249
ENSMUSG00000029371	-0.1006	0.1498	0.1704	0.0062	-0.2319	0.2188
ENSMUSG00000029372	-0.5462	-0.2894	0.4463	-0.1585	0.2246	0.5036
ENSMUSG00000029373	-0.3559	-0.0315	0.2514	-0.1195	-0.5014	0.1110
ENSMUSG00000029375	0.3403	0.4518	0.5190	0.1083	0.3641	0.0752
ENSMUSG00000029376	-0.1707	-0.0432	0.1402	0.3615	0.1796	0.2618
ENSMUSG00000029377	-0.1291	-0.5428	-0.6989	-0.0846	0.2516	0.2542
ENSMUSG00000029378	-0.3555	0.2890	-0.1801	-0.3248	0.7535	-0.1981
ENSMUSG00000029379	0.1673	-0.0499	-0.1631	0.1374	-0.2943	0.6146
ENSMUSG00000029380	0.1377	0.3323	0.3393	-0.3214	-0.0582	-0.1952
ENSMUSG00000029385	0.0633	0.3053	-0.1378	0.5052	0.0420	0.1275
ENSMUSG00000029387	0.5219	0.5987	0.0547	0.1035	-0.3333	0.2860
ENSMUSG00000029388	-0.0647	0.4604	0.5196	-0.1280	0.1816	0.0105
ENSMUSG00000029394	0.0470	0.1906	0.2610	0.2894	0.0626	-0.3679
ENSMUSG00000029397	-0.5116	-0.0217	0.0405	-0.5462	-0.1656	0.2547
ENSMUSG00000029408	1.3165	2.1454	1.6504	2.0590	2.7895	2.4686
ENSMUSG00000029417	0.3319	-0.1326	-0.4542	-0.6492	-0.4200	-0.3905
ENSMUSG00000029426	-0.0068	0.5039	0.4602	-0.1999	0.2286	-0.0684
ENSMUSG00000029428	-0.2937	0.1650	0.0188	-0.3101	0.1239	0.6586
ENSMUSG00000029430	-0.3057	0.1136	-0.6784	-0.0752	0.0980	-0.1232
ENSMUSG00000029431	0.0536	-0.3510	-0.8502	0.1683	-0.2903	-0.0227
ENSMUSG00000029433	0.5323	-0.1443	-0.2678	-0.1921	0.7311	0.0030
ENSMUSG00000029434	0.3074	0.3081	-0.3515	0.2703	0.4595	-0.3848
ENSMUSG00000029436	0.5939	0.3732	-0.5039	-0.0961	0.8299	0.3362
ENSMUSG00000029437	0.1040	-0.7611	0.2970	0.2938	0.2001	-0.3108
ENSMUSG00000029438	-0.3901	0.1544	-0.1289	-0.3413	-0.2385	0.3854
ENSMUSG00000029440	-0.2325	-0.6170	0.0880	-0.1339	-0.5155	0.3470
ENSMUSG00000029445	-0.4037	-0.0851	-0.6743	0.2726	0.1839	-0.1685
ENSMUSG00000029446	-0.1675	-0.1203	0.4481	0.0665	0.2543	-0.4415
ENSMUSG00000029454	0.2152	0.1763	0.0865	0.2279	0.1589	0.0154
ENSMUSG00000029455	-0.2782	-0.0065	-0.3276	0.1755	0.1416	0.2086
ENSMUSG00000029458	0.6669	-0.0843	-0.3085	-0.1479	-0.2035	-0.1557
ENSMUSG00000029462	-0.0988	0.2701	0.0672	-0.0691	0.6837	0.4594
ENSMUSG00000029465	0.0641	0.0525	0.0968	0.1042	-0.3053	0.1899
ENSMUSG00000029466	0.0070	-0.6170	-0.0373	-0.0461	0.2787	-0.3093
ENSMUSG00000029467	0.6686	0.2432	-0.3786	-0.0975	0.2116	-0.2813
ENSMUSG00000029468	-0.3200	0.2409	-0.0246	0.4375	0.0285	0.0451
ENSMUSG00000029470	0.3848	-0.2129	-0.5377	-0.0274	0.3942	0.0286
ENSMUSG00000029471	0.4795	-0.3368	-0.0519	-0.2179	0.3856	-0.0458
ENSMUSG00000029472	0.0937	0.8254	0.7573	0.1555	0.5609	-0.0718
ENSMUSG00000029475	-0.0757	-0.3759	-0.1039	-0.2522	-0.4281	-0.3488
ENSMUSG00000029478	0.0784	-0.2395	-0.9116	-0.1993	0.0710	-0.0334
ENSMUSG00000029482	0.2948	-0.3328	0.4370	0.0238	0.3702	-0.3020
ENSMUSG00000029486	0.1956	-0.5422	0.5091	0.8069	-0.0995	-0.3664
ENSMUSG00000029491	0.6947	0.2107	-0.6519	0.0514	0.6921	-0.0038
ENSMUSG00000029499	-0.0517	0.3224	-0.0922	-0.3358	0.1409	-0.1971
ENSMUSG00000029500	-0.1727	-0.2445	-0.0413	0.2214	0.0798	0.6589
ENSMUSG00000029503	-0.3459	0.5423	0.4696	0.1575	-0.4298	-0.3156
ENSMUSG00000029505	-0.2523	0.4238	-0.0327	0.0660	-0.1864	-0.4528
ENSMUSG00000029512	0.2215	0.2878	0.3544	0.3748	0.2703	-0.1834
ENSMUSG00000029513	0.1973	0.0417	0.0220	-0.3255	-0.4579	-0.0590
ENSMUSG00000029518	-0.2464	0.0904	0.1133	0.0312	-0.3386	-0.0260
ENSMUSG00000029521	-0.1582	-0.5155	0.2095	-0.4039	-0.2700	0.1911
ENSMUSG00000029522	-0.0579	-0.4141	-0.1225	0.0333	0.5621	0.2294
ENSMUSG00000029524	0.0235	-0.5195	0.1092	-0.3826	-0.6418	0.4059
ENSMUSG00000029528	-0.3713	-0.0383	0.4237	-0.6098	-0.3708	0.5632
ENSMUSG00000029530	-0.3829	-0.5349	0.1099	-0.2256	-0.3706	0.3462
ENSMUSG00000029536	1.1598	1.7884	2.1760	2.3134	2.4323	2.5371
ENSMUSG00000029538	-0.2802	0.1957	0.2783	0.3025	0.3436	0.2147
ENSMUSG00000029541	0.2152	-0.2438	-0.1636	0.2938	-0.2150	0.4508
ENSMUSG00000029545	-0.2654	-0.0649	-0.1497	-0.3415	-0.2082	0.2202
ENSMUSG00000029554	0.0077	0.0842	-0.2021	-0.0728	0.1480	-0.0062
ENSMUSG00000029556	0.3474	-0.0836	0.2903	0.0579	-0.2047	0.0353
ENSMUSG00000029561	-0.4380	-0.7730	-0.7031	-1.3789	-1.2624	-1.2732
ENSMUSG00000029570	-0.2710	-0.7818	-1.0481	-1.1264	-0.9531	-1.3923
ENSMUSG00000029575	1.5127	1.5782	1.9130	1.7584	2.6108	2.5209
ENSMUSG00000029576	0.3326	-0.1683	0.7232	0.0862	-0.2868	-0.6493
ENSMUSG00000029577	0.2848	-0.0962	-0.2149	-0.0553	0.1369	-0.3703
ENSMUSG00000029578	0.3547	-0.5033	-0.6571	-0.0369	-0.1046	-0.5022
ENSMUSG00000029580	0.0276	0.1189	0.0850	0.1074	-0.2630	-0.6270
ENSMUSG00000029581	-0.5714	0.3399	0.9420	-0.0275	0.4068	0.0089
ENSMUSG00000029586	-0.4673	-0.2037	-0.1546	-0.1377	0.0892	-0.2817
ENSMUSG00000029591	0.3622	-0.3131	-0.2186	0.0802	0.0942	-0.0197
ENSMUSG00000029592	0.1971	-0.0376	-0.0079	-0.1117	0.1393	-0.2650
ENSMUSG00000029595	0.2938	0.6222	-0.3457	0.0265	-0.7348	0.2223
ENSMUSG00000029596	-0.1407	-0.6433	-0.0801	-0.2228	-0.0220	0.6386
ENSMUSG00000029597	0.6842	-0.3745	-0.0386	0.0972	0.4353	0.4832
ENSMUSG00000029602	-0.5152	0.1056	0.5539	0.8297	0.4917	0.1329
ENSMUSG00000029603	0.4519	-0.3698	-0.2909	0.3159	-0.1460	-0.2611
ENSMUSG00000029605	0.2424	0.0686	0.1828	0.7927	0.1236	-0.0981
ENSMUSG00000029613	0.0840	0.1175	0.0751	-0.0534	0.1612	0.2273
ENSMUSG00000029614	-0.5334	-0.3050	0.2031	-0.1892	0.3063	-0.4947
ENSMUSG00000029616	-0.0158	0.0326	-0.1098	0.1223	0.7923	-0.8714
ENSMUSG00000029617	0.2900	0.1860	0.7358	-0.1161	-0.2319	0.4495
ENSMUSG00000029621	-0.3498	-0.0246	-0.4725	-0.1398	0.1874	-0.9684
ENSMUSG00000029622	0.1202	-0.1894	-0.4524	0.4348	-0.5717	0.4963
ENSMUSG00000029625	0.6281	-0.0938	0.3370	-0.0591	0.3403	-0.0340
ENSMUSG00000029630	0.5161	0.4598	-0.1226	0.0333	-0.0821	0.3781
ENSMUSG00000029632	-0.0722	-0.7556	0.4690	0.4547	0.3373	0.3218
ENSMUSG00000029636	-0.2931	0.0542	-0.3593	-0.1558	-0.1601	-0.1483
ENSMUSG00000029642	-0.6016	-0.1474	0.2549	0.5748	-0.3773	-0.1137
ENSMUSG00000029644	-0.1039	-0.0582	-0.2438	-0.6339	0.0023	-0.0218
ENSMUSG00000029646	0.2771	0.1402	-0.1335	0.3825	-0.3509	0.3974
ENSMUSG00000029647	0.0202	-1.0135	0.0324	-0.2755	-0.3873	-0.0365
ENSMUSG00000029648	0.3323	0.5751	-0.3628	-0.0998	0.2586	0.3129
ENSMUSG00000029649	0.3514	-0.0839	-0.2266	0.4461	0.1166	-0.3676
ENSMUSG00000029656	0.2667	-0.1584	-0.5435	0.6251	-0.3900	-0.2158
ENSMUSG00000029657	0.9461	0.6113	0.4698	1.0652	1.0421	0.8586
ENSMUSG00000029661	0.0836	-0.4195	0.2210	-0.0336	0.6727	-0.2097
ENSMUSG00000029663	0.4232	0.3000	0.6070	-0.5040	-0.4219	-0.5207
ENSMUSG00000029670	-0.1186	-0.4832	-0.1610	-0.2197	-0.0350	0.6091
ENSMUSG00000029671	-0.5976	0.1956	-0.2918	0.4310	0.2468	-0.7410
ENSMUSG00000029673	-0.3844	-0.0938	0.0525	-0.2618	-0.4739	0.0950
ENSMUSG00000029674	-0.9193	-0.7857	-1.4527	-1.2550	0.1892	-1.0661
ENSMUSG00000029675	0.5290	-0.3871	-0.2270	0.3945	0.0163	-0.1344
ENSMUSG00000029678	-0.7702	-0.1786	0.3331	0.1713	0.2797	-0.4604
ENSMUSG00000029679	0.1081	-0.1166	0.0960	-0.3064	-0.1669	0.4361
ENSMUSG00000029680	-0.4696	0.3334	-0.2104	-0.7026	0.8417	0.3369
ENSMUSG00000029681	-0.1266	-0.1970	0.5082	0.0078	-0.1588	-0.3630
ENSMUSG00000029682	-0.0818	0.0196	0.0266	-0.3108	-0.1100	-0.4842
ENSMUSG00000029683	0.1291	-0.0977	-0.0359	-0.3102	0.3546	0.5920
ENSMUSG00000029684	1.0175	1.2260	1.2923	1.0857	1.3859	1.3289
ENSMUSG00000029686	0.1724	-0.0623	-0.1105	0.3096	0.2338	-0.6677
ENSMUSG00000029687	0.2706	0.2536	-0.1279	-0.1692	-0.0787	-0.2394
ENSMUSG00000029695	-0.1837	-0.2690	0.0597	-0.0151	-0.6292	0.3582
ENSMUSG00000029701	-0.0876	-0.4838	0.0177	-0.6038	0.3142	-0.0688
ENSMUSG00000029706	-0.1403	0.4332	0.3080	-0.0100	-0.1763	-0.3078
ENSMUSG00000029710	-0.3026	-0.1190	0.1730	0.5887	-0.3131	1.1882
ENSMUSG00000029711	-0.5908	0.0751	0.0505	0.7217	-0.1872	-0.0291
ENSMUSG00000029712	0.5743	-0.3144	-0.0640	-0.2069	-0.0506	-0.6031
ENSMUSG00000029713	0.3173	0.0105	0.1565	-0.3619	-0.1558	-0.1737
ENSMUSG00000029715	0.6150	-0.0537	-0.3982	-0.6032	0.7131	-0.4362
ENSMUSG00000029716	-0.5403	0.2646	-0.2564	-0.2543	-0.0844	0.0406
ENSMUSG00000029727	-0.2658	0.2708	0.0284	0.0008	-0.0984	-0.2289
ENSMUSG00000029730	0.1947	0.5014	-0.1898	0.2693	0.5807	0.4438
ENSMUSG00000029735	-0.2695	-0.8758	0.5321	0.1724	0.5441	-0.1571
ENSMUSG00000029752	-0.2632	-0.3322	-0.2231	0.6339	0.0864	0.3016
ENSMUSG00000029755	0.3438	-0.7573	-0.1235	0.1438	0.0844	0.0323
ENSMUSG00000029757	-0.0485	0.1307	0.1073	-0.1121	0.0369	-0.6110
ENSMUSG00000029761	-0.1842	0.0745	0.0368	0.3028	0.0040	0.1501
ENSMUSG00000029762	1.0823	-0.1967	-0.2073	0.0828	-0.1441	-0.2615
ENSMUSG00000029763	-0.1891	0.1817	-0.1895	0.7073	0.2409	-0.0642
ENSMUSG00000029765	-0.5431	0.1731	-0.4277	-0.2252	0.1760	0.2080
ENSMUSG00000029771	-0.0903	-0.1397	-0.2856	0.0090	0.1505	-0.0578
ENSMUSG00000029772	0.3821	-0.2594	0.0028	-0.3699	0.0304	0.6189
ENSMUSG00000029776	0.6091	0.2396	0.0964	-0.1350	0.3330	0.0279
ENSMUSG00000029777	0.6501	1.5780	2.0071	1.4065	2.1802	3.0100
ENSMUSG00000029778	0.0116	-0.1705	-0.0447	0.1927	-0.0789	-0.4919
ENSMUSG00000029780	-0.3977	-0.3641	-0.1827	0.1704	-0.0896	0.1709
ENSMUSG00000029802	1.3266	1.1765	1.3885	2.3643	2.0783	2.4556
ENSMUSG00000029804	0.1676	0.5368	0.1364	0.4159	-0.2566	0.1261
ENSMUSG00000029811	0.2957	-0.1206	-0.1010	-0.1261	-0.0100	-0.4059
ENSMUSG00000029813	0.1296	-0.0596	-0.1824	-0.4015	-0.0630	-0.1856
ENSMUSG00000029817	-0.4014	0.1789	0.1126	-0.1050	0.0438	0.1332
ENSMUSG00000029819	0.1869	0.3624	0.8062	0.2481	0.8494	-0.0947
ENSMUSG00000029821	0.3203	0.3450	0.3363	0.0982	-0.1871	-0.4498
ENSMUSG00000029826	-0.0015	-0.0474	0.3619	-0.5356	0.2319	-0.5179
ENSMUSG00000029831	0.2129	0.1047	0.4356	0.2102	-0.3852	0.2347
ENSMUSG00000029836	0.0126	0.2773	-0.2228	-0.0580	0.0449	-0.2588
ENSMUSG00000029844	0.6682	0.7228	0.8934	1.1184	0.9777	1.6244
ENSMUSG00000029859	-0.1593	-0.2364	-0.4187	0.0530	-0.3357	-0.0711
ENSMUSG00000029860	0.0874	-0.0375	0.1786	-0.2051	0.2391	-0.0189
ENSMUSG00000029863	0.1917	0.3814	0.4136	0.1512	-0.0064	0.3201
ENSMUSG00000029864	0.2350	-0.1805	0.1807	0.1425	-0.4316	0.0829
ENSMUSG00000029868	0.1394	-0.2782	0.0100	-0.2959	0.3418	-0.3588
ENSMUSG00000029869	-0.2254	0.2754	-0.5183	-0.0983	-0.3813	0.4779
ENSMUSG00000029882	-0.3465	-0.1603	-0.0790	-0.2242	0.1601	-0.2960
ENSMUSG00000029910	-0.0591	-0.3242	-0.3094	-0.1835	-0.0874	0.5558
ENSMUSG00000029911	-0.1587	0.3805	0.0695	-0.1260	0.2852	0.1829
ENSMUSG00000029916	0.6350	0.9893	1.3070	0.4643	1.4091	1.1581
ENSMUSG00000029917	-0.4992	0.3800	0.0599	0.1987	-0.0789	-0.4083
ENSMUSG00000029918	0.0020	-0.3036	-0.3964	-0.1401	0.0989	0.2539
ENSMUSG00000029919	-0.2371	0.0360	-0.2188	-0.4697	0.0695	0.0809
ENSMUSG00000029920	0.2176	-0.0957	-0.3956	-0.3220	-0.0527	-0.2036
ENSMUSG00000029925	0.2347	-0.2538	0.2520	-0.1364	0.5013	0.0295
ENSMUSG00000029992	0.3415	-0.2829	-0.0561	-0.2231	-0.4176	0.3242
ENSMUSG00000029998	-0.0305	0.4565	0.5288	-0.0816	0.5052	-0.0428
ENSMUSG00000029999	-0.5680	-0.3035	0.0871	-0.2760	-0.1182	-0.0018
ENSMUSG00000030004	-0.5437	0.2766	0.4622	0.0552	0.0664	-0.1208
ENSMUSG00000030020	0.2802	-0.1749	0.3194	0.5274	0.2295	0.4933
ENSMUSG00000030034	0.4053	0.0327	-0.3857	0.1195	-0.1961	-0.0869
ENSMUSG00000030036	0.0264	-0.0525	0.2184	-0.7450	0.0986	-0.1305
ENSMUSG00000030037	-0.2846	-0.4760	0.3631	0.1109	-0.0358	-0.0996
ENSMUSG00000030042	0.4682	-0.0707	0.3256	-0.0362	0.0214	-0.5807
ENSMUSG00000030043	0.2477	0.3302	0.3126	0.1600	0.4507	-0.2488
ENSMUSG00000030045	0.8745	-0.1871	-0.0882	-0.4264	-0.1348	0.2742
ENSMUSG00000030046	-0.3188	0.1176	0.2784	-0.8989	0.1524	0.2098
ENSMUSG00000030054	-0.9903	-1.3645	-0.9535	-0.6715	-1.2279	-1.4484
ENSMUSG00000030056	0.0296	-0.4365	0.2927	-0.4960	0.4033	-0.1863
ENSMUSG00000030061	0.4453	-0.4007	-0.3274	-0.1152	0.2319	0.2927
ENSMUSG00000030062	-0.3771	-0.1574	0.3303	0.5690	0.4437	-0.6894
ENSMUSG00000030067	0.1241	0.1336	-0.0313	-0.3568	-0.0099	-0.6196
ENSMUSG00000030074	0.0510	0.4786	-0.6031	0.4729	-0.1695	0.4487
ENSMUSG00000030079	0.0482	0.2404	-0.0840	-0.4435	0.0500	-0.1518
ENSMUSG00000030082	-0.1666	-0.1526	0.5317	-0.0249	0.4463	-0.4005
ENSMUSG00000030084	-0.4260	-0.0464	0.5103	0.3348	0.2003	-0.2400
ENSMUSG00000030088	0.0030	0.0559	-0.2472	-0.2583	-0.0031	0.2285
ENSMUSG00000030091	0.1916	-0.0713	0.1899	0.6359	0.7600	-0.0632
ENSMUSG00000030093	0.3344	-0.6348	-0.0261	0.5212	-0.0926	0.0269
ENSMUSG00000030094	0.4172	-0.2698	-0.4512	0.4808	0.0333	0.0880
ENSMUSG00000030095	0.3097	0.0553	0.0200	-0.0476	-0.1272	-0.4175
ENSMUSG00000030098	0.2503	-0.6762	0.3581	-0.2834	0.2500	0.4895
ENSMUSG00000030101	-0.2939	0.0043	0.0178	0.4173	-0.1387	0.3756
ENSMUSG00000030102	0.0776	-0.0124	-0.2884	0.1427	0.2474	-0.3654
ENSMUSG00000030103	0.2686	-0.7354	-0.1777	-0.2256	-0.1221	0.1271
ENSMUSG00000030104	-0.5642	-0.2296	0.2788	-0.1471	0.1161	0.1619
ENSMUSG00000030105	-0.0486	-0.8744	-0.3224	0.0360	-0.1644	0.2462
ENSMUSG00000030108	-0.1250	0.4088	0.5627	0.5235	-0.1102	0.1558
ENSMUSG00000030109	0.2700	-0.0667	-0.6100	0.5960	-0.2977	0.3543
ENSMUSG00000030110	0.0308	-0.1061	-0.0245	-0.0136	0.0339	0.0073
ENSMUSG00000030111	-0.0277	0.0130	0.4614	-0.2711	-0.0857	0.0525
ENSMUSG00000030117	-0.4818	-0.5444	0.0308	0.1557	0.1337	-0.4165
ENSMUSG00000030137	0.0046	-0.4509	-0.1355	0.2537	-0.2753	0.2818
ENSMUSG00000030138	0.3491	-0.3198	-0.6785	0.1396	-0.2244	-0.1749
ENSMUSG00000030142	0.1053	-0.1437	-0.7176	-1.4494	-1.5366	-1.3059
ENSMUSG00000030144	0.4891	0.0248	-0.1251	-0.0277	-0.4712	-0.3060
ENSMUSG00000030147	-0.1100	-0.2165	0.3483	-0.2619	-0.1561	-0.5734
ENSMUSG00000030149	-0.2426	-0.5996	0.2317	0.4267	0.0214	-0.0703
ENSMUSG00000030154	-0.1942	0.3182	-0.5086	-0.3379	-0.0683	0.6534
ENSMUSG00000030159	0.1812	-0.3811	0.3594	-0.4420	0.1671	-0.2860
ENSMUSG00000030161	0.5353	-0.1672	-0.0685	0.2210	0.4758	-0.2882
ENSMUSG00000030162	0.2025	-0.1401	0.0062	0.4360	-0.0824	-0.1836
ENSMUSG00000030165	-0.2650	-0.1684	0.1887	0.4445	-0.2267	0.1047
ENSMUSG00000030166	-0.1007	0.4327	0.2678	-0.2497	0.1932	0.8559
ENSMUSG00000030167	0.5675	-0.3881	0.0451	0.4147	-0.1992	-0.4187
ENSMUSG00000030168	-0.0712	0.1219	0.4217	-0.0871	0.5232	0.0519
ENSMUSG00000030170	-0.2803	0.4770	0.1512	0.0511	0.2341	-0.5990
ENSMUSG00000030172	0.1543	-0.4463	-0.2096	0.1398	0.2625	-0.0409
ENSMUSG00000030173	0.2043	-0.1688	0.3985	-0.0658	-0.4619	0.0677
ENSMUSG00000030187	-0.0156	-0.8323	0.1953	-0.1179	0.1241	-0.0651
ENSMUSG00000030188	0.0452	0.3365	0.1800	0.1483	0.1441	0.0649
ENSMUSG00000030189	0.0856	0.4553	0.0659	0.3308	0.2277	-0.0174
ENSMUSG00000030194	0.3223	0.2976	0.3470	0.3321	-0.1564	0.1256
ENSMUSG00000030196	-0.6790	-0.3772	-0.2562	-0.4868	-0.4421	0.2132
ENSMUSG00000030199	-0.0451	0.0687	-0.4026	0.5083	0.4081	-0.2811
ENSMUSG00000030201	-0.0436	-0.9942	0.2203	0.0025	0.3191	-0.4543
ENSMUSG00000030203	0.3364	-0.7477	0.1078	0.4981	0.2630	0.0241
ENSMUSG00000030208	-0.2036	0.5558	0.2207	0.2552	-0.3190	0.5816
ENSMUSG00000030209	0.0430	-0.1090	-0.4220	0.2047	-0.0486	-0.0749
ENSMUSG00000030216	-0.0162	-0.2960	0.3339	0.1538	-0.1570	-0.4106
ENSMUSG00000030220	-0.4326	-0.4012	-0.2125	0.2748	-0.3453	0.4198
ENSMUSG00000030225	-0.0711	-0.7066	0.3427	-0.0106	-0.2752	0.5314
ENSMUSG00000030228	-0.4489	-0.0374	0.1544	0.4770	0.2486	-0.1769
ENSMUSG00000030230	-0.3979	-0.0787	0.2259	-0.1188	0.1155	-0.0538
ENSMUSG00000030232	0.0884	-0.3524	-0.1884	-0.1438	0.2637	0.3417
ENSMUSG00000030235	-0.2155	-0.5813	-0.5252	0.3524	0.2639	-0.1620
ENSMUSG00000030236	0.2297	-0.8886	0.1423	0.4661	0.1926	-0.0946
ENSMUSG00000030237	0.2873	-0.1813	-0.1281	0.2058	0.8363	-0.1518
ENSMUSG00000030244	-0.5576	-0.0644	-0.1572	0.4119	-0.4609	0.0012
ENSMUSG00000030246	0.0740	-0.1523	0.2704	-0.4550	-0.4957	0.1175
ENSMUSG00000030247	-0.2631	-0.1233	-0.2243	-0.0521	0.0787	-0.1117
ENSMUSG00000030249	1.0067	1.9342	1.7294	1.7938	3.0836	2.5767
ENSMUSG00000030255	-0.0137	0.1328	0.3642	-0.0697	0.3904	0.2318
ENSMUSG00000030256	0.1312	-0.0906	-0.5099	-0.0115	0.1184	-0.2435
ENSMUSG00000030257	-0.4374	-0.0502	-0.0084	0.2855	0.4824	0.3499
ENSMUSG00000030265	0.3956	0.3034	-0.5385	-0.0953	0.5222	0.4440
ENSMUSG00000030268	-0.8791	0.4282	0.3878	0.2074	-0.4379	-0.0806
ENSMUSG00000030269	0.1674	-0.2253	0.1568	0.1208	-0.3000	-0.3833
ENSMUSG00000030271	0.3163	-0.1578	0.2077	0.5089	0.4798	0.5403
ENSMUSG00000030272	-0.6790	0.1631	0.0424	0.1182	0.1377	-0.2178
ENSMUSG00000030275	0.2329	-0.1841	0.4413	0.1498	0.1687	0.1429
ENSMUSG00000030278	0.0593	-0.0499	0.2217	0.4313	0.2699	0.1698
ENSMUSG00000030281	0.2154	-0.8663	0.2657	-0.0624	0.0933	-0.5163
ENSMUSG00000030282	0.0254	-0.2419	0.4111	0.1948	0.3903	0.4944
ENSMUSG00000030283	-0.1647	0.5377	-0.3643	0.1717	-0.2954	0.2821
ENSMUSG00000030287	-0.2434	0.1053	0.6380	-0.1033	-0.1790	0.3215
ENSMUSG00000030298	0.5085	-0.2102	-0.3985	-0.3269	0.1889	-0.6156
ENSMUSG00000030302	-0.4957	-0.0353	0.2083	0.1028	-0.1896	-0.3975
ENSMUSG00000030303	0.3088	-0.1914	0.0265	-0.8265	-0.3818	0.0355
ENSMUSG00000030307	0.1903	-0.0329	0.0937	-0.3557	-0.1275	0.1109
ENSMUSG00000030310	0.2279	-0.0022	-0.3871	-0.4822	0.1813	-0.0837
ENSMUSG00000030314	0.1305	-0.4264	0.6218	0.3998	-0.3416	0.0707
ENSMUSG00000030322	0.0629	-0.5915	-0.2557	-0.0060	-0.1354	0.1468
ENSMUSG00000030324	0.2186	0.6772	0.0340	0.1384	0.3494	-0.3560
ENSMUSG00000030325	-0.4168	-0.0310	-0.1214	-0.1746	-0.1163	0.4133
ENSMUSG00000030335	0.1865	0.0313	0.0745	-0.2277	0.0894	0.0712
ENSMUSG00000030336	-0.1537	-0.1672	0.0165	-0.3819	-0.2918	0.1625
ENSMUSG00000030337	0.2993	0.2500	0.0759	0.0567	-0.1680	0.1762
ENSMUSG00000030339	0.1397	-0.1971	-0.8521	-0.6946	-0.4384	0.1945
ENSMUSG00000030340	-0.2827	0.2210	0.2395	-0.4619	0.8642	-0.1946
ENSMUSG00000030341	0.1303	-0.2246	0.6263	0.1767	0.0528	-0.0440
ENSMUSG00000030342	-0.2573	-0.0844	0.2367	0.2685	-0.0240	0.1319
ENSMUSG00000030353	-0.2270	0.3892	-0.2769	-0.4876	-0.3615	0.2759
ENSMUSG00000030357	0.6526	0.4948	0.0044	-0.2603	-0.3217	0.0648
ENSMUSG00000030361	0.2441	0.4327	-0.0423	-0.4814	0.5079	0.1877
ENSMUSG00000030364	-0.0961	0.5052	-0.1120	-0.0350	-0.2407	-0.2020
ENSMUSG00000030376	-0.0907	-0.0784	-0.2617	0.1926	0.1797	0.4967
ENSMUSG00000030378	-0.6694	-0.5818	-0.3072	0.2926	0.2525	-0.1200
ENSMUSG00000030382	1.0766	1.2147	1.9942	1.5215	2.3365	2.1283
ENSMUSG00000030399	0.3983	-0.7890	-0.7758	-1.1021	-1.0473	-1.0168
ENSMUSG00000030400	-0.0192	0.3145	-0.5930	0.1094	0.5261	-0.0153
ENSMUSG00000030403	0.0630	0.3373	-0.4117	0.7068	0.6455	0.2315
ENSMUSG00000030406	0.2190	-0.0306	-0.2132	0.0710	-0.2952	0.0298
ENSMUSG00000030423	-0.3684	0.3209	0.2820	-0.6819	0.2500	0.0630
ENSMUSG00000030427	-0.2916	0.0649	0.0504	-0.5807	0.0040	0.0880
ENSMUSG00000030432	-0.5882	-0.2037	-0.0968	0.0889	0.3040	0.7578
ENSMUSG00000030435	0.2104	0.2864	0.1875	0.7729	0.4761	-0.8017
ENSMUSG00000030447	1.0332	0.5125	1.1976	0.5378	1.1863	0.3725
ENSMUSG00000030451	0.2279	-0.1262	0.4583	0.0862	-0.6818	-0.0986
ENSMUSG00000030465	0.5935	-0.1822	-0.0228	-0.3494	-0.6479	0.2414
ENSMUSG00000030468	0.7544	0.1210	-0.1322	0.1759	0.1834	0.2843
ENSMUSG00000030470	0.1228	-0.4015	0.3424	0.3474	-0.1792	-0.1317
ENSMUSG00000030483	0.1282	-0.0636	0.0376	-0.3046	-0.7248	-0.0508
ENSMUSG00000030492	0.0620	-0.1816	-0.0965	-0.4068	0.2853	-0.3630
ENSMUSG00000030493	-0.4059	-0.7707	-1.1356	-1.2730	-1.3121	-1.6472
ENSMUSG00000030500	0.0209	0.2216	-0.1864	0.2657	-0.0546	-0.3769
ENSMUSG00000030510	1.4586	2.3330	1.6663	1.2083	1.9327	1.6722
ENSMUSG00000030512	0.0599	0.2585	0.2132	0.1987	-0.2276	-0.2771
ENSMUSG00000030513	-0.0240	0.1699	-0.4319	0.2240	-0.1850	0.2168
ENSMUSG00000030515	-0.8533	-1.3171	-2.0293	-2.4149	-2.1651	-1.9604
ENSMUSG00000030516	-0.0808	0.5984	0.2202	-0.0261	-0.2598	-0.1694
ENSMUSG00000030521	-0.1663	-0.1925	0.1443	0.1087	0.0564	-0.1104
ENSMUSG00000030525	0.2642	0.1382	-0.3052	0.6677	0.4592	-0.3006
ENSMUSG00000030527	-0.0403	0.2231	-0.0981	-0.3054	0.2214	0.5834
ENSMUSG00000030528	0.0749	0.2476	0.8704	1.2211	0.4766	1.5069
ENSMUSG00000030530	-0.9374	-1.5586	-2.0403	-1.6657	-1.7526	-2.0491
ENSMUSG00000030532	-0.0239	0.4211	-0.0300	0.4899	0.6549	0.2269
ENSMUSG00000030536	-0.2259	0.1936	0.1377	0.1200	0.3174	0.0735
ENSMUSG00000030539	-0.3000	0.2815	0.2038	0.3347	0.2895	-0.0170
ENSMUSG00000030541	0.2406	-0.0541	-0.1621	0.1154	0.1311	-0.1081
ENSMUSG00000030545	-0.8393	-0.2139	-0.0809	-0.4072	0.4071	-0.0720
ENSMUSG00000030546	0.0178	-0.2860	0.3898	-0.1786	-0.2214	0.0507
ENSMUSG00000030557	-0.0185	-0.4611	0.5039	0.3011	-0.0797	-0.5031
ENSMUSG00000030560	0.1692	-0.1145	-0.0689	-0.4352	0.3539	0.2527
ENSMUSG00000030562	-0.0463	0.5000	-0.0404	-0.0935	0.0802	0.3762
ENSMUSG00000030577	-0.2685	0.0282	-0.0297	0.4168	0.3823	-0.6709
ENSMUSG00000030579	0.3030	0.0015	0.5085	0.2080	-0.5274	0.0728
ENSMUSG00000030583	-0.3780	0.0138	-0.3394	-0.1054	0.1660	0.2363
ENSMUSG00000030584	-0.0153	-0.0335	0.2336	0.0824	-0.2632	0.2668
ENSMUSG00000030589	0.2034	0.0191	0.1685	-0.2386	-0.4047	-0.2846
ENSMUSG00000030591	-0.1177	-0.3916	-0.2683	0.0345	-0.3207	0.0255
ENSMUSG00000030592	0.5332	-0.1029	0.4112	-0.1250	-0.2781	-0.0474
ENSMUSG00000030595	-0.5420	-0.2437	0.1017	-0.1576	-0.3050	-0.6948
ENSMUSG00000030602	-0.1187	-0.2177	-0.1487	-0.5939	0.0030	0.2179
ENSMUSG00000030603	-0.0978	-0.3585	-0.4466	0.5187	-0.1202	-0.1556
ENSMUSG00000030605	-0.0794	-0.1181	-0.2841	0.3879	-0.6101	-0.4540
ENSMUSG00000030610	-0.1869	0.1404	-0.3712	-0.2860	0.1481	0.1514
ENSMUSG00000030611	-0.1738	-0.3173	0.1867	-0.9104	-0.1188	0.3222
ENSMUSG00000030612	0.1313	-0.1663	0.7605	-0.2458	-0.0014	0.6886
ENSMUSG00000030619	-0.6659	-0.2039	-0.0303	-0.0480	0.0375	-0.3801
ENSMUSG00000030621	-0.0017	-0.1452	-0.2782	-0.2399	0.4264	-0.2072
ENSMUSG00000030630	-0.0517	-0.0083	0.0287	-0.0029	-0.1829	-0.1092
ENSMUSG00000030638	-0.5290	-0.0638	-0.4629	-0.1913	0.4274	-0.6977
ENSMUSG00000030647	0.4767	-0.0703	-0.0347	-0.2041	-0.2800	0.0257
ENSMUSG00000030649	0.3900	0.8058	0.3329	0.6509	1.3021	1.1876
ENSMUSG00000030651	0.0767	-0.0155	-0.5510	0.0776	0.1563	0.4087
ENSMUSG00000030652	0.2703	0.1547	0.1260	0.2751	0.1895	-0.3702
ENSMUSG00000030653	0.8081	0.6006	-0.2060	0.0805	0.9498	0.2713
ENSMUSG00000030655	-0.5232	-0.2048	-0.0332	-0.1174	-0.4123	0.3185
ENSMUSG00000030657	-0.2440	-0.4333	-0.0948	0.1685	-0.4750	0.3474
ENSMUSG00000030660	-0.1232	0.0621	-0.1217	-0.2822	0.3921	-0.2317
ENSMUSG00000030662	-0.1365	-0.3216	0.2708	-0.1579	0.1804	0.0188
ENSMUSG00000030666	-0.5816	0.3580	-0.4504	0.5334	0.2626	0.2156
ENSMUSG00000030669	0.0792	-0.2437	0.4569	-0.5602	-0.2699	0.4598
ENSMUSG00000030670	0.3311	-0.2303	0.3344	-0.2901	0.0588	0.3341
ENSMUSG00000030671	0.3616	0.3607	-0.2671	-0.3067	-0.2462	-0.0269
ENSMUSG00000030672	0.3430	-0.0555	-0.2649	-0.0165	-0.3582	0.1464
ENSMUSG00000030674	-0.4324	-1.7509	-1.2002	-1.1762	-1.7684	-1.9198
ENSMUSG00000030677	-0.4179	0.2449	-0.1945	0.2989	-0.4664	-0.2558
ENSMUSG00000030682	0.2232	-0.4633	0.2369	-0.0014	0.1183	-0.0010
ENSMUSG00000030689	-0.3176	-0.4402	-0.3459	-0.4144	0.2013	-0.0791
ENSMUSG00000030695	0.0071	0.0547	-0.2889	0.0734	0.5899	-0.4982
ENSMUSG00000030697	-0.5409	-0.2090	-0.1167	-0.0030	0.4480	0.2334
ENSMUSG00000030703	-0.5934	-0.2530	0.5870	0.1552	0.0589	0.2549
ENSMUSG00000030706	0.1728	-0.4983	-0.7989	0.0816	-0.2547	0.0928
ENSMUSG00000030707	0.3201	0.7855	0.2175	0.2677	0.4268	0.2090
ENSMUSG00000030711	0.0468	-0.1191	-0.1443	-0.0289	-0.1610	0.2788
ENSMUSG00000030717	-0.2861	-0.4206	0.2394	0.2977	0.4488	0.1978
ENSMUSG00000030720	0.0042	-0.3330	0.1482	0.2973	0.6368	-0.1272
ENSMUSG00000030724	0.1647	0.4927	0.5358	1.2436	1.3370	0.8998
ENSMUSG00000030725	-0.1274	-0.0000	-0.1270	0.3650	-0.7772	0.1631
ENSMUSG00000030726	0.3208	0.4319	-0.1909	-0.0793	0.1006	0.3177
ENSMUSG00000030729	-0.5047	0.0206	-0.4453	-0.3639	-0.3371	-0.1040
ENSMUSG00000030730	-0.1373	0.1204	-0.2323	-0.3614	0.3222	0.5777
ENSMUSG00000030733	0.1070	-0.5592	-0.5449	0.1036	-0.0088	-0.0660
ENSMUSG00000030737	-0.2092	0.1005	-0.0470	0.4551	-0.2265	0.1000
ENSMUSG00000030739	0.4666	0.9002	0.1208	-0.0434	0.1978	-0.2271
ENSMUSG00000030742	0.1444	-0.2545	0.2799	-0.1898	0.1686	-0.1968
ENSMUSG00000030744	0.6967	0.1358	-0.0773	0.1012	-0.1183	-0.2718
ENSMUSG00000030745	0.3286	-0.1223	0.3586	0.1098	-0.9021	-0.1176
ENSMUSG00000030747	0.7048	-0.2519	-0.1216	-0.2073	0.6141	0.5872
ENSMUSG00000030748	-0.6140	-0.0480	-0.3610	0.0477	-0.0063	-0.2196
ENSMUSG00000030751	-0.4271	-0.3257	-0.4221	-0.8903	-0.4577	0.3727
ENSMUSG00000030759	0.1301	0.6610	0.0894	-0.3923	-0.0893	0.1622
ENSMUSG00000030760	1.6443	0.4868	1.3443	1.8665	2.0728	2.5946
ENSMUSG00000030761	-0.4485	0.0123	0.5130	0.5983	0.1283	0.2038
ENSMUSG00000030762	0.1374	0.9205	-0.2758	0.1623	0.0962	-0.0378
ENSMUSG00000030766	0.5147	-0.0757	0.1401	0.0555	0.8312	-0.3337
ENSMUSG00000030768	-0.1194	0.3532	0.6614	-0.3273	0.1095	0.3312
ENSMUSG00000030770	-0.3079	-0.1457	0.1379	0.0406	-0.9221	0.1609
ENSMUSG00000030774	0.1403	-0.4526	0.0871	0.5024	-0.4534	0.2828
ENSMUSG00000030785	0.1073	-0.1106	-0.1717	0.3048	-0.6983	-0.0073
ENSMUSG00000030786	0.6920	0.1484	-0.8512	-0.1059	-0.4056	-0.2354
ENSMUSG00000030789	0.3013	0.4187	0.6185	-0.1550	-0.3048	0.3505
ENSMUSG00000030790	-0.9191	-0.5377	0.9024	-0.1557	-0.0124	-0.7311
ENSMUSG00000030793	0.1390	-0.2926	-0.9147	0.7700	-0.5436	0.3425
ENSMUSG00000030795	-0.2540	0.7598	-0.0207	0.4434	-0.2900	0.3416
ENSMUSG00000030796	0.3600	-0.1790	0.2842	-0.5005	0.0798	-0.1704
ENSMUSG00000030798	-0.2485	0.4606	-0.0297	0.0705	0.0192	0.1746
ENSMUSG00000030800	0.8893	0.9095	1.6930	1.5588	2.4607	2.3669
ENSMUSG00000030805	0.1406	0.2174	-0.5415	-0.0231	-0.4639	-0.5395
ENSMUSG00000030806	-0.9651	-0.2152	0.2483	0.0557	-0.4416	0.1649
ENSMUSG00000030814	0.2913	0.0537	-0.0436	-0.4999	-0.5267	0.4983
ENSMUSG00000030815	0.2115	0.1132	-0.0539	-0.2595	-0.3321	-0.2699
ENSMUSG00000030825	0.2886	0.1602	-0.4154	-0.6591	0.2560	0.2508
ENSMUSG00000030826	0.1317	0.3349	-0.3534	0.2743	-0.5025	0.2017
ENSMUSG00000030827	-0.4878	-0.1920	0.0040	0.3371	-0.1432	-0.0280
ENSMUSG00000030830	-0.0254	0.1966	-0.5431	0.3702	-0.2218	-0.4541
ENSMUSG00000030834	1.2976	1.1502	1.9972	1.6622	2.6829	2.6723
ENSMUSG00000030842	-0.1845	-0.0274	-0.2866	0.3028	-0.4069	-0.1739
ENSMUSG00000030849	0.0463	-0.1663	0.1670	1.0488	-0.2032	0.3952
ENSMUSG00000030851	-0.3745	0.6770	0.0967	-0.1417	-0.3080	0.0165
ENSMUSG00000030854	0.0461	-0.0169	-0.5720	0.0326	0.3217	-0.3797
ENSMUSG00000030861	0.0867	0.1604	-0.5450	-0.3402	-0.1139	0.4959
ENSMUSG00000030867	0.0542	-0.3167	-0.2710	-0.3124	-0.1711	-0.1486
ENSMUSG00000030868	-0.2983	0.7788	-0.0242	0.1524	0.2909	0.0538
ENSMUSG00000030869	-0.5758	-0.4740	-0.6727	-0.0364	-0.4029	0.0865
ENSMUSG00000030871	1.2124	1.1358	1.6232	1.9592	2.1297	2.0441
ENSMUSG00000030872	0.3353	0.0893	-0.2212	0.0797	-0.1715	-0.0533
ENSMUSG00000030873	-0.0185	-0.2073	0.2451	-0.1544	0.4497	-0.2548
ENSMUSG00000030879	-0.3897	0.2267	-0.1290	-0.5729	-0.0184	0.3124
ENSMUSG00000030880	-0.2541	0.0132	0.0185	-0.4686	0.3878	-0.4957
ENSMUSG00000030884	0.4612	-0.0744	0.0846	0.1370	0.0349	0.1098
ENSMUSG00000030890	0.1246	0.2336	0.0071	-0.0293	0.4047	0.1120
ENSMUSG00000030894	0.1468	-0.3983	0.0193	0.0493	-0.2606	-0.1189
ENSMUSG00000030897	-0.1717	-0.3105	0.2434	0.3417	0.0372	0.4253
ENSMUSG00000030898	-0.0649	0.5987	-0.3009	-0.2112	0.1843	0.1157
ENSMUSG00000030924	-0.4346	0.0462	-0.2743	-0.0973	0.3198	0.3755
ENSMUSG00000030930	0.0303	-0.4362	0.0545	-0.0552	0.0260	-0.0264
ENSMUSG00000030934	-0.0706	0.0725	-0.0456	-0.2083	-0.6593	-0.0013
ENSMUSG00000030935	0.3453	0.1387	0.4561	-0.2092	-0.1723	-0.4782
ENSMUSG00000030945	0.3072	-0.7658	0.4287	0.3068	-0.6865	-0.2161
ENSMUSG00000030946	-0.0527	0.7281	-0.0715	-0.1591	-0.0962	0.5044
ENSMUSG00000030966	0.5244	0.0810	-0.1916	-0.3215	-0.1806	0.2544
ENSMUSG00000030970	0.1190	0.0844	0.2261	-0.6943	0.5091	0.3947
ENSMUSG00000030972	-0.2053	-0.4714	0.0006	0.0104	-0.1874	-0.4974
ENSMUSG00000030978	0.3901	0.0948	-0.2364	0.1243	-0.3436	0.3625
ENSMUSG00000030979	0.8381	-0.0112	0.3894	0.1491	-0.2419	-0.4763
ENSMUSG00000030987	-0.5968	-0.0354	-0.4026	-0.2700	0.0908	0.5015
ENSMUSG00000030990	-0.1454	0.1390	0.2115	0.0327	-0.5059	-0.4390
ENSMUSG00000031007	0.7935	1.4229	1.9717	1.3568	2.2399	2.9123
ENSMUSG00000031012	-0.1891	0.2621	0.1213	0.0583	-0.2870	-0.4682
ENSMUSG00000031016	0.0787	0.0254	-0.1004	-0.5373	-0.2491	0.0748
ENSMUSG00000031059	0.3934	-0.4398	-0.1851	0.0496	0.4488	0.1520
ENSMUSG00000031073	0.7409	0.1622	0.5148	-0.6638	-0.4589	-0.0598
ENSMUSG00000031074	-0.1652	0.2345	-0.4576	-0.3212	0.4786	-0.1158
ENSMUSG00000031077	0.1807	0.8302	1.0289	1.4459	0.9489	1.6047
ENSMUSG00000031078	-0.4251	-0.0560	0.3081	-0.3806	-0.5304	-0.0559
ENSMUSG00000031090	0.0218	0.2825	-0.0453	-0.6741	-0.1629	0.4099
ENSMUSG00000031095	-0.0436	0.6326	-0.2019	0.2670	-0.0078	-0.1140
ENSMUSG00000031097	0.1589	0.1352	-0.0929	0.5612	0.4461	0.0400
ENSMUSG00000031099	0.3790	-0.1941	0.1563	0.7049	0.2535	0.1517
ENSMUSG00000031111	-0.5190	-0.1767	0.3705	0.5699	0.1043	-0.1146
ENSMUSG00000031119	0.0398	0.2141	0.0556	0.0663	-0.0092	0.3256
ENSMUSG00000031130	-0.1390	0.2264	-0.2788	-0.6050	0.1611	0.3441
ENSMUSG00000031132	0.2021	0.2044	-0.4679	0.5651	-0.1236	0.1903
ENSMUSG00000031133	-0.0276	0.1405	-0.1459	0.4104	-0.0913	0.1659
ENSMUSG00000031134	-0.1453	0.5582	-0.0615	0.2312	-0.8806	0.3029
ENSMUSG00000031138	0.3540	0.2903	-0.3744	0.6019	0.3171	0.2373
ENSMUSG00000031142	0.4814	0.4761	-0.1526	-0.6111	-0.0662	0.0491
ENSMUSG00000031145	-0.1429	0.2792	-0.1657	0.3242	-0.1427	0.1929
ENSMUSG00000031154	-0.6666	-0.9020	-1.2291	-0.1195	-1.4992	-1.7172
ENSMUSG00000031155	-0.3435	-0.8598	0.3121	0.5326	0.0339	-0.3556
ENSMUSG00000031157	0.2812	-0.4474	0.1644	-0.1746	0.1809	-0.1845
ENSMUSG00000031161	0.2709	-0.0805	-0.1692	0.5343	0.2825	0.0836
ENSMUSG00000031165	-0.4153	-0.1398	0.3163	0.0924	-0.0595	0.2218
ENSMUSG00000031168	-0.2995	0.1440	0.0179	-0.3650	0.0874	-0.8039
ENSMUSG00000031169	0.4352	-0.1661	-0.4955	-0.0412	0.0100	0.3408
ENSMUSG00000031170	0.2047	0.2921	0.1812	-0.3662	-0.1715	0.4014
ENSMUSG00000031173	0.4855	-0.2419	0.0763	0.4036	-0.4093	-0.2077
ENSMUSG00000031176	-0.2934	0.3095	0.2765	0.2212	0.3322	0.4395
ENSMUSG00000031196	0.2014	-0.2891	0.0812	-0.0814	0.4975	0.3518
ENSMUSG00000031200	-0.4118	0.5791	0.0800	-0.2032	0.4889	0.3045
ENSMUSG00000031201	-0.0439	0.0897	-0.8564	0.7182	0.3559	-0.1730
ENSMUSG00000031202	0.0240	0.0808	0.3688	0.2683	-0.3449	-0.3240
ENSMUSG00000031207	0.6404	-0.2220	-0.4849	-0.1668	-0.5600	-0.5413
ENSMUSG00000031209	-0.4520	-0.3146	-0.1065	-0.3277	0.0783	-0.3302
ENSMUSG00000031212	0.9442	-0.6005	0.1446	0.5333	-0.2175	0.8029
ENSMUSG00000031217	0.4468	0.0051	0.2288	-0.1624	0.5462	0.2167
ENSMUSG00000031220	-0.3535	-0.0244	-0.1787	0.2874	-0.1432	-0.0592
ENSMUSG00000031221	-0.1248	0.2666	0.0741	-0.5783	0.3826	0.4678
ENSMUSG00000031229	0.0301	0.2105	-0.1669	-0.1398	-0.3304	-0.8484
ENSMUSG00000031230	0.3303	-0.1744	0.0360	-0.2257	-0.0408	0.2859
ENSMUSG00000031231	0.7762	-0.2689	-0.2750	-0.1879	0.2557	-0.2284
ENSMUSG00000031232	-0.0813	-0.0262	0.1526	-0.1931	-0.0487	-0.0498
ENSMUSG00000031233	-0.5204	0.3398	-0.2385	-0.2490	0.0839	-0.4934
ENSMUSG00000031242	-0.1629	-0.1338	0.0893	0.2804	-0.1992	-0.6062
ENSMUSG00000031256	0.1183	-0.3280	-0.3498	0.2776	0.0389	-0.2807
ENSMUSG00000031257	0.3097	-0.1780	-0.3709	-0.1462	0.4875	0.0359
ENSMUSG00000031264	-0.1625	0.2951	-0.2787	-0.2277	0.0592	0.0403
ENSMUSG00000031266	1.2915	1.9256	1.6788	2.1757	2.2231	1.9889
ENSMUSG00000031271	-0.5966	0.3510	0.1493	0.2033	0.0481	0.0583
ENSMUSG00000031273	0.1264	0.5010	0.9109	-0.0403	-0.1915	0.4153
ENSMUSG00000031274	1.7779	1.5572	2.0903	1.7709	2.2660	3.0472
ENSMUSG00000031278	-0.5271	0.3631	0.0207	-0.1255	-0.1514	0.4050
ENSMUSG00000031284	-0.0040	-0.3338	0.0751	0.0045	0.3712	-0.3991
ENSMUSG00000031286	0.1759	-0.4958	-0.5639	-0.3715	-0.2726	0.1961
ENSMUSG00000031289	0.6082	-0.0438	-0.1673	0.2375	0.1047	0.3926
ENSMUSG00000031295	0.8090	-0.4284	-0.0962	-0.2822	0.2694	-0.1037
ENSMUSG00000031299	-0.1608	-0.0126	-0.0507	0.4360	0.1627	0.0092
ENSMUSG00000031302	0.3768	-0.6343	0.1056	-0.1247	-0.3156	-0.7066
ENSMUSG00000031304	0.1589	-0.2454	0.3295	-0.1097	0.6507	-0.3181
ENSMUSG00000031309	-0.5666	0.0467	-0.1831	-0.0897	-0.0617	0.2151
ENSMUSG00000031314	-0.1561	0.0561	0.0423	0.5220	-0.2051	-0.1899
ENSMUSG00000031320	-0.0530	-0.5203	0.1460	-0.5026	0.3778	0.2313
ENSMUSG00000031328	-0.0537	-0.3114	-0.1232	-0.2946	-0.9450	0.0435
ENSMUSG00000031333	1.4595	1.6674	1.6872	2.1771	1.8406	2.6163
ENSMUSG00000031337	-0.4651	-0.2858	0.1008	0.3662	0.1163	0.4802
ENSMUSG00000031340	0.5196	-0.0513	-0.3902	0.0088	0.2190	0.2913
ENSMUSG00000031343	-0.2571	0.6140	-0.2445	-0.8516	-0.0448	0.2067
ENSMUSG00000031344	0.0381	0.4822	-0.0240	0.1195	0.0310	-0.3883
ENSMUSG00000031347	-0.3365	0.1570	0.0778	0.1835	-0.4134	-0.1270
ENSMUSG00000031349	0.9557	0.0937	0.8857	0.7979	0.8599	1.0127
ENSMUSG00000031352	-0.1821	0.4084	0.1962	-0.2069	-0.3156	0.1343
ENSMUSG00000031353	1.0597	0.1449	0.2227	0.1627	-0.0044	0.2517
ENSMUSG00000031360	-1.0531	-0.5451	-0.1946	-0.1944	0.0913	0.0497
ENSMUSG00000031364	-0.0188	-0.2200	0.1638	0.0862	0.4688	-0.3271
ENSMUSG00000031367	-0.2051	0.3208	0.5241	0.7449	-0.2764	0.4701
ENSMUSG00000031373	0.3328	0.3855	-0.1733	-0.3226	-0.1107	0.0041
ENSMUSG00000031375	-0.0070	0.0132	0.4650	0.1491	0.3650	-0.3073
ENSMUSG00000031376	-0.2573	0.6697	-0.2625	-0.6251	-0.3541	-0.4570
ENSMUSG00000031378	-0.2290	-0.1549	0.1570	-0.2911	-0.1162	0.4086
ENSMUSG00000031380	0.7739	0.0350	0.1218	0.0335	0.0351	0.0124
ENSMUSG00000031381	-0.2616	-0.2218	0.2062	0.2628	-0.1643	-0.4755
ENSMUSG00000031383	0.1630	-0.0480	-0.2995	0.1057	0.0422	0.0915
ENSMUSG00000031385	-0.7023	-0.9926	-0.6329	-0.9423	-0.6543	-0.7330
ENSMUSG00000031386	-0.7375	-1.4295	-1.2865	-1.7565	-2.3787	-3.0205
ENSMUSG00000031387	0.0877	-0.1564	-0.2671	0.8731	0.3085	0.5566
ENSMUSG00000031390	-0.3177	-0.2078	0.2349	-0.1082	0.1658	-0.5199
ENSMUSG00000031391	-0.2092	-0.4719	0.2349	-0.2361	-0.3132	0.2386
ENSMUSG00000031392	-0.8390	-0.0885	-0.1556	0.1430	-0.3689	-0.1364
ENSMUSG00000031397	-0.4842	-0.0224	0.3023	0.1782	-0.2681	-0.1690
ENSMUSG00000031398	-0.0928	0.4690	-0.1484	-0.3928	-0.2465	-0.0445
ENSMUSG00000031400	0.0254	-0.2897	0.1362	-0.6884	-0.4955	0.2129
ENSMUSG00000031403	0.2103	-0.1135	0.4020	0.0260	0.1526	-0.1866
ENSMUSG00000031410	0.1638	0.1784	-0.0845	-0.0292	-0.2236	-0.5558
ENSMUSG00000031422	-0.1293	-0.4530	0.1858	-0.0327	0.0472	0.2938
ENSMUSG00000031424	0.1058	-0.2329	0.1971	-0.1158	-0.7732	-0.0628
ENSMUSG00000031432	-0.8536	-0.5015	-1.1268	-0.5174	-0.8993	-1.4282
ENSMUSG00000031441	0.5811	-0.1436	0.2112	0.4426	-0.1409	0.2914
ENSMUSG00000031443	-0.1662	0.0486	0.3220	0.2508	-0.7671	0.4975
ENSMUSG00000031444	0.2641	0.2185	-0.4698	-0.1577	-0.7242	0.1871
ENSMUSG00000031446	-0.6797	0.0497	0.5441	-0.0340	-0.2685	-0.0481
ENSMUSG00000031447	-0.0897	0.3404	0.0611	0.8111	0.1471	-0.4846
ENSMUSG00000031449	-0.3585	-0.4862	0.0385	0.0928	-0.7446	0.3385
ENSMUSG00000031450	-0.0462	0.0039	0.0049	-0.0327	0.2945	-0.8143
ENSMUSG00000031451	0.5826	0.0089	-0.2946	-0.0230	0.0910	0.0461
ENSMUSG00000031453	0.3194	-0.0831	-0.4026	0.3295	0.1542	0.2623
ENSMUSG00000031461	-0.3555	0.1779	0.2237	-0.4249	0.1389	-0.1341
ENSMUSG00000031465	-0.4480	-0.1972	0.4890	0.2293	0.6809	-0.0341
ENSMUSG00000031467	0.3871	-0.1569	-0.1475	0.0330	0.0374	-0.1285
ENSMUSG00000031471	0.2307	-0.1732	0.3833	0.1449	0.2567	-0.2423
ENSMUSG00000031479	0.3198	0.1346	-0.3593	-0.2378	-0.1144	0.1902
ENSMUSG00000031488	-0.5286	0.3451	0.2276	-0.0224	-0.0273	-0.1679
ENSMUSG00000031489	0.6150	-0.1506	-0.0995	0.4315	0.1011	0.2500
ENSMUSG00000031490	0.1367	0.1775	0.2110	0.4929	-0.1403	-0.2258
ENSMUSG00000031491	-0.1595	0.1817	-0.0842	-0.2419	0.0530	-0.6189
ENSMUSG00000031492	-0.0045	0.5301	0.2792	0.3038	0.7821	0.5005
ENSMUSG00000031494	0.5474	-0.5066	0.4793	0.4115	0.3265	-0.2576
ENSMUSG00000031495	-0.2565	-0.0228	0.3090	0.8591	0.0413	0.1407
ENSMUSG00000031497	-0.1194	0.2230	0.2214	0.2231	-0.2959	0.0509
ENSMUSG00000031502	0.7856	1.8638	1.5413	2.3979	2.4572	2.0468
ENSMUSG00000031503	0.2852	-0.5031	0.4191	0.4361	0.0682	-0.0820
ENSMUSG00000031506	-0.4490	-0.2266	-0.2527	-0.2321	-0.0374	-0.1130
ENSMUSG00000031511	-0.0991	-0.2477	-0.1802	0.0599	-0.1519	0.1339
ENSMUSG00000031516	-0.0393	-0.4001	-0.6787	0.2152	0.1404	-0.6367
ENSMUSG00000031520	0.2139	0.1635	0.2973	0.2285	-0.1535	0.3021
ENSMUSG00000031521	-0.9368	0.0941	-0.1199	0.2076	-0.4244	0.6999
ENSMUSG00000031530	-0.3095	-0.2036	0.4487	0.8014	0.4814	-1.1858
ENSMUSG00000031533	-0.1414	0.0095	-0.3101	0.2023	0.0674	-0.2617
ENSMUSG00000031535	0.0211	0.6563	-0.5047	-0.2007	0.5520	-0.3421
ENSMUSG00000031536	0.1792	0.5099	0.4003	-0.7761	0.3717	0.1920
ENSMUSG00000031537	0.1140	-0.1159	-0.2939	-0.1706	0.2574	-0.1493
ENSMUSG00000031538	-0.1701	0.1863	0.1740	0.3504	-0.3526	-0.2983
ENSMUSG00000031539	0.0692	0.0867	-0.3055	-0.3349	-0.3021	-0.2693
ENSMUSG00000031540	0.7849	0.7733	1.0483	1.1859	1.2196	1.0731
ENSMUSG00000031543	-0.1740	-0.0314	-0.3604	-0.6408	-0.4641	-0.7714
ENSMUSG00000031545	-0.3166	0.3183	-0.0547	-0.2262	-0.3825	-0.2511
ENSMUSG00000031548	0.6903	-0.4208	0.5357	0.2391	-0.4529	-0.5249
ENSMUSG00000031549	-0.5273	-0.0769	0.2285	0.1239	-0.1568	0.3260
ENSMUSG00000031551	0.2990	-0.0429	0.5774	0.1311	-0.1669	-0.3687
ENSMUSG00000031555	-0.5749	0.1329	0.2331	0.1678	0.4956	-0.1996
ENSMUSG00000031558	-0.2748	-0.5804	0.2615	0.2533	0.2114	-0.2314
ENSMUSG00000031562	-0.1044	-0.0378	-0.0578	0.3762	0.6579	0.1516
ENSMUSG00000031565	-0.4727	0.0356	-0.1087	-0.6128	-0.5145	-0.3186
ENSMUSG00000031570	0.3573	0.0765	-0.1766	0.1416	0.0198	0.2715
ENSMUSG00000031574	0.2611	-0.1843	0.0390	-0.7294	0.5403	-0.2704
ENSMUSG00000031575	1.3270	0.4333	0.6893	1.2850	1.1057	1.2556
ENSMUSG00000031576	0.2570	-0.3304	-0.0170	0.6937	-0.4722	-0.7306
ENSMUSG00000031584	-0.1910	-0.3874	-0.2274	-1.3229	0.1523	0.0273
ENSMUSG00000031585	0.4033	0.2484	-0.0500	-0.1298	-0.0886	0.4269
ENSMUSG00000031591	-0.3685	0.2208	-0.3152	0.0038	-0.3846	-0.5599
ENSMUSG00000031600	-0.3566	0.0204	0.1694	-0.0015	-0.3184	-0.3491
ENSMUSG00000031601	-0.6478	-0.0455	-0.3281	0.3438	-0.2223	-0.2553
ENSMUSG00000031603	0.1944	-0.1177	0.7122	-0.2248	-0.3064	0.2171
ENSMUSG00000031604	-0.0456	-0.0060	-0.2664	-0.3552	0.0510	0.4833
ENSMUSG00000031608	0.2460	-0.4386	0.4652	0.6407	-0.3754	0.3976
ENSMUSG00000031609	0.0216	0.1025	0.2201	0.4404	0.2601	0.4359
ENSMUSG00000031613	0.0246	0.0984	0.6061	-0.1020	0.8692	-0.0477
ENSMUSG00000031616	0.4950	-0.0708	-0.0586	0.0354	-0.0499	0.1642
ENSMUSG00000031618	-0.0853	-0.5233	-0.0520	0.3242	-0.0241	0.0084
ENSMUSG00000031628	0.0625	0.0088	0.0308	0.2331	0.5936	-0.2178
ENSMUSG00000031633	0.1602	0.2411	-0.0010	0.0867	0.1023	0.0073
ENSMUSG00000031636	0.6060	0.1389	0.2735	0.0762	-0.7057	-0.2836
ENSMUSG00000031639	-0.0415	-0.1778	-0.1224	-0.2318	-0.6704	0.3616
ENSMUSG00000031641	0.2148	0.2577	-0.3767	0.0156	0.1032	0.9132
ENSMUSG00000031645	0.3062	0.4271	0.3306	-0.1723	0.5985	-0.0291
ENSMUSG00000031659	0.0701	0.8242	-0.5670	0.3675	-0.0417	-0.2873
ENSMUSG00000031660	0.2877	0.0576	0.0173	-0.0397	0.2445	-0.2039
ENSMUSG00000031661	0.3843	0.4954	0.4770	0.2278	0.4442	0.0709
ENSMUSG00000031666	0.5764	-0.3583	0.0459	0.2667	-0.2866	0.1532
ENSMUSG00000031668	0.4213	0.3313	0.1314	-0.0834	-0.1127	0.0431
ENSMUSG00000031672	0.0190	-0.0253	-0.1373	-0.0295	0.0793	-0.2235
ENSMUSG00000031681	0.5253	-0.6054	0.2271	0.3009	-0.1867	-0.3214
ENSMUSG00000031683	0.3437	0.2401	-0.2455	0.0277	0.2765	0.3218
ENSMUSG00000031691	0.1296	0.2271	-0.2380	-0.2054	-0.0809	0.4427
ENSMUSG00000031696	0.2168	0.3200	0.3092	-0.1209	0.0472	0.2835
ENSMUSG00000031697	0.5752	-0.2535	-0.9142	-0.0376	0.0755	0.0468
ENSMUSG00000031698	-0.7564	-0.5362	0.4709	-0.4631	-0.1144	-0.1350
ENSMUSG00000031700	0.7351	-0.3102	0.2788	-0.1474	0.1969	0.5954
ENSMUSG00000031701	-0.6561	0.3371	0.2218	-0.5708	0.0018	0.0624
ENSMUSG00000031708	-0.3993	-0.2738	-0.5533	0.1724	-0.0079	0.5192
ENSMUSG00000031710	-0.1768	-0.2039	0.6303	-0.6982	0.5368	0.1447
ENSMUSG00000031712	-0.5226	-0.4620	0.2246	-0.1722	-0.6781	-0.0993
ENSMUSG00000031714	-0.5977	0.7329	-0.4394	0.1967	-0.0235	-0.2196
ENSMUSG00000031715	-0.4437	-0.3034	-0.1850	-0.4436	-0.0488	-0.2559
ENSMUSG00000031725	-0.8571	0.2125	-0.4467	-0.7023	0.3660	0.2573
ENSMUSG00000031729	0.1455	0.2954	0.2651	0.1454	-0.1914	0.1448
ENSMUSG00000031730	0.8934	-0.0473	-0.2188	-0.5496	0.0161	0.2090
ENSMUSG00000031731	0.2843	-0.3388	0.3357	-0.0562	-1.3342	-0.0101
ENSMUSG00000031732	0.1650	-0.2325	0.0348	0.0478	0.0485	-0.1103
ENSMUSG00000031740	0.1230	-0.6855	0.1117	0.3608	0.2844	-0.0546
ENSMUSG00000031748	-0.5461	0.1013	-0.3010	-0.1783	-0.3702	0.3847
ENSMUSG00000031749	-0.0085	0.3905	-0.5118	-0.1309	0.4456	0.0025
ENSMUSG00000031750	-0.3401	0.2677	-0.8497	-0.1037	0.1737	0.4462
ENSMUSG00000031751	0.1785	0.2218	-0.4290	-0.1049	-0.1476	-0.1625
ENSMUSG00000031754	0.2606	-0.3180	0.2899	0.8520	-0.2463	-0.1906
ENSMUSG00000031762	0.1051	0.2092	-0.3991	0.1790	-0.3596	0.3324
ENSMUSG00000031765	-0.2246	0.1891	0.0525	0.0640	-0.0301	-0.5720
ENSMUSG00000031766	0.3048	-0.5070	-0.1409	-0.0775	-0.6431	0.4339
ENSMUSG00000031767	0.1710	0.0583	0.5513	0.1283	-0.1105	-0.9148
ENSMUSG00000031770	-0.8280	0.5394	-0.0129	0.1088	0.2471	-0.2270
ENSMUSG00000031778	-0.3449	-0.2474	-0.0568	-0.0910	0.1408	0.1991
ENSMUSG00000031779	-0.1222	-0.1157	0.2206	-0.3617	-0.0348	-0.7668
ENSMUSG00000031780	0.4586	0.2133	0.2296	0.2534	-0.1010	0.1238
ENSMUSG00000031783	0.2734	0.0264	-0.1571	0.4572	0.2859	0.0710
ENSMUSG00000031788	0.2489	-0.1335	-0.2387	-0.0744	0.5770	-0.3328
ENSMUSG00000031789	0.1210	0.0074	0.1585	0.3838	0.6136	0.3888
ENSMUSG00000031790	0.0975	-0.1658	-0.1521	0.2059	0.4311	0.1372
ENSMUSG00000031799	-0.0944	0.2330	0.3316	0.0156	0.0504	-0.1494
ENSMUSG00000031803	-0.4957	-0.0977	0.5496	-0.1709	0.4266	-0.1754
ENSMUSG00000031805	0.0208	-0.0565	0.2217	0.1947	0.2160	0.0662
ENSMUSG00000031807	-1.1446	-0.2075	-1.0612	-1.6566	-1.3322	-1.0474
ENSMUSG00000031808	0.1859	0.1008	0.4657	0.0773	-0.2538	0.2523
ENSMUSG00000031812	0.6582	0.0810	-0.1814	-0.6625	-0.4403	-0.0470
ENSMUSG00000031813	0.3202	0.6184	0.0814	-0.5036	0.0432	-0.1130
ENSMUSG00000031818	-0.0103	-0.0274	-0.3792	0.0276	-0.2204	0.2075
ENSMUSG00000031820	0.7205	0.0595	-0.1000	-0.1878	-0.1654	0.0830
ENSMUSG00000031834	0.0711	0.3263	-0.0265	-0.3450	0.0987	-0.4331
ENSMUSG00000031835	-0.1963	-0.3218	0.0521	-0.8877	-0.2239	0.2083
ENSMUSG00000031838	-0.5463	-0.3827	-0.8199	-0.8841	-1.0393	-1.5604
ENSMUSG00000031840	-0.0265	0.0932	0.1258	-0.5227	0.3222	0.0685
ENSMUSG00000031842	-0.6193	0.2271	1.1012	0.3133	0.0633	0.5447
ENSMUSG00000031843	-0.3116	-0.3630	-1.1240	0.0681	0.8500	-0.5202
ENSMUSG00000031844	0.0959	-0.0335	-0.2153	-0.0856	-0.2706	0.3420
ENSMUSG00000031845	0.4201	-0.2516	0.0684	0.1933	-0.5446	-0.0636
ENSMUSG00000031848	0.3465	-0.0577	-0.1248	-0.4630	-0.5053	0.1296
ENSMUSG00000031849	-0.4342	-0.6113	0.1825	-0.3509	-0.0668	-0.4764
ENSMUSG00000031851	0.5073	0.3110	0.3117	-0.8525	-0.8932	-0.2958
ENSMUSG00000031853	-0.1405	-0.2535	-0.0854	-0.1925	0.5280	-0.7140
ENSMUSG00000031858	0.0092	0.0155	-0.0959	-0.4445	-0.1303	-0.2208
ENSMUSG00000031861	-0.0062	0.0126	-0.2949	0.1578	0.2057	-0.0558
ENSMUSG00000031865	-0.2010	-0.0254	-0.0668	0.1538	-0.0273	0.5717
ENSMUSG00000031870	-0.3140	0.1930	-0.1411	0.1872	-0.5255	0.2640
ENSMUSG00000031871	-0.1164	0.4897	-0.0061	-0.1971	0.5867	-0.4915
ENSMUSG00000031872	0.5000	0.1189	-0.5444	-0.5352	0.2247	-0.4347
ENSMUSG00000031877	-0.0477	-0.2845	-0.1012	-0.4163	0.0384	0.0683
ENSMUSG00000031878	0.7453	-0.1215	-0.4668	-0.5896	0.6307	0.2508
ENSMUSG00000031883	0.1114	-0.0278	-0.4445	0.3840	-0.3541	0.0901
ENSMUSG00000031886	-0.5683	-0.0974	0.3228	-0.1257	0.3475	0.2529
ENSMUSG00000031887	-0.9832	-1.2360	-0.6729	-0.9538	-1.1807	-0.8901
ENSMUSG00000031891	-0.4525	-0.3674	-0.3402	0.2699	0.2691	0.4236
ENSMUSG00000031896	0.2303	0.3805	0.2031	0.0426	0.1411	-0.0008
ENSMUSG00000031897	0.2485	0.1029	0.3240	-0.2245	0.4404	0.1533
ENSMUSG00000031902	0.2391	-0.0229	0.3831	-0.4663	-0.0282	-0.3222
ENSMUSG00000031903	0.4563	-0.0861	-0.3384	-0.4623	0.1417	-0.1624
ENSMUSG00000031906	1.9174	1.6924	1.8747	2.1300	3.0160	2.5174
ENSMUSG00000031913	0.0006	0.2420	0.2267	-0.3196	-0.1490	0.9912
ENSMUSG00000031918	-0.1185	0.1775	0.3798	-0.0730	-0.1310	0.6582
ENSMUSG00000031925	-0.6447	-0.7739	-1.1331	-1.3493	-1.3641	-1.4878
ENSMUSG00000031928	0.0433	0.0721	-0.3481	-0.1595	-0.3761	-0.3083
ENSMUSG00000031930	0.4211	0.1313	-0.1813	-0.4265	0.2396	0.4194
ENSMUSG00000031932	-0.2583	0.0280	0.0275	0.2454	-0.1445	-0.1551
ENSMUSG00000031934	0.0474	-0.5238	0.0516	-0.1120	0.0291	-0.0280
ENSMUSG00000031935	-0.2650	-0.1130	1.1006	-0.4021	-0.2662	-0.1515
ENSMUSG00000031936	0.4681	-0.0067	-0.3387	-0.2900	-0.4107	-0.2201
ENSMUSG00000031948	-1.2457	-1.2477	-1.2513	-1.5568	-1.9908	-2.7367
ENSMUSG00000031950	0.2378	-0.4974	0.3022	-0.1830	0.1226	0.0645
ENSMUSG00000031952	0.0812	-0.3009	-0.0411	-0.0188	-0.3866	0.3926
ENSMUSG00000031955	-0.3773	-0.2562	0.1063	-0.0954	-0.5924	-0.1791
ENSMUSG00000031957	-0.2597	-0.0850	0.4927	0.0563	0.1161	-0.0771
ENSMUSG00000031958	-0.3865	0.5476	0.3413	0.4782	0.3399	0.2463
ENSMUSG00000031959	0.0947	0.5191	0.2339	0.0062	0.6085	-0.4720
ENSMUSG00000031960	1.6062	1.6191	2.1238	1.9875	2.0344	2.7201
ENSMUSG00000031962	-0.4910	-0.4129	-0.0856	-0.6979	0.3392	-0.1851
ENSMUSG00000031967	-0.2274	-0.2528	-0.2955	0.3159	0.6784	0.0018
ENSMUSG00000031969	-0.1826	0.1698	0.6250	0.3672	-0.4460	-0.5318
ENSMUSG00000031972	0.2339	0.4758	0.2554	0.3112	0.3220	-0.1867
ENSMUSG00000031974	1.0434	1.2346	1.2487	2.2871	1.8000	3.1192
ENSMUSG00000031980	1.7010	1.8610	1.3860	1.6263	2.5556	3.1261
ENSMUSG00000031985	-0.5250	0.1882	0.7915	-0.4505	-0.1870	-0.0429
ENSMUSG00000031987	-0.9418	0.0684	0.0630	-0.1934	-0.3908	-0.4727
ENSMUSG00000031988	0.0521	0.6819	-0.6971	0.3627	0.3429	0.1922
ENSMUSG00000031990	-0.4005	0.4174	-0.5476	-0.5027	0.0919	0.1194
ENSMUSG00000031995	0.1703	0.3281	0.3067	-0.6501	-0.1409	-0.5727
ENSMUSG00000031997	0.0902	0.0082	0.3366	0.2820	0.6897	0.5915
ENSMUSG00000032000	0.0507	0.2111	-0.2094	0.2992	-0.0552	0.0653
ENSMUSG00000032006	-0.2132	-0.7513	0.4295	-0.1472	-0.2605	-0.1496
ENSMUSG00000032009	-0.7735	0.3084	0.3032	-0.1639	-0.7415	-0.0186
ENSMUSG00000032011	-0.3254	0.0157	0.1217	-0.0857	-0.0387	0.1823
ENSMUSG00000032012	0.0471	-0.1468	0.3702	-0.2776	0.3933	-0.0434
ENSMUSG00000032015	0.7215	0.8773	1.5784	0.5396	0.8379	1.5157
ENSMUSG00000032017	-0.3271	-0.0999	-0.4155	0.1622	0.5721	0.3002
ENSMUSG00000032018	-0.1507	0.1491	-0.5138	0.7058	0.1380	-0.0934
ENSMUSG00000032021	-0.2728	0.0420	-0.2734	-0.3125	-0.0520	0.1698
ENSMUSG00000032024	-0.4252	0.4016	0.0462	0.2112	0.0457	0.0509
ENSMUSG00000032026	-0.3938	-0.1256	-0.5390	-0.1852	-0.5614	0.3085
ENSMUSG00000032030	-0.0059	0.4139	0.1631	0.3153	-0.5119	0.1879
ENSMUSG00000032034	0.2364	-0.0784	-0.4040	-0.4802	0.3991	-0.3063
ENSMUSG00000032035	-0.1271	-0.0888	0.1992	-0.4208	0.2437	-0.5305
ENSMUSG00000032036	-0.4454	-1.3416	-1.0415	-0.8608	-1.3579	-1.0555
ENSMUSG00000032038	0.1713	0.3659	-0.2897	0.7900	0.1447	0.1218
ENSMUSG00000032040	0.9275	0.2640	-0.3286	0.6989	0.4316	-0.1718
ENSMUSG00000032041	-0.4226	-0.4926	-0.4068	0.2884	0.8067	-0.0999
ENSMUSG00000032042	0.5899	0.4030	0.3377	0.2529	-0.0939	0.3844
ENSMUSG00000032047	-0.3958	-0.7964	0.0719	0.5734	0.2377	0.5172
ENSMUSG00000032050	0.3662	-0.7653	0.2421	0.2631	0.1882	0.1238
ENSMUSG00000032056	-0.2310	0.2478	-0.6182	0.1933	0.6306	0.6658
ENSMUSG00000032058	-0.3528	0.3405	-0.0794	-0.1925	0.1083	-0.3376
ENSMUSG00000032059	0.4261	-0.0835	0.1915	-0.0196	0.3739	0.3816
ENSMUSG00000032060	0.4147	-0.6108	0.2073	0.3856	-0.2976	0.3086
ENSMUSG00000032067	0.0356	0.2277	0.9625	-0.2531	-0.4544	0.3332
ENSMUSG00000032076	-0.0969	-0.1528	-0.1661	-0.4243	0.2928	-0.0413
ENSMUSG00000032079	-0.8770	-0.1080	-0.2730	-0.1188	0.4626	-0.1255
ENSMUSG00000032080	0.0238	-0.5605	-0.7631	-0.1365	-0.2160	-0.3320
ENSMUSG00000032081	0.2707	0.6463	-0.3171	-0.2746	0.2617	-0.1951
ENSMUSG00000032083	0.8577	-0.0328	0.6669	1.2772	0.9267	1.4717
ENSMUSG00000032086	-0.3594	-0.3038	-0.8113	0.4951	-0.1785	0.0465
ENSMUSG00000032089	0.2646	0.2247	-0.4170	-0.1349	0.0710	-0.2300
ENSMUSG00000032091	0.0516	-0.1424	-0.2983	0.4364	0.0889	0.0503
ENSMUSG00000032093	-0.2635	-0.2041	-0.1164	-0.2474	-0.1806	0.4150
ENSMUSG00000032094	0.4039	0.0231	0.0429	-0.0111	0.1285	0.0742
ENSMUSG00000032097	-0.1954	0.3224	0.0521	-0.5758	0.6344	-0.3015
ENSMUSG00000032098	-0.2409	-0.4446	-0.1489	0.7856	0.0339	0.2053
ENSMUSG00000032099	-0.0812	0.1726	0.5579	0.3655	0.4435	0.0880
ENSMUSG00000032108	-0.4118	-0.0490	0.5910	0.3352	0.3424	-0.3429
ENSMUSG00000032109	0.2391	-0.3535	-0.0157	0.1694	0.1359	0.6263
ENSMUSG00000032113	-0.0297	-0.0314	0.1820	-0.1468	-0.1311	-0.2931
ENSMUSG00000032114	-0.3821	-0.2757	0.1311	-0.1119	-0.3936	-0.1195
ENSMUSG00000032115	-0.3227	-0.1155	0.2245	0.3723	-0.0813	-0.5568
ENSMUSG00000032116	-0.0808	-0.2149	0.1845	-0.1740	0.0494	0.2486
ENSMUSG00000032118	-0.0744	-0.6440	-0.6934	0.2040	-0.5050	-0.3064
ENSMUSG00000032123	0.6995	0.1167	0.3245	0.3908	-0.0147	-0.5512
ENSMUSG00000032125	-0.4800	0.1849	0.1727	0.0106	0.4743	-0.2697
ENSMUSG00000032126	-0.6704	-0.8569	-0.9759	-1.3424	-0.6806	-1.7559
ENSMUSG00000032127	-0.2942	-0.0078	0.3139	-0.0098	-0.1920	-0.4494
ENSMUSG00000032128	0.1855	-0.0873	0.0784	-0.7442	0.4224	-0.0430
ENSMUSG00000032131	0.6464	-0.2273	-0.1519	-0.0945	-0.4564	-0.3336
ENSMUSG00000032171	-0.3228	0.1353	-0.1381	0.7394	-0.2852	0.4468
ENSMUSG00000032175	-0.0880	0.2192	0.4966	0.2835	0.1097	0.0775
ENSMUSG00000032177	-0.1047	0.1195	-0.0020	-0.1545	0.1244	-0.8208
ENSMUSG00000032179	-0.0892	-0.1716	-0.5766	-0.0067	0.1540	-0.8206
ENSMUSG00000032185	0.1461	-0.3077	-0.5887	0.2508	-0.2165	-0.1211
ENSMUSG00000032186	0.4362	-0.2952	0.7902	0.4165	-0.2041	-0.4446
ENSMUSG00000032187	-0.0531	-0.1128	-0.4507	-0.0883	0.6448	-0.4707
ENSMUSG00000032192	-0.2667	0.9292	-0.1299	-0.3014	-0.1487	-0.3839
ENSMUSG00000032193	0.5792	-0.1884	0.1205	-0.0740	0.6178	0.3461
ENSMUSG00000032199	-0.0907	-0.3788	0.1226	0.4548	0.3176	0.1912
ENSMUSG00000032204	0.5414	-0.5022	0.3375	0.6114	0.2579	0.4080
ENSMUSG00000032207	-0.2432	-0.2175	-0.1835	-0.1238	-0.3258	-0.2064
ENSMUSG00000032215	-0.0939	-0.2301	0.1384	-0.0505	0.0928	-0.3300
ENSMUSG00000032216	-0.4061	-0.3931	0.5647	-0.0952	0.3455	0.0607
ENSMUSG00000032218	0.4110	0.1619	-0.0080	-0.0601	0.6102	-0.3289
ENSMUSG00000032220	-0.1313	-0.3546	0.3515	-0.3291	0.2156	-0.2882
ENSMUSG00000032226	-0.2802	0.0334	0.3882	-0.2608	0.0467	-0.2556
ENSMUSG00000032231	0.2139	0.0288	0.0684	-0.5171	0.2229	0.0028
ENSMUSG00000032232	-0.4154	-0.1798	-0.0516	-0.1185	0.0241	0.0415
ENSMUSG00000032238	-0.7571	-1.0315	-0.4936	-0.4953	-1.7033	-0.9101
ENSMUSG00000032239	-0.1519	0.1364	-0.3759	0.5250	-0.0580	-0.1061
ENSMUSG00000032243	0.2426	-0.4474	-0.6085	0.4695	0.3327	-0.1778
ENSMUSG00000032246	-0.2345	-0.4435	0.2757	-0.3227	0.2306	0.5672
ENSMUSG00000032252	-0.1463	-0.1791	-0.6716	-0.3524	0.7386	0.2890
ENSMUSG00000032254	-0.0122	0.4021	-0.2222	0.1317	0.1666	0.5631
ENSMUSG00000032259	0.1723	0.7004	-0.1323	0.2809	0.4105	0.7114
ENSMUSG00000032262	1.2977	1.7895	1.4756	1.9290	1.8810	2.1541
ENSMUSG00000032263	0.5295	0.2209	-0.1753	-0.2975	0.3091	0.5279
ENSMUSG00000032269	0.2812	0.4175	0.7273	-0.0798	0.0033	-0.2582
ENSMUSG00000032271	-0.1721	0.7894	-0.1288	0.2214	-0.0022	-0.3901
ENSMUSG00000032274	0.4766	-0.2992	0.2141	0.1860	0.0657	0.2677
ENSMUSG00000032278	0.2657	0.1710	-0.2124	0.1396	-0.6010	-0.2287
ENSMUSG00000032279	-0.5021	-0.0134	-0.8859	-0.4093	-0.4100	0.8810
ENSMUSG00000032280	-0.1297	0.0896	0.3682	0.1386	0.4233	-0.0666
ENSMUSG00000032281	0.5069	-0.9287	0.5073	0.3262	-0.1177	-0.0450
ENSMUSG00000032288	-0.6138	-0.2567	0.6068	-0.6859	0.0793	-0.4771
ENSMUSG00000032289	-0.0219	0.1491	-0.1496	-0.2280	-0.2975	-0.1396
ENSMUSG00000032294	0.0348	0.4361	0.4256	-0.5061	-0.3183	-0.7677
ENSMUSG00000032295	0.7301	-0.0451	0.8324	0.7693	0.3242	0.1659
ENSMUSG00000032298	0.1635	0.2373	-0.1565	-0.1754	-0.2973	0.0791
ENSMUSG00000032301	-0.6844	0.1125	-0.6229	0.6598	0.1748	-0.2944
ENSMUSG00000032303	0.6130	-0.0487	0.0943	0.1302	-0.0396	-0.2463
ENSMUSG00000032306	-0.7024	0.4689	0.6712	-0.0469	-0.5592	0.0324
ENSMUSG00000032307	0.1043	-0.1744	0.1070	-0.3582	-0.7013	-0.2027
ENSMUSG00000032309	0.3334	0.1535	-0.6108	-0.0132	-0.2198	-0.2240
ENSMUSG00000032310	-0.2941	-0.3163	0.4364	-0.0521	0.6982	0.2146
ENSMUSG00000032311	-0.2985	-0.1482	-0.2983	-0.0102	0.0989	-0.1324
ENSMUSG00000032312	0.0943	-0.1341	-0.2066	-0.0955	-0.0558	-0.3394
ENSMUSG00000032315	-0.3172	0.0962	-0.0189	0.2408	0.7547	-0.0242
ENSMUSG00000032322	0.2804	0.2633	-0.0879	-0.2106	-0.2223	0.1169
ENSMUSG00000032323	0.2522	0.3418	0.7859	-0.3293	0.2502	0.1088
ENSMUSG00000032328	0.3959	-0.4636	-0.3214	-0.3556	0.3698	-0.3177
ENSMUSG00000032330	0.2136	-0.1537	-0.2333	0.0930	0.0391	-0.6921
ENSMUSG00000032332	0.3442	-0.0668	0.6778	0.1000	0.0600	-1.0329
ENSMUSG00000032338	-0.1255	-0.4296	-0.0967	0.0149	0.1441	0.6311
ENSMUSG00000032340	0.8333	-0.4991	0.2620	-0.3068	0.2282	-0.7722
ENSMUSG00000032344	-0.3692	-0.0304	-0.3665	-0.0088	0.1341	-0.3165
ENSMUSG00000032348	0.1619	0.0613	0.0754	-0.2660	-0.6594	0.9489
ENSMUSG00000032349	0.1545	-0.5365	0.3396	0.2662	-0.4145	0.6132
ENSMUSG00000032350	0.5482	-0.0748	-0.4557	0.2533	0.0489	0.1541
ENSMUSG00000032356	0.4335	0.4784	-0.1022	0.0441	-0.2479	0.1231
ENSMUSG00000032359	-0.5495	-0.4405	0.5192	-0.2681	-0.3168	0.5465
ENSMUSG00000032360	-0.1335	-0.2078	-0.2324	-0.2777	-0.1410	0.4432
ENSMUSG00000032366	0.3762	-0.0011	0.4235	-0.2490	0.2715	0.3679
ENSMUSG00000032373	-0.2429	0.0362	-0.0523	0.4421	0.6496	-0.1276
ENSMUSG00000032374	0.7943	0.1273	0.1074	0.5955	-0.2727	0.3567
ENSMUSG00000032375	-0.0632	-0.3605	0.1307	0.1765	-0.0623	-0.0660
ENSMUSG00000032380	-0.1053	0.2312	0.4629	0.1482	-0.2416	-0.1377
ENSMUSG00000032382	0.5129	0.2086	0.4565	-0.1600	0.3458	0.2096
ENSMUSG00000032384	-0.6182	-0.2799	-1.4827	-1.4932	-1.5313	-1.1425
ENSMUSG00000032388	0.0259	-0.1827	-0.2495	0.1222	-0.0091	-0.1808
ENSMUSG00000032396	0.2880	-0.1468	0.0213	-0.0433	0.2425	0.8817
ENSMUSG00000032399	0.2171	-0.3153	-0.3354	0.0368	-0.3492	0.3286
ENSMUSG00000032402	0.3305	-0.1943	-0.0733	0.3420	-0.1195	-0.5723
ENSMUSG00000032405	0.1037	-0.1360	0.2081	0.5237	0.0230	-0.6659
ENSMUSG00000032407	0.2320	0.5276	-0.3955	-0.0619	0.2449	-0.1417
ENSMUSG00000032409	-0.0946	-0.5426	-0.2238	-0.1621	0.0630	0.0430
ENSMUSG00000032410	0.2207	-0.2293	0.2664	0.1029	-0.4164	-0.4589
ENSMUSG00000032411	0.4454	-0.5014	-0.5091	0.2815	-0.3523	-0.1712
ENSMUSG00000032412	0.1720	-0.3734	-0.3599	0.8104	0.1688	0.0673
ENSMUSG00000032413	-0.2402	0.2343	-0.0190	0.0049	-0.1337	0.1138
ENSMUSG00000032418	-0.5013	-0.5282	0.5948	-0.8445	-0.0550	0.5931
ENSMUSG00000032420	-0.1354	0.0586	-0.0859	0.3481	-0.0331	-0.2049
ENSMUSG00000032435	-0.2383	0.4955	-0.1684	-0.4078	0.0031	-0.1971
ENSMUSG00000032437	0.0173	0.2479	0.1063	0.0947	-0.1094	0.0916
ENSMUSG00000032440	0.1469	-0.5530	-0.0632	0.2114	-0.6383	-0.6141
ENSMUSG00000032454	-0.7395	0.3487	0.1595	0.3303	0.6046	0.1108
ENSMUSG00000032456	0.2683	-0.0754	0.1032	-0.1539	0.2064	-0.3171
ENSMUSG00000032459	0.3185	0.0160	0.0599	-0.1293	0.5751	-0.3054
ENSMUSG00000032462	0.1118	0.0898	0.1241	0.2574	-0.4435	0.4851
ENSMUSG00000032470	0.2600	-0.3057	-0.5617	-0.1071	0.3775	0.1319
ENSMUSG00000032473	1.2454	1.2803	1.7003	1.9313	2.2573	2.0007
ENSMUSG00000032475	0.0293	-0.0675	-0.0262	0.2163	0.0832	0.3429
ENSMUSG00000032477	-0.4200	-0.7368	0.0551	-0.5331	-0.1845	0.0191
ENSMUSG00000032478	-0.4735	-0.3006	-0.3977	0.4986	0.1108	0.5760
ENSMUSG00000032481	0.0270	0.1520	-0.3749	-0.1156	0.6237	0.3115
ENSMUSG00000032487	0.3110	-0.4430	0.7122	0.1097	0.0610	0.0450
ENSMUSG00000032489	0.3103	0.2355	0.0131	0.5312	-0.6042	-0.3033
ENSMUSG00000032492	-0.4927	-0.4301	0.0228	0.1416	-0.0982	0.1202
ENSMUSG00000032498	0.3233	0.0012	0.4363	0.2416	-0.3417	0.1984
ENSMUSG00000032504	-0.3534	0.2407	0.5963	-0.3920	-0.3258	0.0775
ENSMUSG00000032508	-0.3070	0.5809	-0.5673	-0.1682	-0.4117	-0.1721
ENSMUSG00000032511	0.5081	0.0003	-0.4217	0.2681	0.4229	0.3990
ENSMUSG00000032512	0.1054	-0.3460	0.2877	-0.5060	0.3178	-0.1173
ENSMUSG00000032513	0.0623	-0.2140	-0.5451	0.3924	0.1258	0.0592
ENSMUSG00000032518	-0.4308	0.3327	0.4173	-0.0877	0.2834	0.5742
ENSMUSG00000032523	0.1296	0.6176	-0.3144	-0.1145	-0.0515	0.1515
ENSMUSG00000032527	0.5243	-0.2314	-0.3291	-0.1184	0.2451	0.0215
ENSMUSG00000032528	-0.2462	-0.3210	0.5699	0.0361	-0.1158	-0.4457
ENSMUSG00000032531	-0.0234	0.8341	0.2563	-0.2964	0.1596	-0.3266
ENSMUSG00000032532	-0.4352	0.1113	-0.7988	0.4509	-0.1591	-0.4640
ENSMUSG00000032537	0.0964	0.0262	-0.1607	-0.3383	-0.1413	0.4139
ENSMUSG00000032540	1.4073	1.6318	1.8418	2.4628	2.2664	2.2926
ENSMUSG00000032547	0.3894	-0.4299	-0.4337	-0.3019	-0.1031	-0.4107
ENSMUSG00000032553	0.0780	0.4018	-0.1726	0.2253	0.0761	0.0850
ENSMUSG00000032554	-0.3431	0.6347	-0.4870	-0.3346	-0.1615	0.3903
ENSMUSG00000032555	-0.4065	0.2996	0.2933	-0.1348	-0.2732	-0.0734
ENSMUSG00000032562	-0.2932	-0.4333	0.6117	-0.2234	0.0156	-0.0556
ENSMUSG00000032563	-0.1101	-0.0626	-0.0478	-0.2561	-0.2122	0.1757
ENSMUSG00000032565	0.7255	-0.5627	0.1696	0.1691	-0.0981	-0.0344
ENSMUSG00000032566	-0.1067	0.3931	-0.4863	0.4944	0.3604	0.0395
ENSMUSG00000032571	-0.3792	-0.1261	0.0512	0.2176	-0.3386	0.3519
ENSMUSG00000032572	0.6044	-0.3317	-0.3331	-0.0373	-0.0741	-0.3229
ENSMUSG00000032577	-0.3569	-0.2512	-0.7172	-0.6905	-1.2412	-1.4334
ENSMUSG00000032578	0.3975	0.2724	-0.2189	0.0196	-0.1244	0.3470
ENSMUSG00000032583	-0.0149	-0.4604	-0.5805	-0.6062	0.2466	0.2211
ENSMUSG00000032584	0.4922	-0.2906	-0.0379	-0.0468	-0.0527	-0.6524
ENSMUSG00000032591	0.3276	0.5118	0.3962	0.1235	-0.3822	0.3205
ENSMUSG00000032594	-0.2150	0.0825	-0.0589	0.1390	0.0610	0.5285
ENSMUSG00000032596	0.0331	0.1152	-0.4657	-0.6906	-0.3352	0.2203
ENSMUSG00000032599	0.4709	-0.2739	0.0282	0.1128	-0.1931	-0.0053
ENSMUSG00000032601	0.1579	-0.1875	0.1022	0.1818	0.2221	0.2948
ENSMUSG00000032602	-0.0863	-0.5407	0.1137	-0.2225	-0.1621	0.0232
ENSMUSG00000032604	1.3236	1.2778	2.2422	1.6142	1.8849	2.7257
ENSMUSG00000032607	-0.3170	-0.0674	0.1732	-0.2795	-0.0801	-0.5720
ENSMUSG00000032615	0.2692	-0.9150	-0.0957	-0.4168	-0.3634	-0.0357
ENSMUSG00000032624	-0.5541	-0.1528	-0.0199	0.4555	0.4414	0.1655
ENSMUSG00000032633	-0.1619	-0.4278	0.2111	0.1495	-0.3010	0.4102
ENSMUSG00000032637	0.2012	0.3120	0.4337	0.2752	0.0255	-0.0396
ENSMUSG00000032640	0.0734	0.1274	0.4123	0.3330	-0.0019	0.9467
ENSMUSG00000032643	0.3307	-0.3695	-0.4097	0.1656	-0.5208	-0.5169
ENSMUSG00000032648	0.4663	-0.0713	0.0967	0.3322	-0.4554	-0.0996
ENSMUSG00000032649	-0.1436	-0.1515	0.1566	0.5223	-0.2576	-0.3673
ENSMUSG00000032661	0.0184	0.2777	-0.0446	0.0923	0.3426	0.0959
ENSMUSG00000032679	-0.3077	0.0635	-0.4501	0.0944	-0.3520	0.0429
ENSMUSG00000032688	-0.3371	0.5204	0.4788	0.4854	0.1028	-0.3869
ENSMUSG00000032690	-0.2033	-0.2817	0.3011	0.4043	-0.4911	0.3130
ENSMUSG00000032691	-0.1279	-0.4227	-0.4752	0.3190	-0.2175	0.3470
ENSMUSG00000032698	0.3111	-0.0057	-0.0992	-0.3147	-0.2069	-0.0520
ENSMUSG00000032715	-0.6333	0.3632	0.5167	0.0188	0.2781	-0.1169
ENSMUSG00000032725	0.4502	0.3573	0.3686	0.1041	-0.0793	0.2533
ENSMUSG00000032726	0.0251	-0.1013	0.2574	-0.5543	-0.1100	-0.4647
ENSMUSG00000032733	0.8100	-0.4456	0.0119	-0.5146	0.5497	0.0454
ENSMUSG00000032735	-0.2305	-0.5043	-0.1593	0.3602	-0.3238	0.0728
ENSMUSG00000032737	-0.2820	0.3251	0.0613	-0.0459	-0.2040	-0.2851
ENSMUSG00000032741	0.5242	0.3574	-0.0457	0.6624	0.1598	0.2126
ENSMUSG00000032744	0.0791	0.0086	0.8714	-0.5851	0.5199	-0.2109
ENSMUSG00000032757	0.2139	-0.2686	-0.3417	0.2998	-0.2192	-0.4513
ENSMUSG00000032766	0.2780	-0.1968	0.2194	-0.1631	0.2885	0.0332
ENSMUSG00000032769	0.0379	-0.4156	-0.1581	-0.0695	-0.1400	-0.6933
ENSMUSG00000032773	-0.1428	0.1871	0.1363	-0.6890	-0.4587	0.0208
ENSMUSG00000032786	0.2669	-0.4374	0.4260	0.7044	0.0109	0.5510
ENSMUSG00000032788	-0.0090	-0.4400	0.2174	-0.3088	-0.3871	-0.3773
ENSMUSG00000032796	0.0996	0.1790	0.4385	-0.0809	-0.6051	-0.4365
ENSMUSG00000032807	1.9688	0.9614	1.6658	1.7405	1.9596	2.9903
ENSMUSG00000032808	-0.2920	-0.2999	-0.0983	-0.3157	-0.1966	-0.1470
ENSMUSG00000032812	-0.4443	0.0676	0.0568	0.1664	-0.1677	0.0319
ENSMUSG00000032815	0.2720	-0.1905	-0.1882	-0.2431	0.1819	-0.4735
ENSMUSG00000032826	-0.8266	-0.4597	-0.6696	-0.7084	-1.5995	-1.3456
ENSMUSG00000032834	-0.2686	0.0609	-0.0774	-0.5914	-0.2863	1.0690
ENSMUSG00000032839	0.3920	-0.3132	-0.0439	0.4805	0.2438	0.1587
ENSMUSG00000032841	0.4961	0.2488	0.0341	0.2993	0.3011	-0.0060
ENSMUSG00000032842	-0.2971	0.1924	0.3134	-0.6880	-0.0847	-0.0007
ENSMUSG00000032849	-1.0108	-1.8722	-1.7633	-1.2732	-1.8807	-2.3272
ENSMUSG00000032852	0.3333	0.3944	-0.1831	-0.6171	-0.4884	-0.1049
ENSMUSG00000032854	1.5862	1.1647	1.7605	1.5047	1.4725	2.3965
ENSMUSG00000032860	0.6116	0.0255	0.0547	0.1602	0.5995	-0.1707
ENSMUSG00000032864	-0.3408	0.2163	-0.2461	0.0680	-0.0540	0.0945
ENSMUSG00000032867	-0.2014	-0.4096	-0.4491	-0.3950	-0.1514	-0.1094
ENSMUSG00000032869	-0.1570	-0.0043	-0.2194	-0.2561	-0.1508	0.0813
ENSMUSG00000032870	-0.3216	-0.5125	-0.4683	0.0366	-0.0695	0.2504
ENSMUSG00000032872	1.6276	2.1919	2.0699	2.2139	1.9502	2.2331
ENSMUSG00000032883	-0.6037	-0.1908	0.0869	-0.0104	-0.4760	0.1892
ENSMUSG00000032897	-0.0029	-0.3463	0.2357	0.2178	0.3717	-0.0958
ENSMUSG00000032902	0.1926	-0.3764	-0.3398	-0.0934	-0.3722	-0.3382
ENSMUSG00000032905	0.0258	0.2031	0.3845	-0.0898	-0.2540	-0.6016
ENSMUSG00000032908	1.6535	1.9442	1.5038	1.8060	2.1536	2.3051
ENSMUSG00000032913	-0.1298	0.3555	-0.5359	-0.0253	0.3427	-0.2274
ENSMUSG00000032937	0.6188	-0.1303	0.3945	-0.1446	0.6575	-0.4358
ENSMUSG00000032939	0.4457	-0.8175	0.1743	-0.2846	0.6987	0.6867
ENSMUSG00000032946	-0.4867	-0.4080	0.0942	0.7628	0.4760	0.1584
ENSMUSG00000032952	0.1763	0.4244	0.7793	-0.2458	-0.3951	-0.1954
ENSMUSG00000032965	-0.1074	-0.2215	0.3003	0.0481	-0.1651	0.6923
ENSMUSG00000032968	-0.5321	-0.2151	0.3133	-0.2232	0.2216	0.4995
ENSMUSG00000032978	0.1501	1.0501	-0.3269	0.1347	-0.4615	0.4997
ENSMUSG00000032987	-0.0206	-0.5161	0.1193	-0.0455	0.1982	0.2797
ENSMUSG00000032997	-0.3661	-0.3355	-0.2594	-0.4352	0.0158	-0.2715
ENSMUSG00000033007	-0.2035	-0.0546	0.3107	-0.1241	-0.2859	0.6162
ENSMUSG00000033016	-0.3118	0.3596	0.7437	0.1075	-0.6289	-0.5614
ENSMUSG00000033020	-0.4675	-0.6242	0.1706	-0.0924	-0.2294	0.4543
ENSMUSG00000033021	1.6065	1.3849	1.7329	1.8694	2.3263	2.9181
ENSMUSG00000033022	0.2689	0.0918	0.0416	0.0525	-0.7538	0.8357
ENSMUSG00000033024	-0.0002	-0.0802	-0.5479	-0.0774	0.0970	0.3214
ENSMUSG00000033059	0.1042	0.1549	-0.5675	0.6543	-0.2173	0.0502
ENSMUSG00000033060	0.7239	0.3943	-0.1378	0.3093	0.0796	-0.1596
ENSMUSG00000033065	0.0912	0.4752	-0.2069	-0.2577	-0.3850	0.0628
ENSMUSG00000033068	0.0314	-0.1125	-0.3170	0.2737	0.1722	-0.2083
ENSMUSG00000033083	-0.1980	0.3367	0.6034	0.2863	0.0691	-0.2573
ENSMUSG00000033102	-0.0674	-0.1729	0.5114	0.0835	0.4965	-0.1129
ENSMUSG00000033105	-0.1688	-0.0487	0.2337	-0.0330	0.3725	0.2188
ENSMUSG00000033107	0.3636	0.1063	-0.1034	-0.0611	0.1940	0.2112
ENSMUSG00000033122	-0.4330	0.0713	0.2138	0.5115	0.2657	-0.1845
ENSMUSG00000033124	0.3880	-0.0127	0.0725	-0.0004	-0.1074	-0.2143
ENSMUSG00000033128	0.0127	0.3230	0.2258	-0.0574	0.6923	-0.1167
ENSMUSG00000033161	0.2072	0.6414	1.1668	1.2533	0.8044	1.4919
ENSMUSG00000033166	-0.4021	0.1220	-0.4895	-0.0688	-0.3580	0.0996
ENSMUSG00000033170	-0.0487	-0.4964	-0.5061	0.2611	0.3325	-0.1528
ENSMUSG00000033174	0.2775	0.1594	0.2002	0.0209	0.1013	-0.2146
ENSMUSG00000033192	0.3838	0.5578	-0.0245	-0.3614	0.3118	0.0814
ENSMUSG00000033196	-0.6627	-0.3159	-0.2474	-0.2023	-0.0542	-0.1820
ENSMUSG00000033214	-0.5706	-0.0344	0.6293	0.5301	0.4239	0.1156
ENSMUSG00000033220	0.3368	0.1417	0.1858	-0.1837	0.1796	0.2619
ENSMUSG00000033222	-0.0432	-0.2600	-0.5829	0.3397	0.3293	0.1514
ENSMUSG00000033227	0.2518	0.4096	0.0881	-0.0264	-0.5217	-0.0837
ENSMUSG00000033237	0.0644	0.5548	0.1049	-0.3303	0.0067	-0.4365
ENSMUSG00000033255	0.6694	-0.0766	-0.1831	-0.5444	0.6802	0.1662
ENSMUSG00000033268	-0.0340	0.0926	-0.3407	-0.3267	0.2163	-0.0060
ENSMUSG00000033278	0.1479	0.4453	0.2410	-0.2184	-0.6129	-0.3284
ENSMUSG00000033285	0.2457	-0.1392	0.0711	-0.1640	-0.0677	1.1856
ENSMUSG00000033295	0.3908	-0.4381	-0.6529	0.1936	-0.6951	-0.1446
ENSMUSG00000033307	0.0708	-0.2570	0.7019	-0.0947	0.3025	0.2885
ENSMUSG00000033308	0.0921	0.0576	0.9758	-0.4844	0.1926	-0.0186
ENSMUSG00000033318	0.0109	-1.2334	-1.0105	-1.2976	-1.5575	-0.9480
ENSMUSG00000033327	0.5252	-0.1671	-0.4592	-0.2581	0.3390	-0.1044
ENSMUSG00000033335	0.7744	-0.0293	-0.0729	0.6193	-0.1428	0.0179
ENSMUSG00000033350	0.8212	-0.2092	-0.2655	0.6124	0.1251	0.2768
ENSMUSG00000033352	0.5096	-0.1501	0.0245	-0.0163	-0.0198	0.1232
ENSMUSG00000033365	0.1922	0.2306	-0.4267	-0.1126	-0.5560	0.2863
ENSMUSG00000033373	-0.5040	0.1830	0.5737	0.2672	0.1172	0.5590
ENSMUSG00000033379	0.7646	1.2077	1.3339	1.5285	1.0440	0.8719
ENSMUSG00000033396	0.8047	0.7717	1.1040	0.9988	1.3100	1.0508
ENSMUSG00000033400	0.3510	-0.3631	-0.0514	-0.1426	-0.5305	0.6581
ENSMUSG00000033420	0.1398	0.1155	-0.4687	-0.4574	0.0038	0.2836
ENSMUSG00000033427	0.3840	-0.1493	0.2278	0.0089	0.2097	-0.1969
ENSMUSG00000033429	-0.7322	-0.5384	0.2009	0.1072	0.2798	0.5358
ENSMUSG00000033446	0.9406	0.7594	1.5603	0.9091	0.9498	1.2564
ENSMUSG00000033458	-0.3760	-0.0453	0.3166	-0.6500	-0.5251	-0.1663
ENSMUSG00000033467	-0.7266	-0.1562	-0.7814	0.1968	-0.0808	-0.3784
ENSMUSG00000033470	0.3722	0.3354	0.3836	-0.2487	0.4422	0.3630
ENSMUSG00000033502	0.2670	-0.0367	-0.1641	0.0594	-0.5434	-0.4719
ENSMUSG00000033508	1.1957	1.5124	1.7490	2.0260	2.8767	2.4941
ENSMUSG00000033520	0.5015	0.6035	-0.2331	0.0414	0.4497	0.0030
ENSMUSG00000033526	0.0883	-0.5185	0.1097	0.5143	0.5568	0.1824
ENSMUSG00000033533	0.1427	0.0392	-0.3850	0.2148	0.2399	-0.3826
ENSMUSG00000033538	0.3430	0.2122	0.8299	0.0396	0.2951	0.0266
ENSMUSG00000033540	0.1811	0.2961	-0.6906	-0.3024	0.1151	-0.0618
ENSMUSG00000033543	0.0205	0.5823	-0.5188	0.2613	0.1045	-0.0631
ENSMUSG00000033577	-0.0859	0.5050	-0.4877	0.5222	-0.3675	-0.1592
ENSMUSG00000033590	0.2659	0.0735	0.0615	-0.3005	0.1041	-0.0372
ENSMUSG00000033594	0.2607	0.3218	-0.4183	0.0718	0.0694	0.1003
ENSMUSG00000033597	0.3354	0.0251	0.1045	0.2769	-0.2857	0.2843
ENSMUSG00000033610	0.4415	-0.1287	-0.2826	0.5088	0.1623	0.2385
ENSMUSG00000033615	-0.1654	-0.1435	0.1918	0.3616	0.1869	-0.0068
ENSMUSG00000033618	-0.4478	-0.5911	-0.1690	0.0892	-0.3908	0.6998
ENSMUSG00000033623	0.4514	0.0092	-0.2087	-0.1487	0.1997	0.3858
ENSMUSG00000033628	0.2336	-0.2585	0.3342	-0.1289	0.3151	0.5713
ENSMUSG00000033629	0.5692	-0.6131	0.4784	-0.0475	-0.4331	0.3017
ENSMUSG00000033634	0.2628	0.4223	0.4762	-0.0748	-0.4935	-0.3198
ENSMUSG00000033653	0.0180	0.3451	0.6426	0.2409	-0.2094	0.3745
ENSMUSG00000033658	0.0587	-0.0253	0.1513	-0.0155	0.2041	-0.0227
ENSMUSG00000033676	0.1070	0.3904	-0.0790	-0.0943	0.1471	0.0549
ENSMUSG00000033688	-0.1359	0.0864	-0.1970	0.0425	-0.0940	-0.0274
ENSMUSG00000033703	0.3825	0.0541	-0.1908	-0.9002	1.1744	1.1119
ENSMUSG00000033705	0.6376	1.0571	-0.1161	0.0570	0.5843	-0.1696
ENSMUSG00000033712	-0.1900	-0.4848	-0.1457	0.5254	0.2866	-0.6325
ENSMUSG00000033717	-0.2131	0.7244	-0.2651	0.2442	0.4786	-0.3561
ENSMUSG00000033721	0.5763	0.3434	0.2740	0.1979	0.2005	-0.3106
ENSMUSG00000033730	0.4506	0.1975	0.4886	-0.1348	0.2186	0.3064
ENSMUSG00000033732	-0.5642	0.1080	-0.0801	-0.3394	0.2393	0.0677
ENSMUSG00000033735	-0.1449	-0.1740	0.0436	0.0829	0.3626	-0.0617
ENSMUSG00000033763	0.4526	0.0493	0.0848	-0.8182	-0.4818	0.3481
ENSMUSG00000033765	0.6116	0.4468	0.1367	0.1498	-0.2209	-0.2352
ENSMUSG00000033768	0.3158	-0.0121	-0.1730	0.0098	-0.5810	0.2865
ENSMUSG00000033774	0.4076	-0.1000	-0.4525	0.1024	0.0487	0.5008
ENSMUSG00000033792	-0.2184	-0.1496	-0.3113	-0.4907	-0.7105	-0.3309
ENSMUSG00000033793	0.5262	0.3282	0.1954	-0.3558	0.0822	0.1280
ENSMUSG00000033794	-0.0023	-0.2100	0.0054	0.0131	0.2420	-0.1882
ENSMUSG00000033805	0.1962	0.2126	-0.0900	-0.7811	-0.6022	-0.2295
ENSMUSG00000033809	-0.4495	0.1667	0.3776	-0.0617	-0.0873	0.3178
ENSMUSG00000033825	-0.3270	0.0585	0.0285	0.1450	0.0534	-0.1097
ENSMUSG00000033826	0.2789	-0.4881	0.1283	0.1806	0.6102	0.1421
ENSMUSG00000033831	0.0843	-0.1572	0.0658	0.0340	-0.3750	-0.2685
ENSMUSG00000033845	0.6310	0.3659	-0.4200	1.0657	0.0548	-0.0322
ENSMUSG00000033847	0.6376	0.0914	0.4185	0.4018	0.1211	-0.1151
ENSMUSG00000033849	0.4571	-0.1104	0.4290	-0.0393	-0.1020	0.1241
ENSMUSG00000033850	0.4917	0.0815	0.0231	0.3510	-0.4721	-0.2833
ENSMUSG00000033854	0.1215	0.2526	0.0894	0.4815	0.9486	-0.0395
ENSMUSG00000033857	-0.1020	-0.4404	0.1799	-0.3013	0.9984	-0.0613
ENSMUSG00000033860	-0.0643	0.1471	0.3127	0.3039	-0.1326	0.0132
ENSMUSG00000033871	-0.4664	-0.5210	-0.8033	-1.4823	-0.8890	-1.9288
ENSMUSG00000033898	-0.2014	0.1012	-0.2354	0.3067	-0.0448	0.1741
ENSMUSG00000033910	0.1185	-0.4475	-0.1470	0.0370	-0.3834	0.1673
ENSMUSG00000033916	0.2647	0.1163	0.1567	0.3017	-0.6222	0.4354
ENSMUSG00000033933	-0.3888	-0.1041	0.2367	0.0816	-0.3808	-0.3861
ENSMUSG00000033938	0.2907	0.2842	0.4183	-0.3185	-0.1873	-0.4300
ENSMUSG00000033940	-0.4258	-0.2945	-0.5402	-0.2386	-0.0560	0.5545
ENSMUSG00000033943	0.5020	0.0282	0.2062	-0.2491	0.4067	0.0010
ENSMUSG00000033953	0.0553	0.6120	0.5327	0.2012	-0.3812	-0.0000
ENSMUSG00000033965	0.2907	0.3436	-0.0714	0.2062	-0.2443	-0.2289
ENSMUSG00000033970	-0.3818	0.2823	0.1068	-0.0273	0.0778	-0.2130
ENSMUSG00000033981	0.1062	-0.1749	-0.0411	-0.0347	0.0304	-0.7437
ENSMUSG00000033987	0.0833	-0.1506	-0.5682	-0.2167	0.4037	-0.2355
ENSMUSG00000033991	-0.2925	0.1362	0.1668	0.0419	-0.3430	-0.2617
ENSMUSG00000034000	0.2076	-0.2668	0.0953	-0.3639	-0.2426	0.0334
ENSMUSG00000034009	-0.0949	0.0723	0.0484	-0.7108	0.2660	0.6287
ENSMUSG00000034021	0.4028	-0.3700	-0.1209	-0.0664	-0.1984	0.0425
ENSMUSG00000034022	-0.4650	-0.8713	-0.2800	-0.7606	-0.9686	-1.2955
ENSMUSG00000034023	-0.2977	0.4919	-0.0958	-0.5975	-0.2775	0.3248
ENSMUSG00000034028	0.4564	0.1113	0.3910	0.6418	0.2692	-0.1105
ENSMUSG00000034040	-0.9078	0.2023	-0.3419	-0.3328	-0.2421	-0.1603
ENSMUSG00000034041	0.7149	-0.0085	-0.4840	0.1992	-0.2161	0.0175
ENSMUSG00000034055	-0.2992	-1.0598	-0.7684	-1.3769	-1.0501	-0.8647
ENSMUSG00000034064	0.5174	-0.2633	0.1240	0.0803	-0.2763	-0.3727
ENSMUSG00000034066	0.0013	-0.0852	0.2059	-0.4803	0.2034	0.3442
ENSMUSG00000034101	-0.0116	-0.4538	-0.1342	-0.0918	0.1094	-0.2049
ENSMUSG00000034105	-0.2855	0.0013	-0.0538	0.5501	0.1342	-0.1727
ENSMUSG00000034107	-0.0041	0.0756	0.4605	-0.1931	-0.2761	-0.4911
ENSMUSG00000034108	-0.3156	-0.3666	-0.5081	-0.1183	0.5822	-0.1200
ENSMUSG00000034116	0.5418	0.3330	-0.4729	0.6653	-0.7222	-0.1015
ENSMUSG00000034120	-0.2465	0.1894	-0.8557	-0.4736	0.1003	0.1034
ENSMUSG00000034126	-0.1516	0.0015	0.0950	-0.0909	-0.1108	-0.4240
ENSMUSG00000034154	-0.4052	0.1171	-0.2564	0.1707	-0.3407	-0.1544
ENSMUSG00000034160	0.3139	0.3290	0.2484	-0.1218	-0.3654	-0.3959
ENSMUSG00000034165	-0.1910	0.2007	0.1975	0.1372	0.0415	0.5428
ENSMUSG00000034171	0.2725	-0.0853	-0.1668	0.3633	0.2754	0.5651
ENSMUSG00000034177	0.0561	0.2628	-0.1717	-0.2936	-0.1329	-0.0860
ENSMUSG00000034187	-0.2801	-0.6629	-0.0902	0.2048	-1.0431	-0.2259
ENSMUSG00000034190	0.5496	0.3297	-0.3569	-0.0239	-0.3083	0.4158
ENSMUSG00000034192	-0.4668	-0.0106	0.1522	0.1561	0.7517	-0.2701
ENSMUSG00000034211	0.4251	0.7437	0.7235	1.0219	1.2863	1.2369
ENSMUSG00000034216	-0.7930	-0.6900	-1.4818	-1.0447	-1.3238	-1.4329
ENSMUSG00000034218	0.5883	0.0976	0.1405	-0.1164	-0.0077	-0.0181
ENSMUSG00000034220	-0.5481	-0.1034	-0.3895	-0.6962	-0.2655	0.7483
ENSMUSG00000034245	-0.0948	-0.2533	0.6685	0.0499	-0.0252	-0.4507
ENSMUSG00000034247	0.3528	0.3583	0.4000	0.4266	-0.2091	-0.0227
ENSMUSG00000034254	-0.1320	-0.3101	0.5887	0.3939	-0.2433	-0.7183
ENSMUSG00000034259	-0.1904	-0.1720	-0.0323	-0.1682	-0.3025	-0.1536
ENSMUSG00000034266	0.2769	0.0589	-0.0775	-0.0913	-0.3874	-0.5203
ENSMUSG00000034274	-0.2943	0.4317	-0.0176	0.1877	0.2248	-0.1695
ENSMUSG00000034282	0.1364	-0.5166	0.1514	-0.4646	-0.6409	-0.7104
ENSMUSG00000034297	0.5520	-0.2326	-0.4182	-0.3070	-0.0621	0.2359
ENSMUSG00000034311	0.5032	0.4091	0.3679	-0.1618	-0.0841	0.0088
ENSMUSG00000034312	0.3074	-0.0377	-0.2848	-0.0756	0.0509	-0.1845
ENSMUSG00000034320	-0.1306	-0.2777	-0.2101	-0.1196	-0.2129	-0.5608
ENSMUSG00000034321	0.2981	-0.2816	-0.2249	-0.3396	-0.3032	-0.2783
ENSMUSG00000034329	-0.0574	0.2476	0.2981	-0.1782	0.6628	-0.3018
ENSMUSG00000034330	0.8055	0.1625	0.0069	0.2239	-0.0375	0.9302
ENSMUSG00000034342	0.3720	0.0776	-0.3282	-0.4339	0.5497	0.1470
ENSMUSG00000034343	0.0643	-0.0179	0.0354	0.2696	0.4575	-0.4983
ENSMUSG00000034345	0.0012	0.3739	0.7219	-0.4416	-0.0073	0.4199
ENSMUSG00000034353	0.2374	-0.4668	-0.1936	0.0252	0.0559	-0.3957
ENSMUSG00000034354	0.2306	0.0428	0.0367	0.0308	0.7661	0.0998
ENSMUSG00000034371	-0.0092	-0.2201	0.1958	0.4135	-0.2681	-0.4842
ENSMUSG00000034379	-0.8781	-0.6586	0.3579	0.1617	0.1905	0.2023
ENSMUSG00000034394	0.2268	0.2198	-0.2596	-0.0634	0.2508	0.0687
ENSMUSG00000034424	0.1262	0.3997	-0.2041	0.0442	0.5157	-0.1935
ENSMUSG00000034427	-0.3963	-0.3191	-0.5091	0.0733	-0.1028	-0.6956
ENSMUSG00000034435	-0.2289	0.0898	-0.3820	0.3824	0.2737	0.6539
ENSMUSG00000034449	-0.2251	0.0374	-0.4936	0.1616	0.3308	0.1843
ENSMUSG00000034450	0.2157	0.3205	-0.0938	-0.0190	0.4142	-0.6603
ENSMUSG00000034452	-0.1390	-0.4388	0.6066	0.1574	-0.0336	-0.3780
ENSMUSG00000034453	0.2609	-0.3182	0.0970	-0.1720	-0.4374	-0.3318
ENSMUSG00000034456	-0.2365	-0.0701	-0.1026	-0.0641	-0.1434	-0.3335
ENSMUSG00000034457	-0.2289	-0.1244	0.2054	-0.0561	0.1679	0.1486
ENSMUSG00000034459	0.3313	-0.1649	-0.0056	0.2177	0.1054	0.1049
ENSMUSG00000034460	-0.3457	0.5099	0.0215	0.1586	-0.6542	0.8150
ENSMUSG00000034467	-0.6181	-0.3433	-0.2420	1.1068	0.2919	0.3317
ENSMUSG00000034471	0.4408	0.1693	0.5304	-0.0317	0.0802	-0.2236
ENSMUSG00000034480	0.2616	0.2645	-0.5293	-0.2576	0.3412	0.0131
ENSMUSG00000034484	-0.1501	0.1800	-0.1630	0.1879	-0.2357	-0.2604
ENSMUSG00000034509	0.0096	0.0905	-0.1894	-0.0965	-0.7371	-0.2561
ENSMUSG00000034557	-0.0697	0.6989	0.2614	0.0507	0.3679	-0.1073
ENSMUSG00000034560	-0.0722	0.5243	0.7218	0.4150	0.3440	-0.0025
ENSMUSG00000034566	-0.1567	-0.2612	0.1972	0.2677	-0.1186	-0.1450
ENSMUSG00000034570	0.1276	-0.4110	-0.2522	0.1433	-0.7620	0.2814
ENSMUSG00000034573	0.6382	0.0802	-0.2030	0.3380	0.0221	-0.3344
ENSMUSG00000034574	-0.1418	0.1895	0.7537	0.6530	0.4308	-0.2521
ENSMUSG00000034575	-0.2716	-0.2460	-0.2604	-0.5968	-0.1938	0.0908
ENSMUSG00000034579	0.5568	0.1239	0.1317	0.5845	0.2777	-0.0801
ENSMUSG00000034583	-0.0360	0.5857	0.0740	-0.2378	-0.2138	-0.3395
ENSMUSG00000034593	0.3354	-0.4597	-0.0718	0.2488	0.1761	-0.3438
ENSMUSG00000034612	0.1641	0.3258	0.1822	0.5217	-0.5045	0.0935
ENSMUSG00000034616	-0.6255	0.2864	0.8365	-0.5961	-0.0555	-0.6032
ENSMUSG00000034617	1.1072	1.1555	2.3239	2.0381	2.7383	2.4624
ENSMUSG00000034620	0.0001	-0.4483	-0.1382	1.0573	0.5863	0.6694
ENSMUSG00000034639	0.2761	0.0540	-0.5138	-0.2281	-0.4030	-0.2265
ENSMUSG00000034656	0.3468	-0.2146	0.3145	-0.4040	-0.0400	0.0864
ENSMUSG00000034660	0.2206	0.0460	0.1583	0.6630	0.0503	0.0466
ENSMUSG00000034663	-0.4924	-1.3951	-0.9046	-0.7623	-0.9060	-1.7055
ENSMUSG00000034664	-0.1063	-0.9602	0.1812	0.5477	0.1214	0.0598
ENSMUSG00000034667	-0.1872	0.5044	0.1530	-0.0924	-0.0544	0.4041
ENSMUSG00000034674	0.1910	-0.1455	0.3696	-0.1591	0.5360	-0.2133
ENSMUSG00000034681	0.1989	0.0089	0.3548	-0.4388	0.1890	-0.2159
ENSMUSG00000034684	-0.0941	-0.2128	-0.1690	0.3310	-0.1433	0.1469
ENSMUSG00000034687	-0.0088	-0.2687	-0.1672	-0.0243	-0.4724	-0.0315
ENSMUSG00000034701	0.0923	-0.2602	-0.4549	0.0827	0.4300	-0.1443
ENSMUSG00000034706	-0.5822	-0.5643	-0.1871	0.2780	-0.4657	-0.1290
ENSMUSG00000034707	0.1620	-0.0150	0.0790	-0.4335	0.0821	-0.5962
ENSMUSG00000034724	0.0564	0.0591	0.1294	0.0953	0.1017	-0.4996
ENSMUSG00000034729	-0.3533	0.3938	-0.1641	0.1209	-0.3915	-0.2600
ENSMUSG00000034730	-0.6177	-0.0764	-0.0868	-0.5201	-0.1079	-0.0561
ENSMUSG00000034731	-0.1083	0.1190	-0.1482	0.5679	0.2521	0.0180
ENSMUSG00000034732	0.0440	-0.2376	0.2201	-0.0633	-0.7541	-0.0289
ENSMUSG00000034744	0.2602	0.3213	0.4687	-0.4885	-0.0459	-0.4525
ENSMUSG00000034748	-0.0152	0.4553	-0.1820	0.3530	0.3173	-0.3221
ENSMUSG00000034755	0.4028	0.3369	-0.2814	0.3187	-0.2095	0.1025
ENSMUSG00000034758	-0.0311	-0.1005	0.0401	0.0232	-0.4502	-0.0790
ENSMUSG00000034765	0.3692	-0.0649	0.2039	-0.3133	-0.4584	0.4482
ENSMUSG00000034771	0.5515	0.0555	1.0402	0.9494	-0.2680	0.3295
ENSMUSG00000034774	1.3760	1.0567	1.9351	2.2325	2.1204	2.8161
ENSMUSG00000034780	-0.2153	0.0849	-0.3724	-0.4551	-0.0994	0.1258
ENSMUSG00000034781	0.2248	0.4913	0.1296	-0.1139	-0.2145	-0.0132
ENSMUSG00000034785	-0.7417	0.1949	-0.1000	0.1516	-0.0975	-0.2706
ENSMUSG00000034786	0.0761	0.2896	0.1238	0.3153	0.3076	0.0988
ENSMUSG00000034792	-0.1454	0.1200	0.1941	0.2445	0.4765	0.0925
ENSMUSG00000034793	-0.0754	0.2797	0.7114	1.0156	0.1107	0.1353
ENSMUSG00000034799	0.1996	0.0976	-0.3435	-0.1985	0.0278	0.4671
ENSMUSG00000034801	0.1266	0.1523	0.0886	-0.1058	0.4539	-0.8161
ENSMUSG00000034807	0.4597	0.1700	-0.3985	0.1383	0.3128	-0.0872
ENSMUSG00000034810	-0.0637	0.1988	-0.3706	-0.1520	-0.2917	-0.4432
ENSMUSG00000034813	0.4463	0.2713	-0.1426	0.1772	-0.3369	-0.5582
ENSMUSG00000034820	-0.4084	-0.9163	-1.2966	-0.6983	-1.6572	-1.1036
ENSMUSG00000034826	-0.0902	-0.0329	-0.0547	-0.1954	0.3952	0.5626
ENSMUSG00000034837	-0.1105	0.1311	0.1506	-0.0786	1.0905	-0.5214
ENSMUSG00000034855	0.7311	0.0160	-0.2111	0.0672	0.3309	-0.4902
ENSMUSG00000034868	-0.0431	0.5565	-0.7615	-0.3703	-0.1723	-0.7513
ENSMUSG00000034875	-0.2151	0.4756	0.5520	-0.6203	0.0975	0.4451
ENSMUSG00000034880	-0.2298	-0.7062	0.2566	0.1953	0.0241	-0.1553
ENSMUSG00000034881	-0.2108	0.1506	0.1709	-0.1338	-0.3153	0.2574
ENSMUSG00000034892	0.1091	-0.2675	0.1275	0.4605	-0.0290	-0.3444
ENSMUSG00000034902	0.4476	-0.1616	-0.1061	-0.4150	-0.0311	-0.0658
ENSMUSG00000034917	-0.4227	-0.1437	0.2033	0.4963	0.3568	0.1751
ENSMUSG00000034926	-0.1708	0.2407	-0.2908	-0.2379	-0.4594	-0.0021
ENSMUSG00000034931	0.6925	0.0835	0.2480	-0.3174	0.5709	-0.6091
ENSMUSG00000034932	-0.1228	-0.1283	-0.5554	-0.4347	-0.1626	-0.0658
ENSMUSG00000034957	-0.1267	-0.0842	0.1082	0.2830	0.1862	-0.4290
ENSMUSG00000034974	0.2206	-0.4902	-0.2100	0.3354	0.1651	0.0154
ENSMUSG00000034987	-0.3746	-0.2536	0.1686	0.0260	-0.7122	0.2638
ENSMUSG00000034994	-0.1278	0.0516	-0.0406	0.5147	0.2236	0.2620
ENSMUSG00000034997	-0.1668	-0.5273	0.6143	-0.4267	0.2816	-0.2210
ENSMUSG00000035000	0.2176	-0.1100	0.4774	-0.2505	-0.4416	-0.3658
ENSMUSG00000035021	0.6173	0.2079	0.4558	0.0934	0.6317	0.4737
ENSMUSG00000035027	0.1847	-0.1443	-0.1840	-0.0740	-0.0730	-0.0756
ENSMUSG00000035031	0.0951	-0.3498	-0.0626	0.2943	0.6029	-0.2322
ENSMUSG00000035041	0.2038	0.1222	-0.0942	0.6009	-0.2209	-0.3130
ENSMUSG00000035042	-0.2572	-0.0356	-0.0432	0.3169	-0.4434	0.2967
ENSMUSG00000035048	1.4789	0.9818	0.4639	1.1935	1.1375	0.7139
ENSMUSG00000035057	-0.5569	0.2888	-0.2306	0.0633	-0.4887	0.5359
ENSMUSG00000035064	-0.2079	-0.3726	0.0258	-0.1785	-0.1685	-0.2120
ENSMUSG00000035067	0.0784	-0.4390	0.2357	-0.2126	-0.4890	0.2591
ENSMUSG00000035069	0.2891	-0.4044	0.1288	0.0751	0.1123	0.3405
ENSMUSG00000035086	0.1027	0.3420	0.4592	-0.0101	-0.4135	-0.2539
ENSMUSG00000035105	0.3012	-0.4002	-0.1224	-0.1483	-0.2388	0.0829
ENSMUSG00000035109	0.1630	0.7117	0.0491	0.4187	0.8236	-0.0975
ENSMUSG00000035112	0.0127	-0.1458	0.5718	0.5012	0.4302	-0.0897
ENSMUSG00000035121	-0.1295	0.3258	-0.1189	-0.0735	0.4105	0.0335
ENSMUSG00000035126	0.0134	1.0186	-0.3928	-0.0471	-0.2118	-0.3264
ENSMUSG00000035133	-0.1168	0.5824	0.0989	0.1668	-0.5280	0.3379
ENSMUSG00000035152	0.1954	-0.0772	0.2244	0.0466	0.4525	-0.4550
ENSMUSG00000035158	-0.2199	-0.1808	-0.1061	0.3296	0.1528	0.4825
ENSMUSG00000035165	-0.1035	-0.2295	-0.0229	-0.5598	-0.2334	-0.5048
ENSMUSG00000035187	-0.0090	0.1313	0.2239	-0.0172	-0.4017	-0.3956
ENSMUSG00000035189	0.2118	0.8942	0.8878	0.4083	-0.2025	0.2899
ENSMUSG00000035198	-0.3627	-0.6832	0.1543	-0.3495	-0.0153	-0.4530
ENSMUSG00000035200	0.2984	-0.1475	0.2269	-0.1088	-0.2383	0.1821
ENSMUSG00000035202	0.5604	0.3377	0.4491	-0.0043	0.0994	-0.4429
ENSMUSG00000035203	-0.2641	0.4268	-0.3993	0.5118	0.1677	-0.0345
ENSMUSG00000035215	-1.1789	-0.0366	0.2010	0.3142	-0.0560	0.0489
ENSMUSG00000035227	-0.1793	0.2470	-0.6258	-0.2969	0.1596	0.5659
ENSMUSG00000035232	0.1569	0.0006	0.4650	0.2356	-0.4190	0.5546
ENSMUSG00000035234	-0.0910	0.5785	-0.0395	-0.2629	0.1493	-0.1953
ENSMUSG00000035237	-0.2036	0.5337	0.3369	-0.3618	0.0178	0.0066
ENSMUSG00000035239	0.1399	-0.2288	-0.1343	-0.5272	-0.0376	-0.1894
ENSMUSG00000035245	0.1895	0.4137	-0.0766	0.2345	0.5805	0.4042
ENSMUSG00000035246	0.2223	0.0124	-0.5016	-0.0860	0.4577	-0.4706
ENSMUSG00000035262	-0.3882	-0.1093	-0.0552	-0.5739	0.1582	0.3207
ENSMUSG00000035273	-0.2159	-0.0943	0.7773	-0.1429	1.1255	-0.1527
ENSMUSG00000035283	0.5037	-0.2563	0.6919	0.0788	0.6288	0.3598
ENSMUSG00000035296	0.2492	-0.4133	-0.1376	-0.1794	-0.5410	-0.5621
ENSMUSG00000035299	0.7504	-0.0464	0.4545	-0.1746	-0.2960	0.0276
ENSMUSG00000035305	0.5637	0.4704	-0.7716	0.6291	0.4119	-0.0571
ENSMUSG00000035311	0.0360	0.2397	-0.1253	-0.1306	0.5643	0.1814
ENSMUSG00000035325	0.0089	-0.2692	-0.2202	0.0018	0.2818	-0.1624
ENSMUSG00000035342	0.1620	0.3258	-0.0512	-0.2518	0.1362	-0.2218
ENSMUSG00000035351	-0.4814	0.3601	-0.3156	-0.2993	-0.2114	0.5481
ENSMUSG00000035352	-0.5355	0.4521	0.0874	-0.2868	-0.4496	0.4140
ENSMUSG00000035354	0.2037	0.1022	-0.0567	-0.0475	-0.0488	0.5032
ENSMUSG00000035356	-0.3069	-0.5865	-1.1990	-0.9045	-1.3194	-0.8812
ENSMUSG00000035367	-0.0516	0.1704	0.6357	0.4496	-0.2730	-0.3680
ENSMUSG00000035373	-0.0135	-0.1130	0.2014	0.1244	0.0337	-0.2507
ENSMUSG00000035376	-1.0093	0.3191	-0.3901	-0.0614	-0.1948	-0.4952
ENSMUSG00000035383	0.0796	0.0795	0.3362	-0.1990	0.6585	0.4681
ENSMUSG00000035385	-0.4024	-0.6503	0.1358	0.3889	-0.0038	0.5487
ENSMUSG00000035387	-0.0903	0.2213	-0.0536	-0.1813	0.4234	-0.2026
ENSMUSG00000035403	-0.0286	0.2013	-0.6197	0.3394	0.1171	0.3773
ENSMUSG00000035431	-0.3885	-0.2197	0.3110	0.4062	-0.0638	-0.2024
ENSMUSG00000035435	0.2271	-0.0908	-0.6588	-0.0841	-0.2342	-0.6497
ENSMUSG00000035441	-0.0237	0.3099	0.1480	0.4534	0.6552	-0.0163
ENSMUSG00000035448	-0.6634	-1.1657	0.1411	-0.9980	-1.1433	-1.0993
ENSMUSG00000035458	0.0820	0.5801	0.0158	0.4816	0.5254	-0.3725
ENSMUSG00000035459	-0.6620	-0.0511	-0.0737	-0.3357	-0.1565	-0.2243
ENSMUSG00000035473	0.5101	-0.5724	0.1219	-0.4924	-0.0895	0.5377
ENSMUSG00000035476	0.1606	-0.2920	-0.2416	0.7273	0.0301	-0.5959
ENSMUSG00000035478	-0.2683	0.0523	0.2001	0.3181	-0.0240	-0.3833
ENSMUSG00000035505	-0.0175	0.6173	0.0383	-0.1660	0.1946	-0.4077
ENSMUSG00000035509	-0.0754	0.0344	0.2182	-0.2279	0.6503	-0.6822
ENSMUSG00000035513	0.3692	0.1964	-0.0641	0.0936	0.1556	0.6906
ENSMUSG00000035521	0.4999	1.4291	1.5730	1.1371	1.1640	0.6723
ENSMUSG00000035528	0.0565	-0.3215	-0.1425	-0.1975	0.2755	-0.1001
ENSMUSG00000035529	-0.5185	-0.0384	-0.1128	-0.0700	0.2657	0.0888
ENSMUSG00000035557	1.1151	1.2500	1.9438	1.7425	2.4309	2.2537
ENSMUSG00000035559	-0.0916	0.1758	-0.5092	0.4033	-0.3585	-0.1541
ENSMUSG00000035561	-0.1358	-0.2795	0.1470	0.0285	0.0183	-0.6694
ENSMUSG00000035575	-0.0097	0.3003	-0.2336	-0.7729	-0.1617	-0.0371
ENSMUSG00000035576	-0.2516	-1.0068	-1.0979	-0.9851	-1.5529	-1.5097
ENSMUSG00000035592	0.8770	0.9832	1.1778	2.3139	2.4171	3.1822
ENSMUSG00000035594	0.5762	0.3786	0.1139	0.1619	-0.1769	0.4267
ENSMUSG00000035596	-0.0662	0.0314	-0.0538	0.0098	0.0837	0.7697
ENSMUSG00000035623	-0.0840	0.2122	-0.2842	0.1684	0.2379	0.2287
ENSMUSG00000035626	0.0558	0.6488	-0.5258	0.3006	-0.1686	-0.2219
ENSMUSG00000035629	-0.3577	0.4200	-0.2014	0.4745	-0.3947	0.1395
ENSMUSG00000035632	1.0015	1.0356	0.6028	0.8650	1.3641	1.6598
ENSMUSG00000035637	0.2770	-0.1985	0.5374	-0.2200	0.4792	0.1047
ENSMUSG00000035649	-0.6343	1.0484	-0.2407	0.0059	-0.0049	-0.1810
ENSMUSG00000035653	-0.5489	-0.5312	0.4344	0.7443	0.5686	0.9419
ENSMUSG00000035674	-1.4364	-1.1578	-0.9013	-1.2782	-0.9682	-1.8943
ENSMUSG00000035678	0.3406	-0.0020	-0.0319	0.4719	-0.2574	-0.0181
ENSMUSG00000035692	-0.5594	-0.2061	-0.9046	-0.0570	-0.2878	0.3080
ENSMUSG00000035699	-0.1169	-0.0846	0.3295	0.2539	-0.2514	0.0525
ENSMUSG00000035704	0.0159	-0.1579	0.4589	0.3128	-0.3514	-0.3092
ENSMUSG00000035722	-1.0844	-1.4640	-1.6510	-1.9489	-2.0015	-2.1868
ENSMUSG00000035735	-0.1268	1.1111	1.4286	1.3939	1.6731	1.0099
ENSMUSG00000035745	0.4640	0.4728	0.2805	0.2533	0.4189	-0.1244
ENSMUSG00000035769	-0.3613	0.5700	0.1694	-0.0367	0.3048	-0.5182
ENSMUSG00000035770	0.3952	-0.7053	-0.6353	-0.1652	0.1755	0.2357
ENSMUSG00000035772	-0.5028	-0.9560	-0.9296	-0.3493	-1.0970	-1.0188
ENSMUSG00000035773	-0.2497	-0.5117	-0.2633	0.5107	0.5307	0.0130
ENSMUSG00000035775	-0.1556	0.4161	0.0441	0.0702	0.2643	-0.2501
ENSMUSG00000035776	-0.3967	-0.0160	-0.4930	-0.0871	-0.5577	0.0620
ENSMUSG00000035778	-0.2529	0.1258	0.0844	0.1762	0.7251	0.1616
ENSMUSG00000035780	-1.1103	-0.8394	-1.3910	-0.6100	-0.9497	-1.5233
ENSMUSG00000035783	0.0937	0.2372	0.1923	-0.0537	0.8520	-0.0138
ENSMUSG00000035799	-1.2019	-1.1350	-0.7468	-1.1818	-1.4346	-1.8611
ENSMUSG00000035804	0.1093	0.2257	0.5232	-0.2332	-0.0105	0.8458
ENSMUSG00000035811	0.1627	0.0113	-0.5604	-0.1157	-0.5884	-0.1345
ENSMUSG00000035824	-0.1421	-0.2380	-0.5229	-0.7285	-1.3663	-0.8760
ENSMUSG00000035831	-1.3395	-1.8979	-1.9811	-2.0390	-2.6308	-2.8681
ENSMUSG00000035834	-0.6490	0.7763	-0.2408	-0.3040	-0.0326	-0.1537
ENSMUSG00000035836	0.3956	-0.2768	0.0859	-0.4231	-0.6675	-0.6501
ENSMUSG00000035842	0.0600	-0.0083	-0.4033	0.1252	-0.5024	0.0036
ENSMUSG00000035845	-0.3816	0.7326	-0.2789	0.2311	-0.2724	0.3859
ENSMUSG00000035847	-0.5180	-0.0231	0.5503	-0.4160	-0.0289	-0.4536
ENSMUSG00000035864	0.0935	0.6552	-0.3078	-0.1818	-0.5239	0.1791
ENSMUSG00000035878	-0.6055	0.5655	0.6044	-0.2261	-0.1908	0.1837
ENSMUSG00000035885	0.7106	-0.4526	-0.3479	-0.0039	-0.1526	0.2136
ENSMUSG00000035891	0.2438	0.5163	0.0943	-0.1545	0.4867	0.5145
ENSMUSG00000035898	0.0321	0.5554	0.9334	0.2174	-0.1583	-0.3328
ENSMUSG00000035914	0.3544	0.1761	-0.1227	-0.1374	0.2783	-0.0650
ENSMUSG00000035929	0.9319	0.8798	0.3624	-0.3834	-0.1383	-0.4261
ENSMUSG00000035930	0.4363	0.4470	-0.2018	0.4879	-0.1663	0.2007
ENSMUSG00000035932	-0.0731	-0.2987	-0.0877	0.2585	-0.0216	0.1365
ENSMUSG00000035936	0.1417	-0.3663	0.2333	0.3187	0.4768	0.1082
ENSMUSG00000035948	0.6676	-0.1163	-0.2039	0.4550	0.4856	0.4668
ENSMUSG00000035953	0.7346	-0.2305	0.2682	-0.9935	0.0437	0.1647
ENSMUSG00000035954	-0.4243	0.6536	0.3710	0.0630	0.1911	-0.0087
ENSMUSG00000035960	-0.0470	-0.2735	0.0693	-0.5843	0.1384	-0.2323
ENSMUSG00000035992	0.1602	0.6178	0.3816	0.6803	0.0277	0.1500
ENSMUSG00000036023	0.2201	0.1755	-0.3807	-0.2258	0.7047	-0.2628
ENSMUSG00000036053	0.7154	0.0671	0.4324	0.1125	-0.4956	0.2311
ENSMUSG00000036061	0.4442	-0.1441	-0.0012	0.1272	-0.2148	0.1546
ENSMUSG00000036073	0.6876	-0.0032	0.4892	0.1610	-0.4225	-0.3335
ENSMUSG00000036078	-0.3108	0.1459	-0.0204	0.3599	-0.4775	-0.2742
ENSMUSG00000036091	-0.1039	-0.3583	-0.1455	-0.2368	0.3058	0.3700
ENSMUSG00000036095	0.1606	0.0975	0.3118	-0.0739	-0.5831	0.4734
ENSMUSG00000036103	-0.1354	-0.1275	-0.1149	-0.0501	-0.7487	-0.1931
ENSMUSG00000036106	0.1093	-0.5376	-0.0216	0.1840	0.1707	0.2346
ENSMUSG00000036114	-0.3905	-0.3245	-0.0785	0.1595	0.1141	-0.1620
ENSMUSG00000036117	0.7158	-0.0051	-0.3987	-0.4694	-0.1481	-0.4018
ENSMUSG00000036120	-0.3538	-1.1209	-1.0312	-0.8472	-1.3847	-1.2713
ENSMUSG00000036123	0.3205	0.1337	-0.1701	0.0866	0.0008	0.8445
ENSMUSG00000036138	-0.3813	-0.0320	0.2797	-0.2617	-0.9833	-0.1884
ENSMUSG00000036155	0.2469	-0.3919	-0.1681	0.0694	0.0030	0.1045
ENSMUSG00000036158	0.0288	0.5882	0.2015	-0.4759	0.1454	0.1872
ENSMUSG00000036172	-0.4707	-1.0717	-0.8939	-0.5273	-1.2608	-0.8899
ENSMUSG00000036180	-0.2455	-0.2352	-0.4107	-0.4545	-0.0766	0.2997
ENSMUSG00000036192	0.2743	0.1916	0.1722	-0.2111	-0.2476	0.1533
ENSMUSG00000036197	-0.1950	0.2288	-0.0298	0.3121	-0.2057	-0.3633
ENSMUSG00000036199	0.1003	-0.9017	-0.4645	0.3666	0.0347	0.2402
ENSMUSG00000036202	-0.4665	0.4004	0.0939	0.0721	-0.1507	-0.1424
ENSMUSG00000036241	0.4652	0.2265	-0.3740	-0.3632	-0.4383	0.3789
ENSMUSG00000036251	0.3755	0.8082	1.0693	0.7946	1.0656	0.8822
ENSMUSG00000036270	0.2022	-0.4116	-0.0549	0.0046	-0.0902	-0.1886
ENSMUSG00000036273	0.5852	0.0051	-0.4256	0.0135	0.3914	-0.1948
ENSMUSG00000036309	0.5945	-0.3388	0.2106	0.4367	0.8460	0.3377
ENSMUSG00000036315	-0.2628	0.2899	-0.3066	-0.6821	0.1934	-0.4592
ENSMUSG00000036322	0.0134	-0.0434	0.4244	-0.0362	0.0834	0.1799
ENSMUSG00000036323	0.2783	0.0708	-0.2120	-0.1500	0.0997	-0.4681
ENSMUSG00000036330	-0.2919	0.1365	0.0349	0.2516	0.8704	0.2735
ENSMUSG00000036333	0.5023	0.4747	-0.1666	-0.2938	0.2342	-0.6730
ENSMUSG00000036353	0.0261	0.0144	-0.5099	0.5803	-0.5067	0.4860
ENSMUSG00000036356	-0.0404	0.4214	0.3484	-0.1793	0.2177	0.8277
ENSMUSG00000036362	-0.0540	0.1312	-0.3033	0.0055	0.3317	0.4663
ENSMUSG00000036372	0.5995	0.0810	-0.0433	-0.3730	-0.5836	-0.2036
ENSMUSG00000036381	0.3313	-0.3580	-0.5317	-0.1591	0.2648	0.0773
ENSMUSG00000036390	0.3059	-0.6794	0.3164	0.5879	-0.4039	-0.0981
ENSMUSG00000036391	0.2518	0.3450	0.0194	-0.2072	-0.0443	0.3987
ENSMUSG00000036402	-0.1714	-0.4454	-0.2129	-0.5924	-0.7322	0.3134
ENSMUSG00000036427	0.2657	-0.0229	0.3981	0.4846	0.3999	-0.4205
ENSMUSG00000036437	0.5697	-0.3685	0.0948	0.3280	0.5053	0.0128
ENSMUSG00000036438	0.0641	0.5128	0.7116	0.0683	-0.0122	0.7882
ENSMUSG00000036442	1.6581	2.0386	0.8796	2.1521	2.3316	2.4524
ENSMUSG00000036446	0.3050	-0.2061	-0.4531	-0.1188	0.2874	0.3704
ENSMUSG00000036459	-0.3166	0.3418	0.3977	-0.3596	-0.7525	-0.1429
ENSMUSG00000036463	0.6083	0.6933	1.3839	1.5252	1.0503	1.1361
ENSMUSG00000036466	0.2218	0.0547	0.2685	0.3511	-0.5352	0.0984
ENSMUSG00000036478	-0.5863	-0.4485	0.0153	-0.2232	-0.4606	0.0506
ENSMUSG00000036499	0.2802	0.2473	0.3121	0.3471	0.1684	0.2740
ENSMUSG00000036500	0.0330	0.0259	0.1464	0.0716	-0.4628	-0.8660
ENSMUSG00000036523	0.4227	-0.2527	-0.4809	-0.0706	0.6017	0.3753
ENSMUSG00000036526	-0.1892	-0.2700	-0.0531	0.2804	0.2372	0.4164
ENSMUSG00000036550	0.2989	0.1433	-0.2117	-0.4994	-0.4741	-0.6014
ENSMUSG00000036555	0.7655	1.2277	0.2815	1.1013	1.1702	1.4342
ENSMUSG00000036568	0.4157	-0.2059	-0.2158	0.0023	-0.1631	0.0141
ENSMUSG00000036570	0.1764	0.1406	0.3376	-0.1731	-0.0693	-0.3275
ENSMUSG00000036572	0.3566	0.8311	-0.3850	-0.0708	-0.1975	-0.5237
ENSMUSG00000036580	-0.7650	0.0426	-0.0658	0.2894	0.0605	-0.2899
ENSMUSG00000036585	0.2030	0.4925	-0.8410	1.0673	-0.6193	0.5330
ENSMUSG00000036587	0.0373	0.1187	0.0565	0.1018	0.0931	0.4856
ENSMUSG00000036594	-0.5602	0.2635	0.3327	-0.0482	-0.1114	0.5393
ENSMUSG00000036599	0.2930	-0.0501	-0.3605	0.5186	0.0564	-0.2233
ENSMUSG00000036606	0.5685	0.1488	0.3414	-0.7884	0.3833	-0.0201
ENSMUSG00000036615	0.3684	0.6130	0.0812	0.3648	-0.0778	0.0064
ENSMUSG00000036620	0.5591	0.1779	-0.0288	-0.4045	0.0577	-0.2093
ENSMUSG00000036632	0.3761	0.1942	-0.1064	-0.6785	-0.3674	-0.2290
ENSMUSG00000036634	0.4208	-0.3368	0.7379	-0.2598	0.2644	0.1334
ENSMUSG00000036646	-0.3801	0.1680	0.8556	-0.6278	0.5343	0.0165
ENSMUSG00000036647	0.0458	0.0995	0.2649	-0.0280	0.2081	-0.6226
ENSMUSG00000036655	0.0213	0.1962	-0.3422	-0.2449	-0.0078	-0.3668
ENSMUSG00000036658	-0.0639	0.3569	0.6644	-0.0864	0.1310	0.3941
ENSMUSG00000036678	0.3175	0.1426	-0.1608	0.2368	-0.0259	-0.1202
ENSMUSG00000036707	0.0245	-0.3146	0.4029	-0.3299	-0.2289	-0.1228
ENSMUSG00000036712	0.2912	-0.5334	-0.1808	-0.5995	0.2639	-0.2706
ENSMUSG00000036718	0.1536	-0.0920	0.1168	-0.0639	-0.6401	-0.0488
ENSMUSG00000036737	0.6629	0.3926	0.4422	0.3484	0.6198	-0.2496
ENSMUSG00000036743	-0.3884	-0.3167	0.3157	0.3540	0.2285	0.1600
ENSMUSG00000036744	-0.1621	0.5898	0.0125	-0.2828	0.0657	-0.0288
ENSMUSG00000036751	-0.0832	-0.3357	-0.0142	0.1200	0.4701	-0.3021
ENSMUSG00000036752	-0.2256	0.0618	-0.3298	-0.1112	0.2093	-0.9379
ENSMUSG00000036760	-0.4015	-0.3415	-0.9036	-0.7445	-1.4503	-1.0130
ENSMUSG00000036768	-0.4900	-0.0876	-0.3130	-0.4062	-0.4788	0.0745
ENSMUSG00000036775	-0.4044	0.1079	-0.6041	-0.1238	-0.6424	-0.0022
ENSMUSG00000036779	0.1042	-0.1875	0.6392	-0.3055	-0.0456	0.4310
ENSMUSG00000036781	0.1207	0.1403	-0.3148	0.3237	0.1501	-0.1419
ENSMUSG00000036782	-0.7861	-1.1098	-1.3841	-1.0525	-1.5749	-1.7775
ENSMUSG00000036790	-0.1038	0.6864	-0.0430	-0.2091	0.8988	0.6320
ENSMUSG00000036792	0.4042	-0.4254	-0.0483	0.1180	-0.2218	-0.1322
ENSMUSG00000036813	-0.2425	0.0276	-0.2066	0.2300	-0.8753	0.1462
ENSMUSG00000036817	0.3128	0.5462	1.0603	0.8979	0.6577	0.8612
ENSMUSG00000036820	-0.3256	0.1938	-0.4454	0.3403	0.3495	-0.2216
ENSMUSG00000036825	-0.0250	0.0562	-0.4004	0.0479	-0.3847	0.1436
ENSMUSG00000036832	-0.3918	0.6551	-0.3171	-0.3265	0.4096	0.6238
ENSMUSG00000036833	-0.2854	-0.3937	0.1753	-0.2972	0.0628	0.3545
ENSMUSG00000036834	-0.1146	0.3472	0.3952	-0.0487	-0.4179	-0.0482
ENSMUSG00000036835	-0.2488	-0.0840	0.0094	-0.1832	0.0593	0.4397
ENSMUSG00000036840	-0.0538	0.3552	0.1315	0.0875	0.4588	-0.3594
ENSMUSG00000036845	-0.0022	0.3946	0.3324	-0.1225	0.0072	0.7793
ENSMUSG00000036850	-0.3235	0.2023	0.7088	0.0093	0.3607	0.0041
ENSMUSG00000036853	-0.2495	-0.3423	-0.5034	-0.3216	0.4730	0.2475
ENSMUSG00000036856	-0.3969	0.6384	-0.4877	-0.4627	0.4057	0.3499
ENSMUSG00000036858	0.3371	-0.4887	0.2591	0.1003	-0.2510	-0.3119
ENSMUSG00000036860	0.2580	-0.1172	0.0668	-0.0927	-0.3286	-0.5267
ENSMUSG00000036862	-0.3887	-0.1526	-0.5566	-0.2385	0.3501	-0.1586
ENSMUSG00000036867	0.0643	0.1269	0.4077	-0.3687	-0.2728	0.8601
ENSMUSG00000036872	1.2878	1.3485	1.6011	1.8901	2.4884	2.6702
ENSMUSG00000036875	0.2666	0.0936	0.2805	-0.0746	-0.2118	-0.3929
ENSMUSG00000036879	0.1365	-0.4505	-0.1297	0.6100	0.4351	0.2819
ENSMUSG00000036880	-0.5212	-0.1692	0.0392	0.2198	0.3118	-0.0498
ENSMUSG00000036885	-0.2253	0.4788	0.1061	-0.3128	-0.3172	-0.1522
ENSMUSG00000036887	0.0133	-0.4843	-0.0196	0.2458	-0.0228	0.1841
ENSMUSG00000036892	-0.4206	0.5365	-0.5707	-0.0375	0.6109	-0.1599
ENSMUSG00000036893	-0.2547	0.0174	0.0629	0.0241	0.2084	-0.0148
ENSMUSG00000036896	0.0622	-0.1702	0.4831	-0.2289	-0.3262	-0.5509
ENSMUSG00000036899	-0.0628	-0.6203	-0.2058	-0.2646	-0.3519	0.3251
ENSMUSG00000036904	0.1812	0.3089	0.1162	0.0152	0.4742	-0.5291
ENSMUSG00000036905	-0.0868	-0.1500	-0.0473	-0.0534	0.1361	0.1531
ENSMUSG00000036915	0.2244	0.2323	0.2913	-0.1121	-0.3258	-0.4523
ENSMUSG00000036928	0.7215	0.0951	-0.3936	-0.2900	-0.3965	0.7831
ENSMUSG00000036932	-0.2508	-0.3524	0.1641	-0.0376	0.0717	-0.1226
ENSMUSG00000036938	-0.3879	0.8714	0.6068	1.1351	1.0281	1.3717
ENSMUSG00000036940	0.0718	-0.2261	-0.1764	0.1172	0.0668	0.7239
ENSMUSG00000036943	0.2706	-0.0531	-0.1511	0.2199	0.2862	-0.3939
ENSMUSG00000036949	0.5088	0.4008	-0.1976	0.3278	-0.0169	0.0458
ENSMUSG00000036959	0.0398	0.3630	0.8655	-0.0645	0.2330	-0.1262
ENSMUSG00000036960	0.6110	0.0271	-0.1531	0.0773	0.3226	0.0139
ENSMUSG00000036961	0.7472	0.6300	1.6655	1.2574	0.4656	1.1341
ENSMUSG00000036977	0.4646	0.1191	0.1752	-0.1284	0.4348	0.1468
ENSMUSG00000036980	0.7293	0.1938	0.6834	0.5884	0.1980	0.3292
ENSMUSG00000036986	0.6961	-0.2398	0.6668	0.1153	0.3726	0.1838
ENSMUSG00000036992	0.1656	0.0789	0.4669	-0.0315	0.0324	0.3027
ENSMUSG00000036995	0.1530	-0.2775	0.6931	0.3318	-0.4324	0.7971
ENSMUSG00000037005	-0.1082	0.7557	0.2503	-0.2177	-0.2439	-0.3985
ENSMUSG00000037010	0.0084	0.6861	0.2259	0.2147	-0.4170	0.3147
ENSMUSG00000037012	-0.2610	-0.1063	-0.2243	-0.2829	-0.5224	-0.2776
ENSMUSG00000037013	-0.3007	0.1620	-0.4122	0.4364	-0.3654	-0.4881
ENSMUSG00000037014	0.1419	0.5611	0.2721	0.1387	-0.0680	-0.6399
ENSMUSG00000037016	0.0388	-0.3109	0.0605	-0.3364	-0.1062	0.1828
ENSMUSG00000037022	0.5499	0.8285	0.0104	-0.0931	-0.2116	-0.1061
ENSMUSG00000037025	-0.4013	0.0388	-0.2714	0.2782	0.3328	-0.1225
ENSMUSG00000037032	0.3929	0.1604	0.2342	-0.1697	0.3422	0.6686
ENSMUSG00000037033	0.5914	-0.6383	0.5380	0.5496	-0.1168	-0.3519
ENSMUSG00000037035	-0.4627	-0.0393	0.3669	0.8169	-0.2324	0.0276
ENSMUSG00000037049	0.5404	1.9862	1.0824	1.9456	2.9288	2.2124
ENSMUSG00000037062	0.0842	-0.2389	0.4785	-0.1571	-0.4742	-0.4831
ENSMUSG00000037071	0.0372	0.1744	-0.6526	-0.0810	-0.1841	0.4237
ENSMUSG00000037098	0.5157	-0.5881	0.0199	-0.0212	-0.0234	-0.0794
ENSMUSG00000037104	-0.5913	0.2264	-0.1641	-0.8695	0.0634	-0.7124
ENSMUSG00000037110	-0.2577	0.0307	-0.5096	-0.5399	-0.1117	0.2501
ENSMUSG00000037111	-0.0551	0.4759	0.5510	0.1088	-0.2601	0.0419
ENSMUSG00000037112	0.0776	0.2100	-0.1593	-0.0474	0.0514	-0.0769
ENSMUSG00000037126	0.4797	0.6611	0.3007	0.3295	-0.3224	-0.1305
ENSMUSG00000037130	0.4326	0.3536	-0.4806	-0.2113	-0.1828	-0.0413
ENSMUSG00000037139	-0.5761	0.0457	-0.2315	0.0238	0.1096	-0.1994
ENSMUSG00000037140	0.9976	-0.2131	0.6598	0.0810	-0.5092	-0.1606
ENSMUSG00000037148	0.2989	-0.2704	-0.1904	0.4437	0.2254	0.4523
ENSMUSG00000037152	0.0909	0.0504	-0.3801	0.5421	0.3400	0.2584
ENSMUSG00000037157	-0.0975	-0.0370	0.1446	-0.2836	0.1702	0.3735
ENSMUSG00000037159	0.3713	-0.4225	0.1412	0.3297	-0.5198	-0.1686
ENSMUSG00000037166	0.4984	0.1441	0.1504	-0.1012	-0.3083	0.2912
ENSMUSG00000037169	0.2119	0.2125	-0.2829	-0.1038	0.0625	-0.2554
ENSMUSG00000037171	0.2445	-0.0727	-0.5284	-0.0083	-0.0977	-0.3752
ENSMUSG00000037185	0.8497	1.1541	1.6661	2.3669	2.5264	2.7679
ENSMUSG00000037197	-0.0944	0.5720	-0.1472	0.6959	0.2918	0.4143
ENSMUSG00000037202	0.0777	0.2093	-0.2298	0.0138	0.0487	-0.1675
ENSMUSG00000037204	-0.0045	-0.1351	-0.4398	0.0373	0.3919	0.0403
ENSMUSG00000037216	-0.4277	-0.1917	-0.2670	-0.3153	-0.3017	0.0070
ENSMUSG00000037225	-0.1730	0.1331	0.0386	-0.8276	0.2447	0.4141
ENSMUSG00000037234	0.7833	1.4328	1.2635	1.1831	0.6619	1.5207
ENSMUSG00000037236	-0.9586	0.0295	-0.5051	-0.2399	-0.2405	0.4420
ENSMUSG00000037246	0.0094	-0.1514	0.0093	0.0736	-0.5303	-0.1650
ENSMUSG00000037251	-0.3185	0.3930	-0.2860	-0.5070	-0.1794	-0.0452
ENSMUSG00000037260	0.1864	0.2418	-0.0592	0.3531	-0.5475	0.0134
ENSMUSG00000037263	-0.0926	0.1273	0.8998	-0.2068	-0.4459	0.2669
ENSMUSG00000037278	-0.2206	-0.0241	0.0042	0.1111	-0.1371	-0.2477
ENSMUSG00000037280	0.3183	-0.1432	0.1987	-0.4622	0.2494	-0.5779
ENSMUSG00000037286	-0.0515	-0.0978	0.5199	0.2138	-0.4335	0.0817
ENSMUSG00000037295	0.0536	-0.0813	0.0073	0.2031	0.1333	0.7858
ENSMUSG00000037296	-0.0220	-0.3623	0.0875	-0.1657	-0.0931	0.4938
ENSMUSG00000037306	-0.0367	0.5787	0.3446	-0.1975	0.1086	0.3815
ENSMUSG00000037316	-0.2202	0.2740	-0.4115	0.4260	-0.2431	0.2508
ENSMUSG00000037321	1.1742	1.9576	1.9972	2.1504	2.7066	2.1484
ENSMUSG00000037334	-0.3789	-0.0161	0.5979	-0.4930	-0.2376	0.5801
ENSMUSG00000037335	-0.2635	0.0702	0.5334	-0.3252	-0.5661	-0.0660
ENSMUSG00000037337	0.3060	-0.7247	0.2509	-0.2120	-0.5916	0.1428
ENSMUSG00000037341	-0.1780	-0.1499	0.1624	0.5339	0.1761	-0.3426
ENSMUSG00000037343	-0.3482	0.1349	0.0185	0.4512	0.2151	-0.0058
ENSMUSG00000037346	-0.1380	0.0747	-0.3597	0.0131	-0.3939	-0.6994
ENSMUSG00000037347	0.0467	0.3502	0.0697	0.2684	-0.5498	-0.3387
ENSMUSG00000037348	-0.1800	0.6165	-0.0747	-0.7303	0.8006	-0.4518
ENSMUSG00000037351	0.3950	-0.0299	0.5002	-0.1576	-0.1072	0.0491
ENSMUSG00000037355	0.4255	-0.1961	0.5549	-0.1201	-0.7767	0.2754
ENSMUSG00000037361	0.0633	-0.3422	-0.1348	-0.2612	-0.4215	-0.2285
ENSMUSG00000037366	0.3499	0.1809	0.1454	-0.2427	-0.4971	-0.3695
ENSMUSG00000037369	0.0404	0.1853	0.4904	-0.6421	0.0742	0.0949
ENSMUSG00000037370	-1.3777	-0.3060	-0.8799	-1.1258	-1.2366	-1.1174
ENSMUSG00000037373	-0.0496	0.8404	-0.4370	-0.2006	-0.3338	0.0179
ENSMUSG00000037375	0.1378	0.0652	0.2243	0.3628	-0.2544	-0.0164
ENSMUSG00000037386	-0.7528	-0.6196	0.4311	-0.1019	-0.5971	0.2592
ENSMUSG00000037393	0.3704	-0.0345	0.0710	0.6128	0.1446	-0.1514
ENSMUSG00000037400	0.1767	0.2760	0.3379	0.4082	-0.2227	-0.1368
ENSMUSG00000037405	0.0496	0.6526	0.2402	0.7731	0.1728	0.4360
ENSMUSG00000037411	0.4698	0.2616	0.4904	-0.2742	-0.7594	0.2125
ENSMUSG00000037416	-0.4290	-0.3136	0.2513	0.0720	0.3871	0.2670
ENSMUSG00000037424	-0.1107	-0.0818	-0.2357	0.0701	0.3694	-0.1907
ENSMUSG00000037426	0.4970	0.0485	0.4374	-0.2979	-0.0341	-0.6602
ENSMUSG00000037428	-0.0592	-0.2764	-0.0328	-0.2226	-0.7907	-0.0628
ENSMUSG00000037434	-0.2904	-0.1411	0.2267	-0.1620	-0.4014	0.3836
ENSMUSG00000037440	0.3855	-0.0282	-0.6670	0.0933	0.3537	0.1518
ENSMUSG00000037470	-0.1074	0.0941	0.0856	0.5106	0.7148	0.0746
ENSMUSG00000037475	0.2608	0.1210	-0.6245	0.1870	-0.0663	-0.1648
ENSMUSG00000037486	-0.6710	0.3162	-0.0340	0.4886	0.1110	0.0786
ENSMUSG00000037487	0.0302	-0.1260	-0.4436	-0.6356	-0.0389	0.3133
ENSMUSG00000037509	-0.2872	0.7261	-0.3342	-0.2768	-0.2485	0.1816
ENSMUSG00000037514	-0.2559	0.3192	0.2349	-0.2096	0.2501	-0.0222
ENSMUSG00000037519	-0.7609	0.1241	0.4483	-0.5627	-0.1523	-0.0965
ENSMUSG00000037523	0.3211	0.3764	0.1404	-0.4826	-0.2846	0.1889
ENSMUSG00000037526	-0.4789	-0.3364	-0.2881	-0.1572	-0.4436	-0.2331
ENSMUSG00000037531	-0.0236	-0.0459	-0.5035	0.0155	-0.1153	0.2164
ENSMUSG00000037533	-0.4012	-0.0656	0.0435	0.0893	0.3253	0.0548
ENSMUSG00000037537	-0.6697	-0.6406	-0.3894	-1.0169	-1.8694	-1.1445
ENSMUSG00000037541	-0.8013	-0.2721	-0.0889	0.0039	-0.2594	-0.1093
ENSMUSG00000037542	0.0468	-0.2051	0.0729	0.0393	-0.0387	-0.0881
ENSMUSG00000037548	-0.3337	-0.2249	0.0703	-0.2976	0.6004	0.0558
ENSMUSG00000037563	-0.8717	0.2100	0.2012	-0.0248	0.3723	-0.1007
ENSMUSG00000037570	-0.2455	0.7194	0.3082	-0.2996	0.2602	-0.2686
ENSMUSG00000037573	0.3926	-0.5456	-0.5415	-0.6893	-0.1876	0.1677
ENSMUSG00000037577	0.8198	-0.1271	0.1443	0.3306	-0.4235	0.3621
ENSMUSG00000037578	-0.1229	-0.4000	-0.7636	0.1307	0.2995	0.4126
ENSMUSG00000037580	0.2777	0.4472	-0.7786	0.0619	-0.1133	-0.2986
ENSMUSG00000037583	-0.0166	-0.0657	-0.2400	-0.5134	0.3512	0.4929
ENSMUSG00000037601	0.2978	0.2952	0.2391	0.3517	-0.0128	0.2190
ENSMUSG00000037606	-0.2098	0.5043	-0.1535	0.1387	-0.1523	-0.3899
ENSMUSG00000037610	-0.5510	-0.1488	-0.1715	0.3753	-0.2753	-0.3988
ENSMUSG00000037624	-0.0237	-0.1249	-0.1392	-0.2011	-0.6081	0.1596
ENSMUSG00000037625	0.1407	-0.1883	-0.1147	-0.1058	-0.2409	-0.2481
ENSMUSG00000037643	0.2723	-0.2277	0.0366	-0.1355	-0.3836	0.6410
ENSMUSG00000037649	0.1956	0.2365	0.0901	-0.2697	-0.2350	-0.2482
ENSMUSG00000037652	-0.6113	-0.0304	0.2794	-0.0985	-0.1558	0.0398
ENSMUSG00000037660	0.1129	-0.3012	0.4203	-0.4325	0.2833	0.9964
ENSMUSG00000037664	-0.1711	0.2645	0.3632	0.3694	0.2330	-0.6497
ENSMUSG00000037679	0.2329	-0.0523	-0.2620	0.3942	-0.6946	0.7210
ENSMUSG00000037685	0.3657	-0.0535	-0.3031	0.0400	-0.0203	0.4385
ENSMUSG00000037703	-0.0687	0.1706	-0.4955	0.4928	-0.1078	0.1530
ENSMUSG00000037706	-1.0739	-0.5042	-0.8632	-1.0168	-1.2219	-0.8219
ENSMUSG00000037720	0.8843	1.1322	1.2395	0.7767	0.7443	1.5037
ENSMUSG00000037722	0.1475	-0.2617	0.3374	0.2365	0.2714	-0.0229
ENSMUSG00000037727	-0.2379	-0.2344	-0.0833	-0.1581	-0.2768	0.0356
ENSMUSG00000037740	-0.4023	-0.2028	0.2610	-0.0151	0.2095	-0.2170
ENSMUSG00000037742	-0.0119	0.4722	-0.0052	0.4805	-0.5143	0.0951
ENSMUSG00000037752	0.6250	0.5441	0.2201	0.4023	0.2141	-0.1115
ENSMUSG00000037759	0.5696	-0.0324	0.8740	0.1258	0.0525	-0.6892
ENSMUSG00000037761	-0.7600	0.4611	0.4491	-0.2334	-0.2622	0.5115
ENSMUSG00000037771	0.6348	0.3322	0.3495	0.0105	-0.3122	0.1719
ENSMUSG00000037772	-0.4260	0.0017	0.3033	-0.2048	-0.7872	-0.5592
ENSMUSG00000037780	-0.1633	0.6244	0.9436	0.0433	-0.1212	-0.0047
ENSMUSG00000037790	0.4469	-0.4476	0.2313	-0.1362	0.4658	-0.2020
ENSMUSG00000037797	-0.1612	0.0477	0.4058	0.3460	-0.2376	0.3933
ENSMUSG00000037798	0.7151	0.2094	-0.2962	-0.6032	-0.1212	0.5368
ENSMUSG00000037805	-0.2071	-0.5320	-0.1146	0.1763	-0.0447	-0.7308
ENSMUSG00000037815	0.2923	0.8797	1.0746	0.6461	1.3859	1.2660
ENSMUSG00000037820	-0.1259	-0.0205	0.3883	0.1594	0.2274	-0.2137
ENSMUSG00000037847	-0.2151	0.0252	0.0505	0.0887	0.3559	-0.2982
ENSMUSG00000037851	1.0110	1.5259	1.9602	2.2675	2.8774	2.5954
ENSMUSG00000037852	-0.3787	0.1172	0.5705	0.1738	-0.0205	-0.1452
ENSMUSG00000037860	-0.1875	-0.2354	0.2916	0.0262	0.1993	0.6243
ENSMUSG00000037868	0.2070	-0.2799	-0.7063	-0.3110	0.3315	0.4169
ENSMUSG00000037872	-0.2370	0.4604	0.1170	0.1132	-0.1810	-0.2835
ENSMUSG00000037876	0.3307	-0.1510	0.1467	0.6192	-0.2422	-0.5782
ENSMUSG00000037887	-0.1011	-0.0381	0.4208	0.8563	-0.2109	0.2403
ENSMUSG00000037894	0.0387	0.1431	-0.3448	0.0325	0.2561	0.0830
ENSMUSG00000037896	-0.2639	-0.4291	-0.0572	-0.4300	0.5260	0.2038
ENSMUSG00000037902	-0.0646	0.0504	0.0450	0.4345	0.7538	-0.0864
ENSMUSG00000037916	-0.5678	0.0830	-0.3824	0.5700	-0.1671	-0.7443
ENSMUSG00000037922	0.4334	-0.4189	-0.1130	0.1244	-0.0064	0.2854
ENSMUSG00000037924	-0.0952	0.3061	-0.1219	0.1137	0.0596	-0.0881
ENSMUSG00000037926	-0.3008	-0.1963	-0.3601	-0.1218	-0.3373	-0.0474
ENSMUSG00000037933	-0.4165	0.1305	0.4733	0.3788	-0.4489	0.3323
ENSMUSG00000037935	-0.2591	-0.0714	0.4114	-0.1449	0.6040	-0.3751
ENSMUSG00000037936	-0.0670	0.0906	0.2240	0.3603	-0.6798	0.1916
ENSMUSG00000037940	0.1601	-0.4715	0.1317	0.0557	0.0569	0.0252
ENSMUSG00000037944	-0.1700	0.4391	0.1706	0.0370	-0.5840	0.2099
ENSMUSG00000037946	0.3520	-0.2754	0.3175	0.3572	-0.2418	0.8390
ENSMUSG00000037974	-0.0933	0.1214	-0.2470	-0.8107	0.1760	-0.0688
ENSMUSG00000037989	0.0683	0.6099	-0.5620	0.0231	-0.1294	-0.0149
ENSMUSG00000037991	-0.0505	0.5228	0.1777	-0.5570	0.0434	0.6493
ENSMUSG00000037992	-0.5470	-0.1495	-0.0756	-0.6360	0.5377	0.2689
ENSMUSG00000037993	0.3326	0.4274	-0.7062	-0.1052	0.3435	-0.5614
ENSMUSG00000037999	-0.0795	-0.1323	-0.1841	-0.3865	0.1493	0.1685
ENSMUSG00000038007	0.0653	0.3983	0.2269	0.2843	-0.3870	-0.3927
ENSMUSG00000038011	0.2778	-0.2217	0.3703	0.0423	0.3794	0.0235
ENSMUSG00000038013	0.3474	-0.0027	-0.2740	-0.3023	-0.1237	-0.0186
ENSMUSG00000038023	-0.2967	0.5109	0.0661	-0.0055	-0.3969	-0.6797
ENSMUSG00000038026	0.2364	0.3852	0.6526	-0.7710	-0.0765	-0.3583
ENSMUSG00000038028	0.4430	0.4142	-0.2037	-0.1937	0.5716	-0.2325
ENSMUSG00000038037	-0.1222	0.1614	-0.0198	0.3246	-0.0221	-0.1217
ENSMUSG00000038039	-0.2401	0.3420	-0.5462	-0.2177	0.5518	0.4369
ENSMUSG00000038056	-0.4727	-0.5992	0.3272	0.0719	0.2654	-0.6503
ENSMUSG00000038057	0.8164	0.0902	-0.2088	0.4439	-0.3189	0.8493
ENSMUSG00000038058	0.4875	0.2729	-0.1081	0.1646	0.0196	0.2288
ENSMUSG00000038064	-0.5839	0.0014	-0.3045	0.1790	0.1807	0.3504
ENSMUSG00000038067	0.5793	-0.2920	-0.4201	-0.0253	-0.1829	0.0165
ENSMUSG00000038071	0.4117	0.3025	0.2375	-0.5075	-0.0798	-0.8594
ENSMUSG00000038072	-0.3080	-0.2293	-0.3594	0.1466	-0.2566	-0.3466
ENSMUSG00000038077	-0.0160	0.2229	-0.3470	0.7355	-0.4608	0.7394
ENSMUSG00000038084	0.2085	-0.2307	0.2278	-0.2145	0.0028	0.1498
ENSMUSG00000038086	-0.5168	-0.0354	-0.0192	0.0205	0.2356	-0.2992
ENSMUSG00000038092	-0.1403	-0.2066	-0.0646	-0.0872	-0.2701	0.3132
ENSMUSG00000038115	-0.2356	-0.4999	0.5385	0.1241	0.1306	-0.1684
ENSMUSG00000038119	0.7773	-0.3490	0.7869	0.2775	-0.2493	0.1494
ENSMUSG00000038128	0.5454	0.3140	-0.4206	-0.1761	0.0415	0.1040
ENSMUSG00000038146	-0.5844	-0.3262	-0.0030	0.2683	0.3959	0.2043
ENSMUSG00000038147	-0.5865	0.3610	-0.2067	0.3532	0.3355	-0.1779
ENSMUSG00000038148	0.0946	-0.4743	-0.5687	0.3449	-0.1320	-0.1562
ENSMUSG00000038155	0.6192	0.8580	1.0560	0.6281	1.0428	1.6687
ENSMUSG00000038160	0.2449	0.5098	-0.5525	0.0813	-0.6938	-0.1280
ENSMUSG00000038173	-0.1959	0.5148	0.0981	0.1051	0.3107	-0.4280
ENSMUSG00000038175	-0.0820	0.0034	-0.2407	-0.2626	-0.1247	-0.1573
ENSMUSG00000038179	0.2716	0.4401	-0.1812	-0.3588	-1.0681	0.5326
ENSMUSG00000038181	0.6203	-0.1298	-0.1859	0.7736	-0.1142	0.0686
ENSMUSG00000038188	-0.0352	0.6225	0.3419	0.3610	-0.1981	-0.1351
ENSMUSG00000038192	-0.6969	-0.7183	-0.6788	-0.8875	-1.6484	-1.2332
ENSMUSG00000038195	0.5818	0.1139	0.0336	-0.3611	-0.3249	0.0959
ENSMUSG00000038205	-0.0372	0.1012	0.1597	0.5234	-0.1203	-0.3906
ENSMUSG00000038208	-0.1583	0.0530	0.3961	0.3726	-0.0068	-0.0985
ENSMUSG00000038210	0.3795	0.3083	0.4020	-0.2791	0.0868	-0.2888
ENSMUSG00000038213	-0.3381	0.4899	0.1448	0.1430	-0.0127	-0.0929
ENSMUSG00000038216	0.5031	0.9943	1.5429	0.5044	1.6376	1.9129
ENSMUSG00000038224	-0.0260	-0.2940	-0.3026	0.4518	-0.0229	-0.3325
ENSMUSG00000038227	0.2984	-0.2155	-0.3078	0.0321	-0.1166	0.1807
ENSMUSG00000038235	0.3115	0.0142	-0.2965	-0.0290	-0.5275	0.5211
ENSMUSG00000038239	0.3924	-0.0350	0.2263	0.1743	-0.0860	-0.2563
ENSMUSG00000038240	-0.6111	-0.5618	0.3899	0.5934	0.5945	-0.8558
ENSMUSG00000038242	-0.1052	-0.1237	-0.1477	-0.2990	0.2445	0.0578
ENSMUSG00000038257	-0.2593	0.0901	-0.1385	-0.0428	0.5851	0.2520
ENSMUSG00000038259	-0.0289	-0.2392	-0.1417	0.1785	0.4925	0.3672
ENSMUSG00000038260	0.2664	-0.3630	-0.1067	0.1541	0.2042	-0.2488
ENSMUSG00000038264	-0.2196	-0.1854	0.4079	0.2350	-0.3378	-0.2243
ENSMUSG00000038274	-0.7289	0.4167	0.0788	-0.5008	0.2690	-0.2216
ENSMUSG00000038276	0.0762	-0.0033	-0.7946	0.6234	-0.0345	0.0571
ENSMUSG00000038290	-0.2050	-0.4933	-0.4505	0.2660	-0.0388	0.0877
ENSMUSG00000038295	0.0490	0.0734	-0.2690	-0.3888	-0.2604	0.4410
ENSMUSG00000038296	0.4412	0.0066	0.5637	0.4215	0.6546	-0.1093
ENSMUSG00000038299	0.2280	-0.4641	0.2234	0.0978	0.4938	-0.1819
ENSMUSG00000038300	-0.0874	0.0597	0.5263	0.0368	0.1615	-0.2722
ENSMUSG00000038312	0.5269	0.6620	0.0880	-0.0226	0.1716	0.2303
ENSMUSG00000038327	-0.6305	-0.7848	0.2426	-0.0656	-0.3290	0.1674
ENSMUSG00000038332	-0.1640	-0.2332	-0.7816	-1.1282	-1.1036	-0.8324
ENSMUSG00000038342	-0.4693	-0.1914	0.7378	0.2822	-0.0615	0.1711
ENSMUSG00000038349	0.1546	0.5829	0.3316	-0.2173	0.9612	-0.0794
ENSMUSG00000038357	0.0097	-0.9665	-0.5816	-0.1665	-0.7067	-0.1853
ENSMUSG00000038365	0.5451	0.2043	0.0585	0.1514	-0.0637	0.2385
ENSMUSG00000038372	1.3120	1.1677	1.5325	1.6238	1.5300	2.5201
ENSMUSG00000038374	0.1057	0.3381	0.0493	-0.2390	-0.1509	-0.0750
ENSMUSG00000038375	0.5857	-0.3083	-0.0767	-0.2841	-0.0640	0.1096
ENSMUSG00000038379	0.2624	-0.3426	0.4494	-0.0212	-0.1079	-0.3269
ENSMUSG00000038383	0.0073	-0.1937	0.7311	-0.0000	-0.1351	-0.7599
ENSMUSG00000038384	0.0413	0.0579	0.1346	-0.5529	0.0910	0.6623
ENSMUSG00000038387	0.5880	0.1066	0.1381	0.0730	0.3406	0.6621
ENSMUSG00000038388	-0.4373	-0.1869	-0.0183	-0.0728	-0.0036	0.1942
ENSMUSG00000038393	-0.1360	0.0943	0.2165	-0.2169	-0.1763	0.1776
ENSMUSG00000038398	0.1088	-0.1046	-0.0396	0.5188	0.0344	0.2519
ENSMUSG00000038403	-0.4897	-0.0489	0.4150	0.0401	-0.2029	-0.0746
ENSMUSG00000038416	0.0870	-0.1763	-0.1600	0.1850	0.2787	0.0136
ENSMUSG00000038417	-0.8010	-0.1115	0.3054	-0.5178	0.5308	-0.0660
ENSMUSG00000038418	-0.2208	0.1358	0.0788	-0.0290	-0.0863	-0.8134
ENSMUSG00000038425	0.5556	0.2090	0.4905	0.0861	-0.1705	0.6866
ENSMUSG00000038446	-0.1583	0.8942	-0.3432	0.0637	0.4983	0.3476
ENSMUSG00000038462	-0.0898	-0.0398	-0.2794	0.1614	-0.2486	0.4283
ENSMUSG00000038467	0.7066	-0.3166	-0.4636	-0.1831	0.0695	-0.2283
ENSMUSG00000038473	0.7767	0.1055	0.3082	0.0933	0.1022	0.4677
ENSMUSG00000038482	-0.3166	-0.4333	0.0345	0.7809	-0.6690	0.3896
ENSMUSG00000038485	0.7729	0.4262	0.8099	-0.0426	0.5909	-0.5390
ENSMUSG00000038486	-0.5868	-0.0338	-0.2608	-0.0642	0.8375	-0.2515
ENSMUSG00000038489	0.0474	0.3624	0.0814	-0.2633	-0.1962	-0.7998
ENSMUSG00000038496	0.0166	-0.4926	0.0707	-0.0412	0.0660	-0.2281
ENSMUSG00000038508	0.2934	0.1422	0.5709	0.4060	-0.0961	-0.1529
ENSMUSG00000038517	0.2427	-0.1479	0.1407	-0.4949	-0.1991	-0.2947
ENSMUSG00000038518	-0.1953	-0.2258	0.0520	0.0223	-0.0220	0.0926
ENSMUSG00000038520	0.1234	0.1353	-0.2498	-0.2618	-0.4492	-0.2364
ENSMUSG00000038521	0.1184	-0.0749	-0.2427	0.3555	-0.4921	-0.2220
ENSMUSG00000038526	0.2066	0.0829	-0.2241	-0.0295	-0.0512	0.0251
ENSMUSG00000038537	-0.1110	-0.3178	-0.2207	-0.2588	-0.1135	0.0049
ENSMUSG00000038541	0.2450	-0.5002	-0.3099	-0.0616	0.1243	-0.3399
ENSMUSG00000038545	-0.4135	-0.4664	-0.1084	-0.4016	-0.0591	0.0661
ENSMUSG00000038563	-0.2922	-0.3726	0.1093	0.1413	0.0510	0.3445
ENSMUSG00000038567	0.4094	-0.0338	-0.4652	0.0625	0.2335	-0.5510
ENSMUSG00000038569	-0.5518	-0.4737	0.0869	0.5082	0.3700	-0.2286
ENSMUSG00000038580	0.8139	0.6305	0.8871	1.0485	1.0749	2.2226
ENSMUSG00000038583	-0.2385	-0.4314	0.1654	-0.0469	0.0181	0.2756
ENSMUSG00000038600	0.1278	-0.1841	-0.2841	0.5029	-0.3416	0.6826
ENSMUSG00000038607	-0.4380	-0.5607	-1.0187	-0.8942	-0.6196	-1.6786
ENSMUSG00000038612	0.4863	-0.8776	0.1375	-0.0050	-0.2571	-0.3756
ENSMUSG00000038622	0.3863	0.4500	-0.4604	0.5087	-0.4483	-0.2874
ENSMUSG00000038628	-0.3334	0.0246	0.1888	0.3989	0.4395	0.3023
ENSMUSG00000038633	-1.3768	-0.9954	-1.5054	-1.7684	-2.7328	-2.5539
ENSMUSG00000038641	0.9551	1.1361	1.3070	2.3925	1.6746	3.1308
ENSMUSG00000038642	-0.4634	0.2524	0.0044	0.2405	-0.0953	-0.2619
ENSMUSG00000038644	0.7130	0.0254	-0.2473	-0.0678	0.2240	0.4842
ENSMUSG00000038648	0.0235	0.2676	0.7418	-0.4212	-0.0157	-0.0350
ENSMUSG00000038656	-0.1345	-0.2356	-0.0668	0.0375	-0.3757	0.0932
ENSMUSG00000038664	0.1363	0.6065	-0.1214	-0.5794	-0.3959	0.2497
ENSMUSG00000038665	-0.1436	-0.1487	-0.4737	-0.3247	-0.1242	0.2759
ENSMUSG00000038668	0.2337	0.0041	0.0832	-0.1110	-0.0525	-0.3348
ENSMUSG00000038670	0.1914	0.2384	-0.2267	-0.0288	-0.0765	0.6069
ENSMUSG00000038676	0.1453	-0.5745	0.1613	-0.0772	-0.5904	-0.2933
ENSMUSG00000038690	1.1588	0.7448	1.1729	1.3495	0.7667	1.5991
ENSMUSG00000038696	-0.1447	-0.5232	0.4482	0.5868	0.3278	0.4676
ENSMUSG00000038697	-0.1959	0.1721	-0.1967	0.1530	0.0774	0.1240
ENSMUSG00000038702	-0.3023	-0.0466	0.4640	0.4560	-0.3987	-0.2926
ENSMUSG00000038704	0.0463	-0.5584	0.3267	-0.2186	0.2418	0.4835
ENSMUSG00000038717	0.0408	-0.7839	-0.0662	-0.3265	0.2431	-0.1858
ENSMUSG00000038718	0.3152	0.2746	0.4788	-0.0251	0.6771	0.3081
ENSMUSG00000038722	-0.1251	0.2862	-0.4249	0.4594	0.4558	-0.4458
ENSMUSG00000038732	0.0473	0.3397	-0.6420	0.4984	0.1061	0.3617
ENSMUSG00000038738	-0.2404	-0.0402	-0.3981	-0.4066	0.0963	0.4095
ENSMUSG00000038740	0.1198	0.6264	0.3699	-0.0710	-0.0293	0.2322
ENSMUSG00000038745	0.2551	0.1299	-0.4547	0.4243	0.2318	0.5555
ENSMUSG00000038754	-0.5946	0.0763	-0.6535	-0.1510	0.1694	0.2950
ENSMUSG00000038759	-0.0617	-0.1241	-0.6856	-0.3020	0.2792	0.1130
ENSMUSG00000038760	-0.0790	-0.1036	0.1266	-0.4316	1.1907	0.4247
ENSMUSG00000038768	1.0471	1.2535	1.8976	2.3521	3.1376	2.0009
ENSMUSG00000038770	-0.3890	-0.0508	0.0731	-0.7278	-0.0153	-0.7773
ENSMUSG00000038773	-0.3799	0.1795	0.7805	0.3267	0.3796	-0.0791
ENSMUSG00000038776	-0.4014	-0.0180	0.0626	0.1861	-0.1839	-0.0343
ENSMUSG00000038777	0.3987	-0.5856	0.1326	0.2038	-0.3467	0.1792
ENSMUSG00000038780	-0.4594	0.4008	0.6990	-0.5221	-0.1357	-1.0472
ENSMUSG00000038784	0.4609	0.0895	0.1427	0.5405	-0.2037	0.5629
ENSMUSG00000038793	0.4315	-0.2600	0.1874	0.0848	0.6600	-0.7432
ENSMUSG00000038811	0.2473	0.4300	0.6067	-0.3563	-0.0794	-0.0651
ENSMUSG00000038838	1.2113	1.4304	1.5535	1.9280	2.1364	2.5086
ENSMUSG00000038840	0.2133	-0.4207	-0.0531	0.0266	0.5105	0.9678
ENSMUSG00000038843	0.0715	0.1836	-0.4372	-0.0815	-0.2723	0.4307
ENSMUSG00000038844	-0.4193	0.6657	0.7829	0.2386	0.1879	0.2889
ENSMUSG00000038845	-0.0243	0.6930	0.3960	-0.2269	0.0857	-0.0494
ENSMUSG00000038855	-0.3003	-0.0898	-0.1621	-0.2145	0.5154	-0.1667
ENSMUSG00000038861	-0.1218	0.1371	-0.0518	0.1208	-0.3388	-0.1404
ENSMUSG00000038871	0.4354	-0.4669	-0.2841	0.1725	0.0605	0.0727
ENSMUSG00000038872	-0.2271	0.1911	-0.3635	0.3163	-0.3720	0.7123
ENSMUSG00000038880	0.7584	-0.9488	-0.7528	-0.0691	0.1442	-0.1482
ENSMUSG00000038886	-0.1968	0.0774	0.1128	-0.4642	0.3916	0.6057
ENSMUSG00000038888	0.2753	0.0257	0.2009	0.4285	-0.3829	-0.3608
ENSMUSG00000038894	-0.3031	-0.6038	-0.0989	-0.3151	-0.2107	0.2741
ENSMUSG00000038900	0.1441	0.1738	0.2656	-0.3224	0.4859	-0.1189
ENSMUSG00000038954	0.0791	0.0674	-0.0658	0.3382	0.4236	-0.6883
ENSMUSG00000038957	0.3505	0.3000	0.1123	0.0796	0.5920	0.4518
ENSMUSG00000038965	-0.3020	-0.2626	0.2864	-0.2599	-0.2335	0.2356
ENSMUSG00000038967	-0.4531	0.2631	0.2854	0.0763	0.1090	0.3385
ENSMUSG00000038990	0.4251	0.1135	-0.1174	-0.1854	-0.6063	0.2460
ENSMUSG00000038991	0.0481	0.1971	-0.1500	-0.0407	-0.1058	0.0036
ENSMUSG00000039000	-0.0542	-0.5627	0.0315	-0.2383	-0.1612	-0.3276
ENSMUSG00000039001	0.4058	0.0690	0.0313	0.4770	-0.2675	0.3741
ENSMUSG00000039004	0.0910	0.3439	-0.1079	0.2841	-0.2679	-0.0009
ENSMUSG00000039005	-0.5336	0.4483	-0.0814	-0.0656	0.1776	-0.0334
ENSMUSG00000039037	0.6645	0.0495	0.2517	0.1009	0.0359	0.1395
ENSMUSG00000039041	-0.2981	-0.3129	-0.4824	-0.0518	0.1636	0.5028
ENSMUSG00000039047	0.0751	-0.1572	0.0973	-0.0539	0.1804	-0.0116
ENSMUSG00000039055	-0.2226	0.0673	-0.0802	0.1992	-0.1618	0.4499
ENSMUSG00000039057	0.1166	0.7343	-0.3018	-0.4592	-0.0737	0.4988
ENSMUSG00000039058	-0.2522	0.0162	-0.3676	0.3046	0.0373	-0.3400
ENSMUSG00000039059	-0.4466	0.5304	0.1846	-0.8936	-0.4586	0.0403
ENSMUSG00000039062	0.0127	-0.6562	-0.0111	0.0446	0.2635	-0.1612
ENSMUSG00000039067	-0.3202	-1.1146	0.2270	-0.1904	-0.0753	-0.1544
ENSMUSG00000039079	0.2559	-0.3265	0.6022	0.2922	0.4920	-0.7160
ENSMUSG00000039084	-0.2385	-0.0539	-0.1570	0.8166	0.7785	0.0091
ENSMUSG00000039086	-0.0305	0.0030	-0.0306	-0.0073	-0.3156	-0.2362
ENSMUSG00000039089	0.0486	-0.2742	0.4867	-0.3334	0.3626	0.1972
ENSMUSG00000039092	1.4309	1.6031	1.9551	2.1363	1.8174	2.2070
ENSMUSG00000039097	0.1591	-0.0219	0.2647	-0.0098	0.1837	-0.0787
ENSMUSG00000039100	-0.3104	0.1627	0.1765	-0.1618	0.0188	-0.4047
ENSMUSG00000039105	-0.7935	0.2434	0.4957	-0.1913	-0.1655	-0.3162
ENSMUSG00000039106	0.0461	-0.1856	-0.0960	0.7003	0.7240	0.5808
ENSMUSG00000039109	-0.9582	0.2161	-1.0206	-1.1267	-0.5091	-1.7752
ENSMUSG00000039115	0.4813	0.2255	-0.0449	0.6220	0.0192	-0.1817
ENSMUSG00000039117	-0.9269	0.6546	-0.2594	-0.0958	-0.0561	-0.1302
ENSMUSG00000039145	-0.1797	0.2275	0.6343	-0.0781	0.0697	-0.0608
ENSMUSG00000039148	-0.0885	0.1067	-0.1539	-0.3381	0.3560	0.1168
ENSMUSG00000039153	-0.4802	0.3367	0.4137	-0.2794	-0.6816	0.7284
ENSMUSG00000039156	-0.0074	-0.3508	0.4906	0.5354	-0.3474	-0.6936
ENSMUSG00000039159	-0.1070	0.1213	-0.2250	0.3016	0.1958	-0.2903
ENSMUSG00000039176	0.4405	-0.0363	0.2849	0.1845	0.1482	0.1859
ENSMUSG00000039187	0.0419	0.0800	0.1353	-0.3100	0.2934	-0.2704
ENSMUSG00000039191	0.1388	-0.1861	0.4088	0.5104	0.6468	-0.5833
ENSMUSG00000039193	-0.0993	0.8493	-0.1673	0.2887	-0.4628	0.0777
ENSMUSG00000039197	0.3981	0.4682	-0.6946	-0.1968	0.2890	-0.0370
ENSMUSG00000039199	-0.2018	-0.4350	0.2971	-0.2296	0.2056	-0.0300
ENSMUSG00000039206	0.2160	0.5031	0.1079	0.0173	0.4752	0.2397
ENSMUSG00000039209	-0.1742	-0.2605	-0.3908	-0.4072	-0.0506	-0.0725
ENSMUSG00000039215	-0.2524	0.1406	-0.2022	-0.4344	0.1103	0.2343
ENSMUSG00000039217	0.8131	-0.0449	0.0320	0.3695	-0.1975	-0.4705
ENSMUSG00000039221	-0.7942	-0.2662	-0.0234	0.1553	-0.4248	-0.0464
ENSMUSG00000039224	-0.0082	0.1423	-0.2460	-0.2192	-0.0814	-0.3595
ENSMUSG00000039231	-0.0681	-0.4508	-0.2945	0.0172	0.0153	-0.4765
ENSMUSG00000039232	-0.0657	0.3415	-0.1916	-0.3067	-0.1254	0.4459
ENSMUSG00000039234	-0.1974	0.1038	-0.3543	0.1837	0.4482	-0.0435
ENSMUSG00000039239	0.3539	-0.1843	-0.1919	-0.1253	-0.2433	0.0780
ENSMUSG00000039242	-0.3408	0.1481	-0.0763	0.1129	-0.2921	-0.5329
ENSMUSG00000039254	-0.2239	0.4022	0.2106	-0.3409	0.4991	-0.2562
ENSMUSG00000039275	0.5105	-0.3637	0.2172	-0.4221	-0.2459	0.3940
ENSMUSG00000039285	0.8249	0.3722	0.6050	0.5949	1.7550	0.8736
ENSMUSG00000039296	-0.0985	-0.0428	0.2264	0.2329	-0.0941	-0.1941
ENSMUSG00000039304	0.3143	-0.1988	-0.4974	-0.0062	-0.0166	0.8994
ENSMUSG00000039307	0.0454	0.3350	-0.0735	-0.3916	-0.1448	-0.3446
ENSMUSG00000039308	-0.0340	-0.1717	0.0495	0.0192	0.6026	-0.5178
ENSMUSG00000039321	-0.0402	-0.3505	0.4903	0.0827	-0.0968	-0.5207
ENSMUSG00000039347	0.2328	-0.0451	-0.2828	0.0632	-0.2314	-0.1046
ENSMUSG00000039356	-0.4120	0.8085	0.3931	-0.1172	0.0258	0.2318
ENSMUSG00000039358	0.0399	-0.1479	-0.3876	-0.0652	0.5261	0.0047
ENSMUSG00000039367	-0.2946	-0.4333	0.2034	-0.2291	0.7534	0.0759
ENSMUSG00000039382	0.1803	0.2521	0.5303	0.1137	0.6744	-0.2479
ENSMUSG00000039384	-0.3911	-0.1193	-0.2335	0.3813	0.1714	0.0384
ENSMUSG00000039396	0.1453	-0.0895	-0.0544	-0.1503	0.2401	0.1744
ENSMUSG00000039410	0.1532	0.2315	-0.6663	0.7198	-0.3703	0.3439
ENSMUSG00000039419	0.1014	0.5460	-0.3796	-0.1322	-0.1539	-0.0423
ENSMUSG00000039427	0.7405	0.5799	0.5988	-0.1203	-0.2867	0.3207
ENSMUSG00000039431	0.0489	-0.3291	-0.5765	0.2817	0.1302	0.0537
ENSMUSG00000039449	0.5174	-1.0425	-0.1141	-0.0730	-0.1679	-0.2027
ENSMUSG00000039450	0.0961	0.1126	0.2765	-0.3781	0.5593	-0.4116
ENSMUSG00000039457	-1.8683	-1.9337	-1.7541	-1.5381	-2.3385	-2.9477
ENSMUSG00000039462	-0.4913	0.2543	-0.2927	-0.0305	-0.3258	0.2559
ENSMUSG00000039474	-0.0629	-0.1637	0.0749	-0.2179	-0.2416	-0.1211
ENSMUSG00000039481	0.7259	0.2176	-0.0891	-0.0892	0.6197	-0.0433
ENSMUSG00000039497	-0.1738	-0.1782	-0.0150	0.3824	-0.0752	-0.1883
ENSMUSG00000039501	-0.6825	-0.2277	-0.1077	-0.3209	0.4269	0.7479
ENSMUSG00000039509	-0.4000	-0.0409	-1.0665	0.0722	0.0734	0.1746
ENSMUSG00000039515	-0.6583	-0.0249	0.0726	0.2854	0.1926	-0.1008
ENSMUSG00000039518	1.5201	1.2071	1.4458	2.1996	1.8612	2.7616
ENSMUSG00000039519	1.0578	2.1542	2.0274	1.5713	1.9104	2.6207
ENSMUSG00000039521	-0.1267	0.0140	0.2081	0.2094	-0.6158	-0.3475
ENSMUSG00000039539	-0.5254	0.0451	-0.0645	-0.1264	0.1396	0.3180
ENSMUSG00000039542	-0.3900	-0.2000	0.0132	0.2616	0.3401	-0.7019
ENSMUSG00000039556	0.0344	-0.0303	0.0561	-0.0256	0.5318	-0.4793
ENSMUSG00000039579	0.0808	-0.3467	-0.0054	-0.4383	0.3397	0.2698
ENSMUSG00000039585	0.4499	0.2455	-0.3686	0.1873	0.2508	0.0002
ENSMUSG00000039601	0.3016	-0.5200	0.1852	-0.5589	0.3279	-0.8119
ENSMUSG00000039608	-0.4979	-0.2722	-0.1891	0.3442	-0.4620	-0.0956
ENSMUSG00000039611	-0.3899	-0.0277	-0.0816	0.1315	-0.5609	0.0264
ENSMUSG00000039615	0.3916	-0.2027	0.6307	-0.3432	-0.3719	-0.1869
ENSMUSG00000039616	0.4320	-0.3019	-0.7758	0.0214	0.4306	0.1222
ENSMUSG00000039621	0.3114	-0.1889	-0.4159	-0.1438	-0.5189	0.1388
ENSMUSG00000039630	0.2367	0.6726	-0.3717	-0.3827	0.0019	-0.1203
ENSMUSG00000039639	-0.2384	-0.0180	-0.1390	0.1592	-0.1072	0.0503
ENSMUSG00000039640	-0.2983	-0.0169	0.0606	-0.4727	0.4522	-0.4448
ENSMUSG00000039648	-0.8373	-0.4440	-0.0412	0.2666	-0.3510	-0.4257
ENSMUSG00000039652	-0.0159	0.1221	0.0947	0.4005	-0.4426	0.0449
ENSMUSG00000039653	0.5030	0.8278	0.1368	0.5092	0.0265	0.2270
ENSMUSG00000039656	0.1171	0.3999	-0.0870	1.0563	0.1202	0.3629
ENSMUSG00000039662	0.0830	0.1881	0.2444	-0.2851	0.0570	0.3194
ENSMUSG00000039672	-0.3232	-0.1953	-0.0810	-0.4600	0.3654	-0.0433
ENSMUSG00000039680	-0.0931	-0.0363	-0.5142	0.0048	0.0872	0.6917
ENSMUSG00000039682	0.1870	0.3278	0.3070	0.1060	-0.2524	0.3478
ENSMUSG00000039697	-0.0739	-0.0663	-0.4252	-0.5437	0.0128	-0.1379
ENSMUSG00000039699	-0.0347	-0.3649	-0.3844	0.0444	-0.0901	-0.0365
ENSMUSG00000039703	1.0051	-0.0784	0.0125	-0.2581	0.0790	0.2043
ENSMUSG00000039713	0.2914	0.3761	-0.1043	-0.1909	-0.0658	0.6079
ENSMUSG00000039714	-0.0628	-0.2015	-0.1139	0.0575	0.0445	0.5972
ENSMUSG00000039720	-0.2370	-0.1727	0.5946	-0.3535	0.4293	-0.1380
ENSMUSG00000039728	-0.3640	0.4493	0.5167	0.1725	-0.3536	0.2033
ENSMUSG00000039738	-0.0454	0.3652	0.3796	0.0841	-0.3717	-0.5888
ENSMUSG00000039740	-0.0851	0.1276	0.2543	0.1634	0.0807	-0.1365
ENSMUSG00000039747	0.0681	-0.2442	-0.1926	-0.0631	0.4613	0.4579
ENSMUSG00000039748	-0.8711	-0.4771	-0.4802	-0.9936	-1.6126	-1.0787
ENSMUSG00000039760	0.1143	-0.7992	0.3065	0.1932	-0.1183	-0.0656
ENSMUSG00000039771	0.4593	-0.7003	0.2804	-0.1374	-0.1107	0.4688
ENSMUSG00000039774	0.5201	0.3957	0.0266	-0.3673	0.1275	0.4684
ENSMUSG00000039775	-0.0963	-0.3000	0.3986	0.1128	-0.9195	-0.3047
ENSMUSG00000039782	0.5650	0.2512	0.3386	0.4312	0.0778	0.0918
ENSMUSG00000039783	-0.2171	-0.1699	-0.2072	-0.2540	0.3691	-0.2114
ENSMUSG00000039785	0.1689	-0.3620	-0.1559	-0.2428	-0.2308	-0.3971
ENSMUSG00000039809	0.4331	0.4961	-0.0261	0.0734	0.0704	-0.5920
ENSMUSG00000039824	-0.2175	0.2125	0.0584	0.5047	0.7613	-0.1208
ENSMUSG00000039831	0.2536	0.7708	-0.1323	-0.0101	0.4560	-0.2945
ENSMUSG00000039840	-0.6682	0.1645	-0.0221	0.2291	-0.2223	0.2161
ENSMUSG00000039844	0.0527	-0.0225	-0.5284	-0.3440	0.0692	-0.1463
ENSMUSG00000039865	-0.9988	0.6050	0.3608	-0.2725	0.2403	0.0765
ENSMUSG00000039878	-0.0214	0.3582	-0.5706	-0.0732	-0.2007	0.2090
ENSMUSG00000039887	-0.2865	-0.3404	-0.1132	0.1058	-0.3573	-0.3633
ENSMUSG00000039904	0.0013	-0.3463	-0.3416	0.3098	-0.0062	-0.1647
ENSMUSG00000039910	0.3907	-0.1757	0.0303	-0.7241	0.1770	0.3356
ENSMUSG00000039913	0.1273	0.3224	0.4510	0.2578	-0.2348	0.5366
ENSMUSG00000039936	-0.1094	-0.2074	0.1264	-0.1834	0.5341	-0.2895
ENSMUSG00000039942	-0.5024	0.0968	0.6854	0.2136	-0.1154	0.6432
ENSMUSG00000039943	-0.1371	0.3911	0.3393	-0.3906	0.2168	-0.8491
ENSMUSG00000039952	-0.0535	0.6097	0.0670	0.4165	-0.3151	0.0466
ENSMUSG00000039956	0.4446	0.0849	-0.0243	-0.2860	0.1049	-0.2354
ENSMUSG00000039959	-0.3250	-0.3261	-0.1096	0.1530	0.2677	0.2065
ENSMUSG00000039962	-0.1035	0.2356	-0.0160	-0.1101	0.3298	0.0086
ENSMUSG00000039982	0.2692	-0.1557	0.0852	-0.0169	0.1191	0.0899
ENSMUSG00000039989	-0.0690	0.0684	0.0148	-0.8155	0.2345	-0.3880
ENSMUSG00000040003	0.2789	0.2846	-0.1398	-0.6832	-0.6061	-0.4104
ENSMUSG00000040009	0.0472	-0.5493	-0.0349	-0.3830	0.1829	0.0197
ENSMUSG00000040010	-0.2441	-0.3260	-0.2877	-0.3669	0.1071	0.6572
ENSMUSG00000040016	-0.1094	0.6750	0.2440	-0.0277	0.5923	0.2114
ENSMUSG00000040018	-0.6073	0.3020	0.0808	0.4396	0.4610	0.1155
ENSMUSG00000040021	-0.4293	-0.5901	0.3601	0.7642	-0.1815	0.1666
ENSMUSG00000040022	-0.6340	-0.6959	-0.1041	-0.2903	0.1683	0.0759
ENSMUSG00000040028	-0.1339	-0.0965	0.0547	0.1774	0.3997	-0.2378
ENSMUSG00000040029	-0.2095	0.5616	-0.0525	0.5381	0.0757	0.0662
ENSMUSG00000040033	0.0044	-0.4606	0.1764	-0.0087	-0.0926	0.3123
ENSMUSG00000040034	-0.0135	-0.5154	0.1957	-0.1531	0.2917	0.9050
ENSMUSG00000040037	0.1331	0.0821	-0.1086	-0.1712	0.3616	0.1272
ENSMUSG00000040044	-0.0162	-0.3612	0.3765	0.6970	0.3877	0.4552
ENSMUSG00000040046	0.3160	-0.3013	0.2254	0.0330	-0.3984	-0.0401
ENSMUSG00000040048	-0.4730	-0.9079	-0.8166	-0.7804	-0.7494	-1.3900
ENSMUSG00000040054	-0.5527	-0.7299	-1.1389	-0.9949	-0.9559	-1.3409
ENSMUSG00000040061	-0.3750	-0.1712	0.2623	0.5212	0.0394	0.4231
ENSMUSG00000040084	-0.3210	-0.0234	-0.6143	0.1280	0.1753	0.1883
ENSMUSG00000040093	0.0428	0.5400	-0.5732	-0.4646	-0.2933	0.4784
ENSMUSG00000040112	0.0661	0.0175	-0.3178	0.1024	0.0290	0.3294
ENSMUSG00000040118	0.5511	1.2446	0.9113	1.9442	1.5971	0.9156
ENSMUSG00000040124	-0.0140	-0.4177	-0.4354	0.2505	-0.2072	-0.1311
ENSMUSG00000040127	1.1227	1.1924	1.8690	2.0542	2.3249	2.7613
ENSMUSG00000040134	-0.1789	0.0720	0.1222	-0.4539	0.2403	-0.5498
ENSMUSG00000040136	-0.9073	-0.2551	-0.1968	-0.2199	0.3272	0.4843
ENSMUSG00000040147	-0.1241	-0.1688	-0.0925	-0.0757	-0.5108	0.1394
ENSMUSG00000040151	-0.2302	0.1549	-0.0385	0.0311	0.4620	-0.1889
ENSMUSG00000040152	-0.6641	0.1386	-0.2003	-0.2714	-0.4201	-0.0067
ENSMUSG00000040165	-0.1649	0.3250	-0.0656	-0.1918	-0.3008	0.1725
ENSMUSG00000040170	-0.4378	0.5072	0.4197	0.0618	-0.0218	0.5254
ENSMUSG00000040181	0.4068	0.1236	0.8020	0.4095	0.4058	0.2976
ENSMUSG00000040197	-0.0498	-0.2173	0.5581	0.0646	-0.0606	0.3727
ENSMUSG00000040212	-0.4379	-0.4086	-0.1532	-0.5917	-0.1595	0.0535
ENSMUSG00000040213	1.3645	0.7143	1.9202	1.3557	1.3189	0.9890
ENSMUSG00000040249	-0.0632	-0.3146	0.0480	-0.0910	0.1257	-0.6355
ENSMUSG00000040253	-0.2915	-0.0548	-0.0453	0.3674	-0.6417	0.1650
ENSMUSG00000040254	0.4879	0.4768	0.2268	0.4943	-0.3152	-0.0688
ENSMUSG00000040260	0.1402	-0.3124	0.0940	-0.7153	-0.3466	0.6331
ENSMUSG00000040264	-0.0210	0.0445	0.1823	0.8039	-0.0690	0.5131
ENSMUSG00000040265	0.0705	0.0278	0.4559	0.0502	0.2907	0.2289
ENSMUSG00000040269	0.3297	-0.1437	-0.3999	0.0531	-0.0054	0.2619
ENSMUSG00000040274	-0.1603	-0.3524	0.3747	-0.1893	0.3928	-0.4914
ENSMUSG00000040280	-0.2700	0.1560	-0.2423	-0.1880	0.6796	-0.0040
ENSMUSG00000040289	0.0399	-0.4881	0.3325	0.1240	0.4168	0.0565
ENSMUSG00000040296	0.4119	-0.3121	0.3693	0.1251	-0.4670	0.1590
ENSMUSG00000040314	1.1933	1.1296	1.7181	2.5651	1.9899	2.2366
ENSMUSG00000040325	0.2643	-0.0845	0.9558	-0.1610	-0.0123	0.5712
ENSMUSG00000040328	0.1195	0.1322	0.3914	0.0321	-0.7605	-0.2923
ENSMUSG00000040329	0.1452	-0.2851	0.0819	0.9062	0.0098	0.2494
ENSMUSG00000040354	0.3612	0.5470	-0.4214	0.2139	0.0843	0.1697
ENSMUSG00000040356	0.1958	-0.0149	0.2679	0.5275	-0.3181	0.3068
ENSMUSG00000040363	0.0127	0.2767	-0.5514	0.4002	-0.3829	-0.2654
ENSMUSG00000040364	0.3932	0.0842	-0.5875	-0.6155	-0.2863	-0.3750
ENSMUSG00000040373	0.3294	-0.1897	-0.5408	-0.2167	0.1966	-0.2621
ENSMUSG00000040374	0.3776	-0.0306	-0.5116	-0.0966	0.1324	-0.9543
ENSMUSG00000040383	0.3570	-0.0099	0.5121	0.4384	0.0340	-0.3150
ENSMUSG00000040385	-0.0937	-0.2992	-0.1299	0.1538	-0.4334	-0.0873
ENSMUSG00000040390	-0.3761	-0.0592	-0.1795	-0.0171	0.0312	-0.1522
ENSMUSG00000040405	0.1154	-0.3247	-0.0897	0.1150	0.4731	-0.1798
ENSMUSG00000040413	-0.3099	-0.0696	-0.0411	0.0308	-0.2493	-0.4898
ENSMUSG00000040415	-0.2761	0.6815	0.2443	0.0071	0.0964	-0.2393
ENSMUSG00000040424	0.8739	-0.0637	0.2668	0.3875	-0.0905	0.4028
ENSMUSG00000040432	0.4961	0.2172	-0.0015	0.2945	0.0518	0.1237
ENSMUSG00000040434	0.0912	0.0619	0.2716	0.0081	0.5707	0.4082
ENSMUSG00000040435	-0.1144	-0.1729	-0.1495	0.4393	0.2448	-0.0070
ENSMUSG00000040451	0.9153	2.0978	1.2413	1.3869	2.0922	2.7903
ENSMUSG00000040455	0.5920	0.2590	-0.5764	-0.3571	-0.0395	-0.2223
ENSMUSG00000040462	-0.4921	-0.4033	-0.2252	-0.1825	-0.6140	0.2900
ENSMUSG00000040466	0.2001	0.2439	-0.2913	-0.3017	0.4479	-0.1061
ENSMUSG00000040471	0.0326	0.1145	0.4037	0.0212	0.5118	0.4513
ENSMUSG00000040479	0.1922	0.1256	-0.3508	0.2961	0.3326	0.4171
ENSMUSG00000040481	0.1452	0.3592	-0.2137	0.6870	-0.0692	0.5897
ENSMUSG00000040495	-0.3604	0.2678	0.5339	0.0719	0.2593	-0.4806
ENSMUSG00000040505	-1.2764	-1.6875	-1.8933	-1.9983	-2.9355	-2.9180
ENSMUSG00000040506	0.0773	-0.1394	0.6302	-0.0706	0.0659	-0.2161
ENSMUSG00000040511	0.0178	0.4153	-0.5702	0.2050	-0.2442	-0.1698
ENSMUSG00000040522	0.2774	0.2951	0.4232	-0.2186	0.3140	-0.1098
ENSMUSG00000040525	-0.4562	-0.3118	-0.1982	0.0718	-0.0500	0.4608
ENSMUSG00000040552	-0.0149	-0.2005	-0.8021	-0.6772	-0.0337	-0.0583
ENSMUSG00000040554	0.6748	0.9659	0.6705	1.2323	1.1170	1.5390
ENSMUSG00000040560	-0.3240	0.4933	0.1624	0.1435	-0.2872	-0.2318
ENSMUSG00000040562	-0.1994	0.0201	0.6405	0.2471	0.0538	0.4543
ENSMUSG00000040564	0.4998	-0.1072	0.2421	-0.3104	0.1920	-0.5820
ENSMUSG00000040569	0.7481	-0.5023	0.3759	0.2444	0.0706	0.3137
ENSMUSG00000040583	-0.2330	0.4462	-0.0210	0.3660	0.3778	-0.1159
ENSMUSG00000040584	1.1870	0.6350	1.5039	1.9263	2.1423	2.7067
ENSMUSG00000040592	0.2847	0.4779	-0.7569	-0.3109	0.0733	0.5777
ENSMUSG00000040594	-0.2544	-0.9800	0.6574	0.1331	0.1184	-0.0893
ENSMUSG00000040605	0.6758	0.6859	0.6865	1.1969	1.2565	1.9911
ENSMUSG00000040606	1.0433	0.5668	1.7186	2.0386	2.0332	1.8827
ENSMUSG00000040610	0.2706	0.4132	-0.1892	0.0504	0.0129	-0.2315
ENSMUSG00000040618	0.4528	-0.2352	-0.4178	-0.1671	0.3173	-0.2657
ENSMUSG00000040620	-0.1888	0.0050	-0.2703	0.5649	0.3580	-0.2194
ENSMUSG00000040627	0.9680	0.8774	0.5311	1.0507	1.6074	1.2286
ENSMUSG00000040648	-0.1177	-0.3164	0.0040	-0.1518	-0.3292	0.5359
ENSMUSG00000040649	-0.6297	1.2762	-0.1552	0.2147	-0.2444	-0.3391
ENSMUSG00000040650	-0.1861	-0.2941	0.2014	0.0196	0.6174	-0.1289
ENSMUSG00000040660	0.1408	-0.0416	0.3254	0.0855	-0.0018	-0.0358
ENSMUSG00000040663	-0.4431	-0.1340	-0.3507	0.4759	-0.1376	0.0818
ENSMUSG00000040667	-0.4904	0.0807	-0.2582	0.3297	0.7967	0.5863
ENSMUSG00000040669	-0.7361	0.7035	0.2253	0.5176	0.4741	-0.1635
ENSMUSG00000040675	0.2427	-0.3254	0.1608	-0.0787	0.1576	-0.0088
ENSMUSG00000040688	-0.3760	-0.7214	-1.0983	-1.3703	-1.4250	-0.8438
ENSMUSG00000040690	0.1449	-0.0352	-0.0683	-0.0178	0.3842	-0.2636
ENSMUSG00000040701	0.4192	0.8332	0.8542	0.8950	0.6419	1.1916
ENSMUSG00000040703	0.3356	-0.0622	-0.2028	-0.5552	0.4158	-0.2309
ENSMUSG00000040706	0.0920	-0.1912	0.3391	0.2790	-0.6435	-0.0936
ENSMUSG00000040714	0.6092	-0.4810	-0.5145	-0.3099	-0.8635	-0.7836
ENSMUSG00000040724	-0.3913	-0.1422	0.3828	-0.4416	0.1110	0.2640
ENSMUSG00000040725	0.0617	-0.2408	-0.2406	-0.0513	0.1949	0.2032
ENSMUSG00000040726	0.2196	0.5938	0.0796	-0.9475	-0.1502	0.1831
ENSMUSG00000040732	-0.1219	0.1323	0.1259	0.2307	-0.0605	0.2070
ENSMUSG00000040734	-0.4443	-0.2597	-0.1633	-0.0904	-0.0781	0.1051
ENSMUSG00000040749	-0.2971	0.0501	-0.0637	-0.4047	0.4850	-0.4728
ENSMUSG00000040751	0.5193	0.5203	0.1836	-0.5180	-0.5079	0.3266
ENSMUSG00000040752	-0.1309	-0.1841	0.2688	0.4694	0.4332	0.0918
ENSMUSG00000040760	-0.1032	-0.1346	0.0473	0.6848	0.4882	0.3326
ENSMUSG00000040761	-0.1093	-0.9138	-0.6022	-1.7021	-1.2601	-1.2671
ENSMUSG00000040770	-0.0082	-0.5756	0.2140	0.1734	-0.4369	0.1120
ENSMUSG00000040774	0.6387	0.1674	0.0395	0.0557	-0.2910	-0.4577
ENSMUSG00000040782	0.5174	-0.6822	0.0231	-0.0297	-0.6181	-0.3472
ENSMUSG00000040797	-0.3037	0.3626	-0.2548	0.4413	-0.0300	0.4546
ENSMUSG00000040808	-0.0416	-0.2190	-0.1521	-0.3011	0.3597	0.2387
ENSMUSG00000040820	-0.6368	-0.0570	0.4237	0.0607	0.3911	-0.1106
ENSMUSG00000040824	-0.2845	0.4043	-0.3564	-0.3081	-0.4750	0.1783
ENSMUSG00000040836	-0.3000	-0.0269	0.2782	-0.4351	-0.0651	0.1407
ENSMUSG00000040850	0.2716	1.1636	0.7649	1.4268	1.6047	1.3484
ENSMUSG00000040865	-0.7591	-1.2203	-1.0044	-1.2313	-0.5319	-1.2588
ENSMUSG00000040891	-0.3786	0.2512	0.2537	0.0645	-1.0319	0.2801
ENSMUSG00000040896	-0.7669	-0.4089	-2.0200	-0.9223	-1.3354	-0.8958
ENSMUSG00000040899	-0.3575	0.3478	-0.2889	-0.6003	0.0686	-0.2620
ENSMUSG00000040907	-0.0683	-0.0629	0.4688	0.1842	-0.0667	0.0096
ENSMUSG00000040918	-0.3994	0.6760	0.1419	0.1365	-0.0866	0.2116
ENSMUSG00000040935	-1.3504	-2.1465	-1.6478	-2.1420	-2.4945	-2.4145
ENSMUSG00000040940	-0.0034	-0.0723	-0.4448	0.2647	0.2479	-0.4398
ENSMUSG00000040952	-0.9959	-0.4975	-1.3838	-1.2423	-1.2765	-1.4229
ENSMUSG00000040957	0.1327	0.1527	-0.0040	-0.5045	-0.2623	-0.0341
ENSMUSG00000040963	0.1847	0.0580	-0.1120	-0.1793	-0.1244	-0.3533
ENSMUSG00000040966	0.0600	-0.2425	0.0830	0.1935	0.0261	-0.5758
ENSMUSG00000040990	-0.3923	-0.0770	0.1789	-0.0410	-0.3917	0.4791
ENSMUSG00000040998	-0.3969	-0.1721	-0.7420	-0.2228	-0.5041	-0.5860
ENSMUSG00000041014	-0.1746	-0.0475	0.5312	-0.1128	-0.2189	0.0535
ENSMUSG00000041046	-0.3302	0.1051	0.1672	-0.3469	-0.6092	0.6379
ENSMUSG00000041057	-0.5449	0.5665	0.4076	-0.3058	0.0415	-0.1859
ENSMUSG00000041058	-0.4001	-1.1030	-0.6990	-0.4899	-1.6668	-0.4851
ENSMUSG00000041075	0.3442	-0.2741	0.2778	-0.0772	-0.4218	0.0190
ENSMUSG00000041078	-0.7467	-0.5618	0.2114	0.1667	0.2795	0.2113
ENSMUSG00000041084	-0.1948	0.2620	0.1137	-0.0811	-0.3208	0.0183
ENSMUSG00000041112	-0.5056	0.3062	0.4498	0.3188	-0.3151	0.1228
ENSMUSG00000041115	-0.0180	-0.1411	-0.0039	-0.3388	-0.1273	0.0683
ENSMUSG00000041119	-0.2808	0.0895	0.1507	-0.0477	-0.2881	0.2508
ENSMUSG00000041120	0.6857	0.4413	0.3167	1.1825	1.2216	1.0108
ENSMUSG00000041126	-0.3779	-1.0392	0.4006	-0.0434	-0.0496	-0.3792
ENSMUSG00000041133	-0.0603	-0.5146	-0.2351	-0.1783	-0.7720	0.0261
ENSMUSG00000041135	-0.0793	-0.0298	0.0067	0.3174	0.9952	-0.3501
ENSMUSG00000041144	-0.0803	0.3567	-0.2923	0.5876	-0.6646	-0.1217
ENSMUSG00000041147	-0.2580	-0.3457	-0.3089	0.2999	-0.4865	-0.3817
ENSMUSG00000041187	-0.9672	-0.2058	-0.3985	0.2703	0.3209	0.1052
ENSMUSG00000041189	-0.4820	0.6011	-0.0327	-0.0555	0.0768	-0.0910
ENSMUSG00000041193	-0.3527	0.4318	-0.1040	0.1670	-0.5086	0.1789
ENSMUSG00000041202	0.5323	0.4842	-0.1714	-0.0934	0.0177	-0.2551
ENSMUSG00000041220	-0.1787	0.1663	0.2366	0.8063	-0.2777	0.3896
ENSMUSG00000041236	0.2178	0.1250	-0.0820	0.1697	0.6669	0.5331
ENSMUSG00000041237	0.0080	0.0175	0.2892	0.1429	0.0922	0.2767
ENSMUSG00000041238	0.4446	0.0679	0.1584	-0.0276	0.2783	0.1552
ENSMUSG00000041241	0.1944	0.9483	-0.1744	0.4543	0.0608	-0.4235
ENSMUSG00000041245	-0.4624	-0.3404	-0.1533	0.5000	-0.3840	0.1284
ENSMUSG00000041247	-0.2621	0.1768	0.1828	-0.6949	0.0039	0.9138
ENSMUSG00000041248	-0.3324	0.3737	0.3964	-0.0514	-0.3429	0.3750
ENSMUSG00000041261	0.4520	0.0065	0.0788	0.4794	0.2611	0.0901
ENSMUSG00000041268	-0.2465	-0.5363	-0.5753	-0.5865	0.2292	0.4184
ENSMUSG00000041301	-0.5464	0.3281	-0.2595	0.2856	0.3337	-0.4863
ENSMUSG00000041308	0.1801	-0.3187	0.3453	0.1510	0.0220	-0.1895
ENSMUSG00000041313	-0.8499	0.1262	0.0572	0.0922	-0.2030	-0.1083
ENSMUSG00000041319	0.2011	-0.0498	-0.2428	0.1557	0.2993	0.1077
ENSMUSG00000041323	-0.2417	0.2345	0.5987	-0.0001	0.3443	-1.0960
ENSMUSG00000041324	-0.3406	0.0453	-0.0632	-0.1616	0.0946	0.3564
ENSMUSG00000041328	-0.1012	-0.0379	0.2010	-0.3043	0.4059	-0.3447
ENSMUSG00000041329	-0.2276	-0.4656	0.0633	0.0618	0.1994	0.5024
ENSMUSG00000041341	0.5690	-0.0962	-0.6097	0.7203	0.0808	-0.4486
ENSMUSG00000041347	0.1177	0.3616	0.4285	-0.0347	-0.0879	0.2398
ENSMUSG00000041351	-0.6128	0.3553	0.6424	-0.0291	-0.5675	0.0692
ENSMUSG00000041354	-0.3609	0.0213	-0.1463	0.5164	0.1419	0.4025
ENSMUSG00000041355	0.2987	-0.4543	-0.1371	0.6185	0.3659	-0.3173
ENSMUSG00000041359	0.1523	0.5691	0.1734	0.8794	-0.1291	0.3693
ENSMUSG00000041372	0.3256	0.3469	0.1938	0.1666	0.2158	-0.5091
ENSMUSG00000041378	1.3210	0.8806	2.5957	2.7383	1.8733	2.0303
ENSMUSG00000041380	0.1698	0.0252	-0.1849	-0.0045	-0.0487	0.2551
ENSMUSG00000041390	0.2338	0.3314	-0.2469	-0.4682	-0.1700	0.2826
ENSMUSG00000041408	-0.0556	0.3810	-0.5237	-0.2065	0.1200	-0.0285
ENSMUSG00000041415	-0.4983	-0.5214	-0.8240	-0.3296	-1.2056	-1.3815
ENSMUSG00000041417	0.7971	0.4731	-0.1920	-0.1979	0.0036	-0.3341
ENSMUSG00000041423	-0.1351	0.4964	0.2344	0.0420	-0.2944	-0.2220
ENSMUSG00000041426	-0.0559	0.0124	0.3009	-0.6762	-0.3953	0.4248
ENSMUSG00000041429	0.5054	0.2004	0.8762	0.4451	1.2929	1.6798
ENSMUSG00000041431	-0.1072	-0.0100	-0.0122	-0.5589	-0.1706	-0.7025
ENSMUSG00000041438	-0.0105	-0.1674	0.4314	0.1490	0.0712	0.1208
ENSMUSG00000041453	0.6601	0.7057	-0.3366	0.1163	-0.8347	-0.7936
ENSMUSG00000041459	0.5466	0.1722	0.3684	-0.4640	-0.2279	0.1249
ENSMUSG00000041460	0.3761	-0.1796	-0.3706	-0.2181	-0.0459	0.5989
ENSMUSG00000041477	0.4291	0.1830	0.5907	-0.0231	0.3936	0.1928
ENSMUSG00000041488	-0.3829	-0.2280	-0.1020	0.0396	-0.0767	0.0152
ENSMUSG00000041498	0.0195	0.5538	-0.1259	-0.0518	0.0486	0.0244
ENSMUSG00000041515	0.2153	-0.0058	0.4593	0.1199	0.1552	-0.1610
ENSMUSG00000041538	-0.3975	0.8879	0.0198	0.0958	-0.0166	0.0851
ENSMUSG00000041550	0.4936	0.3422	0.4761	-0.3709	-0.0242	-0.0760
ENSMUSG00000041556	-0.1432	-0.5445	-0.3967	0.0038	0.2134	0.2743
ENSMUSG00000041559	0.2340	-0.0182	-0.0578	-0.5931	-0.1472	-0.6434
ENSMUSG00000041565	0.4889	-0.5751	0.4097	0.5946	0.0056	-0.0684
ENSMUSG00000041607	0.1172	0.2321	-0.2388	0.2629	-0.6021	-0.2009
ENSMUSG00000041608	-0.2861	-0.5519	-0.3290	0.3107	-0.4933	0.2402
ENSMUSG00000041609	-0.4309	-0.1039	-0.4477	-0.2148	-0.6019	-0.2829
ENSMUSG00000041616	-0.5750	-0.2504	0.0798	-0.2268	-0.0844	-0.1635
ENSMUSG00000041620	-0.1306	0.3940	-0.8335	0.7157	-0.4206	-0.8593
ENSMUSG00000041624	-0.0157	-0.4537	-0.3216	-0.4971	0.0835	-0.1834
ENSMUSG00000041632	0.2947	-0.2342	0.3173	-0.3491	0.0561	0.3536
ENSMUSG00000041642	0.1110	-1.2971	-0.6488	-0.5405	-1.2487	-0.4989
ENSMUSG00000041650	1.3931	0.9334	1.1742	0.8471	0.9494	1.1614
ENSMUSG00000041653	0.5311	-0.1213	-0.5361	-0.0374	-0.4776	0.0123
ENSMUSG00000041654	-0.6338	0.3333	0.1232	0.7442	0.2529	0.1943
ENSMUSG00000041658	-0.1906	-0.2310	-0.1432	0.5336	-0.4947	-0.3339
ENSMUSG00000041660	0.1882	0.0121	0.0406	-0.0419	0.3675	0.1382
ENSMUSG00000041670	-0.7974	-1.3994	-0.7612	-0.7767	-0.8977	-1.2245
ENSMUSG00000041681	0.5948	0.0461	0.0611	-0.3856	-0.3431	0.3221
ENSMUSG00000041688	-0.4456	-0.5659	-0.1074	0.2966	0.0703	-0.3143
ENSMUSG00000041695	0.2963	0.3434	-0.0196	-0.0362	-0.1274	-0.5416
ENSMUSG00000041697	-0.2850	0.3925	-0.1270	-0.5154	0.0383	0.1645
ENSMUSG00000041698	0.0856	-0.6858	-0.7857	-0.2469	-0.3992	-0.2395
ENSMUSG00000041710	-0.0398	-0.2217	0.0694	0.5926	-0.2551	0.9758
ENSMUSG00000041718	0.0528	-0.0825	-0.1681	0.4644	-0.1263	0.2320
ENSMUSG00000041720	-0.0976	0.2811	-0.1649	-0.9485	0.2896	-0.3234
ENSMUSG00000041733	-0.2767	0.0771	-0.2042	-0.5472	0.1023	0.1015
ENSMUSG00000041734	0.0861	0.0140	0.0483	-0.1240	0.1050	-0.3213
ENSMUSG00000041736	0.3988	0.1592	-0.1030	0.2606	0.2119	-0.5115
ENSMUSG00000041741	-0.6613	0.5295	0.1460	0.3378	-0.1969	-0.1534
ENSMUSG00000041747	-0.0645	-0.8566	-1.1295	-0.7733	-1.0600	-1.1638
ENSMUSG00000041750	-0.3460	-0.1102	0.3684	0.1809	0.6555	0.1132
ENSMUSG00000041769	1.3710	1.4339	2.3002	1.8195	2.2451	2.9334
ENSMUSG00000041771	0.3460	0.4459	-0.4936	0.0604	-0.1149	-0.4998
ENSMUSG00000041777	0.3762	-0.7531	-0.2392	0.1568	-0.2843	0.7328
ENSMUSG00000041781	-0.3250	-0.2830	-0.0775	-0.5410	0.3248	0.1763
ENSMUSG00000041791	-0.2002	0.0018	-0.1827	0.1183	0.2644	-0.2022
ENSMUSG00000041797	0.1449	-0.0320	0.4261	-0.0262	0.3379	0.1368
ENSMUSG00000041798	-0.2062	-0.1750	0.1673	0.1281	-0.0293	0.3224
ENSMUSG00000041827	-0.7884	0.0425	-0.3598	-0.2001	-0.0454	-0.2256
ENSMUSG00000041828	-1.3093	-1.3137	-2.0409	-1.8391	-2.3803	-2.2152
ENSMUSG00000041841	0.6074	0.1147	-0.3099	0.0124	0.2420	-0.3917
ENSMUSG00000041845	-0.2197	-0.0294	0.1256	0.1861	0.5678	-0.1354
ENSMUSG00000041846	-0.3358	-0.3780	-0.2295	-0.5031	0.5805	0.3023
ENSMUSG00000041849	0.0417	-0.6212	-0.1456	0.0633	0.0784	0.1766
ENSMUSG00000041859	-0.9258	-0.0575	0.5662	-0.0854	0.0909	0.1802
ENSMUSG00000041872	0.1797	0.5034	0.4237	-0.1250	-0.2900	0.5051
ENSMUSG00000041879	0.0819	-0.0837	-0.1555	0.3029	-0.5061	0.8287
ENSMUSG00000041881	0.6964	-0.5295	-0.6061	-0.0793	0.3033	-0.1489
ENSMUSG00000041890	0.1187	-0.2079	-0.2325	0.1406	0.3552	-0.1888
ENSMUSG00000041891	0.3465	0.7119	1.3416	0.2883	1.2268	1.1502
ENSMUSG00000041895	-0.5016	-0.1790	0.2248	0.2712	0.4817	0.2639
ENSMUSG00000041936	-0.0428	0.2394	0.2891	-0.2651	0.5860	-0.6719
ENSMUSG00000041939	1.3292	0.7409	1.2160	0.6248	1.5726	1.1612
ENSMUSG00000041954	-0.4136	-0.0912	0.1284	-0.1214	-0.3550	0.3056
ENSMUSG00000041957	0.9320	-0.0040	-0.0594	-0.1050	0.7072	0.3372
ENSMUSG00000041958	-0.1004	0.0488	-0.2024	-0.2246	0.1091	-0.1098
ENSMUSG00000041959	-1.4977	-1.6286	-1.9741	-2.3258	-2.1539	-2.4129
ENSMUSG00000041961	0.0884	0.2109	0.5577	0.1832	-0.2053	0.2797
ENSMUSG00000041977	0.1293	-0.2993	-0.5732	-0.1245	-0.1427	0.1068
ENSMUSG00000041991	0.6703	1.2075	1.7609	1.6576	2.1035	3.1313
ENSMUSG00000041992	0.3234	-0.4596	0.2804	0.2393	-0.1863	0.1217
ENSMUSG00000042010	-0.2334	-0.1203	-0.3537	0.3667	-0.4230	0.0972
ENSMUSG00000042015	-0.0988	0.2551	-0.0202	-0.1652	-0.3011	0.7207
ENSMUSG00000042031	-0.3280	-0.3316	0.1861	0.1144	0.3099	0.0249
ENSMUSG00000042032	-0.3613	0.5493	0.0520	0.0050	-0.3298	-0.0046
ENSMUSG00000042042	0.1452	0.4138	0.0639	0.0443	-0.0845	0.0993
ENSMUSG00000042045	0.2969	-0.2001	0.0235	0.2325	-0.0835	-0.3892
ENSMUSG00000042064	0.6527	-0.0135	0.4112	0.3850	0.5870	-0.2726
ENSMUSG00000042082	0.1780	0.4315	0.1492	0.1801	-0.0993	0.3148
ENSMUSG00000042092	1.4890	2.1406	1.2242	1.6886	2.4748	2.6575
ENSMUSG00000042096	-0.5338	-0.0968	0.7080	-0.5132	-0.2615	0.7687
ENSMUSG00000042102	0.5792	-0.2365	0.6442	-0.9220	-0.2914	0.1007
ENSMUSG00000042104	0.0245	-0.5252	0.4023	-0.3295	-0.5384	0.2117
ENSMUSG00000042105	0.0125	-0.2990	-0.2929	-0.4915	-0.6105	0.1177
ENSMUSG00000042118	-0.0897	-0.3488	-0.0992	0.2492	-0.2307	-0.4619
ENSMUSG00000042121	-0.6550	-0.7338	0.2619	0.0937	-0.2454	-0.0729
ENSMUSG00000042124	1.0286	1.5607	1.6578	1.7594	2.2336	1.9651
ENSMUSG00000042129	-0.0835	0.2664	-0.4933	-0.4865	0.3632	-0.1783
ENSMUSG00000042148	-0.1624	-0.2777	-0.4942	-0.2566	-0.0938	-0.0855
ENSMUSG00000042157	-1.2601	-1.0747	-2.2365	-2.0075	-1.6935	-1.9994
ENSMUSG00000042178	0.3298	-0.1107	0.0090	0.1808	-0.2827	-0.0628
ENSMUSG00000042179	-0.0005	-0.3679	-0.3236	0.3855	-0.1780	0.2201
ENSMUSG00000042185	-0.2169	0.1923	-0.7549	-0.1185	-0.4499	-0.3150
ENSMUSG00000042212	0.2071	-0.0317	0.3675	-0.3534	0.0249	0.0827
ENSMUSG00000042215	-0.0299	-0.0516	-0.4146	-0.6252	-0.3282	-0.0538
ENSMUSG00000042219	0.4240	-0.0588	-0.5978	0.3165	-0.5274	0.2180
ENSMUSG00000042228	0.9745	0.2966	0.3133	-0.2086	-0.0409	0.4622
ENSMUSG00000042248	-0.1425	0.0053	0.6397	-0.1500	0.1494	-0.0550
ENSMUSG00000042249	-0.1669	-0.4206	0.2688	-0.7979	-0.3737	0.0267
ENSMUSG00000042258	-1.2570	0.0037	0.4066	0.2000	-0.2491	0.2310
ENSMUSG00000042262	0.2410	-0.0946	-0.1083	-0.3342	0.2446	-0.2499
ENSMUSG00000042268	0.3534	0.5586	0.3644	0.0956	0.6822	-0.0138
ENSMUSG00000042271	0.5062	0.1221	0.2748	0.8079	-0.3531	0.0211
ENSMUSG00000042275	-0.1543	-0.1011	-0.3986	0.3849	0.0186	-0.0625
ENSMUSG00000042282	-0.2000	-0.1612	-0.4018	0.4614	-0.1627	0.0540
ENSMUSG00000042284	-0.0429	0.2866	0.3727	-0.0802	0.1754	-0.3453
ENSMUSG00000042286	-0.1095	-0.2130	-0.0038	-0.2325	-0.2299	-0.5042
ENSMUSG00000042289	1.4101	1.7685	2.1276	2.1858	2.6049	3.0900
ENSMUSG00000042306	-0.0022	0.3504	-0.1034	-0.1766	-0.3545	-0.6146
ENSMUSG00000042308	-0.1120	-0.3627	-0.2533	-0.8858	0.4213	-0.3837
ENSMUSG00000042312	1.9111	1.0584	1.3070	2.1761	2.2562	2.6038
ENSMUSG00000042323	0.1367	-1.0490	0.6499	0.2974	-0.4055	0.0137
ENSMUSG00000042333	-0.3274	-0.6604	-0.5449	-0.5681	-0.4474	0.5151
ENSMUSG00000042340	0.3221	-0.0868	-0.1104	0.2072	0.1760	0.1062
ENSMUSG00000042349	0.0915	0.4688	0.1946	-0.0951	0.2942	-0.3534
ENSMUSG00000042351	0.3233	-0.4780	-0.1362	0.1131	0.0343	0.0310
ENSMUSG00000042354	-0.2088	-0.4259	-0.4907	0.0465	0.2621	-0.1304
ENSMUSG00000042364	-0.2890	-0.2338	0.2104	-0.8016	-0.2783	0.1898
ENSMUSG00000042390	-0.1121	0.3623	0.1887	0.4173	-0.1858	-0.2156
ENSMUSG00000042406	0.0539	-0.0859	-0.0597	-0.0263	0.1413	0.2734
ENSMUSG00000042410	-0.1912	0.0073	-0.0337	0.2636	-0.0113	-0.0527
ENSMUSG00000042423	-0.1031	-0.4086	0.1858	0.2589	0.1749	-0.3250
ENSMUSG00000042428	-0.8339	-0.2113	0.7462	0.2733	-0.4988	0.0046
ENSMUSG00000042429	0.0886	0.3579	0.3508	0.2934	-0.3199	0.2508
ENSMUSG00000042447	-0.9037	-1.0842	-1.3488	-1.2205	-1.5698	-0.9739
ENSMUSG00000042448	-0.1763	0.1864	-0.1093	0.4097	-0.0490	-0.0644
ENSMUSG00000042451	-0.0907	-0.0512	-0.3114	-0.2494	-0.2931	0.4804
ENSMUSG00000042453	-0.2652	0.0248	-0.1369	0.1867	0.0561	0.0349
ENSMUSG00000042460	-0.2740	0.5357	0.3614	-0.3147	0.1544	0.1323
ENSMUSG00000042462	0.2079	0.2174	0.0823	0.1334	-0.3320	0.1036
ENSMUSG00000042476	1.4080	1.0502	0.9491	2.0643	2.2540	2.3423
ENSMUSG00000042523	-0.0388	0.3128	0.1478	0.1594	0.2320	0.3392
ENSMUSG00000042524	-0.0029	-0.1781	-0.2408	-0.0757	-0.1369	0.1341
ENSMUSG00000042529	-0.0825	0.1038	0.5475	0.2159	0.0819	-0.0097
ENSMUSG00000042540	-0.6377	-0.1788	-0.4783	-0.4061	-1.0723	-0.2003
ENSMUSG00000042541	-0.5071	-0.2400	-0.4606	0.7046	0.2079	0.0268
ENSMUSG00000042548	0.2680	0.3816	0.3970	0.6224	0.1507	0.0564
ENSMUSG00000042554	0.2375	0.1947	-0.2967	-0.4731	-0.4201	-0.2828
ENSMUSG00000042557	-0.5614	-0.9416	-0.6482	-0.8413	-1.1468	-1.1532
ENSMUSG00000042558	0.0558	-0.1198	-0.1447	0.3190	0.1428	-0.4963
ENSMUSG00000042572	0.1854	-0.0866	0.8517	-0.1191	-0.2138	0.0611
ENSMUSG00000042590	0.5833	-0.1843	0.4250	0.0395	0.3628	-0.3839
ENSMUSG00000042594	-0.5976	-0.8766	-0.9940	-0.7338	-0.4859	-0.5808
ENSMUSG00000042604	-0.9397	-0.7179	-0.8387	-1.6059	-1.3034	-1.1282
ENSMUSG00000042605	0.5526	-0.2790	-0.3159	-0.6718	-0.1189	0.5728
ENSMUSG00000042626	-0.6250	-0.1845	-0.1961	-0.3977	0.0073	0.1892
ENSMUSG00000042628	0.4745	-0.5166	0.1611	0.1614	0.2680	0.1236
ENSMUSG00000042631	-0.5693	-0.0640	0.2536	0.5110	-0.2019	-0.0306
ENSMUSG00000042632	-0.3506	0.1645	-0.0739	-0.4262	-0.1038	-0.3500
ENSMUSG00000042638	-0.4698	-0.3039	0.0614	-0.6163	0.4852	-0.5092
ENSMUSG00000042642	-0.4118	-0.2848	-0.5112	0.1525	0.3648	0.3284
ENSMUSG00000042644	0.0744	0.7905	-0.0564	0.6270	0.2416	0.0212
ENSMUSG00000042670	-0.4300	0.0932	0.3041	-0.0539	0.6486	-0.6018
ENSMUSG00000042678	0.0635	-0.2675	-0.6852	0.4242	-0.1649	0.1359
ENSMUSG00000042684	1.4914	2.0210	1.9832	2.5263	2.6442	2.5123
ENSMUSG00000042688	0.3439	-0.0644	0.3683	1.1816	1.0631	0.8617
ENSMUSG00000042700	0.0161	-0.1350	-0.2648	0.2129	-0.3928	0.0464
ENSMUSG00000042707	-0.2170	-0.3365	0.0427	-0.0196	-0.4545	-0.2423
ENSMUSG00000042717	-0.4975	0.0968	-0.2177	-0.0998	0.0947	0.3229
ENSMUSG00000042724	-0.6318	0.1815	0.7086	0.5255	-0.5398	-0.4416
ENSMUSG00000042737	-0.5170	0.2025	0.4974	0.2223	0.0138	-0.2475
ENSMUSG00000042745	0.2265	0.0422	-0.4664	0.5426	-0.4643	-0.2003
ENSMUSG00000042747	-0.6270	-0.4463	-0.1504	0.3138	0.3449	0.1212
ENSMUSG00000042751	-0.0109	0.5658	0.1649	-0.4802	0.1116	0.2086
ENSMUSG00000042761	-0.2413	-0.1719	0.5661	-0.0422	0.1962	0.1670
ENSMUSG00000042772	-0.0646	0.2869	-0.1747	-0.2283	-0.4776	0.2137
ENSMUSG00000042774	-0.1161	0.1072	0.1415	0.1008	0.1537	0.0544
ENSMUSG00000042793	-0.7585	-0.4706	-0.1786	-0.2799	0.5543	-0.2611
ENSMUSG00000042796	1.2361	-0.3926	-0.1244	0.1692	-0.4534	0.2172
ENSMUSG00000042801	-0.7118	0.1778	0.3920	-0.0592	-0.4405	-0.4955
ENSMUSG00000042808	0.1000	-0.0137	-0.0387	0.2845	0.6110	-0.0043
ENSMUSG00000042817	-0.1015	-0.1282	0.1252	0.3408	-0.1586	-0.0744
ENSMUSG00000042821	-0.8926	-0.6356	-0.4043	-0.6507	-1.8525	-1.0742
ENSMUSG00000042842	0.0359	0.1511	0.8016	-0.3858	0.0882	-0.1309
ENSMUSG00000042849	-0.1547	-0.3680	0.3456	0.3884	-0.2175	-0.0675
ENSMUSG00000042863	-0.2832	0.1097	-0.0403	0.3959	0.2757	-0.1999
ENSMUSG00000042869	0.4096	-0.2280	-0.4826	-0.1420	1.0840	0.6637
ENSMUSG00000042894	-0.3774	-0.1858	0.4163	-0.5315	0.4330	-1.0051
ENSMUSG00000042903	-0.1539	0.0146	-0.0960	-0.0970	0.2415	0.1948
ENSMUSG00000042909	-0.4192	0.3058	-0.0068	-0.1479	-0.2482	-0.3737
ENSMUSG00000042988	-0.0658	0.2658	-0.1039	-0.4581	0.4181	-0.5340
ENSMUSG00000042993	-0.0365	0.5692	-0.4283	0.6848	0.8365	-0.0447
ENSMUSG00000043004	0.0410	-0.1141	0.3182	0.4449	-0.0987	0.2172
ENSMUSG00000043013	-0.1814	0.0144	-0.4282	-0.4344	-0.1769	0.0583
ENSMUSG00000043017	0.2603	0.6165	-0.3796	0.0593	-0.5030	-0.2800
ENSMUSG00000043019	-0.1101	0.2940	-0.7309	-0.3072	0.4777	-0.3393
ENSMUSG00000043020	0.1437	0.0030	-0.0773	0.5202	-0.1200	0.3557
ENSMUSG00000043029	0.2584	0.2567	-0.3038	-0.1904	-0.1277	-0.0714
ENSMUSG00000043079	-0.5772	-0.2595	-0.2602	0.0219	0.1900	-0.2865
ENSMUSG00000043087	-0.3944	0.4955	-0.2218	0.3768	-0.1043	0.4773
ENSMUSG00000043088	-0.6779	0.4687	-0.0249	-0.1054	-0.1682	-0.4272
ENSMUSG00000043089	0.0984	0.4684	0.2279	-0.3757	-0.1043	-0.2927
ENSMUSG00000043091	0.2126	0.1863	-0.1199	0.1327	0.3377	-0.4894
ENSMUSG00000043102	0.4516	-0.6917	0.1562	-0.0089	0.1957	-0.4369
ENSMUSG00000043119	-0.2172	-0.0715	0.1541	0.7417	0.2870	-0.2136
ENSMUSG00000043131	-0.3180	0.0612	0.2277	-0.2088	0.6404	-0.0616
ENSMUSG00000043153	-0.3020	-0.1918	-0.4196	-0.3112	0.2106	0.5131
ENSMUSG00000043154	1.3071	1.1403	1.9095	1.5333	2.6904	2.4019
ENSMUSG00000043165	1.2442	1.4124	1.4958	1.8724	3.0783	3.1162
ENSMUSG00000043207	0.3045	-0.0271	-0.3097	-0.1053	0.6150	0.4660
ENSMUSG00000043226	0.3339	-0.1514	-0.1719	0.0082	0.0454	0.1898
ENSMUSG00000043241	-0.0601	0.1891	-0.6025	-0.5982	0.5305	0.1615
ENSMUSG00000043252	0.4213	0.0127	0.2384	0.3758	-0.1230	0.1945
ENSMUSG00000043257	0.1184	0.3350	0.1026	-0.2332	0.3747	0.3604
ENSMUSG00000043267	0.0251	-0.0734	-0.0216	-0.8749	0.0227	-0.1019
ENSMUSG00000043274	0.2801	-0.2754	0.4450	0.4132	-0.6405	0.7619
ENSMUSG00000043286	1.3322	2.1281	1.7428	2.4115	2.7857	2.6267
ENSMUSG00000043300	-0.2069	0.1145	0.8905	-0.0100	-0.1801	-0.2270
ENSMUSG00000043301	-0.1084	-0.5118	-0.4790	0.5935	-0.4094	0.1010
ENSMUSG00000043310	0.4134	-0.1595	0.2736	0.3166	-0.6108	0.0276
ENSMUSG00000043312	-0.0035	-0.2566	-0.5844	0.8367	-0.0385	-0.5919
ENSMUSG00000043314	0.3055	-0.1473	0.1919	-0.2460	0.0667	-0.5276
ENSMUSG00000043319	0.0990	-0.6009	0.1974	0.7413	-0.5823	0.0498
ENSMUSG00000043323	-0.3881	-0.6306	0.4171	0.1169	-0.4997	0.0326
ENSMUSG00000043331	-0.3843	-0.2186	0.1538	0.0871	0.6670	-0.0009
ENSMUSG00000043354	-0.3194	0.1645	-0.4045	-0.1312	0.4558	-0.2787
ENSMUSG00000043357	-0.4382	0.2043	0.0544	0.0706	-0.1568	0.0121
ENSMUSG00000043366	-0.0803	-0.3738	-0.0819	0.3420	-0.2862	0.6296
ENSMUSG00000043383	0.1112	0.3919	-0.2429	-0.0809	-0.3162	-0.6987
ENSMUSG00000043385	0.3446	0.0614	0.4035	-0.4907	-0.1208	0.3597
ENSMUSG00000043430	0.0043	0.5296	0.1716	0.2205	0.1874	-0.0385
ENSMUSG00000043439	0.0661	0.0306	0.0513	0.0183	0.1448	-0.2554
ENSMUSG00000043445	0.4907	0.4049	0.9746	1.3610	1.7016	1.7227
ENSMUSG00000043461	-0.1513	0.1067	0.1021	0.8515	0.2235	0.2043
ENSMUSG00000043463	-0.1982	0.2824	-0.0885	0.8340	-0.1411	0.1542
ENSMUSG00000043472	0.2845	0.4994	-0.0128	0.0803	0.1834	-0.8302
ENSMUSG00000043485	1.2079	1.9723	1.1957	1.4227	2.3023	2.3345
ENSMUSG00000043529	-0.2571	0.0549	0.0063	0.0368	0.1369	0.7033
ENSMUSG00000043535	-0.8221	-0.0671	-0.6042	-0.0696	-0.3244	0.1645
ENSMUSG00000043569	-0.7735	-1.1904	-1.6068	-1.8220	-2.0934	-2.6817
ENSMUSG00000043572	-0.1204	-0.3652	-0.0449	-0.2289	-0.0079	-0.1588
ENSMUSG00000043605	-0.2897	0.1045	-0.5199	-0.8228	-0.1005	0.3370
ENSMUSG00000043613	0.7178	0.0947	-0.1746	-0.0546	-0.1664	-0.6196
ENSMUSG00000043614	0.0735	-0.1003	0.1279	0.1872	0.5703	-0.0106
ENSMUSG00000043659	0.2542	-0.5037	-0.5158	0.3117	0.1062	-0.3639
ENSMUSG00000043692	0.1340	0.1787	0.5140	0.5829	0.3262	-0.5604
ENSMUSG00000043698	-0.2689	-0.2360	0.1984	0.0241	-0.1980	0.3192
ENSMUSG00000043716	-0.0283	0.1141	0.0237	-0.0797	-0.5049	-0.3098
ENSMUSG00000043719	-0.7161	0.2159	-0.3925	-0.3995	-0.1207	0.7146
ENSMUSG00000043733	0.1400	-0.6078	0.0121	0.1204	-0.4874	-0.4575
ENSMUSG00000043782	-0.3469	-0.4127	0.0727	0.3671	0.3405	-0.6480
ENSMUSG00000043855	0.2740	0.6189	-0.0163	0.2957	0.4817	0.2546
ENSMUSG00000043857	0.4120	-0.2860	0.2189	-0.0795	-0.2799	0.4219
ENSMUSG00000043865	-0.0282	-0.3233	-0.2159	-0.5155	-0.1763	0.4823
ENSMUSG00000043866	-0.0451	0.1424	-0.0184	-0.0305	0.4482	0.4882
ENSMUSG00000043880	-0.1602	-0.0521	-0.0881	0.1435	-0.4623	0.0752
ENSMUSG00000043885	-0.3548	-0.8948	-1.4511	-0.8457	-1.0474	-0.8423
ENSMUSG00000043892	0.4412	0.3377	0.0856	0.4002	0.1333	-0.4899
ENSMUSG00000043895	-0.3057	-0.5825	-0.4929	-0.8242	-0.6714	-0.9925
ENSMUSG00000043909	-0.0584	0.2772	0.5222	0.6979	-0.1498	0.2731
ENSMUSG00000043911	-0.1676	0.0852	-0.1537	-0.1540	-0.1841	-0.1990
ENSMUSG00000043925	0.1532	-0.0477	-0.0436	-0.3453	-0.3079	0.3294
ENSMUSG00000043940	0.2198	-0.7594	0.2028	-0.1975	-0.0493	0.6757
ENSMUSG00000043948	-0.0241	-0.1425	-0.0418	0.0400	-0.5788	0.0577
ENSMUSG00000043964	0.4611	-0.5077	-0.2777	-0.5578	-0.0469	0.2377
ENSMUSG00000043998	-0.0598	-0.0932	-0.2418	0.3113	-0.5484	1.3185
ENSMUSG00000044005	-0.1533	0.4674	0.3169	-0.6531	0.2564	0.3980
ENSMUSG00000044014	-0.2938	-0.0194	0.0914	0.1766	-0.0798	-0.4740
ENSMUSG00000044018	-0.5280	0.5341	-0.6047	0.1914	0.1343	-0.5549
ENSMUSG00000044024	0.2796	0.0596	-0.6829	-0.3119	-0.0204	-0.7605
ENSMUSG00000044025	0.9896	0.9749	0.6056	1.1308	0.9724	1.6258
ENSMUSG00000044029	-0.0719	0.0348	-0.0173	0.6704	-0.0425	0.1017
ENSMUSG00000044034	-1.2524	-0.2822	0.2542	-0.0756	0.3241	0.0806
ENSMUSG00000044039	-0.0065	-0.1067	-0.2218	-0.3634	0.2280	-0.0467
ENSMUSG00000044040	0.4159	-0.6662	0.2294	0.4712	0.0409	0.0500
ENSMUSG00000044041	0.0066	-0.4086	-0.1697	0.9604	-0.1495	-0.5205
ENSMUSG00000044052	0.0818	-0.8916	0.2478	0.1579	-0.1694	-0.3318
ENSMUSG00000044061	-0.3349	-0.0462	-0.1748	-0.1321	0.3694	-0.0945
ENSMUSG00000044080	-0.8401	-1.8373	-1.7792	-1.5876	-1.9575	-3.1832
ENSMUSG00000044086	0.7346	0.3601	0.1879	-0.4496	-0.1581	0.0594
ENSMUSG00000044103	-0.1416	-0.1248	-0.1922	-0.0807	0.2151	0.2436
ENSMUSG00000044106	0.1418	-0.1696	0.3277	0.1965	0.7113	-0.2610
ENSMUSG00000044120	-0.5643	-0.2345	-0.1662	0.0887	-0.3259	0.1936
ENSMUSG00000044147	-0.4787	0.2717	0.1213	0.2497	0.3571	0.4044
ENSMUSG00000044155	-0.0459	0.1499	-0.0798	0.1577	0.0913	0.0495
ENSMUSG00000044167	0.6043	0.1902	1.0894	-0.4419	-0.0304	-0.3127
ENSMUSG00000044170	0.6010	0.0420	-0.2096	-0.3958	0.0796	0.0634
ENSMUSG00000044199	-0.6626	-0.0031	-0.3230	-0.1918	0.0452	0.3666
ENSMUSG00000044201	0.8161	-0.3557	0.0471	-0.1614	0.2669	-0.3242
ENSMUSG00000044205	0.4813	-0.4075	-0.6681	0.1393	0.5663	-0.3040
ENSMUSG00000044206	-0.0003	0.0620	0.2274	-0.0851	0.1772	0.0707
ENSMUSG00000044213	-0.8896	-0.6062	-0.2459	0.2235	-0.3275	0.1291
ENSMUSG00000044216	-0.5403	-0.2005	-0.0579	-0.0541	-0.1449	0.0710
ENSMUSG00000044217	-0.3386	-0.4964	0.0615	0.0188	-0.3479	0.0499
ENSMUSG00000044231	0.1466	-0.2835	0.2497	0.2881	0.1944	0.0022
ENSMUSG00000044244	0.1602	-0.0602	0.3120	-0.3398	-0.3037	0.2143
ENSMUSG00000044254	0.0907	-0.2903	0.0853	0.1251	0.1790	-0.0319
ENSMUSG00000044279	-0.2031	-0.2816	0.1981	0.0072	-0.1563	0.4072
ENSMUSG00000044286	0.2650	-0.0369	-0.3516	0.0356	0.2298	0.1141
ENSMUSG00000044288	-0.2192	-0.4034	-0.8192	0.2128	-0.1652	-0.4257
ENSMUSG00000044292	-0.2476	0.4876	0.1129	-0.1581	0.6072	0.0669
ENSMUSG00000044293	-0.6495	0.1052	0.1397	-0.3006	-0.0830	0.0847
ENSMUSG00000044294	1.1159	1.6528	2.3750	2.2337	2.1457	2.8874
ENSMUSG00000044303	0.6592	-0.4677	0.8557	0.7682	1.0037	1.1588
ENSMUSG00000044312	-0.3303	-0.1998	-0.1006	-0.1201	0.2939	-0.0908
ENSMUSG00000044322	-1.2109	-0.9954	-1.0969	-1.9490	-1.9481	-2.9035
ENSMUSG00000044337	-0.1256	-0.3425	0.6052	-0.2820	-0.1256	-0.2805
ENSMUSG00000044338	-0.0261	0.8749	-0.0442	0.1679	0.0903	-0.1219
ENSMUSG00000044340	-0.5438	0.6438	0.4097	-0.3015	-0.0701	-0.3386
ENSMUSG00000044350	0.0158	-0.7007	0.2189	-0.2762	-0.4761	-0.0288
ENSMUSG00000044359	-0.1456	-0.2070	-0.3021	-0.0700	0.0429	0.2529
ENSMUSG00000044365	0.3125	0.4055	-0.1586	0.2535	-0.0487	0.7499
ENSMUSG00000044393	-1.3865	-1.7351	-1.2609	-2.2912	-2.3389	-2.4413
ENSMUSG00000044408	0.3401	0.7261	0.1850	1.1145	1.8962	1.2113
ENSMUSG00000044441	0.0195	0.4390	-0.0072	-0.0994	-0.0703	0.3602
ENSMUSG00000044444	0.4055	-0.1594	0.2724	-0.2541	0.0430	0.3698
ENSMUSG00000044453	-0.6391	-0.1553	0.3356	0.1999	0.0854	0.2892
ENSMUSG00000044454	0.2022	0.6672	1.1455	0.2085	1.3590	1.4467
ENSMUSG00000044485	1.5852	1.9508	1.7746	2.2884	2.2668	3.2886
ENSMUSG00000044487	-0.0345	0.5341	-0.9195	0.0049	-0.1286	0.1398
ENSMUSG00000044499	0.1893	-0.5837	-0.0847	0.2266	0.0673	-0.1593
ENSMUSG00000044528	-0.0778	-0.1850	0.3618	0.4592	0.3679	0.7945
ENSMUSG00000044533	-0.2913	0.2600	0.4436	-0.4711	0.6704	-0.3743
ENSMUSG00000044537	-0.0195	0.1932	-0.0302	0.6120	0.0427	-0.4344
ENSMUSG00000044560	0.3025	-0.1655	0.2295	0.2034	0.0631	-0.4727
ENSMUSG00000044562	-0.1391	-0.1886	0.0424	0.0906	-0.0491	-0.6018
ENSMUSG00000044573	0.1674	-0.1295	0.2597	0.1439	-0.1769	0.2310
ENSMUSG00000044583	0.0983	-0.3009	0.6775	-0.0058	-0.0097	-0.1758
ENSMUSG00000044594	-0.1915	0.4651	0.4153	0.2963	0.6368	0.3914
ENSMUSG00000044641	-0.1539	-0.3887	-0.5256	0.2008	0.1916	-0.3216
ENSMUSG00000044674	-0.3543	0.0473	-0.1447	-0.0682	0.1315	-0.5718
ENSMUSG00000044701	-0.4655	0.0392	-0.2069	-0.3243	-0.0554	0.0880
ENSMUSG00000044702	-0.5405	0.1394	0.6860	0.5383	-0.9137	-0.1356
ENSMUSG00000044705	0.1075	-0.1943	-0.0915	0.4138	-0.1880	-0.7313
ENSMUSG00000044708	-0.0646	0.2044	-0.0228	-0.1547	0.2629	-0.2160
ENSMUSG00000044743	1.2264	0.9122	2.0853	2.2471	2.7170	2.5848
ENSMUSG00000044748	1.0634	0.6181	1.3202	1.8602	2.1248	2.1815
ENSMUSG00000044749	1.3869	1.5273	2.0309	1.8596	1.8266	2.1739
ENSMUSG00000044786	-0.0513	-0.0601	0.0700	-0.2722	0.2439	0.0361
ENSMUSG00000044791	0.0030	1.2050	0.1375	-0.1016	0.2886	0.1717
ENSMUSG00000044798	-0.6262	-0.0737	-0.5800	-0.1207	-0.0537	0.2228
ENSMUSG00000044801	0.5974	0.6543	1.1131	1.2689	1.8437	1.0192
ENSMUSG00000044814	0.0059	0.6389	0.0059	0.1731	-0.1156	-0.0767
ENSMUSG00000044824	0.6863	0.9786	0.4562	0.8603	0.9060	1.3168
ENSMUSG00000044827	-0.8135	-0.9392	-0.6465	-1.0432	-1.4307	-1.5035
ENSMUSG00000044881	0.4086	-0.0720	0.0670	0.5985	-0.2988	-0.2201
ENSMUSG00000044894	0.1261	-0.1442	0.8227	0.8011	-0.0720	0.1027
ENSMUSG00000044897	-0.9938	-0.5618	-0.5038	-0.1829	-0.0735	-0.2928
ENSMUSG00000044899	0.3734	0.4869	-0.1733	-0.6716	-0.3079	0.2477
ENSMUSG00000044923	-0.2495	-0.2615	-0.7113	-0.0325	-0.2385	-0.6131
ENSMUSG00000044933	0.2609	-0.9431	-0.1272	0.0043	0.7584	-0.3684
ENSMUSG00000044951	-0.2698	0.9217	0.0349	0.7121	0.2149	0.6697
ENSMUSG00000044968	0.4252	-0.7521	0.0752	-0.2431	0.4759	0.1446
ENSMUSG00000044985	0.2996	-0.0963	0.2238	-0.4825	0.8801	-0.1648
ENSMUSG00000044986	0.1574	0.1545	-0.3419	0.0293	-0.1258	-0.1448
ENSMUSG00000044988	-0.1556	-0.1286	0.5425	-0.3483	0.2010	-0.4385
ENSMUSG00000044994	-0.2524	-0.0137	0.5809	-0.0632	0.7332	-0.1342
ENSMUSG00000045005	-0.1749	0.1719	-0.0199	-0.0371	-0.0910	-0.1531
ENSMUSG00000045007	0.2361	-0.4796	0.4322	-0.6520	-0.2627	0.0818
ENSMUSG00000045013	-0.1850	0.1992	0.4326	-0.2804	0.0424	0.4079
ENSMUSG00000045019	1.2367	1.1571	1.2275	2.2744	2.1168	2.3379
ENSMUSG00000045022	0.4787	-0.0408	-0.2668	-0.0810	-0.3898	-0.2594
ENSMUSG00000045030	-0.1583	0.5258	0.9639	0.6340	-0.2710	0.0559
ENSMUSG00000045038	-0.3534	-0.2964	0.2271	-0.6299	-0.0762	-0.5309
ENSMUSG00000045039	-0.1585	0.1068	0.2235	-0.2407	0.4247	-0.2136
ENSMUSG00000045045	0.5421	-0.1747	0.2903	-0.1858	-0.2051	-0.0697
ENSMUSG00000045052	-0.1775	-0.1683	-0.6406	0.4041	-0.1997	0.2557
ENSMUSG00000045087	0.2487	0.2247	-0.3881	0.0655	-0.3705	-0.6231
ENSMUSG00000045092	0.2525	0.6106	0.0045	0.0899	0.1694	0.0821
ENSMUSG00000045095	-0.1695	0.1091	-0.2055	0.1912	0.4702	-0.1396
ENSMUSG00000045098	0.3392	-0.1715	-0.0612	0.1274	0.3319	-0.7098
ENSMUSG00000045102	0.3588	0.0766	-0.1606	-0.2594	0.3214	-0.0818
ENSMUSG00000045103	-0.5803	0.3801	0.2880	-0.4773	0.2481	0.4802
ENSMUSG00000045111	-0.3125	0.7819	-0.1906	-0.2953	0.2091	-0.3013
ENSMUSG00000045126	-0.1499	0.0118	-0.1533	0.5920	0.3707	0.4150
ENSMUSG00000045128	0.0676	0.0126	0.4529	-0.5311	0.3038	0.3388
ENSMUSG00000045132	-0.3044	-0.1771	-0.7205	0.1945	-0.0757	0.1349
ENSMUSG00000045136	0.2267	-0.3947	0.0422	-0.5951	0.1894	-0.3173
ENSMUSG00000045140	-0.0171	-0.5134	0.4971	-0.0695	0.0046	0.3783
ENSMUSG00000045148	0.1373	-0.2760	0.2844	-0.2346	0.2048	0.4749
ENSMUSG00000045150	-0.4280	0.4290	-0.0068	0.0864	-0.4068	0.0484
ENSMUSG00000045202	-0.8308	-0.5423	-0.3066	-0.9207	-1.0549	-0.8343
ENSMUSG00000045204	-0.5107	-0.4536	0.3162	0.1882	0.0060	0.1413
ENSMUSG00000045215	0.1000	0.6728	-0.0976	-0.2405	0.0905	-0.0098
ENSMUSG00000045216	0.0484	0.4668	-0.0329	-0.3207	0.1829	-0.2741
ENSMUSG00000045225	-0.0756	0.1705	0.2020	-0.6576	0.2134	-0.3139
ENSMUSG00000045232	0.0374	0.4650	-0.3858	0.5321	-0.1069	-0.5142
ENSMUSG00000045267	-0.2394	-0.5567	0.1847	-0.0633	-0.1089	-0.5849
ENSMUSG00000045282	-0.4695	0.4544	-0.1118	-0.5146	0.0398	0.9174
ENSMUSG00000045291	-0.8265	-0.6212	0.2267	0.3806	0.1604	0.1575
ENSMUSG00000045302	-0.3009	-0.1922	0.5326	-0.1366	0.1085	0.1984
ENSMUSG00000045306	0.1621	0.2884	0.2552	-0.4656	0.5144	0.0213
ENSMUSG00000045316	0.0389	-0.5801	0.2963	0.7023	-0.1920	-0.1410
ENSMUSG00000045318	-0.1185	-0.0861	-0.2705	-0.4299	-0.0536	0.1783
ENSMUSG00000045322	0.3393	0.2038	0.2725	0.1708	-0.0997	0.5041
ENSMUSG00000045328	-0.2600	-0.2772	-0.0618	-0.5074	0.4601	0.1882
ENSMUSG00000045337	0.3046	0.1268	0.1705	-0.6400	-0.8692	0.3670
ENSMUSG00000045341	-0.0852	0.4757	0.5158	-0.6266	-0.3824	-0.4048
ENSMUSG00000045364	-0.4067	-0.1313	-0.1854	0.7625	0.3912	0.6872
ENSMUSG00000045381	-0.8772	-0.5481	-1.2234	-1.1683	-1.3393	-1.9808
ENSMUSG00000045382	0.1711	-0.3611	0.0983	0.0865	-0.4385	-0.4056
ENSMUSG00000045392	-0.1809	0.1879	-0.1124	-0.0071	-0.5433	-0.4030
ENSMUSG00000045394	-0.1005	-0.3022	-0.1290	-0.0314	0.6164	-0.1727
ENSMUSG00000045395	-0.3151	0.2471	-0.2331	-0.0230	0.2545	-0.3923
ENSMUSG00000045421	0.2536	-0.4460	-0.1032	-0.4178	0.3421	0.1058
ENSMUSG00000045438	-0.5671	-0.3448	0.9930	-0.3200	-0.1428	-0.1477
ENSMUSG00000045471	-0.8636	-0.1636	-0.0767	0.1706	0.5239	0.2731
ENSMUSG00000045474	0.0981	0.0659	-0.2164	-0.0408	0.0077	-0.1482
ENSMUSG00000045475	1.3661	1.4294	2.0246	1.5088	2.8634	2.5172
ENSMUSG00000045479	0.1986	0.5826	0.0071	-0.1890	0.1737	-0.0694
ENSMUSG00000045482	-0.0433	-0.0842	0.1734	0.1931	-0.3514	0.0828
ENSMUSG00000045502	-0.0907	0.1243	0.1432	-0.6087	0.1852	-0.4257
ENSMUSG00000045508	0.0684	0.2098	0.0184	-0.3866	0.0846	0.5700
ENSMUSG00000045514	0.2997	-0.0764	0.3554	0.5260	0.8282	-0.1242
ENSMUSG00000045528	-0.0598	0.4950	0.0409	0.0211	-0.4781	-0.1924
ENSMUSG00000045539	1.0136	1.3817	2.3053	2.6336	2.2512	2.1794
ENSMUSG00000045540	0.4650	-0.5351	0.0579	-0.1690	0.3780	-0.4871
ENSMUSG00000045545	-1.0498	-1.4861	-1.6849	-2.1313	-2.5299	-1.6948
ENSMUSG00000045551	-0.0978	0.2400	0.1882	0.2376	0.5005	-0.0047
ENSMUSG00000045559	0.4087	-0.3229	-0.5274	-0.1577	-0.0782	0.0622
ENSMUSG00000045566	1.2845	1.4823	1.7464	1.7493	2.0187	2.4906
ENSMUSG00000045569	-0.5441	0.2393	0.0339	-0.5403	0.2177	-0.4371
ENSMUSG00000045573	0.8815	0.4863	1.5749	1.0556	1.2015	1.7313
ENSMUSG00000045581	-0.0036	0.5277	0.0296	-0.0473	-0.1308	-0.8686
ENSMUSG00000045584	0.3449	0.1304	0.1040	-0.0154	-0.0819	0.1656
ENSMUSG00000045594	-0.7904	-1.3597	-1.5339	-1.4357	-2.0596	-2.6849
ENSMUSG00000045613	0.4117	0.1017	0.0989	0.6002	0.2399	-0.0131
ENSMUSG00000045625	0.8556	0.3775	0.6540	0.9195	1.2309	1.3560
ENSMUSG00000045672	0.1685	-0.6170	0.5926	0.2636	0.0236	-0.0540
ENSMUSG00000045678	0.2099	0.6723	0.0076	0.1838	-0.1500	-0.2026
ENSMUSG00000045691	0.4382	-0.3956	-0.1360	-0.3376	-0.0833	0.2917
ENSMUSG00000045708	0.0503	0.1320	-0.2451	-0.1119	-0.3913	-0.0656
ENSMUSG00000045730	-0.1957	0.3356	0.1673	-0.7559	-0.0175	-0.3382
ENSMUSG00000045731	-0.3144	0.0961	0.5422	0.4573	0.1416	0.5633
ENSMUSG00000045780	-0.3370	0.2945	-0.1146	0.5795	0.2560	0.3182
ENSMUSG00000045792	-0.3832	0.1159	0.2256	-0.0302	0.5334	0.1478
ENSMUSG00000045795	-0.1464	0.0457	-0.1885	-0.2472	-0.2541	0.6968
ENSMUSG00000045812	-0.5457	-0.0531	0.0111	-0.5337	-0.0873	0.3830
ENSMUSG00000045817	-0.1230	-0.0502	-0.3038	0.3165	0.2265	-0.2010
ENSMUSG00000045824	-0.8740	-0.2082	-0.6710	0.9652	0.1974	-0.1409
ENSMUSG00000045827	-0.0304	0.4795	0.1573	0.0391	-0.1550	0.4649
ENSMUSG00000045871	0.1992	0.2514	-0.0949	-0.4710	0.2204	-0.7612
ENSMUSG00000045875	-0.6565	-0.3857	-0.3025	-1.4493	-0.9082	-1.5730
ENSMUSG00000045883	-0.0790	0.0363	-0.1449	0.5607	0.4408	0.2792
ENSMUSG00000045948	0.3234	-0.4113	0.0164	-0.0701	-0.8233	-0.7146
ENSMUSG00000045962	-0.6335	0.4736	0.4288	0.0125	0.5848	-0.5134
ENSMUSG00000045983	0.1834	-0.2621	0.2274	-0.2571	-0.5014	0.3087
ENSMUSG00000045994	-0.4689	-0.0421	-0.2884	0.2512	-0.1711	0.4970
ENSMUSG00000045996	-0.0107	-0.2765	0.0608	0.1399	0.0056	0.3533
ENSMUSG00000046008	-0.6271	-0.0691	0.0449	-0.0121	0.2691	-0.1778
ENSMUSG00000046016	0.5768	-0.3526	-0.0200	-0.2453	-0.4872	0.5789
ENSMUSG00000046020	0.1543	0.5028	-0.7219	0.1050	0.3052	-0.0242
ENSMUSG00000046032	0.2577	0.6926	0.4893	0.4513	-0.3848	-0.1580
ENSMUSG00000046041	0.2077	-0.3479	-0.4469	-0.3184	-0.1346	0.0903
ENSMUSG00000046070	0.3845	0.0140	0.3358	0.1851	-0.1586	0.4891
ENSMUSG00000046095	-0.0345	0.0348	0.0168	0.1966	-0.0486	-0.0293
ENSMUSG00000046096	0.0902	-0.5567	-0.1276	-0.1515	-0.4508	-0.6982
ENSMUSG00000046108	0.5246	-0.2443	0.8253	0.0636	-0.2749	0.1652
ENSMUSG00000046139	0.1010	-0.0837	-0.2353	-0.0490	0.2417	-0.2640
ENSMUSG00000046150	0.1959	0.1525	-0.1158	-0.1049	0.5369	-0.0067
ENSMUSG00000046159	-0.0212	0.1854	-0.4982	0.3101	0.4200	-0.3653
ENSMUSG00000046167	0.2083	0.2108	0.0166	-0.2730	0.2632	-0.1504
ENSMUSG00000046173	0.7119	-0.1556	-0.1024	0.2222	0.4248	0.4087
ENSMUSG00000046203	0.0995	0.3977	-0.3591	0.4328	-0.2136	0.1482
ENSMUSG00000046207	-0.3212	0.4193	0.0248	-0.2206	0.0977	-0.6873
ENSMUSG00000046210	0.1543	0.1723	-0.3429	0.1166	0.0438	0.5256
ENSMUSG00000046223	0.0264	-0.2900	0.3206	-0.4339	0.3227	0.3107
ENSMUSG00000046245	0.3203	0.1955	0.3752	0.5244	0.2208	0.4127
ENSMUSG00000046259	1.7368	1.2502	2.0428	1.7520	1.7485	2.2375
ENSMUSG00000046272	0.0505	0.3706	0.0842	-0.0226	0.2296	0.5965
ENSMUSG00000046300	-0.2666	0.7444	0.3151	0.2692	0.6112	0.4205
ENSMUSG00000046321	0.0137	0.2620	-0.1900	0.2273	0.4930	0.2213
ENSMUSG00000046330	0.1822	0.0767	-0.2095	-0.2840	-0.1719	0.2497
ENSMUSG00000046334	0.0781	-0.5734	-0.1220	-0.7446	-0.0845	-0.0435
ENSMUSG00000046338	0.0678	0.3517	-0.0747	-0.5223	0.1544	-0.1498
ENSMUSG00000046354	0.1123	0.4428	-0.3964	-0.3785	0.3040	-0.4760
ENSMUSG00000046364	0.2809	-0.3095	-0.2945	-0.0339	0.1478	0.0385
ENSMUSG00000046396	-0.3659	0.2018	0.1147	0.7719	0.1203	-0.1795
ENSMUSG00000046404	0.2799	-0.3534	0.2046	-0.1409	-0.1135	-0.2457
ENSMUSG00000046431	-0.4241	-0.1589	0.0448	-0.2251	-0.0131	0.7826
ENSMUSG00000046432	-0.3332	-0.3737	-0.4804	-0.1449	-0.2907	-0.5170
ENSMUSG00000046434	0.5109	0.5812	0.5455	-0.0232	0.5270	-0.3833
ENSMUSG00000046450	0.1435	-0.1978	-0.1552	0.1390	0.8065	0.2846
ENSMUSG00000046480	0.1343	-0.0779	0.2331	0.7446	0.3211	0.1370
ENSMUSG00000046486	-0.2669	0.3667	-0.0240	0.0778	-0.4210	-0.2034
ENSMUSG00000046493	0.4855	0.2068	0.1278	-0.5670	0.0037	-0.0640
ENSMUSG00000046516	0.0233	0.0135	0.0581	0.0002	0.3090	0.0658
ENSMUSG00000046532	0.6612	-0.5656	0.2872	0.3671	0.5964	-0.0196
ENSMUSG00000046590	0.6450	-0.6351	-0.1517	0.8934	-0.0487	-0.0156
ENSMUSG00000046591	0.1456	-0.1770	0.1133	-0.4519	0.7865	-0.6138
ENSMUSG00000046598	-0.4658	0.2588	0.0212	-0.3963	0.3260	-0.6792
ENSMUSG00000046607	-0.1042	0.3839	0.3194	-0.5521	-0.0409	0.0216
ENSMUSG00000046643	0.2691	-0.4826	0.0391	0.3733	0.0163	0.1210
ENSMUSG00000046650	0.2997	-0.2277	0.6216	0.3100	-0.3472	-0.4219
ENSMUSG00000046652	-0.2882	-0.1142	0.6421	0.2111	-0.7714	0.0180
ENSMUSG00000046676	0.2810	0.4299	-0.3064	0.3063	-0.1434	-0.2394
ENSMUSG00000046678	-0.0894	-0.2197	0.1357	0.0226	0.0167	-0.3822
ENSMUSG00000046697	-0.1670	-0.2475	-0.3118	0.2577	-0.4300	0.2502
ENSMUSG00000046699	0.1402	-0.2161	-0.0531	-0.0693	0.3297	-0.7329
ENSMUSG00000046707	0.3449	0.1623	0.1465	-0.1530	-0.0959	-0.2788
ENSMUSG00000046709	-0.3805	-0.4445	-0.3812	-0.2287	0.1167	-0.4844
ENSMUSG00000046717	0.2780	0.1313	0.1244	0.4131	0.5191	0.1631
ENSMUSG00000046718	-0.1674	-0.2680	0.2540	0.2015	0.0055	0.0234
ENSMUSG00000046743	0.6789	-0.5525	0.1438	-0.2965	-0.5389	-0.3477
ENSMUSG00000046755	0.4138	-0.0622	-0.0294	0.1097	-0.1113	0.1589
ENSMUSG00000046756	-0.1605	-0.1553	-0.4153	-0.0139	0.4689	-0.0928
ENSMUSG00000046768	-0.3929	0.2535	0.5341	0.5217	-0.0139	-0.3745
ENSMUSG00000046790	-1.0515	0.1045	-0.4193	-0.3099	0.6569	-0.1366
ENSMUSG00000046794	0.2540	0.5158	0.2894	0.2115	0.4587	0.7641
ENSMUSG00000046798	1.2422	1.5758	1.9134	1.6724	2.5356	2.6432
ENSMUSG00000046822	-0.3520	-0.7754	-0.5644	-1.0410	-0.8311	-1.2678
ENSMUSG00000046834	1.3556	1.2178	2.1326	2.2676	1.9082	1.7128
ENSMUSG00000046841	0.0595	0.1005	0.1592	-0.1188	-0.2845	0.1168
ENSMUSG00000046845	0.5532	0.6663	-0.0776	-0.8170	0.5614	-0.6095
ENSMUSG00000046854	0.7894	0.3653	0.8689	1.6505	1.2077	1.7087
ENSMUSG00000046865	-0.4578	0.0277	0.3138	-0.3474	0.2049	-0.4381
ENSMUSG00000046873	-0.1616	-0.4632	-0.5419	-0.3164	0.1622	-0.0118
ENSMUSG00000046876	-0.3085	0.2494	-0.0200	0.3349	0.0466	0.1522
ENSMUSG00000046879	-0.2432	-0.3423	-0.7051	0.1567	-0.1624	-0.0732
ENSMUSG00000046881	-0.4060	0.2296	-0.3080	-0.6166	0.2687	-0.1875
ENSMUSG00000046908	0.4760	-0.3476	-0.2794	-0.0047	-0.2116	0.6145
ENSMUSG00000046913	0.0191	-0.0353	0.1031	-0.1730	0.0542	0.7993
ENSMUSG00000046934	0.4680	0.0552	-0.6765	0.1853	-0.0968	0.8230
ENSMUSG00000046959	-0.5734	-0.1090	0.1513	-0.1540	0.1352	-0.2726
ENSMUSG00000046961	0.0384	0.0107	0.5275	-0.5995	0.1784	-0.2798
ENSMUSG00000046971	0.5355	-0.0732	0.0316	-0.6476	0.3962	0.0719
ENSMUSG00000046975	-0.2120	-0.2715	-0.0125	0.1227	-0.7285	-0.1367
ENSMUSG00000046994	1.0583	1.5809	1.9924	1.9424	2.6328	2.4148
ENSMUSG00000047026	-0.3020	0.0062	-0.0180	-0.1456	0.1025	0.0718
ENSMUSG00000047030	0.1456	-0.0115	0.1447	-0.0034	0.1487	-0.3360
ENSMUSG00000047039	-0.1652	-0.1631	0.0940	0.4602	-0.0260	0.0434
ENSMUSG00000047048	0.1118	0.1717	-0.3857	-0.3777	-0.0646	-0.4949
ENSMUSG00000047050	0.5232	0.0323	0.0798	-0.4034	0.1141	0.2883
ENSMUSG00000047079	0.0615	0.1372	0.1023	0.2101	-0.0382	-0.6035
ENSMUSG00000047085	-0.4949	-0.1552	-0.2305	-0.2068	0.4792	0.2066
ENSMUSG00000047098	-0.4116	-0.4019	0.2060	-0.3069	0.2482	0.2358
ENSMUSG00000047102	-0.2964	-0.6160	0.5852	0.9505	0.0509	-0.1045
ENSMUSG00000047109	-1.2817	-1.6331	-1.1759	-2.2712	-2.4696	-2.8788
ENSMUSG00000047123	0.0309	0.4167	-0.3555	-0.2232	0.5614	-0.0179
ENSMUSG00000047126	0.3206	-0.1976	-0.1822	-0.4005	-0.4990	0.0139
ENSMUSG00000047139	-0.1604	-0.4644	0.6136	-0.0159	-0.2216	0.0252
ENSMUSG00000047149	-0.1513	-0.6355	0.3575	0.0694	-0.1117	0.0035
ENSMUSG00000047155	0.1502	0.5878	-0.1608	-0.4988	-0.2223	-0.3144
ENSMUSG00000047161	-0.2427	0.1971	-0.0961	0.2557	-0.5373	0.2442
ENSMUSG00000047182	0.1861	-0.3259	0.6420	-0.3927	0.5413	-0.1562
ENSMUSG00000047187	-0.3141	-0.0564	-0.2754	0.2712	-0.0435	0.2401
ENSMUSG00000047193	-0.4751	0.1947	-0.1068	0.2333	0.0847	-0.7836
ENSMUSG00000047207	-0.8213	-1.2194	-0.3037	-0.5465	-1.4873	-1.5032
ENSMUSG00000047215	0.1203	0.3101	0.6027	0.3745	-0.1867	-0.0669
ENSMUSG00000047225	-0.0889	0.1450	-0.1897	-0.4496	-0.5762	0.1258
ENSMUSG00000047230	1.1509	1.7286	2.3431	2.0167	1.7333	2.1552
ENSMUSG00000047242	0.3371	0.0330	0.2452	-0.5575	0.0433	-0.4243
ENSMUSG00000047246	-0.1287	0.8232	0.4295	0.1351	-0.3278	0.3468
ENSMUSG00000047250	0.3740	0.4541	-0.3552	0.2140	0.0427	0.4763
ENSMUSG00000047259	0.0348	-0.6388	0.3143	0.0199	-0.5039	0.2525
ENSMUSG00000047281	0.3306	0.0150	-0.1210	-0.1650	-0.4171	-0.0550
ENSMUSG00000047286	-0.4998	-0.3901	0.2113	-0.2132	-0.2721	0.5493
ENSMUSG00000047347	0.0033	0.1296	0.1859	-0.0381	-0.0564	-0.2422
ENSMUSG00000047352	-0.2671	-0.0160	-0.0210	-0.1827	-0.2780	0.2920
ENSMUSG00000047369	-0.3266	0.1940	-0.1047	-0.5750	0.7129	-0.3186
ENSMUSG00000047379	0.1370	0.1188	0.3261	-0.4979	0.6946	-0.0431
ENSMUSG00000047390	-0.2473	-0.2868	0.5522	0.1991	-0.2573	-0.1094
ENSMUSG00000047407	-0.7791	0.2406	0.0264	-0.6476	0.4838	0.1986
ENSMUSG00000047417	0.1146	0.1884	0.0870	0.1610	-0.3099	-0.2614
ENSMUSG00000047434	0.5063	0.1183	0.2923	-0.1885	0.0311	0.4892
ENSMUSG00000047444	-0.0560	0.0265	0.7445	0.0834	-0.4875	-0.0620
ENSMUSG00000047454	-0.4391	0.0599	0.4626	0.2687	0.8033	-0.7066
ENSMUSG00000047459	-0.4835	-0.1026	0.0433	-0.1623	0.1549	0.6762
ENSMUSG00000047492	-0.0439	0.2018	-0.1835	0.0292	-0.4776	0.0640
ENSMUSG00000047496	-0.2757	-0.3743	-0.3608	0.1734	0.1815	0.6911
ENSMUSG00000047501	0.4656	0.0009	0.0809	0.2247	-0.4403	0.6021
ENSMUSG00000047507	-0.6185	-0.4881	-0.1488	0.2332	-0.4491	0.4114
ENSMUSG00000047511	0.1080	0.3794	0.0936	-0.3374	0.2328	0.1119
ENSMUSG00000047517	-0.0987	0.0773	-0.8710	-0.2239	0.1996	0.1259
ENSMUSG00000047535	-0.3251	-0.6771	-0.6427	-0.2601	0.1074	-0.0938
ENSMUSG00000047544	0.8129	0.9538	0.6027	0.6651	1.2795	1.4273
ENSMUSG00000047545	0.0863	0.2087	0.0259	-0.1261	-0.6144	-0.3400
ENSMUSG00000047547	-0.0866	-0.0287	-0.4074	-0.1843	-0.0880	-0.1760
ENSMUSG00000047591	-0.3067	-0.0624	-0.2766	0.2242	0.2300	0.4506
ENSMUSG00000047594	-0.7228	-0.4066	0.2255	-0.6529	-0.1497	-0.0583
ENSMUSG00000047604	-0.1812	-0.1342	0.1118	0.2745	-0.4406	0.1465
ENSMUSG00000047626	-0.2817	-0.3816	-0.0036	0.1450	-0.1888	0.3411
ENSMUSG00000047638	-0.2032	0.3251	-0.1226	-0.0413	-0.1105	0.0746
ENSMUSG00000047641	1.2854	1.5069	1.6172	2.3435	2.3941	2.9994
ENSMUSG00000047649	0.4201	-0.1744	0.2276	0.1110	0.3262	-0.6161
ENSMUSG00000047667	-0.4222	0.0580	0.1469	0.0700	0.4663	0.1865
ENSMUSG00000047671	0.2137	0.2729	0.3380	-0.3617	0.1631	-0.2961
ENSMUSG00000047674	-0.1333	0.3112	-0.6987	0.4712	0.3751	-0.7045
ENSMUSG00000047675	0.2993	0.0436	-0.3533	0.1230	0.4513	-0.1100
ENSMUSG00000047702	-0.6700	0.5019	-0.4564	0.1149	-0.3257	-0.3651
ENSMUSG00000047712	0.9425	0.4531	0.9177	0.6060	1.2262	1.1359
ENSMUSG00000047716	0.2777	0.3539	0.3086	-0.1525	0.1372	-0.2897
ENSMUSG00000047757	0.0929	-0.1173	0.6551	0.1845	0.0707	0.0888
ENSMUSG00000047759	0.0361	0.2947	0.2944	0.2915	0.0952	-0.1694
ENSMUSG00000047767	-0.0071	-0.4012	-0.2894	0.1365	-0.1543	-0.5689
ENSMUSG00000047789	0.1407	-0.1005	-0.2786	-0.4755	0.3420	-0.2653
ENSMUSG00000047794	0.3303	-0.5283	-0.3397	0.5491	0.7202	0.3469
ENSMUSG00000047822	-0.2577	-0.5104	0.3559	-0.3377	0.3032	0.4944
ENSMUSG00000047854	0.2032	0.4941	-0.3664	0.3155	0.1224	-0.2084
ENSMUSG00000047868	0.1071	-0.3126	0.1505	-0.2841	0.0077	-0.5478
ENSMUSG00000047878	0.3836	0.1275	0.7140	0.2582	0.7178	0.5474
ENSMUSG00000047880	-0.4461	0.2137	-0.1246	0.5336	0.0778	-0.0419
ENSMUSG00000047881	-0.0781	-0.2806	-0.5513	-0.0678	-0.5257	0.3289
ENSMUSG00000047894	-0.1496	-0.3785	0.2776	-0.3096	0.0585	-0.3393
ENSMUSG00000047898	0.1873	-0.0285	-0.0067	-0.0685	0.2502	-0.1493
ENSMUSG00000047904	-0.0304	0.1963	-0.4812	-0.3358	0.0564	-0.1709
ENSMUSG00000047945	0.2262	0.6132	0.0304	0.2566	-0.0436	-0.3004
ENSMUSG00000047953	-0.0411	-0.4268	-0.0727	-0.3284	-0.1527	0.2017
ENSMUSG00000047960	-0.7349	-1.0620	-0.7794	-0.5548	-1.2289	-1.6781
ENSMUSG00000047969	0.0026	-0.4601	-0.7286	0.1347	0.4883	-0.4452
ENSMUSG00000047976	-0.6925	-0.2143	-0.2483	0.1606	-0.2192	-0.0245
ENSMUSG00000047980	0.0537	0.1126	-0.0748	0.7063	0.1542	0.3662
ENSMUSG00000047989	0.3273	0.5395	-0.1139	-0.2191	0.0899	0.4321
ENSMUSG00000048001	0.4262	-0.2232	0.1331	-0.1519	0.5281	0.4589
ENSMUSG00000048013	0.1555	0.3015	-0.1260	0.4074	-0.3375	0.0175
ENSMUSG00000048027	0.0763	-0.0011	-0.0124	-0.0405	0.2002	-0.5117
ENSMUSG00000048029	0.0214	0.0198	0.3176	-0.1468	-0.1298	0.3477
ENSMUSG00000048040	-0.0037	-0.1391	0.4122	0.2916	-0.4462	0.1356
ENSMUSG00000048062	0.0814	0.0956	0.0956	-0.7227	0.0541	0.0845
ENSMUSG00000048065	-0.1332	0.2537	-0.1897	0.0134	-0.0833	-0.4096
ENSMUSG00000048067	-0.2480	-0.1064	-0.4731	0.3336	0.4457	0.2411
ENSMUSG00000048076	-0.0314	-0.3567	0.6890	0.3389	0.1186	-0.5510
ENSMUSG00000048080	-0.7925	0.1298	-0.0026	0.4484	-0.4989	0.9471
ENSMUSG00000048087	-0.3992	-0.1523	-0.1507	0.1781	-0.1438	-0.3048
ENSMUSG00000048096	-0.2082	-0.3639	-0.1435	-0.0448	-0.8410	0.0566
ENSMUSG00000048100	-0.0335	0.1324	-0.6374	-0.0546	-0.4469	0.4256
ENSMUSG00000048101	-0.4815	0.0928	0.0886	0.2502	0.6633	-0.0855
ENSMUSG00000048120	0.1096	-0.0262	0.3478	0.6362	-0.6837	0.6413
ENSMUSG00000048126	-0.4448	-0.0718	-0.1442	0.4771	0.5915	-0.1216
ENSMUSG00000048142	-0.1732	0.6375	0.0973	-0.0135	-0.6280	-0.0502
ENSMUSG00000048153	0.0010	-0.9471	-0.1741	0.0222	0.6182	-0.1487
ENSMUSG00000048154	0.3124	0.1609	-0.1171	-0.1190	0.4189	0.2708
ENSMUSG00000048155	-0.1557	0.4495	-0.2882	0.0164	0.6999	-0.4817
ENSMUSG00000048163	-0.0902	-0.2197	-0.2076	0.1991	-0.0970	0.4012
ENSMUSG00000048173	-0.0512	-0.2812	-0.2875	-0.5279	0.1357	-0.0700
ENSMUSG00000048197	-0.3866	-0.0344	-0.5889	-0.1168	0.0893	0.1705
ENSMUSG00000048217	0.0216	0.8240	0.5703	0.2457	-0.1040	0.1388
ENSMUSG00000048226	-0.0215	-0.2920	0.1216	-0.1104	-0.3176	0.4723
ENSMUSG00000048230	-0.3267	-0.0994	0.0969	0.1257	0.0282	-0.3249
ENSMUSG00000048231	0.3921	0.0496	-0.1229	-0.0765	0.1028	-0.0187
ENSMUSG00000048240	0.5209	-0.0235	0.0098	-0.2104	-0.0290	0.4043
ENSMUSG00000048251	-0.0706	0.3622	0.0660	0.3692	0.2952	-0.2729
ENSMUSG00000048284	0.7026	0.2272	-0.1878	-0.1390	-0.2482	0.0151
ENSMUSG00000048285	-0.0171	-0.0920	-0.1151	0.0129	0.2121	-0.5413
ENSMUSG00000048292	0.2044	-0.3217	0.0047	-0.0138	1.0054	-0.2158
ENSMUSG00000048299	-0.0514	-0.0367	-0.0529	0.0600	-0.4216	-0.1473
ENSMUSG00000048304	-0.1669	0.2297	0.1524	-0.1034	0.2909	-0.6628
ENSMUSG00000048337	0.2834	-0.1291	-0.0739	-0.2832	-0.1629	0.0969
ENSMUSG00000048351	-0.0234	0.4175	-0.0770	-0.4553	-0.2079	0.3352
ENSMUSG00000048355	0.0643	0.0974	0.3359	0.0747	-0.3967	-0.3259
ENSMUSG00000048356	-0.1713	-0.1192	0.1810	-0.1781	-0.5345	-0.4509
ENSMUSG00000048376	0.3559	0.0096	0.0512	-0.0680	-0.3173	-0.1072
ENSMUSG00000048378	-0.4265	0.3431	-0.1788	-0.0608	0.1316	0.7141
ENSMUSG00000048379	0.2827	-0.0055	0.2749	-0.0326	-0.0853	-0.4762
ENSMUSG00000048391	0.3688	0.2122	0.2212	-0.4711	-0.5864	0.0080
ENSMUSG00000048402	0.3417	0.1949	0.4267	-0.0341	-0.2607	0.1360
ENSMUSG00000048416	0.7477	-0.2518	-0.1030	-0.4120	-0.3459	0.1180
ENSMUSG00000048425	-0.5786	0.5868	0.2442	-0.1947	-0.2578	0.6091
ENSMUSG00000048439	-0.0935	0.2993	-0.1405	0.3044	-0.2166	-0.2041
ENSMUSG00000048450	0.0855	0.1485	0.1011	0.3778	-0.1737	-0.1571
ENSMUSG00000048455	-1.2616	-1.3014	-1.9744	-1.9653	-2.5308	-2.3178
ENSMUSG00000048456	0.3097	-0.2768	-0.3973	-0.3256	0.0490	-0.2920
ENSMUSG00000048469	0.3669	-0.0119	0.9101	-0.1044	0.2494	-0.0354
ENSMUSG00000048480	0.0372	0.0111	-0.4234	-0.0215	-0.1017	-0.0128
ENSMUSG00000048482	0.6045	-0.2675	0.2583	-0.2775	0.4196	0.0851
ENSMUSG00000048489	0.2713	-0.2459	-0.4227	0.0238	0.0025	0.6020
ENSMUSG00000048501	0.0424	0.7393	-0.1291	0.2178	-0.1108	-0.8188
ENSMUSG00000048521	-0.4968	-0.4914	0.0066	-0.5784	0.6391	0.4870
ENSMUSG00000048534	-0.2895	0.5272	-0.0453	0.2552	0.3863	-0.0867
ENSMUSG00000048546	-0.4397	0.0300	-0.2165	-0.3317	-0.1666	-0.0632
ENSMUSG00000048574	-0.1883	0.4822	-0.0856	-0.0108	0.0829	0.4385
ENSMUSG00000048583	0.4379	-0.3314	0.1726	0.3227	-0.1201	-0.1733
ENSMUSG00000048616	-0.1527	-0.1235	-0.2496	-0.4169	0.4065	-0.1961
ENSMUSG00000048620	0.4151	-0.2924	0.5646	-0.0413	0.2549	-0.0616
ENSMUSG00000048661	0.0343	-0.5433	0.0375	0.8086	0.1375	-0.2270
ENSMUSG00000048677	-1.1011	-1.0094	-0.8964	-1.0377	-0.8661	-0.6988
ENSMUSG00000048693	0.1427	0.5029	-0.0509	-0.2405	0.1396	0.3456
ENSMUSG00000048699	1.1082	1.2991	1.4535	1.6860	1.9690	2.2668
ENSMUSG00000048701	0.0397	-0.4553	0.3050	-0.2684	0.0148	-0.2267
ENSMUSG00000048745	0.0456	0.0608	-0.1902	0.3044	0.1221	-0.7156
ENSMUSG00000048755	0.1634	-0.1255	0.4545	0.3711	-0.2842	0.0297
ENSMUSG00000048756	-0.0071	0.0318	0.6674	-0.5954	-0.1747	-0.2499
ENSMUSG00000048758	-0.1941	0.6018	0.3882	1.2497	0.5459	0.6915
ENSMUSG00000048772	0.3033	0.3491	0.2698	0.8064	0.4206	0.1388
ENSMUSG00000048775	0.0583	-0.4032	0.3009	0.2622	-0.1992	-0.3470
ENSMUSG00000048776	0.2832	0.1175	0.8599	-0.4883	-0.5696	0.4365
ENSMUSG00000048779	0.3810	0.1086	0.0810	-0.2284	-0.0510	-0.0550
ENSMUSG00000048806	-0.2144	-0.1594	-0.5190	-0.2951	0.0441	0.4257
ENSMUSG00000048810	1.4556	0.4488	1.0481	1.0372	1.2901	1.7175
ENSMUSG00000048827	-0.2762	0.0089	-0.0181	-0.4803	-0.1423	-0.4450
ENSMUSG00000048832	0.2727	-0.1587	-0.2732	-0.3352	0.1175	-0.0042
ENSMUSG00000048833	-0.3161	-0.1179	-0.1721	-0.1955	-0.0003	-0.0416
ENSMUSG00000048895	0.0495	-0.7199	-0.1102	-0.2490	-0.2852	-0.0653
ENSMUSG00000048899	0.9296	-0.1248	-0.1367	-0.1751	0.0089	-0.3215
ENSMUSG00000048904	-0.4443	0.1724	-0.0568	-0.0526	-0.0310	-0.1582
ENSMUSG00000048915	-0.5318	0.4091	0.0644	0.4670	0.1289	-0.0746
ENSMUSG00000048919	-0.6904	-0.3381	0.0496	-0.1140	0.1004	0.0120
ENSMUSG00000048920	-0.0322	0.1702	0.3810	-0.3738	-0.3123	-0.2615
ENSMUSG00000048930	0.4144	0.0763	0.3208	-0.3380	-0.0257	0.4261
ENSMUSG00000048933	0.1155	-0.0768	0.0523	-0.6245	0.0017	0.1467
ENSMUSG00000048970	0.1009	-0.0141	-0.1286	-0.2139	-0.8876	0.5190
ENSMUSG00000048981	0.2687	-0.8851	0.6232	0.1245	0.0163	-0.1497
ENSMUSG00000048982	-0.6052	-0.0127	0.1353	0.3291	-0.2661	0.3500
ENSMUSG00000048994	0.4174	-0.2942	-0.1409	-0.1912	0.0886	-0.2705
ENSMUSG00000048996	-0.0824	-0.4467	0.0340	0.1527	0.4713	-0.3194
ENSMUSG00000049010	-0.4827	-0.3897	0.2810	-0.1404	0.2678	0.2969
ENSMUSG00000049011	0.2923	-0.0676	0.0335	0.0687	0.3901	-0.1287
ENSMUSG00000049015	-0.3652	-0.3642	-0.4824	0.6082	0.2044	-0.2671
ENSMUSG00000049018	0.5479	0.1925	0.0193	0.3753	0.0681	-0.6376
ENSMUSG00000049028	-0.3331	-0.0593	-1.2067	0.0663	-0.3059	-0.3594
ENSMUSG00000049041	0.0044	0.1520	0.2234	-0.1822	0.5332	0.6188
ENSMUSG00000049044	0.5672	-0.2946	0.1723	0.0642	-0.2417	0.1014
ENSMUSG00000049052	1.0831	-0.2454	0.2641	0.2466	0.0640	-0.2127
ENSMUSG00000049057	-0.2724	0.0871	-0.3556	0.3008	0.4554	-0.0130
ENSMUSG00000049073	0.2039	0.0197	-0.2445	-0.4100	-0.6119	0.1200
ENSMUSG00000049076	0.2972	0.1159	-0.4133	0.3818	0.1246	-0.4455
ENSMUSG00000049090	0.3137	-0.1972	0.1596	0.3299	-0.1204	-0.0604
ENSMUSG00000049091	1.1076	0.1510	-0.1015	0.5763	-0.5644	0.0152
ENSMUSG00000049093	-0.4296	0.2082	0.4523	-0.0363	0.4233	-0.1445
ENSMUSG00000049098	-0.3021	-0.1011	0.2339	0.4703	0.3862	0.1130
ENSMUSG00000049103	0.1127	-0.3930	-0.4659	0.0126	0.4243	0.0119
ENSMUSG00000049107	-0.0843	-0.1854	0.5195	0.5024	0.5551	0.0157
ENSMUSG00000049112	0.0179	-0.0566	-0.1039	0.1477	-0.1105	0.5786
ENSMUSG00000049115	1.1056	1.6287	1.4284	2.5662	1.7131	2.2809
ENSMUSG00000049128	1.5927	2.0406	1.5392	2.4685	2.1197	1.7484
ENSMUSG00000049130	-0.4283	-0.1459	0.2655	0.1484	-0.2388	-0.3183
ENSMUSG00000049133	-1.9206	-1.2354	-1.8087	-1.5782	-2.5893	-3.5186
ENSMUSG00000049134	0.5390	-0.1848	-0.3354	-0.0647	0.2809	0.1585
ENSMUSG00000049149	0.3998	-0.2548	-0.3063	-0.2382	-0.1381	0.2317
ENSMUSG00000049168	-0.2019	-0.0874	-0.2406	0.6479	-0.1717	0.0512
ENSMUSG00000049173	0.1813	-0.5500	-0.3447	0.1306	-0.6239	-0.0210
ENSMUSG00000049217	-0.0882	-0.2253	0.5225	0.1319	-0.1725	0.3891
ENSMUSG00000049241	0.1046	-0.4259	-0.0533	-0.5936	-0.2664	-0.0061
ENSMUSG00000049265	0.1112	-0.3501	-0.0478	0.2905	0.6514	-0.0929
ENSMUSG00000049280	-0.2762	-0.3971	-0.0408	-0.0846	0.2020	-0.8885
ENSMUSG00000049307	0.6646	0.4206	0.7371	0.8113	1.1874	1.3322
ENSMUSG00000049315	-0.0784	-0.3067	-0.6798	0.4431	0.0287	0.2478
ENSMUSG00000049323	0.1196	0.3968	-0.6748	0.5820	-0.0734	0.0478
ENSMUSG00000049327	-0.3678	-0.5520	-0.0921	-0.0190	0.1153	-0.1311
ENSMUSG00000049334	0.1086	0.5183	-0.1928	0.5902	-0.5950	-0.0564
ENSMUSG00000049354	-0.7306	-0.3319	-0.4516	-1.1549	-0.4670	-1.3024
ENSMUSG00000049362	0.2185	0.3818	-0.0234	-0.8058	0.0776	-0.2390
ENSMUSG00000049372	-0.2872	-0.0238	0.5313	-0.3681	-0.5345	0.4545
ENSMUSG00000049382	1.6883	2.0768	1.7540	1.8559	1.9265	2.2475
ENSMUSG00000049387	-0.1903	0.0803	0.2571	0.0002	-0.3184	-0.3913
ENSMUSG00000049401	0.0879	-0.1080	0.0802	0.1116	0.0439	0.0609
ENSMUSG00000049422	-0.4130	-0.0109	-0.1228	-0.3248	0.1361	-0.4262
ENSMUSG00000049456	-0.1485	0.0079	0.1744	-0.4632	0.1309	-0.4323
ENSMUSG00000049470	-0.0091	-0.2545	-0.3184	0.2363	0.1348	0.2672
ENSMUSG00000049482	-0.3631	0.5255	-0.0035	-0.8286	0.3584	0.3302
ENSMUSG00000049491	-0.1658	-0.1154	-0.0550	-0.2156	-0.4978	0.8832
ENSMUSG00000049498	-0.3942	0.0932	-0.2224	0.2990	-0.2225	0.0823
ENSMUSG00000049502	0.1800	-0.0719	-0.7800	-0.2229	-0.6037	0.1097
ENSMUSG00000049511	-0.2776	0.1688	-0.4048	0.1759	0.5032	0.3191
ENSMUSG00000049517	0.2041	-0.3059	-0.7744	-0.5432	0.2953	0.2213
ENSMUSG00000049528	-0.0262	0.1954	0.8335	-0.4383	0.4823	-0.1102
ENSMUSG00000049548	0.2296	0.8734	0.7171	0.7916	0.7429	1.3486
ENSMUSG00000049550	0.2050	0.5624	-0.2088	-0.2222	-0.5125	-0.3848
ENSMUSG00000049551	0.5883	1.1148	0.4356	0.7990	1.2567	1.5147
ENSMUSG00000049553	-0.4213	-0.4490	0.1536	-0.1159	0.1642	-0.0740
ENSMUSG00000049561	-0.0225	0.0966	0.0627	-0.0305	-0.3207	0.3564
ENSMUSG00000049573	-0.5925	0.5332	0.2963	-0.0966	0.6241	0.0651
ENSMUSG00000049583	-0.0551	-0.0284	0.3873	-0.4080	-0.3586	-0.0402
ENSMUSG00000049593	-1.2799	-2.1216	-1.6507	-2.0708	-2.0493	-2.8252
ENSMUSG00000049605	0.1483	1.0041	-0.1875	0.1159	0.0914	0.5113
ENSMUSG00000049618	-0.4716	-0.4305	-0.6678	-1.5645	-1.7324	-1.0415
ENSMUSG00000049624	-0.0081	0.2967	0.3144	0.2686	-0.0292	-0.2508
ENSMUSG00000049648	0.0162	0.3125	0.3509	-0.0561	-0.4959	0.3196
ENSMUSG00000049674	-0.0589	-1.0923	-0.6510	-0.9038	-1.1471	-1.3556
ENSMUSG00000049686	-0.7113	-0.3715	-0.7536	-0.2695	-0.6842	-0.7958
ENSMUSG00000049699	-0.3016	-0.0388	-0.0488	0.3178	0.1592	-0.1470
ENSMUSG00000049708	0.3540	-0.1492	0.1887	-0.0347	-0.6249	0.1859
ENSMUSG00000049717	0.1602	-0.1430	0.4331	-0.1652	0.0966	-0.1967
ENSMUSG00000049721	1.6388	2.3163	1.7375	1.1905	1.6550	1.9422
ENSMUSG00000049734	0.5119	-0.2018	0.2647	0.0116	-0.4763	0.4766
ENSMUSG00000049737	0.3705	0.4948	-0.2774	-0.3675	0.0730	-0.1030
ENSMUSG00000049741	0.4642	-0.6276	-0.0898	0.1185	0.3052	-0.6024
ENSMUSG00000049751	-0.1618	0.3972	-0.4728	0.3700	-0.2531	0.5752
ENSMUSG00000049758	-0.2406	0.2028	0.1496	-0.4797	0.6820	-0.2779
ENSMUSG00000049775	0.2419	0.2171	0.1509	-0.7640	0.1279	0.0647
ENSMUSG00000049791	-0.1897	0.4898	0.3680	-0.1929	0.0472	-0.4756
ENSMUSG00000049796	-0.0476	-0.3576	-0.1610	-0.2295	0.1089	-0.9708
ENSMUSG00000049797	0.1551	0.2030	-0.4034	-0.3256	-0.7464	0.1792
ENSMUSG00000049806	0.6438	0.3084	-0.1760	-0.2316	0.3570	-0.3182
ENSMUSG00000049843	0.7907	0.3428	0.1731	-0.2346	-0.4773	0.4852
ENSMUSG00000049858	-0.0026	0.1171	-0.0445	-0.3316	0.0368	-0.4734
ENSMUSG00000049864	0.0756	-0.0025	0.0184	0.1005	-0.6387	0.0961
ENSMUSG00000049892	0.2467	0.0797	0.0429	-0.9362	-0.0977	0.0808
ENSMUSG00000049894	-0.3776	0.4410	-0.4782	-0.0808	-0.4659	-0.0538
ENSMUSG00000049926	-0.3677	0.4214	0.1966	-0.2594	-0.0492	0.1778
ENSMUSG00000049928	0.0012	-0.2080	0.3316	-0.3198	0.1417	0.0014
ENSMUSG00000049929	0.2048	0.2450	-0.0722	-0.2404	-0.1199	0.2913
ENSMUSG00000049932	0.2172	0.2324	0.1347	0.2027	-0.3406	0.1357
ENSMUSG00000049939	-0.0016	0.1128	-0.0393	0.1032	0.2706	-0.3298
ENSMUSG00000049940	0.0472	0.3726	-0.0755	0.0560	-1.0230	0.0437
ENSMUSG00000049950	-0.4997	0.0967	0.3748	0.0977	-0.5691	-0.0646
ENSMUSG00000049960	-0.2482	-0.2531	0.3423	0.1008	0.4121	-0.0925
ENSMUSG00000049999	0.1504	0.2094	0.2730	0.0511	0.1807	0.1261
ENSMUSG00000050002	-1.1291	-1.0216	-0.5891	-0.4958	-0.9620	-1.3351
ENSMUSG00000050015	-0.1731	0.6227	1.0802	1.3494	1.0167	1.0689
ENSMUSG00000050023	-0.1089	0.0976	-0.4593	-0.2711	0.3617	0.2622
ENSMUSG00000050028	0.3239	0.7283	-0.3803	0.1647	0.0785	0.1952
ENSMUSG00000050029	0.1249	-0.0004	0.2219	0.4366	0.1615	-0.5341
ENSMUSG00000050030	0.7261	1.0719	0.9911	0.6258	0.6513	1.4922
ENSMUSG00000050069	-0.2506	0.4560	0.1250	0.1895	0.1980	0.1285
ENSMUSG00000050085	0.2643	-0.1037	0.0566	0.3734	0.1471	-0.4358
ENSMUSG00000050092	1.3469	1.6858	1.8462	1.9963	2.3540	2.6795
ENSMUSG00000050097	0.3852	0.1566	-0.0179	0.8197	0.0468	-0.6902
ENSMUSG00000050114	-0.5066	-1.0327	-0.0656	-0.9219	-1.4226	-0.9490
ENSMUSG00000050128	-0.2292	-0.2097	-0.4659	-0.4749	-0.2724	0.0333
ENSMUSG00000050132	0.4730	-0.2717	-0.3243	0.2138	0.2130	-0.2546
ENSMUSG00000050134	-0.4194	-0.0219	-0.0254	0.7376	-0.1815	-0.0595
ENSMUSG00000050147	-0.3268	0.4155	0.3560	-0.6343	0.7980	0.1204
ENSMUSG00000050148	-0.1653	0.1911	0.8660	0.6418	0.0227	0.0444
ENSMUSG00000050158	0.1060	0.0147	-0.4541	0.3898	-0.1719	-0.2785
ENSMUSG00000050164	0.1910	0.3319	0.6565	0.1618	-0.3255	-0.2044
ENSMUSG00000050195	-0.6929	-0.9479	-1.0266	-1.0708	-0.7478	-2.0527
ENSMUSG00000050198	0.6641	-0.1911	-0.0308	-0.7828	0.3923	-0.1123
ENSMUSG00000050199	-0.1069	-0.1053	0.0864	0.3853	0.0067	-0.0808
ENSMUSG00000050211	-0.5931	0.0257	-0.4140	-0.4131	-0.7157	0.4794
ENSMUSG00000050215	-0.0027	0.5136	0.5500	-0.2894	-0.0991	-0.8891
ENSMUSG00000050222	-0.0063	0.2674	-0.4227	0.0089	-0.2882	-0.4983
ENSMUSG00000050229	0.1091	-0.5749	-0.1746	0.3128	0.3165	0.6082
ENSMUSG00000050232	0.1532	-0.6568	-0.4621	0.3753	-0.0577	-0.2432
ENSMUSG00000050244	0.5835	0.4935	0.3992	-0.4368	-0.4714	-0.1399
ENSMUSG00000050248	-0.3131	0.2076	-0.3641	-0.1464	-0.1789	-0.3435
ENSMUSG00000050251	-0.3844	0.1607	-0.4396	-0.3479	-0.2089	0.2952
ENSMUSG00000050266	0.0999	0.1541	0.0612	-0.0534	0.1012	-0.1334
ENSMUSG00000050281	0.0537	-0.3698	-0.3441	-0.2166	0.7215	0.6552
ENSMUSG00000050288	-0.5228	-0.5322	-0.0050	0.1106	0.4014	-0.1180
ENSMUSG00000050296	1.5174	1.5041	1.7172	1.8487	2.3635	2.1396
ENSMUSG00000050310	-0.3049	-0.3574	0.0819	0.1308	0.1925	0.4658
ENSMUSG00000050315	0.2840	0.0915	-0.1504	0.4956	-0.4553	-0.4761
ENSMUSG00000050323	-0.2059	-0.8173	-0.2132	-0.0236	0.6740	0.3262
ENSMUSG00000050343	0.2026	-0.3897	-0.4953	0.8720	0.0660	0.1705
ENSMUSG00000050359	1.2539	1.5190	1.9640	2.4421	2.6703	2.8892
ENSMUSG00000050366	-0.6056	0.2350	0.0226	0.4082	-0.1176	-0.0337
ENSMUSG00000050368	0.1784	0.2184	-0.0909	0.2659	-0.1054	0.0377
ENSMUSG00000050370	-0.9877	-0.8853	-1.9091	-1.8581	-2.6466	-1.7747
ENSMUSG00000050377	0.2052	0.6176	0.0435	0.1242	0.3538	0.3872
ENSMUSG00000050379	0.4244	0.6545	1.1039	1.0379	1.1345	0.9828
ENSMUSG00000050382	-0.4396	-0.1644	0.1759	0.3400	0.0198	-0.4860
ENSMUSG00000050395	0.3722	-0.1176	-0.3862	0.2987	0.1624	0.1107
ENSMUSG00000050435	-0.0297	0.1430	-0.0949	-0.0603	0.7819	-0.3434
ENSMUSG00000050440	-0.1647	-0.0439	-0.1206	0.3231	-0.0961	0.1413
ENSMUSG00000050445	1.2436	1.6912	2.1051	1.9550	2.8971	2.3967
ENSMUSG00000050447	-0.0740	0.3075	0.2304	-0.1184	0.2120	0.4180
ENSMUSG00000050463	1.2361	1.8465	2.5243	2.8862	2.4592	2.4663
ENSMUSG00000050478	-0.1029	-0.1465	0.1674	-0.2254	0.6288	0.2218
ENSMUSG00000050504	0.2481	0.4251	-0.3728	-0.4145	-0.0061	0.1540
ENSMUSG00000050505	0.4228	0.3204	0.7588	0.2119	-0.0232	-0.1892
ENSMUSG00000050511	0.4940	0.6861	1.0862	0.4572	1.1550	0.5904
ENSMUSG00000050520	1.6275	1.0639	2.2070	2.4319	2.2738	3.0048
ENSMUSG00000050534	0.2499	0.2274	-0.0278	-0.3774	-0.5285	0.4955
ENSMUSG00000050541	-0.0870	0.6097	-0.5211	0.1671	-0.1404	-0.0824
ENSMUSG00000050552	-0.1474	-0.0200	0.2032	-0.6512	0.2412	0.6035
ENSMUSG00000050553	-0.1811	-0.3324	0.4848	0.3632	-0.3767	-0.0746
ENSMUSG00000050567	-0.7132	-0.4149	-0.3417	0.0640	-0.5038	-0.0073
ENSMUSG00000050578	0.3457	-0.2551	0.1035	-0.1094	-0.0221	-0.0583
ENSMUSG00000050587	-0.2729	-0.1690	0.4489	0.0797	0.0197	-0.2268
ENSMUSG00000050603	-0.0697	-0.9808	0.0602	-0.1424	-0.4421	0.5618
ENSMUSG00000050613	-0.2131	0.2680	0.3120	0.4148	0.3755	-0.5380
ENSMUSG00000050621	-0.4456	-0.4424	0.2785	0.1313	0.0864	0.0835
ENSMUSG00000050627	0.0929	0.1646	0.0111	-0.5728	0.1019	-0.0942
ENSMUSG00000050654	0.1286	-0.4668	0.0766	-0.2576	-0.0353	-0.1781
ENSMUSG00000050675	0.1968	-0.1100	0.1383	-0.0611	0.0182	0.0212
ENSMUSG00000050697	-0.2258	0.0151	0.2868	-0.7978	-0.3959	-0.0192
ENSMUSG00000050708	0.4793	-0.5294	0.1995	-0.0957	0.2440	0.0704
ENSMUSG00000050732	-0.4342	0.3661	0.2019	0.2646	-0.4108	0.2082
ENSMUSG00000050737	-0.5445	-0.1417	0.1107	-0.0588	-0.0913	-0.2506
ENSMUSG00000050742	-0.2168	-0.1840	-0.1257	-0.2484	-0.2248	-0.4914
ENSMUSG00000050756	-0.8188	-0.0830	0.1750	-0.1712	-0.0968	-0.4609
ENSMUSG00000050761	0.8353	1.4082	0.8618	0.7892	0.7336	1.3919
ENSMUSG00000050763	-0.7556	-0.0002	-0.1639	-0.1763	-0.2618	-0.1056
ENSMUSG00000050772	0.0064	0.2266	-0.0931	-0.6760	-0.1790	0.2469
ENSMUSG00000050776	-0.0759	-0.7680	0.4468	-0.3359	-0.2405	-0.6790
ENSMUSG00000050783	-0.0421	-0.6392	-0.4162	-0.0749	0.2064	-0.9697
ENSMUSG00000050788	-0.2263	-0.1705	0.5229	-0.5493	-0.1158	0.3807
ENSMUSG00000050796	0.0336	-0.1438	-0.5088	0.0800	0.5796	0.0493
ENSMUSG00000050799	0.3933	-0.0102	0.1925	-0.0683	-0.0337	0.4625
ENSMUSG00000050803	-0.6266	0.3415	0.2168	0.0524	0.3460	-0.0532
ENSMUSG00000050813	0.5622	0.5739	0.4255	0.1391	0.2794	0.0289
ENSMUSG00000050815	0.2278	-0.0513	-0.0630	-0.5025	-0.2368	0.0703
ENSMUSG00000050818	0.6737	0.2546	-0.1975	-0.3477	-0.2764	-0.1121
ENSMUSG00000050824	0.0055	-0.2925	-0.3594	-0.3567	-0.0544	-0.1597
ENSMUSG00000050853	0.4960	0.1628	0.2433	0.0622	-0.2518	0.7370
ENSMUSG00000050856	0.3455	-0.4577	-0.0820	0.6958	-0.2401	0.6339
ENSMUSG00000050860	0.6152	0.8981	0.6285	1.0772	1.2013	0.8952
ENSMUSG00000050865	0.3122	0.2375	0.2810	0.6317	0.1431	-0.2475
ENSMUSG00000050901	0.0016	-0.3411	0.0708	-0.4095	-0.3302	0.2282
ENSMUSG00000050917	-0.5311	-0.1688	-0.0081	0.1290	0.2856	-0.6319
ENSMUSG00000050921	-0.3899	0.3934	-0.1443	-0.2231	0.5679	0.9725
ENSMUSG00000050931	0.0178	0.2805	0.1358	0.2180	-0.0681	-0.1857
ENSMUSG00000050953	-0.0123	0.4658	-0.4547	0.4945	-0.5815	-0.0695
ENSMUSG00000050965	0.6329	0.7050	-0.3712	0.2659	-0.5061	0.5790
ENSMUSG00000050978	0.5620	-0.3216	-0.4363	-0.1257	-0.5717	0.3658
ENSMUSG00000051003	-0.4933	-0.1481	0.3027	-0.0505	-0.0667	0.3651
ENSMUSG00000051022	0.7613	0.1002	0.3337	0.5405	-0.0299	-0.3192
ENSMUSG00000051046	-0.4707	0.4776	0.1851	-0.0288	-0.1634	0.3815
ENSMUSG00000051048	-0.0830	0.1920	-0.2907	-0.5745	0.0997	-0.0374
ENSMUSG00000051051	0.7341	-0.0155	-0.0108	-0.1506	0.5678	-0.4065
ENSMUSG00000051062	0.2751	-0.3639	-0.6213	-0.3910	-0.1658	-0.2381
ENSMUSG00000051076	0.0662	0.4472	0.9162	1.0631	1.2994	1.4827
ENSMUSG00000051081	-0.5610	-0.3713	0.0659	0.4399	-0.3474	0.5470
ENSMUSG00000051095	0.1236	-0.0555	0.0485	0.0751	0.2454	0.6476
ENSMUSG00000051098	0.5121	0.2817	-0.6315	-0.2063	-0.3472	-0.0400
ENSMUSG00000051111	0.2675	0.2018	-0.0537	-0.3420	0.3367	-0.0056
ENSMUSG00000051118	0.0444	0.6879	1.4657	0.6091	1.0103	1.2043
ENSMUSG00000051136	0.2599	-0.5998	-0.1376	-0.2553	-0.1624	-0.4185
ENSMUSG00000051147	0.0669	0.0630	0.7511	-0.4083	-0.1688	-0.2403
ENSMUSG00000051153	-0.3541	-0.1102	-0.1484	0.0855	0.3240	0.0007
ENSMUSG00000051156	-0.8866	0.4674	0.5928	0.0967	-0.2622	-0.5662
ENSMUSG00000051160	0.0684	-0.7029	-1.3627	-0.7389	-1.7153	-1.2512
ENSMUSG00000051172	0.1445	-0.4562	0.6349	-0.0779	0.5447	0.4520
ENSMUSG00000051177	0.1271	-0.4463	0.5168	-0.3032	0.5670	0.2652
ENSMUSG00000051180	0.1718	-0.2139	0.4012	-0.2658	0.4436	-0.2910
ENSMUSG00000051182	0.0042	-0.0202	-0.1538	0.1309	-0.8346	0.0168
ENSMUSG00000051190	-0.2789	-0.2747	0.1233	0.3049	-0.5701	-0.0582
ENSMUSG00000051200	-0.0008	0.2618	0.4581	-0.0070	0.1394	0.2076
ENSMUSG00000051207	-1.4507	-1.2739	-1.9671	-2.6949	-2.3312	-2.4442
ENSMUSG00000051209	-0.2700	0.0941	0.4543	-0.3958	-0.5359	0.3517
ENSMUSG00000051234	0.0822	-0.1526	-0.1291	0.0566	-0.1931	0.3960
ENSMUSG00000051258	-0.0698	0.1590	-0.3295	-0.0949	0.0294	-0.4434
ENSMUSG00000051262	0.0390	0.0773	0.1663	-0.0533	-0.8448	0.1736
ENSMUSG00000051279	-0.4600	0.0545	-0.4951	0.3710	0.1186	-0.3279
ENSMUSG00000051313	-0.3295	0.0419	0.0752	-0.0545	-0.4557	-0.2322
ENSMUSG00000051314	-0.2340	-0.2416	0.3163	-0.2203	0.1390	-0.2064
ENSMUSG00000051316	-0.2680	-0.4208	0.5237	0.1389	-0.1383	-0.0418
ENSMUSG00000051329	-0.0602	-0.3103	0.0428	0.1289	-0.2640	-0.3850
ENSMUSG00000051331	0.1445	0.0629	-0.5919	0.2049	-0.5930	0.3975
ENSMUSG00000051340	-0.1131	-0.2154	0.8632	-0.1454	0.2474	0.3892
ENSMUSG00000051343	0.7822	0.5879	0.2921	-0.2298	-0.0261	0.4114
ENSMUSG00000051359	0.3908	0.3972	0.1200	0.1815	-0.2189	-0.4452
ENSMUSG00000051362	-0.2324	-0.1716	0.0220	0.5244	0.1378	-0.0646
ENSMUSG00000051367	-0.6626	0.0577	-0.3529	-0.2120	0.5184	0.1452
ENSMUSG00000051375	-0.1370	0.6749	-0.0659	0.1508	-0.0568	0.2611
ENSMUSG00000051378	-0.2430	-0.2599	0.5333	0.1078	-0.1834	0.2711
ENSMUSG00000051391	0.1572	-0.7663	-0.6830	0.2594	0.0038	-0.1346
ENSMUSG00000051392	0.1890	0.1323	0.3150	-0.3665	0.3488	0.4090
ENSMUSG00000051414	0.0410	0.0386	0.1574	0.3704	0.0545	0.0998
ENSMUSG00000051424	-0.4260	-0.0519	-0.0210	-0.1918	0.7772	0.4073
ENSMUSG00000051439	-0.2195	-0.3032	-0.0940	-0.4861	0.1031	-0.1710
ENSMUSG00000051457	0.1283	0.3536	-0.2235	0.0388	0.3232	-0.0078
ENSMUSG00000051483	0.3468	-0.4712	0.3670	-0.2375	-0.2864	-0.3391
ENSMUSG00000051493	0.0227	0.0179	-0.3826	-0.7302	-0.2498	0.2312
ENSMUSG00000051497	-0.7590	-1.1007	-1.0143	-0.7336	-0.9874	-0.9520
ENSMUSG00000051498	-0.7753	0.2034	0.2894	-0.1172	0.7706	0.3600
ENSMUSG00000051504	-0.0474	-0.3254	0.0033	0.0531	-0.0797	-0.4617
ENSMUSG00000051509	0.0746	0.3091	0.1686	-0.6479	-0.0306	-0.3264
ENSMUSG00000051528	-0.1701	-0.0876	-0.0858	0.0409	0.7367	0.2097
ENSMUSG00000051591	0.9124	-0.7380	0.0333	-0.4752	0.1303	-0.0843
ENSMUSG00000051592	-0.0307	-0.9840	-0.0983	-0.1978	-0.0265	0.1033
ENSMUSG00000051593	-0.0159	-0.5533	0.2403	0.2412	0.3078	-0.4776
ENSMUSG00000051611	-0.3018	-0.3777	0.0438	-0.1246	-0.0022	0.0014
ENSMUSG00000051617	2.0523	1.3268	1.8022	2.0636	2.2007	2.8461
ENSMUSG00000051618	-0.1349	-0.5932	-0.7465	0.1879	0.3617	0.1400
ENSMUSG00000051650	-0.2520	-1.2058	-0.9958	-0.8784	-1.2727	-1.2356
ENSMUSG00000051671	0.2514	-0.0013	0.7389	0.1755	0.6483	0.4192
ENSMUSG00000051675	0.5708	0.1301	-0.3020	0.3249	0.1435	-0.7507
ENSMUSG00000051680	0.6456	0.7472	-0.3770	0.0195	0.0131	-0.1314
ENSMUSG00000051695	-0.0135	-0.3202	-0.3307	-0.1095	0.6424	0.3904
ENSMUSG00000051706	0.0221	-0.0721	0.8844	0.1454	-0.1541	0.2732
ENSMUSG00000051732	-0.3703	0.7096	-0.0289	0.4495	-0.3364	0.1535
ENSMUSG00000051747	0.3802	-0.2770	0.1824	0.6692	-0.0547	0.2186
ENSMUSG00000051768	0.2320	0.1614	-0.2834	-0.0489	0.1422	0.2960
ENSMUSG00000051790	0.0559	0.6433	0.1230	-0.1181	0.3285	0.2715
ENSMUSG00000051793	-0.0732	0.3107	0.0473	-0.3290	0.0228	0.3066
ENSMUSG00000051811	0.1838	-0.3670	0.0587	-0.4285	-0.4501	0.3071
ENSMUSG00000051839	0.0784	-0.0882	-0.0804	-0.2233	-0.0727	0.2013
ENSMUSG00000051853	-0.1500	-0.1344	-0.0752	-0.4812	0.0703	-0.1492
ENSMUSG00000051879	0.1149	0.0637	-0.1138	0.2667	0.6164	0.4895
ENSMUSG00000051885	-0.0412	-0.3924	-0.6088	-0.3281	-0.1544	0.3780
ENSMUSG00000051900	0.3074	-0.0401	-0.6198	-0.1724	-0.0814	-0.5194
ENSMUSG00000051906	0.2031	-0.2841	-0.5535	-0.2123	-0.4486	0.3089
ENSMUSG00000051917	0.6610	-0.2078	0.2652	0.6655	-0.3713	0.7394
ENSMUSG00000051920	0.1567	0.0688	-0.1209	-0.0753	0.1269	-0.2619
ENSMUSG00000051950	0.2268	-0.0576	-0.2116	0.3057	-0.2515	0.6990
ENSMUSG00000051951	0.0249	-0.1317	0.0384	-0.3779	-0.5591	-0.2436
ENSMUSG00000051952	-0.6210	0.4059	0.1202	0.7748	0.1338	-0.3086
ENSMUSG00000051969	0.1650	0.8634	0.1820	0.3698	0.3496	-0.4548
ENSMUSG00000051977	-0.4414	0.1810	-0.3182	-0.5513	0.4982	0.1002
ENSMUSG00000051980	-0.0408	0.2229	-0.1087	-0.2251	-0.1597	0.3251
ENSMUSG00000051984	-0.2339	-0.3740	0.2348	-0.0736	-0.1336	0.0574
ENSMUSG00000052012	0.4729	-0.8073	-0.7802	0.6256	-0.1735	-0.1884
ENSMUSG00000052026	-0.3257	0.1020	0.7608	0.2295	0.2869	0.3082
ENSMUSG00000052058	0.0599	-0.2797	-0.3564	-0.2600	0.2507	0.0497
ENSMUSG00000052087	0.0796	-0.0316	0.0001	0.0796	0.4131	0.2501
ENSMUSG00000052102	-0.7087	-0.1120	-0.1184	-0.0858	-0.3493	-0.0213
ENSMUSG00000052131	-0.3993	-1.3251	-0.8525	-2.1798	-1.3982	-0.9305
ENSMUSG00000052133	0.1550	-0.0188	0.2667	-0.8315	-0.3898	0.1319
ENSMUSG00000052135	-0.9256	-0.5565	-0.8668	-1.1341	-1.1203	-1.0655
ENSMUSG00000052139	-0.0767	-0.0870	0.2317	0.4511	-0.0629	0.1767
ENSMUSG00000052142	0.3661	-0.2970	-0.0828	-0.0877	-0.0043	0.0611
ENSMUSG00000052146	-0.0268	0.0208	0.3002	-0.3019	0.0781	0.0001
ENSMUSG00000052151	0.3847	-0.1488	-0.0380	0.4612	0.3189	-0.0399
ENSMUSG00000052155	-0.2905	0.5523	0.3902	0.4225	-0.1236	0.0587
ENSMUSG00000052160	-0.3479	-0.1849	0.5256	0.4819	0.2654	0.0316
ENSMUSG00000052180	0.4841	0.5382	-0.5605	-0.6358	0.5243	0.0391
ENSMUSG00000052182	0.4991	-0.1150	-0.3909	-0.1650	0.3200	-0.3627
ENSMUSG00000052234	-0.0527	0.3922	0.0517	0.0644	-0.4724	0.0734
ENSMUSG00000052270	0.2768	0.1153	0.1700	-0.0069	0.0213	-0.0265
ENSMUSG00000052271	0.8667	0.7518	1.4976	1.0866	1.0317	1.2403
ENSMUSG00000052273	0.2462	-0.3538	0.1551	-0.0773	0.2342	0.2272
ENSMUSG00000052293	0.2997	-0.0063	-0.0046	0.0797	0.1591	-0.1750
ENSMUSG00000052305	-0.2450	0.1285	0.0885	0.0610	-0.2320	-0.2145
ENSMUSG00000052310	-0.2533	-0.1710	-0.3633	-0.0644	-0.4945	-0.0166
ENSMUSG00000052336	0.4822	0.3068	0.2864	-0.2770	0.2094	-0.6293
ENSMUSG00000052372	0.2763	-0.1600	0.1137	0.1589	-0.1428	0.2348
ENSMUSG00000052373	0.2504	0.0116	-0.2991	0.3132	0.1819	0.0319
ENSMUSG00000052374	-0.2479	0.0232	0.3986	-0.0658	0.4108	0.3093
ENSMUSG00000052384	0.2449	0.0433	-0.3454	0.1760	0.4017	-0.3994
ENSMUSG00000052392	-0.2426	0.1629	0.0347	-0.0580	0.0192	0.2457
ENSMUSG00000052396	-0.1165	-0.0920	-0.1853	-0.1376	0.9805	-0.0067
ENSMUSG00000052397	-0.2728	0.0187	-0.1460	0.2253	0.6158	-0.2691
ENSMUSG00000052415	1.0414	0.9636	1.2355	1.7240	2.5431	2.9631
ENSMUSG00000052417	0.2836	0.1603	-0.2948	0.2368	-0.2735	0.8004
ENSMUSG00000052423	0.3367	-0.3659	-0.0736	-0.7322	0.3677	-0.1493
ENSMUSG00000052430	0.2739	0.2308	0.2261	-0.0985	0.1185	0.3732
ENSMUSG00000052435	0.4311	0.5006	0.3905	0.0489	0.0101	0.3975
ENSMUSG00000052456	0.3572	-0.3433	0.1880	0.0770	-0.0001	-0.2403
ENSMUSG00000052459	0.3632	-0.1346	0.6209	-0.1357	0.0269	-0.0174
ENSMUSG00000052468	-0.9240	-0.0190	-0.6263	0.2838	0.0931	-0.2703
ENSMUSG00000052488	-0.6408	-0.3087	-0.0523	0.2679	0.1587	-0.3484
ENSMUSG00000052504	-0.2390	0.2286	0.3262	-0.2598	-0.1575	0.2271
ENSMUSG00000052508	0.3039	0.0445	-0.4871	-0.0728	0.4824	-0.3522
ENSMUSG00000052516	0.1780	-0.1558	0.2936	-0.1642	-0.0984	0.0860
ENSMUSG00000052520	0.0010	-0.4111	-0.2495	-0.5681	0.4643	-0.3568
ENSMUSG00000052525	0.0607	-0.1824	0.0005	-0.1617	-0.4044	0.2685
ENSMUSG00000052533	0.4685	-0.3374	0.0642	0.0406	-0.5873	-0.9308
ENSMUSG00000052534	0.3254	-0.3412	-0.6097	-0.1434	-0.5875	0.2092
ENSMUSG00000052537	0.2628	-0.4794	-0.0982	0.1497	-0.0938	-0.5591
ENSMUSG00000052539	0.0827	-0.1123	0.1562	-0.1300	-0.0011	-0.0363
ENSMUSG00000052544	-0.1376	-0.2143	-0.0637	-0.2409	-0.1608	-0.0630
ENSMUSG00000052572	0.0658	0.3570	-0.0607	0.1412	0.2280	-0.3228
ENSMUSG00000052581	0.2662	-0.0774	0.1275	-0.5494	0.3323	-0.3652
ENSMUSG00000052593	0.1911	-0.3648	0.2867	0.4366	0.3925	-0.3810
ENSMUSG00000052625	-0.0094	-0.1263	0.1461	-0.3382	-0.1529	-0.0433
ENSMUSG00000052632	-0.8417	0.0547	-0.6361	-0.1242	-0.1891	0.0470
ENSMUSG00000052681	0.1863	-0.2472	-0.6031	0.7579	-0.1349	-0.5968
ENSMUSG00000052684	0.2302	0.1448	0.0507	0.8332	-0.2982	0.0508
ENSMUSG00000052688	0.4012	-0.0791	-0.8443	-0.0041	0.2917	0.0591
ENSMUSG00000052698	-0.3472	0.4126	-0.2689	-0.2283	-0.2710	-0.0491
ENSMUSG00000052727	-0.4041	-0.3906	-0.0580	-1.2263	-0.2511	0.0248
ENSMUSG00000052736	0.0927	0.4283	0.1599	0.3178	-0.0423	-0.0653
ENSMUSG00000052738	0.4919	0.0738	-0.3228	-0.1340	0.2398	-0.3866
ENSMUSG00000052776	0.0019	0.2857	-0.0070	-0.2118	0.1861	-0.6668
ENSMUSG00000052783	0.0946	-0.8316	0.2212	-0.0164	0.0858	-0.0432
ENSMUSG00000052798	0.0565	0.6566	-0.2786	-0.4802	0.1454	-0.0522
ENSMUSG00000052818	-0.4457	0.3424	-0.4527	-0.3090	-0.0503	0.5552
ENSMUSG00000052819	-0.9602	-0.8173	-1.1137	-0.6691	-1.5863	-0.9912
ENSMUSG00000052821	0.1899	0.0565	-0.0267	0.1964	0.0875	-0.0851
ENSMUSG00000052833	-0.1784	0.2327	-0.1179	-0.0953	0.0499	0.7341
ENSMUSG00000052837	0.7494	-0.1592	-0.0038	-0.3444	0.0680	0.0987
ENSMUSG00000052850	0.2317	-0.2186	0.1850	0.3557	0.3204	0.3586
ENSMUSG00000052861	-0.2707	-0.0346	-0.0241	0.1106	0.1157	-0.4042
ENSMUSG00000052889	0.0130	0.0114	-0.4667	0.8137	-0.3035	-0.3201
ENSMUSG00000052906	0.3633	0.1879	-0.3265	0.4173	-0.3031	0.0393
ENSMUSG00000052911	0.8000	-0.3739	0.4671	-0.3027	0.5125	-0.6193
ENSMUSG00000052914	0.3588	-0.2582	0.5630	-0.8252	-0.2063	-0.4575
ENSMUSG00000052920	0.1496	0.3693	0.3330	-0.2568	0.5799	-0.3939
ENSMUSG00000052926	-0.3692	0.2095	-0.1279	0.0040	-0.0395	0.1970
ENSMUSG00000052957	-0.2306	-0.5013	-0.0139	0.1207	0.0501	-0.4591
ENSMUSG00000052962	0.3510	0.4544	0.4182	-0.0277	-0.5652	-0.2751
ENSMUSG00000052974	0.0393	0.0337	0.0516	-0.7085	-0.3478	0.4451
ENSMUSG00000052981	0.2249	-0.0338	-0.3179	0.4376	-0.1531	0.2928
ENSMUSG00000052997	0.1608	0.3877	0.0801	0.1055	0.1158	-0.7309
ENSMUSG00000053004	-0.1475	-0.4086	-0.0024	0.2990	0.2941	-0.2750
ENSMUSG00000053007	0.4381	-0.1336	0.2760	0.1444	-0.2602	-0.0913
ENSMUSG00000053024	-0.3576	0.5968	-0.4803	0.6905	0.2430	0.3255
ENSMUSG00000053025	0.8461	-0.4690	0.0001	-0.3346	-0.1519	0.4452
ENSMUSG00000053040	0.5066	0.9013	1.2348	1.0873	0.8438	1.2262
ENSMUSG00000053044	-0.4907	-0.3012	-0.1767	-0.5918	-0.1238	0.1096
ENSMUSG00000053062	0.1173	-0.3578	0.0671	-0.1947	0.3621	0.0672
ENSMUSG00000053093	-0.0363	-0.0993	-0.1421	0.4143	-0.1174	0.2055
ENSMUSG00000053110	-0.3790	-0.6887	-1.0599	-1.1653	-0.7999	-1.6249
ENSMUSG00000053113	0.8074	0.0113	-0.0816	0.1155	-0.1244	-0.5588
ENSMUSG00000053119	-0.9013	0.2532	0.2161	-0.3788	0.8055	-0.0258
ENSMUSG00000053137	0.0460	0.4010	-0.4469	0.1101	-0.2254	0.0650
ENSMUSG00000053146	0.7251	1.3885	1.0908	0.9285	1.5863	0.6074
ENSMUSG00000053158	0.4014	-0.0798	-0.5479	0.0657	0.6821	0.0152
ENSMUSG00000053175	0.3463	0.5330	0.5442	-0.4779	0.4502	-0.0620
ENSMUSG00000053217	-0.2421	0.3016	-0.1507	0.0632	0.0934	0.3528
ENSMUSG00000053219	-0.0621	-0.2054	-0.0663	0.2170	0.0054	-0.7370
ENSMUSG00000053251	0.0074	-0.0397	0.6781	-0.2444	-0.1135	-0.3505
ENSMUSG00000053268	0.3323	-0.1771	0.0551	0.2599	-0.2275	-0.1660
ENSMUSG00000053279	0.1182	-0.5087	0.2513	-0.3269	-0.3102	0.3152
ENSMUSG00000053287	0.2912	-0.0773	-0.3046	-0.4888	0.3650	0.2709
ENSMUSG00000053293	-0.6877	-0.5572	-0.6088	0.0184	0.0369	0.1964
ENSMUSG00000053317	0.4809	-0.6408	-0.0736	-0.1628	-0.3887	0.0012
ENSMUSG00000053368	-0.3855	0.2377	-0.0057	-0.2170	0.0277	0.1108
ENSMUSG00000053375	-0.1649	-0.2829	-0.1936	0.2092	-0.3752	-0.0025
ENSMUSG00000053389	0.3166	-0.0875	-0.3818	0.2326	0.4176	0.1820
ENSMUSG00000053391	-0.3476	0.3072	0.0193	0.0790	-0.3508	0.2033
ENSMUSG00000053395	-0.3333	-1.0528	-0.4004	-1.1742	-1.2658	-1.4006
ENSMUSG00000053398	0.5002	-0.1260	0.0432	0.3309	-0.8985	0.3965
ENSMUSG00000053411	-0.0103	0.0340	-0.3662	0.3039	-0.1511	-0.4308
ENSMUSG00000053436	0.0424	0.4683	-0.3295	0.2599	0.3025	0.0106
ENSMUSG00000053453	-0.5417	0.5572	-0.1700	-0.1907	0.2511	0.2825
ENSMUSG00000053460	-0.3920	-0.1273	-0.1384	-0.3216	-0.1796	0.2167
ENSMUSG00000053465	-0.1799	-0.1653	0.4285	-0.0599	-0.3733	-0.2939
ENSMUSG00000053469	-0.3236	-0.0154	-0.5550	0.0040	0.0816	-0.3255
ENSMUSG00000053470	-0.7368	-0.1809	0.1163	0.5644	-0.4499	0.1624
ENSMUSG00000053483	0.2652	-0.3220	-0.1879	-0.1981	0.1095	0.2250
ENSMUSG00000053536	0.1167	0.1755	0.0478	0.0536	0.3055	0.0549
ENSMUSG00000053604	0.2647	0.4840	0.2094	0.1706	-0.2397	0.1679
ENSMUSG00000053624	-0.2013	0.3841	0.3299	0.4084	-0.1282	-0.4312
ENSMUSG00000053644	-0.2612	-0.0364	0.0246	-0.6266	-0.3404	-0.0781
ENSMUSG00000053646	-0.3176	0.0587	0.6078	0.2034	-0.0587	-0.2543
ENSMUSG00000053647	0.2588	0.1235	0.1498	-0.3801	0.1293	0.3049
ENSMUSG00000053654	1.0747	1.7632	1.9376	1.4097	3.0543	2.8191
ENSMUSG00000053675	0.4950	0.1310	0.0132	-0.2070	-0.6672	-0.3727
ENSMUSG00000053678	0.9263	1.0851	2.2737	2.1863	3.0231	2.7988
ENSMUSG00000053695	1.1702	1.5411	2.0287	2.1757	2.3515	2.5170
ENSMUSG00000053702	0.1903	0.0018	0.8120	-0.6859	-0.0869	-0.3934
ENSMUSG00000053716	0.8475	-0.5938	0.1979	-0.5821	-0.0360	0.0528
ENSMUSG00000053719	0.9936	1.5970	2.3551	1.8755	1.9076	2.6257
ENSMUSG00000053754	-0.0210	0.3912	0.3711	-0.3426	0.1179	0.2231
ENSMUSG00000053773	-0.1384	0.2193	-0.0885	-0.1181	-0.2420	-0.4907
ENSMUSG00000053790	-0.1106	-0.4356	-0.4949	0.1980	0.3273	-0.1492
ENSMUSG00000053797	2.0602	1.8070	1.5016	2.2145	2.5062	2.5145
ENSMUSG00000053815	0.3506	0.1434	0.9201	-0.6001	-0.1115	0.1504
ENSMUSG00000053819	-0.2576	0.4890	-0.2648	0.0147	-0.0525	0.0301
ENSMUSG00000053820	-0.1546	0.5590	0.1204	0.0913	0.0446	0.3322
ENSMUSG00000053825	-0.2186	-0.1856	0.4737	-0.5396	0.2597	0.3607
ENSMUSG00000053835	0.1005	0.9573	0.3450	-0.1645	-0.4167	0.6277
ENSMUSG00000053846	-0.0016	0.2743	-0.6661	0.1348	0.6186	-0.3696
ENSMUSG00000053856	-0.3336	-0.2737	0.0827	-0.8671	0.0529	-0.1211
ENSMUSG00000053862	0.0145	0.1018	-0.2285	0.3786	0.1302	0.0566
ENSMUSG00000053863	-0.0270	0.0050	-0.2678	0.3709	-0.4532	0.0908
ENSMUSG00000053870	-0.5210	0.0242	-0.1748	-0.0991	-0.1084	0.2209
ENSMUSG00000053877	0.0939	-0.0173	-0.4468	0.0938	-0.0549	-0.1231
ENSMUSG00000053897	0.1781	0.2867	0.7261	0.0543	0.4709	0.0250
ENSMUSG00000053898	-0.3749	0.1436	-0.0450	0.1304	0.2547	0.7988
ENSMUSG00000053907	1.2586	0.1343	-0.0250	0.7996	0.1807	0.0719
ENSMUSG00000053916	0.2701	0.5298	0.4591	0.1312	-0.2514	0.2783
ENSMUSG00000053961	-0.0567	0.7790	0.2853	-0.8347	0.2367	-0.5243
ENSMUSG00000053965	0.0399	-0.3318	-0.0886	-0.1037	-0.6397	0.5433
ENSMUSG00000053977	-0.2401	0.0891	0.0627	-0.3712	0.2893	0.3238
ENSMUSG00000054008	0.3046	-0.1389	0.0034	-0.5870	0.0013	0.2345
ENSMUSG00000054021	0.5301	-0.3607	-0.0282	0.3629	0.4037	0.1648
ENSMUSG00000054036	0.2214	0.5420	-0.1870	0.2024	0.4872	-0.4837
ENSMUSG00000054051	-1.1280	-1.0861	-0.7375	-0.9101	-0.8895	-1.0473
ENSMUSG00000054052	0.4597	0.0238	-0.2116	0.0442	0.1478	0.6110
ENSMUSG00000054054	0.2567	-0.5574	0.2482	-0.7398	0.4652	0.1085
ENSMUSG00000054079	-0.0112	0.2689	-0.3745	0.0532	0.1978	-0.2929
ENSMUSG00000054091	0.2134	0.1040	0.1578	-0.0340	-0.1229	0.1073
ENSMUSG00000054106	-0.0471	0.0898	0.1143	-0.0363	0.2691	-0.2455
ENSMUSG00000054115	-0.4034	0.0150	0.1125	-0.2199	-0.3336	-0.2750
ENSMUSG00000054128	-0.6797	-0.0050	-0.0976	0.8335	0.0917	0.0066
ENSMUSG00000054136	0.1858	0.4256	-0.3970	0.3416	0.1533	-0.0783
ENSMUSG00000054141	-0.5735	0.2682	0.4157	0.2175	-0.2427	0.0636
ENSMUSG00000054146	-0.2751	0.4051	0.3638	-0.2321	-0.0333	0.0380
ENSMUSG00000054150	0.5610	-0.6050	-0.0379	-0.0555	-0.1698	-0.3042
ENSMUSG00000054236	-0.0794	-0.3870	-0.1060	-0.1748	-0.1824	-0.4783
ENSMUSG00000054252	0.2870	0.3129	-0.1400	0.3353	-0.2370	-0.1073
ENSMUSG00000054256	0.1189	0.3636	0.0819	0.4302	-0.0514	-0.1619
ENSMUSG00000054263	0.2661	0.5495	0.4869	-0.0872	-0.5577	-0.5193
ENSMUSG00000054266	0.1072	-0.4322	-0.5310	-0.4831	0.1141	-0.2014
ENSMUSG00000054277	0.1850	-0.0884	-0.2794	-0.0297	-0.4179	0.0778
ENSMUSG00000054293	-0.2175	-0.7598	-0.2292	-0.5602	-0.0306	0.0570
ENSMUSG00000054309	-0.3538	-0.1658	-0.4883	-0.1057	0.5160	-0.2807
ENSMUSG00000054312	0.4040	0.7289	0.0026	-0.1163	0.0111	-0.2099
ENSMUSG00000054321	-0.2101	0.0736	-0.0597	0.0254	-0.4071	-0.6891
ENSMUSG00000054325	-0.0479	0.4175	0.3145	-0.1299	-0.4113	-0.1398
ENSMUSG00000054342	-0.1470	0.0482	-0.1742	0.2683	-0.2834	-0.6476
ENSMUSG00000054364	0.2392	0.1609	0.0847	-0.4509	-0.0960	-0.5086
ENSMUSG00000054387	0.1904	0.3323	0.0806	0.3139	0.3374	-0.4187
ENSMUSG00000054406	0.0289	0.2121	0.6170	-0.0925	0.1810	-0.2509
ENSMUSG00000054408	0.0322	-0.0592	0.3478	-0.3534	-0.1063	1.0720
ENSMUSG00000054417	0.1947	-0.2242	0.3924	0.8839	-0.1238	-0.2187
ENSMUSG00000054422	-0.4120	-1.0963	-0.9276	-0.8769	-0.4942	-1.6764
ENSMUSG00000054431	-0.4014	0.3219	0.1780	0.0099	-0.3992	0.0093
ENSMUSG00000054446	-0.1135	0.3718	0.5525	0.4080	0.0310	0.1962
ENSMUSG00000054455	0.2217	0.1251	0.4487	0.6291	0.4033	0.3107
ENSMUSG00000054469	0.7032	-0.0736	-0.7569	-0.4129	-0.0926	-0.3886
ENSMUSG00000054477	-0.0265	-0.0329	-0.1600	0.6208	0.0778	-0.1288
ENSMUSG00000054497	0.6049	-0.1679	-0.0525	0.1014	0.3730	-0.5949
ENSMUSG00000054498	-0.1519	-0.2533	0.2329	0.4531	-0.2342	-0.2699
ENSMUSG00000054509	0.0123	0.3589	-0.0151	0.3805	-0.5682	-0.3327
ENSMUSG00000054520	-0.0996	0.0040	0.1229	-0.1441	0.1991	0.0724
ENSMUSG00000054526	0.1631	0.2287	0.0872	0.3331	0.7065	0.6694
ENSMUSG00000054545	-0.3386	-0.3366	-0.3774	0.8392	0.2639	-0.0842
ENSMUSG00000054580	-0.0223	0.7656	0.0550	-0.0366	0.4465	0.2746
ENSMUSG00000054582	-0.0613	-0.5454	-0.4958	-0.1981	-0.3215	-0.0841
ENSMUSG00000054594	-0.1105	0.2647	-0.1796	-0.0323	-0.7463	0.3411
ENSMUSG00000054611	0.1223	-0.1000	0.0030	0.2121	-0.5441	0.1664
ENSMUSG00000054630	0.1303	-0.4082	-0.5847	-0.1994	-0.1567	0.7837
ENSMUSG00000054640	-0.0482	-0.1889	-0.0236	0.0250	0.3475	0.6073
ENSMUSG00000054662	0.0862	0.1296	0.0337	0.1106	-0.0047	-0.4065
ENSMUSG00000054666	-0.4676	0.1316	-0.1638	0.1525	-0.2878	-0.0508
ENSMUSG00000054667	-0.1295	-0.4354	0.2274	0.0605	0.0419	-0.4950
ENSMUSG00000054693	0.1472	-0.0345	-0.2839	-0.0014	0.3975	0.5582
ENSMUSG00000054702	-0.4559	-0.1347	0.1956	-0.5684	-0.1233	-0.1432
ENSMUSG00000054746	-0.3317	-0.3760	0.0350	-0.0488	-0.0402	-0.1015
ENSMUSG00000054764	-0.4278	-0.0353	-0.4222	0.1487	0.0720	0.6912
ENSMUSG00000054793	0.6012	0.2211	0.8882	0.5670	1.2131	1.0635
ENSMUSG00000054808	-0.0850	0.5123	0.2682	0.4111	-0.6900	-0.4390
ENSMUSG00000054823	0.0762	-0.3161	0.0478	0.1654	-0.0306	-0.1175
ENSMUSG00000054827	-0.5951	-0.3012	-0.1589	-0.4595	-0.2429	-0.2022
ENSMUSG00000054855	-0.2489	-0.5391	0.4698	0.3363	0.1016	0.3460
ENSMUSG00000054889	-0.5930	-0.1369	-0.0024	-0.6188	0.5083	-0.2562
ENSMUSG00000054890	0.5764	-0.3858	0.3609	0.4945	0.2045	0.0816
ENSMUSG00000054892	0.1287	0.3254	0.2487	0.3015	-0.1629	0.3269
ENSMUSG00000054932	-0.2172	0.4211	-0.8682	0.2956	0.3840	-0.0884
ENSMUSG00000054934	0.4044	0.3256	0.1723	0.3090	-0.2260	-0.0206
ENSMUSG00000054938	-0.0168	-0.3886	0.3326	0.3403	-0.1290	-0.2764
ENSMUSG00000054940	-0.0298	-0.3455	-0.7356	0.0396	0.0900	0.3982
ENSMUSG00000054958	0.6511	-0.3332	-0.2855	-0.0727	-0.6271	-0.1929
ENSMUSG00000054988	1.4688	2.1230	1.0236	2.7221	1.9409	2.6474
ENSMUSG00000055013	0.3179	-0.2581	-0.3257	-0.7005	-0.1768	0.1597
ENSMUSG00000055022	0.1077	0.2491	0.0291	0.1754	0.1791	-0.6004
ENSMUSG00000055024	0.3610	1.1464	0.4494	1.7701	1.4218	1.0422
ENSMUSG00000055026	-0.3499	0.2485	-0.3584	-0.4011	0.0109	0.3073
ENSMUSG00000055027	-0.4430	0.2146	0.5781	0.9184	0.0065	-0.5198
ENSMUSG00000055030	-1.0610	-1.5873	-1.3407	-2.0253	-2.1222	-3.0400
ENSMUSG00000055033	0.2391	0.2448	0.3221	-0.5706	0.4732	0.0355
ENSMUSG00000055044	-0.3703	0.0549	-0.0899	0.2109	0.4760	0.0577
ENSMUSG00000055067	0.0839	0.2397	-0.1346	0.4471	0.0827	0.1501
ENSMUSG00000055078	-0.0398	0.2024	0.2880	-0.3319	-0.4234	-0.0352
ENSMUSG00000055088	-0.1053	0.5141	-0.1594	-0.2270	0.6257	-0.1399
ENSMUSG00000055116	-0.0227	0.0899	0.5870	-0.1565	-0.1917	0.1369
ENSMUSG00000055148	0.3263	0.6310	-0.2385	0.1968	0.3425	0.6594
ENSMUSG00000055170	-0.5751	0.0186	-0.2515	-0.0519	0.1977	0.1417
ENSMUSG00000055172	-0.4627	0.2400	-0.0035	0.0656	-0.1596	0.1714
ENSMUSG00000055197	-0.6725	0.3771	-0.0696	-0.3488	-0.0947	0.4662
ENSMUSG00000055254	0.7939	0.5041	-0.1660	-0.0221	0.3235	-0.0429
ENSMUSG00000055298	-0.2533	0.4523	0.5420	0.0913	-0.1855	0.2793
ENSMUSG00000055301	-0.2970	-0.2139	0.2663	-0.3945	0.5013	-0.0708
ENSMUSG00000055320	0.2232	-0.0210	-0.2366	0.1350	-0.3248	-0.0430
ENSMUSG00000055334	-0.5001	-0.0079	-0.3560	0.4923	0.7578	-0.0542
ENSMUSG00000055368	-0.0040	-0.3387	-0.3511	-0.2484	0.1072	-0.0287
ENSMUSG00000055371	0.4369	-0.7890	0.0945	-0.3448	-0.1480	-0.0300
ENSMUSG00000055373	-0.9571	-0.5520	-0.6233	-0.6189	0.6043	0.1786
ENSMUSG00000055401	0.1618	0.0920	0.2391	-0.1351	-0.0585	-0.1849
ENSMUSG00000055421	-0.5905	0.9456	-0.1359	0.1046	-0.7709	-0.1489
ENSMUSG00000055435	0.5731	-0.0796	0.1561	0.4149	-0.9461	0.0659
ENSMUSG00000055447	0.3287	0.3549	-0.3597	-0.0538	-0.9066	-0.1485
ENSMUSG00000055471	-0.2421	0.1008	-0.6415	0.2111	-0.4080	0.2081
ENSMUSG00000055489	0.0496	0.2147	0.1485	0.1725	-0.3066	-0.3225
ENSMUSG00000055523	0.1634	-0.2774	0.1061	0.0376	-0.0267	0.2823
ENSMUSG00000055531	0.0275	-0.1446	-0.4769	-0.4124	0.2652	-0.0767
ENSMUSG00000055540	-0.5688	0.0095	-0.2633	0.4181	-0.1149	0.3725
ENSMUSG00000055546	-0.3684	0.4630	-0.4070	-0.3878	0.2628	0.1061
ENSMUSG00000055571	-0.2447	-0.4706	0.5487	-0.5182	0.0158	0.2600
ENSMUSG00000055610	0.2839	0.2361	-0.4585	-0.4735	-0.3628	0.3269
ENSMUSG00000055629	0.1959	0.0771	0.0718	0.0146	-0.1768	0.0936
ENSMUSG00000055653	0.0421	0.7957	0.3976	0.0862	0.4149	0.4120
ENSMUSG00000055723	0.0692	0.6035	0.1920	-0.0852	0.0703	-0.1834
ENSMUSG00000055737	0.3948	0.1131	-0.6796	-0.5189	0.1304	0.4097
ENSMUSG00000055775	-0.0951	0.3376	-0.2127	-0.1939	0.1938	-0.2139
ENSMUSG00000055782	-1.3215	-1.7092	-1.1012	-2.2956	-2.2614	-2.4147
ENSMUSG00000055799	0.2127	-0.2737	0.2732	-0.3458	0.0537	-0.1959
ENSMUSG00000055805	-0.4842	-0.3753	0.0202	0.0442	0.2109	-0.1689
ENSMUSG00000055811	0.7304	0.2277	0.1559	-0.4164	-1.0115	-0.4944
ENSMUSG00000055817	0.4189	-0.2868	-0.5362	0.4911	-0.8605	0.2345
ENSMUSG00000055820	-0.1302	-0.0969	-0.2558	-0.1868	0.4287	-0.1007
ENSMUSG00000055838	0.2942	-1.0141	-0.1647	0.0404	0.6713	0.2504
ENSMUSG00000055839	-0.0831	0.0029	-0.0629	-0.1365	0.0484	0.5545
ENSMUSG00000055866	-0.5697	0.3627	-0.5239	0.2574	-0.1649	0.1188
ENSMUSG00000055884	0.4513	0.5511	-0.6343	0.0389	0.1089	0.2035
ENSMUSG00000055891	0.7370	0.5296	-0.0645	0.2672	0.0213	-0.0645
ENSMUSG00000055937	1.8848	1.1564	1.5507	1.7740	2.9155	2.6658
ENSMUSG00000055971	-0.2043	0.3661	-0.1273	-0.2032	-0.2085	0.0278
ENSMUSG00000055976	1.0229	2.1152	1.2596	1.5282	2.2337	2.8591
ENSMUSG00000055978	0.1883	-0.4730	0.1933	-0.1058	0.1654	0.2596
ENSMUSG00000055980	0.0047	0.9696	-0.4917	-0.4622	0.0777	0.3675
ENSMUSG00000055994	-0.1535	-0.1135	-0.1523	0.1156	0.0722	-0.3897
ENSMUSG00000056025	0.2168	-0.3509	-0.1921	0.3771	-0.4496	-0.1107
ENSMUSG00000056035	0.1856	-0.6835	-0.0421	-0.7514	0.0781	0.5126
ENSMUSG00000056054	1.1024	1.9129	2.1782	1.9177	2.2235	2.6211
ENSMUSG00000056055	-0.2276	-0.0894	-0.1697	0.2170	-0.3549	-0.2976
ENSMUSG00000056071	0.2316	0.4854	0.0112	-0.4118	0.8038	-0.1915
ENSMUSG00000056073	-0.3322	0.2114	-0.4295	0.7021	-0.0736	0.1044
ENSMUSG00000056091	0.0329	-0.2460	0.2937	0.2511	-0.2851	0.2807
ENSMUSG00000056115	0.0759	0.1757	0.0009	-0.1150	0.0968	0.1973
ENSMUSG00000056116	-0.4474	0.1597	-0.5680	-0.1799	0.6280	-0.5709
ENSMUSG00000056124	-1.6059	-1.3448	-1.9078	-1.6343	-2.3136	-2.1581
ENSMUSG00000056130	-0.1727	-0.1614	-0.2847	0.1770	-0.1786	-0.0937
ENSMUSG00000056131	0.1992	0.1495	-0.0181	-0.1683	0.1759	-0.2854
ENSMUSG00000056148	-0.0952	-0.2908	-0.6495	0.3658	0.4442	0.4066
ENSMUSG00000056153	0.4114	0.5674	-0.2080	0.3070	0.4441	0.1750
ENSMUSG00000056162	0.7237	-0.1319	0.4568	0.0332	-0.0108	-0.1260
ENSMUSG00000056167	0.4539	-0.6998	0.6107	0.0991	0.0527	0.1197
ENSMUSG00000056174	-0.6082	-0.1540	0.1051	-0.1072	0.2053	0.9019
ENSMUSG00000056184	-0.0369	-0.4521	0.4685	0.0306	-0.5919	0.1160
ENSMUSG00000056185	0.3969	0.3094	-0.3225	-0.0175	-0.1292	-0.5654
ENSMUSG00000056201	-0.3486	0.1913	-0.3072	-0.1634	0.1146	-0.3787
ENSMUSG00000056203	-0.0391	0.4850	0.3010	0.0589	0.4812	-0.0738
ENSMUSG00000056214	0.3172	-0.1861	-0.8289	-0.4205	0.3651	0.2299
ENSMUSG00000056216	-0.0889	0.2333	-0.1262	-0.5196	-0.4251	0.1817
ENSMUSG00000056220	0.0676	0.1745	0.0620	0.1039	0.5005	-0.1685
ENSMUSG00000056228	0.3023	0.1620	0.5407	0.2625	0.1136	0.2701
ENSMUSG00000056234	-0.2211	-0.1395	-0.0464	0.1893	0.2577	-0.0440
ENSMUSG00000056258	0.5829	0.4923	0.6717	0.3684	-0.3292	0.5085
ENSMUSG00000056271	-0.7268	-0.1276	0.2284	0.3734	0.2723	0.2258
ENSMUSG00000056281	-0.1437	0.2769	0.2270	-0.2829	-0.1572	-0.2165
ENSMUSG00000056305	0.3738	0.2891	-0.3448	0.0927	0.2257	-0.0202
ENSMUSG00000056328	-0.3308	-0.3535	0.5401	-0.4848	0.0350	0.2236
ENSMUSG00000056367	-0.4614	-0.0585	0.0651	-0.2550	-0.1928	0.6690
ENSMUSG00000056379	-0.4053	0.1884	0.5072	0.2795	0.3399	0.6158
ENSMUSG00000056380	0.0617	0.5708	0.3486	0.0874	-0.6327	-0.7177
ENSMUSG00000056394	-0.0293	0.4965	0.2860	0.0185	-0.3058	-0.3156
ENSMUSG00000056423	-0.3366	0.4666	0.1915	0.1617	-0.2785	-0.3095
ENSMUSG00000056426	0.6056	-0.1726	0.4135	-0.1580	-0.4510	0.4513
ENSMUSG00000056427	0.3320	0.3520	-0.0371	0.3520	-0.0221	-0.0689
ENSMUSG00000056429	0.3598	0.5102	-0.2775	-0.2648	0.2318	0.1145
ENSMUSG00000056436	0.2335	-0.0577	0.5078	-0.3286	-0.3242	0.0578
ENSMUSG00000056476	0.0792	0.0947	0.1663	0.2844	-0.1885	0.5398
ENSMUSG00000056493	0.2522	-0.1934	0.3969	0.7064	0.2413	0.6136
ENSMUSG00000056494	0.0971	0.8052	-0.2859	0.1887	-0.2500	-0.1407
ENSMUSG00000056501	-0.5526	0.5681	0.3238	-0.0998	-0.0445	-0.0551
ENSMUSG00000056515	0.0572	-0.7285	-0.9104	-0.4144	0.4269	0.7578
ENSMUSG00000056529	0.3695	-0.3651	-0.0887	-0.2831	0.4448	0.3160
ENSMUSG00000056536	-0.5253	-0.6222	-1.2064	-0.4465	-1.3394	-1.8561
ENSMUSG00000056553	0.2564	0.0282	0.0545	-0.2957	0.3092	0.4902
ENSMUSG00000056564	0.1403	0.4710	-0.4054	-0.0980	-0.4626	-0.3805
ENSMUSG00000056569	-0.1074	-0.3129	-0.1125	0.5809	0.0830	0.4273
ENSMUSG00000056600	0.3397	0.0691	0.5205	-0.7477	-0.4625	0.4062
ENSMUSG00000056605	1.1737	1.6078	1.9772	1.7085	2.3676	2.5841
ENSMUSG00000056632	0.1439	-0.6411	-0.0959	0.4745	-0.4035	0.4730
ENSMUSG00000056643	-0.0200	0.4874	0.2529	0.2471	0.6718	0.1425
ENSMUSG00000056666	-0.1976	-0.3414	-0.5966	0.3082	0.2881	-0.3095
ENSMUSG00000056696	-0.2381	-0.4557	0.8959	0.0517	-0.4654	-0.4235
ENSMUSG00000056749	0.1353	1.3682	0.0460	0.4010	0.5411	-0.0575
ENSMUSG00000056752	0.6205	-0.2838	0.0451	-0.4327	-0.5951	-0.1530
ENSMUSG00000056755	0.4535	0.5013	-0.4768	-0.0887	-0.1356	-0.4178
ENSMUSG00000056758	-0.5661	0.1676	0.4662	-0.5227	0.9525	0.2883
ENSMUSG00000056782	0.3601	-0.0066	0.2095	-0.1108	-0.4133	-0.1643
ENSMUSG00000056822	0.0440	-0.3943	0.0717	0.1284	-0.2977	0.1439
ENSMUSG00000056851	-0.2593	0.1181	-0.2365	0.2393	0.1801	-0.4804
ENSMUSG00000056853	-0.2645	0.1386	0.9398	-0.6369	-0.0228	-0.2489
ENSMUSG00000056858	0.4485	0.3053	-0.1571	0.3960	0.2757	-0.4533
ENSMUSG00000056863	0.0657	-0.8670	0.3535	-0.0162	-0.3441	0.4816
ENSMUSG00000056870	0.0243	0.0633	0.1558	0.3337	-0.2919	-0.0353
ENSMUSG00000056880	0.1733	0.4043	-0.0038	-0.3765	-0.0979	0.0492
ENSMUSG00000056883	-0.1185	0.3056	-0.1878	0.2744	0.4773	0.0331
ENSMUSG00000056895	-0.6642	-1.2475	-1.4040	-0.5533	-1.1511	-0.7050
ENSMUSG00000056899	0.5065	0.2913	-0.4881	-0.2882	0.5586	0.1124
ENSMUSG00000056901	-0.5367	-0.0134	-0.0916	0.1224	0.3009	0.5155
ENSMUSG00000056917	0.0714	-0.2926	0.1647	-0.8423	-0.0550	0.1874
ENSMUSG00000056921	-0.1059	-0.1881	-0.0476	-0.0132	-0.1718	0.0850
ENSMUSG00000056926	-0.0655	-0.4449	-0.4039	-0.1953	0.2668	-1.1388
ENSMUSG00000056946	-0.2461	0.7215	0.2022	0.3631	0.4054	-0.3871
ENSMUSG00000056959	0.3111	0.2644	0.2266	0.3928	0.2869	0.6828
ENSMUSG00000056961	-0.3397	-0.5572	0.2371	-0.2865	-0.5133	-0.3150
ENSMUSG00000056973	-0.0119	0.2439	-0.2347	0.0354	0.0558	-0.3094
ENSMUSG00000056978	-0.4843	0.4270	-0.0985	-0.1277	0.3266	0.1399
ENSMUSG00000056995	-0.0836	0.0208	0.6808	-0.4707	-0.2562	-0.0639
ENSMUSG00000056999	0.1129	-0.4557	-0.2160	0.4495	0.2849	0.1421
ENSMUSG00000057000	0.0403	0.2957	1.3445	1.2835	1.5823	1.3740
ENSMUSG00000057003	0.5601	-0.2978	0.3887	-0.1347	0.0069	0.1035
ENSMUSG00000057037	-0.6091	-0.0465	-0.4092	-0.0691	0.0586	-0.2484
ENSMUSG00000057050	0.1746	0.1311	-0.0240	-0.2430	-0.0318	0.1969
ENSMUSG00000057058	-0.2531	0.0271	0.2032	0.1742	0.4477	0.0259
ENSMUSG00000057067	-0.2814	0.3357	0.5156	-0.2313	0.2134	0.0774
ENSMUSG00000057069	0.6344	-0.2707	0.4075	-0.6164	0.1974	0.0245
ENSMUSG00000057074	0.0460	-0.2240	-0.6329	0.0115	-0.1035	0.1625
ENSMUSG00000057103	-0.0493	-0.1367	0.2419	0.2841	-0.1867	0.8318
ENSMUSG00000057116	0.4901	-0.3464	-0.0117	0.0825	0.4575	-0.0264
ENSMUSG00000057130	-0.6432	-0.1827	-0.2106	0.3366	0.8320	-0.1269
ENSMUSG00000057134	0.2279	0.2111	0.0288	-0.2489	-0.3063	0.4102
ENSMUSG00000057143	-0.4367	0.5469	0.2169	0.1115	-0.1903	-0.1629
ENSMUSG00000057149	0.7070	0.0758	0.2191	0.3556	0.1501	0.3576
ENSMUSG00000057163	0.4272	-0.1082	-0.2896	0.1048	-0.0405	-0.2045
ENSMUSG00000057177	-0.3511	-0.1325	0.1215	0.0768	0.2687	-0.3321
ENSMUSG00000057179	-0.1404	-0.7008	0.1128	0.2955	-0.1990	-0.3814
ENSMUSG00000057182	-0.3468	0.1994	0.1796	0.1412	0.0990	0.2199
ENSMUSG00000057193	-0.6566	0.1953	-0.4102	0.4197	-0.0025	0.2633
ENSMUSG00000057207	0.5105	0.0142	0.1186	0.2449	0.2434	-0.3153
ENSMUSG00000057228	0.1475	-0.1504	0.3221	-0.9160	0.3103	0.0737
ENSMUSG00000057236	0.2129	0.5274	0.2386	-0.4281	-0.5426	0.1941
ENSMUSG00000057244	-0.1892	-1.3636	-0.8985	-0.4947	-1.0987	-0.5173
ENSMUSG00000057270	0.1823	0.0258	-0.3620	0.4106	0.4024	0.0486
ENSMUSG00000057278	0.4906	-0.5836	-0.3952	0.1222	0.3544	0.6994
ENSMUSG00000057286	0.1857	-0.4675	0.3133	-0.2419	-0.0922	-0.0829
ENSMUSG00000057322	-0.2781	-0.4477	-0.0757	-0.1813	0.1945	-0.0877
ENSMUSG00000057329	-0.3484	0.1929	-0.1097	0.1427	0.4460	0.1707
ENSMUSG00000057337	-0.4116	-0.0000	0.2900	-0.0753	0.4307	0.0771
ENSMUSG00000057342	1.3699	0.8204	1.7703	1.6204	2.8743	2.6794
ENSMUSG00000057349	0.7618	1.1233	1.0126	1.1309	1.2281	1.3605
ENSMUSG00000057363	-0.0827	0.2128	0.0234	-0.1471	-0.2834	0.2210
ENSMUSG00000057367	0.0628	-0.1680	-0.5043	0.0761	-0.0743	0.0343
ENSMUSG00000057378	-0.3338	0.5084	0.1334	-0.0124	-0.0999	-0.3675
ENSMUSG00000057381	0.1519	0.3019	-0.2503	0.2891	0.0935	-0.1341
ENSMUSG00000057388	-0.3527	0.1602	0.3617	-0.1736	-0.5499	-0.6296
ENSMUSG00000057400	-0.2548	-0.7613	-0.2114	-0.1159	0.1929	-0.1937
ENSMUSG00000057406	-0.3687	0.1319	-0.5612	-0.4028	0.1890	0.4707
ENSMUSG00000057424	0.2468	-0.3779	-0.1359	0.3980	0.1035	0.3147
ENSMUSG00000057425	-0.2124	0.4641	0.0874	-0.3403	-0.2131	0.3681
ENSMUSG00000057439	-0.1678	0.0979	0.2939	-0.2391	0.3564	-0.0132
ENSMUSG00000057443	-0.1452	-0.8643	-0.0265	0.0529	-0.9246	0.2781
ENSMUSG00000057444	-0.6811	-0.0242	-0.5106	0.4360	0.2061	-0.0672
ENSMUSG00000057447	0.3147	0.1254	-0.0975	-0.0048	0.2336	0.2162
ENSMUSG00000057461	0.1456	-0.3538	-0.1547	0.4600	0.0083	-0.3899
ENSMUSG00000057464	0.0260	-0.4267	-0.1424	0.1128	-0.0714	-0.4889
ENSMUSG00000057469	0.0800	-0.0856	-0.3747	0.3504	-0.9858	-0.0803
ENSMUSG00000057503	-0.3858	-0.5431	-0.0199	0.8582	0.2289	0.4902
ENSMUSG00000057522	0.0934	0.0793	-0.1841	-0.2263	-0.4878	0.0667
ENSMUSG00000057540	-0.2448	-0.2582	0.0252	-0.0804	0.2356	-0.1332
ENSMUSG00000057564	-0.2540	0.2196	-0.0253	0.2257	0.3785	0.1675
ENSMUSG00000057596	0.2821	0.2488	-0.3778	0.3895	0.5336	0.0393
ENSMUSG00000057609	0.9924	1.3012	1.3861	1.4887	2.8114	3.0995
ENSMUSG00000057614	-0.1956	-0.2911	0.5534	0.0257	-0.3463	-0.0033
ENSMUSG00000057637	0.2897	-0.4262	-0.2550	0.8066	-0.1073	0.2657
ENSMUSG00000057649	-0.3086	0.1444	-0.2084	0.5301	0.3571	-0.1926
ENSMUSG00000057654	0.6042	0.4001	-0.2579	-0.2673	-0.0960	-0.2723
ENSMUSG00000057666	0.7996	-0.2193	-0.0987	-0.1109	0.5292	-0.0080
ENSMUSG00000057672	-0.1578	-0.0256	-0.1899	-0.1340	0.5457	0.2161
ENSMUSG00000057699	0.4671	0.2976	0.3417	-0.5017	-0.2048	-0.2741
ENSMUSG00000057722	0.5012	0.2464	-0.0198	0.5117	0.2345	0.2148
ENSMUSG00000057723	1.5657	1.8776	1.6691	1.5177	2.2301	1.8821
ENSMUSG00000057726	-0.5792	-0.1752	0.5567	0.6800	-0.1075	0.3448
ENSMUSG00000057735	0.2322	-0.0701	0.3246	0.2577	0.0498	-0.1925
ENSMUSG00000057738	-0.3044	-0.6122	-0.0679	-0.5441	0.3062	-0.0928
ENSMUSG00000057754	-0.7476	-0.1709	0.0374	-0.4868	0.1754	0.5802
ENSMUSG00000057761	0.2651	0.1747	0.0140	0.4162	0.1548	0.0039
ENSMUSG00000057770	0.4264	-0.2273	-0.6589	0.7163	0.6797	0.0348
ENSMUSG00000057789	0.3960	-0.3064	0.2578	-0.1245	0.1849	-0.1676
ENSMUSG00000057801	-0.8491	-1.3228	-0.7137	-0.6418	-1.2400	-0.8415
ENSMUSG00000057817	0.4221	-0.3423	-0.2939	-0.1181	0.4533	-0.8092
ENSMUSG00000057841	0.2551	-0.2641	-0.6917	0.3465	0.3805	-0.0877
ENSMUSG00000057863	0.3767	-0.2383	0.3085	0.2869	-0.2016	-0.4244
ENSMUSG00000057880	-0.2895	-0.0264	0.5400	0.2463	-0.0900	-0.9868
ENSMUSG00000057890	0.4898	0.0654	-0.2054	-0.0261	-0.3816	-0.2109
ENSMUSG00000057897	-0.3386	0.4524	-0.0522	0.5183	0.0258	-0.2986
ENSMUSG00000057903	-0.0376	0.4591	-0.3588	0.0230	-0.0605	0.4368
ENSMUSG00000057914	-0.0192	-0.3768	-0.2611	-0.4210	-0.3219	-0.3176
ENSMUSG00000057933	-0.0396	0.2982	0.4172	0.8195	-0.1538	0.2362
ENSMUSG00000057963	-0.3658	0.4703	0.1219	0.7776	-0.5077	-0.1392
ENSMUSG00000057967	0.0848	-0.0954	-0.1585	0.2091	0.6496	-0.0520
ENSMUSG00000057969	-0.2880	-0.3011	0.7044	0.0688	-0.2077	-0.1269
ENSMUSG00000057997	-0.2612	0.1925	0.6591	-0.1079	-0.4634	-0.2795
ENSMUSG00000058005	-0.1785	-0.7158	-0.1921	0.1287	0.3144	-0.2350
ENSMUSG00000058006	-0.4288	0.1729	0.2527	0.0415	0.1359	0.2965
ENSMUSG00000058013	0.1608	0.2186	-0.0940	-0.3867	0.1553	-0.9709
ENSMUSG00000058014	-0.8142	-0.2041	0.2552	-0.4144	0.3917	0.7784
ENSMUSG00000058017	-0.3983	-0.0771	-0.1755	-0.5538	0.0372	-0.5994
ENSMUSG00000058071	-0.6621	-0.9733	-0.4746	-1.2001	-0.9792	-1.2149
ENSMUSG00000058076	0.2945	-0.5344	0.2623	0.0917	-0.0111	-0.6298
ENSMUSG00000058084	0.3777	-0.0301	-0.1063	0.1559	0.1042	-0.3612
ENSMUSG00000058114	0.4417	0.2182	-0.2584	-0.8320	0.6607	0.1899
ENSMUSG00000058119	0.5996	0.5017	0.3334	-0.0566	-0.0436	-0.1539
ENSMUSG00000058124	-0.2474	-0.0750	0.4419	-0.0727	0.0868	-0.0738
ENSMUSG00000058135	-0.3906	0.2777	0.2746	0.4446	0.4630	0.5698
ENSMUSG00000058152	0.1941	0.1919	0.2873	-0.0903	-0.3120	-0.3601
ENSMUSG00000058188	-0.4293	0.3981	-0.4410	-0.0932	-0.0956	-0.3187
ENSMUSG00000058194	0.1216	-0.2417	0.0962	0.0993	-0.1784	-0.2129
ENSMUSG00000058200	-0.3197	0.0920	0.1195	-0.1022	-0.4790	-0.1181
ENSMUSG00000058216	-0.3049	-0.3729	-0.1877	0.0779	-0.5760	0.2325
ENSMUSG00000058230	-0.4761	0.3194	0.5355	-0.2619	-0.4050	-0.2865
ENSMUSG00000058244	0.2336	0.2526	-0.0902	-0.0970	-0.3750	-0.0251
ENSMUSG00000058250	0.0143	-0.3468	-0.2332	0.3824	0.3525	-0.5430
ENSMUSG00000058251	0.1617	0.4984	-0.3192	-0.2530	0.3215	0.2731
ENSMUSG00000058254	-0.2503	-0.5272	-0.2534	0.4805	-0.1068	0.3582
ENSMUSG00000058258	-0.4510	-0.1796	-0.2100	0.7096	-0.4901	0.2013
ENSMUSG00000058267	0.5196	0.8442	0.6004	0.7839	1.2058	1.3431
ENSMUSG00000058270	-0.0552	0.5758	-0.0793	-0.1925	0.1538	0.5323
ENSMUSG00000058275	-0.7464	-0.0602	-0.0055	-0.3795	0.0667	0.1502
ENSMUSG00000058290	0.3758	-0.1077	-0.2106	-0.1849	0.4538	-0.0668
ENSMUSG00000058301	0.7571	0.2466	-0.0868	0.1643	-0.0207	0.0666
ENSMUSG00000058317	0.1526	0.1424	-0.0149	0.1813	-0.2230	0.0894
ENSMUSG00000058325	-0.8669	-0.1511	-0.1536	0.2003	-0.0480	-0.0864
ENSMUSG00000058349	-0.1138	-1.0245	0.2806	-0.2096	0.5297	-0.0337
ENSMUSG00000058354	1.5561	1.5892	1.7257	2.1656	2.3377	2.0859
ENSMUSG00000058385	-0.2354	0.7599	0.2100	-0.1697	-0.0233	0.4504
ENSMUSG00000058400	-0.1038	0.2063	0.3551	0.1815	0.3135	0.0361
ENSMUSG00000058427	-0.5835	0.2002	-0.3622	0.2681	-0.7156	0.7590
ENSMUSG00000058440	-0.4933	0.5686	-0.4560	0.1296	0.3746	-0.1195
ENSMUSG00000058444	0.3670	-0.1135	0.4022	-0.1844	-0.1263	-0.3120
ENSMUSG00000058454	0.9808	0.2287	0.2460	-0.5386	-0.1169	0.7307
ENSMUSG00000058488	-0.0675	0.0102	0.3333	0.4386	0.1974	-0.4027
ENSMUSG00000058491	-0.0148	-0.5760	-0.0044	0.0823	0.7894	-0.1899
ENSMUSG00000058513	0.1073	-0.3686	0.3402	-0.1248	-0.0080	-0.2262
ENSMUSG00000058515	0.2021	-0.5289	-0.3507	0.4843	0.1275	0.1836
ENSMUSG00000058546	-0.3217	-0.7091	-1.2375	-1.2575	-0.9007	-1.6977
ENSMUSG00000058558	0.0410	0.2313	0.5666	-0.4065	-0.0941	-0.4125
ENSMUSG00000058579	-0.0947	-0.3954	0.4122	0.4171	-0.3604	0.2299
ENSMUSG00000058587	-0.5088	0.3357	-0.0148	-0.0474	0.0277	0.0091
ENSMUSG00000058600	-0.1321	-0.5837	0.6148	0.6239	0.1965	-0.1921
ENSMUSG00000058618	0.4647	0.4301	-0.0791	0.0031	-0.3486	0.2069
ENSMUSG00000058620	-0.1718	0.8389	-0.0152	0.6010	0.1140	-0.4295
ENSMUSG00000058624	0.0755	-0.7152	0.0409	0.4473	-0.3797	0.2488
ENSMUSG00000058628	-0.8855	0.2973	0.1676	0.0948	-0.4874	0.3802
ENSMUSG00000058638	-1.0240	-1.0131	-1.3556	-1.2582	-0.7920	-1.2919
ENSMUSG00000058655	0.1446	-0.2429	0.1528	0.1595	0.3019	-0.2204
ENSMUSG00000058659	0.3047	-0.5792	-0.1112	0.2476	0.8998	-0.7441
ENSMUSG00000058662	-0.3568	-0.2980	-0.3805	0.0751	0.0986	-0.1577
ENSMUSG00000058672	0.1287	0.0385	-0.4387	0.0462	0.7971	-0.1766
ENSMUSG00000058692	-0.0832	0.2831	-0.4509	0.5466	0.2461	-0.0554
ENSMUSG00000058709	-0.4446	-0.2964	-0.2220	0.5832	0.2647	-0.3410
ENSMUSG00000058715	-0.1270	-0.4531	0.1323	0.2479	0.0709	0.4879
ENSMUSG00000058729	-0.2204	0.3642	0.2065	-0.0119	-0.1487	-0.3458
ENSMUSG00000058743	-0.4976	0.0733	-0.1053	0.2628	-0.3091	-0.2829
ENSMUSG00000058755	-0.6121	-0.0937	-0.2640	0.0391	-0.2587	0.3245
ENSMUSG00000058756	-0.2140	0.7500	-0.0828	0.4141	-0.0143	-0.5468
ENSMUSG00000058793	-0.3620	0.0712	0.1104	-0.1490	-0.0110	0.1401
ENSMUSG00000058802	-0.0641	-0.5129	-0.1844	-0.1772	-0.2218	0.7011
ENSMUSG00000058806	-0.3014	-0.7023	0.0082	0.2071	-0.3729	-0.1286
ENSMUSG00000058807	-0.3500	-0.6998	-0.2133	0.0487	-0.1743	0.3658
ENSMUSG00000058818	-0.3392	-0.0503	0.0960	-0.0311	-0.6269	-0.2205
ENSMUSG00000058820	-0.5088	-0.2796	0.3083	-0.1688	-0.0295	-0.4306
ENSMUSG00000058835	0.3103	0.6671	0.2503	-0.0823	0.1709	-0.3117
ENSMUSG00000058856	-0.0352	-0.0390	0.2187	-0.0299	0.1212	0.0371
ENSMUSG00000058881	0.4447	-0.9261	-1.0295	-0.4852	-1.1993	-0.6059
ENSMUSG00000058897	0.3134	0.3347	-0.6742	-0.3159	-0.2597	-0.0529
ENSMUSG00000058904	-0.2841	-0.0796	0.0978	-0.1090	0.6132	0.0542
ENSMUSG00000058908	0.4226	-0.6482	0.0768	-0.4308	-0.2518	-0.1795
ENSMUSG00000058952	-0.2665	-0.1315	-0.4387	0.0543	-0.1412	-0.0522
ENSMUSG00000058981	0.2943	0.8246	1.5593	0.9227	0.8266	1.8254
ENSMUSG00000059003	0.1493	0.2352	-0.2971	-0.0244	-0.0093	0.9807
ENSMUSG00000059005	-0.3148	0.6890	-0.2654	0.4809	-0.6176	0.1015
ENSMUSG00000059023	-0.3759	0.6739	-0.1556	0.4206	-0.3192	0.1290
ENSMUSG00000059030	-0.4558	-0.4882	-0.1590	0.2748	-0.1369	0.1473
ENSMUSG00000059031	0.5053	-0.3900	-0.1133	-0.7800	0.0281	0.1133
ENSMUSG00000059040	-0.5907	0.5044	-0.2325	-0.0205	-0.2567	0.3835
ENSMUSG00000059042	1.4800	1.0866	2.4002	2.3091	2.4541	2.2954
ENSMUSG00000059043	0.0447	0.5454	0.0410	0.4637	0.3637	0.4600
ENSMUSG00000059049	-0.0353	-0.2951	0.5612	1.0731	-0.1817	0.3227
ENSMUSG00000059060	-0.1813	-0.7491	0.1353	0.4439	-0.1617	-0.5209
ENSMUSG00000059069	0.3570	-0.3066	0.0621	-0.0651	-0.0102	-0.1631
ENSMUSG00000059070	0.0683	0.9892	-0.3659	0.3869	0.8145	0.4416
ENSMUSG00000059077	0.0193	-0.1590	-0.3355	0.1597	0.0861	-0.0495
ENSMUSG00000059087	-0.2535	0.1736	-0.3254	0.5492	0.2166	0.1126
ENSMUSG00000059089	-0.0092	0.1025	-0.5491	-0.1438	-0.3761	-0.5305
ENSMUSG00000059105	-0.3398	0.4282	0.1649	-0.2598	-0.4744	0.3008
ENSMUSG00000059106	0.1719	0.2833	0.0532	0.0760	0.3698	-0.1869
ENSMUSG00000059112	0.0635	0.8478	-0.0123	0.2403	0.4177	0.6645
ENSMUSG00000059128	-0.9447	0.0355	-0.2086	0.1222	0.3673	-0.3005
ENSMUSG00000059134	-0.1385	0.2906	-0.0229	-0.3082	-0.1389	0.1662
ENSMUSG00000059136	-0.0528	0.6910	0.3155	0.3858	-0.4923	-0.4047
ENSMUSG00000059146	0.3225	0.7492	-0.1893	0.3322	-0.0673	-0.1633
ENSMUSG00000059169	-1.4090	-1.4793	-1.7565	-2.9824	-1.6751	-2.4946
ENSMUSG00000059173	0.2438	-0.0208	-0.3701	0.0375	0.6116	0.0853
ENSMUSG00000059182	0.5533	0.0100	0.6069	-0.4503	-0.3158	0.2770
ENSMUSG00000059183	0.6386	0.1690	0.1924	0.0160	0.1842	-0.4143
ENSMUSG00000059189	-0.3122	-0.8906	-1.3212	-0.5402	-1.2254	-0.8018
ENSMUSG00000059201	-0.3283	-0.0889	0.3982	0.0011	-0.1890	0.2232
ENSMUSG00000059203	0.4704	-0.1332	0.1978	0.2304	-0.0440	0.4071
ENSMUSG00000059205	0.4252	-0.4242	0.2359	-0.0137	0.5682	0.1589
ENSMUSG00000059208	-0.0906	-0.1472	0.2181	-0.3134	-0.3686	0.5603
ENSMUSG00000059230	0.4964	0.7667	1.0553	1.5169	0.8308	1.5195
ENSMUSG00000059248	-0.3130	0.0997	-0.4081	-0.0294	-0.0568	0.2961
ENSMUSG00000059251	0.1984	-0.6153	0.1773	-0.2536	0.1863	0.2314
ENSMUSG00000059279	-0.2611	-0.4381	-0.2817	0.3119	-0.6764	0.2411
ENSMUSG00000059291	0.1552	0.1581	-0.3562	0.1488	0.2543	-0.1220
ENSMUSG00000059303	0.6315	-0.2142	-0.5764	0.4049	0.3844	0.4068
ENSMUSG00000059316	0.9657	1.4869	2.1817	2.2359	2.2508	2.4561
ENSMUSG00000059319	-0.1721	-0.1195	0.2172	0.0723	0.9010	-0.6008
ENSMUSG00000059326	-0.1880	-0.4505	-0.3916	-0.3111	-0.1823	0.0250
ENSMUSG00000059327	-0.4028	-0.0308	-0.2208	-0.2500	-0.5754	-0.0526
ENSMUSG00000059334	-1.1409	-0.3109	-0.9569	-0.9854	-1.0165	-1.3966
ENSMUSG00000059343	0.2957	0.6085	0.5820	0.2381	0.5579	-0.1186
ENSMUSG00000059363	0.2824	-0.2678	-0.3096	0.0351	0.4390	-0.1057
ENSMUSG00000059366	0.2075	-0.3630	0.7465	0.0573	-0.1666	0.1459
ENSMUSG00000059371	0.2372	0.2706	0.5639	0.0728	-0.3441	-0.2613
ENSMUSG00000059379	-0.2372	-0.0739	-0.3081	0.1070	0.0439	-0.0241
ENSMUSG00000059382	-0.3251	-0.1998	0.9598	-0.6916	-0.4062	-0.2941
ENSMUSG00000059397	0.5920	0.2128	0.2575	-0.0278	0.0360	0.2573
ENSMUSG00000059409	0.7210	1.6436	1.7136	1.7517	2.5362	2.7632
ENSMUSG00000059410	0.0657	0.3640	-0.3783	-0.7151	0.8273	-0.1414
ENSMUSG00000059411	0.1755	-0.3446	0.0467	-0.0524	-0.2300	0.1614
ENSMUSG00000059412	-0.3240	-0.0304	0.0298	0.3165	0.2292	0.0264
ENSMUSG00000059429	-0.5129	-0.6273	-0.2793	0.9371	0.0291	-0.1840
ENSMUSG00000059430	0.2453	0.1482	-0.0820	-0.3445	0.1340	0.1924
ENSMUSG00000059436	0.0443	0.5619	-0.0441	-0.1862	-0.0726	0.2566
ENSMUSG00000059447	0.3197	0.2213	0.2095	0.3566	0.0726	-0.4974
ENSMUSG00000059456	0.0038	-1.1522	-1.8760	-0.4966	-1.0888	-1.2409
ENSMUSG00000059460	0.4747	-0.4084	0.2196	-0.2981	0.6122	-0.0622
ENSMUSG00000059473	-0.5033	0.2032	-0.7255	-0.9704	0.0217	-0.0098
ENSMUSG00000059481	-0.5269	-0.1104	0.0321	0.1954	0.4833	-0.0496
ENSMUSG00000059483	-0.2710	0.4864	-0.6583	-0.0382	-0.1913	-0.7857
ENSMUSG00000059488	-0.2531	0.0985	-0.1818	0.3321	-0.1235	-0.1981
ENSMUSG00000059495	-0.4856	0.0401	-0.1449	0.3351	0.5338	0.1002
ENSMUSG00000059498	0.0228	0.5602	0.1519	-0.6053	0.3237	-0.2314
ENSMUSG00000059503	-0.0469	-0.1751	-0.4946	-0.2912	0.3058	0.2271
ENSMUSG00000059504	0.0551	-0.1071	0.5415	-0.2596	-0.2239	-0.3466
ENSMUSG00000059518	-0.2126	0.3110	0.2631	-0.1981	-0.0941	0.3606
ENSMUSG00000059534	-0.3287	0.3085	-0.0586	0.6335	0.1530	0.0799
ENSMUSG00000059552	0.6260	0.4855	0.2185	0.2757	-0.4697	-0.0804
ENSMUSG00000059588	0.0174	0.3580	0.4245	0.2876	0.0308	-0.4677
ENSMUSG00000059595	-0.3813	0.2603	0.0506	0.0706	-0.1422	0.1046
ENSMUSG00000059610	-0.6296	-0.3908	-0.0618	0.2048	0.2207	-0.7517
ENSMUSG00000059623	0.2815	-0.5058	0.2918	0.3816	0.2809	-0.2174
ENSMUSG00000059668	1.1562	1.5502	1.9690	1.8003	2.4426	2.6742
ENSMUSG00000059687	0.1884	-0.3265	-0.0010	0.2120	0.2128	-0.3495
ENSMUSG00000059714	0.0796	-0.1579	0.2859	-0.6842	-0.0467	-0.0314
ENSMUSG00000059729	0.4300	0.8986	0.7389	0.1183	-0.3715	0.1991
ENSMUSG00000059734	-0.2784	0.2142	0.2423	-0.3512	-0.3883	0.2367
ENSMUSG00000059741	0.1521	0.2858	-0.2870	0.1519	0.2148	-0.2462
ENSMUSG00000059743	0.8410	-0.0671	0.4900	-0.6019	0.0125	-0.1553
ENSMUSG00000059762	0.5191	0.3804	-0.0444	0.1017	0.3138	-0.6233
ENSMUSG00000059763	0.5438	0.4821	-0.5415	0.3656	-0.1254	0.9077
ENSMUSG00000059772	0.3603	0.1505	-0.3785	0.3857	-0.4392	0.6141
ENSMUSG00000059776	0.6068	-0.3177	-0.1918	0.6416	-0.1201	0.1885
ENSMUSG00000059810	0.1256	-0.1210	0.0027	0.1483	-0.0014	-0.3381
ENSMUSG00000059821	0.4452	0.4414	-0.1241	0.2947	-0.1511	0.6654
ENSMUSG00000059824	-0.0885	0.2730	0.2208	-0.0221	0.0210	0.7218
ENSMUSG00000059851	-0.0973	-0.0327	0.2500	-0.3325	0.2002	-0.2046
ENSMUSG00000059857	-0.2192	-0.0212	-0.3825	0.0779	-0.0227	-0.4236
ENSMUSG00000059862	-0.1609	-0.4019	0.4388	0.3253	0.3319	-0.2148
ENSMUSG00000059864	0.4033	0.0098	0.2699	-0.1857	0.0099	0.1533
ENSMUSG00000059867	-0.8933	-0.2726	-0.1356	0.3757	-0.0199	0.0639
ENSMUSG00000059873	0.1387	-0.0950	0.5239	-0.3869	-0.2581	-0.0117
ENSMUSG00000059874	-0.3602	-0.1674	0.4337	0.2123	-0.9609	0.0390
ENSMUSG00000059883	0.2155	-0.8654	-0.2886	-0.4673	-0.4087	-0.1936
ENSMUSG00000059887	-0.1175	-0.0814	0.0244	0.0985	0.0890	0.0063
ENSMUSG00000059890	-0.4635	0.0142	-0.2711	-0.0066	0.5983	0.4369
ENSMUSG00000059910	-0.7705	0.0021	0.3783	-0.0795	0.2141	-0.8175
ENSMUSG00000059921	-0.5869	-0.1725	0.5323	0.0899	0.0122	-0.2946
ENSMUSG00000059923	0.2895	-0.3176	0.3363	0.5496	-0.4183	0.1530
ENSMUSG00000059964	-0.7353	-0.1025	-0.3551	0.4183	0.6714	-0.4796
ENSMUSG00000059970	0.3372	0.2333	0.0772	-0.5892	-0.2627	0.2273
ENSMUSG00000059981	-0.0843	0.3086	-0.0722	-0.0714	-0.0795	-0.1313
ENSMUSG00000060002	0.0574	-0.1761	0.6309	-0.0614	0.4869	-0.1078
ENSMUSG00000060012	-0.1085	-0.2902	0.3082	0.5093	0.0077	-0.4973
ENSMUSG00000060017	0.1911	1.0903	0.8392	0.9233	1.7912	1.4503
ENSMUSG00000060030	-0.6757	-0.2879	0.0550	-0.2461	-0.0698	-0.0206
ENSMUSG00000060032	0.4894	-0.0999	-0.3869	0.1500	0.3690	-0.2989
ENSMUSG00000060034	0.4065	-0.4989	-0.0453	-0.1672	-0.1716	-0.1566
ENSMUSG00000060036	-0.0029	-0.4184	-0.5736	0.1118	0.0465	0.4067
ENSMUSG00000060049	0.1662	0.3626	-0.0156	-0.1430	0.2853	-0.1003
ENSMUSG00000060057	-0.3219	0.2530	0.4362	-0.2366	0.3032	0.0665
ENSMUSG00000060063	0.7796	1.0250	1.0738	0.6581	0.9048	0.7455
ENSMUSG00000060070	0.0491	0.3499	-0.0633	-0.0549	0.2639	0.1743
ENSMUSG00000060073	-0.1317	-0.1460	0.1696	0.2461	0.2319	0.7103
ENSMUSG00000060081	0.5328	-0.5320	0.2289	-0.0660	-0.1422	-0.1001
ENSMUSG00000060084	-0.5901	-0.1754	-0.2695	0.1015	-0.0819	0.1198
ENSMUSG00000060093	0.1412	0.0152	-0.1685	-0.1458	0.0103	-0.3339
ENSMUSG00000060105	0.0392	0.0724	-0.3163	0.5786	0.1462	-0.7277
ENSMUSG00000060112	0.3773	-0.3835	-0.0718	0.3755	0.3793	0.5790
ENSMUSG00000060114	-0.4535	0.2114	-0.3720	-1.1072	0.2721	-0.0496
ENSMUSG00000060147	0.2191	-0.2529	0.1303	-0.1942	-0.2074	-0.1786
ENSMUSG00000060152	-0.0500	0.2404	-0.0907	-0.2177	-0.0790	0.1884
ENSMUSG00000060170	-0.1420	0.1283	0.0707	0.0356	-0.1329	-0.0361
ENSMUSG00000060176	0.5567	0.0329	0.2518	0.3795	0.3027	0.0122
ENSMUSG00000060177	0.7026	1.6929	2.0615	1.6694	2.4600	2.2975
ENSMUSG00000060180	-0.0555	0.0936	-0.1561	-0.1436	0.0073	-0.4312
ENSMUSG00000060188	0.1384	-0.0877	0.1761	-0.0012	-0.2659	0.1129
ENSMUSG00000060205	0.5620	-0.3649	-0.1666	0.0302	-0.2156	-0.0109
ENSMUSG00000060208	0.1071	-0.2863	-0.4289	-0.1149	-0.3592	0.2069
ENSMUSG00000060216	0.3869	0.5274	0.1093	-0.3025	0.1171	0.0687
ENSMUSG00000060244	0.0533	-0.0245	0.2671	0.0057	0.3439	-0.1539
ENSMUSG00000060254	-0.1292	-0.0678	-0.0764	-0.3670	0.6126	-0.4694
ENSMUSG00000060256	-0.1106	-0.1644	0.1694	0.3695	-0.0834	0.3823
ENSMUSG00000060261	-0.7539	0.2832	0.3874	0.2823	-0.3103	-0.3061
ENSMUSG00000060275	0.1807	-0.2120	-0.4718	0.7161	0.2571	0.4903
ENSMUSG00000060279	-0.2342	0.4271	0.0669	0.2728	0.5064	-0.1532
ENSMUSG00000060288	0.1116	0.3391	-0.2974	0.0721	0.1135	-0.2678
ENSMUSG00000060303	0.8529	0.8616	0.1404	0.1210	-0.2108	0.1730
ENSMUSG00000060317	1.5950	0.9804	1.8860	2.0085	1.5383	2.5198
ENSMUSG00000060335	-0.0212	-0.2519	-0.0573	0.3615	-0.2780	0.5110
ENSMUSG00000060373	0.0912	-0.4540	-0.5200	-0.4456	-0.3255	0.1004
ENSMUSG00000060376	0.1618	-0.4433	-0.0189	0.1431	0.6907	0.0378
ENSMUSG00000060402	0.1544	-0.6089	0.2012	0.5040	-0.0440	-0.3514
ENSMUSG00000060407	-0.2581	0.2043	0.1677	0.0371	0.0859	-0.3171
ENSMUSG00000060412	-0.0759	-0.3056	0.3442	-0.3163	0.2132	0.2468
ENSMUSG00000060429	-0.8973	0.3497	0.1745	-0.1471	-0.5565	-0.4469
ENSMUSG00000060441	-0.1326	-0.7221	-1.3946	-1.2550	-1.1686	-1.4178
ENSMUSG00000060459	-0.2414	0.3247	0.0744	0.2705	0.1795	-0.3059
ENSMUSG00000060477	0.0644	-0.1376	-0.0470	-0.0130	0.1481	0.0246
ENSMUSG00000060480	0.4244	0.0269	0.7031	-0.3810	-0.1320	0.2237
ENSMUSG00000060499	0.0951	0.0049	0.2122	0.3730	-0.2747	-0.1153
ENSMUSG00000060503	-0.3084	-0.2751	0.0496	-0.4161	-0.3563	0.3597
ENSMUSG00000060509	0.1084	-0.2701	-0.2778	-0.2977	0.1212	-0.3471
ENSMUSG00000060523	-0.1486	0.4511	-0.1672	0.2526	0.2038	-0.4045
ENSMUSG00000060534	0.1016	0.3909	-0.2574	-0.7184	-0.3585	0.2635
ENSMUSG00000060548	0.2000	0.2798	-0.2324	0.1788	-0.1078	0.2702
ENSMUSG00000060550	-0.2949	-0.1239	0.3113	-0.0591	-0.3354	0.4043
ENSMUSG00000060556	-0.5704	-0.6384	-0.0069	-0.0262	0.5116	-0.0813
ENSMUSG00000060579	0.3967	0.1048	0.3729	0.1903	-0.0079	-0.2185
ENSMUSG00000060583	0.6571	0.6738	1.5570	1.0270	0.5949	1.9650
ENSMUSG00000060586	-0.1019	0.6449	-0.1604	-0.1085	-0.1860	-0.0795
ENSMUSG00000060600	0.0625	0.1253	-0.0552	0.2542	0.2883	-0.0986
ENSMUSG00000060601	-0.3592	-0.3049	0.2532	0.2805	0.0369	0.0415
ENSMUSG00000060613	0.0055	0.3648	0.2583	-0.4316	0.0582	0.2068
ENSMUSG00000060615	0.5169	0.3785	0.2130	-0.3038	0.1252	-0.5574
ENSMUSG00000060636	-0.1206	-0.2734	0.2408	-0.2188	0.0072	0.5489
ENSMUSG00000060639	-0.5869	-0.5706	-1.3031	-1.0133	-1.0103	-1.1716
ENSMUSG00000060663	0.2771	-0.2778	-0.7369	-0.0556	-0.1214	0.1164
ENSMUSG00000060675	0.1491	0.0607	-0.3131	0.6244	0.2928	0.0281
ENSMUSG00000060678	-0.0083	0.6660	-0.1854	0.5854	0.3408	-0.1173
ENSMUSG00000060679	0.5636	0.0251	-0.3269	-0.1121	0.5197	-0.4339
ENSMUSG00000060681	-0.1390	0.4622	-0.0297	-0.2429	-0.0735	-0.2435
ENSMUSG00000060688	-0.3562	-0.5822	-0.7556	-0.9218	-1.2844	-1.4999
ENSMUSG00000060701	0.2800	0.2445	-0.3081	-0.0430	-0.5745	-0.0948
ENSMUSG00000060733	0.0531	0.2630	-0.3250	-0.3198	-0.5433	-0.0894
ENSMUSG00000060735	0.5986	-0.1985	-0.0143	0.0277	0.6344	0.5665
ENSMUSG00000060742	0.0209	0.5196	-0.0507	-0.0561	0.2129	0.2255
ENSMUSG00000060743	-0.3786	-0.3025	-0.3374	0.2535	0.0199	-0.0823
ENSMUSG00000060747	-0.0507	-0.6804	0.2011	0.2900	0.5522	-0.0853
ENSMUSG00000060759	-0.1131	0.0945	0.3310	-0.0792	0.1217	0.1141
ENSMUSG00000060765	-0.1776	0.0158	-0.6177	-0.5134	-0.3618	0.1266
ENSMUSG00000060787	0.1703	-0.2383	-0.8441	-0.5840	-0.0746	-0.4209
ENSMUSG00000060802	-0.3553	0.0148	0.6171	-0.1645	0.1538	-0.1615
ENSMUSG00000060803	-0.1761	-0.2008	-0.2440	-0.6803	-0.0950	0.1885
ENSMUSG00000060827	-1.0109	-0.1973	-1.0307	-0.2559	-0.8268	-1.3519
ENSMUSG00000060843	0.7142	-0.2947	0.4458	0.0641	0.3217	0.2739
ENSMUSG00000060860	0.3160	0.0964	0.0578	-0.4489	-0.5582	0.2916
ENSMUSG00000060863	0.0897	0.2170	-0.1827	-0.4350	-0.0345	-0.6339
ENSMUSG00000060878	0.7451	-0.4078	-0.2063	-0.0546	-0.3933	0.0181
ENSMUSG00000060882	0.1239	0.1469	0.0903	-0.6901	-0.2933	-0.0442
ENSMUSG00000060888	0.2017	-0.0121	0.1858	-0.1682	0.6505	-0.0521
ENSMUSG00000060913	0.5857	0.2816	-0.0926	0.1890	-0.2474	0.2741
ENSMUSG00000060918	0.1291	-0.4644	-1.1788	-0.6239	-0.7812	-1.1926
ENSMUSG00000060923	0.2315	-0.3517	-0.0872	-0.6834	-0.0425	-0.7571
ENSMUSG00000060938	0.0166	0.6088	-0.2182	0.2576	0.3541	0.4789
ENSMUSG00000060961	0.6440	0.5373	-0.0615	-0.5332	-0.1336	0.4226
ENSMUSG00000060974	-0.1738	-0.2914	0.1003	-0.3779	0.0748	0.0664
ENSMUSG00000060981	-0.4254	-0.1061	-0.2595	-0.0878	0.0574	-1.1966
ENSMUSG00000060988	0.5536	0.1134	0.5493	-0.7239	-0.0426	0.0852
ENSMUSG00000061000	-0.8231	-0.0269	-0.3267	-0.2926	0.2049	0.4218
ENSMUSG00000061039	0.1192	-0.4194	-0.2269	-0.0305	-0.1426	-0.3192
ENSMUSG00000061048	-0.2599	-0.3442	-0.2665	0.0724	-0.0196	0.0115
ENSMUSG00000061065	-0.4522	-0.1779	0.3699	0.0939	-0.2521	-0.0536
ENSMUSG00000061068	1.4596	1.6979	1.5311	2.3231	2.2048	2.3634
ENSMUSG00000061079	1.6770	1.2407	1.8037	1.8559	2.5462	2.4640
ENSMUSG00000061086	0.2545	-0.2633	-0.0223	-0.3536	0.0996	-0.1046
ENSMUSG00000061099	0.1488	-0.0457	-0.0347	-0.6368	-0.1842	0.2242
ENSMUSG00000061104	-0.0993	-0.2491	0.1993	-0.2109	0.0340	0.0434
ENSMUSG00000061119	1.3430	1.8823	2.7313	2.0641	2.2436	2.4220
ENSMUSG00000061126	-1.0355	-1.1667	-2.3653	-1.9671	-2.1027	-2.3951
ENSMUSG00000061130	0.0474	0.0460	0.0339	0.0366	-0.3809	0.1096
ENSMUSG00000061132	0.0061	-0.4890	0.3826	-0.1608	-0.3997	-0.6294
ENSMUSG00000061136	-0.6172	0.5370	0.2158	-0.6279	0.0133	0.2040
ENSMUSG00000061143	-0.5617	-0.5771	0.1764	0.3677	-0.5442	0.1617
ENSMUSG00000061165	-0.2392	-0.0479	0.3002	0.3133	0.1323	-0.2956
ENSMUSG00000061175	0.2249	0.3026	0.0897	0.0647	-0.1557	-0.6010
ENSMUSG00000061186	-0.2649	0.0838	-0.3484	0.3708	-0.1004	0.2320
ENSMUSG00000061195	-0.4170	-0.0774	0.1583	0.0931	0.0676	0.3403
ENSMUSG00000061210	0.0813	0.1449	-0.4495	0.3877	-0.4305	0.0665
ENSMUSG00000061232	0.1110	0.8446	0.0275	0.5396	0.1416	-0.2407
ENSMUSG00000061244	-0.1320	0.3474	-0.6600	0.1923	0.7662	0.0094
ENSMUSG00000061259	0.1331	0.6647	-0.4713	0.0762	0.1728	-0.2565
ENSMUSG00000061286	0.5322	-0.8101	0.0012	0.1910	-0.4150	0.2205
ENSMUSG00000061288	0.6572	-0.3458	-0.1361	0.0211	-0.7886	0.2382
ENSMUSG00000061292	-0.2936	-0.1557	-0.2614	0.3238	-0.4572	0.0820
ENSMUSG00000061295	-0.1042	0.2212	-0.1713	-0.3936	0.2728	-0.2520
ENSMUSG00000061311	0.4494	0.7745	1.2528	0.8745	1.4047	1.8685
ENSMUSG00000061315	-0.3666	0.1654	0.3291	0.0452	-0.2869	-0.1621
ENSMUSG00000061322	0.0482	0.2330	-0.2857	0.5933	0.2374	0.1539
ENSMUSG00000061336	-0.0479	0.0805	-0.7744	0.3803	-0.2404	-0.1543
ENSMUSG00000061342	-0.2600	0.5063	0.2694	0.2763	-0.2980	0.2069
ENSMUSG00000061353	-0.1348	-0.2883	-0.0042	0.3048	-0.4448	-0.0910
ENSMUSG00000061360	-0.1879	-0.9730	0.7804	-0.6308	0.3294	-0.8349
ENSMUSG00000061361	0.3201	0.1174	-0.3320	-0.3686	0.7917	0.0682
ENSMUSG00000061367	0.3463	0.4188	-0.0570	0.2634	-0.2563	0.4721
ENSMUSG00000061387	0.3514	-0.1557	-0.1933	0.5412	0.3850	0.0297
ENSMUSG00000061393	-0.0139	0.3526	0.6435	-0.1654	0.2761	-0.3173
ENSMUSG00000061397	-1.8454	-1.4718	-1.4577	-2.3382	-2.2266	-2.5008
ENSMUSG00000061436	0.0182	-0.4547	-0.1075	-0.1205	0.0707	-0.1627
ENSMUSG00000061455	0.0370	-0.3512	0.8800	-0.0437	0.8916	0.2525
ENSMUSG00000061457	0.6322	0.2478	-0.3974	-0.4408	0.5395	0.0610
ENSMUSG00000061462	-0.0848	-0.2176	0.0588	0.1198	0.3831	0.0420
ENSMUSG00000061474	-0.2508	-0.1335	0.1327	0.0884	0.4901	0.2359
ENSMUSG00000061477	0.4108	0.2245	-0.4554	-0.4329	0.2068	-0.3664
ENSMUSG00000061479	-0.1294	0.3248	-0.4032	0.4013	-0.2138	0.0647
ENSMUSG00000061482	-0.2456	0.0510	0.4449	0.0637	0.0015	0.3771
ENSMUSG00000061486	0.1129	0.2128	0.1625	0.4409	-0.3299	-0.0446
ENSMUSG00000061489	-0.2558	0.1773	-0.4671	0.0644	0.3387	0.2949
ENSMUSG00000061518	0.3859	0.4671	-0.1740	0.0934	0.0374	-0.0162
ENSMUSG00000061520	-0.1956	-0.7433	-0.4850	0.1760	0.4048	-1.1791
ENSMUSG00000061527	0.8498	1.7703	2.0606	2.7983	2.4537	2.7123
ENSMUSG00000061549	0.0159	-0.0002	0.4069	0.2861	0.1872	0.4533
ENSMUSG00000061559	0.0268	0.2465	-0.3315	0.4438	-0.3731	0.8346
ENSMUSG00000061561	0.3623	-0.3295	-0.0599	-0.1479	0.1696	-0.5334
ENSMUSG00000061578	0.2889	0.6461	0.4004	0.4535	0.0527	0.1965
ENSMUSG00000061589	0.4923	-0.5162	0.7084	0.4443	0.4848	-0.2954
ENSMUSG00000061601	0.1676	-0.0318	0.1609	-0.4499	0.0242	-0.1478
ENSMUSG00000061613	0.1105	0.3991	-0.0447	-0.4572	0.1105	-0.0078
ENSMUSG00000061614	-0.6603	-0.0196	0.0561	-0.1611	-0.5783	-0.3777
ENSMUSG00000061615	-0.3863	0.0017	0.6096	0.5285	-0.4221	0.3444
ENSMUSG00000061616	0.2447	0.2335	-0.1466	-0.5621	1.2431	-0.4595
ENSMUSG00000061626	0.2555	-0.2385	-0.3290	-0.1837	-0.1306	-0.0349
ENSMUSG00000061637	0.2191	-0.2538	0.7085	0.1753	0.0345	-0.2832
ENSMUSG00000061665	-0.5726	0.7171	-0.3177	-0.2191	0.3532	0.1146
ENSMUSG00000061666	-0.0207	-0.0378	-0.2058	0.3666	-0.1896	-0.3918
ENSMUSG00000061718	-0.1391	0.0339	0.0008	-0.2847	0.5693	0.3757
ENSMUSG00000061723	0.1410	0.4775	-0.0198	-0.0675	0.1255	-0.0356
ENSMUSG00000061731	-0.3139	0.4128	0.0257	-0.0160	0.0062	0.3822
ENSMUSG00000061740	0.3823	-0.2736	-0.2914	0.2874	-0.3343	-1.0333
ENSMUSG00000061758	-0.2448	-0.0313	-0.2869	-0.3256	0.3564	0.0459
ENSMUSG00000061762	-0.4891	-0.1006	-0.0614	0.0430	0.3734	0.1392
ENSMUSG00000061769	-0.1842	-0.0380	-1.0137	-0.5056	0.0540	0.0131
ENSMUSG00000061780	-0.1897	0.4126	0.1589	0.6169	0.4232	0.3351
ENSMUSG00000061787	-0.7263	0.0668	0.3525	0.1911	-0.1046	-0.0016
ENSMUSG00000061798	-0.1481	0.1779	0.0934	-0.3231	-0.0163	-0.4275
ENSMUSG00000061808	-0.1170	0.3776	-0.6117	0.1581	-0.2988	-0.1285
ENSMUSG00000061809	-0.2796	-0.1079	0.2756	0.0845	0.2073	-0.3629
ENSMUSG00000061816	0.3096	0.0784	-0.1847	0.1322	0.2719	0.5087
ENSMUSG00000061825	-0.5196	-1.3430	-0.5507	-0.7724	-0.9749	-1.8254
ENSMUSG00000061838	0.3570	-0.1038	-0.2841	0.2665	0.3452	0.0970
ENSMUSG00000061845	-0.0800	0.7174	0.4007	0.5298	0.0768	0.0467
ENSMUSG00000061847	0.8329	1.7793	0.3815	1.4509	1.8439	2.6735
ENSMUSG00000061859	0.1995	-0.8734	0.1306	0.4276	0.1715	0.5910
ENSMUSG00000061875	0.3266	-0.8411	-0.2915	-0.4053	-0.0744	-0.3866
ENSMUSG00000061878	0.5634	-0.2799	-0.1022	-0.3083	0.2045	-0.0086
ENSMUSG00000061906	0.2930	0.4026	-0.0314	0.5080	-0.4498	-0.0243
ENSMUSG00000061928	-0.8544	-0.8786	-1.3582	-1.8704	-2.1031	-2.4184
ENSMUSG00000061952	0.4610	-0.3204	1.0494	-0.0388	0.0237	-0.1087
ENSMUSG00000061958	-0.1800	-0.4069	0.5528	-0.1927	0.5938	-0.0341
ENSMUSG00000061959	0.3871	0.6371	0.0705	0.2294	-0.0060	0.3608
ENSMUSG00000061961	-0.3182	0.2233	0.2341	0.2766	-0.2344	0.0691
ENSMUSG00000061972	-0.0859	-0.1336	0.0812	0.6238	-0.2665	-0.0898
ENSMUSG00000061974	1.2926	0.9385	1.9980	2.2219	2.2528	3.5012
ENSMUSG00000061977	-0.0056	-0.0839	-0.0949	0.4719	0.3842	-0.4688
ENSMUSG00000061981	-0.2819	-0.2645	-0.4997	0.5467	0.8617	-0.2282
ENSMUSG00000061983	-0.1872	0.2414	0.0075	-0.2028	-0.0561	-0.4116
ENSMUSG00000061984	0.1846	-0.0067	-0.0951	0.2093	-1.2642	-0.0935
ENSMUSG00000061991	0.7070	0.1035	0.1486	0.5788	-0.4264	0.0208
ENSMUSG00000062006	0.1830	-0.2047	0.6099	-0.1505	0.5587	0.0931
ENSMUSG00000062017	0.8774	1.2085	1.0887	2.5463	2.5616	3.3034
ENSMUSG00000062037	0.0394	1.2116	0.3875	-0.3390	-0.2313	0.0006
ENSMUSG00000062042	0.2818	-0.5289	-0.2457	0.5594	0.1816	-0.1210
ENSMUSG00000062070	0.3865	0.1783	0.1065	0.3044	-0.2227	0.1875
ENSMUSG00000062075	-0.1781	-0.2040	-0.1820	-0.1634	-0.4994	0.0209
ENSMUSG00000062077	-0.1962	0.2339	0.0906	0.0713	0.7277	-0.0536
ENSMUSG00000062082	-0.5233	-0.1849	-0.3874	0.3640	-0.0225	-0.5011
ENSMUSG00000062103	-0.2884	0.5481	-0.7216	0.1963	0.1046	0.0771
ENSMUSG00000062105	-0.5254	0.4458	-0.0510	0.1228	0.3234	-0.0841
ENSMUSG00000062121	0.3245	0.3428	-0.2605	0.3125	0.4100	-0.0395
ENSMUSG00000062128	0.2012	0.2871	-0.4115	0.0773	-0.3747	-0.1968
ENSMUSG00000062142	-0.3860	-0.0714	-0.8456	-0.2249	-0.5600	-0.1546
ENSMUSG00000062151	0.4258	0.3470	0.2373	0.0762	0.5913	0.0284
ENSMUSG00000062157	0.1451	-0.3727	-0.0915	0.0251	0.2953	0.0497
ENSMUSG00000062175	-0.0442	0.3128	-0.2453	-0.0207	-0.4493	0.9552
ENSMUSG00000062184	0.0497	0.3706	0.1380	0.3620	-0.2065	0.2278
ENSMUSG00000062186	-0.0975	-0.0068	0.4599	0.2756	-0.1147	-0.3255
ENSMUSG00000062199	0.2510	-0.2086	-0.0000	-0.1880	0.0285	-0.0317
ENSMUSG00000062203	0.5008	-0.0198	0.0907	0.2739	-0.1267	-0.7386
ENSMUSG00000062204	-0.0082	-0.0652	-0.2606	0.2086	-0.1579	-0.0757
ENSMUSG00000062209	0.0320	0.0790	-0.0059	-0.0431	0.3859	0.1002
ENSMUSG00000062232	0.3907	0.4218	0.1488	0.0685	0.0314	0.8860
ENSMUSG00000062245	-0.2365	0.3778	0.1684	-0.0376	-0.3368	0.0557
ENSMUSG00000062248	-0.4319	-1.3611	-0.9384	-0.8961	-1.5110	-1.1915
ENSMUSG00000062270	0.2855	0.0355	-0.2562	0.2814	0.2991	0.4310
ENSMUSG00000062272	0.1558	0.2188	-0.1075	-0.2484	-0.9832	0.4233
ENSMUSG00000062300	-0.1858	0.3786	-0.2083	-0.2888	0.8655	0.3335
ENSMUSG00000062309	-0.1868	-0.1864	-0.8160	-0.7313	-0.1774	0.0527
ENSMUSG00000062312	0.4885	-0.2111	-0.3955	0.2822	0.0785	-0.1816
ENSMUSG00000062314	-0.3988	-0.9667	-0.4095	-0.9249	-1.2921	-1.6064
ENSMUSG00000062328	0.8682	-0.2789	-0.2615	0.1173	0.2192	0.0362
ENSMUSG00000062342	-0.1431	0.1354	0.1529	-0.0397	-0.7437	0.2947
ENSMUSG00000062345	0.0707	-0.7555	0.0198	-0.4507	-0.2630	0.1031
ENSMUSG00000062380	-0.4609	0.4594	0.2695	-0.2725	-0.3493	-0.0039
ENSMUSG00000062382	0.1498	0.0206	-0.2423	0.0942	-0.2290	-1.0857
ENSMUSG00000062393	0.0521	-0.3345	0.2146	0.5747	0.0286	0.4971
ENSMUSG00000062410	-0.4826	-0.1184	0.3261	0.2623	0.1273	0.6432
ENSMUSG00000062421	0.1601	-0.1650	0.2143	-0.3342	-0.7039	-0.0158
ENSMUSG00000062426	-0.0752	-0.7802	0.0804	-0.5113	0.4098	-0.1494
ENSMUSG00000062432	-0.1196	0.8490	-0.2513	0.2453	-0.1263	-0.8187
ENSMUSG00000062434	-0.0744	-0.1197	-0.6367	-0.2408	0.1621	-0.0830
ENSMUSG00000062444	0.5258	-0.0105	-0.1616	0.4240	-0.2559	0.4078
ENSMUSG00000062480	0.5638	0.3733	-0.5778	-0.1120	-0.3550	-0.1726
ENSMUSG00000062497	0.2179	0.1084	0.4617	0.2990	0.1678	-0.4555
ENSMUSG00000062515	-0.4567	-0.0382	-0.0468	0.0381	-0.1167	-0.0594
ENSMUSG00000062524	-0.2246	-0.5773	-0.1043	0.4702	-0.7312	0.0491
ENSMUSG00000062526	-0.0664	-0.1640	-0.0314	-0.7155	0.5683	-0.8318
ENSMUSG00000062527	0.2531	1.3030	1.0091	0.6432	1.1345	1.3373
ENSMUSG00000062528	-0.0742	0.0445	0.0477	-0.2194	-0.1789	0.2959
ENSMUSG00000062553	-0.3946	0.0217	0.0736	0.2565	0.3971	0.3112
ENSMUSG00000062585	-0.2503	0.5138	-0.3838	0.0245	0.5402	0.0157
ENSMUSG00000062591	0.1625	-0.1986	0.1598	-0.1949	0.3066	0.0042
ENSMUSG00000062608	0.0147	0.3699	-0.0885	-0.1470	-0.3021	0.0790
ENSMUSG00000062609	-0.2044	0.4263	-0.2189	-0.2266	-0.6971	-0.6416
ENSMUSG00000062621	0.1094	-0.0704	-0.2602	-0.2332	-0.6972	-0.2088
ENSMUSG00000062624	-0.0176	0.0296	-0.5962	-0.5402	0.3270	0.1414
ENSMUSG00000062629	0.4672	-0.3054	-0.1284	-0.0589	0.1936	0.7304
ENSMUSG00000062646	0.5623	-0.4828	-0.2147	-0.0836	-0.4456	-0.5575
ENSMUSG00000062647	0.2216	0.0699	-0.0655	-0.1494	-0.2682	0.1810
ENSMUSG00000062649	0.4412	-0.4014	-0.4765	-0.0721	-0.5920	-0.2607
ENSMUSG00000062651	1.0805	-0.0337	-0.4841	-0.3968	-0.0602	-0.4450
ENSMUSG00000062683	0.7310	-0.0290	-0.1010	-0.3685	0.0354	0.3215
ENSMUSG00000062687	-0.4277	-0.6112	-1.3602	-0.2801	-1.2444	-1.5149
ENSMUSG00000062694	0.0615	0.1513	-0.5464	0.4087	0.4415	-0.0969
ENSMUSG00000062712	-0.6064	-0.0089	-0.2391	0.3638	-0.2096	-0.3760
ENSMUSG00000062727	-0.1547	0.0770	-0.0414	0.5040	-0.0107	-0.0816
ENSMUSG00000062729	0.0272	-0.1730	-0.4014	0.1816	-0.4732	-0.2160
ENSMUSG00000062751	0.2204	-0.5136	-0.1953	-0.3760	0.3374	-0.2216
ENSMUSG00000062757	0.2794	0.0717	0.1522	0.3900	-0.0980	0.5153
ENSMUSG00000062762	-0.3465	0.0973	0.0256	-0.1207	0.0142	-0.2682
ENSMUSG00000062778	-0.0566	-0.3323	0.1425	0.3911	-0.4358	-0.3582
ENSMUSG00000062782	-0.1565	-0.1209	0.7409	-0.0949	-0.1702	0.4228
ENSMUSG00000062785	0.3389	-0.3850	-0.3139	0.3242	0.6115	-0.3694
ENSMUSG00000062793	0.0775	-0.0641	0.1828	-0.0166	-0.0560	0.3019
ENSMUSG00000062825	-0.3058	-0.3581	0.3784	0.1541	-0.0592	0.9570
ENSMUSG00000062844	0.0867	0.3038	0.2174	0.3894	0.0690	-0.1366
ENSMUSG00000062867	-0.0037	0.2290	0.0884	-0.1043	-0.7102	-0.4447
ENSMUSG00000062868	0.4840	0.4245	-0.2395	0.1533	0.6656	0.3764
ENSMUSG00000062873	0.0199	-0.5002	-0.5117	-0.6528	-0.5524	-0.1477
ENSMUSG00000062878	0.0724	-0.0862	-0.3120	0.4699	0.2961	0.4990
ENSMUSG00000062892	0.3209	0.0613	-0.3504	0.4986	0.3812	-0.0816
ENSMUSG00000062906	0.0782	0.4679	0.6165	-0.9875	-0.3727	0.4347
ENSMUSG00000062908	0.3803	0.0796	-0.1589	0.2499	0.2031	-0.1921
ENSMUSG00000062914	-0.3090	-0.2577	-0.2312	-0.1828	-0.1336	-0.5249
ENSMUSG00000062929	0.4429	-0.0998	-0.1078	0.4189	-0.0070	0.0219
ENSMUSG00000062937	0.1724	-0.1900	0.5265	-0.4660	-0.0460	0.2472
ENSMUSG00000062939	0.3152	0.4084	-0.5481	-0.6921	0.5422	-0.3131
ENSMUSG00000062949	-0.1131	0.3172	0.4862	-0.2365	-0.1703	-0.4635
ENSMUSG00000062952	0.1227	-0.6925	-0.0133	0.0253	0.2029	-0.2543
ENSMUSG00000062960	0.3780	-0.2495	0.3512	0.0522	0.0896	-0.1144
ENSMUSG00000062981	0.3037	-0.2768	0.0500	-0.0823	-0.6285	-0.2756
ENSMUSG00000062987	0.4828	-0.1431	0.5684	-0.2439	-0.6138	-0.3614
ENSMUSG00000062991	-0.5177	-0.7932	-1.5420	-1.2255	-1.1940	-0.9277
ENSMUSG00000062995	0.2216	-1.0547	0.3318	0.3466	-0.5109	-0.0249
ENSMUSG00000062997	0.4127	0.0496	-0.0016	-0.0877	-0.3687	0.2015
ENSMUSG00000063020	0.1662	-0.3550	0.1465	0.2458	-0.6946	-0.5146
ENSMUSG00000063021	-0.3769	0.0181	-0.1402	-0.0646	0.0218	0.5417
ENSMUSG00000063063	0.2675	-0.3018	-0.4992	0.4566	-0.1512	0.1247
ENSMUSG00000063065	-0.0764	-0.2937	-0.1001	-0.3937	-0.0723	0.0833
ENSMUSG00000063077	0.5453	0.8646	-0.1274	0.0084	-0.0340	0.0465
ENSMUSG00000063089	-0.7782	-0.1014	0.2170	0.0712	-0.1797	-0.1294
ENSMUSG00000063106	0.8958	0.6959	1.2863	0.9833	0.9019	1.2788
ENSMUSG00000063116	0.1651	-0.0806	0.4525	0.3694	0.7693	0.5234
ENSMUSG00000063120	0.0670	0.1304	-0.2353	-0.1510	-0.1231	-0.4083
ENSMUSG00000063129	-0.3649	-0.1903	-0.6509	0.3693	-0.2511	-0.0963
ENSMUSG00000063130	-0.0373	-0.1840	0.0517	0.1947	-0.2267	0.2481
ENSMUSG00000063133	1.3039	1.7095	1.8445	1.6120	2.1877	2.4605
ENSMUSG00000063137	0.1093	0.0248	0.6789	0.2631	-0.2929	0.7225
ENSMUSG00000063142	0.0128	0.3828	-0.8435	0.0814	-0.5787	-0.1327
ENSMUSG00000063157	0.5927	0.4601	0.9735	1.0131	0.4411	1.5219
ENSMUSG00000063160	0.6376	-0.3513	-0.6410	-0.4651	0.4918	0.3503
ENSMUSG00000063173	0.7805	0.0780	-0.3167	0.1033	-0.5844	-0.1515
ENSMUSG00000063176	0.3285	-0.2273	0.4705	-0.1999	-0.2279	-0.4203
ENSMUSG00000063177	-0.3146	0.1751	-0.2689	-0.0623	-0.0230	0.1704
ENSMUSG00000063179	-0.9064	-0.9031	-1.0708	-1.4454	-1.9669	-2.6073
ENSMUSG00000063188	-0.1545	0.0963	0.0270	-0.5406	-0.3155	0.0986
ENSMUSG00000063206	-0.1273	0.2377	0.5259	-0.5162	0.0235	0.0661
ENSMUSG00000063216	-0.1131	-0.2786	-0.1079	0.4517	-0.1389	0.2511
ENSMUSG00000063221	0.0776	0.0684	-1.0077	0.1045	-0.0677	0.0564
ENSMUSG00000063225	0.5193	0.0294	0.2176	0.0925	-0.2177	0.3086
ENSMUSG00000063229	0.0475	-0.0109	-0.0947	-0.2808	-0.3371	0.7581
ENSMUSG00000063230	0.1603	0.3222	-0.0790	0.4521	0.4959	0.2184
ENSMUSG00000063239	0.1914	-0.0269	0.6857	-0.1490	-0.1056	-0.4306
ENSMUSG00000063240	0.0516	-0.0094	-0.0979	0.0551	-0.0271	-0.3710
ENSMUSG00000063275	-0.4434	0.0572	0.3938	0.5877	-0.1041	0.8470
ENSMUSG00000063316	-0.0493	0.4465	-0.2133	-0.0072	-0.2131	-0.3533
ENSMUSG00000063350	0.6438	1.0137	0.6677	0.4107	0.8951	1.2779
ENSMUSG00000063354	-0.3809	0.4303	-0.1314	0.1491	-0.0380	0.3246
ENSMUSG00000063358	-0.5799	0.2296	-0.2291	-0.0560	-0.1250	-0.1975
ENSMUSG00000063362	0.2522	0.1032	0.3419	-0.1275	-0.2491	-0.9844
ENSMUSG00000063374	0.0027	-0.0542	0.3000	0.1734	-0.7132	-0.1400
ENSMUSG00000063376	0.4816	0.5720	-0.2390	-0.5237	-0.0327	-0.1832
ENSMUSG00000063380	0.1670	0.2505	-0.3122	-0.0807	-0.1157	-0.1949
ENSMUSG00000063386	0.3014	0.1877	0.0846	0.1908	0.1958	-0.1304
ENSMUSG00000063394	-0.0983	0.1168	-0.2343	0.4191	0.2139	-0.4292
ENSMUSG00000063415	0.5292	-0.2943	0.0708	-0.4982	0.1064	0.5771
ENSMUSG00000063428	0.9796	0.1600	-0.2383	-0.1482	0.1917	0.1787
ENSMUSG00000063447	-0.4920	-0.2453	-0.2189	0.1326	0.2619	0.9562
ENSMUSG00000063450	-0.1370	-0.1027	-0.6163	-0.3201	-0.1725	0.0779
ENSMUSG00000063457	0.1053	-0.0839	-0.0629	0.4990	-0.2417	-0.2208
ENSMUSG00000063478	-0.3055	-0.4124	-0.4026	0.7154	-0.1428	0.2291
ENSMUSG00000063480	1.1753	0.5836	0.5033	0.5895	1.4321	2.1649
ENSMUSG00000063511	0.2635	0.0442	-0.1010	0.5546	-0.1630	-0.2576
ENSMUSG00000063524	-0.5034	0.0186	-0.5961	-0.3746	0.1984	-0.3572
ENSMUSG00000063531	-0.4587	-0.4375	-0.2478	0.2521	0.2512	-0.1432
ENSMUSG00000063549	0.2871	0.2156	0.5779	-0.6563	-0.3964	0.2320
ENSMUSG00000063550	-0.3879	-1.4098	-0.8863	-1.0911	-0.7415	-1.1221
ENSMUSG00000063558	0.3559	-0.0561	0.1265	0.2003	-0.1161	-0.1908
ENSMUSG00000063564	-0.3751	0.2297	0.1226	0.2950	0.2555	0.5973
ENSMUSG00000063582	0.2920	-0.6830	-0.3636	-0.2113	0.3257	-0.5165
ENSMUSG00000063583	-0.3439	-0.5644	0.6271	-0.1180	-0.3032	-0.0163
ENSMUSG00000063594	-0.1746	-0.0293	0.3131	0.3005	-0.3223	0.3333
ENSMUSG00000063615	-0.1427	-0.3824	0.1083	-0.0129	0.2610	0.2687
ENSMUSG00000063626	0.0777	-0.0313	0.3730	-0.2166	0.7342	-0.3928
ENSMUSG00000063652	-0.9206	0.1008	0.2580	-0.3558	0.5334	-0.0927
ENSMUSG00000063660	0.4150	-0.1715	-0.8327	-0.4274	-0.1121	-0.2570
ENSMUSG00000063661	0.8301	1.6613	1.8408	2.2458	2.4497	2.5381
ENSMUSG00000063681	-0.6516	-0.5206	-0.4612	-0.2198	-0.0063	-0.0991
ENSMUSG00000063689	0.1639	0.2012	-0.0149	0.0773	0.0934	-0.2642
ENSMUSG00000063694	-0.1036	-0.0315	0.2577	0.4746	-0.1189	-0.0918
ENSMUSG00000063704	0.3937	0.1659	-0.1374	-0.3818	0.1924	0.0555
ENSMUSG00000063713	0.0005	0.7365	0.2741	-0.6831	0.4382	-0.2637
ENSMUSG00000063715	-0.0508	-0.1228	-0.4443	0.0318	-0.0443	0.7645
ENSMUSG00000063727	0.5673	0.0273	-0.2200	-0.3178	-0.2024	-0.3496
ENSMUSG00000063730	-0.2421	-0.3227	-0.3143	0.1062	-0.0728	0.0263
ENSMUSG00000063739	-0.4625	0.3240	-0.2857	-0.0683	0.2265	-0.9684
ENSMUSG00000063762	0.1342	-0.1987	0.1374	-0.2668	0.4116	-0.0517
ENSMUSG00000063764	0.4444	0.2409	-0.2693	0.4129	0.0412	0.3542
ENSMUSG00000063777	-0.1386	0.1585	-0.1524	-0.5902	-0.1938	-0.2631
ENSMUSG00000063780	0.2503	0.1646	0.6631	0.6954	0.0629	-0.1430
ENSMUSG00000063785	-0.2709	0.1003	-0.1572	-0.1323	-0.0042	-0.2282
ENSMUSG00000063796	0.0731	0.4092	0.2435	0.2575	-0.0867	0.1259
ENSMUSG00000063800	-0.2495	-0.2440	0.2742	-0.1630	-0.3262	-0.1011
ENSMUSG00000063801	0.0336	-0.2470	0.1841	-0.0100	-0.6551	-0.1452
ENSMUSG00000063802	0.2054	0.2503	0.4017	-0.2438	-0.3629	-0.6403
ENSMUSG00000063823	0.2622	0.4964	-0.0244	0.0903	-0.3399	0.2676
ENSMUSG00000063827	0.3256	-0.4506	0.2354	0.4850	-0.8092	-0.3214
ENSMUSG00000063842	0.1734	0.1185	-0.5624	0.0478	0.0502	-0.0560
ENSMUSG00000063844	-0.2942	-0.3105	0.2216	-0.1205	-0.2775	-0.1056
ENSMUSG00000063849	0.8370	-0.3753	0.3830	0.0410	0.1157	0.0574
ENSMUSG00000063856	0.4448	0.0173	0.0224	0.4998	0.0579	-0.6308
ENSMUSG00000063867	-0.4123	-0.1495	-0.5370	-0.4654	0.2784	0.4239
ENSMUSG00000063870	-0.4984	0.0828	-0.2113	0.3950	-0.2154	-0.2437
ENSMUSG00000063881	0.5131	-0.3874	-0.9623	0.1186	-0.1409	-0.1907
ENSMUSG00000063882	-0.3010	-0.2721	0.2805	-0.0781	-0.6448	-0.3751
ENSMUSG00000063887	-0.1295	0.0318	-0.2383	-0.5365	0.0711	0.7349
ENSMUSG00000063889	0.1991	-0.8027	-0.7414	-0.2672	0.0526	-0.6622
ENSMUSG00000063903	1.2021	1.9720	1.8169	1.9298	1.4757	2.3707
ENSMUSG00000063929	-0.1118	0.1873	0.0498	-0.2509	0.8870	0.0890
ENSMUSG00000063953	-0.4615	0.3074	-0.0316	0.4675	0.4793	0.5622
ENSMUSG00000063954	0.4379	0.4746	0.1292	-0.4620	0.1895	-0.3473
ENSMUSG00000063975	0.0082	-0.1193	-0.3814	0.0900	-0.3838	0.1097
ENSMUSG00000063994	-0.0476	0.0538	0.0802	0.2066	-0.3610	-0.5040
ENSMUSG00000064006	0.2103	-0.1430	0.0697	-0.3127	0.3073	0.3354
ENSMUSG00000064030	0.2908	0.5216	-0.0749	0.3229	0.1692	0.5583
ENSMUSG00000064039	-1.0069	-0.6809	-1.0825	-0.9403	-0.6379	-1.2642
ENSMUSG00000064044	0.2228	-0.6583	-0.7411	0.3749	-0.0190	0.0084
ENSMUSG00000064063	-0.0582	-0.4162	-0.2112	-0.1816	-0.4639	-0.7495
ENSMUSG00000064068	0.9665	0.3693	0.7709	1.1008	0.7195	1.5199
ENSMUSG00000064080	-0.2807	0.1813	-0.3887	0.0939	-0.3839	0.3480
ENSMUSG00000064084	0.4343	-0.2643	0.2117	0.7233	-0.4509	-0.0792
ENSMUSG00000064109	-0.3949	-0.1788	0.2595	0.2107	-0.6158	0.1848
ENSMUSG00000064110	0.7116	0.2436	0.6201	0.0818	0.3342	0.3353
ENSMUSG00000064115	0.3901	0.1119	1.1712	-0.1706	-0.4602	-0.2582
ENSMUSG00000064120	-0.2009	0.4071	0.0561	-0.4618	-0.0667	0.6147
ENSMUSG00000064121	0.3924	0.0270	0.9872	-0.4181	-0.4679	0.3517
ENSMUSG00000064127	-0.1855	0.0070	0.6306	-0.5293	0.2936	-0.2559
ENSMUSG00000064165	-1.1173	-0.9579	-1.0977	-0.9620	-1.5271	-0.9740
ENSMUSG00000064177	0.1703	0.4730	-0.2888	-0.1925	-0.1874	-0.0254
ENSMUSG00000064179	0.2398	-0.4654	0.0720	0.4908	0.5527	-0.3798
ENSMUSG00000064201	1.3534	1.6444	1.7419	1.7120	1.8475	2.7497
ENSMUSG00000064210	-0.0661	-0.4537	0.5507	0.3917	0.6930	0.1525
ENSMUSG00000064213	0.5735	0.5174	-0.4270	0.1973	-0.7464	-0.2080
ENSMUSG00000064220	-0.5363	-0.2069	0.3683	-0.0761	0.2404	0.1044
ENSMUSG00000064223	0.0809	-0.0254	0.0415	-0.4076	-0.5567	0.0621
ENSMUSG00000064225	-0.4144	0.3122	-0.1364	-0.2056	-0.2866	0.0214
ENSMUSG00000064232	1.3207	1.6028	1.7078	2.4112	2.4254	2.1150
ENSMUSG00000064252	-0.3681	0.0945	0.2004	0.2228	0.3351	0.0745
ENSMUSG00000064254	-0.6748	-0.1189	-0.4016	-0.1112	0.0940	0.0251
ENSMUSG00000064288	-0.2141	-0.1831	0.1117	0.1433	-0.2870	-0.0174
ENSMUSG00000064289	0.6118	-0.2313	-0.2082	0.1207	-0.1642	0.2002
ENSMUSG00000064294	-0.0057	-0.1820	0.4875	0.2452	-0.0833	-0.2759
ENSMUSG00000064325	-0.4921	-0.3657	0.1402	0.0341	-0.1571	-0.3647
ENSMUSG00000064326	0.2063	-0.1339	-0.1203	-0.1410	0.4761	0.0984
ENSMUSG00000064329	-0.0247	0.3045	0.4922	0.2573	0.2337	-0.2743
ENSMUSG00000064330	0.0489	-0.0807	-1.0581	-0.0248	-0.0680	-0.1091
ENSMUSG00000064333	0.0718	-0.0938	-0.0277	0.0081	0.2221	-0.4663
ENSMUSG00000064341	-0.0650	-0.0598	-0.2449	0.3510	0.6240	0.7432
ENSMUSG00000064345	0.0146	-0.3529	0.0160	0.3132	-0.3160	-0.5959
ENSMUSG00000064351	-0.4530	-0.4789	-0.5296	-0.2547	0.5564	-0.1073
ENSMUSG00000064354	-0.3875	-0.4181	0.0023	0.1220	0.0929	-0.5227
ENSMUSG00000064356	-0.2058	0.5829	0.0171	0.2712	0.0895	-0.0379
ENSMUSG00000064357	1.0534	-0.3730	0.2273	0.0674	-0.2303	-0.2749
ENSMUSG00000064358	-0.4596	0.8374	0.4949	-0.2895	0.3976	0.1091
ENSMUSG00000064360	-0.0429	-0.1954	0.1807	-0.1048	-0.1699	0.2146
ENSMUSG00000064363	0.2174	-0.3044	-0.1656	0.2786	0.2452	0.4183
ENSMUSG00000064367	0.2486	-0.3003	0.3691	-0.0267	0.7902	0.6575
ENSMUSG00000064368	-0.3112	0.1966	0.0235	-0.1389	0.6257	-0.0715
ENSMUSG00000064370	0.0369	-0.2047	0.4172	-0.0471	0.2704	0.3480
ENSMUSG00000064389	-0.2009	-0.8556	0.5346	0.4327	-0.3638	-0.4021
ENSMUSG00000064391	0.3776	0.4870	-0.1713	-0.4816	-0.2504	0.5290
ENSMUSG00000064394	0.3914	0.4546	-0.2387	0.2714	0.5092	0.3575
ENSMUSG00000064395	0.0943	0.2092	-0.2542	-0.0303	-0.3654	-0.3000
ENSMUSG00000064399	0.0401	-0.1639	0.3062	-0.1812	-0.6592	-0.0995
ENSMUSG00000064408	0.1258	0.0687	-0.1557	-0.3143	-0.0631	-0.4785
ENSMUSG00000064413	-0.6257	0.0071	0.1819	-0.0405	-0.5818	-0.2722
ENSMUSG00000064419	-0.0898	-0.1752	-0.5827	-0.1504	0.7163	0.7457
ENSMUSG00000064432	-0.1021	-0.2106	-0.1735	0.7421	0.2419	0.4001
ENSMUSG00000064436	0.3335	0.0378	-0.3170	-0.0232	0.2958	-0.0377
ENSMUSG00000064446	-0.0109	-0.1768	0.0593	0.1192	0.1220	0.2555
ENSMUSG00000064460	0.3341	0.0130	0.0112	0.1672	0.1228	-0.0289
ENSMUSG00000064468	0.0352	0.1787	0.2452	-0.2453	-0.0924	-0.2683
ENSMUSG00000064476	0.1340	0.1879	0.2100	-0.6110	-0.2163	0.5372
ENSMUSG00000064481	0.0252	0.3656	0.3836	-0.3138	0.4573	0.2651
ENSMUSG00000064486	0.0154	-0.1458	-0.5745	0.3615	0.2909	-0.1600
ENSMUSG00000064490	-0.0755	0.1005	0.2679	0.0190	0.3782	-0.5619
ENSMUSG00000064492	-0.3177	0.2581	-0.0739	0.2840	0.0245	0.1774
ENSMUSG00000064515	0.1285	0.0274	-0.5706	0.3419	0.1949	0.1430
ENSMUSG00000064517	0.0949	0.0932	0.2598	0.1798	-0.6668	-0.5929
ENSMUSG00000064524	-0.3708	-0.7147	-0.1564	0.1071	-0.0103	0.1559
ENSMUSG00000064526	-0.0475	0.1566	0.6348	0.5368	-0.0884	-0.2350
ENSMUSG00000064529	0.2420	0.1658	0.1850	0.0279	0.2626	-0.1135
ENSMUSG00000064532	0.0862	-0.1798	0.0073	0.1537	-0.2236	0.0691
ENSMUSG00000064541	0.4676	0.2346	-0.4604	0.2101	0.2882	-0.5838
ENSMUSG00000064543	0.2942	-0.1286	-0.2886	-0.6729	1.1050	0.1038
ENSMUSG00000064549	-0.1747	0.3764	-0.1504	-0.5325	0.6045	0.5084
ENSMUSG00000064550	-0.5393	-0.2659	-0.2709	-1.9137	-0.9340	-0.5166
ENSMUSG00000064551	-0.8950	-0.7032	-0.6767	-1.0477	-1.3606	-1.5102
ENSMUSG00000064553	0.2700	0.3716	0.0339	-0.1955	-0.6365	-0.0003
ENSMUSG00000064555	-0.2121	0.0909	0.2992	0.5254	-0.2259	0.0237
ENSMUSG00000064565	-0.0685	0.2671	0.5387	-0.6424	0.1741	0.3118
ENSMUSG00000064566	-0.6372	0.0874	0.2844	0.1552	0.3323	0.4362
ENSMUSG00000064572	-0.2826	0.5656	0.5637	0.2007	-0.0429	0.7014
ENSMUSG00000064579	0.0121	-0.3139	-1.0417	-0.0621	0.2023	0.1071
ENSMUSG00000064580	0.2507	0.6907	0.7447	0.0238	0.4378	0.1206
ENSMUSG00000064582	0.3419	-0.1083	0.4877	0.1106	-0.1765	0.6499
ENSMUSG00000064586	-0.4251	0.1984	0.9437	0.4408	0.0443	-0.0134
ENSMUSG00000064590	-0.3910	-0.2029	0.0789	-0.3181	0.4094	-0.2320
ENSMUSG00000064591	0.5707	-0.7026	0.0627	-0.5104	0.1781	0.1819
ENSMUSG00000064601	-0.3721	-0.0418	0.3738	-0.1649	0.2257	-0.1879
ENSMUSG00000064606	-0.0005	-0.2947	0.5094	-0.5520	0.0431	-0.1257
ENSMUSG00000064619	-0.1680	0.3291	1.2431	-0.9157	-0.0276	-0.0272
ENSMUSG00000064624	-0.2983	0.2627	0.3283	-0.0103	-0.3000	0.3356
ENSMUSG00000064630	-0.2441	0.2615	-0.5068	0.8072	0.6782	0.3894
ENSMUSG00000064632	1.2253	0.3469	0.2078	0.7305	1.3960	1.0400
ENSMUSG00000064653	-0.0630	0.3177	0.1370	0.5228	-0.2256	-0.2738
ENSMUSG00000064669	0.0330	0.6067	-0.3405	0.2298	0.2439	0.5660
ENSMUSG00000064670	-0.1134	-0.1419	-0.2843	0.3282	-0.1250	0.6094
ENSMUSG00000064673	-0.3330	0.0421	0.7583	-0.0585	0.1013	0.0760
ENSMUSG00000064675	0.3388	0.1265	-0.2902	0.2359	-0.0045	-0.2013
ENSMUSG00000064682	-0.4447	-0.4223	0.6498	-0.1062	0.6809	-0.0541
ENSMUSG00000064685	-0.5571	-0.2718	-0.6266	-0.3966	0.1916	0.2230
ENSMUSG00000064686	0.0207	-0.0099	0.1126	-0.1382	-0.2637	0.2615
ENSMUSG00000064688	-0.2517	0.2756	-0.2992	-1.2326	-0.0615	0.1158
ENSMUSG00000064689	-0.2863	-0.1793	-0.1422	-0.4649	-0.0096	0.2135
ENSMUSG00000064693	0.0906	0.3136	0.4276	-0.2469	-0.0512	0.5498
ENSMUSG00000064698	0.0699	0.1707	-0.0374	-0.4977	-0.2613	-0.1935
ENSMUSG00000064707	0.0939	0.2811	0.3198	-0.1324	-0.0868	-0.1217
ENSMUSG00000064715	-0.0710	0.3261	-0.0733	0.3257	0.3294	-0.1849
ENSMUSG00000064719	-0.7957	-0.0687	-0.4476	-0.0698	-0.4100	0.1761
ENSMUSG00000064732	0.0531	0.0815	-0.0349	-0.0320	0.0123	0.5145
ENSMUSG00000064734	0.1048	-0.1093	-0.3859	0.0190	0.0974	0.6527
ENSMUSG00000064735	-0.0943	0.4016	-0.0236	-0.0143	0.2166	0.1747
ENSMUSG00000064737	-0.1357	-0.0178	0.1891	-0.6252	0.0698	-0.5546
ENSMUSG00000064738	-0.6904	-0.2966	-0.4873	0.2267	0.1646	0.1550
ENSMUSG00000064745	0.4234	0.2583	0.0616	0.1309	0.0914	-0.0034
ENSMUSG00000064748	-0.1069	-0.2408	-0.3763	0.4850	-0.4432	-0.5728
ENSMUSG00000064755	-0.1096	-0.2415	-0.5185	-0.0758	-0.0702	-0.0236
ENSMUSG00000064762	-0.2214	-0.6961	-0.9201	-0.7394	-0.4750	-1.1256
ENSMUSG00000064763	-1.1510	0.1477	0.3824	0.2185	-0.6268	-0.0175
ENSMUSG00000064764	0.2538	-0.1861	-0.3885	-0.0846	0.0933	0.5680
ENSMUSG00000064772	-0.1393	0.0438	-0.3951	-0.2516	0.0127	-0.2682
ENSMUSG00000064775	-0.2872	0.6366	0.1286	0.3204	-0.6325	-0.6318
ENSMUSG00000064776	0.1732	0.1817	-0.1448	0.2759	0.8285	-0.1160
ENSMUSG00000064777	-0.1780	-0.0650	-0.1563	-0.2162	0.4007	-0.3334
ENSMUSG00000064782	-0.2667	0.4860	0.1750	0.8552	0.0666	-0.0059
ENSMUSG00000064793	0.0775	0.1963	-0.1034	0.4404	0.1282	0.1417
ENSMUSG00000064795	0.0908	-0.0904	-0.4720	-0.3277	0.4005	-0.3225
ENSMUSG00000064806	0.3534	-0.0979	0.0964	0.1221	-0.2163	-0.9131
ENSMUSG00000064818	-0.3362	0.2076	0.1890	0.2239	0.7944	0.2177
ENSMUSG00000064822	-0.7209	-0.6416	-0.4859	-1.1560	-1.1057	-1.8883
ENSMUSG00000064830	-0.3380	-0.2900	0.0364	-0.5082	0.1078	-0.7975
ENSMUSG00000064833	-0.3732	-0.0975	0.2146	-0.3309	0.3145	-0.2979
ENSMUSG00000064842	-0.6106	-0.5996	-1.6112	-1.3159	-1.0340	-1.3547
ENSMUSG00000064843	-0.0311	-0.5242	0.3406	0.1291	-0.3576	0.0365
ENSMUSG00000064854	0.1149	-0.0606	0.6019	-0.1466	-0.5978	-0.4029
ENSMUSG00000064855	-0.9194	-0.0809	0.2630	-0.3247	-0.6729	-0.0749
ENSMUSG00000064857	0.1059	-0.6812	0.2608	-0.6209	-0.1098	-0.1119
ENSMUSG00000064859	0.0964	-1.0940	-0.4339	-0.7550	-1.2905	-1.3429
ENSMUSG00000064867	0.3145	-0.3459	0.1656	0.0586	-0.2145	-0.1404
ENSMUSG00000064872	-0.5194	0.4592	0.5728	-0.4163	-0.1281	-0.4570
ENSMUSG00000064876	-0.0022	-0.2104	-0.0690	-0.0490	0.4397	-0.4241
ENSMUSG00000064884	0.0393	0.0509	0.5491	0.4910	0.0577	-0.8230
ENSMUSG00000064889	0.0032	-0.2955	0.0684	0.0889	0.1414	0.5205
ENSMUSG00000064890	0.6630	-0.3286	-0.0831	0.1692	-0.1981	0.7397
ENSMUSG00000064909	0.2532	1.0080	0.2344	-0.5359	-1.3247	-1.1315
ENSMUSG00000064915	-0.2862	-0.5497	-0.3264	-0.0459	0.0975	-0.7164
ENSMUSG00000064916	-0.5120	0.0177	0.1995	0.0272	-0.4603	0.8255
ENSMUSG00000064919	0.5338	0.5704	0.0486	-0.4805	0.2649	-0.0683
ENSMUSG00000064921	-0.0165	0.1903	0.5924	0.1562	-0.1385	-0.3292
ENSMUSG00000064923	-0.2366	0.3378	0.1617	-0.5712	-0.2137	0.3277
ENSMUSG00000064927	0.5623	0.0567	0.1996	0.2675	0.1468	0.1722
ENSMUSG00000064928	-0.2252	0.1121	0.0921	0.2524	-0.4653	-0.0782
ENSMUSG00000064941	-0.3663	-1.5154	-0.4262	-1.4969	-0.4844	-1.1829
ENSMUSG00000064948	0.3790	-0.0282	0.0085	0.3854	-0.2197	0.5055
ENSMUSG00000064954	0.0890	0.2629	-0.3539	-0.2200	0.3850	-0.2141
ENSMUSG00000064964	0.2378	-0.5559	0.5323	0.3335	-0.5672	0.1991
ENSMUSG00000064967	0.2462	0.5186	-0.0828	0.7407	-0.3970	0.5007
ENSMUSG00000064977	0.5076	-0.2363	-0.1492	0.5638	-0.0612	-0.1855
ENSMUSG00000064982	0.5100	-0.0098	0.0016	0.2132	0.0946	0.1608
ENSMUSG00000065006	-0.2109	-0.2217	0.1012	0.2175	0.0634	0.5274
ENSMUSG00000065012	0.6441	0.0246	0.0995	0.2558	-0.2015	0.1065
ENSMUSG00000065014	0.0705	-0.0975	-0.3906	-0.8280	0.2926	0.1953
ENSMUSG00000065027	-0.4155	-1.1660	-0.5168	0.2130	0.3450	-0.4426
ENSMUSG00000065029	-0.1694	0.2409	0.0833	-0.2828	-0.0268	-0.0725
ENSMUSG00000065034	-0.5531	0.2593	-0.0490	0.0995	0.2102	0.0528
ENSMUSG00000065040	0.7912	-0.3919	-0.3966	-0.2300	-0.3061	0.2500
ENSMUSG00000065042	-0.4633	-0.4170	0.4291	0.1660	-0.0484	0.6625
ENSMUSG00000065045	0.3344	-0.0982	-0.5899	-0.3977	-0.4098	-0.0842
ENSMUSG00000065048	-0.1046	0.1288	-0.1073	-0.0221	0.1798	-0.2404
ENSMUSG00000065049	-0.3270	0.0777	0.1292	-0.3586	-0.2018	0.0550
ENSMUSG00000065053	-0.3049	0.3788	0.5028	-0.6245	0.1214	-0.3928
ENSMUSG00000065074	-0.3646	-0.1440	-0.4848	0.2582	-0.0838	-0.4097
ENSMUSG00000065078	-0.5413	-0.0267	0.1259	0.1486	0.7101	-0.2996
ENSMUSG00000065080	0.1845	0.2117	-0.0052	0.5277	0.3229	0.1575
ENSMUSG00000065090	-0.1629	-0.0913	0.0862	0.2913	-0.4671	0.6136
ENSMUSG00000065096	-0.1095	0.2632	-0.6540	0.1732	0.2788	0.2777
ENSMUSG00000065104	-0.4208	-0.7523	-1.1619	-0.9236	-1.4052	-1.3806
ENSMUSG00000065111	-0.5718	0.3322	-0.6027	0.3302	-0.6164	-0.0168
ENSMUSG00000065122	0.3608	-0.6206	0.0332	-0.0990	-0.1747	-0.2728
ENSMUSG00000065130	0.3321	0.0211	0.1274	0.1886	0.0184	-1.0802
ENSMUSG00000065143	-0.2254	-0.1284	0.4930	0.0185	-0.4548	-0.1657
ENSMUSG00000065155	0.2676	-0.5992	-0.6266	-0.5445	-0.0960	0.1815
ENSMUSG00000065159	-0.2208	-0.6122	0.2456	0.2442	0.1039	0.3050
ENSMUSG00000065162	-1.1147	-1.4751	-0.5859	-1.0754	-1.2586	-1.4604
ENSMUSG00000065164	-0.0278	0.1506	0.1533	0.7216	0.0676	0.2254
ENSMUSG00000065173	-0.1215	0.2908	0.0566	0.0225	-0.3126	0.2209
ENSMUSG00000065185	-0.2334	0.1298	-0.1268	-0.8069	-0.4054	-0.0739
ENSMUSG00000065191	0.1339	-0.3969	-0.2917	-0.0540	-0.3251	-1.0495
ENSMUSG00000065192	0.0224	0.1501	-0.3793	0.3177	-0.2824	-0.1537
ENSMUSG00000065198	-0.4356	0.5357	0.3540	-0.3597	-0.1513	0.0007
ENSMUSG00000065203	-0.2413	0.2425	0.0212	-0.5048	-0.4619	-0.0766
ENSMUSG00000065212	0.3512	-0.7621	-0.1381	0.0228	0.1715	0.0039
ENSMUSG00000065215	0.3775	0.1507	0.0261	0.0928	0.0985	0.7714
ENSMUSG00000065220	-0.4607	0.1781	0.5497	-0.5831	0.3371	-0.0164
ENSMUSG00000065223	0.3490	0.3437	-0.1597	-0.0678	0.3946	-0.3255
ENSMUSG00000065232	-0.5470	0.1372	0.0452	0.2774	-0.4195	0.4602
ENSMUSG00000065235	-0.3048	0.6426	-0.0694	0.1460	-0.4479	-0.4359
ENSMUSG00000065238	0.6088	-0.6602	0.2172	0.3318	-0.3543	0.2151
ENSMUSG00000065246	-0.5363	-0.0521	0.2547	-0.2658	0.1622	-0.4090
ENSMUSG00000065256	-0.1431	0.3337	-0.2333	0.1827	-0.6049	-0.3613
ENSMUSG00000065260	-0.1686	-0.1777	-0.4441	0.4907	-0.3303	-0.6352
ENSMUSG00000065277	0.4222	1.0148	1.2493	0.8518	1.0903	1.3055
ENSMUSG00000065279	0.0971	-0.1071	-0.1810	0.6026	0.0284	0.1018
ENSMUSG00000065291	-0.3282	-0.1059	-0.4552	-0.3612	-0.1185	-0.3577
ENSMUSG00000065298	-0.1624	0.0663	0.4802	-0.1060	-0.3481	0.8864
ENSMUSG00000065299	-0.6645	0.1811	0.5143	-0.1937	0.4933	-0.0516
ENSMUSG00000065301	-0.2033	0.4282	0.0318	0.1676	0.4319	0.2648
ENSMUSG00000065303	0.0257	-0.2807	0.1646	0.1311	0.7167	-0.5742
ENSMUSG00000065312	-0.2634	0.2978	0.0971	0.0336	-0.5879	0.4621
ENSMUSG00000065315	-0.2877	0.1674	-0.1320	0.6058	-0.0077	-0.3193
ENSMUSG00000065322	-0.3782	-0.3857	0.1503	-0.1026	0.7357	-0.3087
ENSMUSG00000065331	0.3035	-0.2328	-0.1385	-0.1847	0.5287	-0.1692
ENSMUSG00000065333	0.4997	-0.1568	-0.0679	-0.7279	-0.3163	0.1058
ENSMUSG00000065340	-0.1584	-0.4749	0.4282	0.3177	-0.4248	0.5523
ENSMUSG00000065341	-0.1615	-0.1058	0.1661	-0.3257	0.0239	-0.2965
ENSMUSG00000065344	0.2203	0.2729	0.1654	-0.9847	0.2846	0.2101
ENSMUSG00000065371	-0.3127	-0.1074	0.0865	0.0469	0.0107	0.0778
ENSMUSG00000065372	-0.0997	-0.1733	-0.4674	0.0292	-0.0290	-0.2578
ENSMUSG00000065373	-0.0973	0.2498	-0.3419	0.7372	0.4988	0.0230
ENSMUSG00000065380	0.2407	-0.1492	0.3137	0.1107	-0.5753	0.1665
ENSMUSG00000065382	-0.0693	-0.4347	0.6843	0.9383	0.1962	0.3473
ENSMUSG00000065384	-0.5983	-0.8834	0.1465	-0.1788	-0.1305	-0.3999
ENSMUSG00000065394	0.4878	0.1497	0.5419	0.5092	0.0070	-0.4976
ENSMUSG00000065396	-0.1940	0.1394	-0.5734	-0.2206	0.0720	-0.3983
ENSMUSG00000065397	-0.9612	-0.5584	-1.1696	-0.6509	-0.9567	-1.3784
ENSMUSG00000065399	0.5644	0.3190	0.4988	0.7049	0.1618	-0.2246
ENSMUSG00000065400	-0.3783	-0.4218	0.1569	0.1169	0.8062	-0.2407
ENSMUSG00000065402	-0.5754	-0.9136	-0.7700	-0.9633	-0.7995	-0.8360
ENSMUSG00000065403	-0.1857	-0.5411	0.0459	0.3290	-0.2485	-0.4854
ENSMUSG00000065405	-0.5254	0.4918	0.4411	0.2926	-0.3460	-0.2588
ENSMUSG00000065406	-0.1562	-0.4155	0.5441	-0.3501	-0.1406	-0.0200
ENSMUSG00000065407	0.2714	-0.4291	0.1967	-0.3329	-0.1494	0.2062
ENSMUSG00000065408	0.1362	0.1246	-0.1548	-0.7498	0.0226	-0.2538
ENSMUSG00000065411	0.0533	0.1473	-0.0297	-0.6507	-0.3457	0.0069
ENSMUSG00000065412	0.5106	-0.0927	-0.4116	0.0812	-0.2436	-0.2579
ENSMUSG00000065415	-0.2902	0.6718	0.2431	-0.3953	-0.5432	-0.1683
ENSMUSG00000065416	-0.0512	0.0093	-0.4256	0.2847	0.1059	0.3037
ENSMUSG00000065421	0.1951	-0.6634	0.1952	0.1033	-0.3476	-0.1805
ENSMUSG00000065422	0.0884	0.2160	-0.1609	-0.1168	-0.1706	-0.0135
ENSMUSG00000065423	0.0229	0.6292	0.2821	0.3106	-0.3593	-0.7150
ENSMUSG00000065424	-0.2563	0.5643	-0.0706	-0.5166	-0.3266	0.2696
ENSMUSG00000065429	0.2683	0.3930	0.6571	0.3480	0.2087	0.2109
ENSMUSG00000065430	0.1065	0.4361	0.0525	-0.0903	0.0316	0.1638
ENSMUSG00000065434	-0.7838	-0.2444	-0.2366	-1.0791	-1.3347	-1.8283
ENSMUSG00000065435	-0.6590	-0.6888	0.2540	-0.4939	0.0200	0.3492
ENSMUSG00000065436	0.1234	0.8124	0.3938	0.0892	-0.6116	0.1576
ENSMUSG00000065437	0.2036	-0.4609	0.0194	-0.1751	-0.0676	0.3513
ENSMUSG00000065440	0.2640	0.0233	0.4233	0.0118	-0.2208	0.0507
ENSMUSG00000065441	-0.0791	-0.3100	0.4679	0.3056	0.2783	0.1336
ENSMUSG00000065442	0.1017	0.2740	-0.6570	0.4242	-0.3865	-0.0260
ENSMUSG00000065444	0.1709	0.5442	-0.1684	-0.4099	0.5668	-0.5275
ENSMUSG00000065445	0.0044	0.1784	0.1976	0.2612	-0.2163	0.7109
ENSMUSG00000065451	0.0041	-0.3274	0.0499	-0.0514	0.0551	-0.0958
ENSMUSG00000065453	-0.3184	-0.5407	-0.1332	-0.5171	0.3528	0.1513
ENSMUSG00000065454	-0.1969	0.0172	0.0551	0.2388	-0.4701	0.0726
ENSMUSG00000065455	0.2809	-0.4346	-0.0796	0.3545	0.2446	-0.6329
ENSMUSG00000065456	-0.3201	0.4633	-0.1986	0.1259	-0.2503	0.0967
ENSMUSG00000065458	0.0507	-0.0218	0.1289	-0.4147	0.2685	0.4620
ENSMUSG00000065460	-0.4545	-0.4624	-0.4515	-0.3333	0.4465	-0.4215
ENSMUSG00000065462	-0.1927	0.3700	-0.0449	-0.0074	0.0645	-0.2306
ENSMUSG00000065468	0.0613	-0.5228	0.0567	0.3599	0.7704	0.3900
ENSMUSG00000065469	0.4112	-0.1637	-0.1517	-0.3345	-0.2714	-0.4272
ENSMUSG00000065471	-0.1516	-0.0029	-0.5072	0.3284	-0.1023	-0.1057
ENSMUSG00000065472	-0.3597	-0.0279	-0.1603	-0.1077	0.1403	-0.0730
ENSMUSG00000065473	0.0698	-0.2282	-0.0246	-0.0168	0.3676	-0.1000
ENSMUSG00000065474	0.1229	0.2691	-0.1532	0.2684	0.0539	0.1117
ENSMUSG00000065475	-0.2402	0.0688	-0.1181	-0.1660	-0.1927	0.0592
ENSMUSG00000065476	-0.2210	0.0534	0.2081	-0.4855	-0.5382	0.0254
ENSMUSG00000065479	0.0289	-0.3626	0.4063	-0.1439	0.9191	-0.1551
ENSMUSG00000065480	-0.2451	-0.7783	-0.4471	-0.1170	0.2311	-0.0744
ENSMUSG00000065483	-0.5788	-0.2225	-0.0726	-0.1469	-0.3057	0.5072
ENSMUSG00000065490	-0.1235	-0.1578	0.3789	-0.6575	-0.3071	-0.1091
ENSMUSG00000065491	0.0204	0.3839	-0.0928	-0.6736	-0.0342	-0.3073
ENSMUSG00000065492	-0.3160	0.0679	-0.0506	-0.0309	0.0973	-0.2152
ENSMUSG00000065493	0.2992	-0.1822	-0.3154	-0.0273	0.2281	-0.8032
ENSMUSG00000065494	0.0476	0.0380	0.1083	0.0670	0.3383	0.5862
ENSMUSG00000065495	0.0753	0.0842	-0.2004	-0.2255	0.3713	-0.1013
ENSMUSG00000065500	-0.0133	-1.2330	-0.6674	-0.7745	-1.1375	-1.4716
ENSMUSG00000065501	0.4920	0.0434	-0.3335	0.8602	0.0121	-0.1138
ENSMUSG00000065508	-1.1200	-0.9067	-0.6424	-0.7940	-0.8095	-0.9305
ENSMUSG00000065511	0.0392	-0.0919	0.0648	0.0530	-0.0380	-0.0081
ENSMUSG00000065513	0.1860	-0.0137	0.0694	-0.1524	0.3562	0.3696
ENSMUSG00000065514	0.5985	0.1995	-0.1869	-0.2925	-0.0993	-0.1234
ENSMUSG00000065515	0.1402	0.3169	0.7626	0.5124	-0.0334	0.4174
ENSMUSG00000065516	0.0046	1.0048	-0.5556	-0.5017	-0.1362	0.0203
ENSMUSG00000065518	0.5049	0.1179	0.3500	-0.4430	-0.0151	0.0317
ENSMUSG00000065519	0.1193	0.0257	0.0093	0.5086	0.6985	-0.0596
ENSMUSG00000065520	-0.2683	0.4845	0.4053	-0.0057	0.3217	0.1969
ENSMUSG00000065523	-0.3655	-0.1797	-0.2291	0.0007	0.2374	-0.1598
ENSMUSG00000065524	0.2866	-0.0795	-0.4046	-0.3727	-0.0845	-0.1287
ENSMUSG00000065530	0.7733	0.0554	0.1289	0.3754	-0.1570	0.3344
ENSMUSG00000065533	-0.0498	-0.1699	0.1086	0.3464	0.0892	-0.7443
ENSMUSG00000065534	0.0316	0.1457	-0.7268	0.0037	0.6679	-0.3894
ENSMUSG00000065536	0.3045	0.4542	-0.5992	-0.2813	-0.4195	-0.0352
ENSMUSG00000065540	0.5121	-0.3187	-0.2496	0.4653	0.9075	0.3936
ENSMUSG00000065542	0.0973	0.2883	-0.4726	0.1116	0.2281	0.2539
ENSMUSG00000065543	-0.6431	0.1978	0.0139	-0.2962	0.1088	-0.1405
ENSMUSG00000065544	0.1325	0.1474	-0.1156	0.1741	-0.1156	-0.0738
ENSMUSG00000065547	0.3399	0.5333	-0.5289	-0.1100	-0.1462	0.2950
ENSMUSG00000065548	-0.6527	-0.0248	0.1045	0.4485	-0.1716	0.2066
ENSMUSG00000065549	0.3610	-0.1063	-0.3154	-0.2692	0.2272	0.4493
ENSMUSG00000065551	-0.1801	-0.1417	-0.1458	-0.1963	0.2632	0.2618
ENSMUSG00000065553	0.1198	0.1054	-0.2793	-0.2887	-0.2582	0.5987
ENSMUSG00000065556	-0.0388	-0.3261	-0.3454	-0.1079	-0.3384	0.6021
ENSMUSG00000065557	0.3502	0.5742	-0.3331	0.7544	-0.3336	0.6797
ENSMUSG00000065559	-0.4151	0.1529	-0.3460	0.0285	0.2069	0.0772
ENSMUSG00000065562	-0.2200	-0.5207	-0.2114	-0.5057	0.0696	0.0116
ENSMUSG00000065563	0.0071	-0.5769	-0.4891	0.2456	-0.3085	0.0033
ENSMUSG00000065564	-0.0217	0.0746	-0.0019	-0.0427	-0.1779	0.6860
ENSMUSG00000065565	0.1075	-0.2945	-0.1240	-0.0943	0.1603	-0.4648
ENSMUSG00000065567	-0.2552	0.1134	-0.5650	-0.5455	0.3685	-0.0581
ENSMUSG00000065569	-0.2362	-0.2302	0.0279	-0.0373	-0.2579	0.1837
ENSMUSG00000065574	0.5054	0.2175	-0.1374	0.3101	-0.0484	-0.2022
ENSMUSG00000065575	-0.3474	-0.1068	0.1420	-0.4739	0.6826	-0.2897
ENSMUSG00000065578	0.3074	0.2295	-0.5003	0.5153	0.4941	-0.0342
ENSMUSG00000065580	0.4256	0.1083	-0.1239	0.1451	-0.0770	0.2059
ENSMUSG00000065581	-0.0767	0.1576	-0.3009	0.0500	-0.0888	0.1931
ENSMUSG00000065582	-0.1152	-0.2622	-0.2884	0.2228	-0.7919	0.2673
ENSMUSG00000065586	-0.3555	-0.1272	-0.3433	-0.0281	-0.8554	0.2511
ENSMUSG00000065587	-0.0271	-0.0456	-0.5994	0.3213	0.5382	-0.2569
ENSMUSG00000065591	0.7943	-0.3186	0.4725	0.6111	0.0141	0.4056
ENSMUSG00000065592	0.0688	0.1873	-0.2167	0.0998	0.0942	0.5470
ENSMUSG00000065594	0.5088	0.2417	0.2823	-0.1056	0.0320	0.0966
ENSMUSG00000065597	-0.1891	-0.6526	0.1024	-0.3384	0.3567	0.0139
ENSMUSG00000065599	0.4152	0.0882	0.4610	0.1861	-0.0758	0.2593
ENSMUSG00000065601	0.2846	0.0329	-0.1075	0.1599	-0.0908	0.4813
ENSMUSG00000065602	-0.1794	-0.1078	-0.4018	-0.2403	-0.2220	-0.0198
ENSMUSG00000065604	-0.1251	0.4116	0.1243	0.3951	-0.6345	-0.6458
ENSMUSG00000065606	-0.1272	-0.4131	0.0514	-0.0284	0.3792	0.0756
ENSMUSG00000065607	0.0491	0.0636	0.0936	-0.2065	0.0491	0.3116
ENSMUSG00000065608	-0.7607	0.1257	-0.1036	0.6332	-0.2132	-0.9215
ENSMUSG00000065609	0.4079	-0.2753	-0.0737	0.1506	0.1913	-0.2240
ENSMUSG00000065610	-0.3466	-0.1122	0.0642	0.3304	-0.0407	-0.7058
ENSMUSG00000065611	1.2080	1.0195	0.6995	0.8886	1.4153	1.6486
ENSMUSG00000065613	0.2477	0.0254	0.4117	-0.7603	-0.4541	0.6236
ENSMUSG00000065616	-0.1747	0.0026	0.1031	0.5210	-0.4321	-0.0522
ENSMUSG00000065619	-0.1246	0.3221	-0.1107	-0.3456	-0.0730	-0.4611
ENSMUSG00000065620	-0.4037	0.3755	0.1878	-0.0851	-0.1279	0.2727
ENSMUSG00000065622	0.2105	-0.4345	0.0390	-0.1943	-0.4470	0.0397
ENSMUSG00000065623	-0.5357	0.1440	-0.2530	-0.0586	-0.3170	0.0012
ENSMUSG00000065625	-0.9923	-0.4891	0.6048	-0.1206	0.0441	0.8299
ENSMUSG00000065629	-0.3006	-0.4847	-0.2282	-0.3875	0.7582	-0.1878
ENSMUSG00000065636	0.6258	-0.0785	-0.0482	-0.2700	0.3313	-0.0928
ENSMUSG00000065643	-0.0163	-0.1073	-0.7699	-0.4770	-0.1640	0.2087
ENSMUSG00000065656	0.0677	-0.4765	0.2122	0.0956	-0.1176	-0.3697
ENSMUSG00000065657	-0.7787	-1.0308	-0.1581	-1.1274	-1.3769	-0.9011
ENSMUSG00000065658	-0.0204	0.0524	0.0094	0.5907	-0.6090	-0.4133
ENSMUSG00000065664	-0.3882	0.3001	0.0122	0.1262	-0.0034	-0.4136
ENSMUSG00000065665	-0.3402	0.2867	0.1566	0.0374	0.1060	0.7802
ENSMUSG00000065667	0.0472	-0.2796	-0.6309	-0.1003	-0.3213	-0.3888
ENSMUSG00000065674	0.0334	0.0873	-0.4709	-0.4739	0.5338	0.6629
ENSMUSG00000065678	0.5714	0.1823	0.1256	-0.1726	-0.3163	-0.1923
ENSMUSG00000065684	-0.1276	-0.1331	-0.1597	0.4158	0.6487	0.5579
ENSMUSG00000065700	0.4161	0.5761	0.4530	0.1785	-0.1165	0.4252
ENSMUSG00000065702	0.6112	0.0021	0.4772	0.0785	0.2084	-0.2193
ENSMUSG00000065705	0.0440	0.2049	0.0262	-0.0809	0.3374	-0.1509
ENSMUSG00000065708	-0.1304	-0.1434	0.0615	-0.7324	-0.2920	-0.2633
ENSMUSG00000065714	-0.2885	-0.6584	-0.1104	-0.0170	0.5388	-0.2736
ENSMUSG00000065718	0.3079	0.1238	0.0732	-0.1504	-0.1705	0.1299
ENSMUSG00000065722	0.1745	-0.1896	0.1212	0.2133	-0.2269	-0.0190
ENSMUSG00000065727	0.1708	0.7616	-0.6373	0.3122	-0.0422	0.5006
ENSMUSG00000065729	-0.1241	0.0974	-0.3929	0.6825	0.5698	-0.3334
ENSMUSG00000065732	0.2181	-0.3006	0.1226	-0.1045	0.0513	0.3942
ENSMUSG00000065733	-0.1549	-0.1764	-0.2801	0.9025	0.1926	0.3018
ENSMUSG00000065745	-0.1963	-0.3162	0.4383	0.0113	0.6375	-0.2303
ENSMUSG00000065747	-0.2344	-0.0041	0.1115	0.1128	0.8659	0.1746
ENSMUSG00000065760	0.6885	0.3588	0.5468	-0.0907	0.0499	-0.1936
ENSMUSG00000065763	-0.0795	0.1754	-0.0905	-0.8835	-0.5674	-0.3608
ENSMUSG00000065764	-0.2150	0.6984	0.2195	-0.0680	0.1799	0.2921
ENSMUSG00000065787	-0.0703	0.0435	-0.4703	0.1624	-0.2718	0.2680
ENSMUSG00000065792	0.5414	0.1406	0.1148	0.2455	0.4226	-0.6344
ENSMUSG00000065795	0.2982	-0.1837	0.6752	-0.1220	-0.0810	-0.5954
ENSMUSG00000065797	-0.3898	0.6864	0.6963	-0.1628	-0.1346	-0.2487
ENSMUSG00000065802	-0.2449	-0.1836	0.3826	0.1043	-0.1898	0.2796
ENSMUSG00000065803	0.1226	0.2312	0.1254	-0.1836	0.0767	0.1434
ENSMUSG00000065804	-0.6318	-0.2331	0.5433	-0.2718	0.4870	-0.2643
ENSMUSG00000065807	-0.1052	0.5159	0.4018	-0.1636	0.0262	0.5939
ENSMUSG00000065815	-0.4820	-1.0681	-0.8585	-0.8872	-1.3359	-1.3345
ENSMUSG00000065825	-0.0145	0.2164	0.6006	0.0441	-0.6298	0.1423
ENSMUSG00000065843	0.1761	0.0675	0.0512	-0.2884	0.2561	-0.0025
ENSMUSG00000065845	-0.0721	-0.5769	-0.0158	0.1410	-0.5946	0.3337
ENSMUSG00000065859	-0.0205	0.0120	-1.1011	-0.3715	-0.1696	-0.0428
ENSMUSG00000065865	-0.0941	0.2486	0.2699	0.2684	0.4018	-0.1617
ENSMUSG00000065866	-0.1035	-0.1815	0.2099	-0.0902	0.2037	0.3398
ENSMUSG00000065869	-1.2297	0.2560	-0.3619	0.1514	-0.0943	0.7066
ENSMUSG00000065872	-0.4817	-0.3157	0.4115	0.2143	-0.2938	-0.3481
ENSMUSG00000065876	0.3434	0.3305	-0.0745	0.0571	0.0717	-0.0162
ENSMUSG00000065887	0.0568	0.0576	0.0805	-0.1700	0.1621	-0.2444
ENSMUSG00000065892	0.1160	-0.0465	-0.5872	0.2079	-0.0371	-0.1093
ENSMUSG00000065898	-0.8922	-0.7204	-0.8084	-1.0913	-1.0325	-0.4131
ENSMUSG00000065903	-0.4145	0.5974	0.2439	0.5906	-0.0904	-0.1569
ENSMUSG00000065905	0.6424	-0.1529	-0.7211	-0.4711	-0.2059	-0.2500
ENSMUSG00000065907	-0.0422	-0.5720	0.2037	0.0977	0.0772	0.1723
ENSMUSG00000065919	-0.3592	-0.5419	0.5403	0.1275	-0.1198	0.3343
ENSMUSG00000065934	-0.1343	0.5346	0.4853	-0.6150	0.2113	-0.4313
ENSMUSG00000065936	-0.0172	0.1220	-0.2815	-0.4017	-0.0962	-0.2533
ENSMUSG00000065945	-0.3177	0.5780	0.2160	0.1739	0.2297	-0.3871
ENSMUSG00000065947	0.4691	-0.7056	-0.5683	0.1226	-0.0576	0.0328
ENSMUSG00000065956	-0.0578	0.1803	0.1284	0.1130	-0.0386	0.1992
ENSMUSG00000065987	-0.3347	-0.1649	0.1897	-0.3875	0.4423	0.2763
ENSMUSG00000066026	0.2126	-0.5838	0.3666	-0.0610	0.0651	-0.1961
ENSMUSG00000066036	0.8091	0.8282	1.0013	0.9532	0.9869	1.8752
ENSMUSG00000066058	1.5867	1.9582	1.9319	2.2081	1.8813	3.0649
ENSMUSG00000066061	-0.2297	-0.6589	-0.4545	0.0315	0.1799	0.5360
ENSMUSG00000066071	0.0571	-0.5047	0.0239	0.3470	-0.4017	0.1625
ENSMUSG00000066072	-0.5024	-0.1878	0.3671	-0.0085	0.8742	0.2794
ENSMUSG00000066090	0.2624	-0.3297	-0.3393	-0.2808	0.5536	0.2402
ENSMUSG00000066097	-0.4291	0.4803	0.2750	0.4718	0.5680	0.8329
ENSMUSG00000066108	0.3713	0.3340	-0.5115	-0.4167	0.4383	0.0259
ENSMUSG00000066122	-0.4932	0.1609	-0.1762	-0.2856	0.0912	0.1496
ENSMUSG00000066148	0.4023	0.6413	0.4415	0.1808	0.1277	0.1784
ENSMUSG00000066149	0.2988	-0.2909	-0.9360	0.4880	0.1504	0.8518
ENSMUSG00000066150	0.1864	-0.1524	0.3875	0.4465	0.1154	-0.5155
ENSMUSG00000066189	0.5699	0.7318	0.0730	0.0613	-0.1808	0.4091
ENSMUSG00000066232	0.5032	-0.5641	-0.0895	0.0774	-0.0614	0.4940
ENSMUSG00000066235	-0.5145	-0.7713	-0.8688	-0.8073	-0.3309	-1.0627
ENSMUSG00000066239	0.1738	0.0896	-0.1724	-0.1285	0.7275	-0.2211
ENSMUSG00000066240	0.3103	0.2918	0.6696	0.5574	0.5911	0.0545
ENSMUSG00000066241	0.1183	-0.2385	-0.0372	-0.3481	-0.0287	0.4908
ENSMUSG00000066242	-0.2570	0.3022	0.1950	-0.2636	-0.4915	0.1031
ENSMUSG00000066257	0.2016	0.1291	-0.1508	0.0795	0.4974	0.2261
ENSMUSG00000066262	-0.0736	-0.3022	-0.2262	-0.1824	-0.4577	0.0778
ENSMUSG00000066263	0.1975	0.0199	-0.4730	0.1046	0.4044	-0.1015
ENSMUSG00000066268	-0.8125	-0.4077	-0.4476	-0.2931	0.3717	-0.0243
ENSMUSG00000066269	0.7497	-0.0534	0.3086	0.3197	-0.2356	-0.2326
ENSMUSG00000066272	0.1352	-0.5081	0.0869	0.4892	-0.5070	0.0398
ENSMUSG00000066273	0.2131	0.5019	-0.0499	0.3461	-0.2383	-0.2484
ENSMUSG00000066278	0.0999	-0.2534	0.1791	0.5372	0.2134	0.2935
ENSMUSG00000066279	-0.3434	0.2595	-0.6445	-0.0872	0.1083	0.7167
ENSMUSG00000066324	-0.0677	0.5422	0.3159	0.3152	-0.1112	-0.2700
ENSMUSG00000066359	0.0737	-0.3531	0.0499	0.0506	0.1526	-0.0521
ENSMUSG00000066366	0.8836	-0.4621	-0.0930	-0.5575	-0.6141	0.1465
ENSMUSG00000066392	-0.1691	-0.4976	0.0238	0.4236	0.2450	0.0932
ENSMUSG00000066406	-0.1684	-0.4279	-0.5533	0.3369	-0.0558	-0.2400
ENSMUSG00000066441	-0.5688	0.2020	-0.2598	0.1077	0.1208	-0.4052
ENSMUSG00000066442	-0.0184	0.5969	-0.0117	0.0135	0.6034	-0.1801
ENSMUSG00000066475	-0.1633	0.0948	-0.0209	-0.4872	-0.2079	0.7981
ENSMUSG00000066512	-0.9339	-1.2801	-1.9626	-2.5157	-1.7245	-2.4355
ENSMUSG00000066513	-0.4000	0.0561	0.3409	0.1249	0.1059	0.5989
ENSMUSG00000066515	0.5858	1.1113	1.9567	1.9348	2.2136	2.3016
ENSMUSG00000066516	2.0290	1.1908	1.4672	1.9671	2.8693	2.1951
ENSMUSG00000066551	0.0242	-0.0647	0.1313	0.1207	-0.2225	-0.1726
ENSMUSG00000066652	0.5285	0.0429	0.3236	0.3879	-0.2077	0.1827
ENSMUSG00000066671	-0.4509	0.2850	-0.6384	-0.6108	-0.0435	0.1999
ENSMUSG00000066672	0.3179	-0.3075	-0.3077	0.1441	0.2507	-0.1682
ENSMUSG00000066682	-0.0994	-0.0375	-0.0617	-0.2948	0.2991	-0.2213
ENSMUSG00000066684	0.0534	0.2156	-0.0056	-0.3073	0.2595	-0.3440
ENSMUSG00000066687	0.2727	0.3247	0.4234	0.3857	0.1222	-0.0919
ENSMUSG00000066704	0.0871	-0.4667	0.6410	0.4513	-0.1300	0.6995
ENSMUSG00000066714	0.0781	-0.1004	0.3388	-0.1091	0.3972	-0.0158
ENSMUSG00000066720	0.6960	-0.1267	-0.4124	0.3376	-0.1762	0.1398
ENSMUSG00000066735	-0.2161	0.2899	0.1666	0.1619	0.3868	0.2441
ENSMUSG00000066747	-0.3663	-0.0717	-0.3451	0.0978	-0.1587	0.2888
ENSMUSG00000066748	-0.9717	-0.6413	-0.9034	-1.1568	-1.0955	-0.9549
ENSMUSG00000066749	-0.3978	0.2843	0.4156	-0.1820	0.0481	0.0850
ENSMUSG00000066750	-0.4324	-0.0224	-0.4772	0.0663	-0.0212	0.4251
ENSMUSG00000066755	-0.2461	-0.4271	-0.5906	0.0733	0.5647	-0.4960
ENSMUSG00000066800	0.4747	-0.3634	-0.3054	0.1129	0.2794	0.3446
ENSMUSG00000066839	0.1399	0.3299	0.0670	0.6514	-0.1740	0.3719
ENSMUSG00000066861	0.4533	-0.4910	0.0399	-0.0813	-0.3418	-0.1477
ENSMUSG00000066877	-0.3604	-0.1091	0.0979	-0.6014	-0.1978	0.6266
ENSMUSG00000066896	-0.1985	-0.3846	-0.3004	0.8045	0.0073	-0.0849
ENSMUSG00000066897	-0.0015	0.4671	0.4016	-0.0754	-0.2468	0.0073
ENSMUSG00000066899	0.6335	0.9102	1.2747	0.9237	1.6949	0.8061
ENSMUSG00000066905	-0.1786	0.2172	0.1610	-0.3634	0.0202	0.0776
ENSMUSG00000066952	0.0575	-0.1323	-0.1909	-0.2913	-0.4218	-0.0377
ENSMUSG00000066979	-0.6693	0.2241	-0.6806	-0.2683	0.1357	-0.4895
ENSMUSG00000067006	0.1363	-0.6891	-0.0307	-0.0760	-0.3828	-0.6864
ENSMUSG00000067058	-0.0306	-0.3605	0.3604	-0.2030	0.0003	-0.4978
ENSMUSG00000067064	-0.0619	0.4389	-0.4681	0.2039	-0.1993	0.1144
ENSMUSG00000067071	0.1317	-0.1309	0.2495	-0.1662	-0.0565	-0.1729
ENSMUSG00000067144	-0.0308	0.1835	0.4619	-0.2297	-0.2942	0.0046
ENSMUSG00000067148	-0.2931	0.1990	-0.3219	0.1460	-0.1210	0.6004
ENSMUSG00000067150	0.0641	0.1349	0.1293	0.8480	0.1846	-0.3970
ENSMUSG00000067158	-1.3198	-1.2598	-1.5321	-1.8903	-2.1653	-1.7418
ENSMUSG00000067186	-0.1633	0.4328	-0.2797	0.4242	-0.5371	-0.2899
ENSMUSG00000067199	0.1870	-0.5450	0.1647	0.2886	-0.0265	0.4085
ENSMUSG00000067201	0.0347	0.3007	-1.0594	-0.1608	-0.2865	0.1659
ENSMUSG00000067212	-0.0231	-0.2405	0.1266	-0.0966	-0.2717	0.0625
ENSMUSG00000067220	-0.4048	-0.1953	0.3648	0.1283	-0.2652	0.4075
ENSMUSG00000067225	-0.0569	-0.3463	-0.1238	-0.2928	-0.0848	-0.4390
ENSMUSG00000067229	-0.0279	0.1011	0.0055	0.3902	-0.1004	0.2177
ENSMUSG00000067231	-0.0912	0.1037	-0.3012	-0.0508	0.4141	-0.0122
ENSMUSG00000067235	-0.5043	-0.3224	-0.0575	-0.2716	0.0075	-0.0104
ENSMUSG00000067274	-0.6944	0.1762	-0.9024	-0.1288	0.0703	-0.3037
ENSMUSG00000067279	0.1847	0.1708	-0.2864	0.0918	-0.2387	0.3056
ENSMUSG00000067288	-0.3805	0.3876	-0.0903	0.8473	0.0955	0.0779
ENSMUSG00000067297	0.4936	-0.2532	-0.1748	-0.5294	-0.0420	-0.2603
ENSMUSG00000067336	0.0463	-0.3927	0.2564	-0.2566	-0.0204	-0.0620
ENSMUSG00000067338	0.0212	-0.1521	0.2606	-0.2314	0.2586	0.0425
ENSMUSG00000067341	0.1743	-0.1751	0.4073	0.0031	0.4497	-0.3939
ENSMUSG00000067370	-0.4076	0.2262	0.3594	-0.3492	0.0640	0.6313
ENSMUSG00000067441	0.2670	-0.5241	-0.2674	0.6151	0.1623	0.0228
ENSMUSG00000067455	-0.0529	-0.3980	-0.1880	-0.4829	-0.1755	0.1937
ENSMUSG00000067513	1.0414	0.6680	0.5630	0.4232	0.8188	0.6748
ENSMUSG00000067519	0.2584	-0.5817	-0.0020	0.1705	-0.2724	0.4676
ENSMUSG00000067522	0.6297	0.6105	0.1293	0.5412	-0.8576	0.2029
ENSMUSG00000067524	0.2403	0.1236	0.2315	-0.0737	-0.0262	0.0575
ENSMUSG00000067525	-0.1709	0.0870	-0.2082	0.0265	-0.2424	0.3506
ENSMUSG00000067526	-0.4868	0.2106	-0.5623	0.0078	0.2667	0.0054
ENSMUSG00000067528	-0.8156	-0.9763	-0.7691	-0.8878	-0.7579	-0.6322
ENSMUSG00000067529	0.0228	0.4530	0.2412	-0.0991	0.1585	0.0976
ENSMUSG00000067543	1.0721	0.7919	1.2177	1.0024	1.7462	1.2653
ENSMUSG00000067545	-0.2876	-0.0343	0.6385	-0.0345	-0.1063	-0.0955
ENSMUSG00000067567	-0.1480	0.4899	0.3430	-0.0092	-0.7749	-0.2903
ENSMUSG00000067586	0.0594	-0.1808	-0.4035	0.0717	0.2962	-0.7289
ENSMUSG00000067591	0.3444	0.2283	0.3314	-0.0564	0.6751	-0.1920
ENSMUSG00000067594	0.7020	2.0577	1.8901	1.7649	2.3802	2.1799
ENSMUSG00000067599	-0.0142	0.3004	0.7177	0.0602	0.2151	0.0645
ENSMUSG00000067604	0.0627	-0.0359	-1.1424	-0.2631	-0.1130	0.0214
ENSMUSG00000067613	-0.9495	-1.1247	-1.8454	-1.9351	-2.2401	-2.8049
ENSMUSG00000067614	1.2112	1.5631	1.7073	2.1322	1.5960	2.2274
ENSMUSG00000067615	-0.1920	-0.2576	0.8060	-0.3120	0.3741	-0.3797
ENSMUSG00000067629	0.6877	1.0902	0.8666	0.7412	1.1117	0.8856
ENSMUSG00000067653	-0.3487	0.0938	-0.0445	0.2035	-0.3706	-0.0573
ENSMUSG00000067702	-0.5353	0.5968	-0.0732	-0.0596	-0.1406	0.4906
ENSMUSG00000067713	-0.1006	-0.2356	0.4467	0.7067	-0.2133	-0.1732
ENSMUSG00000067714	-0.2327	0.4304	0.5944	0.0133	0.1662	0.0124
ENSMUSG00000067767	-0.2489	-0.2152	0.0306	-0.2890	0.1686	-0.3256
ENSMUSG00000067813	-0.2538	-0.0691	0.2762	-0.0382	-0.3597	0.1411
ENSMUSG00000067818	0.1125	0.2263	0.4718	-0.0885	-0.8014	-0.2364
ENSMUSG00000067825	-0.4826	-0.3164	0.0323	-0.2745	0.3074	-0.5484
ENSMUSG00000067851	-0.3426	-0.0212	0.7221	-0.4139	0.0022	-0.1525
ENSMUSG00000067860	0.1195	-0.2041	-0.0814	0.6724	-0.5906	-0.1482
ENSMUSG00000067889	-0.4273	0.1128	-0.3512	0.3971	-0.2276	0.2451
ENSMUSG00000067971	0.1180	0.4177	0.0050	-0.7429	0.4808	-0.0392
ENSMUSG00000067995	0.0929	-0.0932	-0.0096	0.0691	-0.1176	0.3039
ENSMUSG00000068036	-0.4723	-0.0030	0.1879	0.0505	-0.3678	0.1080
ENSMUSG00000068037	0.1575	-0.9446	-0.8803	-0.2843	0.1970	0.4347
ENSMUSG00000068083	0.1599	-0.8253	-0.0437	0.0240	0.2575	-0.0689
ENSMUSG00000068085	0.4343	-0.0517	-0.3239	0.3110	0.3518	0.7626
ENSMUSG00000068086	0.5936	-0.0368	0.4664	-0.0072	-0.6852	-0.2989
ENSMUSG00000068105	0.1507	-0.4708	-0.3760	-0.6619	-0.2857	0.2424
ENSMUSG00000068122	0.8737	0.7454	-0.1422	0.2016	0.1264	-0.0739
ENSMUSG00000068182	-0.0665	-0.3483	-0.6224	0.9135	0.0681	0.4624
ENSMUSG00000068184	-0.1424	0.4781	-0.2588	0.6788	-0.2541	0.4585
ENSMUSG00000068196	0.4058	0.1776	1.2528	0.7939	0.5675	1.0263
ENSMUSG00000068227	-0.4038	0.1863	0.2933	0.0516	0.1689	-0.1941
ENSMUSG00000068259	0.0804	-0.0402	-0.1530	0.4625	-0.1032	-0.3440
ENSMUSG00000068323	0.5349	0.4983	-0.1741	-0.0017	-0.1944	-0.1455
ENSMUSG00000068324	-0.5769	-0.0402	0.2954	-0.0420	0.2113	0.1313
ENSMUSG00000068329	0.2323	0.4846	0.0879	0.0647	-0.1674	-0.0914
ENSMUSG00000068335	-0.3696	0.2024	0.0765	0.1301	0.2779	-0.6287
ENSMUSG00000068391	-0.6289	0.0034	-0.2924	0.1202	0.2817	-0.1300
ENSMUSG00000068396	0.6759	0.2343	0.3366	-0.1284	0.0227	-0.1193
ENSMUSG00000068417	-0.3609	0.3233	0.2653	-0.3288	-0.3540	-0.0715
ENSMUSG00000068431	-0.0679	0.5671	-0.0939	0.3164	0.0206	0.3274
ENSMUSG00000068437	0.2209	0.2910	-0.1828	-0.2056	-0.1798	-0.0389
ENSMUSG00000068452	-0.2653	0.0204	0.1259	-0.0624	-0.0179	0.1339
ENSMUSG00000068457	-0.4671	-0.1775	0.2034	0.8660	-0.1796	0.4948
ENSMUSG00000068523	-0.1223	0.1537	0.0987	-0.0463	0.1864	0.1302
ENSMUSG00000068535	-0.0100	-0.4127	-0.3100	-0.2240	0.1289	-0.2451
ENSMUSG00000068536	0.5227	0.2125	-0.0668	0.0327	0.5455	0.3815
ENSMUSG00000068547	-0.3550	0.0640	0.4000	-0.0985	-0.4934	-0.1906
ENSMUSG00000068574	-0.0642	-0.2815	0.0854	-0.0625	-0.3992	-0.1293
ENSMUSG00000068587	-0.2898	-0.4086	-0.0181	-0.2368	0.2770	0.7158
ENSMUSG00000068614	0.0855	0.1465	-0.2644	-0.2658	-0.0661	0.0480
ENSMUSG00000068615	0.6630	-0.3458	-0.0386	0.0442	-0.6030	-0.5561
ENSMUSG00000068647	0.1139	-0.3985	0.3026	0.1487	0.7674	0.2197
ENSMUSG00000068686	-0.2457	-0.1270	-0.4369	-0.1820	-0.0326	-0.2324
ENSMUSG00000068697	0.2060	0.3197	-0.3712	-0.0731	-0.0363	-0.3578
ENSMUSG00000068699	0.1257	-0.0990	-0.0284	-0.0545	0.1517	-0.2177
ENSMUSG00000068739	0.9629	1.4375	1.6127	1.6299	2.6442	2.9554
ENSMUSG00000068742	-0.2763	0.0672	-0.2423	0.0347	0.2907	0.4257
ENSMUSG00000068745	-0.0810	0.3247	0.1004	-0.5478	-0.2969	0.0499
ENSMUSG00000068747	0.0002	-0.3347	0.0487	0.5879	-0.4969	-0.3933
ENSMUSG00000068748	-0.2054	-0.4281	-0.1896	0.2596	0.3977	-0.2574
ENSMUSG00000068749	0.2585	-0.1823	0.2442	-0.3304	-0.3155	0.4819
ENSMUSG00000068758	-0.5056	0.0703	0.0397	0.2042	0.3231	-0.3052
ENSMUSG00000068762	0.2657	-0.1324	-0.0012	-0.5385	0.0552	0.1680
ENSMUSG00000068794	-0.3555	-0.9319	-1.6387	-0.9997	-1.5784	-1.5198
ENSMUSG00000068798	-0.2059	-0.0801	0.2689	-0.2612	0.0883	0.1435
ENSMUSG00000068806	-0.1996	0.5330	-0.0644	-0.1818	-0.2528	-0.1191
ENSMUSG00000068808	0.4338	0.1720	-0.3492	0.0158	0.2638	-0.1408
ENSMUSG00000068809	-0.1045	-0.0411	-0.2646	0.2165	-0.0376	0.0343
ENSMUSG00000068814	0.0713	-0.6647	-0.0503	0.1650	-1.2367	-0.6116
ENSMUSG00000068815	0.6238	-0.1626	0.3073	0.2338	0.1542	0.2589
ENSMUSG00000068816	-0.0461	-0.4804	-0.0096	-0.2792	0.3296	0.2228
ENSMUSG00000068817	-0.1276	0.0564	-0.3344	0.1446	-0.6097	-0.4830
ENSMUSG00000068818	0.0814	-0.4358	-0.3433	-0.6034	0.3012	-0.4404
ENSMUSG00000068819	0.1765	-0.0560	-0.4394	-0.1388	0.0865	-0.5276
ENSMUSG00000068824	0.8302	1.0281	1.1949	1.4494	1.1552	0.5130
ENSMUSG00000068854	-0.2564	0.1599	-0.4298	0.1117	0.1768	0.3732
ENSMUSG00000068855	0.4678	-0.0058	0.5277	0.2582	0.7628	0.3803
ENSMUSG00000068856	0.0830	0.5925	0.1773	-0.1746	-0.3580	-0.4121
ENSMUSG00000068874	0.0223	-0.0688	-0.4379	-0.2287	-0.1715	0.1400
ENSMUSG00000068876	0.2981	-0.1288	0.3456	-0.2346	-0.3465	-0.0251
ENSMUSG00000068877	0.0143	0.3300	0.4486	-0.0097	0.2542	-0.3103
ENSMUSG00000068882	-0.0451	-0.0527	0.8541	0.0756	-0.2407	0.0679
ENSMUSG00000068885	-1.8275	-1.9603	-1.6469	-1.6173	-2.1863	-2.2303
ENSMUSG00000068887	0.3308	-0.3471	-0.1705	0.1858	-0.6271	0.6071
ENSMUSG00000068888	1.4649	1.3285	1.0104	2.0729	2.3091	2.4953
ENSMUSG00000068889	-1.2851	-2.1720	-0.9819	-2.2952	-2.3578	-2.6922
ENSMUSG00000068890	-1.4782	-2.0629	-1.8228	-2.7759	-2.2767	-3.2336
ENSMUSG00000068921	0.8197	0.3892	-0.2102	0.4064	0.3119	-0.0286
ENSMUSG00000068947	-0.0473	-0.4538	0.3525	0.2088	-0.2527	-0.2067
ENSMUSG00000068950	-0.0636	0.2021	-0.7346	0.0520	-0.2371	-0.2626
ENSMUSG00000069020	-0.5062	-0.4066	0.3690	-0.4706	0.4026	-0.3942
ENSMUSG00000069038	0.3286	0.7151	-0.7357	-0.1528	-0.1450	-0.0573
ENSMUSG00000069041	0.1596	-0.1785	0.5257	0.5665	-0.1963	0.6513
ENSMUSG00000069053	-0.0944	0.2286	-0.1927	-0.5852	0.2991	0.3135
ENSMUSG00000069089	-0.4302	-0.1372	0.0241	0.1480	-0.2877	0.5572
ENSMUSG00000069094	0.1526	-0.3209	-0.6588	-0.1617	0.7191	0.0422
ENSMUSG00000069189	-0.4175	-0.2249	0.3988	-0.3990	0.2283	0.5355
ENSMUSG00000069248	0.2154	0.4349	-0.0464	-0.5089	0.2758	-0.3314
ENSMUSG00000069259	-0.0455	0.1633	0.3638	0.2764	0.1802	0.5109
ENSMUSG00000069265	0.6380	-0.0620	-0.3133	-0.6160	0.2160	-0.2190
ENSMUSG00000069266	-0.1033	-0.2529	-0.5064	0.0810	0.1466	0.2034
ENSMUSG00000069267	0.4874	-0.3609	-0.2494	0.0836	-0.1572	0.4099
ENSMUSG00000069268	-0.3493	-0.7316	0.2951	-0.5850	-0.3742	0.7326
ENSMUSG00000069270	-0.1065	-0.1868	-0.0015	0.2894	0.0107	0.3907
ENSMUSG00000069272	-0.0686	-0.2826	0.6988	-0.3763	0.1178	-0.2849
ENSMUSG00000069273	0.2723	-0.0267	-0.3153	-0.0449	0.2322	-0.0707
ENSMUSG00000069274	0.1859	0.2240	1.1062	1.0364	0.6955	0.8251
ENSMUSG00000069300	0.4595	0.1463	-0.3065	-0.2354	-0.1057	-0.4006
ENSMUSG00000069301	0.6331	0.1675	-0.4197	0.0835	0.0320	-0.5316
ENSMUSG00000069302	0.2647	-0.1672	0.2804	0.1633	-0.2476	0.3064
ENSMUSG00000069303	-0.2831	0.5218	0.2868	-0.2027	-0.5637	-0.1137
ENSMUSG00000069305	0.0046	-0.3255	-0.4124	-0.2037	-0.0877	-0.2311
ENSMUSG00000069306	0.5296	-0.0528	1.3563	0.9587	0.8469	1.2626
ENSMUSG00000069307	-0.4990	0.3729	0.0765	0.5853	-0.0329	0.5078
ENSMUSG00000069308	-0.0181	-0.1496	-0.4817	-0.2359	-0.6553	0.1338
ENSMUSG00000069309	0.0984	0.4180	-0.0967	0.5433	-0.2000	0.5030
ENSMUSG00000069310	-0.2959	0.3356	0.5574	0.2840	-0.1341	-0.2367
ENSMUSG00000069378	-0.0173	-0.0992	-0.1986	0.4137	-0.0907	0.1193
ENSMUSG00000069390	-0.7407	-0.6562	-0.7672	0.0088	0.2240	-0.2959
ENSMUSG00000069421	-0.5274	-0.3008	0.2022	0.2815	0.1137	0.5103
ENSMUSG00000069430	0.2886	-0.2656	-0.1419	-0.2529	-0.6354	0.1220
ENSMUSG00000069441	1.8472	1.4903	2.2701	2.1786	1.9701	2.2627
ENSMUSG00000069456	-0.1013	0.4559	-0.0262	-0.7594	-0.2777	0.0384
ENSMUSG00000069495	0.1212	-0.0099	-0.1787	0.1097	-0.3070	0.2950
ENSMUSG00000069515	-0.5662	-0.3634	0.3319	-0.7131	-0.2134	-0.6354
ENSMUSG00000069516	0.2045	0.2421	-0.0005	-0.7688	-0.0596	-0.0483
ENSMUSG00000069565	0.5716	0.0800	-0.4881	0.6416	-0.3512	0.3417
ENSMUSG00000069601	-0.1241	0.6239	-0.2363	-0.2589	0.2452	0.4592
ENSMUSG00000069631	0.1073	0.2316	-0.1741	0.5222	0.3686	-0.0304
ENSMUSG00000069633	-0.1844	0.0026	-0.2400	0.0678	0.0499	-0.3124
ENSMUSG00000069662	-0.4327	-0.0542	-0.3714	0.2198	-0.1684	-0.1748
ENSMUSG00000069678	-0.2353	0.2249	-0.5326	-0.1278	0.3352	0.3648
ENSMUSG00000069706	0.8176	-0.1559	0.3144	-0.0053	-0.4407	0.1193
ENSMUSG00000069707	-0.1527	-0.2282	0.1536	0.0015	-0.0906	-0.1865
ENSMUSG00000069708	0.2744	0.6712	0.2303	0.2309	0.0486	-0.0953
ENSMUSG00000069712	-0.0671	0.1579	0.6409	0.2229	0.6228	0.7059
ENSMUSG00000069729	0.3363	0.4667	0.9517	0.5537	0.7318	0.8109
ENSMUSG00000069733	-0.8539	0.3448	-0.1272	-0.0437	0.3827	0.0502
ENSMUSG00000069744	-0.0907	-0.2496	0.7177	-0.3592	-0.3332	-0.1193
ENSMUSG00000069769	0.4798	0.0907	-0.2023	0.5190	0.0425	0.4749
ENSMUSG00000069805	-0.1668	-0.3153	0.2338	0.0807	-0.2353	0.0754
ENSMUSG00000069806	-0.3659	0.1501	0.4108	0.1465	0.6258	0.0005
ENSMUSG00000069816	-0.0670	0.1991	0.1271	0.0734	-0.3547	-0.1062
ENSMUSG00000069818	0.2078	-0.0836	0.6783	-0.2177	0.3981	-0.2333
ENSMUSG00000069823	0.0730	-0.4450	0.6305	0.0701	-0.0171	-0.5078
ENSMUSG00000069830	0.0357	-0.3452	-0.4041	0.1732	0.9283	-0.3786
ENSMUSG00000069833	-0.5416	-0.1477	0.3408	-0.3595	0.5420	0.4504
ENSMUSG00000069835	0.2454	0.5114	0.0529	-0.1634	0.4896	-0.3650
ENSMUSG00000069867	-0.2159	0.1118	-0.0500	0.6466	0.2302	0.1744
ENSMUSG00000069873	-0.2074	0.2870	0.2890	0.4520	0.0252	-0.1533
ENSMUSG00000069874	0.2045	-0.0928	0.0627	-0.2228	0.0615	-0.5416
ENSMUSG00000069895	-0.1356	-0.0397	0.4648	-0.0228	0.2739	-0.0126
ENSMUSG00000069917	-0.1548	0.0908	-0.2336	0.5397	0.2525	0.0455
ENSMUSG00000069919	0.4866	-0.8272	-0.0358	-0.0283	-0.5925	-0.1113
ENSMUSG00000069998	-0.1016	-0.0364	0.5200	0.4741	-0.2660	-0.6114
ENSMUSG00000070002	0.4969	-0.2193	-0.1499	0.0623	0.6718	0.0857
ENSMUSG00000070106	-0.1433	0.3513	0.2721	-0.2383	-0.1759	-0.1953
ENSMUSG00000070126	-0.0744	-0.0868	0.5170	0.7221	-0.0660	0.1190
ENSMUSG00000070127	0.3820	0.3219	-0.1811	-0.1180	0.2795	0.0666
ENSMUSG00000070140	0.7221	0.5255	-0.1136	0.0189	0.4642	-0.2869
ENSMUSG00000070141	-0.0129	0.0963	-0.0324	-0.2025	0.1285	-0.1844
ENSMUSG00000070144	0.4754	-0.5917	0.0220	-0.3428	0.0503	-0.4809
ENSMUSG00000070173	-0.1171	0.4649	0.0421	-0.6420	0.2669	-0.2580
ENSMUSG00000070175	0.1263	-0.1520	-0.6286	0.6818	0.0755	-0.3998
ENSMUSG00000070182	0.2113	0.1465	-0.0359	-0.0746	0.5144	-0.2397
ENSMUSG00000070203	0.0325	0.2212	-0.0522	-0.6257	0.0589	0.0951
ENSMUSG00000070214	0.1643	0.3413	-0.5157	0.5754	0.3580	0.0824
ENSMUSG00000070225	0.4169	0.2760	-0.0423	-0.1501	0.5559	0.2528
ENSMUSG00000070227	-0.0068	0.3114	-0.8455	0.7005	0.0366	-0.6448
ENSMUSG00000070236	-0.0965	0.0094	0.4406	0.2940	0.1538	-0.0193
ENSMUSG00000070263	0.2112	-0.0388	0.5694	-0.1909	-0.4885	0.6164
ENSMUSG00000070283	0.7510	0.3875	0.1252	-0.0861	-0.3067	0.1445
ENSMUSG00000070284	0.7150	1.8063	2.0519	2.0361	2.3640	2.5877
ENSMUSG00000070311	0.4873	-0.5913	-0.2609	-0.3122	0.2264	-0.1488
ENSMUSG00000070332	-0.2806	0.1726	0.2903	-0.2584	0.0741	-0.3867
ENSMUSG00000070348	-0.1828	0.0557	0.0902	0.0934	-0.2870	0.3055
ENSMUSG00000070366	0.0236	0.2759	0.1670	0.2468	-0.2788	0.3770
ENSMUSG00000070369	0.2903	-0.1490	0.3667	0.1857	-0.0955	0.0764
ENSMUSG00000070372	0.0033	0.2616	-0.0009	0.2189	-0.1067	-0.0761
ENSMUSG00000070374	-0.7171	-0.0289	0.1384	-0.1295	-0.1856	0.2699
ENSMUSG00000070375	-0.2337	-0.3302	-0.2555	-0.2703	-0.3678	0.1365
ENSMUSG00000070377	-0.8746	-0.2015	0.0486	0.2686	-0.3928	0.3689
ENSMUSG00000070378	0.1888	-0.2598	-0.0830	-0.0432	-0.4307	-0.5703
ENSMUSG00000070379	0.2629	-0.5058	-0.8976	-0.4228	-0.8507	0.1935
ENSMUSG00000070380	0.0563	-0.6016	0.2824	-0.3553	-0.1715	0.0467
ENSMUSG00000070382	0.3318	0.8165	-0.4594	-0.7880	-0.3126	-0.0421
ENSMUSG00000070383	0.1946	0.3840	0.3996	-0.3001	0.0593	-0.6078
ENSMUSG00000070385	-0.0728	0.1769	0.2920	0.5823	0.2222	-0.1675
ENSMUSG00000070390	0.2544	-0.4138	0.2892	-0.1411	0.1491	0.2492
ENSMUSG00000070407	-0.4604	-0.2523	-0.3620	-0.1743	-0.1274	0.0438
ENSMUSG00000070417	0.6030	0.1540	-0.3644	-0.4712	-0.7454	-0.0294
ENSMUSG00000070419	-0.1593	-0.1968	-0.6013	-0.0385	-0.0929	-0.1018
ENSMUSG00000070421	0.4354	0.4355	-0.1199	0.1764	-0.4450	-0.2032
ENSMUSG00000070423	-0.0389	-0.6501	0.3581	0.3984	-0.2008	-0.1627
ENSMUSG00000070438	-0.0698	0.3665	-0.3462	0.3098	-0.3181	-0.3831
ENSMUSG00000070460	-0.0157	0.2419	-0.3953	-0.2450	-0.1243	0.3179
ENSMUSG00000070464	0.1701	-0.6404	-0.0687	-0.2831	0.1895	0.3007
ENSMUSG00000070473	1.1768	1.5904	1.3571	2.2503	2.4017	3.6228
ENSMUSG00000070509	0.2377	-0.0743	0.2151	0.6207	0.1954	0.1870
ENSMUSG00000070526	0.0558	0.0332	-0.1091	0.4263	-0.4496	-0.4005
ENSMUSG00000070565	0.3311	0.1628	0.2661	0.0960	-0.0404	0.2142
ENSMUSG00000070570	-0.2712	-0.6906	0.0301	0.0311	-0.2153	-0.2120
ENSMUSG00000070644	0.0539	0.1783	0.1566	0.5060	-0.1863	-0.3206
ENSMUSG00000070645	-0.1971	0.4960	-0.6035	0.1962	-0.0781	0.1446
ENSMUSG00000070687	-0.1819	0.4650	-0.6587	-0.0718	0.1196	-0.1402
ENSMUSG00000070691	0.1588	-0.6398	-0.2483	-0.4624	-0.2091	0.3253
ENSMUSG00000070692	0.2492	-0.2489	0.0689	0.0382	-0.4716	-0.2011
ENSMUSG00000070699	1.0321	1.8958	1.4325	1.8118	2.1665	2.0926
ENSMUSG00000070704	0.9537	-0.0584	0.3486	-0.2610	-0.2963	0.1351
ENSMUSG00000070719	-0.1653	-0.4795	0.0192	-0.2687	-0.2699	-0.5479
ENSMUSG00000070738	0.1506	0.4542	-0.3849	0.3815	0.1838	-0.1648
ENSMUSG00000070808	-0.1672	0.2782	0.2248	-0.2334	-0.2815	-0.1946
ENSMUSG00000070810	-0.0726	0.4891	-0.1900	0.0057	0.0683	0.0318
ENSMUSG00000070820	-0.7284	0.4894	0.3353	0.2035	0.5170	0.0123
ENSMUSG00000070821	0.0524	0.2905	-0.5336	0.2163	0.1987	-0.6773
ENSMUSG00000070852	-0.7449	-0.7722	-0.4151	-1.5236	-1.5810	-0.9651
ENSMUSG00000070853	0.5519	-0.1015	-0.4023	0.3156	-0.0197	0.0127
ENSMUSG00000070855	0.2178	-0.0361	0.2609	0.1613	-0.5124	-0.0349
ENSMUSG00000070856	-0.0709	0.7631	-0.0477	0.4712	0.3766	-0.3851
ENSMUSG00000070857	-0.4703	-0.5392	0.4576	-0.3769	-0.4167	0.3697
ENSMUSG00000070873	-0.0677	0.1393	0.2730	-0.3433	0.1537	-0.4618
ENSMUSG00000070875	-0.8656	-1.1129	-1.0986	-1.0043	-0.9331	-1.4475
ENSMUSG00000070880	0.0918	-0.0726	-0.6426	-0.0823	-0.2190	-0.0479
ENSMUSG00000070904	0.1365	0.0731	-0.5597	0.5717	0.3715	0.0586
ENSMUSG00000070923	0.1492	-0.5421	0.0848	0.0579	-0.0889	-0.0576
ENSMUSG00000070934	-0.2338	0.5997	-0.1901	-0.3229	-0.3459	-0.1496
ENSMUSG00000070939	0.2074	0.1872	0.1103	-0.2385	-0.0836	0.2182
ENSMUSG00000070942	-0.0460	-0.1018	0.1244	-0.2861	-0.0104	-0.2326
ENSMUSG00000070943	0.3013	-0.3688	-1.0455	0.1027	-0.1110	-0.0160
ENSMUSG00000070983	0.3910	-0.1224	0.1391	-0.7548	-0.1440	-0.5013
ENSMUSG00000070985	1.1018	1.7548	2.2914	2.3038	1.7958	2.4627
ENSMUSG00000071000	0.3717	0.1417	-0.2988	-0.5134	-0.4722	-0.0937
ENSMUSG00000071005	-0.7372	-0.0064	-0.1808	0.2161	0.0876	-0.6031
ENSMUSG00000071014	-0.2175	-0.6696	0.2062	-0.5396	-0.1896	0.2759
ENSMUSG00000071037	0.4617	-0.2521	0.2273	0.7694	-0.1028	-0.1552
ENSMUSG00000071042	-0.3435	-0.3506	0.2842	0.3985	-0.1446	0.2180
ENSMUSG00000071047	0.2195	-0.1456	-0.1650	-0.3147	0.0275	-0.1871
ENSMUSG00000071065	0.3498	-0.4842	-0.2021	0.8791	-0.1753	-0.3467
ENSMUSG00000071072	-0.2605	0.3972	-0.9073	0.3139	0.1530	-0.4380
ENSMUSG00000071076	-0.6702	0.4224	-0.0613	0.0903	0.2405	-0.7324
ENSMUSG00000071112	-0.4465	-0.8986	0.2621	-0.2840	0.1219	-0.2724
ENSMUSG00000071147	0.3213	0.1916	-0.2871	-0.2220	-0.2054	-0.4080
ENSMUSG00000071149	-0.4212	0.2650	-0.1831	-0.3151	0.2444	-0.4131
ENSMUSG00000071150	0.4235	0.1055	-0.4938	-0.2049	0.0488	-0.0705
ENSMUSG00000071169	0.4811	0.2395	-0.0802	-0.2227	-0.3131	0.0526
ENSMUSG00000071172	-0.2526	-0.2799	-0.1135	0.3424	0.4282	-0.8100
ENSMUSG00000071177	-0.1189	-0.3457	-0.0944	0.0719	0.3252	0.4623
ENSMUSG00000071178	-0.1997	-0.2260	-0.2797	0.1661	-0.6381	-0.1144
ENSMUSG00000071185	-0.3309	0.4330	0.3336	0.4811	-0.0839	-0.3378
ENSMUSG00000071203	0.2350	0.7839	-0.3463	-0.0317	-0.3556	0.0120
ENSMUSG00000071207	-0.1281	-0.4875	-0.2057	0.0856	0.0499	-0.5081
ENSMUSG00000071226	-0.6694	0.2649	0.9630	0.3633	0.5075	0.0617
ENSMUSG00000071230	0.1110	0.1954	-0.1240	0.3428	-0.2412	-0.9078
ENSMUSG00000071275	0.5031	0.1199	-0.1218	-0.4206	-0.5043	0.3271
ENSMUSG00000071276	-0.6032	0.2560	0.5483	0.0943	0.1525	0.1607
ENSMUSG00000071317	0.0285	-0.6404	-0.2468	-0.0692	0.5066	0.1473
ENSMUSG00000071350	-0.2152	-0.3734	0.0305	0.3659	-0.0155	-0.4391
ENSMUSG00000071359	-0.4409	0.1204	-0.2970	-0.3371	-0.6873	-0.2675
ENSMUSG00000071369	-0.4326	-0.4331	-0.8729	-0.5890	-0.8243	-1.2189
ENSMUSG00000071415	-0.1469	0.2347	-0.4427	0.5626	-0.3537	0.2423
ENSMUSG00000071424	0.3772	-0.2960	-0.1068	0.4976	-0.6885	-0.1711
ENSMUSG00000071452	0.2511	-0.8228	-0.5461	0.3884	-0.2153	-0.3293
ENSMUSG00000071478	-0.2366	0.0110	-0.4478	0.4043	0.4107	0.1683
ENSMUSG00000071481	-0.3575	-0.4737	-0.2193	-0.5406	-0.7802	-0.4437
ENSMUSG00000071489	0.0150	-0.2744	0.5784	0.0268	-1.0551	-0.0067
ENSMUSG00000071494	0.3728	-0.7470	0.4493	0.0940	0.2217	-0.0842
ENSMUSG00000071510	0.0108	-0.0204	-0.1589	-0.1741	0.2093	-0.2432
ENSMUSG00000071516	-0.1901	0.0007	0.5141	0.3041	-0.1754	0.3375
ENSMUSG00000071517	-0.1288	-0.4459	-0.0706	0.1837	0.1710	-0.2190
ENSMUSG00000071519	-0.2873	-0.3308	0.3411	-0.1494	0.7989	-0.2701
ENSMUSG00000071521	-0.2755	-0.6044	0.0168	-0.0845	-0.2976	0.0719
ENSMUSG00000071522	0.2825	-0.3941	0.2304	-0.3314	-0.3870	-0.0098
ENSMUSG00000071540	0.0587	0.1050	-0.1100	-0.1284	-0.0537	0.3408
ENSMUSG00000071552	0.4747	-0.3758	0.2302	-0.2767	0.0801	-0.0655
ENSMUSG00000071553	0.0214	-0.3952	0.2697	-0.3579	-0.4570	0.1828
ENSMUSG00000071629	-0.2454	-0.3092	0.4485	-0.2876	0.4532	-0.3467
ENSMUSG00000071633	-0.1686	0.2390	0.4911	0.4064	0.6229	0.2029
ENSMUSG00000071644	-0.6177	-0.3130	0.1861	-0.2666	-0.4623	0.1802
ENSMUSG00000071646	0.2292	0.0011	-0.2225	0.1532	0.3683	0.1290
ENSMUSG00000071649	-0.1087	0.2628	0.4730	-0.4548	0.0301	-0.0580
ENSMUSG00000071650	0.0316	-0.7588	0.1671	-0.0595	0.2984	-0.2599
ENSMUSG00000071655	-0.3692	-0.1088	-0.5131	0.4766	-0.0789	-0.1513
ENSMUSG00000071658	0.1457	-0.0405	0.2273	0.0912	0.6358	-0.1981
ENSMUSG00000071662	-0.1866	0.0376	-0.1729	-0.2004	-0.3098	-0.4517
ENSMUSG00000071708	0.2996	0.1240	-0.2215	0.0943	-0.2430	0.5232
ENSMUSG00000071711	0.3914	-0.0690	0.2428	-0.4361	-0.1936	0.1800
ENSMUSG00000071713	0.1002	0.2937	0.0881	-0.1814	0.6664	-0.3069
ENSMUSG00000071714	0.0490	-0.0733	-0.0092	-0.0008	1.0904	0.9980
ENSMUSG00000071715	0.3930	0.5217	0.3364	0.0457	-0.4417	-0.0559
ENSMUSG00000071723	-0.1686	-0.5014	-0.1190	0.0153	-0.1510	-0.0575
ENSMUSG00000071764	0.3038	0.0078	0.3667	-0.2783	-0.0581	0.3768
ENSMUSG00000071816	0.2076	-0.0377	-0.0574	-0.3325	0.5748	0.4134
ENSMUSG00000071847	0.2346	0.3779	-0.2727	-0.7418	-0.0111	0.2372
ENSMUSG00000071856	0.2686	-0.4811	-0.3183	0.5596	-0.0405	0.4278
ENSMUSG00000071866	-0.0883	0.0730	-0.7109	0.1166	-0.4077	0.0315
ENSMUSG00000072115	-0.1353	0.6088	-0.2805	-0.0185	-0.1796	-0.1729
ENSMUSG00000072214	1.0833	1.1594	0.7987	1.5893	0.7159	1.6515
ENSMUSG00000072235	-0.2329	-0.2408	-0.0774	0.3983	-0.0241	0.4111
ENSMUSG00000072423	0.0898	0.1618	0.3299	-0.0200	-0.3641	0.1373
ENSMUSG00000072494	0.6459	0.2973	0.0971	-0.0025	0.5690	-0.2692
ENSMUSG00000072572	0.5995	0.0869	-0.0801	-0.2339	0.1945	-0.0691
ENSMUSG00000072598	0.0326	0.7697	0.4337	0.1694	-0.6116	0.7208
ENSMUSG00000072625	0.6803	0.0323	0.7109	-0.0397	-0.5035	-0.1844
ENSMUSG00000072707	-0.2025	0.2118	-0.1640	0.1383	0.0610	0.2359
ENSMUSG00000072708	0.0312	-0.4539	-0.6460	-0.0498	-0.0218	0.0401
ENSMUSG00000072709	-0.3650	-0.3879	-0.2525	-0.2633	-0.0323	0.0100
ENSMUSG00000072718	-0.6705	0.4613	0.5737	-0.0811	0.2298	-0.4432
ENSMUSG00000072720	-0.5280	-0.3325	-0.1671	-0.1364	-0.0536	0.2158
ENSMUSG00000072789	-0.7005	-0.4021	0.0698	0.0175	-0.4494	-0.5168
ENSMUSG00000072791	1.7208	2.3473	1.7897	1.8860	2.1643	2.7202
ENSMUSG00000072849	0.1160	0.4008	0.1392	0.2936	0.6803	0.0338
ENSMUSG00000072872	-0.6428	0.2689	0.1203	0.0074	0.2437	0.2133
ENSMUSG00000072946	-0.0216	0.3093	0.0890	0.5498	-0.4533	0.3581
ENSMUSG00000072949	0.1670	0.3432	-0.6084	-0.1290	-0.1032	0.0272
ENSMUSG00000073002	0.2151	-0.2651	-0.0346	0.4554	-0.0130	0.5584
ENSMUSG00000073079	0.3320	0.1652	-0.0158	0.3249	0.1896	0.3383
ENSMUSG00000073110	-0.1165	0.0457	0.0816	-0.2439	0.0574	-0.0915
ENSMUSG00000073111	0.6782	-0.5306	-0.1095	0.0924	0.2345	-0.5033
ENSMUSG00000073402	0.0062	0.6564	-0.1691	0.0458	-0.3687	-0.1836
ENSMUSG00000073406	0.4647	-0.3045	-0.1350	-0.5622	-0.2130	-0.0302
ENSMUSG00000073409	0.4030	0.0553	0.3601	-0.0975	-0.1954	0.5190
ENSMUSG00000073411	0.0166	-0.1096	-0.1236	-0.2274	-0.3409	-0.3520
ENSMUSG00000073418	-0.0162	-0.4532	0.2378	0.3775	0.4062	0.0402
ENSMUSG00000073421	-0.0885	0.3541	-0.2635	-0.1523	-0.0903	-0.3043
ENSMUSG00000073422	-0.0526	0.1225	0.8930	-0.0911	-0.5065	0.2377
ENSMUSG00000073433	-0.5128	-0.6161	-0.1527	-0.0981	0.2512	-0.0442
ENSMUSG00000073435	0.2681	0.1064	0.0597	0.4993	-0.1389	-0.5049
ENSMUSG00000073436	-0.0328	-0.4915	-0.2594	-0.8392	0.2501	-0.5736
ENSMUSG00000073460	-0.4669	0.1230	0.0398	0.3043	-0.3245	0.1526
ENSMUSG00000073489	-0.2148	0.2064	-0.5289	-0.0910	0.5637	-0.6600
ENSMUSG00000073494	-0.1791	0.4063	0.1361	0.1060	0.5203	0.0899
ENSMUSG00000073557	0.2266	0.5726	0.0567	0.3741	-0.5181	0.4758
ENSMUSG00000073559	-0.3488	-0.5833	-0.6515	-0.2173	-0.1047	0.3212
ENSMUSG00000073563	0.1638	0.2633	0.2874	-0.4474	-0.0199	-0.2915
ENSMUSG00000073601	0.1120	-0.3756	0.2344	0.3882	-0.2698	0.0670
ENSMUSG00000073602	0.8366	-0.1001	-0.0651	-0.3362	-0.1720	0.0608
ENSMUSG00000073678	1.1040	1.1968	0.1201	1.1083	1.2904	2.0638
ENSMUSG00000073702	-0.3285	-0.9374	-0.9973	-1.2639	-0.8241	-1.1482
ENSMUSG00000073705	0.1836	0.5097	-0.3483	-0.1796	-0.3077	-0.6033
ENSMUSG00000073725	-0.2674	-0.2937	0.4470	-0.2848	-0.1181	-0.8492
ENSMUSG00000073768	0.6184	0.3015	0.0244	0.1515	0.6143	0.0084
ENSMUSG00000073769	0.0665	0.4214	-0.2450	-0.1146	-0.0879	0.3263
ENSMUSG00000073791	-0.0537	0.3057	-0.0191	0.6307	-0.2876	0.0863
ENSMUSG00000073792	-0.2570	-0.0272	0.0510	-0.3520	0.2993	0.1336
ENSMUSG00000073802	0.2833	-0.7330	-0.6500	-0.0285	-0.3641	0.3567
ENSMUSG00000073804	0.2335	-0.3056	0.2161	0.0060	-0.0775	-0.6264
ENSMUSG00000073811	0.5047	0.2311	0.4090	0.6438	0.1321	0.2523
ENSMUSG00000073876	0.3923	0.0971	-0.1980	0.2811	0.0166	0.3744
ENSMUSG00000073877	-0.0006	0.2455	-0.4425	-0.4563	-0.1930	0.5306
ENSMUSG00000073878	-0.3218	-0.3183	0.5371	-0.2367	0.4258	-0.3896
ENSMUSG00000073888	-0.5542	0.4567	-0.6741	-0.2832	0.5219	0.1890
ENSMUSG00000073889	-0.6379	-1.2642	-0.4893	-0.8979	-0.9549	-1.1997
ENSMUSG00000073893	-0.5044	0.2069	-0.0057	-0.1414	0.4395	-0.5570
ENSMUSG00000073896	-0.3229	-0.1983	-0.0917	0.2266	-0.0442	0.5716
ENSMUSG00000073897	0.1109	-0.6915	-0.9237	-0.0096	0.2235	-0.2453
ENSMUSG00000073898	0.0327	-0.4704	0.1823	-0.0179	0.4364	0.4175
ENSMUSG00000073899	-0.2793	-0.0312	0.0373	0.2111	-0.1615	0.0478
ENSMUSG00000073900	0.0317	0.3373	-0.3339	0.0951	-0.4770	0.4182
ENSMUSG00000073901	-0.4629	0.0009	-0.0354	-0.5753	0.5913	-0.1922
ENSMUSG00000073906	0.0417	0.4487	-0.3582	0.0331	0.1636	0.4460
ENSMUSG00000073907	-0.0928	-0.1045	0.7308	0.7035	0.1563	-0.4562
ENSMUSG00000073909	0.0506	0.4786	0.2579	0.2244	0.5690	-0.1612
ENSMUSG00000073913	-0.2869	-0.3617	-0.1726	0.5790	-0.8848	0.4280
ENSMUSG00000073914	0.1220	-0.2575	-0.0048	-0.5825	0.2982	-0.4045
ENSMUSG00000073915	-0.3003	0.3508	0.0470	-0.3020	0.2597	0.3384
ENSMUSG00000073916	0.0388	0.5119	-0.7300	0.1455	0.1677	0.4654
ENSMUSG00000073917	-0.0068	0.5739	0.2403	0.6383	-0.2553	-0.2798
ENSMUSG00000073920	-0.2877	0.1447	-0.1823	-0.2794	-0.7106	0.1434
ENSMUSG00000073922	0.8384	-0.2082	0.1172	-0.4762	-0.0366	-0.3764
ENSMUSG00000073923	0.0298	-0.1601	-0.5107	0.1514	0.2214	-0.1377
ENSMUSG00000073924	-0.1324	-0.2992	0.4870	-0.2057	-0.6665	0.1167
ENSMUSG00000073925	0.0456	-0.3028	0.1042	-0.5229	-0.3645	0.0731
ENSMUSG00000073926	0.2163	0.0591	-0.5174	0.0808	-0.1998	-0.3686
ENSMUSG00000073927	0.1299	-0.0024	-0.4459	-0.1450	0.0364	-0.4551
ENSMUSG00000073928	-0.5305	-0.0352	-0.0163	-0.0651	-0.1544	0.2358
ENSMUSG00000073931	0.5732	0.3303	0.6913	0.1273	1.1861	1.3781
ENSMUSG00000073932	-0.2651	0.3635	0.0245	0.2592	0.3494	-0.1401
ENSMUSG00000073937	0.1639	-0.0286	-0.1106	0.0771	0.3659	-0.1332
ENSMUSG00000073938	-0.5303	-0.1971	0.1122	0.2869	0.4764	-0.5200
ENSMUSG00000073940	0.7218	0.8563	0.0716	0.3599	-0.1871	0.4794
ENSMUSG00000073944	-0.4240	0.0418	0.6114	0.1468	0.0284	-0.1482
ENSMUSG00000073945	-0.1639	0.3663	0.2190	-0.0827	0.0681	-0.6307
ENSMUSG00000073946	-0.2680	0.5934	0.1512	0.0190	0.1442	-0.0313
ENSMUSG00000073947	0.1041	-0.0399	-0.1057	0.6343	0.0715	0.2626
ENSMUSG00000073948	0.3272	0.5199	0.7306	-0.2074	0.0238	-0.2887
ENSMUSG00000073949	0.1598	0.0943	0.1549	-0.0744	-0.3448	0.1562
ENSMUSG00000073950	0.1857	-0.1247	-0.4996	-0.1902	0.1948	-0.0221
ENSMUSG00000073951	-0.1667	0.3106	-0.0887	0.8208	-0.2080	0.5442
ENSMUSG00000073952	0.0443	-0.5127	0.1355	-0.2473	0.2894	0.1182
ENSMUSG00000073953	0.0301	0.2399	-0.0402	0.2997	-0.2200	-0.3748
ENSMUSG00000073954	0.4705	0.5039	1.2422	0.6613	0.9540	1.6148
ENSMUSG00000073955	-0.1301	-0.2278	0.0732	-0.2948	0.5486	0.1697
ENSMUSG00000073956	-0.4954	-0.3203	-0.1844	-0.5834	-0.2977	-1.1671
ENSMUSG00000073959	-0.0599	-0.1679	0.2139	0.7363	-0.0003	0.1614
ENSMUSG00000073960	-0.0204	0.3822	-0.1497	-0.1272	0.2137	0.7627
ENSMUSG00000073961	-0.3874	0.4766	0.1337	-0.0904	0.0758	0.3315
ENSMUSG00000073962	-0.2003	0.1487	0.2690	-0.2071	-1.0648	0.0176
ENSMUSG00000073963	0.3479	-0.6033	-0.5161	-0.2690	0.1019	0.3781
ENSMUSG00000073964	-0.1301	-0.4557	0.2702	-0.2234	0.0640	0.4831
ENSMUSG00000073965	1.0218	-0.0138	-0.4816	0.3740	0.2553	0.2453
ENSMUSG00000073966	0.6759	0.3965	-0.1254	0.4427	-0.1084	-0.2423
ENSMUSG00000073967	-0.0770	0.2789	-0.4783	0.0057	-0.3052	0.4043
ENSMUSG00000073969	-0.4578	-0.0184	0.5333	0.5373	0.3703	0.3811
ENSMUSG00000073970	0.0823	-0.4308	-0.4243	-0.5380	0.1749	-0.2178
ENSMUSG00000073971	0.2804	-0.4994	-0.2791	-0.0361	-0.5765	0.0663
ENSMUSG00000073972	0.4094	0.3922	-0.2719	-0.2921	-0.8799	-0.6439
ENSMUSG00000073973	0.2696	-0.3599	-0.3032	-0.0631	-0.1333	-0.2876
ENSMUSG00000073974	-0.5437	-0.1592	-0.2376	-0.0737	-0.1264	0.5318
ENSMUSG00000073975	0.6848	0.2643	-0.9521	0.3793	-0.3043	-0.1753
ENSMUSG00000073977	-0.0780	0.1664	-0.2446	-0.4595	0.4837	0.3892
ENSMUSG00000073978	0.1941	0.2785	0.1264	-0.2128	0.5586	-0.1168
ENSMUSG00000073979	-0.5932	-0.2725	-0.7275	-0.6304	0.0249	0.2322
ENSMUSG00000073982	-0.1734	-0.2403	0.0216	-0.4171	0.2010	-0.4886
ENSMUSG00000073987	0.1575	0.3436	0.1577	0.7631	0.0467	0.2365
ENSMUSG00000073997	0.0105	-0.0439	0.1711	0.2584	-0.0365	-0.1237
ENSMUSG00000073998	-0.3848	0.1599	-0.0370	-0.2712	0.0872	0.3946
ENSMUSG00000074003	-0.1028	0.1852	-0.1723	-0.3044	-0.4101	-0.0586
ENSMUSG00000074004	-0.0141	-0.2249	0.2195	0.2434	-0.1540	0.2498
ENSMUSG00000074037	-0.2611	-0.1700	0.0098	-0.0465	0.1539	0.1322
ENSMUSG00000074064	-0.1300	0.2565	0.2539	0.3126	0.7543	-0.2041
ENSMUSG00000074088	0.1126	0.1004	0.0952	0.4909	-0.4716	0.0914
ENSMUSG00000074093	-0.8684	0.5183	-0.0491	0.0596	-0.5077	-0.2410
ENSMUSG00000074121	-0.2321	-0.1713	0.1479	0.2218	0.1766	0.2501
ENSMUSG00000074129	-0.6150	0.4396	0.8071	0.2933	0.0608	-0.3979
ENSMUSG00000074141	0.1415	0.7189	0.2340	-0.1507	0.1868	0.0438
ENSMUSG00000074156	0.5784	-0.3192	0.1769	0.1663	0.3180	0.0217
ENSMUSG00000074179	0.4126	-0.7640	-0.7457	0.2701	-0.3388	-0.0323
ENSMUSG00000074183	-0.0576	0.1269	0.0369	-0.0685	0.1126	-0.5432
ENSMUSG00000074195	0.0710	0.1362	-0.1383	-0.3472	-0.3450	0.1606
ENSMUSG00000074207	-0.0628	0.2254	-0.2200	-0.1530	0.2460	-0.5807
ENSMUSG00000074218	-0.0287	0.4967	-0.0296	-0.5761	-0.3480	-0.2281
ENSMUSG00000074254	0.3325	-0.1079	-0.0396	-0.2527	1.3662	0.0571
ENSMUSG00000074264	-0.2239	-0.0318	-0.2745	-0.1533	-0.1386	0.1110
ENSMUSG00000074268	-0.3523	-0.2131	0.6066	-0.6028	-0.1478	0.3703
ENSMUSG00000074364	0.2842	0.3115	-0.0649	-0.0109	0.5167	0.8418
ENSMUSG00000074375	0.4026	-0.3251	-0.1434	0.6731	0.3371	0.0036
ENSMUSG00000074377	0.0911	-0.0191	0.1327	-0.1494	-0.3253	-0.1956
ENSMUSG00000074403	-0.1174	-0.5996	-0.1697	0.0634	-0.4143	0.0192
ENSMUSG00000074417	-0.1343	0.1017	0.5324	-0.4618	-0.5899	0.1094
ENSMUSG00000074419	0.8002	0.6620	0.3933	0.7740	0.9648	1.8347
ENSMUSG00000074424	0.3572	-0.4344	-0.1111	-0.2525	-0.0219	-0.1875
ENSMUSG00000074433	1.5937	1.9286	1.5816	1.5398	2.4242	2.7632
ENSMUSG00000074434	0.2133	0.2326	0.1285	-0.5684	0.2694	-0.2811
ENSMUSG00000074437	0.0441	0.0762	0.3000	0.2777	-0.5019	0.0093
ENSMUSG00000074439	0.2412	-0.4820	0.4541	0.2105	0.1667	-0.2806
ENSMUSG00000074440	0.5778	0.3077	1.3561	0.7777	1.1039	2.2298
ENSMUSG00000074441	-0.1409	-0.1219	-0.2461	0.1207	0.7737	-0.1556
ENSMUSG00000074442	-0.7384	-0.8690	-0.9472	-1.1617	-0.8432	-1.4807
ENSMUSG00000074443	0.2778	-0.0650	-0.5459	0.6706	-0.2302	-0.0773
ENSMUSG00000074444	0.2348	0.5167	0.0126	-0.3299	-0.1454	0.7178
ENSMUSG00000074446	-0.1402	-0.1879	0.0093	0.0104	0.2499	0.0126
ENSMUSG00000074447	0.0408	0.4127	0.2126	-0.2665	-0.1966	0.0256
ENSMUSG00000074452	-0.2179	0.0884	-0.1039	0.0574	-0.0017	-0.2208
ENSMUSG00000074457	1.0847	2.1213	2.2776	2.1481	2.5254	1.7680
ENSMUSG00000074483	-0.2816	0.0059	-0.3363	0.4060	-0.3243	-0.0805
ENSMUSG00000074486	0.2157	0.4441	0.5941	0.0305	-0.3834	-0.2039
ENSMUSG00000074489	-0.2237	0.1457	-0.3089	-0.2798	-0.2039	0.4226
ENSMUSG00000074576	-0.4072	-0.0105	0.0567	-0.1937	-0.6816	-0.7030
ENSMUSG00000074582	-0.5147	-0.5202	-0.1503	-0.1448	-0.1149	0.5362
ENSMUSG00000074604	0.0153	0.2624	-0.1362	0.2614	0.7966	-0.1179
ENSMUSG00000074622	-0.1241	-0.0545	-0.0243	0.4295	0.1325	-0.0801
ENSMUSG00000074637	0.3234	0.1430	-0.9453	0.1337	-0.2051	0.0335
ENSMUSG00000074639	0.1668	0.4267	0.2021	0.2782	0.3815	-0.4623
ENSMUSG00000074652	-0.4600	0.2133	-0.1284	0.4037	-0.1049	-0.0076
ENSMUSG00000074657	-0.0210	0.8307	-0.0425	0.3018	0.3348	-0.7192
ENSMUSG00000074677	-0.1210	-0.0594	-0.3292	0.4554	-0.6519	-0.1600
ENSMUSG00000074682	-0.3399	0.3337	0.4666	-0.0187	-0.5567	0.0288
ENSMUSG00000074695	-0.5761	-0.1969	-0.3587	-0.3020	-0.0160	-0.1003
ENSMUSG00000074698	0.5632	-0.2882	-0.3361	-0.0971	-0.4347	1.0208
ENSMUSG00000074715	0.7237	0.0616	0.1152	0.1695	-0.2387	-0.2538
ENSMUSG00000074743	-0.0684	-0.0249	-0.3168	-0.2963	-0.6859	-0.5129
ENSMUSG00000074764	-0.1700	0.3175	-0.3206	-0.2349	0.0868	-0.5689
ENSMUSG00000074768	0.1247	-0.2165	-0.7458	0.8283	0.2620	0.1179
ENSMUSG00000074781	-0.2269	-0.0304	-0.0360	0.1477	0.0809	0.0397
ENSMUSG00000074785	-0.4709	0.2640	0.0523	0.3126	-0.0438	-0.0721
ENSMUSG00000074797	0.3171	0.8568	0.1359	0.3568	0.0972	-0.6999
ENSMUSG00000074812	0.2895	1.3601	0.7049	0.8762	1.4657	1.0341
ENSMUSG00000074817	0.5469	-0.2171	-0.2149	0.1091	-0.2273	0.4591
ENSMUSG00000074841	-0.3051	-0.3208	0.1483	0.2749	-0.2175	-0.4067
ENSMUSG00000074852	0.4567	-0.0251	-0.4769	0.1783	-0.2771	-0.3302
ENSMUSG00000074871	0.1304	-0.1979	0.0417	-0.2539	-0.1969	0.0475
ENSMUSG00000074882	-0.9564	0.1202	-0.0728	-0.1538	-0.2912	-0.3615
ENSMUSG00000074886	0.3865	-0.5155	-0.4007	-0.2177	-0.2777	-0.0632
ENSMUSG00000074892	-0.0485	-0.2676	-0.3223	-0.5796	-0.5818	-0.3540
ENSMUSG00000074895	-0.3166	-0.0396	-0.1178	0.5280	-0.1107	-0.0364
ENSMUSG00000074899	-0.4989	0.4476	-0.0640	-0.3694	-0.0563	-0.0396
ENSMUSG00000074916	-0.5767	-0.0731	0.1493	0.4064	0.4251	-0.3427
ENSMUSG00000074923	0.1177	0.1706	-0.1622	-0.1845	-0.1151	-0.2234
ENSMUSG00000074930	-0.1789	0.0712	-0.1847	0.0964	-0.2371	0.0147
ENSMUSG00000074934	0.1694	-0.8001	-0.2772	-0.2938	-0.3798	0.5993
ENSMUSG00000074939	0.2947	-0.1266	0.2869	0.1150	-0.0302	0.2473
ENSMUSG00000074945	0.4092	-0.2601	-0.1231	-0.3883	0.6280	-0.1959
ENSMUSG00000074946	0.1312	-0.6959	0.0033	-0.1399	-0.0864	0.4362
ENSMUSG00000074947	-0.1005	-0.7905	0.1227	-0.2293	-0.3003	-0.7853
ENSMUSG00000074952	0.1357	0.4289	-0.0108	0.3552	-0.5104	0.2834
ENSMUSG00000074955	-0.0272	-0.4873	0.0119	-0.0140	-0.1913	-0.0020
ENSMUSG00000074965	0.1089	0.1978	0.4811	0.2840	0.1370	-0.4474
ENSMUSG00000074966	-0.5288	0.3194	0.1731	0.2827	0.4971	-0.2495
ENSMUSG00000074968	-0.4584	-0.2813	0.1992	0.2970	0.0415	-0.5620
ENSMUSG00000074991	0.0991	-0.2078	0.3408	0.2072	0.1052	-0.1703
ENSMUSG00000074995	0.1193	0.5668	-0.5097	0.0369	0.0940	-0.4587
ENSMUSG00000074996	-0.0763	-0.0025	0.1894	0.0998	0.2462	-0.0170
ENSMUSG00000074997	-0.3620	-0.5635	-0.2387	-0.0712	-0.2548	0.2631
ENSMUSG00000075000	0.2420	-0.1994	-0.7368	-0.5872	-0.0261	0.1228
ENSMUSG00000075031	0.1287	-0.1522	0.3020	-0.2115	0.6435	0.1693
ENSMUSG00000075040	-0.1326	0.5029	-0.4742	0.4674	0.1163	-0.2389
ENSMUSG00000075061	-0.7140	-0.8871	-1.2320	-1.2412	0.0209	-1.5400
ENSMUSG00000075062	-1.0202	-0.2987	-1.3551	-0.9128	-0.5614	-0.6939
ENSMUSG00000075063	0.4165	0.0042	0.0585	-0.7967	0.6135	-0.4953
ENSMUSG00000075064	-0.5385	-1.1197	-1.0092	-1.4758	-1.0403	-1.2335
ENSMUSG00000075065	-0.1954	-0.0317	-0.2676	0.1297	0.2265	0.6382
ENSMUSG00000075066	0.4981	-0.4317	0.3714	0.1164	-0.2829	0.3090
ENSMUSG00000075068	0.3339	-0.0277	-0.4696	0.3575	0.2800	0.3522
ENSMUSG00000075069	-0.0109	0.6541	0.2342	-0.1002	0.2289	-0.5264
ENSMUSG00000075072	0.1219	-0.4849	0.1437	-0.2679	0.4391	-0.3557
ENSMUSG00000075073	0.5337	-0.2727	0.4538	-0.6990	0.1410	0.5412
ENSMUSG00000075074	0.1134	-0.2369	-0.1496	-0.0572	-0.2980	-0.6518
ENSMUSG00000075075	0.5506	0.2391	-0.3284	0.5220	0.0451	0.3668
ENSMUSG00000075078	-0.1277	-0.1274	-0.6160	0.1449	-0.1946	-0.4889
ENSMUSG00000075079	0.2296	-0.1703	-0.1623	-0.2750	0.2585	-0.5792
ENSMUSG00000075081	-0.3901	-0.6766	0.0052	-0.2669	0.0945	0.0217
ENSMUSG00000075084	-0.0327	-0.2293	0.4456	-0.1937	-0.2651	-0.2021
ENSMUSG00000075085	-0.6987	0.1712	0.2897	0.3034	-0.3637	-0.4100
ENSMUSG00000075086	-0.0997	0.3525	-0.0792	-0.3068	-0.1597	-0.3285
ENSMUSG00000075088	0.4597	-0.1309	-0.2894	0.4252	-0.0302	-0.2165
ENSMUSG00000075090	-0.7351	-0.2564	0.3375	0.1191	-0.0263	0.1074
ENSMUSG00000075091	-0.0016	0.2620	0.2272	0.0722	0.2010	0.0172
ENSMUSG00000075092	0.0430	-0.3209	0.0657	0.3868	0.1658	0.1784
ENSMUSG00000075093	0.4943	-0.1791	0.4083	-0.6599	-0.6687	-0.3910
ENSMUSG00000075094	-0.3672	0.6815	-0.5032	0.0070	0.3500	0.0266
ENSMUSG00000075095	0.0321	0.0692	-0.0551	0.7628	-0.0908	0.1425
ENSMUSG00000075097	0.3170	0.2517	0.3535	-0.3760	0.4349	0.1149
ENSMUSG00000075099	-0.0315	0.0054	-1.0446	-0.1616	-0.3009	0.1602
ENSMUSG00000075100	-0.0644	0.6113	0.3458	0.2553	0.0565	0.4675
ENSMUSG00000075101	-0.1020	-0.1300	-0.2007	0.0025	0.2371	-0.4273
ENSMUSG00000075102	0.0197	0.1300	0.2678	-0.1394	-0.2004	-0.3083
ENSMUSG00000075104	0.8179	-0.2606	-0.1307	0.2002	0.5020	0.0655
ENSMUSG00000075105	0.1476	-0.1565	-0.3231	0.1774	-0.8837	0.7687
ENSMUSG00000075107	0.0317	-0.1992	-0.5449	0.6449	-0.1659	-0.4872
ENSMUSG00000075110	0.6222	0.0835	-0.1595	0.1014	0.2784	0.8065
ENSMUSG00000075111	-0.2071	0.3853	0.0559	-0.5078	0.3266	0.1662
ENSMUSG00000075112	-0.4089	0.0584	-0.1798	-0.0292	0.0241	0.1803
ENSMUSG00000075113	-0.2532	-0.3957	0.3747	0.2015	-0.8917	-0.4617
ENSMUSG00000075114	-0.0099	0.3244	0.3847	0.0318	-0.0526	-0.1571
ENSMUSG00000075115	-0.1215	-0.3248	-0.4957	0.0473	0.2326	0.4535
ENSMUSG00000075117	-0.3414	-0.3513	-0.0130	-0.3465	0.5938	0.0229
ENSMUSG00000075119	-0.0719	0.0777	-0.0419	0.1031	0.0677	-0.0738
ENSMUSG00000075120	-0.5237	0.1089	0.0166	0.7846	0.1102	0.2137
ENSMUSG00000075121	-0.3276	0.0606	-0.1460	-0.0168	-0.1743	-0.4319
ENSMUSG00000075122	-0.1441	0.0154	-0.3403	-0.4623	0.6061	0.0235
ENSMUSG00000075125	-0.6942	-0.5263	0.0285	0.7038	0.5347	-0.2892
ENSMUSG00000075126	-0.2374	-0.4439	0.1637	0.0441	-0.3714	0.4295
ENSMUSG00000075127	-0.3351	0.3242	-0.0323	0.2812	0.5741	0.3446
ENSMUSG00000075128	0.5473	-0.7317	-0.1497	-0.0419	0.1356	0.1077
ENSMUSG00000075132	-0.0404	-0.0029	0.4757	-0.0175	-0.1638	-0.6678
ENSMUSG00000075133	0.8347	0.3262	-0.1388	0.3929	0.3257	0.1289
ENSMUSG00000075136	-0.3347	-0.0692	0.2566	-0.1741	0.5938	-0.1140
ENSMUSG00000075137	-0.3291	0.7246	0.4177	-0.0248	-0.0629	0.4051
ENSMUSG00000075139	0.1818	-0.2328	0.2611	0.6432	0.8145	-0.0273
ENSMUSG00000075140	-0.2918	-0.0286	0.2990	0.6910	0.0183	-0.0241
ENSMUSG00000075141	-0.5837	0.6867	-0.3385	0.6557	-0.0404	-0.0395
ENSMUSG00000075142	-0.5047	0.3702	0.0283	0.7105	0.5324	-0.5630
ENSMUSG00000075143	-0.4265	-0.4116	-0.0334	0.1538	0.4235	-0.1471
ENSMUSG00000075144	0.0956	0.0964	-0.1289	-0.3116	-0.1962	-0.4950
ENSMUSG00000075145	-0.3463	-0.2727	0.1599	0.0730	-0.2872	0.3793
ENSMUSG00000075146	0.3140	0.3432	-0.5326	-0.3067	-0.3615	-0.3411
ENSMUSG00000075148	0.2895	-0.3354	-0.1626	0.3956	0.9634	-0.1063
ENSMUSG00000075149	-0.2201	-0.2055	-0.1919	-0.1069	0.3383	-0.2284
ENSMUSG00000075150	-0.1441	0.0573	0.4276	-0.1567	-0.1036	-0.1152
ENSMUSG00000075151	-0.7363	-0.0731	-0.1026	0.1049	-0.0558	0.5388
ENSMUSG00000075153	-0.0860	0.0383	-0.0312	-0.3850	0.4638	-0.6307
ENSMUSG00000075155	-0.2369	0.0421	-0.0950	0.3914	0.1473	-0.5315
ENSMUSG00000075156	-0.2244	-0.1243	0.1079	0.3176	0.7743	-0.4687
ENSMUSG00000075158	0.2356	0.2375	-0.0998	-0.5399	0.5413	-0.3131
ENSMUSG00000075159	-0.2410	0.2470	-0.3731	0.0031	-0.0012	0.1201
ENSMUSG00000075160	-0.3332	-0.6502	-1.1170	-1.4165	-0.8720	-1.3567
ENSMUSG00000075161	-0.0180	-0.7837	0.3816	-0.1910	-0.2038	-0.3887
ENSMUSG00000075163	0.0352	0.1072	-0.2836	0.3508	0.3872	0.1097
ENSMUSG00000075164	-0.4091	0.2099	0.4090	0.8196	0.0682	0.3841
ENSMUSG00000075166	0.1746	0.1187	0.1193	0.0727	0.3589	0.0548
ENSMUSG00000075167	0.1767	0.1780	0.2014	-0.6852	-0.5984	0.3741
ENSMUSG00000075168	-0.4656	0.2817	-0.1075	0.2225	0.4435	0.2358
ENSMUSG00000075169	-0.0965	0.1959	0.5176	-0.2438	0.4353	-0.0193
ENSMUSG00000075170	0.0837	-0.3394	-0.2345	-0.7427	-0.5029	0.1915
ENSMUSG00000075171	0.6308	-0.8271	0.0012	0.4120	-0.4756	-0.3902
ENSMUSG00000075172	-0.4229	-0.3584	0.8657	0.3360	0.1638	-0.9158
ENSMUSG00000075174	0.1369	-0.3140	-0.3455	0.6057	0.7639	0.6051
ENSMUSG00000075175	-0.5001	-0.2256	0.3324	-0.0542	-0.4488	-0.1994
ENSMUSG00000075176	0.1294	0.7740	0.3831	-0.6097	0.4705	-0.1834
ENSMUSG00000075179	-0.1894	0.3457	-0.1867	0.4603	-0.4796	-0.7522
ENSMUSG00000075181	-0.0399	-0.1310	0.1402	0.2724	-0.8371	0.2203
ENSMUSG00000075185	0.0263	0.4333	0.0926	-0.1571	0.2897	-0.1413
ENSMUSG00000075186	-0.0216	0.1285	0.5412	0.2238	0.7993	-0.0821
ENSMUSG00000075187	0.1193	-0.3979	0.4570	-0.0895	0.2857	0.7589
ENSMUSG00000075188	-0.2407	-0.1589	0.5992	-0.4120	-0.6214	0.1901
ENSMUSG00000075189	0.6348	0.4457	-0.1546	-1.0645	0.0717	0.2253
ENSMUSG00000075190	-0.3086	0.2050	0.2300	0.5670	0.1437	0.0169
ENSMUSG00000075192	0.2958	0.4748	0.2432	-0.5618	0.3937	-0.1104
ENSMUSG00000075193	0.0991	0.3016	0.6041	-0.7354	0.0433	0.3451
ENSMUSG00000075194	-0.1636	-0.6542	-0.1696	0.1166	-0.1755	-0.1550
ENSMUSG00000075195	0.2693	0.0610	0.5789	-0.0516	-0.1833	0.4123
ENSMUSG00000075196	-0.7294	0.2766	0.3823	0.2273	-0.1847	0.2523
ENSMUSG00000075197	0.1637	-0.0782	0.0324	-0.1106	0.1866	0.4248
ENSMUSG00000075198	0.0564	-0.0054	0.2540	-0.2194	0.1192	0.1894
ENSMUSG00000075199	0.1947	0.4793	0.7186	0.8558	1.1012	0.9860
ENSMUSG00000075200	-0.2932	-0.0565	-0.3856	-0.0640	0.4890	0.0768
ENSMUSG00000075201	0.0741	-0.5161	0.1024	-0.1728	0.0304	0.3810
ENSMUSG00000075202	-0.3619	0.1498	0.0912	0.3118	0.2875	0.2770
ENSMUSG00000075203	-0.1638	-0.5129	0.5853	0.1423	-0.2514	0.3148
ENSMUSG00000075204	0.2796	0.6021	-0.2336	-0.1213	0.0276	-0.3393
ENSMUSG00000075205	0.3722	-0.1609	0.0404	-0.1907	0.2267	-0.0491
ENSMUSG00000075206	-0.1336	0.0304	-0.2827	-0.1108	-0.0889	0.1992
ENSMUSG00000075208	-0.6055	-0.0037	-0.6072	-0.0256	-0.0933	-0.7195
ENSMUSG00000075209	0.2508	0.0001	0.2568	-0.0667	0.7974	-0.4103
ENSMUSG00000075210	-0.0219	-0.1114	-0.2235	0.6940	0.1729	0.5775
ENSMUSG00000075211	0.0380	-0.2892	-0.0654	-0.1681	0.2257	-0.6726
ENSMUSG00000075212	0.3833	-0.1811	-0.4034	-0.0642	0.2246	0.5374
ENSMUSG00000075214	0.1076	-0.2063	0.3183	-0.3055	0.4115	0.1862
ENSMUSG00000075215	-0.0451	0.3760	0.0475	0.1253	-0.1347	0.3637
ENSMUSG00000075218	0.6625	0.3551	-0.4302	0.1126	-0.6621	0.2218
ENSMUSG00000075219	0.1446	0.0009	-0.0434	0.4407	0.5786	-0.2660
ENSMUSG00000075220	-0.5762	-0.2858	-0.3379	-0.3285	-0.1158	0.2048
ENSMUSG00000075221	-0.4211	-0.4639	-0.0428	0.1150	0.1802	0.3350
ENSMUSG00000075222	-0.0946	0.1352	-0.1876	-0.0627	-0.0007	-0.1366
ENSMUSG00000075223	-0.2477	0.0325	0.3922	-0.4136	-0.0159	0.0412
ENSMUSG00000075232	-0.3225	-0.0027	0.5111	0.3641	-0.0688	-0.5475
ENSMUSG00000075254	0.3370	-0.5055	-0.2020	-0.2465	0.3033	-0.9455
ENSMUSG00000075270	0.7043	0.1688	-0.0454	-0.2591	-0.1262	-0.2876
ENSMUSG00000075276	-0.0905	-0.4156	0.4930	-0.0256	-0.1692	-0.2559
ENSMUSG00000075284	-0.6555	0.0022	0.3507	0.1915	0.0110	0.2603
ENSMUSG00000075289	-0.1965	-0.4775	0.1461	0.5457	-0.4324	0.4692
ENSMUSG00000075296	-0.1130	-0.1644	-0.1440	0.0446	-0.0424	-0.1040
ENSMUSG00000075316	-0.0895	-0.4555	-0.1527	-0.1651	0.0278	0.1106
ENSMUSG00000075318	-0.2935	-0.3318	-0.2107	0.2941	0.8182	-0.4344
ENSMUSG00000075334	0.0224	-0.4350	-0.0088	0.2529	0.1839	0.1234
ENSMUSG00000075370	0.2682	0.2406	0.0773	0.0440	-0.3288	-0.1142
ENSMUSG00000075377	-0.0414	-0.2101	0.1252	-0.0500	-0.1087	0.3072
ENSMUSG00000075378	-0.2090	-0.4259	0.1249	-0.5274	-0.0194	-0.6909
ENSMUSG00000075379	-0.6299	0.3258	-0.1320	-0.2744	-0.2695	0.3605
ENSMUSG00000075380	-0.3519	-0.6953	-0.1489	-0.5621	0.2717	0.4777
ENSMUSG00000075382	0.5653	-0.7503	0.1534	0.1919	0.0951	0.0954
ENSMUSG00000075383	0.4459	-0.2639	-0.4277	0.3723	-0.3305	0.0153
ENSMUSG00000075384	-0.3901	0.1406	0.3248	-0.3313	0.0782	-0.1358
ENSMUSG00000075387	0.5049	-0.0340	-0.2115	0.2205	0.6319	-0.0091
ENSMUSG00000075402	-1.3739	-1.7279	-1.3191	-1.5975	-2.4812	-2.2316
ENSMUSG00000075419	0.3462	-0.1531	0.1740	-0.2326	0.8075	-0.0727
ENSMUSG00000075420	-0.2088	0.0150	0.3396	0.3874	0.2181	-0.1396
ENSMUSG00000075427	0.0504	0.1859	0.0183	-0.3392	-0.3588	0.2896
ENSMUSG00000075470	-0.6821	-0.1750	-0.2870	-0.1525	0.3573	-0.0177
ENSMUSG00000075478	0.1754	-0.3829	-0.0474	0.1448	0.2324	0.3166
ENSMUSG00000075543	-0.0462	0.7974	-0.1398	0.3324	0.0910	-0.0710
ENSMUSG00000075551	0.3140	-0.4116	0.1019	0.3785	-0.4816	0.0119
ENSMUSG00000075552	0.0972	-0.1117	-0.1084	-0.5583	0.1743	-0.1464
ENSMUSG00000075569	0.1548	-0.5534	0.2745	0.0164	-0.9135	-0.4221
ENSMUSG00000075570	-0.3030	-0.5201	0.1518	0.3142	-0.0962	0.5591
ENSMUSG00000075604	-0.1660	0.2221	-0.3222	-0.5762	-0.2263	0.0118
ENSMUSG00000075605	-0.7399	-1.1227	-0.4254	-0.6794	-1.1246	-1.1693
ENSMUSG00000075701	-0.3989	-0.3199	-0.6130	0.0203	-0.0700	-0.3107
ENSMUSG00000075703	-0.0134	0.1912	0.6367	0.3868	-0.0386	-0.6291
ENSMUSG00000075704	-0.0174	0.5907	-0.2587	0.1270	-0.2605	0.0955
ENSMUSG00000075706	0.0698	0.0694	0.4564	0.0629	0.3065	0.0109
ENSMUSG00000075707	-0.1316	0.3282	-0.5778	-0.5533	-0.0953	0.3514
ENSMUSG00000075719	0.2690	0.0796	0.3192	0.2010	0.2203	0.2740
ENSMUSG00000075826	0.2962	-0.3251	0.8430	0.4109	-0.2216	-0.7761
ENSMUSG00000075829	-0.8869	0.2722	0.2215	-0.0675	0.2787	0.4976
ENSMUSG00000075832	0.0301	0.2322	-0.6587	0.2750	-0.1049	0.1224
ENSMUSG00000075837	0.3199	0.0078	-0.2594	0.4171	-0.1126	-0.1578
ENSMUSG00000075903	-0.2859	0.0005	0.5566	0.4977	0.1983	-0.2312
ENSMUSG00000075908	-0.1653	-0.0661	0.4128	-0.1495	0.6366	0.1250
ENSMUSG00000075934	0.5558	0.1113	0.1140	0.0451	0.3589	-0.1607
ENSMUSG00000075952	-0.1494	0.1367	0.2266	0.4195	0.1714	0.2097
ENSMUSG00000075958	-0.4182	0.8391	-0.4063	0.1978	0.1032	0.6145
ENSMUSG00000075983	-0.0242	0.1508	0.1764	0.0238	0.2974	0.2667
ENSMUSG00000076010	-0.1685	-0.1480	0.0656	0.4759	0.3617	-0.0344
ENSMUSG00000076041	-0.3889	-0.0523	0.0330	0.2373	0.1034	-0.0325
ENSMUSG00000076062	0.0668	0.3356	-0.3187	0.4026	-0.3822	-0.0971
ENSMUSG00000076066	-0.4856	0.3454	0.0669	-0.3116	0.2263	-0.3639
ENSMUSG00000076146	-0.9174	-0.8622	-0.6649	-1.5355	-1.1368	-0.7729
ENSMUSG00000076256	0.0151	0.0055	0.6240	-0.9962	-0.0235	-0.2144
ENSMUSG00000076338	0.7444	-0.0115	0.1480	-0.5947	0.3766	0.7774
ENSMUSG00000076431	-0.0240	-0.2967	0.2871	0.1637	-0.4108	0.9354
ENSMUSG00000076432	-0.1065	0.8812	0.2010	0.3793	-0.6300	-0.6732
ENSMUSG00000076436	-0.3020	0.4046	-0.4004	0.1624	0.0748	0.2260
ENSMUSG00000076438	0.0340	0.3016	0.0764	-0.4545	0.1494	-0.3455
ENSMUSG00000076441	0.0181	0.4876	-0.2375	0.6062	-0.1824	0.6535
ENSMUSG00000076972	0.0844	-0.2067	0.6578	0.2887	0.6370	0.1571
ENSMUSG00000077111	-0.0588	-0.6428	0.1207	-0.3291	0.1197	-0.5319
ENSMUSG00000077148	-0.1923	-0.1063	0.2394	-0.8375	-0.0323	-0.0410
ENSMUSG00000077155	-0.8909	-0.0236	-0.6660	0.6297	0.2124	0.0186
ENSMUSG00000077163	0.2891	-0.2484	0.0244	0.2210	-0.6255	-0.3556
ENSMUSG00000077194	-0.8258	0.1802	-0.1011	0.3906	0.0745	0.4623
ENSMUSG00000077207	-0.5924	-0.0738	0.5041	0.5176	0.6378	-0.3034
ENSMUSG00000077248	-0.3068	0.0356	-0.0223	0.1598	0.3327	-0.4547
ENSMUSG00000077265	0.0003	-0.1328	0.1861	-0.0960	-0.7634	-0.3059
ENSMUSG00000077273	-0.1813	0.1615	-0.2131	-0.4092	0.2133	0.1894
ENSMUSG00000077277	0.1035	-0.4392	0.1676	-0.2035	-0.0389	0.1883
ENSMUSG00000077299	0.0613	0.2027	0.3924	-0.0895	0.3104	-0.1908
ENSMUSG00000077327	-0.5976	0.0112	0.2316	-0.3953	-0.2662	-0.7920
ENSMUSG00000077334	-0.2317	-0.1457	0.4079	-0.2138	0.1083	0.1288
ENSMUSG00000077338	0.4999	0.4317	-0.2419	0.1184	0.2631	-0.6345
ENSMUSG00000077347	0.4015	0.9714	0.0038	-0.4847	-0.2028	-0.0466
ENSMUSG00000077349	-0.0409	0.1595	0.0315	0.1410	-0.3466	0.5846
ENSMUSG00000077359	-0.1643	0.0811	-0.2259	-1.2758	-0.2634	-0.3784
ENSMUSG00000077367	-0.4436	0.1647	-1.0057	0.0139	-0.0850	0.3489
ENSMUSG00000077369	0.2843	0.2544	-0.5303	0.6313	0.5730	0.7762
ENSMUSG00000077387	-0.4810	0.3011	0.1285	-0.4662	-0.7985	0.2089
ENSMUSG00000077406	0.3582	0.2176	0.0758	0.4779	0.2261	-0.0187
ENSMUSG00000077409	-0.7508	0.4582	-0.4495	-0.1806	0.6667	0.2156
ENSMUSG00000077431	0.1440	-0.0962	0.4832	-0.5007	0.2009	0.0526
ENSMUSG00000077433	-0.7589	0.1881	-0.2542	-0.1577	-0.2069	-0.5073
ENSMUSG00000077450	-0.2136	-0.4801	0.2602	-0.0362	-0.1962	-0.2257
ENSMUSG00000077454	-0.2444	-0.1554	-0.2891	-0.2897	-0.8695	0.0795
ENSMUSG00000077461	0.0321	0.3450	0.7380	-0.0463	-0.2998	-0.1610
ENSMUSG00000077471	-0.1393	-0.0255	-0.7559	-0.7757	-0.0533	0.4050
ENSMUSG00000077504	-0.5217	0.3754	0.4337	-0.2214	-0.0501	0.0423
ENSMUSG00000077511	0.2633	-0.1235	0.0494	-0.6410	-0.5989	0.3899
ENSMUSG00000077518	-0.2456	-0.0672	0.1876	0.7068	-0.1181	0.0455
ENSMUSG00000077541	0.0412	0.6286	0.1876	0.0045	0.0712	0.3261
ENSMUSG00000077562	0.0263	-0.5467	-0.5431	0.5441	-0.1371	0.0148
ENSMUSG00000077574	0.4662	0.4024	0.0805	-0.3645	0.0110	-0.2427
ENSMUSG00000077582	-0.7376	-0.0444	0.0793	-0.1555	-0.1042	-0.1666
ENSMUSG00000077598	-0.3967	-0.2470	-0.2740	0.1795	0.0144	-0.3055
ENSMUSG00000077633	0.1721	-0.2249	-0.6012	0.2549	0.2258	-0.5564
ENSMUSG00000077652	0.1187	0.0570	-0.3074	0.5446	0.4137	-0.0444
ENSMUSG00000077666	0.6057	-0.0166	0.6375	-0.1457	0.1645	0.1720
ENSMUSG00000077668	-0.3171	-0.4614	-0.3355	0.2260	0.5339	0.1377
ENSMUSG00000077677	-0.1165	0.2144	-0.2198	-0.0344	-0.2613	-0.3621
ENSMUSG00000077713	0.0145	-0.7974	-0.2356	-0.1882	-0.4198	-0.1856
ENSMUSG00000077783	0.1577	-0.0206	-0.3415	0.3195	-0.2179	-0.2303
ENSMUSG00000077793	0.2780	-0.3253	0.5859	0.5068	-0.0205	-0.4252
ENSMUSG00000078080	0.1509	0.1043	-0.2630	-0.1965	0.1063	0.2261
ENSMUSG00000078097	-0.8145	-0.2537	-0.2891	0.1598	0.5230	-0.0668
ENSMUSG00000078116	-0.0003	-0.3438	0.0667	-0.5679	0.0786	0.3509
ENSMUSG00000078118	0.1116	-0.4519	0.0208	0.0647	-0.1825	-0.3588
ENSMUSG00000078153	-0.7654	0.1145	0.5981	-0.3573	-0.2700	0.1156
ENSMUSG00000078198	-0.1188	0.4842	0.0444	-0.3252	-0.1377	-0.2056
ENSMUSG00000078202	0.3486	-0.2436	0.5197	-0.1354	0.1370	0.6039
ENSMUSG00000078280	0.3917	-0.1914	-0.2824	-0.0561	-0.2718	0.1816
ENSMUSG00000078346	0.1704	0.3143	-0.2960	-0.3587	-0.1783	-0.1364
ENSMUSG00000078348	-0.2701	0.0702	0.0051	0.1929	0.2783	-0.3376
ENSMUSG00000078354	-0.6223	0.3898	0.3211	0.1713	-0.0501	0.2803
ENSMUSG00000078355	0.1107	0.4912	-0.0599	0.3441	-0.8904	-0.1329
ENSMUSG00000078365	0.0659	0.4921	0.0240	-0.9001	-0.5056	0.3668
ENSMUSG00000078420	0.1610	0.0078	-0.0820	0.2259	0.0236	0.1960
ENSMUSG00000078452	-0.0483	-0.1283	0.5161	0.2480	-0.1337	-0.8027
ENSMUSG00000078520	0.4091	0.4754	0.7097	-0.1167	0.2535	-0.0898
ENSMUSG00000078566	0.0144	0.0017	-0.3275	-0.4420	-0.3846	-0.8656
ENSMUSG00000078572	0.0736	0.3556	0.1344	0.2081	-0.0416	0.2852
ENSMUSG00000078578	0.2902	0.1096	-0.0084	-0.1728	-0.0366	-0.2820
ENSMUSG00000078597	0.2421	0.6984	0.1086	-0.0072	-0.0239	-0.2258
ENSMUSG00000078619	-0.0245	0.2177	-0.4689	0.3140	0.4431	0.2797
ENSMUSG00000078621	0.0497	0.2948	-0.1866	0.4903	0.7337	-0.1063
ENSMUSG00000078624	-0.1225	-0.6390	0.3433	-0.1944	-0.2184	-0.0248
ENSMUSG00000078630	0.0745	-0.5941	0.0281	-0.0374	-0.4341	-0.3732
ENSMUSG00000078650	-0.1486	-0.5951	-0.3378	-0.1717	-0.1074	0.3513
ENSMUSG00000078651	0.0231	-0.7870	-0.0951	0.3146	-0.0261	0.2670
ENSMUSG00000078652	-0.5568	0.1682	-0.2799	0.3708	-0.2770	0.9757
ENSMUSG00000078656	0.3342	0.0408	0.1554	-0.4385	0.2740	0.2909
ENSMUSG00000078676	-0.2721	0.2160	-0.2390	-0.3524	0.1438	-0.2232
ENSMUSG00000078735	0.4631	0.3862	-0.0109	0.1127	-0.1646	-0.1336
ENSMUSG00000078747	-0.1474	-0.3418	-0.0558	-0.3396	0.6558	0.6299
ENSMUSG00000078765	-0.0951	0.5255	-0.3107	0.0460	0.3617	-0.1614
ENSMUSG00000078773	0.5464	0.1598	-0.2979	-0.3926	0.0355	0.8545
ENSMUSG00000078783	0.4239	0.0279	0.5427	0.3356	-0.0105	-0.1079
ENSMUSG00000078798	-0.0908	0.5664	-0.1390	-0.0525	0.0119	0.6201
ENSMUSG00000078799	-0.0759	0.0785	0.0412	-0.0603	0.3205	-0.6071
ENSMUSG00000078810	0.5030	0.0294	0.1162	-0.2718	0.0893	-0.1455
ENSMUSG00000078815	0.3915	-0.3486	-0.1078	0.2939	-0.2014	-0.2653
ENSMUSG00000078816	0.3338	0.1711	0.1224	-0.1996	-0.4102	0.4359
ENSMUSG00000078817	0.0222	-0.3528	-0.1758	-0.0710	0.3023	-0.5280
ENSMUSG00000078851	-0.0017	0.0824	1.1761	-0.5910	0.0748	0.1121
ENSMUSG00000078853	-0.1172	0.2702	0.2733	-0.4280	0.3207	-0.0087
ENSMUSG00000078908	0.5361	0.2683	0.0204	0.2873	-0.5013	-0.5113
ENSMUSG00000078919	1.0488	0.5060	-0.0056	0.7279	0.0847	-0.2979
ENSMUSG00000078920	-0.2565	-0.6244	0.3353	0.0009	0.2590	-0.2230
ENSMUSG00000078934	0.5152	0.0085	-0.6117	-0.0788	0.1725	-0.0553
ENSMUSG00000078937	0.5058	0.1927	-0.1419	0.2542	-0.2249	-0.1194
ENSMUSG00000078941	-0.3860	0.2335	0.8177	-0.4150	0.0746	-0.1550
ENSMUSG00000078942	-0.4557	0.2940	0.0001	-0.3149	0.1449	-0.5381
ENSMUSG00000078945	-0.4699	0.3065	-0.5387	0.2760	0.3998	-0.1016
ENSMUSG00000078964	0.3687	0.1625	0.2838	-0.2767	-0.2843	-0.4124
ENSMUSG00000078974	0.9354	1.0279	1.0355	1.1824	1.3535	1.4399
ENSMUSG00000079007	-0.2402	0.4795	-0.5887	-0.3955	-0.1876	-0.0485
ENSMUSG00000079015	-0.0081	0.1987	0.7259	-0.1706	-0.3158	-0.1434
ENSMUSG00000079019	-0.2940	-0.7781	-0.1078	-0.2368	0.2683	-0.1851
ENSMUSG00000079022	0.2549	-0.2718	0.5945	-0.0784	0.3520	-0.0755
ENSMUSG00000079033	0.1302	-0.1067	0.0586	-0.6454	0.5367	0.1504
ENSMUSG00000079037	0.6212	-0.0982	-0.4458	0.4232	-0.2703	0.0936
ENSMUSG00000079042	0.4527	0.1563	0.4011	0.5515	0.1833	-0.4632
ENSMUSG00000079055	-0.7838	-0.0929	0.7632	-0.0060	0.2297	-0.3312
ENSMUSG00000079101	0.1913	-0.2523	0.3219	0.3545	0.6663	-0.8007
ENSMUSG00000079104	0.1905	0.2792	0.1647	-0.3034	0.1094	-0.1376
ENSMUSG00000079105	0.7204	1.0406	0.8275	1.4025	1.8213	0.8008
ENSMUSG00000079108	-0.5173	0.1972	-0.1251	0.2325	0.5047	-0.1713
ENSMUSG00000079109	-0.5523	0.2863	0.2766	0.0954	-0.2922	-0.4601
ENSMUSG00000079110	0.7411	0.3148	0.4822	0.1858	-0.1428	-0.6812
ENSMUSG00000079113	-0.1690	-0.1474	-0.4107	-0.1316	0.0207	0.7782
ENSMUSG00000079114	-0.3447	-0.2186	-0.7007	0.0715	-0.5491	-0.7437
ENSMUSG00000079116	0.3176	0.2554	-0.4048	0.3368	-0.6439	0.0030
ENSMUSG00000079120	-0.3989	0.0554	0.0036	0.0932	-0.3364	0.2662
ENSMUSG00000079164	0.3106	0.2832	0.7762	-0.1590	-0.1843	-0.2992
ENSMUSG00000079168	0.0843	-0.1731	0.3475	0.4801	0.3330	-0.2773
ENSMUSG00000079197	0.4093	0.4635	0.9663	0.9857	1.0234	1.3564
ENSMUSG00000079227	0.5131	0.6221	0.1707	0.7144	-0.3674	0.3696
ENSMUSG00000079243	-0.1037	0.6426	0.1031	0.4150	-0.3109	-0.2893
ENSMUSG00000079258	0.2264	-0.0091	0.0019	-0.0700	0.1031	0.4265
ENSMUSG00000079259	0.9561	0.4968	0.5495	0.9649	1.4627	0.6021
ENSMUSG00000079262	-0.2963	-0.4722	0.0218	0.0934	0.2324	-0.3001
ENSMUSG00000079263	-0.2808	0.1636	0.0278	-0.4200	-0.0489	-0.0636
ENSMUSG00000079293	0.0465	0.1249	0.3398	0.0620	0.1070	0.1052
ENSMUSG00000079298	-0.0296	-0.3048	0.9879	-0.3399	-0.0543	0.2170
ENSMUSG00000079299	0.2551	0.0701	-0.0514	0.0212	-0.1039	0.2859
ENSMUSG00000079316	0.1983	0.3166	0.0367	0.3303	-0.2255	0.2559
ENSMUSG00000079339	-0.2306	-0.2339	0.2738	-0.3357	0.3887	0.4536
ENSMUSG00000079343	0.1675	0.3752	-0.0119	-0.1353	-0.0917	0.3727
ENSMUSG00000079355	-0.6293	-0.3294	0.2255	0.2161	0.1549	-0.0949
ENSMUSG00000079415	0.3095	-0.1564	-0.3169	0.1450	0.2083	-0.4285
ENSMUSG00000079418	-0.0954	-0.3787	0.5835	-0.0769	-0.4603	0.2597
ENSMUSG00000079426	0.1366	0.0522	0.0895	-0.1386	-0.1011	0.3058
ENSMUSG00000079427	-0.8766	-0.4622	0.0892	0.1154	0.6110	0.2470
ENSMUSG00000079434	1.2236	1.3230	1.4772	2.1460	2.4112	2.0549
ENSMUSG00000079435	0.0553	-0.1819	-0.0372	-0.1137	0.6462	0.0774
ENSMUSG00000079436	0.0935	0.0513	-0.2596	0.0690	0.4902	-0.0634
ENSMUSG00000079440	-0.4747	0.3756	-0.1881	0.0054	-0.0096	-0.1057
ENSMUSG00000079442	-0.5936	-0.1488	-0.7091	-0.3976	-0.0810	0.0784
ENSMUSG00000079445	-0.1648	-0.5352	0.0485	0.3864	0.0825	-0.5166
ENSMUSG00000079465	1.6083	0.9307	1.8748	2.2940	2.5110	2.3940
ENSMUSG00000079469	0.0550	0.0156	0.3919	0.1355	-0.3681	0.3089
ENSMUSG00000079470	0.6338	0.1201	-0.3053	0.2642	-0.2604	0.1681
ENSMUSG00000079477	-0.0457	0.3272	0.0203	-0.3224	-0.2494	-0.5660
ENSMUSG00000079487	0.0862	-0.4400	-0.0439	-0.1340	0.2561	-0.2617
ENSMUSG00000079492	-0.3820	0.5166	0.0653	-0.1740	0.1981	0.0011
ENSMUSG00000079494	0.0993	-0.1322	0.1218	0.7021	-0.1175	0.7207
ENSMUSG00000079495	-0.2020	-0.0326	-0.3104	0.1546	-0.0403	-0.3878
ENSMUSG00000079507	-0.1091	-0.2681	0.3251	0.0427	-0.4693	-0.1833
ENSMUSG00000079513	0.2723	-0.0907	-0.4898	-0.2676	-0.1958	-0.2209
ENSMUSG00000079525	-0.0234	0.5554	-0.4705	0.1545	0.4229	-0.5468
ENSMUSG00000079547	-0.1551	-0.1396	0.5912	0.4178	0.4061	0.1374
ENSMUSG00000079550	0.2499	-0.2478	-0.2079	0.2231	0.3298	0.1803
ENSMUSG00000079553	0.2511	0.4312	0.0997	0.2151	0.7437	-0.1987
ENSMUSG00000079554	-0.0622	0.3327	-0.2488	0.1179	-0.0753	-0.1774
ENSMUSG00000079614	-0.0478	0.0702	-0.3346	-0.4438	0.4436	-0.2835
ENSMUSG00000079641	-0.3167	-0.1462	0.0041	-0.0793	0.4463	0.0504
ENSMUSG00000079658	-0.0819	0.3556	-0.2001	0.4562	0.2832	-0.4053
ENSMUSG00000079685	0.1535	-0.4501	-0.4022	-0.0491	-0.3305	0.4372
ENSMUSG00000079700	0.3598	-0.0149	-0.0261	0.2589	-0.7319	-0.2619
ENSMUSG00000079707	0.2507	-0.3767	0.3383	0.1281	0.2712	0.0725
ENSMUSG00000079710	0.2895	0.1421	-0.1899	0.4806	0.0947	0.0845
ENSMUSG00000079852	-0.0932	-0.7440	0.1243	0.1444	0.2928	-0.7260
ENSMUSG00000079853	0.4092	0.3216	0.1516	-0.5086	0.2634	0.1772
ENSMUSG00000079871	0.0353	-0.1315	-0.0225	0.0880	0.1427	-0.2651
ENSMUSG00000079875	-0.0932	-0.3791	-0.1069	0.0068	0.1159	-0.0921
ENSMUSG00000079962	-0.1702	-0.3404	0.1060	0.1701	0.3838	-0.0031
ENSMUSG00000080152	-0.5148	0.3404	0.1586	0.7328	-0.0155	-0.4603
ENSMUSG00000080662	-0.0481	-0.1254	-0.2790	-0.5894	-0.1980	-0.1956
ENSMUSG00000080712	-0.0389	0.0031	0.0012	-0.0759	-0.2059	-0.6539
ENSMUSG00000080891	-0.1477	-0.3626	-0.2338	0.0710	-0.2319	0.1991
ENSMUSG00000080932	-0.0648	0.0411	-0.4712	0.0785	-0.1679	0.0019
ENSMUSG00000080968	-0.0386	0.2921	0.0682	-0.2676	0.2991	-0.2473
ENSMUSG00000080980	-0.1620	-0.0681	-0.4484	-0.4384	-0.6513	0.2282
ENSMUSG00000080990	-0.7688	-0.3419	-0.2981	0.2331	0.0774	0.7750
ENSMUSG00000081058	-0.0736	0.5744	0.1097	0.1230	-0.1069	0.0596
ENSMUSG00000081225	0.1199	-0.0674	-0.2810	-0.2785	0.6273	-0.2464
ENSMUSG00000081234	0.4611	-0.1285	-0.2569	-0.0071	-0.2340	0.5160
ENSMUSG00000081260	0.0782	-0.6078	0.6860	-0.2809	0.2044	-0.0082
ENSMUSG00000081306	-0.1104	0.1575	-0.5614	-0.2284	-0.4407	-0.0701
ENSMUSG00000081362	0.2400	-0.1966	0.6317	-0.0773	0.5075	-0.0660
ENSMUSG00000081649	0.2478	0.0840	0.1422	0.5113	0.4327	-0.0465
ENSMUSG00000081665	-0.1239	-0.1621	0.0790	0.0131	0.1179	-0.4020
ENSMUSG00000081675	-0.1903	-0.4136	-0.2036	0.2391	0.3723	0.0604
ENSMUSG00000081683	-0.2001	0.0031	0.0432	0.1359	0.1345	0.2170
ENSMUSG00000081724	-0.3579	-0.0448	-0.3391	-0.5704	-0.9055	-1.6075
ENSMUSG00000081819	0.2226	-0.0792	-0.0136	-0.2052	-0.1199	-0.2338
ENSMUSG00000081836	-0.1707	-0.0937	0.4061	-0.0504	-0.3375	-0.0405
ENSMUSG00000081897	-0.0614	-0.8120	0.4065	-0.4213	0.2395	-0.0033
ENSMUSG00000081945	0.8131	0.0148	-0.1269	0.2030	0.2795	0.6688
ENSMUSG00000082079	0.4597	0.4157	0.7356	0.3020	0.1109	-0.0841
ENSMUSG00000082151	-0.7057	0.0374	0.3539	0.1398	-0.2191	-0.0499
ENSMUSG00000082211	0.2552	-0.3005	-0.1975	-0.1362	0.8221	0.0946
ENSMUSG00000082216	0.0620	-0.2090	-0.2440	-0.3151	-0.3685	-0.1205
ENSMUSG00000082260	0.2849	0.3698	0.0799	-0.3452	0.4077	-0.4409
ENSMUSG00000082361	1.0052	-0.4939	0.0969	-0.4268	0.2541	0.4991
ENSMUSG00000082482	0.4813	-0.3250	0.0088	-0.3199	-0.1152	0.0682
ENSMUSG00000082524	-0.2062	0.1415	0.2294	-1.1872	0.4480	-0.5299
ENSMUSG00000082754	-0.5182	-1.1536	-0.8018	-1.3410	-1.6657	-0.8969
ENSMUSG00000082769	0.1497	0.0525	-0.0742	-0.3834	-0.2090	0.2690
ENSMUSG00000082882	0.1796	-0.3626	0.0868	-0.3055	0.5412	-0.4658
ENSMUSG00000082932	-0.7404	-0.7580	-1.1311	-0.7188	-1.2903	-1.2197
ENSMUSG00000082980	0.1637	0.6516	1.0622	-0.4777	0.3310	0.1965
ENSMUSG00000083011	0.0637	0.3641	-0.0865	-0.0751	-0.0958	0.1226
ENSMUSG00000083079	-0.1425	-0.2393	-1.4622	-0.6438	-0.8925	-0.9786
ENSMUSG00000083138	0.3019	0.4434	0.0731	-0.0646	-0.4267	-0.0207
ENSMUSG00000083282	0.0524	0.5779	-0.0701	0.0081	-0.1858	-0.3119
ENSMUSG00000083307	0.0771	-0.8205	0.0918	0.1331	-0.0994	-0.0708
ENSMUSG00000083361	-0.0089	0.4610	0.2117	0.4430	0.4478	-0.4996
ENSMUSG00000083380	-0.1135	-0.1616	-0.0393	0.0839	-0.9302	-0.2267
ENSMUSG00000083394	0.3802	-0.0538	0.0634	0.2303	0.0752	0.4406
ENSMUSG00000083515	-0.1814	-0.1885	-0.2584	-0.3874	0.1556	-0.0330
ENSMUSG00000083616	0.1096	0.3085	0.0072	-0.2118	0.1280	-0.0165
ENSMUSG00000083649	0.0399	0.4759	-0.1989	-0.5009	-0.0785	0.1159
ENSMUSG00000083706	0.2588	-0.2591	-0.2962	0.2471	0.5375	0.1300
ENSMUSG00000083820	-0.5693	-0.0536	-0.3815	-0.2632	-0.4501	0.0828
ENSMUSG00000083947	-0.3707	-0.6745	-0.0965	-0.2118	-0.1906	0.2194
ENSMUSG00000084234	1.4157	0.6924	0.8480	1.2871	1.0144	1.7087
ENSMUSG00000084262	-0.5797	0.3592	-0.0782	0.1263	0.0748	0.7124
ENSMUSG00000084275	-0.5564	0.1223	-0.0461	0.5175	-0.0571	0.2122
ENSMUSG00000084336	-0.1327	0.1954	-0.6333	-0.0212	0.1571	0.1038
ENSMUSG00000084346	-0.3557	0.9412	0.4870	-0.1990	-0.4625	-0.3986
ENSMUSG00000084417	0.2420	0.0623	-0.5054	-0.2012	0.0027	0.1225
ENSMUSG00000084437	0.1518	0.2157	-0.2888	0.4215	-0.3561	0.1539
ENSMUSG00000084441	0.2048	0.1848	-0.1325	0.5424	0.6031	0.4645
ENSMUSG00000084448	-0.1597	-0.6526	-0.2645	-0.7328	-0.0309	0.5073
ENSMUSG00000084449	0.0562	-0.0864	-0.1168	-0.3487	0.1066	-0.3039
ENSMUSG00000084453	0.2942	-0.3743	0.1263	-0.7876	-0.3418	-0.4334
ENSMUSG00000084454	-0.4922	-0.1980	-0.3864	0.3300	0.2145	-0.4220
ENSMUSG00000084456	0.6723	0.0105	-0.1493	0.0375	-0.2792	-0.2884
ENSMUSG00000084466	0.3869	0.1987	0.6187	0.2189	-0.4541	0.3347
ENSMUSG00000084474	-0.1716	0.4716	-0.5834	-1.0777	-0.3809	-0.2067
ENSMUSG00000084479	0.1323	-0.4607	-0.0548	0.0111	0.3718	-0.4309
ENSMUSG00000084504	0.1013	0.1056	-0.1245	0.0885	-0.2452	0.1630
ENSMUSG00000084507	0.0736	-0.5295	0.1726	-0.1422	0.6578	-0.5594
ENSMUSG00000084527	0.2039	0.4401	0.3973	-0.4245	-0.3365	0.3888
ENSMUSG00000084550	-0.3534	0.1167	-0.0600	0.6915	0.5210	0.0909
ENSMUSG00000084551	0.2129	-0.0493	0.0810	-0.1892	0.1757	-1.0556
ENSMUSG00000084555	0.0776	0.2206	0.2378	0.4257	-0.0595	-0.1791
ENSMUSG00000084558	-0.2463	-0.3648	0.1656	0.3430	-0.1121	-0.1297
ENSMUSG00000084569	0.3295	-0.1233	0.5448	0.1820	0.0555	-0.1143
ENSMUSG00000084575	0.0444	-0.1538	0.4827	-0.1665	0.2638	-0.2605
ENSMUSG00000084576	0.3931	-0.1135	-0.3117	0.4037	0.0184	0.5202
ENSMUSG00000084593	-0.0382	-0.2606	-0.6481	0.3364	0.0978	-0.0655
ENSMUSG00000084601	0.2412	0.4397	-0.0921	0.2655	0.1786	-0.1586
ENSMUSG00000084606	0.0920	0.1358	0.2130	-0.4663	0.1891	0.3340
ENSMUSG00000084607	-0.4872	0.0471	0.0837	-0.0454	-0.6302	-0.1040
ENSMUSG00000084617	0.2657	0.1035	0.3015	-0.0561	0.2047	-0.3954
ENSMUSG00000084629	0.6858	0.7908	1.4888	1.1484	0.7759	1.2335
ENSMUSG00000084638	-0.4464	-0.4513	0.8480	-0.5371	0.3675	-0.3234
ENSMUSG00000084646	0.6545	0.3686	0.0406	-0.0241	0.0683	-0.3510
ENSMUSG00000084647	0.0001	-0.1198	0.1941	0.3157	0.5093	0.3360
ENSMUSG00000084648	0.0079	0.0048	-0.4248	-0.5753	0.1832	0.0611
ENSMUSG00000084661	-0.4196	-0.1803	-0.2937	0.0057	0.1653	-0.8061
ENSMUSG00000084669	-0.1741	0.2699	-0.1082	-0.1354	0.4489	0.1190
ENSMUSG00000084678	-0.2193	0.0708	0.1002	0.3877	0.4189	0.2622
ENSMUSG00000084696	0.0905	0.3100	0.1451	-0.3645	-0.1094	-0.7922
ENSMUSG00000084737	0.3051	0.0316	-0.0916	0.0947	-0.5080	0.1443
ENSMUSG00000084739	-0.0554	0.0082	-0.1064	0.0277	0.1835	-0.0202
ENSMUSG00000084740	-0.2636	-0.3182	0.4404	0.5680	-0.1110	0.2741
ENSMUSG00000084753	0.0235	-0.1941	-0.2856	0.2499	0.0995	0.6366
ENSMUSG00000084842	0.2877	0.2403	0.2085	0.0658	-0.9665	-0.6922
ENSMUSG00000084927	-0.5153	-0.1694	-1.5108	-0.6059	-1.5165	-1.2361
ENSMUSG00000085793	0.3375	0.2276	-0.0733	-0.4375	-0.0217	-0.2515
ENSMUSG00000086040	-0.5661	-0.3924	-0.3477	0.2249	0.5019	0.2250
ENSMUSG00000086056	-0.2242	-0.2275	0.2236	0.3425	-0.2689	0.0814
ENSMUSG00000086338	-0.4710	-1.3322	-0.9167	-1.1126	-1.5529	-1.0514
ENSMUSG00000086524	0.5402	0.1014	0.2555	-0.1723	0.1365	-0.6217
ENSMUSG00000087152	0.9531	1.4861	1.5564	2.5960	1.5540	2.2981
ENSMUSG00000087260	0.3590	-0.2865	-0.0100	-0.1905	-0.7236	-0.0093
ENSMUSG00000087408	0.4495	0.2589	-0.3943	-0.1111	-0.4355	-0.1091
ENSMUSG00000087412	0.3009	-0.0766	0.3192	-0.1582	-0.0800	-0.0713
ENSMUSG00000087712	-0.3827	-0.6147	-0.1582	0.0925	0.0484	-0.1495
ENSMUSG00000087714	-0.0915	-0.6097	-0.2719	0.0797	0.0346	-0.0577
ENSMUSG00000087718	0.0936	0.1392	-0.8965	0.5677	-0.1169	-0.3384
ENSMUSG00000087752	-0.1357	-0.0298	-0.4353	-0.0198	-0.1606	0.0232
ENSMUSG00000087760	0.1037	0.2445	0.0678	0.3232	0.0267	-0.0915
ENSMUSG00000087761	0.3604	-0.0846	0.2537	-0.0794	0.1404	-0.1052
ENSMUSG00000087777	-0.1946	-0.2609	-0.0002	0.0599	0.1759	-0.2148
ENSMUSG00000087782	-0.1536	0.3326	-0.3808	-0.5390	-0.0455	-0.6826
ENSMUSG00000087815	-0.4295	-0.1508	0.2115	-0.0320	0.2826	-0.2788
ENSMUSG00000087823	0.3257	-0.3415	0.0608	-0.6086	0.0187	-0.0136
ENSMUSG00000087832	-0.0462	-0.1692	-0.0787	0.5385	0.2516	0.0704
ENSMUSG00000087841	-0.0390	0.5146	0.1495	-0.4992	-0.0467	0.4668
ENSMUSG00000087842	0.0191	0.4893	-0.7585	-0.1476	-0.5628	0.4095
ENSMUSG00000087871	0.1665	-0.1220	0.2492	-0.4406	-0.2796	-0.0101
ENSMUSG00000087873	-0.0555	-0.0405	-0.4445	-0.3129	-0.1348	0.4867
ENSMUSG00000087875	0.4750	-0.1961	-0.3247	-0.0748	0.2207	-0.1629
ENSMUSG00000087878	-0.0626	0.0649	-0.1734	-0.2284	0.5108	-0.1914
ENSMUSG00000087922	-0.3160	-0.1663	0.3058	0.8209	-0.4169	0.0635
ENSMUSG00000087924	0.3649	-0.1197	-0.1784	-0.6928	0.3917	-0.1941
ENSMUSG00000087937	0.0378	0.4508	0.3982	0.0767	0.0149	0.7190
ENSMUSG00000087938	0.4814	0.0217	1.3734	0.5445	1.4574	0.9897
ENSMUSG00000087939	-0.0693	-0.2719	0.3027	0.2360	0.0265	-0.1551
ENSMUSG00000087980	0.1987	-0.4283	0.1612	0.4316	-0.3667	0.0275
ENSMUSG00000087987	0.1047	0.3797	-0.5506	-0.3034	0.2101	-0.3822
ENSMUSG00000088001	0.1871	-0.0115	0.4189	-0.5889	-0.4294	0.0243
ENSMUSG00000088018	0.1368	0.4154	-0.5752	0.2810	0.1514	-0.0866
ENSMUSG00000088044	0.0291	-0.1098	-0.3939	0.0606	-0.1935	0.0781
ENSMUSG00000088048	0.1089	-0.2290	0.8870	0.1046	0.1856	0.2289
ENSMUSG00000088071	-0.2229	0.0634	-0.2794	0.0785	-0.0619	0.7907
ENSMUSG00000088088	0.3696	-0.6971	-0.3032	-0.0865	-0.2888	0.0581
ENSMUSG00000088106	-0.3659	-0.7016	0.1034	0.0495	-0.7735	-0.2442
ENSMUSG00000088121	-0.0137	0.2280	0.1704	-0.1299	0.3573	0.2053
ENSMUSG00000088149	-0.1110	-0.0234	-0.2210	0.3058	0.5968	0.6901
ENSMUSG00000088154	-0.3485	0.2032	0.2827	0.1199	0.3214	0.5082
ENSMUSG00000088160	-0.2135	0.1032	0.0202	0.4458	-0.1254	0.2008
ENSMUSG00000088167	-0.3866	-0.2159	-0.2870	0.0576	-0.8420	1.0318
ENSMUSG00000088168	0.8232	1.2432	1.1472	0.4796	1.4908	1.4494
ENSMUSG00000088183	-0.3126	0.3000	-0.2385	-0.1782	0.5276	0.3370
ENSMUSG00000088195	0.0300	0.0412	-0.0907	0.4475	0.5120	0.3401
ENSMUSG00000088212	0.3689	-0.1731	0.0264	-0.2858	0.0094	-0.0035
ENSMUSG00000088217	-0.1932	-0.0059	-0.0835	-0.1266	0.4834	0.7919
ENSMUSG00000088218	-0.5295	-0.0256	-0.1386	0.5006	0.2071	-0.0240
ENSMUSG00000088253	0.3480	-0.1167	0.4008	0.3666	0.8252	0.2171
ENSMUSG00000088258	0.0302	0.0409	-0.8510	-0.7302	-0.0182	0.0418
ENSMUSG00000088275	-0.1843	0.1627	0.0778	-0.0553	-0.0426	-0.2404
ENSMUSG00000088276	1.0361	0.0555	0.1079	-0.9958	0.0097	0.3158
ENSMUSG00000088281	-0.3186	-0.0877	-0.3387	-0.4312	-0.4379	0.2603
ENSMUSG00000088293	0.5268	0.2067	-0.1109	-0.4609	0.0422	0.0528
ENSMUSG00000088312	0.2205	0.1728	0.1254	0.5990	0.1486	0.1260
ENSMUSG00000088337	-0.3626	0.1720	-0.5204	-0.3226	-0.1783	0.1635
ENSMUSG00000088344	-0.1562	-0.4311	-0.2521	0.3942	-0.5502	-0.0096
ENSMUSG00000088370	0.1968	0.0788	0.1039	-0.1704	0.1539	0.5362
ENSMUSG00000088394	0.0793	-0.1816	0.6484	-0.4862	-0.0955	0.0002
ENSMUSG00000088408	0.3718	0.0425	0.2665	0.0717	-0.2670	-0.2385
ENSMUSG00000088432	0.0465	-0.1433	0.6042	-0.5436	-0.3472	-0.2239
ENSMUSG00000088437	-0.4542	-0.4330	-0.1328	0.0288	0.5611	-0.2793
ENSMUSG00000088441	-0.0988	-0.2565	-0.5133	-0.3210	-0.2619	-0.1663
ENSMUSG00000088454	0.6689	-0.0366	0.2696	-0.1309	-0.3206	-0.6404
ENSMUSG00000088458	0.2507	-0.0176	0.2728	-0.0920	-0.0123	-0.1249
ENSMUSG00000088471	0.1899	-0.0589	-0.5505	-0.3390	-0.4646	-0.5684
ENSMUSG00000088490	0.1247	0.7644	0.4559	-0.5703	-0.3403	0.3571
ENSMUSG00000088499	0.0281	-0.3925	0.6836	0.1456	0.1214	0.4293
ENSMUSG00000088511	0.4826	0.3113	0.0096	-0.6988	0.1400	-0.2959
ENSMUSG00000088517	0.0392	-0.0108	0.1007	-0.3874	-0.1866	0.0103
ENSMUSG00000088528	0.0073	0.5203	-0.3738	0.2955	-0.0376	0.1827
ENSMUSG00000088545	0.2455	-0.4598	0.4983	0.0480	-0.5959	-0.0150
ENSMUSG00000088547	0.0105	-0.0440	-0.3063	0.1301	0.1792	0.1122
ENSMUSG00000088575	0.3919	-0.0780	-0.4377	-0.1079	0.0115	-0.1694
ENSMUSG00000088603	0.4670	-0.3066	0.2826	0.0078	0.0150	0.0936
ENSMUSG00000088616	-0.7540	-0.2326	-0.9384	-1.1443	-1.3642	-1.3359
ENSMUSG00000088620	0.2807	0.1625	0.7888	0.0567	-0.3239	-0.4169
ENSMUSG00000088622	-0.0284	-0.4161	-0.1759	-0.6911	-0.2398	-0.1265
ENSMUSG00000088625	0.3567	0.5234	0.0180	-0.1536	-0.2851	0.5047
ENSMUSG00000088627	-0.6213	-1.3320	-0.3857	-1.0870	-0.7868	-1.1882
ENSMUSG00000088653	-0.3788	-0.1459	-0.5360	-0.1133	-0.3269	0.1256
ENSMUSG00000088656	-0.2272	-0.3272	0.0634	-0.5370	-0.7423	-0.0452
ENSMUSG00000088658	-0.0868	-0.4312	-0.2335	-0.0572	-0.2485	0.4980
ENSMUSG00000088668	-0.2298	0.0573	0.1548	0.0179	0.0457	0.1682
ENSMUSG00000088692	-0.2828	-0.1572	-0.1021	-0.4928	0.5040	0.0248
ENSMUSG00000088708	-0.0185	0.3384	0.2700	0.4257	0.0811	-0.7914
ENSMUSG00000088721	0.7183	0.1362	0.5471	0.1797	-0.3567	-0.2334
ENSMUSG00000088750	0.3416	-0.3877	0.2487	-0.0356	-0.1593	-0.4240
ENSMUSG00000088754	-0.2045	-0.2082	0.1463	0.5945	-0.6427	-0.1457
ENSMUSG00000088761	0.2129	-0.4813	-0.1025	-0.3850	0.2585	-0.1966
ENSMUSG00000088776	0.2304	-0.1923	0.2881	0.2153	0.0809	-0.1101
ENSMUSG00000088811	-0.0082	-0.3489	0.4777	0.4557	0.2974	0.5001
ENSMUSG00000088879	-0.0323	0.1399	0.2178	-0.2685	0.2394	0.3158
ENSMUSG00000088889	0.1020	-0.2746	0.0362	0.5443	-0.1130	-0.2016
ENSMUSG00000088914	-0.1099	-0.1669	0.5360	-0.5738	-0.0165	-0.1361
ENSMUSG00000088915	0.3070	-0.0885	0.6035	0.3315	-0.2835	-0.5765
ENSMUSG00000088922	0.4906	-0.3762	-0.2793	-0.5842	0.1674	-0.6190
ENSMUSG00000088928	-0.0194	0.0783	-0.9813	-0.0557	-0.4188	0.0259
ENSMUSG00000088935	-0.1743	0.4336	0.1067	0.4813	-0.3411	-0.0226
ENSMUSG00000088944	-0.2774	-0.0324	0.0197	0.2481	0.2919	0.0411
ENSMUSG00000088959	0.2170	0.0762	0.4781	-0.2000	0.0817	-0.7183
ENSMUSG00000088960	0.5545	-0.0258	-0.3232	0.1048	-0.4137	0.3162
ENSMUSG00000088961	0.0413	0.0374	-0.2207	0.5354	0.1922	0.2045
ENSMUSG00000088969	-0.0531	-0.1371	-0.1382	-0.0879	0.3240	-0.8222
ENSMUSG00000088982	-0.8181	-0.0144	-0.1982	-0.0538	-0.0791	-0.0793
ENSMUSG00000088992	0.1607	-0.3194	-0.0197	-0.3649	0.4493	-0.8050
ENSMUSG00000089009	0.3376	0.1209	-0.0325	-0.4172	-0.1432	-0.1946
ENSMUSG00000089018	0.0273	-0.2271	0.0535	0.4256	-0.2003	0.4043
ENSMUSG00000089019	-0.1841	-0.0759	0.2782	0.4533	-0.4346	0.2831
ENSMUSG00000089035	0.2365	0.4345	-0.4363	-0.0033	0.3704	0.2644
ENSMUSG00000089051	-0.0611	0.1872	-0.2495	-0.4960	0.1604	-0.1968
ENSMUSG00000089054	-0.3698	-0.2021	0.6099	-0.0206	-0.4236	-0.2722
ENSMUSG00000089055	0.5507	-0.4348	0.3176	-0.2174	-0.1768	-0.1955
ENSMUSG00000089057	0.1829	-0.2577	0.4561	0.2733	0.2282	0.3054
ENSMUSG00000089071	0.3583	0.6942	0.2052	0.2736	-0.6747	0.3539
ENSMUSG00000089074	0.2934	-0.4104	0.0828	0.0649	0.2717	-0.1188
ENSMUSG00000089078	-0.2056	-0.0345	0.2956	0.3474	0.2417	0.3541
ENSMUSG00000089081	-0.1576	-0.8356	-1.0909	-1.1307	-1.7870	-1.4140
ENSMUSG00000089107	0.0536	0.5120	-0.2523	-0.3320	-0.4664	-0.7949
ENSMUSG00000089117	-0.0320	-0.5809	-0.1533	0.3444	0.2812	0.0277
ENSMUSG00000089124	0.2281	-0.2859	0.3031	-0.3736	0.0735	-0.2076
ENSMUSG00000089125	0.0898	0.0891	-0.1995	-0.3798	0.7814	0.2435
ENSMUSG00000089143	0.4624	0.1206	-0.2227	0.3163	-0.2654	0.3834
ENSMUSG00000089164	-0.0123	0.4344	0.8152	-0.1987	0.2426	-0.5008
ENSMUSG00000089182	0.0434	0.3780	0.7594	-0.0975	-0.0716	0.2565
ENSMUSG00000089269	-0.3661	-0.3269	-0.2432	0.0632	-0.5488	0.1408
ENSMUSG00000089271	-0.4339	0.2717	-0.1366	-0.5579	0.2896	0.4479
ENSMUSG00000089288	0.2780	-0.3621	-0.4729	-0.5016	-0.0321	0.5030
ENSMUSG00000089290	-0.0045	-0.3519	0.3481	0.4728	0.5179	0.1673
ENSMUSG00000089296	-0.3197	-0.4129	0.0437	0.2042	0.1334	0.3805
ENSMUSG00000089369	0.3209	0.4376	-0.0705	0.1730	0.0368	-0.2670
ENSMUSG00000089372	0.8999	0.7570	1.1805	1.0183	1.2794	1.3303
ENSMUSG00000089390	-0.1357	0.0576	-0.2462	0.1845	-0.0389	0.0165
ENSMUSG00000089394	0.6887	0.9778	0.7519	0.9181	0.8316	1.3970
ENSMUSG00000089399	-0.1584	0.2091	0.1513	-0.0783	-0.1827	-0.1053
ENSMUSG00000089407	0.3189	-0.2063	-0.0856	-0.0073	-0.4256	-0.3974
ENSMUSG00000089413	0.6295	0.3052	-0.0178	-0.1644	0.0147	-0.1410
ENSMUSG00000089422	-0.0963	-0.7589	0.1295	-0.0524	0.0229	-0.4214
ENSMUSG00000089431	0.0259	0.1550	0.8832	1.0713	1.9042	1.5966
ENSMUSG00000089437	0.2788	0.5252	-0.0243	-0.7517	0.4422	0.0828
ENSMUSG00000089438	0.3257	-0.8168	-0.1854	0.5759	0.7794	-0.4062
ENSMUSG00000089479	-0.1539	-0.1080	0.0225	0.0777	0.3424	0.0679
ENSMUSG00000089539	0.1404	0.4660	0.4760	-0.2669	0.1279	-0.1841
ENSMUSG00000089549	-0.1812	-0.0920	-0.2896	-0.3780	-0.2214	0.3675
ENSMUSG00000089560	-0.1119	-0.1204	-0.4624	-0.0168	0.0012	-0.2718
ENSMUSG00000089563	-0.1725	-0.1279	0.2215	0.1204	0.6736	0.2220
ENSMUSG00000089584	1.2748	1.3196	1.0641	1.5614	0.9736	1.2250
ENSMUSG00000089593	0.3924	-0.2074	-0.5873	0.0450	-0.3644	-0.2275
ENSMUSG00000089612	0.2012	0.9127	-0.0179	0.0364	0.3486	-0.5490
ENSMUSG00000089669	-0.7329	0.3020	-0.4592	0.0707	-0.2276	-0.1356
ENSMUSG00000089675	0.3052	0.3876	-0.1799	-0.1938	-0.0218	-0.2271
ENSMUSG00000089678	0.1714	-0.1325	0.0794	-0.3558	0.1772	0.2942
ENSMUSG00000089682	-0.2200	-0.1335	-0.0752	-0.0742	0.0255	0.0278
ENSMUSG00000089694	-0.1119	-0.1629	0.1117	0.1718	-0.0566	-0.0188
ENSMUSG00000089695	0.2435	-0.1301	-0.0197	0.1220	-0.0121	0.3812
ENSMUSG00000089704	0.3756	-0.4949	0.1950	0.1251	-0.1146	-0.1729
ENSMUSG00000089715	0.1943	-0.4731	-0.0626	-0.4743	-0.8646	-0.1044
ENSMUSG00000089727	0.2984	-0.2405	0.1120	0.2470	0.5436	0.4196
ENSMUSG00000089789	-0.8507	-0.5866	0.3998	-0.1051	-0.0345	-0.4621
ENSMUSG00000089859	0.1706	-0.1928	-0.4355	-0.0268	0.1179	-0.0727
ENSMUSG00000089892	0.5063	-0.1291	-0.4289	0.3184	-0.1372	-0.2487
ENSMUSG00000089917	0.5740	0.4201	0.0733	1.1913	1.5104	1.4058
ENSMUSG00000089929	-0.4131	-0.2324	-0.5024	0.2413	0.0281	0.1455
ENSMUSG00000089942	0.1774	0.1554	-0.6221	0.7207	-0.0198	0.2438
ENSMUSG00000089943	0.2361	-0.1061	0.3995	0.4924	-0.2260	-0.4821
ENSMUSG00000089960	-0.2653	-0.0715	-0.1561	0.8508	0.0053	-0.5757
ENSMUSG00000089992	0.5784	0.6928	0.3422	0.2977	-0.2242	-0.2320
ENSMUSG00000090035	-0.1839	-0.3504	-0.0308	0.1469	-0.0253	-0.0122
ENSMUSG00000090059	-0.3504	-0.2425	0.5831	0.0984	0.1764	-0.0087
ENSMUSG00000090097	-0.4566	0.0640	0.1075	0.2459	0.2082	0.4062
ENSMUSG00000090124	-0.1154	0.4064	0.4691	-0.6185	-0.2048	0.2924
ENSMUSG00000090129	-0.0135	-0.1059	-0.3853	-0.2599	0.2546	0.5435
ENSMUSG00000090137	0.5781	0.6684	-0.4331	0.0572	0.1734	0.5555
ENSMUSG00000090145	-0.3136	-0.5413	1.0137	0.1562	-0.7670	-0.3596
ENSMUSG00000090165	-0.0063	-0.0592	-0.3021	-0.3320	-0.0607	0.4409
ENSMUSG00000090171	0.0438	0.4483	-0.2286	-0.1601	-0.4302	0.6061
ENSMUSG00000090175	-0.2719	-0.1517	0.0298	-0.2157	0.2276	-0.3245
ENSMUSG00000090176	-0.2485	0.1321	0.2295	-0.0713	-0.4541	0.7293
ENSMUSG00000090210	0.8266	0.4819	0.1416	1.3792	1.5368	0.6276
ENSMUSG00000090213	0.0607	-0.1144	-0.1067	0.3305	-0.1294	0.5011
ENSMUSG00000090219	-0.4205	-0.3528	-0.4759	0.2720	0.0991	0.2655
ENSMUSG00000090231	-0.3106	-0.4260	-0.0053	0.8559	0.0180	-0.2845
ENSMUSG00000090236	-0.0086	0.1581	0.3594	-0.1484	-0.0867	0.6493
ENSMUSG00000090461	-0.8321	-0.1398	-0.1982	-0.2062	-0.3614	0.1645
ENSMUSG00000090474	0.1360	0.0421	-0.0399	0.6252	0.2678	0.2261
ENSMUSG00000090489	0.2712	-0.0615	-0.3360	0.0070	0.2354	-0.0083
ENSMUSG00000090523	-0.0322	-0.7128	0.0563	-0.4232	0.3507	-0.0882
ENSMUSG00000090550	0.2044	0.0344	-0.3171	0.0943	-0.1134	-0.5194
ENSMUSG00000090553	-0.7610	-0.1009	-0.3131	-0.4167	0.2682	-0.7091
ENSMUSG00000090629	-0.4355	-0.2329	0.0620	-0.0437	-0.0809	0.2232
ENSMUSG00000090631	-0.9897	-0.5518	-1.5533	-0.9506	-1.2003	-0.9331
ENSMUSG00000090675	-0.1927	0.3692	-0.0981	0.1232	-0.1181	-0.3089
ENSMUSG00000090733	0.0746	-0.7175	0.1969	-0.5360	-0.0651	0.1183
ENSMUSG00000090738	-0.0857	0.1586	-0.3142	0.3114	0.1705	0.0011
ENSMUSG00000090817	-0.0451	0.0844	-0.2236	-0.0564	-0.0247	-0.0200
ENSMUSG00000090824	-0.7514	0.3844	-0.2496	-0.1770	0.2130	0.6285
ENSMUSG00000090841	-0.3767	-0.1105	0.1859	0.0259	-0.3992	0.1957
ENSMUSG00000090854	0.3725	0.2695	0.7526	0.2798	-0.0899	0.2106
ENSMUSG00000090862	0.3273	-0.3422	0.1167	-0.4884	0.1999	-0.7527
ENSMUSG00000090874	-0.2156	0.1422	-0.1123	-0.4141	-0.2906	-0.0627
ENSMUSG00000090877	0.0462	-0.3249	-0.8583	-0.4175	0.0366	-0.2787
ENSMUSG00000090894	0.0664	-0.0586	0.3095	-0.2164	0.1704	0.2868
ENSMUSG00000090919	0.2589	0.2372	-0.8954	0.3030	-0.0771	0.3609
ENSMUSG00000090951	-0.0379	-0.4481	-0.5635	-0.3820	0.1537	-0.0391
ENSMUSG00000090958	0.2586	0.1462	0.2205	-0.5654	0.0816	-0.0293
ENSMUSG00000091086	0.5646	0.1967	0.1747	0.1833	0.2109	-0.1820
ENSMUSG00000091091	0.2723	-0.0771	0.0514	0.1873	0.5690	0.3348
ENSMUSG00000091174	0.0191	-0.2964	-0.1474	-0.1129	-0.0816	-0.1100
ENSMUSG00000091215	0.1618	-0.4841	0.3044	0.4528	0.1731	-0.3335
ENSMUSG00000091285	0.5411	0.5221	-0.3939	-0.2725	0.0323	0.5118
ENSMUSG00000091318	0.0178	-0.6578	-0.2199	0.3047	-0.1833	0.3016
ENSMUSG00000091345	-0.1771	-0.1285	-0.1644	-0.7456	-0.3127	0.0434
ENSMUSG00000091387	0.0917	0.1095	-0.6751	0.2457	-0.0613	-0.0056
ENSMUSG00000091405	0.1556	0.3280	-0.1108	0.3113	0.3835	-0.3451
ENSMUSG00000091415	-0.2716	-0.0576	0.3893	-0.1468	0.1512	-0.0942
ENSMUSG00000091512	-0.1562	-0.2593	-0.1122	0.6488	-0.2122	0.5961
ENSMUSG00000091530	-0.9862	-1.3065	-1.6141	-2.2491	-1.8735	-2.2524
ENSMUSG00000091531	0.3460	-0.1253	0.2661	-0.1789	-0.1005	0.3143
ENSMUSG00000091601	0.1690	0.0281	-0.3307	-0.3572	0.0787	-0.3818
ENSMUSG00000091625	-0.5714	-0.6833	-0.6739	-0.3170	-0.0050	0.9312
ENSMUSG00000091705	-0.8908	0.1318	0.1146	-0.0562	-0.1503	-0.6411
ENSMUSG00000091736	-0.3533	-0.3664	-0.1175	-0.2207	-0.4803	0.1515
ENSMUSG00000091779	0.2049	-0.6470	0.2017	0.1974	-0.6218	0.0994
ENSMUSG00000091780	0.5715	0.3210	0.2983	0.3083	-0.2687	0.0282
ENSMUSG00000091803	-0.2062	0.0202	0.4474	0.3713	0.4125	0.7245
ENSMUSG00000091813	0.2971	0.0845	0.2132	0.1968	-0.0388	-0.1847
ENSMUSG00000091867	0.4195	0.3770	-0.1091	0.1884	-0.1566	0.6576
ENSMUSG00000091873	0.2012	0.3905	0.1492	-0.3185	0.1667	0.5740
ENSMUSG00000091896	0.0711	-0.0332	-0.0824	-0.2182	-0.2586	-0.2533
ENSMUSG00000091898	0.3192	0.1226	-0.3589	-0.1977	0.1876	-0.1496
ENSMUSG00000091950	-0.1383	0.2152	-0.0288	0.3552	-0.0504	0.1567
ENSMUSG00000091971	-0.4101	0.0291	0.0336	-0.0612	-0.0768	0.4999
ENSMUSG00000091983	0.0585	0.6013	-0.4820	0.2855	0.0374	0.2019
ENSMUSG00000092008	-0.0646	0.0878	0.1676	-0.2969	0.0164	0.0856
ENSMUSG00000092009	0.3241	-0.1777	-0.0301	0.0908	0.0233	-0.2985
ENSMUSG00000092074	-0.0281	0.3007	-0.6326	0.1118	-0.0981	0.3864
ENSMUSG00000092077	-0.4148	-0.3095	0.1365	-0.0990	-0.4717	-0.1382
ENSMUSG00000092118	-0.3912	0.1067	0.0286	0.0268	0.1835	-0.3242
ENSMUSG00000092243	0.8554	0.7269	-0.4329	-0.0315	0.2679	-0.1037
ENSMUSG00000092292	-0.0550	-0.0504	-0.3991	0.0688	-0.1721	-0.3805
ENSMUSG00000092305	-0.1415	0.0119	0.2826	0.3998	-0.2314	0.1041
ENSMUSG00000092413	-0.2469	-0.1100	0.7753	-0.4922	-0.1843	-0.0450
ENSMUSG00000092517	-0.1765	-0.4904	-0.3519	-0.1352	-0.3193	-0.0471
ENSMUSG00000092572	-0.0265	0.5492	0.1628	-0.3984	0.5005	-0.1343
ENSMUSG00000092743	0.0933	0.2945	0.4134	-0.1284	0.0049	0.8991
ENSMUSG00000092770	-0.0244	-0.0579	0.2564	0.6228	-0.0394	0.5929
ENSMUSG00000092807	0.1456	0.1199	0.0164	-0.3413	-0.1099	-0.0466
ENSMUSG00000092995	0.4111	-0.5516	0.3006	-1.0699	0.1052	-0.1510
ENSMUSG00000093007	-0.1864	-0.2799	-0.5310	0.5702	-0.2848	-0.1179
ENSMUSG00000093011	-0.1922	0.0963	0.7640	-0.4746	0.2335	-0.0893
ENSMUSG00000093073	0.3017	-0.5794	-0.4614	0.2997	-0.0556	0.0196
ENSMUSG00000093117	0.4219	0.2813	-0.0426	-0.1342	0.2673	-0.2581
ENSMUSG00000093137	-0.3376	-0.4014	0.5865	-0.5479	-0.4162	-0.0075
ENSMUSG00000093147	0.3690	-0.4109	-0.2178	0.4287	0.0898	0.0079
ENSMUSG00000093238	-0.1849	-0.8212	0.0030	0.3070	-0.8544	0.6321
ENSMUSG00000093258	-0.2294	-0.0075	-0.6737	-0.2288	0.4122	0.0411
ENSMUSG00000093325	-0.1353	0.2577	-0.3035	-0.4613	-0.5370	-0.5314
ENSMUSG00000093354	0.1055	0.3949	-0.3401	-0.0695	0.3992	-0.0546
ENSMUSG00000093660	-0.0588	0.0352	-0.1536	-0.2565	-0.2084	0.0682
ENSMUSG00000093674	0.0603	-0.2694	0.6401	0.1218	0.2574	0.0085
ENSMUSG00000093769	-0.2370	0.4442	0.2852	0.1033	0.4505	0.2756
ENSMUSG00000093803	0.8596	0.9331	1.7081	2.4590	2.5722	3.0333
ENSMUSG00000093804	-0.1408	-0.3565	0.0656	-0.1811	-0.4881	0.0648
ENSMUSG00000093806	-0.2273	0.1248	-0.0823	0.3744	0.0995	-0.0243
ENSMUSG00000093825	-0.2330	0.1740	0.5912	-0.5009	0.0853	-0.1118
ENSMUSG00000093839	0.3200	-0.1072	0.1178	-0.3160	0.1024	0.3683
ENSMUSG00000093866	-0.3777	-0.4042	-0.2109	-0.0989	0.2897	-0.3830
ENSMUSG00000093877	0.2545	-0.3585	0.0423	-0.0371	0.3945	0.3681
ENSMUSG00000093884	-0.1904	-0.1092	-0.1362	0.1269	-0.3880	-0.1315
ENSMUSG00000093901	-0.0344	-0.3332	0.2955	-0.0367	0.1137	0.5839
ENSMUSG00000093904	-0.3572	0.5637	0.2349	-0.4261	-0.1275	0.0512
ENSMUSG00000093920	-0.0364	-0.1848	-0.3007	0.9247	0.0853	-0.0116
ENSMUSG00000093930	-0.2883	0.3760	0.2333	-0.8346	-0.4579	0.3236
ENSMUSG00000093931	-0.1067	-0.5500	-0.4002	-0.3437	0.0235	0.1384
ENSMUSG00000093934	0.1715	0.3610	-0.3218	-0.0020	0.1690	0.1073
ENSMUSG00000093942	-0.3455	0.5690	0.9474	-0.0059	-0.0539	0.3258
ENSMUSG00000093980	0.5146	0.8004	0.3771	0.3693	0.7812	0.9739
ENSMUSG00000093990	-0.2556	0.1828	-0.2217	-0.3924	-0.4230	0.1023
ENSMUSG00000094018	0.3631	0.0123	0.3447	-0.2175	-0.4573	-0.0525
ENSMUSG00000094063	-0.7506	0.3822	-0.4496	0.4714	-0.3935	0.2885
ENSMUSG00000094065	-0.0991	0.2320	0.1584	-0.1072	0.6355	0.1577
ENSMUSG00000094080	-0.4066	-0.6930	0.3037	0.0862	-0.2288	0.0333
ENSMUSG00000094119	-0.1905	0.0599	0.2529	-0.3718	-0.0286	-0.1313
ENSMUSG00000094133	0.0509	0.4732	-0.5526	-0.8875	-0.3602	0.3609
ENSMUSG00000094140	-0.7028	0.5172	0.2922	0.2339	0.0869	-0.8995
ENSMUSG00000094156	-0.1604	-0.0779	0.4531	0.4360	0.1864	-0.0411
ENSMUSG00000094163	-0.2298	-0.3920	-0.0201	-0.7343	-0.3380	-0.1685
ENSMUSG00000094182	0.2486	0.7465	0.0758	0.0522	0.0492	-0.0393
ENSMUSG00000094185	-0.2406	0.2256	0.2535	-0.3830	0.3616	-0.3309
ENSMUSG00000094192	-0.2219	0.1226	-0.0956	-0.1489	-0.1201	-0.2381
ENSMUSG00000094197	-0.1348	0.5208	0.2899	0.0302	-0.2108	-0.4412
ENSMUSG00000094200	-0.1105	0.6517	-0.0637	0.2091	0.1927	-0.2863
ENSMUSG00000094238	-0.2724	-0.0036	-0.0494	0.3288	-0.3775	0.0718
ENSMUSG00000094248	0.4252	-0.6675	0.1019	0.5997	-0.2196	-0.1359
ENSMUSG00000094254	-0.3040	-0.2887	0.4361	0.4811	-0.4592	0.3723
ENSMUSG00000094266	0.2322	0.1562	-0.3630	-0.7163	0.0780	-0.7469
ENSMUSG00000094269	0.7465	0.9436	-0.1431	-0.2197	-0.1457	-0.0366
ENSMUSG00000094285	0.0898	-0.1721	0.1742	0.3247	-0.1574	0.0524
ENSMUSG00000094295	-0.2137	0.6094	0.1429	-0.0535	0.7526	0.6649
ENSMUSG00000094306	0.0309	0.8255	-0.1154	0.2189	0.2561	0.0477
ENSMUSG00000094318	0.0341	0.0660	-0.2804	-0.3026	-0.0464	0.0026
ENSMUSG00000094338	-0.1676	-0.3064	0.0283	-0.0171	0.4745	-0.2879
ENSMUSG00000094347	0.4140	-0.2568	-0.3252	-0.0180	-1.3860	-0.4183
ENSMUSG00000094353	0.0408	-0.1925	-0.0529	0.2445	0.1493	0.1169
ENSMUSG00000094362	-0.0670	-0.1332	0.2138	-0.0619	0.2108	0.5571
ENSMUSG00000094380	0.3591	-0.0527	-0.4742	-0.1306	0.2390	-0.4625
ENSMUSG00000094422	-0.0227	0.4433	0.8411	-0.3948	0.0522	0.2892
ENSMUSG00000094426	-0.0405	-0.3404	0.1290	0.6466	0.2375	0.4409
ENSMUSG00000094449	-0.1680	0.3146	0.4946	0.1429	-0.1039	0.9758
ENSMUSG00000094461	-0.1369	0.2774	0.0812	0.5855	0.2531	0.1458
ENSMUSG00000094464	0.3323	0.2179	0.2757	0.2635	-0.1748	0.4373
ENSMUSG00000094488	0.4536	-0.1222	0.0219	0.0404	0.3470	-0.4996
ENSMUSG00000094493	0.2349	-0.4769	0.3857	0.9931	0.2311	0.5222
ENSMUSG00000094496	0.1727	0.4869	0.0303	0.3173	-0.2715	0.3644
ENSMUSG00000094520	0.8158	0.5827	-0.3365	-0.1256	0.3556	0.2925
ENSMUSG00000094531	0.1602	0.4650	-0.4201	0.0167	-0.2030	0.1637
ENSMUSG00000094535	-0.0078	0.2014	-0.4715	-0.1601	0.0972	-0.6086
ENSMUSG00000094539	-0.5488	-0.1793	0.1877	-0.1935	-0.4169	0.2679
ENSMUSG00000094559	-0.3985	-0.7904	0.3226	0.0247	-0.6028	0.0427
ENSMUSG00000094588	-0.0697	-0.1926	-0.4504	0.5284	0.1876	0.5709
ENSMUSG00000094612	0.0052	-0.1560	0.1494	-0.6164	0.2024	-0.4793
ENSMUSG00000094632	-0.9114	0.1544	-0.0552	0.2792	-0.2898	0.2229
ENSMUSG00000094662	0.2875	0.3960	-0.4724	-0.1174	0.1864	-0.3144
ENSMUSG00000094669	-0.1745	0.1440	-0.0306	0.1865	0.0131	0.4536
ENSMUSG00000094673	-0.4425	-0.5293	-0.0437	0.1524	-0.0782	0.7691
ENSMUSG00000094678	-0.3155	0.0675	0.0977	0.3176	0.2843	-0.1894
ENSMUSG00000094686	-0.1882	-0.4054	-0.2395	-0.6164	0.3172	0.2633
ENSMUSG00000094687	-0.4542	0.3094	0.9590	0.1286	-0.3724	-0.0380
ENSMUSG00000094692	0.7256	-0.0921	0.0962	-0.2094	0.1354	-0.0170
ENSMUSG00000094695	-0.1565	0.1813	0.0757	-0.1221	-0.0441	0.4672
ENSMUSG00000094701	-0.1994	-0.3581	0.1392	-0.0224	-0.3352	0.1598
ENSMUSG00000094721	-0.1524	-0.0204	0.0197	-0.0223	-0.5767	-0.3309
ENSMUSG00000094734	1.1910	-0.1397	-0.0505	0.6039	0.0245	0.3329
ENSMUSG00000094745	0.3144	-0.4399	0.1483	0.2147	-0.2344	-0.4394
ENSMUSG00000094747	-0.3169	0.2269	0.1923	-0.7584	-0.2004	-0.4319
ENSMUSG00000094755	0.1689	-0.0844	-0.1666	-0.6092	-0.8581	0.1914
ENSMUSG00000094764	0.5318	0.0777	-0.4596	-0.1544	-0.1641	-0.1590
ENSMUSG00000094777	-0.1048	-0.0136	-0.0862	-0.1735	0.0381	-0.2760
ENSMUSG00000094778	0.5178	-0.8194	0.0355	-0.0564	-0.1171	-0.1739
ENSMUSG00000094805	-0.1522	0.0675	-0.2987	0.2828	0.5821	-0.2216
ENSMUSG00000094806	0.5626	-0.0997	0.0561	0.5066	0.5647	0.0149
ENSMUSG00000094808	-0.2353	-0.1052	0.1180	0.2368	-0.3480	-0.2303
ENSMUSG00000094810	-0.7117	-0.1365	-0.4605	-0.1239	-0.0330	0.4510
ENSMUSG00000094818	-0.0957	0.2074	0.1515	0.0279	0.1924	-0.0803
ENSMUSG00000094819	-0.2959	0.2861	-0.3157	0.3286	0.6467	0.8771
ENSMUSG00000094822	0.0013	-0.4730	1.0486	0.0487	0.2541	0.4666
ENSMUSG00000094846	0.9168	0.7172	0.9117	0.9101	1.3284	1.8314
ENSMUSG00000094858	0.4827	-0.6566	0.4772	-0.4496	0.1728	-0.2791
ENSMUSG00000094878	-0.3655	0.0956	-0.1050	0.1671	0.0600	-0.3169
ENSMUSG00000094881	-0.7016	0.9040	0.3712	-0.3573	0.2473	0.0874
ENSMUSG00000094891	0.4150	-0.1365	-0.1954	0.1367	-0.2041	0.5137
ENSMUSG00000094904	0.4481	-0.0144	-0.0480	0.1468	-0.0864	-0.5625
ENSMUSG00000094970	0.0985	-0.2249	-0.6068	0.3179	0.0331	-0.5555
ENSMUSG00000094973	0.2514	0.1118	-0.4182	-0.4600	0.2140	-0.0598
ENSMUSG00000094986	0.3528	0.5132	0.1735	0.7488	0.2206	-0.0870
ENSMUSG00000094995	0.0548	0.0933	-0.1723	0.1527	-0.1358	-0.1912
ENSMUSG00000095002	0.7586	1.3326	0.9060	0.9208	1.2713	1.6470
ENSMUSG00000095003	0.1137	-0.1905	0.7247	0.5467	-0.1085	0.3671
ENSMUSG00000095017	0.2347	0.4221	0.0294	-0.4171	-0.1073	0.0802
ENSMUSG00000095028	0.1716	-0.1523	-0.3326	0.1618	0.4242	0.2622
ENSMUSG00000095030	-0.1852	-0.4355	-0.4496	-0.0593	0.4310	-0.3682
ENSMUSG00000095066	-0.1651	0.2394	0.4491	0.1433	0.7705	0.2778
ENSMUSG00000095075	-0.2085	-0.2718	0.1342	0.1613	0.4907	0.1273
ENSMUSG00000095095	-0.0548	-0.0290	-0.0295	0.2769	-0.2271	-0.1196
ENSMUSG00000095105	0.0716	-0.0162	0.0478	-0.1223	-0.0592	-0.6834
ENSMUSG00000095138	-0.1945	-0.1412	-0.0859	-0.3771	-0.0208	-0.1174
ENSMUSG00000095143	0.1100	-0.4017	0.4924	0.0233	-0.6621	0.2364
ENSMUSG00000095156	-0.2763	0.0825	-0.0602	0.1384	-0.0994	-0.1780
ENSMUSG00000095171	0.2711	0.2040	0.0773	-0.3840	0.0269	-0.2356
ENSMUSG00000095187	-0.2032	0.4937	-0.0746	-0.0188	-0.1575	0.2910
ENSMUSG00000095189	-0.3881	0.0772	-0.2708	-0.4273	0.1000	-0.1419
ENSMUSG00000095194	-0.0622	0.0433	-0.1682	0.7472	0.7235	-0.1509
ENSMUSG00000095212	-0.7027	0.4404	0.5518	0.6164	-0.3670	0.3802
ENSMUSG00000095217	-0.0421	-0.4512	0.3725	0.0492	0.1204	-0.3294
ENSMUSG00000095218	0.1279	0.1250	0.6437	-0.0169	0.2239	0.2811
ENSMUSG00000095234	-0.4732	-0.2881	0.4748	-0.0529	0.2632	-0.1852
ENSMUSG00000095236	0.4742	0.0541	0.0648	-0.1582	-0.0228	-0.0940
ENSMUSG00000095239	0.2940	-0.2697	0.3247	-0.1196	0.0585	-0.5246
ENSMUSG00000095248	-0.6554	-0.1133	-0.0875	-0.3191	0.1799	-0.3059
ENSMUSG00000095251	0.3639	-0.1198	-0.1185	-0.7662	0.5102	-0.7387
ENSMUSG00000095270	0.0281	0.1411	-0.0708	0.4551	-0.2608	-1.1551
ENSMUSG00000095286	0.3442	0.0389	-0.0069	-0.2645	0.0431	0.2274
ENSMUSG00000095301	0.0011	-0.2012	-0.0582	0.3971	0.1277	-0.1007
ENSMUSG00000095312	0.3916	0.1583	0.1905	-0.3814	-0.2628	0.7476
ENSMUSG00000095322	0.0372	0.3739	-0.2168	-0.5345	0.1571	-0.7303
ENSMUSG00000095377	0.0242	-0.0881	0.1427	-0.4524	0.2809	0.1939
ENSMUSG00000095388	0.8119	-0.4966	-0.0583	0.0764	-0.0297	-0.4432
ENSMUSG00000095390	-0.5334	-0.3017	0.3340	0.1428	0.4337	-0.4605
ENSMUSG00000095401	0.0608	-0.3150	-0.7456	-0.4084	0.3713	0.1113
ENSMUSG00000095413	-0.0723	-0.3886	-0.5877	0.2508	-0.2390	0.2840
ENSMUSG00000095445	0.2066	-0.1806	0.2328	-0.2549	0.0898	-0.0074
ENSMUSG00000095448	0.1488	0.2980	0.6453	0.0499	-0.3371	0.4601
ENSMUSG00000095463	0.0543	0.1489	0.2001	0.5574	-0.2723	0.0721
ENSMUSG00000095483	-0.1932	-0.2537	-0.0802	0.0872	-0.4413	-0.2222
ENSMUSG00000095484	-0.0507	-0.5115	0.5626	-0.1730	-0.1649	0.3002
ENSMUSG00000095498	-0.1438	-0.2845	0.4145	0.1762	0.2493	0.2022
ENSMUSG00000095499	-0.0377	-0.1221	-0.0078	-0.1758	-0.0770	0.0964
ENSMUSG00000095524	-0.4891	0.3832	-0.4867	0.1093	-0.0200	-0.1883
ENSMUSG00000095525	-0.1940	-0.0947	-0.2953	-0.2845	0.2038	0.3046
ENSMUSG00000095527	-0.2087	0.0494	-0.0698	0.0465	-0.5554	-0.0149
ENSMUSG00000095569	-0.3352	0.2705	0.2768	-0.4876	-0.4751	-0.7338
ENSMUSG00000095573	-0.4650	-0.1410	-0.0953	-0.1387	-0.0874	-0.5420
ENSMUSG00000095576	-0.3708	-0.5925	-0.1667	-0.6138	-0.0156	-0.2212
ENSMUSG00000095586	0.0023	0.2002	-0.0370	0.2209	0.1995	-0.2282
ENSMUSG00000095608	-0.3789	0.0177	0.0856	0.1994	-0.3158	-0.0104
ENSMUSG00000095616	0.6117	0.7080	0.8969	1.4760	1.1773	1.2592
ENSMUSG00000095640	-0.5852	0.4164	-0.1507	0.3277	0.1540	0.3904
ENSMUSG00000095647	-0.0740	0.3137	0.1840	0.5267	-0.3120	0.0975
ENSMUSG00000095655	0.0868	-0.5122	0.1600	0.0410	0.4627	-0.1149
ENSMUSG00000095662	0.5846	0.1561	-0.4873	-0.2836	0.1989	-0.0338
ENSMUSG00000095667	0.1909	-0.7490	0.0254	0.0076	-0.2719	0.3617
ENSMUSG00000095675	-0.0206	-1.0354	-0.0529	-0.8332	0.0279	0.1714
ENSMUSG00000095677	-0.1016	-0.0062	0.5173	0.0993	-0.5271	0.9263
ENSMUSG00000095696	-0.2034	-0.4288	0.4640	0.3243	-0.3356	-0.9494
ENSMUSG00000095706	0.0694	0.1334	-0.1765	-0.0417	-0.0546	-0.1362
ENSMUSG00000095765	-0.3117	0.0609	-0.7873	0.1474	-0.3156	-0.1446
ENSMUSG00000095774	-0.1944	0.2010	0.1413	0.5226	-0.0060	0.3468
ENSMUSG00000095788	0.1723	-0.0435	0.0771	-0.1087	0.0571	0.3961
ENSMUSG00000095804	-0.2671	-0.6318	0.3227	-0.2486	-0.2160	0.1521
ENSMUSG00000095809	0.3000	0.3427	-0.0095	0.0739	-0.0395	0.0354
ENSMUSG00000095831	-0.0940	0.1371	-0.1924	0.1272	-0.1016	0.1467
ENSMUSG00000095839	-0.0059	0.9197	0.6137	0.6358	1.6150	1.7572
ENSMUSG00000095845	0.6209	-0.0496	0.2363	0.2601	-0.1652	-0.4625
ENSMUSG00000095847	-0.4982	-0.6020	0.2771	-0.1365	0.6640	0.2225
ENSMUSG00000095870	1.1178	1.7721	1.9172	1.4849	1.9157	2.5991
ENSMUSG00000095893	-0.4647	-0.5765	-0.5843	-0.7188	-0.8565	-1.7409
ENSMUSG00000095896	0.2919	-0.5882	0.1684	0.3052	-0.0652	0.3391
ENSMUSG00000095901	-0.2160	-0.3030	0.2214	0.4734	0.0788	0.0107
ENSMUSG00000095903	0.0619	-0.1554	-0.2124	0.3140	-0.6502	-0.0972
ENSMUSG00000095910	0.3126	0.5939	0.1459	-0.0078	0.1079	-0.1589
ENSMUSG00000095917	-0.1287	0.1905	-0.4180	-0.3805	-0.2183	-0.4875
ENSMUSG00000095920	0.0752	-0.2044	-0.0164	0.2024	0.2043	0.3162
ENSMUSG00000095928	0.4057	0.3401	-0.2678	-0.0215	0.1637	-0.0534
ENSMUSG00000095929	0.3959	0.3076	0.0489	0.3506	0.4622	0.2329
ENSMUSG00000095941	0.2832	0.1545	0.2697	0.3820	0.3390	0.1829
ENSMUSG00000095957	-0.0908	-0.2733	0.3065	0.1984	-0.1514	0.2947
ENSMUSG00000096000	0.7340	-0.2590	0.1451	-0.1222	-0.0609	0.3904
ENSMUSG00000096009	-0.0194	-0.9700	0.5463	-0.0708	-0.4854	0.2206
ENSMUSG00000096010	-0.2948	0.4756	0.1822	0.1629	0.3086	-0.1758
ENSMUSG00000096011	0.0546	0.1719	0.5108	-0.0297	0.4957	0.1752
ENSMUSG00000096029	-0.5651	-0.0018	0.4111	0.1232	0.1620	0.6630
ENSMUSG00000096054	-0.3243	0.1603	0.1289	-0.7051	-0.4400	0.1755
ENSMUSG00000096068	0.3331	-0.1291	-0.5375	-0.3263	-0.2731	0.0778
ENSMUSG00000096069	0.1764	-0.0104	0.0080	-0.0457	-0.2229	-0.1657
ENSMUSG00000096097	-0.1496	-0.7088	0.2283	0.0196	-0.5979	0.3955
ENSMUSG00000096109	-0.0940	0.1943	0.4381	-0.6176	-0.1100	0.0106
ENSMUSG00000096135	0.0088	0.2152	0.7292	0.0893	-0.4936	0.4439
ENSMUSG00000096141	-0.0988	-0.4163	-0.3021	0.3191	-0.3690	0.2864
ENSMUSG00000096145	-0.0474	0.0387	0.1773	0.5817	-0.5490	0.3005
ENSMUSG00000096146	-0.3857	0.0786	-0.2106	-0.2207	-0.0289	0.3886
ENSMUSG00000096151	-0.3032	-0.0813	0.0593	-0.1063	-0.1227	0.1219
ENSMUSG00000096167	0.5520	-0.4593	0.0674	0.5579	0.2816	-0.3753
ENSMUSG00000096169	-0.0059	-0.7204	0.0503	-0.1577	-0.0727	0.3566
ENSMUSG00000096195	0.3663	-0.0642	0.3177	0.2184	0.8422	0.1220
ENSMUSG00000096209	0.1085	0.3548	0.2994	0.0206	-0.4534	0.1179
ENSMUSG00000096220	-0.0483	-0.0260	-0.1477	0.3813	-0.5848	-0.3510
ENSMUSG00000096228	0.2453	0.0318	0.1570	-0.0997	0.1385	-0.1256
ENSMUSG00000096229	-0.3391	0.2324	0.3299	-0.3402	-0.5476	0.4763
ENSMUSG00000096254	-0.3711	0.1889	-0.2053	-0.1968	0.5926	0.4432
ENSMUSG00000096255	-0.9319	-0.0580	0.3178	0.5313	-0.1776	-0.0750
ENSMUSG00000096273	0.4045	-0.3644	0.1313	-0.3988	-0.3970	0.1548
ENSMUSG00000096289	0.1480	0.3127	0.3287	0.0824	-0.5793	0.6161
ENSMUSG00000096295	0.0080	-0.1800	0.1339	-0.2178	-0.0856	0.4681
ENSMUSG00000096320	0.6062	0.2593	0.0532	-0.1494	0.5436	0.2176
ENSMUSG00000096356	-0.5467	0.2840	0.3983	0.4731	-0.9803	0.3270
ENSMUSG00000096365	0.3597	0.2055	0.2704	0.8558	-0.0057	0.4124
ENSMUSG00000096409	-0.0239	-0.0180	0.3902	-0.1109	-0.7950	0.1801
ENSMUSG00000096423	-0.0784	0.3540	0.0392	-0.0194	-0.1268	0.3767
ENSMUSG00000096424	0.0002	-0.0046	-0.3517	0.4750	-0.0105	0.2208
ENSMUSG00000096427	-0.0125	-0.2389	-0.3113	0.1186	-0.0809	-0.2586
ENSMUSG00000096436	0.6745	0.8065	0.8857	0.8075	1.2974	1.7630
ENSMUSG00000096437	0.4328	-0.0307	-0.2498	0.2740	0.1739	-0.5263
ENSMUSG00000096442	0.0153	-0.2955	-0.5172	0.2792	-0.1489	0.1109
ENSMUSG00000096465	0.0404	-0.0558	-0.4588	0.9525	-0.1819	0.6508
ENSMUSG00000096472	-0.0982	-0.2088	0.0345	0.2597	0.3942	0.5868
ENSMUSG00000096477	0.5458	0.5622	-0.0041	-0.0352	0.1472	-0.1756
ENSMUSG00000096485	0.1457	-0.4642	-0.5724	0.2451	0.0313	0.2159
ENSMUSG00000096497	-0.0948	-0.6535	-0.0685	-0.2914	-0.0977	0.1726
ENSMUSG00000096516	0.1652	-0.2444	0.1445	-0.2760	-0.2527	0.3125
ENSMUSG00000096525	0.4610	0.0404	-0.1548	-0.1221	0.8321	0.4040
ENSMUSG00000096549	0.1037	-0.2699	0.5345	-0.3441	-0.0730	0.2027
ENSMUSG00000096554	-0.2197	0.2826	0.0861	0.1817	-0.5179	-0.1866
ENSMUSG00000096555	0.2114	0.1306	0.2559	-0.2787	0.0982	0.1588
ENSMUSG00000096566	0.0447	0.4625	-0.2470	1.0756	0.1941	0.3091
ENSMUSG00000096569	-0.0197	0.3405	0.0915	0.1099	0.2010	0.4579
ENSMUSG00000096584	-0.3360	0.7303	0.7909	-0.0875	-0.2279	0.1106
ENSMUSG00000096596	0.2241	0.0294	-0.0638	0.3666	0.6789	0.2312
ENSMUSG00000096679	-0.3890	0.0857	-0.2804	-0.6561	0.3809	0.3658
ENSMUSG00000096682	0.7082	-0.2299	-0.0343	-0.2635	-0.4418	-0.3450
ENSMUSG00000096695	-0.5175	-0.8187	0.3866	0.3793	0.3293	0.1509
ENSMUSG00000096703	-0.5446	-0.1376	0.1466	-0.0328	-0.8068	0.2287
ENSMUSG00000096705	-0.2215	0.2148	-0.3638	0.2364	0.2538	-0.1193
ENSMUSG00000096708	0.0292	-0.4151	-0.2981	-0.4069	0.3203	-0.1474
ENSMUSG00000096714	-0.2652	-0.1804	-0.1622	-0.0389	-0.3055	-0.0520
ENSMUSG00000096727	-0.0345	0.2039	-0.0569	-0.1876	-0.0297	0.9460
ENSMUSG00000096738	-0.1879	-0.0614	-0.1420	0.4901	-0.0068	0.1733
ENSMUSG00000096747	-0.0142	0.3273	-0.1592	-0.2346	-0.5820	-0.5663
ENSMUSG00000096757	-0.3280	0.2740	0.2663	0.0705	-0.2277	0.1862
ENSMUSG00000096763	0.2845	-0.2250	-0.4536	0.0111	0.2111	0.2469
ENSMUSG00000096766	0.0622	0.5919	0.0684	0.0071	0.3468	-0.1294
ENSMUSG00000096770	-0.8093	0.1817	-0.4758	0.2323	0.3250	0.0505
ENSMUSG00000096773	0.1335	-0.4515	-0.2613	0.5481	-0.2637	0.3864
ENSMUSG00000096794	-0.0186	0.1702	0.2917	0.4708	0.2197	0.7785
ENSMUSG00000096806	0.3931	0.1617	-0.2901	0.1232	0.2667	-0.7010
ENSMUSG00000096822	0.0039	-0.2299	-0.1211	-0.0922	-0.2846	-0.4515
ENSMUSG00000096826	0.0082	-0.6438	-0.0308	0.6343	0.2974	0.0683
ENSMUSG00000096840	0.2460	-0.0424	-0.6358	-0.3107	0.1214	0.1703
ENSMUSG00000096852	0.3033	0.2771	-0.2909	-0.2772	-0.2025	0.1145
ENSMUSG00000096858	-0.1157	-0.2040	0.1345	0.0643	-0.1437	0.2007
ENSMUSG00000096914	0.3163	0.4207	-0.6420	0.3283	-0.1815	-0.3024
ENSMUSG00000097328	-0.2430	0.1840	-0.3560	0.1197	0.6350	0.0784
ENSMUSG00000097392	0.2659	0.3452	-0.2067	0.2594	0.0640	-0.0714
ENSMUSG00000098181	-0.1800	-0.0934	-0.0522	0.1975	-0.1941	-0.0952
ENSMUSG00000098274	0.0428	0.2348	-0.2142	-0.2570	-0.6388	-0.7645
ENSMUSG00000098470	0.0701	0.0543	0.1355	-0.1227	-0.4132	-0.2081
ENSMUSG00000098488	0.1740	-0.0041	0.1399	0.2476	0.1097	-0.0484
ENSMUSG00000098539	-0.1488	0.0563	-0.0877	0.3672	-0.0008	-0.0739
ENSMUSG00000098687	1.3250	0.8893	0.7316	0.5164	0.6252	0.8044
ENSMUSG00000099169	-0.2699	-0.1809	0.0108	0.4027	-0.4381	-0.0479
ENSMUSG00000099269	-0.1879	-0.2155	-0.2226	0.4237	0.1867	-0.1559
ENSMUSG00000099443	-0.0581	-0.0759	0.2914	0.0645	0.3508	0.4290
ENSMUSG00000099486	-0.2587	-0.1839	-0.3262	0.2310	0.7258	-0.3836
ENSMUSG00000099517	0.5685	1.1005	-0.2866	0.5791	0.0866	0.5780
ENSMUSG00000099583	-0.1862	0.4283	-0.5041	0.1057	-0.3516	-0.6008
ENSMUSG00000099687	0.2580	0.4141	-0.4585	-0.4352	-0.3495	0.4036
ENSMUSG00000099820	-0.1433	-0.0034	0.2508	0.1652	0.1420	-0.1004
ENSMUSG00000099974	0.6488	-0.4494	-0.3558	-0.4394	0.9209	0.2519
ENSMUSG00000100004	-0.0054	0.5352	-0.2892	-0.0340	0.0982	0.5716
ENSMUSG00000100016	0.3545	0.5057	0.2756	-0.2406	0.2076	0.5290
ENSMUSG00000100079	-0.1760	0.1554	-0.8322	-0.1627	0.1121	0.8939
ENSMUSG00000100186	-0.5062	0.2136	-0.2082	0.5170	-0.3776	0.4712
ENSMUSG00000100200	0.0334	-0.7895	-0.1737	-0.5203	-0.5997	0.2833
ENSMUSG00000100210	0.2942	0.0191	-0.1047	0.1344	-0.2962	-0.3571
ENSMUSG00000100241	0.4536	0.2052	0.7469	0.3688	-0.0355	-0.6806
ENSMUSG00000100324	-0.2172	-0.9979	0.1151	-0.0514	0.1030	0.4142
ENSMUSG00000100448	-0.5156	0.0930	0.0758	-0.0058	0.0219	0.5358
ENSMUSG00000100517	0.1714	-0.0640	-0.1292	-0.5256	-0.4470	0.9044
ENSMUSG00000100549	-0.0826	0.2034	0.4294	-0.8145	-0.6464	-0.3041
ENSMUSG00000100613	-0.0376	-0.2150	-0.2144	-0.2058	0.1268	0.0596
ENSMUSG00000100626	0.2670	-0.2741	0.1628	-0.0093	-0.1307	-0.3322
ENSMUSG00000100689	-0.1211	0.5176	0.1287	0.1342	-1.1562	-0.3412
ENSMUSG00000100713	0.1849	0.2696	0.9179	1.1934	0.6020	1.6726
ENSMUSG00000100751	-0.9815	-0.5729	0.0144	0.0274	0.0138	-0.4828
ENSMUSG00000100899	0.2610	-0.2366	0.5652	0.3991	-0.2993	0.7419
ENSMUSG00000100916	0.1033	0.1550	-0.1851	0.0576	-0.8854	0.1631
ENSMUSG00000100923	-0.0802	-0.3855	0.1723	0.1750	0.1606	0.6326
ENSMUSG00000100926	0.7782	0.9001	0.8316	0.6924	1.3706	1.3976
ENSMUSG00000100950	-0.5780	0.0090	-0.1133	-0.1548	-0.1150	0.2576
ENSMUSG00000101078	0.0685	0.5172	0.4580	0.3450	-0.4450	-0.5262
ENSMUSG00000101252	0.5134	-0.4271	0.3147	-0.1738	-0.9320	0.2146
ENSMUSG00000101312	-0.0971	-0.4029	0.3203	0.0285	0.0242	0.6073
ENSMUSG00000101337	0.1633	0.3613	0.2124	0.8530	0.3344	0.0901
ENSMUSG00000101355	-0.8143	0.5794	0.0565	-0.3028	0.4882	-0.0510
ENSMUSG00000101391	-0.2289	-0.4584	0.3401	0.3337	0.4402	-0.1670
ENSMUSG00000101427	-0.2560	-0.2195	0.2164	-0.3286	0.2564	0.5142
ENSMUSG00000101480	-0.9644	0.6532	0.2619	0.1157	-0.1608	0.3359
ENSMUSG00000101579	-0.0669	-0.1398	-0.3178	-0.1297	0.3114	0.3407
ENSMUSG00000101605	0.8585	1.3593	1.1797	1.3849	2.5543	2.3852
ENSMUSG00000101750	-0.5802	-0.2001	-0.1011	0.3364	0.1657	-0.7082
ENSMUSG00000101819	-0.3113	-0.1177	-0.3321	0.0540	0.0423	0.1607
ENSMUSG00000101874	0.1675	0.2636	-0.7946	-0.1914	0.0385	-0.1886
ENSMUSG00000101918	0.0350	0.5319	-0.3570	0.6410	-0.0561	0.2895
ENSMUSG00000101935	-0.0463	-0.2227	0.5417	-0.3808	0.3482	0.1035
ENSMUSG00000101959	-0.2298	-0.0103	-0.0465	-0.2798	-0.3791	-0.1689
ENSMUSG00000101972	-0.1495	0.3078	-0.3277	-0.1717	-0.6116	-0.0174
ENSMUSG00000102037	-0.4237	0.0014	0.4334	0.4404	-0.3847	-0.1622
ENSMUSG00000102091	0.2469	-0.1403	-0.3930	0.8647	0.0458	-0.1690
ENSMUSG00000102418	0.1801	0.3959	-0.5042	0.2021	0.2958	-0.0989
ENSMUSG00000102439	-0.2145	-0.3299	-0.6998	0.1307	-0.1952	-0.0361
ENSMUSG00000102692	0.3692	-0.5381	0.1840	0.1631	-0.1592	-0.2335
ENSMUSG00000102802	0.7323	-0.2823	-0.4643	-0.0940	-0.0132	0.1091
ENSMUSG00000102865	-0.2929	-0.1182	0.0413	-0.0021	0.2860	-0.1203
ENSMUSG00000103243	0.7815	-0.3417	-0.3923	-0.1038	-0.3149	0.4610
ENSMUSG00000103523	0.0681	-0.0569	0.7416	0.3199	-0.0353	0.0774
ENSMUSG00000104794	0.1064	0.1762	-0.2378	-0.1330	0.0946	0.2560
ENSMUSG00000105078	0.6261	-0.2271	0.2628	0.2853	0.1238	-0.1778
ENSMUSG00000105298	-0.1921	-1.0722	-1.5901	-1.7985	-2.2126	-2.4772
ENSMUSG00000105406	-0.4247	-0.2512	0.8700	0.7379	-0.3752	-0.4184
ENSMUSG00000105504	-0.3611	-0.9795	-1.0363	-0.3475	-1.0120	-1.1429
ENSMUSG00000105621	-0.7644	-0.7005	-0.9941	-1.3863	-1.2387	-0.9779
ENSMUSG00000105758	0.3014	-0.2065	0.2491	-0.3229	0.5888	0.1899
ENSMUSG00000105799	0.2521	0.2832	0.5080	0.1510	0.1884	0.3368
ENSMUSG00000105827	-0.4064	0.0646	-0.3179	-0.6976	-0.1440	-0.1545
ENSMUSG00000106147	0.3316	-0.2153	0.5667	-0.4604	0.6696	0.1878
ENSMUSG00000106183	-0.3676	0.4752	-0.4623	0.1980	-0.2677	0.2871
ENSMUSG00000106348	-0.5029	0.0782	-0.2854	0.1755	0.0270	-0.1151
ENSMUSG00000106350	-0.0025	0.0008	-0.0484	0.1576	0.5847	-0.3509
ENSMUSG00000106493	0.0606	-0.2555	0.1946	-0.2346	0.3217	-0.1111
ENSMUSG00000106677	-0.4595	-0.1797	0.2830	0.0207	-0.2918	0.0696
ENSMUSG00000106918	-0.1789	-0.3141	-0.2483	-0.1313	-0.0956	0.2522
ENSMUSG00000106935	-0.4850	0.3876	-0.4708	-0.7522	0.1523	-0.6352
ENSMUSG00000107283	0.3811	0.4480	0.4550	0.2757	-0.1897	-0.2197
ENSMUSG00000107417	0.1441	-0.0995	-0.2510	0.0685	0.6686	-0.1277
ENSMUSG00000107492	-0.1045	0.1843	0.1342	0.2459	0.8700	-0.1481
ENSMUSG00000107573	0.1067	0.1764	0.4567	0.1885	0.0489	-0.4902
ENSMUSG00000107645	-0.1392	0.4578	0.4889	0.0962	-0.2982	0.1566
ENSMUSG00000107662	-0.3036	-0.1223	-0.0092	-0.0207	0.0115	0.0943
ENSMUSG00000107677	0.1786	0.1670	0.5226	-0.4679	0.1104	0.2210
ENSMUSG00000107711	-0.3870	-0.5363	-0.8365	-0.9740	-0.5581	-0.6074
ENSMUSG00000107822	-0.1148	0.2226	0.3619	-0.3357	0.1005	-0.0543
ENSMUSG00000107906	-0.3700	-0.3222	0.4347	0.1205	-0.0938	0.0074
ENSMUSG00000108045	0.4320	-0.4103	0.2321	-0.1577	0.4513	-0.1523
ENSMUSG00000108114	-0.2587	-0.4562	0.0892	0.5720	0.4165	-0.3406
ENSMUSG00000108167	-0.1237	-0.4921	0.0624	0.0806	0.3461	-0.6843
ENSMUSG00000108265	0.0093	0.5686	-0.3720	0.3794	-0.1026	0.1115
ENSMUSG00000108464	-0.0193	0.1144	0.0883	-0.3825	0.0340	0.0751
ENSMUSG00000108534	-0.2606	0.1100	0.5152	0.1800	0.1572	-0.6949
ENSMUSG00000108674	-0.5122	-0.0091	0.0205	-0.0930	-0.3166	0.3289
ENSMUSG00000108728	0.2218	-0.0470	-0.2025	-0.2689	0.0830	-0.0192
ENSMUSG00000108827	-0.3848	-0.0323	-0.2374	0.1264	0.3737	0.7079
ENSMUSG00000108908	0.0289	-0.2446	0.2977	0.2506	-0.2447	0.0357
ENSMUSG00000108919	0.3593	-0.3402	-0.0891	0.3086	-0.4429	0.2939
ENSMUSG00000108931	-0.1241	-0.5237	0.5936	-0.1328	0.1840	0.1148
ENSMUSG00000108948	0.4578	0.3977	-0.4307	0.0450	-0.0616	0.0326
ENSMUSG00000108995	0.6497	0.4869	0.0774	0.1392	0.4044	-0.6634
ENSMUSG00000109022	-0.0101	-0.3614	0.0843	0.1529	-0.4931	-0.3913
ENSMUSG00000109058	0.2358	0.5371	-0.1082	0.3441	0.4103	-0.4991
ENSMUSG00000109100	0.1127	-0.0660	0.2640	0.2584	0.0203	0.3280
ENSMUSG00000109212	-0.3408	0.2765	-0.0046	-0.1805	-0.6621	-0.1903
ENSMUSG00000109219	0.0646	-0.0235	-0.1049	0.6871	-0.1668	-0.1148
ENSMUSG00000109322	-0.0772	0.4725	0.5062	0.1539	-0.2109	0.0994
ENSMUSG00000109324	0.0466	0.2781	-0.0502	0.6336	0.5582	0.1513
ENSMUSG00000109340	-0.1322	-0.2020	-0.4125	0.4484	-0.0563	0.5984
ENSMUSG00000109350	-0.0371	-0.2414	0.1209	0.2973	-0.4733	-0.1376
ENSMUSG00000109354	-0.0007	-0.4850	-0.3795	0.1116	0.5387	0.0591
ENSMUSG00000109376	-0.2942	-0.3656	-0.0493	0.7473	0.0034	0.2297
ENSMUSG00000109389	-0.1971	0.0202	0.4328	-0.1740	0.5513	0.0087
ENSMUSG00000109403	0.2614	0.5371	0.9709	0.8826	0.7706	1.2750
ENSMUSG00000109449	-0.5315	0.0650	-0.3346	-0.1858	-0.1268	-0.1509
ENSMUSG00000109487	0.0825	-0.2007	-0.8453	0.5447	-0.1232	0.1160
ENSMUSG00000109497	0.7076	-0.0423	-0.0129	-0.0231	-0.5686	-0.1459
ENSMUSG00000109511	-0.5155	-0.2953	-0.3794	0.6784	0.1663	-0.2994
ENSMUSG00000109521	0.5748	-0.0426	-0.7482	0.2199	-0.5589	-0.2280
ENSMUSG00000109523	-0.2681	0.2677	0.2360	-0.5827	0.1111	0.5439
ENSMUSG00000109528	0.2659	-0.2933	-0.4337	0.3742	-0.0265	-0.3140
ENSMUSG00000109542	0.7771	-0.1263	-0.3526	-0.2373	-0.8151	0.1775
ENSMUSG00000109544	0.1367	-0.1763	-0.2126	-0.2436	0.2784	-0.1036
ENSMUSG00000109547	0.1664	-0.0720	-0.4528	0.4571	0.1695	0.2545
ENSMUSG00000109631	0.3868	-0.0834	-0.0744	0.0963	0.1659	0.1600
ENSMUSG00000109659	-0.2201	0.4308	0.2106	0.0945	0.3776	-0.6526
ENSMUSG00000109764	0.3634	0.0368	-0.1482	0.2506	0.0648	0.3213
ENSMUSG00000109801	-0.3366	0.1333	0.3363	-0.2172	-0.1779	-0.1708
ENSMUSG00000109806	0.3380	0.0833	-0.2204	0.2794	0.0915	0.7380
ENSMUSG00000109813	0.1194	0.7022	-0.0149	0.5384	0.1697	-0.7852
ENSMUSG00000109835	0.0891	-0.0747	0.3796	0.5672	-0.0740	0.3862
ENSMUSG00000109884	0.0514	-0.3805	0.9073	0.2206	0.4794	-0.1548
ENSMUSG00000109901	0.0326	0.3932	-0.1622	0.6712	0.2424	0.0261
ENSMUSG00000109941	0.1537	-0.1519	0.0584	0.1897	0.1396	0.1011
ENSMUSG00000109951	0.7241	0.3817	0.3281	-0.0431	-0.0083	0.2818
ENSMUSG00000110008	-0.1368	-0.0150	0.1268	0.4501	0.2402	0.2544
ENSMUSG00000110012	0.2897	0.5019	0.5197	0.4973	-0.3933	0.9656
ENSMUSG00000110122	0.0520	-0.2892	0.1593	-0.4190	0.6287	0.1469
ENSMUSG00000110171	0.2792	0.1698	0.3465	0.1659	-0.0122	0.0637
ENSMUSG00000110195	-0.2419	-0.1534	0.7373	0.1576	-0.0218	-0.7159
ENSMUSG00000110206	-0.0601	0.1202	0.5304	0.0414	0.2692	0.1708
ENSMUSG00000110253	0.3714	-0.9213	0.2773	-0.1202	0.1809	0.3071
ENSMUSG00000110259	0.7577	0.5233	0.0042	0.1386	0.0158	0.0631
ENSMUSG00000110526	0.6712	0.5293	0.1490	0.1765	0.5178	0.2084
ENSMUSG00000110621	-0.3075	-0.0660	0.1421	-0.3291	0.4741	0.4297
ENSMUSG00000110648	-0.5157	-0.4775	-0.1561	-0.0823	-0.1222	-0.0514
ENSMUSG00000110804	-0.5038	-0.5064	0.0891	0.2547	0.0845	0.4834
ENSMUSG00000110819	0.0346	0.3951	-0.3647	-0.1084	-0.2612	0.1228
ENSMUSG00000110881	0.1922	-0.4069	-0.0506	0.7811	-0.1516	0.3993
ENSMUSG00000110912	-0.3045	-0.3480	0.0296	0.0894	-0.0969	0.4406
ENSMUSG00000110947	-0.1548	0.2195	0.2590	0.0994	-0.5597	0.0427
ENSMUSG00000110970	0.0065	-0.0567	-0.7168	-0.3172	0.1782	-0.8209
ENSMUSG00000110991	-0.2119	-0.0327	0.0238	0.3838	-0.2378	-0.1651
ENSMUSG00000111021	0.1401	0.0189	-0.2586	0.3151	-0.2420	0.2755
ENSMUSG00000111119	0.1611	0.2312	-0.2428	0.7519	-0.0172	-0.1362
ENSMUSG00000111159	0.1543	-0.3822	0.5752	0.1484	0.3275	0.0103
ENSMUSG00000111174	-0.2061	-0.0672	0.0663	-0.0028	-0.3529	0.3465
ENSMUSG00000111179	-0.5040	0.6112	-0.1333	0.1210	0.4778	-0.1728
ENSMUSG00000111190	0.5003	-0.4027	0.3191	0.3987	-0.5649	0.6125
ENSMUSG00000111239	-0.8490	-0.2606	0.1918	-0.4083	-0.5399	-0.3571
ENSMUSG00000111259	0.1640	0.4598	0.2815	-0.7289	0.1970	-0.3736
ENSMUSG00000111273	-0.3849	-0.5893	-0.6977	0.5102	-0.2387	-0.0849
ENSMUSG00000111306	-0.6469	-0.2398	-0.2748	-0.6732	0.2387	-0.0370
ENSMUSG00000111338	0.0087	0.1746	-0.2738	-0.2558	-0.5345	-0.0084
ENSMUSG00000111356	-0.3112	-0.4292	-0.1165	-0.6719	0.0662	-0.2401
ENSMUSG00000111448	0.4765	0.4169	-0.0928	-0.1434	0.2249	0.1340
ENSMUSG00000111454	-0.2483	-0.4812	-0.3506	-0.1874	-0.1171	0.4006
ENSMUSG00000111456	-0.2909	0.4422	0.3714	-0.0920	-0.0651	-0.1023
ENSMUSG00000111517	-0.0884	0.4401	0.0416	0.6562	-0.8674	-0.3529
ENSMUSG00000111567	0.5034	-0.2364	-0.2217	-0.4871	0.6298	-0.1620
ENSMUSG00000111590	-0.0002	0.1669	0.3192	-0.9773	-1.0417	-0.5601
ENSMUSG00000111611	0.2268	-0.2100	0.6291	0.4639	-0.0140	0.3813
ENSMUSG00000111660	-0.0666	0.1371	-0.4455	0.4487	-0.3561	-0.5410
ENSMUSG00000111661	0.1610	-0.7167	-0.1709	-0.7031	0.2104	0.2182
ENSMUSG00000111689	0.2746	-0.1392	0.0178	-0.1873	0.1229	-0.2429
ENSMUSG00000111709	0.2390	-0.2820	-0.2420	0.0730	0.1066	0.1567
ENSMUSG00000111711	0.2379	-0.2379	0.0936	0.0171	-0.1031	-0.6897
ENSMUSG00000111715	0.5498	0.1280	0.5930	-0.0477	0.4571	0.3489
ENSMUSG00000111732	0.6380	-0.6188	0.0653	-0.1480	0.1160	0.6054
ENSMUSG00000111747	0.4677	0.5681	-0.0484	-0.1624	-0.0656	-0.8328
ENSMUSG00000111772	-0.4584	0.3376	-0.6301	0.1132	0.4241	0.6029
ENSMUSG00000111863	-0.0813	-0.0464	0.0581	0.5771	0.0605	0.3972
ENSMUSG00000111869	-0.7965	0.2724	-0.5619	-0.4328	0.1744	0.3425
ENSMUSG00000112022	-0.0995	0.3042	-0.5089	-0.0704	0.1458	-0.5052
ENSMUSG00000112023	-0.2228	0.4456	0.2500	-0.1620	0.5748	-0.3797
ENSMUSG00000112027	0.2007	0.0034	-0.0925	-0.0236	-0.0728	-0.2506
ENSMUSG00000112039	-0.2734	0.7963	0.3392	0.1331	-0.6217	0.0189
ENSMUSG00000112051	-0.3449	0.0427	-0.0084	0.0655	0.0480	0.3823
ENSMUSG00000112148	-0.0020	-0.2997	0.5444	-0.3870	0.3509	-0.1944
ENSMUSG00000112216	-0.4579	0.0393	-0.1099	0.0555	0.0558	0.2452
ENSMUSG00000112252	0.5726	-0.0597	-0.5761	-0.0578	0.2079	-0.0276
ENSMUSG00000112341	-0.2865	-0.0842	0.4125	-0.9468	-0.4439	-0.2530
ENSMUSG00000112419	-0.0938	-0.1419	-0.4103	0.3309	-0.3630	0.4897
ENSMUSG00000112449	-0.1233	-0.0898	-0.0860	0.1093	-0.3402	0.0677
ENSMUSG00000112495	-0.1305	-0.6124	-0.0502	0.1863	0.0365	-0.2546
ENSMUSG00000112690	-1.2990	-1.3975	-1.4541	-1.8468	-3.0001	-2.9591
ENSMUSG00000112697	-0.5129	0.3232	0.0703	0.2426	-0.2346	-0.8018
ENSMUSG00000112740	0.5197	-0.2115	-0.4386	-0.2062	0.1484	-0.3522
ENSMUSG00000112781	0.2305	0.3591	0.5226	-0.2241	0.1493	-0.6123
ENSMUSG00000112814	0.2668	-0.0727	-0.1321	0.3669	0.2780	0.1198
ENSMUSG00000112919	-0.1628	0.3305	-0.5282	-0.1453	-0.2593	0.0923
ENSMUSG00000113163	0.1813	0.2499	-0.3905	-0.1457	-0.8974	-0.0366
ENSMUSG00000113198	-0.2420	-0.5082	-0.1673	0.0854	0.1202	0.1850
ENSMUSG00000113207	-0.6770	-0.1820	0.4749	0.1809	0.4241	-0.5400
ENSMUSG00000113237	0.3588	0.0751	0.0334	0.4344	-0.0825	-0.0561
ENSMUSG00000113247	-0.2947	-0.1987	-0.2064	-0.9150	-0.5887	-0.3193
ENSMUSG00000113280	0.1224	0.7698	0.0694	-0.4570	-0.1722	0.4734
ENSMUSG00000113565	-0.1431	0.1638	-0.2042	0.0447	-0.5781	0.2309
ENSMUSG00000113902	0.0198	0.2747	-0.4896	0.0506	0.0012	-0.1564
ENSMUSG00000114279	-0.2609	-0.8040	0.2438	0.3772	-0.3991	-0.0112
ENSMUSG00000114456	-0.1228	-0.0749	-0.0522	-0.3726	-0.0856	0.0131
ENSMUSG00000114481	-0.4380	0.0297	-0.0982	-0.1966	0.2804	0.1813
ENSMUSG00000114755	0.9313	1.4744	1.1805	1.5833	1.1224	0.5358
ENSMUSG00000114797	-1.0771	-0.8923	-1.0892	-0.7601	-1.3178	-1.0898
ENSMUSG00000114798	0.2215	-0.3755	0.2204	0.2900	0.0331	0.0316
ENSMUSG00000115338	0.2282	0.0740	-0.1910	0.7006	0.3098	0.1783
ENSMUSG00000115380	0.0459	-0.1567	-0.4600	0.0376	0.1390	-0.4841
ENSMUSG00000115958	0.1654	-0.5849	0.1122	-0.0951	0.2502	-0.2606
ENSMUSG00000115987	0.5555	-0.0820	-0.5537	-0.2042	0.2432	0.3806
ENSMUSG00000116158	0.0231	-0.2938	0.4745	1.0158	0.3355	0.0389
ENSMUSG00000116165	0.1020	-0.0408	-0.1113	0.4790	0.2242	0.0295
ENSMUSG00000116179	0.0881	0.2594	0.0819	0.1388	0.3772	-0.0546
ENSMUSG00000116336	0.8512	1.3698	1.4543	1.9902	2.2849	2.7155
ENSMUSG00000116378	0.2673	-0.1211	0.0753	0.3744	-0.0498	-0.0789
ENSMUSG00000116564	0.0552	0.1528	0.3437	0.5137	-0.1996	0.6818
ENSMUSG00000116648	-0.2431	-0.1481	0.7498	-0.3628	-0.3883	-0.1018
ENSMUSG00000116780	0.3518	-0.1689	-0.1214	-0.3199	-0.6380	-0.9071
ENSMUSG00000116845	-0.0835	0.4029	0.1942	0.7806	0.2734	0.0773
ENSMUSG00000117406	-0.3389	-0.0357	-0.5603	0.2824	0.1449	-0.2214
ENSMUSG00000118406	0.3464	0.5627	-0.1269	0.5362	0.9343	-0.0767
ENSMUSG00000118525	-0.5059	-0.1185	-0.0683	0.0329	-0.3863	0.0322
ENSMUSG00000118664	-0.5383	-0.5337	0.1732	0.4481	0.6690	-0.1829
ENSMUSG00000118665	0.0426	0.0487	0.1825	-0.2979	0.5330	0.0483
ENSMUSG00000118667	0.2012	-0.1219	-0.1204	0.0433	-0.5290	0.1481
ENSMUSG00000118668	-0.1416	-0.6959	0.5832	-0.8536	-0.1656	0.0358
ENSMUSG00000118675	-0.5190	0.2213	0.3906	-0.2122	0.3997	-0.2637
ENSMUSG00000118677	-0.1412	0.0747	-0.1040	0.1306	-0.2077	0.4470
ENSMUSG00000118687	0.1172	-0.5851	0.1769	0.2759	-0.2929	-0.1598
ENSMUSG00000118690	0.2170	-0.1968	-0.1721	-0.1129	0.4957	0.1068
ENSMUSG00000118698	0.1109	0.5993	0.4661	-0.2854	0.1647	-0.0549
ENSMUSG00000118708	-0.4351	-0.1851	0.7508	-0.3988	0.2722	-0.1749
ENSMUSG00000118715	-0.2549	-0.4112	-0.0654	-0.4430	-0.0256	-0.2063
ENSMUSG00000118718	0.2729	0.2126	0.3726	-0.1506	-0.1578	0.1811
ENSMUSG00000118721	0.1689	-0.0124	-0.0283	0.0946	0.2188	0.2626
ENSMUSG00000118723	-0.2255	0.6903	-0.2325	-0.0072	-0.0188	0.7892
ENSMUSG00000118725	0.1024	0.2376	0.4824	0.0379	-0.0059	-0.3242
ENSMUSG00000118726	1.0506	0.6367	0.2995	0.2531	-0.3713	0.3748
ENSMUSG00000118727	0.1027	0.0696	0.3394	-0.1972	0.1013	0.0342
ENSMUSG00000118734	-0.5130	-0.7221	0.0611	0.6359	-0.1438	0.2465
ENSMUSG00000118736	-0.1430	-0.3645	0.2429	-0.0712	0.0079	-0.3337
ENSMUSG00000118738	0.5763	0.0454	0.0060	0.2405	0.3072	-0.3922
ENSMUSG00000118741	0.2067	-0.3726	-0.3889	-0.0884	0.2777	-0.0284
ENSMUSG00000118743	0.3968	0.5435	0.1931	-0.2553	0.3689	0.1094
ENSMUSG00000118746	0.4554	0.0822	0.3644	-0.6708	-0.3733	0.4447
ENSMUSG00000118747	-0.0367	-0.1364	-0.0519	0.2179	-0.4553	1.0910
ENSMUSG00000118751	-0.3384	-0.0211	-0.0458	-0.5682	0.0727	0.1407
ENSMUSG00000118756	-0.3444	-0.4668	-0.2237	0.1332	0.2973	0.3650
ENSMUSG00000118757	-0.0169	-0.1316	-0.5615	0.2232	-0.1034	-0.3583
ENSMUSG00000118759	-0.0299	-0.3536	-0.2241	0.0169	-0.5659	-0.3464
ENSMUSG00000118763	0.1160	-0.1271	0.4746	-0.2789	-0.0167	-0.0996
ENSMUSG00000118764	-0.2225	-0.0932	0.0854	0.4988	0.2130	0.1225
ENSMUSG00000118768	0.0424	-0.3354	0.1627	0.2304	-0.2562	-0.0891
ENSMUSG00000118769	-0.1178	-0.3856	0.1139	0.5411	-0.4287	-0.5564
ENSMUSG00000118770	0.2270	-0.6346	-0.1247	-0.1082	-0.7233	-0.0458
ENSMUSG00000118772	0.2234	0.0860	0.2924	0.0973	-0.1956	-0.0068
ENSMUSG00000118773	-0.7525	0.2194	-0.8345	-0.3658	-0.7559	0.5622
ENSMUSG00000118780	0.2578	0.1682	0.4068	-0.2464	0.2089	0.3680
ENSMUSG00000118781	-0.2418	-0.5563	-0.4939	0.1263	-0.3679	0.2324
ENSMUSG00000118782	-0.1467	-0.3136	0.2699	-0.0684	-0.2704	0.5024
ENSMUSG00000118789	-0.4018	-0.3794	-0.3429	0.2194	-0.0749	-0.4066
ENSMUSG00000118790	-1.3610	-0.8828	-0.8778	-1.5596	-1.0067	-1.1583
ENSMUSG00000118793	-0.3655	0.2923	0.4076	-0.3355	-0.3252	-0.6383
ENSMUSG00000118795	-0.1727	-0.9875	-0.8753	-0.0055	0.0525	0.5914
ENSMUSG00000118796	0.3526	-0.1244	0.2971	-0.8261	-0.0731	0.1011
ENSMUSG00000118798	0.0597	-0.0060	-0.0724	-0.6398	0.0140	-0.2087
ENSMUSG00000118799	-0.2828	0.2338	0.3308	-0.0898	0.0782	-0.6108
ENSMUSG00000118803	0.0459	-0.6661	-1.0749	0.0475	-0.1689	-0.1807
ENSMUSG00000118804	0.6165	-0.1328	-0.0115	0.2879	0.0345	-0.1070
ENSMUSG00000118807	0.0925	-1.2842	-0.0026	-0.0879	0.0592	0.0649
ENSMUSG00000118809	0.2450	0.4617	0.1663	-0.2159	0.0836	-0.3040
ENSMUSG00000118811	-0.0370	0.4462	-0.1892	-0.1041	0.0828	-0.7145
ENSMUSG00000118813	-0.5742	0.0246	-0.6029	-0.9277	-0.2575	-0.4461
ENSMUSG00000118814	-0.5347	-0.5546	-1.0629	-1.3689	-0.9551	-1.2524
ENSMUSG00000118815	-0.2961	0.5998	0.1374	-0.1851	-0.3057	0.3392
ENSMUSG00000118816	0.1306	-0.0350	-0.3215	0.2555	0.2277	-0.4360
ENSMUSG00000118824	-0.4242	0.1018	0.3496	-0.4621	-0.3531	-0.0297
ENSMUSG00000118825	-0.2310	0.4589	-0.4918	0.2406	0.3951	0.6811
ENSMUSG00000118827	-0.1633	0.6630	-0.5712	0.1145	-0.0778	-0.4867
ENSMUSG00000118829	0.8259	-0.0003	0.3098	0.3318	0.3433	-0.6804
ENSMUSG00000118837	0.4580	0.0796	-0.2352	-0.3341	-0.0209	0.3575
ENSMUSG00000118838	-0.9094	0.0002	-0.2846	0.0762	0.2214	-0.0847
ENSMUSG00000118839	0.5242	-0.6418	-0.4267	-0.4917	-0.0817	-0.2525
ENSMUSG00000118842	0.3668	-0.0020	0.0517	-0.6345	-0.1803	-0.0377
ENSMUSG00000118848	0.1117	-0.3319	0.4252	-0.0488	0.3424	-0.5870
ENSMUSG00000118853	-0.2091	0.2104	-0.3554	-0.3976	-0.0583	-0.2277
ENSMUSG00000118855	-0.6854	0.1095	0.2056	-0.1513	0.0811	-0.0365
ENSMUSG00000118857	0.0910	-0.1783	0.0503	-0.1886	0.0304	-0.2507
ENSMUSG00000118858	-0.5741	-0.2824	-0.2088	0.4788	0.1109	0.4020
ENSMUSG00000118859	-0.7384	-0.0860	-0.4652	-0.3769	-0.1057	0.2135
ENSMUSG00000118860	-0.0667	-0.4462	-0.7558	0.0828	-0.3018	0.0724
ENSMUSG00000118864	0.0379	0.5927	0.1633	-0.4176	-0.3754	0.3919
ENSMUSG00000118865	0.0709	0.0672	-0.3701	0.1464	-0.0298	0.0114
ENSMUSG00000118867	0.5419	0.1301	-0.0498	-0.0800	-0.3289	0.4666
ENSMUSG00000118868	0.5989	0.0639	0.1454	-0.3181	0.2030	0.0434
ENSMUSG00000118870	0.1843	-0.2520	0.2948	0.0673	0.0734	-0.0595
ENSMUSG00000118871	-0.2972	0.0651	-0.6327	-0.4524	0.2996	0.3382
ENSMUSG00000118872	-0.3986	-0.1064	0.2936	-0.5682	-0.4455	-0.5241
ENSMUSG00000118876	0.4640	-0.1513	0.0569	0.4374	0.6583	-0.2399
ENSMUSG00000118880	-0.2120	-0.2643	0.2468	0.3669	0.0977	0.0438
ENSMUSG00000118881	0.1982	0.1582	0.4626	0.0844	-0.0039	0.6223
ENSMUSG00000118883	0.3103	-0.1494	0.1381	0.2524	0.4202	0.0190
ENSMUSG00000118885	-0.5681	-0.1334	0.4079	0.4598	0.3902	0.6779
ENSMUSG00000118889	0.0421	0.1911	0.2966	-0.2298	0.6937	-0.2349
ENSMUSG00000118890	0.4936	-0.5179	0.1014	0.3494	-0.0774	-0.0821
ENSMUSG00000118894	-0.6800	0.3494	0.1219	0.5999	-0.4175	0.0355
ENSMUSG00000118898	-0.0802	-0.0291	0.4842	-0.2068	-0.2862	-0.4173
ENSMUSG00000118904	-0.3227	0.5260	0.1599	-0.0254	0.2917	0.0472
ENSMUSG00000118906	-0.0667	-0.0745	-0.0419	0.1882	0.0059	-0.4611
ENSMUSG00000118907	-0.3691	0.7471	0.1858	0.1463	-0.2858	-0.3847
ENSMUSG00000118908	0.1158	0.1609	0.2649	-0.0719	0.3286	-0.3388
ENSMUSG00000118910	-0.0837	-0.7935	-0.0434	-0.0191	-0.0180	-0.7805
ENSMUSG00000118912	-0.2985	0.1231	-0.5827	-0.6068	-0.3327	0.0042
ENSMUSG00000118913	-0.4285	0.2167	0.1623	-0.0584	-0.2098	-0.6086
ENSMUSG00000118914	-0.4332	-0.4435	0.0475	-0.0948	0.1655	0.5073
ENSMUSG00000118915	0.4927	0.3348	-0.4356	-0.1357	0.3503	-0.2470
ENSMUSG00000118917	-0.3403	0.4472	0.0430	-0.2421	0.3390	-0.8908
ENSMUSG00000118918	0.3766	-0.6140	-0.0545	0.1624	-0.4987	0.1082
ENSMUSG00000118919	-0.1075	0.2475	0.2894	0.2502	0.0628	-0.1911
ENSMUSG00000118920	-0.2208	0.4272	0.4443	-0.8502	-0.2111	-0.3450
ENSMUSG00000118922	-0.2588	0.0620	-0.2869	0.3774	0.1574	0.1791
ENSMUSG00000118923	-0.2146	0.0951	-0.5973	0.2320	0.2118	0.0374
ENSMUSG00000118928	-0.3081	-0.1971	0.2070	0.2965	-0.3062	0.0944
ENSMUSG00000118930	-0.3273	0.3013	-0.1154	0.2139	0.4577	0.0273
ENSMUSG00000118936	0.1544	0.4161	0.2352	-0.5041	0.0589	-0.5408
ENSMUSG00000118937	0.3621	-0.4805	-0.3107	-0.6971	-0.1178	-0.0741
ENSMUSG00000118939	0.1557	0.2114	0.2619	0.3778	-0.2360	-0.0836
ENSMUSG00000118945	-0.4465	-0.2631	-0.1716	0.1701	0.2648	0.2638
ENSMUSG00000118948	0.7018	0.1906	0.0347	-0.5573	-0.2960	-0.0465
ENSMUSG00000118952	-0.6387	-0.4083	-0.2664	-0.0373	-0.5571	-0.2662
ENSMUSG00000118956	-0.2533	-0.7319	-1.1534	-0.8852	-0.8706	-0.9025
ENSMUSG00000118966	0.0795	-0.1235	0.1519	0.1405	0.2119	0.3812
ENSMUSG00000118967	0.4856	-0.0097	0.9108	-0.5107	0.1617	-0.0367
ENSMUSG00000118968	-0.5685	-0.1881	-0.4669	0.0246	-0.7641	0.1283
ENSMUSG00000118970	0.3797	-0.1600	-0.0859	-0.4093	0.3353	0.2909
ENSMUSG00000118972	0.3199	0.2024	-0.0412	0.2618	-0.2829	0.3039
ENSMUSG00000118977	-0.1354	-0.5266	-0.8147	-0.4370	-0.1347	-0.4271
ENSMUSG00000118995	-0.2350	0.0941	0.2889	0.2770	-0.8214	0.0863
ENSMUSG00000118998	0.0082	-0.2137	0.3271	-0.0347	-0.1449	-0.0029
ENSMUSG00000119002	0.2106	0.4414	0.2833	-0.3209	-0.4365	0.2109
ENSMUSG00000119004	-0.0257	-0.4700	-0.5825	-0.6554	0.0954	-0.5020
ENSMUSG00000119009	-0.1731	0.3030	0.3866	-0.0608	-0.2846	-0.1755
ENSMUSG00000119012	-0.9057	-0.4379	-1.3573	-0.7773	-1.1331	-1.3473
ENSMUSG00000119013	0.1513	0.2315	-0.0341	0.3251	-0.3861	-0.1716
ENSMUSG00000119014	-0.4835	-0.0744	-0.1463	-0.5629	-0.2992	-0.1520
ENSMUSG00000119015	-0.2816	0.0923	0.0279	0.2635	-0.2040	0.3905
ENSMUSG00000119019	-0.2845	0.4043	0.0928	-0.2434	-0.1285	-0.1292
ENSMUSG00000119023	0.6489	0.6379	0.7121	0.4472	1.2154	1.3266
ENSMUSG00000119024	0.3860	0.0304	-0.0533	-0.1805	-0.2445	0.1653
ENSMUSG00000119025	-0.1356	0.0124	-0.2611	0.8692	-0.0174	0.1810
ENSMUSG00000119030	-0.5146	-0.1427	0.1109	0.0602	0.1249	0.2429
ENSMUSG00000119031	-0.2369	0.0383	0.0943	-0.1813	0.8002	-0.4223
ENSMUSG00000119035	0.5830	0.3042	0.2704	-0.1497	0.4238	-1.0474
ENSMUSG00000119036	0.0392	0.3580	0.3905	0.1652	0.2967	-0.1941
ENSMUSG00000119038	0.3272	0.3508	-0.5489	-0.4182	0.2807	-0.0133
ENSMUSG00000119039	0.4734	-0.1011	0.3230	0.0491	0.4661	-0.4050
ENSMUSG00000119040	-0.1261	0.6713	-0.0240	-0.1714	-0.0477	0.8054
ENSMUSG00000119041	0.5208	-0.1103	0.1650	0.5987	-0.0841	-0.0724
ENSMUSG00000119045	0.2437	0.2715	-0.2321	-0.2466	-0.0236	0.0655
ENSMUSG00000119049	0.2149	1.0599	-0.6880	-0.1635	0.1904	-0.7575
ENSMUSG00000119053	-0.2948	0.0819	0.0233	0.0328	0.2989	-0.6932
ENSMUSG00000119058	-0.0452	0.4076	0.5157	0.0406	0.4441	0.4363
ENSMUSG00000119061	0.0795	-0.1770	-0.1216	0.0963	0.2196	0.8329
ENSMUSG00000119062	-0.1497	-0.4074	-0.2472	-0.1095	-0.0417	-0.3150
ENSMUSG00000119063	-0.2145	0.1961	-0.3772	-0.1127	-0.6473	-0.3736
ENSMUSG00000119069	0.0493	0.1196	0.2687	-0.1572	0.1583	-0.3012
ENSMUSG00000119074	0.4827	-0.4866	-0.0724	0.3569	0.7082	0.0826
ENSMUSG00000119078	0.1175	-0.0356	-0.6590	0.6756	-0.0971	0.2120
ENSMUSG00000119079	0.2905	0.5593	0.3632	0.2335	0.4202	-0.6310
ENSMUSG00000119082	0.2992	-0.6631	0.0513	-0.1277	-0.0961	0.5615
ENSMUSG00000119084	0.5735	-0.0362	-0.3936	-0.5516	-0.2451	0.4213
ENSMUSG00000119085	0.3431	-0.3541	0.5052	-0.2402	0.6041	0.1764
ENSMUSG00000119086	-0.1176	-0.6243	0.0288	0.0575	-0.1371	-0.0941
ENSMUSG00000119089	0.2491	-0.1725	-0.0753	-0.1219	-0.3897	0.2390
ENSMUSG00000119092	-0.2429	-0.0119	0.1529	0.0825	-0.2635	-0.0120
ENSMUSG00000119098	0.0475	-0.2383	-0.2128	-0.1343	-0.1583	0.1430
ENSMUSG00000119106	-0.1555	0.2841	-0.3741	-0.3292	0.3221	0.4898
ENSMUSG00000119115	0.4884	0.4949	0.5582	-0.0132	0.0344	0.3584
ENSMUSG00000119117	-0.1320	-0.3839	-0.1041	0.3092	-0.3108	0.4413
ENSMUSG00000119118	-0.7481	-0.1265	-0.4205	-0.3902	0.0424	-0.0524
ENSMUSG00000119122	-0.4285	0.9241	0.0817	-0.1596	0.4285	-0.0530
ENSMUSG00000119127	-0.1363	-0.0974	0.2784	-0.0805	-0.0831	0.1498
ENSMUSG00000119129	-0.3295	-0.4218	0.1625	0.0979	-0.5169	0.2349
ENSMUSG00000119131	0.2612	-0.0210	-0.3601	0.3522	-0.0613	-0.1435
ENSMUSG00000119132	-0.1950	0.0442	-0.0983	-0.1624	0.7723	0.0711
ENSMUSG00000119139	0.0665	0.2719	0.1855	0.4498	-0.7353	0.1210
ENSMUSG00000119142	0.0827	0.4310	-0.2773	0.1937	0.8678	0.4237
ENSMUSG00000119145	-0.1804	0.0581	-0.1737	0.4450	-0.2448	0.0447
ENSMUSG00000119149	-0.0994	-0.3829	-0.1701	-0.4791	-0.5274	-0.7307
ENSMUSG00000119153	0.5098	0.0424	-0.4567	-0.2763	0.3698	0.0914
ENSMUSG00000119159	0.0423	-0.1822	0.0764	-0.1527	0.0442	-0.1921
ENSMUSG00000119168	0.1557	-0.0634	0.1619	0.1171	-0.1973	-0.1953
ENSMUSG00000119171	-0.0651	0.0103	-0.2329	0.8354	-0.1072	0.8850
ENSMUSG00000119175	1.1778	0.5781	0.7064	0.7079	1.1664	1.3771
ENSMUSG00000119176	-0.3086	0.1241	-0.0012	-0.1783	0.1132	-0.0473
ENSMUSG00000119180	0.7247	0.4431	-0.1178	0.8220	-0.9406	-0.8712
ENSMUSG00000119183	-0.1574	0.4190	0.5590	-0.0235	-0.1816	0.0445
ENSMUSG00000119184	-0.0125	0.0070	0.1626	0.5650	0.1679	-0.0397
ENSMUSG00000119190	-0.2606	-0.0373	-0.3966	0.0250	0.2026	0.2835
ENSMUSG00000119194	-0.0116	-0.1223	-0.1625	0.1013	-0.0296	-0.6671
ENSMUSG00000119199	0.3793	-0.3252	0.4600	0.2660	-0.4180	0.5037
ENSMUSG00000119200	-0.0244	0.2146	-0.2619	-0.1090	0.0185	-0.2753
ENSMUSG00000119204	-0.4949	-0.1186	0.0251	0.0672	-0.1032	0.2799
ENSMUSG00000119206	-0.4387	-0.0538	0.0155	0.0517	0.5585	0.0094
ENSMUSG00000119207	-0.1529	-0.3140	0.1704	0.1611	-0.4811	-0.1220
ENSMUSG00000119208	-0.6859	-0.2790	0.0424	0.3712	-0.4824	0.2111
ENSMUSG00000119210	-0.6264	-0.5900	0.0915	-0.0848	0.1949	-0.0593
ENSMUSG00000119211	-0.2859	-0.4197	-0.0946	-0.2443	-0.1271	0.2541
ENSMUSG00000119213	-0.5076	-0.1459	0.1644	-0.2855	-0.4487	-0.1226
ENSMUSG00000119214	0.1034	-0.0637	0.1855	0.0171	0.1026	0.1916
ENSMUSG00000119216	-0.0689	0.4914	-0.0101	0.2076	0.2779	-0.1998
ENSMUSG00000119217	0.0159	-0.1639	-0.4017	-0.3073	0.1285	-0.1532
ENSMUSG00000119227	0.3895	-0.1215	-0.5268	-0.1097	-0.5184	-0.2383
ENSMUSG00000119228	0.5607	0.1394	0.2890	0.3294	0.4478	-0.0640
ENSMUSG00000119233	0.1461	0.2328	0.7138	0.0033	-0.0679	-0.1028
ENSMUSG00000119236	0.1904	-0.2183	0.2271	0.4900	-0.6860	-0.2197
ENSMUSG00000119240	0.1979	0.5774	-0.6177	0.8303	1.0940	-0.5167
ENSMUSG00000119241	0.2728	-0.2487	0.4313	-0.0389	-0.6781	-0.1863
ENSMUSG00000119251	0.0105	-0.4284	0.5063	0.2530	0.5568	0.6372
ENSMUSG00000119257	-0.4447	-0.3289	-0.9738	0.3798	0.2384	0.1104
ENSMUSG00000119259	0.3160	-0.4816	-1.0479	-0.0409	0.3373	-0.2546
ENSMUSG00000119260	0.7230	0.1237	0.2755	-0.0417	0.2789	-0.0223
ENSMUSG00000119262	-0.0865	-0.0224	0.2943	-0.5997	0.4638	0.3200
ENSMUSG00000119267	-0.2178	-0.2109	-0.2254	-0.4951	-0.2903	0.0204
ENSMUSG00000119272	-0.5625	0.3649	0.0634	-0.1569	0.1049	0.4085
ENSMUSG00000119273	-0.2617	0.3769	0.2294	-0.0909	0.3394	-0.0216
ENSMUSG00000119275	0.1307	-0.3173	0.0366	-0.4094	0.4230	0.2678
ENSMUSG00000119277	-0.1446	0.0581	-0.1307	0.2176	-0.2329	0.3042
ENSMUSG00000119278	-0.6159	0.1311	0.0982	-0.3880	-0.3318	-1.0926
ENSMUSG00000119280	-0.2959	-0.7381	-0.1739	-0.0227	0.2773	0.4457
ENSMUSG00000119286	0.4751	0.6833	0.0794	0.2114	0.0286	-0.4399
ENSMUSG00000119287	-0.0163	0.2150	-0.0907	-0.3017	-0.2239	0.4089
ENSMUSG00000119288	-0.3620	0.5735	0.5268	0.4162	1.2148	0.5404
ENSMUSG00000119290	-0.8896	-1.0165	-1.0754	-1.3876	-1.3995	-1.2198
ENSMUSG00000119293	-0.6572	-0.3254	0.0428	-0.0189	0.3669	-0.3801
ENSMUSG00000119299	0.5923	0.5583	-0.0763	0.4315	-0.2360	0.0357
ENSMUSG00000119307	-0.1274	0.4644	-0.3070	-0.3830	-0.2680	0.3006
ENSMUSG00000119308	-0.3233	-0.0422	0.2315	-0.2023	-0.2679	-0.3448
ENSMUSG00000119310	-0.3716	0.1994	0.1433	0.3997	0.3556	-0.0001
ENSMUSG00000119312	-0.2724	-0.2821	-0.0849	-0.5140	0.1176	0.6017
ENSMUSG00000119314	0.5398	-0.2390	0.2282	-0.7823	0.2343	-0.3126
ENSMUSG00000119317	-0.0854	-0.2904	0.0822	-0.1755	-0.4091	-0.0882
ENSMUSG00000119318	-0.4063	-0.1944	0.5632	0.8176	0.3467	-0.0560
ENSMUSG00000119321	-0.4494	0.4406	-0.7331	0.2851	0.3702	-0.2299
ENSMUSG00000119324	0.3775	-0.8546	0.1822	0.0790	0.4626	0.0208
ENSMUSG00000119325	0.3256	0.2256	0.4113	0.4380	-0.0340	0.2319
ENSMUSG00000119332	-0.1288	0.0285	0.3311	-0.2650	-0.1039	-0.1204
ENSMUSG00000119334	-0.4669	-0.0801	0.2176	-0.1104	-0.4264	-0.3662
ENSMUSG00000119338	0.1022	-0.1662	-0.0307	0.2588	-0.2870	0.5677
ENSMUSG00000119339	-0.4850	0.0711	-0.0285	-0.4563	-0.0780	0.7375
ENSMUSG00000119342	0.0600	-0.1002	0.0923	0.0913	-0.3275	-0.0037
ENSMUSG00000119343	0.2302	0.2226	-0.2103	0.0100	0.4057	0.0379
ENSMUSG00000119346	-0.0277	-0.0130	0.2077	0.7445	0.0062	0.3187
ENSMUSG00000119353	0.5182	0.3165	0.4144	0.3333	0.1699	0.2962
ENSMUSG00000119356	-0.0625	0.2659	1.0195	1.0088	1.3848	1.2953
ENSMUSG00000119360	0.3040	0.3439	-0.2743	-0.5528	-0.0626	0.0990
ENSMUSG00000119363	0.0071	0.1447	0.0897	0.0669	0.0173	0.3339
ENSMUSG00000119364	0.3219	-0.1856	0.5173	0.1661	-0.7417	-0.4747
ENSMUSG00000119368	-1.0313	-0.9335	-1.0447	-1.5999	-1.4463	-0.8982
ENSMUSG00000119376	0.3396	-0.3027	-0.2406	-0.4538	0.3157	-0.1747
ENSMUSG00000119377	-0.0039	-0.0409	0.0894	-0.0187	-0.5327	0.2304
ENSMUSG00000119378	-1.0446	-0.3433	0.3933	-0.4991	0.1005	0.2374
ENSMUSG00000119380	0.0382	0.0776	0.2017	-0.2337	0.2707	-0.0119
ENSMUSG00000119381	0.6710	0.0169	0.1641	-0.4409	0.0763	0.2895
ENSMUSG00000119383	-0.2354	0.0713	0.4479	-0.4045	-0.6769	-0.2595
ENSMUSG00000119395	-0.2514	0.1062	-0.1904	0.7428	-0.0496	-0.0688
ENSMUSG00000119396	0.3981	0.3623	0.0507	-0.4758	-0.3483	-0.0467
ENSMUSG00000119399	-0.7520	-0.5057	-0.4540	0.6656	0.1588	0.1765
ENSMUSG00000119402	-0.1743	-0.0057	-0.2791	0.2454	0.1503	0.4320
ENSMUSG00000119403	0.1375	0.0685	0.0525	0.0741	0.0197	0.3637
ENSMUSG00000119409	-0.1285	0.2631	0.7833	0.1631	0.6341	0.1305
ENSMUSG00000119411	0.7789	0.1915	-0.0082	0.1519	-0.1642	0.1887
ENSMUSG00000119413	-0.2109	-0.3154	-0.2303	0.2748	-0.5413	0.2900
ENSMUSG00000119414	-0.6246	0.2330	0.1511	-0.2133	0.1122	0.4961
ENSMUSG00000119426	0.0292	-0.2442	-0.4112	0.5567	-0.3934	0.6870
ENSMUSG00000119427	0.1267	0.0446	0.6392	-0.5282	0.1826	-0.1078
ENSMUSG00000119430	-0.2575	-0.1509	-0.6561	0.3608	0.0049	0.4304
ENSMUSG00000119433	0.2111	-0.1535	-0.4657	-0.0275	0.0607	0.1220
ENSMUSG00000119440	0.4729	-0.4244	0.7905	0.2785	0.5907	-0.4561
ENSMUSG00000119441	-0.1439	-0.0523	-0.1321	0.2765	0.1909	0.0859
ENSMUSG00000119442	-0.0871	0.4707	0.2765	0.6332	0.0968	-0.2042
ENSMUSG00000119449	0.4007	-0.0762	-0.5657	-0.2189	-0.0609	0.1586
ENSMUSG00000119451	-0.1098	-0.3272	0.2967	0.0715	0.1946	-0.3278
ENSMUSG00000119452	-0.1300	-0.2552	-0.4102	0.4273	-0.0206	0.2228
ENSMUSG00000119458	-0.2394	-0.2939	0.1789	0.3873	0.3330	-0.4173
ENSMUSG00000119459	-0.0483	0.4128	0.1655	0.2591	0.3992	-0.4250
ENSMUSG00000119461	-0.3870	0.2641	-0.0990	-0.6665	0.0792	-0.0036
ENSMUSG00000119462	0.1538	0.1217	0.3295	0.3070	0.1523	0.8067
ENSMUSG00000119467	-0.0788	-0.2213	-0.0050	0.0722	-0.1531	-0.2905
ENSMUSG00000119470	-0.1911	-0.2830	0.0519	-0.5187	-0.2486	-0.1847
ENSMUSG00000119471	-0.4054	0.8218	-0.0413	0.1755	-0.0100	-0.2326
ENSMUSG00000119473	-0.7247	-0.8276	-0.0477	-1.6643	-1.3199	-1.4618
ENSMUSG00000119476	0.2110	-0.4774	-0.9067	0.4137	-0.1144	-0.0751
ENSMUSG00000119481	-0.1473	0.0076	0.4949	-0.0370	0.1920	0.0548
ENSMUSG00000119482	-0.0469	0.4228	-0.0058	-0.0870	-0.0492	-0.5070
ENSMUSG00000119488	0.2420	0.0433	0.1765	-0.6598	0.6143	0.2231
ENSMUSG00000119493	-0.0325	-0.0154	-0.5728	-0.3902	0.3377	-0.3361
ENSMUSG00000119500	-0.2006	-0.3320	-0.9756	-1.5488	-0.8632	-1.1019
ENSMUSG00000119501	0.1555	0.1921	0.0299	-0.1584	-0.4168	0.1280
ENSMUSG00000119503	0.0058	-0.6380	0.3066	0.0081	0.3635	-0.0408
ENSMUSG00000119509	-0.3898	0.0739	0.2060	0.1190	0.1642	0.3713
ENSMUSG00000119510	0.0268	-0.1708	0.0089	0.5629	-0.3748	0.7224
ENSMUSG00000119511	-0.0451	0.3140	-0.8146	-0.3780	-0.1228	0.0652
ENSMUSG00000119515	-0.4245	-0.4491	-0.5008	-0.4102	-0.1904	0.1559
ENSMUSG00000119516	0.1160	-0.0708	0.7516	-0.2117	-0.2056	0.6932
ENSMUSG00000119520	0.4126	0.3690	1.1547	1.1771	1.3043	1.6865
ENSMUSG00000119521	0.1678	-0.2305	0.6105	0.4647	-0.3937	0.5635
ENSMUSG00000119523	-0.7522	0.3002	-0.4149	-0.0200	-0.0347	0.0122
ENSMUSG00000119529	0.1525	-0.1451	-0.0297	0.1548	-0.4724	-0.2858
ENSMUSG00000119538	-0.1202	0.3681	0.1662	0.4865	0.2622	0.0235
ENSMUSG00000119543	-0.1324	-0.0830	0.0782	0.0749	-0.3779	-0.9388
ENSMUSG00000119546	0.2932	0.1922	0.4626	-0.3061	-0.0077	0.0659
ENSMUSG00000119552	0.4238	-0.2381	0.2264	-0.3955	0.1307	-0.0648
ENSMUSG00000119556	0.2474	-0.2858	-0.3110	-0.1101	-0.0482	-0.5184
ENSMUSG00000119561	0.1204	-0.2096	0.1660	0.4076	-0.1076	0.4291
ENSMUSG00000119562	-0.1429	-0.1488	-0.3602	0.0512	-0.3782	-0.0623
ENSMUSG00000119563	0.0990	0.1036	-0.4159	0.0002	0.6769	-0.0007
ENSMUSG00000119567	0.2779	0.1104	-0.4255	0.1972	-0.2448	-0.4128
ENSMUSG00000119572	-0.1508	0.0738	0.0363	0.5137	0.4196	-0.5525
ENSMUSG00000119580	0.1132	-0.1774	0.0055	-0.5074	-0.3680	-0.3566
ENSMUSG00000119581	0.2940	-0.1715	-0.5941	0.0414	0.3969	0.0400
ENSMUSG00000119582	-0.3846	0.2595	0.1018	0.4924	0.2529	-0.0444
ENSMUSG00000119584	0.2888	-0.0158	0.5323	-0.5921	-0.3298	0.5882
ENSMUSG00000119586	0.2212	0.2606	0.2445	0.1093	0.3897	0.6391
ENSMUSG00000119587	-0.2090	0.1972	0.0959	-0.2099	-0.5031	-0.4620
ENSMUSG00000119593	-0.1139	-0.2762	-0.3897	-0.1669	0.5443	0.3613
ENSMUSG00000119594	0.4501	0.4730	-0.0981	-0.2239	-0.3331	0.2189
ENSMUSG00000119598	0.1022	-0.1626	-0.5350	-0.4776	0.7524	0.1039
ENSMUSG00000119601	0.4549	0.2226	0.7586	0.2007	0.1017	0.2700
ENSMUSG00000119602	-0.2659	0.1722	0.3192	-0.1012	0.3437	-0.2480
ENSMUSG00000119614	-0.0618	-0.0505	0.5294	-0.2962	0.7811	0.0334
ENSMUSG00000119615	0.2877	0.1521	0.8118	0.2836	-0.0630	-0.4516
ENSMUSG00000119624	-0.1389	-0.1853	0.2127	0.5303	-0.4136	0.2592
ENSMUSG00000119629	-0.2599	0.0888	0.7782	-0.4324	0.0432	0.1841
ENSMUSG00000119631	-0.2339	0.0374	0.3261	-0.3990	0.1339	0.7290
ENSMUSG00000119633	0.2853	-0.4037	0.2228	0.3412	-0.2804	-0.3167
ENSMUSG00000119638	-0.3498	0.3794	-0.0202	-0.2438	0.5625	0.0364
ENSMUSG00000119640	-0.0427	-0.0622	-0.0211	0.4647	-0.3395	-0.3576
ENSMUSG00000119642	0.1598	0.1550	0.0028	0.3340	0.8128	-0.0076
ENSMUSG00000119648	0.1227	-0.5904	0.3342	-0.2453	0.3143	-0.3289
ENSMUSG00000119653	-0.3443	-0.2445	0.0686	-0.1055	-0.1946	0.1531
ENSMUSG00000119654	0.4882	0.3813	1.1050	-0.2083	-0.0721	-0.0222
ENSMUSG00000119655	-0.6175	0.4145	-0.0613	-0.5380	0.3319	-0.5190
ENSMUSG00000119656	0.4795	-0.6323	0.6012	-0.6216	0.3364	-0.0563
ENSMUSG00000119657	-0.8452	0.2535	-0.6939	-0.4982	-0.3909	0.7175
ENSMUSG00000119658	-0.0604	0.7915	0.5395	2.0313	1.6236	1.1639
ENSMUSG00000119659	0.4565	0.7850	0.3536	0.6062	1.4074	1.4196
ENSMUSG00000119660	0.0673	0.5387	-0.0570	0.1555	-0.3490	0.2329
ENSMUSG00000119661	-0.0666	0.1707	0.2958	-0.5616	0.4713	-0.2393
ENSMUSG00000119668	0.2859	-0.2446	0.1858	-0.2619	0.5227	0.0507
ENSMUSG00000119670	-0.3374	-0.6296	-0.2721	0.1139	0.2426	-0.0410
ENSMUSG00000119673	0.4351	0.0331	1.5311	1.5523	1.1743	1.1763
ENSMUSG00000119677	-0.6776	-0.5725	-0.7249	-0.7533	-1.1697	-1.1941
ENSMUSG00000119678	-0.1221	0.1865	-0.2499	0.3074	0.6662	0.0834
ENSMUSG00000119679	-0.5688	-0.2479	-0.4367	-0.0050	0.3231	-0.3533
ENSMUSG00000119680	-0.4957	-0.0489	-0.1536	0.7638	0.2623	-0.2486
ENSMUSG00000119681	0.1759	-0.1447	-0.4988	0.1780	0.2601	-0.0538
ENSMUSG00000119684	0.0286	0.2377	-0.0536	-0.1699	0.0717	-0.1100
ENSMUSG00000119685	-0.4662	0.2602	-0.4721	0.3277	0.0805	-0.6180
ENSMUSG00000119686	-0.2250	0.0829	0.1048	1.0445	-0.1793	0.3336
ENSMUSG00000119692	-0.0327	-0.3631	0.0672	-0.5556	0.2711	0.2176
ENSMUSG00000119701	-0.0813	-0.2814	0.2430	0.5527	0.1411	-0.0322
ENSMUSG00000119711	0.2812	-0.0586	-0.4554	0.2510	0.2987	0.5815
ENSMUSG00000119714	0.3661	-0.5493	0.1438	0.4896	-0.1062	-0.7928
ENSMUSG00000119719	-0.5755	-1.1458	-0.6038	-0.1349	-1.0595	-0.7754
ENSMUSG00000119721	-0.3100	-0.4263	-0.3629	-0.3233	0.0293	-0.2810
ENSMUSG00000119728	-0.4719	-0.5841	-0.0755	0.2922	0.1741	0.0235
ENSMUSG00000119730	-0.4349	-0.3572	0.3421	0.0824	-0.4113	0.3946
ENSMUSG00000119731	-0.0649	-0.3715	0.3398	-0.1863	-0.1282	0.2717
ENSMUSG00000119732	0.5019	-0.2948	-0.2304	-0.1864	-0.1756	0.2273
ENSMUSG00000119734	0.1092	0.7471	0.0348	-0.2051	0.0131	-0.4436
ENSMUSG00000119735	-0.0520	-0.2424	-0.2957	0.1487	-0.2407	-0.2728
ENSMUSG00000119736	0.2333	-0.6612	-0.1635	0.2211	-0.1097	0.3735
ENSMUSG00000119738	0.7339	-0.4895	0.7013	-0.0802	-0.2612	0.6101
ENSMUSG00000119741	0.6754	0.5239	0.1440	-0.0705	0.5950	0.3632
ENSMUSG00000119743	-0.5799	0.0826	0.1316	0.1178	0.3664	-0.3153
ENSMUSG00000119744	-0.7725	0.0157	-0.2448	0.5044	0.1813	-0.0810
ENSMUSG00000119745	0.1500	0.5333	-0.7385	0.0204	0.0069	0.5701
ENSMUSG00000119747	-0.4140	-0.2451	-0.2126	0.8110	-0.0248	-0.1539
ENSMUSG00000119748	0.0453	-0.5488	0.1896	0.4941	-0.5067	-0.1310
ENSMUSG00000119752	0.6584	-0.1656	0.5533	0.3157	-0.0002	-0.5089
ENSMUSG00000119754	-0.5505	0.4850	-0.0651	-0.1097	0.1671	-0.2586
ENSMUSG00000119755	0.3991	0.4532	0.1700	-0.3555	-0.0284	0.1209
ENSMUSG00000119756	-0.1772	0.2785	-0.4034	0.3444	0.0835	0.0183
ENSMUSG00000119757	-0.3458	-0.2322	0.1542	-0.2284	-0.1421	-0.2395
ENSMUSG00000119759	-0.0217	-0.5145	0.1106	0.2845	0.0382	-0.1707
ENSMUSG00000119760	0.1467	-0.1813	0.2065	0.1004	0.1465	0.1248
ENSMUSG00000119761	0.1369	0.3549	-0.0135	0.0539	0.6214	-0.0731
ENSMUSG00000119762	-1.0036	-0.2725	0.0489	0.3080	-0.1965	0.3749
ENSMUSG00000119766	0.2350	1.2794	1.2640	1.0867	1.1995	1.1282
ENSMUSG00000119767	0.0208	0.0334	-0.1224	-0.3859	-0.5871	0.2236
ENSMUSG00000119774	0.6123	0.1907	-0.4076	0.0179	-0.1336	-0.0735
ENSMUSG00000119776	0.6832	-0.0274	0.0243	0.0591	-0.5942	-0.0908
ENSMUSG00000119780	0.0246	0.5236	-0.3127	-0.2263	0.2591	-0.1108
ENSMUSG00000119782	-0.0198	0.0046	0.2098	0.0130	0.4182	0.3232
ENSMUSG00000119789	0.2628	0.8020	-0.4963	0.0741	0.1295	-0.0934
ENSMUSG00000119790	-0.5867	-0.1343	-0.4386	-0.0028	0.5216	-0.6521
ENSMUSG00000119791	-1.0715	0.0922	-0.0753	-0.1122	-0.0756	-0.1313
ENSMUSG00000119797	0.4680	0.7428	0.4028	0.2096	-0.2959	-0.4995
ENSMUSG00000119799	0.4771	1.1068	0.7135	1.3097	1.5360	1.1158
ENSMUSG00000119801	-0.2789	0.2130	-0.2500	0.0306	-0.1092	-0.1708
ENSMUSG00000119802	0.2952	0.5956	0.7284	1.2593	0.9671	1.5872
ENSMUSG00000119807	-0.1928	-0.1001	0.2272	-0.7470	0.4088	-0.4105
ENSMUSG00000119808	0.0397	-0.3297	0.6363	0.2428	0.3004	-0.2788
ENSMUSG00000119809	-0.2271	-0.0095	-0.2276	-0.1081	-0.6219	0.0861
ENSMUSG00000119815	-0.4372	-0.0135	-0.0734	0.9625	-0.1057	-0.1601
ENSMUSG00000119820	0.1692	0.0873	-0.5269	-0.4196	-0.1727	0.0191
ENSMUSG00000119825	-0.1620	-0.1313	-0.2201	-0.3531	0.0535	-0.2900
ENSMUSG00000119828	-0.6057	0.0186	0.1314	-0.4381	0.7430	0.0890
ENSMUSG00000119833	0.8716	-0.0584	0.0945	-0.3502	0.6275	-0.4604
ENSMUSG00000119835	0.2679	-0.1257	-0.0927	-0.1627	-0.3315	-0.4243
ENSMUSG00000119838	0.1028	-0.5833	-0.5017	-0.5054	-0.0852	-0.4764
ENSMUSG00000119844	0.5591	0.5983	-0.0872	0.3177	-0.0627	0.4667
ENSMUSG00000119845	1.0442	1.0775	1.3214	0.8325	1.7546	1.2758
ENSMUSG00000119848	-0.0929	0.0380	0.7938	0.6295	-0.2226	-0.0310
ENSMUSG00000119859	-0.1028	-0.0177	0.1521	0.5593	0.7252	-0.2703
ENSMUSG00000119861	0.1539	0.2710	-0.3678	0.0597	0.2090	-0.6358
ENSMUSG00000119862	0.5599	-0.0016	-0.2677	0.0405	0.5808	-0.0057
ENSMUSG00000119867	-0.4149	-0.1611	0.5616	0.5778	0.0939	-0.1300
ENSMUSG00000119869	-0.9427	0.0460	-0.0011	0.4118	-0.2648	0.4195
ENSMUSG00000119873	-0.2155	-0.1117	0.3108	-0.1068	-0.6841	-0.0309
ENSMUSG00000119874	-0.1164	0.0093	-0.2027	0.5134	-0.1652	0.2806
ENSMUSG00000119876	0.0536	-0.6056	0.0362	0.1130	0.5528	-0.1015
ENSMUSG00000119877	-0.2756	-0.3927	0.1548	-0.2459	-0.5075	-0.8146
ENSMUSG00000119880	0.1969	-0.0995	0.1241	0.4133	-0.0508	-0.2897
ENSMUSG00000119883	0.2178	-0.6898	-0.5754	0.0699	-0.2962	0.2354
ENSMUSG00000119886	0.4670	0.4596	0.2363	0.5678	0.1427	0.3019
ENSMUSG00000119891	0.3436	0.2447	-0.0243	-0.2548	0.1659	-0.0716
ENSMUSG00000119892	0.4402	-0.2412	-0.2113	-0.0724	-0.5650	-0.0447
ENSMUSG00000119893	0.1607	0.2138	0.1363	-0.1887	-0.0869	-0.6319
ENSMUSG00000119894	0.0599	0.1648	0.0820	-0.3198	0.4922	-0.8281
ENSMUSG00000119895	-0.9064	-0.0200	0.1776	0.4392	-0.1226	0.3786
ENSMUSG00000119899	-0.1342	0.1628	0.0583	0.0329	0.1720	-0.3199
ENSMUSG00000119903	-0.1394	0.0468	-0.1951	0.2246	-0.3268	-0.8631
ENSMUSG00000119904	-0.4947	-0.6364	-0.5222	-0.3621	0.0416	0.3387
ENSMUSG00000119906	0.5166	0.1096	-0.1306	-0.2658	0.1631	0.0078
ENSMUSG00000119907	0.2283	0.0056	-0.0251	0.0648	0.3252	0.1046
ENSMUSG00000119912	0.0528	-0.1593	-0.0683	0.1642	0.6159	-0.3612
ENSMUSG00000119917	-0.3359	0.3970	0.4367	0.1485	-0.5918	0.4128
ENSMUSG00000119919	0.2861	0.9316	0.0367	-0.4873	-0.1538	0.0559
ENSMUSG00000119920	-0.1656	-0.4784	-0.2649	-0.1528	-0.0887	0.0396
ENSMUSG00000119921	0.1934	-0.4523	-0.1945	0.2389	-0.4858	-0.2334
ENSMUSG00000119926	-0.3938	-0.1875	-0.2239	-0.1050	0.0287	0.3418
ENSMUSG00000119936	-0.2138	-0.3874	0.4649	-0.0679	-0.0659	-0.2726
ENSMUSG00000119938	0.0820	0.7243	-0.0168	-0.1942	0.0561	-0.1918
ENSMUSG00000121441	0.5835	0.0701	-0.2590	-0.0797	-0.8603	0.2026
ENSMUSG00000121510	-0.2296	-0.3214	0.4285	0.2853	0.1673	-0.3605
ENSMUSG00000121628	0.2900	0.1508	-0.2554	-0.5622	0.1691	-0.0915
ENSMUSG00000121647	0.2768	0.3383	0.0319	0.1702	0.1313	-0.4694
ENSMUSG00000121724	-0.1440	-0.3817	-0.1647	0.2662	0.0699	0.1043
ENSMUSG00000121797	-0.4669	-0.4715	-0.0571	-0.1236	0.3068	0.2375
ENSMUSG00000121800	-0.2381	0.0369	0.4903	0.2144	-0.2122	0.0387
ENSMUSG00000121801	0.1109	0.7214	0.4089	-0.0723	-0.2846	-0.5394
ENSMUSG00000121803	-0.1803	0.7365	-0.4937	-0.4045	0.6449	-0.0558
ENSMUSG00000121818	-0.1868	0.1389	0.2023	0.6437	0.2816	-0.6109
ENSMUSG00000121846	-0.0138	0.2896	-0.5587	0.0639	-0.1775	-0.8776
ENSMUSG00000121914	0.1534	0.2373	0.5893	-0.3303	0.0303	0.2244
ENSMUSG00000133207	-0.2752	0.1718	0.4751	0.3636	-0.3992	0.0156
ENSMUSG00000135477	-0.2376	-0.0411	0.2473	-0.5275	0.1256	-0.1548
ENSMUSG00000141775	-0.7050	-0.1347	-0.8554	0.5604	-0.4903	-0.4100
ENSMUSG00000142832	0.2735	-0.0336	0.2836	-0.1463	-0.5477	-0.1493
ENSMUSG00000144287	-0.4237	0.3672	0.5835	-0.1885	0.0148	0.4525
ENSMUSG00000144291	-0.4631	0.1470	0.2746	0.1813	-0.2194	-0.1357
ENSMUSG00001118661	0.4271	-0.0228	0.0666	0.2318	0.0862	0.2594
ENSMUSG00001118662	-0.2128	0.0573	-0.4491	0.6402	-0.0656	0.3717
ENSMUSG00001118663	0.1168	0.4966	-0.3208	-0.1026	0.3140	-0.1334
ENSMUSG00001118664	-0.2098	0.2010	0.6726	-0.4791	0.0187	0.1837
ENSMUSG00001118666	-0.3572	-0.0359	-0.4310	0.1711	0.7667	-0.0983
ENSMUSG00001118668	0.1853	-0.2972	-0.1774	-0.0051	-0.0632	0.9733
ENSMUSG00001118669	0.2700	-0.1592	-0.0467	0.4521	0.0316	-0.5900
ENSMUSG00002074955	0.0959	0.0442	0.4974	0.1236	0.0372	0.0005
ENSMUSG00002075210	0.3464	0.3301	-0.1907	-0.9967	-0.2532	0.0594
ENSMUSG00002075311	0.2363	0.3334	-0.5140	-0.1054	0.2067	0.3624
ENSMUSG00002075357	-0.1318	0.3417	0.9292	0.3406	-0.4983	-0.5299
ENSMUSG00002075443	-0.0324	0.0010	-0.0663	0.1004	0.5293	0.6379
ENSMUSG00002075635	-0.2711	-0.0785	-0.1143	-0.7934	-0.6026	0.2493
ENSMUSG00002075806	-0.7285	-0.3095	-0.2191	0.0464	0.6012	-0.1998
ENSMUSG00002075853	0.2310	0.6865	0.1123	0.0594	-0.4106	0.1424
ENSMUSG00002076013	0.0323	-0.1028	0.4486	-0.4468	-0.0259	-0.1331
ENSMUSG00002076020	-0.3054	0.3112	0.1041	0.1723	0.2287	-0.3225
ENSMUSG00002076109	0.1405	0.4879	0.0760	0.3538	-0.0977	-0.2490
ENSMUSG00002076188	0.2951	-0.3633	0.1348	-0.2967	-0.1075	-0.0263
ENSMUSG00002076349	0.2516	-0.0059	0.3826	-0.3281	0.0313	-0.0139
ENSMUSG00002076365	-0.4329	0.3865	0.0560	-0.1880	-0.5682	-0.0415
ENSMUSG00002076380	0.0912	-0.6344	0.0563	0.0381	0.1881	0.5923
ENSMUSG00002076678	0.3652	0.1277	-0.1628	-0.9860	-0.1001	0.6299
ENSMUSG00002076989	-0.5215	-0.2954	0.1906	0.3437	-0.3615	0.1711
