#compound	T00h	T02h	T06h	T12h	T18h	T24h
C00001	0.3369	0.4083	0.1557	-0.2600	0.3785	0.2007
C00002	-0.3013	-0.1687	-0.6693	0.1312	0.0409	-0.5321
C00003	0.2341	-0.4028	0.2869	-0.4441	-0.0050	-0.0172
C00004	-0.1239	-0.0839	0.2916	0.2946	-0.1387	-0.0120
C00005	-0.2141	0.0954	-0.3847	0.3474	-0.0183	0.7164
C00006	-0.3124	0.1510	-0.4172	0.3120	0.6102	-0.7854
C00007	0.6400	0.5924	-0.5062	0.2298	-0.3201	0.4953
C00008	-0.0009	-0.1860	-0.1268	-0.2133	0.0735	-0.1667
C00009	-1.7379	-1.3805	-0.9309	-1.6126	-2.4230	-2.5332
C00010	0.0458	-0.0691	-0.1271	0.2134	0.3033	0.5218
C00011	-0.1624	0.6170	0.2337	0.1619	-0.6232	-0.4276
C00012	-0.2373	0.0889	-0.1180	0.4275	-0.4303	-0.3047
C00013	-0.6949	0.1056	0.2610	0.3991	0.2386	-0.4187
C00014	-0.4688	-0.2879	-1.1152	-1.1738	-0.6644	-1.0628
C00015	1.0384	0.9353	0.6426	0.9851	1.2321	1.3363
C00016	-0.4264	0.0699	-0.1996	0.1985	-0.3536	0.3974
C00017	-0.1463	0.0756	-0.4880	-0.2364	0.5099	-0.3659
C00018	-0.6226	-0.0503	0.2295	-0.0704	0.5308	0.1627
C00019	0.5004	0.1413	0.3568	0.1537	-0.0381	0.7612
C00020	-0.1864	0.2409	0.3316	0.3896	0.0575	0.0907
C00021	-0.2535	0.0643	0.1727	0.0136	-0.9495	0.0565
C00022	0.1001	-0.3936	-0.2231	-0.3433	0.2320	0.2300
C00023	-0.1806	0.0340	-0.3691	0.2096	-0.1821	0.0223
C00024	-0.4004	0.2923	-0.2026	-0.0492	0.1439	0.0736
C00025	0.0579	0.0844	0.3248	0.1350	-0.3524	0.0869
C00026	0.2710	0.1901	0.2911	0.5882	0.2864	-0.0350
C00027	-0.1206	-0.1159	-0.0433	-0.6799	0.4639	-0.1189
C00029	-0.0185	0.1309	-0.1670	0.1042	-0.0510	-0.4374
C00031	-0.1786	-0.0056	0.3718	0.2447	0.2495	-0.1497
C00032	0.1553	0.0949	0.0573	-0.1026	-0.2654	-0.2363
C00033	-0.5284	0.5141	0.4484	-0.0132	0.0712	-0.5494
C00034	-0.0363	-0.0560	0.5262	-0.3156	0.0903	-0.3500
C00035	-0.8118	-0.0575	0.4556	0.0753	0.2423	-0.1596
C00036	0.3911	0.4161	-0.2814	0.3654	-0.5090	0.4830
C00037	-0.5167	0.1453	0.1026	-0.2514	-0.3540	0.1374
C00038	-0.2457	0.1165	-0.5956	-0.2066	-0.1864	-0.4529
C00039	0.4508	-0.0002	-0.0680	-0.3075	-0.5588	0.0082
C00040	0.1714	-0.1495	0.0721	0.3872	-0.1850	0.0112
C00041	-0.4117	0.0840	0.3996	0.4951	0.1995	-0.0671
C00042	-0.2479	-0.6020	0.0278	0.1573	0.6530	-0.0695
C00043	-0.3763	0.0322	0.3254	-0.0747	-0.0228	-0.0226
C00044	0.1908	0.0318	-0.3549	0.4694	-0.6561	-0.1563
C00046	0.1057	0.2523	-0.5338	0.6067	0.5735	0.0677
C00047	0.1004	0.1274	0.0889	0.0564	-0.2420	-0.0669
C00048	-0.5691	-0.5640	0.0543	-0.6086	-0.3373	-0.1589
C00049	0.1945	0.0400	-0.0125	-0.4199	-0.1146	-0.0582
C00051	-0.0402	-0.1025	0.2931	0.2373	-0.3709	-0.0780
C00052	0.8038	0.4930	1.0965	1.0839	1.2852	0.5511
C00053	0.3769	0.2001	-0.1226	-0.3251	-0.1068	-0.2446
C00054	-0.4504	0.1690	0.2103	0.5531	-0.0196	-0.0021
C00055	-0.5736	-0.8947	0.3760	-0.1824	0.0926	-0.1957
C00058	-0.1634	-0.0550	0.7696	0.1051	0.0560	0.2559
C00059	1.7036	1.2485	1.5802	2.0451	2.7639	3.0256
C00061	0.3008	0.1687	0.0612	-0.1007	0.1126	0.4137
C00062	-0.5262	-0.2400	-0.2032	-0.0092	0.0048	-0.1741
C00063	0.0940	-0.1716	-0.3049	0.4570	-0.1949	0.4662
C00064	-0.2893	-0.8309	-0.1009	-0.3520	-0.4538	-0.5352
C00065	-0.0463	0.2069	-0.1294	-0.7983	-0.3411	-0.1614
C00067	-0.0205	0.0566	0.3612	0.1287	-0.4514	-0.1781
C00068	0.6383	0.6769	-0.0601	0.0156	-0.2993	-0.2841
C00070	0.2475	-0.2303	-0.1059	-0.1016	-0.5546	0.2375
C00071	1.3854	0.4664	0.2533	0.5620	1.5330	1.5012
C00072	0.2293	-0.0050	-0.5051	-0.1618	0.6042	-0.4863
C00073	-0.0989	-0.0490	0.2296	0.3340	-0.1082	-0.1153
C00074	-0.1249	0.3088	0.0055	0.1608	-0.0155	-0.1899
C00075	-0.2214	-0.2899	-0.0248	-0.5377	0.6977	-0.0734
C00076	0.3664	-0.9689	0.3146	0.2424	0.5697	0.1124
C00077	-0.1176	-1.2441	0.5176	0.4700	0.1658	-0.4035
C00078	-0.6421	0.2621	0.5142	0.0087	0.1944	0.3173
C00079	-0.2996	-0.3806	0.0743	0.3184	0.6998	0.1213
C00080	0.2037	-0.2584	-0.0441	-0.1676	0.2332	0.2665
C00081	0.3732	-0.2928	-0.2297	0.2504	-0.7937	0.1265
C00082	0.4788	0.3097	0.1528	-0.0618	0.7467	0.1318
C00083	0.6292	-0.1018	0.1014	-0.6051	-0.4886	0.2302
C00084	0.3322	-0.2854	0.0304	-0.0039	-0.6842	0.3256
C00085	-0.3926	-0.3253	-0.3705	-0.2333	-0.2859	-0.0771
C00086	0.5177	-0.2682	0.5171	-0.4484	0.3295	0.6619
C00087	0.0722	0.2003	-0.1701	-0.6953	0.5536	-0.2238
C00088	-1.0814	-1.4267	-0.9201	-2.0263	-2.2451	-3.0288
C00089	0.0536	-0.1679	-0.2718	-0.1015	-0.0747	-0.4846
C00090	-0.0457	0.1404	0.1579	0.4587	-0.3621	0.0254
C00091	-0.1456	-0.1490	-0.3311	-0.2542	-0.2898	-0.0266
C00092	0.0807	0.5020	-0.0600	-0.0850	0.2230	-0.2228
C00093	1.1861	0.8100	1.6725	1.8033	1.9681	2.4909
C00094	0.3008	-0.0620	0.0783	0.5129	-0.2294	0.1198
C00095	1.2564	0.0034	0.2656	0.0215	0.3700	-0.4686
C00096	-0.6135	-0.3515	-0.2880	0.3107	-0.2793	0.0396
C00097	-0.4411	0.2906	0.1386	0.0990	0.5240	0.1854
C00098	1.6496	1.4698	1.6198	2.2442	2.1710	2.3347
C00099	0.8244	-0.2390	0.0827	0.1510	-0.3927	0.0559
C00100	-0.3203	-0.2232	0.1560	-0.2391	-0.9043	-0.2668
C00101	0.3067	0.0519	-0.1349	-0.3752	0.0862	0.2901
C00103	0.0349	-0.5221	-0.2383	0.7044	0.0940	0.2755
C00104	-0.2779	0.3772	-0.3777	0.2158	-0.0056	-0.1879
C00105	-0.0331	-0.2031	0.1328	0.3916	0.0892	-0.8353
C00106	0.1744	0.1042	0.0884	0.0784	0.0200	0.3936
C00107	-1.2614	-1.7100	-1.1567	-1.9398	-1.8143	-2.7748
C00108	0.3074	-0.3489	-0.3641	0.0521	0.4911	-0.5110
C00109	-0.6156	-0.6291	-0.0645	0.0559	0.6372	0.0745
C00110	0.7829	-0.7417	-0.0170	-0.0114	0.3180	0.1481
C00111	-0.2391	0.1447	-0.1944	0.5689	0.2003	-0.6458
C00112	0.4411	-0.2973	-0.1566	-0.1578	-0.6449	-0.7303
C00114	-0.2252	-0.4987	0.3105	0.0108	-0.1221	-0.2893
C00116	-0.2504	0.3858	0.3162	0.5271	0.3157	-0.4660
C00117	-0.1296	-0.0346	0.5826	0.0835	-0.1399	0.0606
C00118	-0.1065	0.4134	0.1121	-0.7255	-0.2756	-0.2413
C00119	0.4469	0.9526	-0.1084	0.5252	0.2366	-0.0699
C00120	-0.1620	0.0537	0.1447	-0.0346	-0.1568	0.1831
C00121	0.1091	-0.4235	-0.6721	-0.1260	-0.0275	-0.5572
C00122	0.3563	0.5801	0.1057	0.0235	0.9420	-0.4887
C00123	-0.0402	-0.3567	0.2050	-0.5027	-0.3401	-0.3721
C00124	0.0927	-0.0742	-0.0837	-0.3455	-0.3155	0.2270
C00127	0.6030	0.6406	0.1625	-0.0831	-0.3074	0.2704
C00128	0.2774	-0.5475	0.6330	-0.0535	-0.6763	-0.0551
C00129	-0.7494	-0.0331	0.2581	0.1447	0.6089	0.5342
C00130	0.6538	-0.0390	-0.1109	0.1956	-0.1566	-0.1277
C00131	0.1205	-0.0300	-0.5003	0.2647	-0.0751	0.1522
C00132	0.6623	0.2838	-0.0215	0.2752	-0.2049	-0.4294
C00133	0.0160	-0.3423	0.2056	-0.4724	0.2952	-0.1774
C00134	-0.1592	0.0332	-0.2084	0.3574	-0.1454	-0.0125
C00135	0.0981	0.3710	0.2572	0.1037	0.1312	0.2550
C00136	0.1814	0.2121	0.0299	0.1328	0.2771	-0.3507
C00137	0.5482	-0.1482	0.1769	-0.1117	-0.0459	-0.4668
C00140	-0.8287	-1.5724	-1.4279	-1.8952	-2.3757	-2.9803
C00141	-0.5101	0.0252	0.2363	-0.4066	-0.1865	0.3089
C00143	0.0897	0.5874	-0.2769	-0.5741	0.4050	-0.0609
C00144	-0.5929	0.1815	-0.0322	-0.4655	0.0828	-0.0669
C00146	0.2907	0.0660	0.3407	0.3542	-0.6174	-0.0939
C00147	0.1921	0.6214	-0.4145	0.4409	-0.1987	0.1009
C00148	0.2088	-0.2012	0.0360	-0.3433	-0.2559	-0.3357
C00149	0.2071	0.0759	-0.6249	-0.1956	0.0477	0.1869
C00151	1.3690	1.4855	0.6318	2.2181	3.0609	2.7267
C00152	0.3102	0.1208	-0.0061	-0.2736	-0.4806	0.0500
C00153	-0.0938	0.0692	-0.1351	-0.5410	0.7345	0.0384
C00154	0.1315	0.2438	0.2560	-0.2263	0.4160	0.2025
C00155	-0.1297	-0.4460	-0.3227	-0.1431	-0.5766	-0.2143
C00156	0.2786	0.0277	-0.3839	0.0270	0.3404	0.0655
C00157	0.1180	-0.0038	0.1790	-0.5986	0.0173	0.0411
C00158	0.4251	0.0476	-0.3461	0.0979	-0.6342	-0.0719
C00159	-0.3235	-0.4546	0.0019	0.6235	-0.3189	0.1647
C00160	0.2901	0.2919	0.1827	-0.3418	-0.6766	0.1228
C00162	-0.1212	-0.0930	-0.2187	-0.3810	-0.0034	-0.2542
C00163	-0.2504	-0.3239	-0.3986	-0.0552	0.5123	-1.0494
C00164	-0.0328	-0.1592	-0.0980	0.1298	0.2866	-0.8996
C00165	0.1896	0.1965	-0.2349	-0.0572	0.1818	0.1601
C00166	0.5527	-0.3874	-0.6735	0.0129	-0.0959	0.2788
C00167	-0.5014	0.1345	-0.2519	0.2029	-1.0144	0.3111
C00168	-0.3018	-0.1319	-0.0653	-0.2100	0.3972	0.6036
C00169	0.3243	0.3171	0.1624	0.1789	-0.4382	-0.0914
C00170	-0.1808	-0.2691	-0.0832	0.3253	-0.3594	0.5481
C00173	0.3204	-0.3703	0.4716	-0.5701	-0.0131	0.0765
C00175	0.7681	0.2851	0.7314	0.0845	-0.0360	-0.4352
C00178	-0.1656	-0.0307	-0.1530	-0.0480	0.0345	0.6307
C00179	-0.6552	-0.0978	0.1042	0.5920	0.1659	0.4341
C00180	0.2393	0.1447	-0.1643	-0.2551	0.4669	0.1150
C00181	1.1353	1.3763	1.5163	1.9770	1.9470	2.6179
C00182	0.2002	-0.7927	-0.2749	0.5819	-0.8127	0.2887
C00183	-1.2626	-1.0882	-0.6104	-1.0330	-1.6124	-1.3840
C00184	-0.2038	-0.1915	0.1839	-0.9674	0.6705	0.3041
C00185	-0.5032	-2.0204	-1.6536	-1.9472	-2.3023	-2.3781
C00186	0.2579	0.0633	-0.3283	0.3533	-0.1219	-0.0176
C00187	0.5584	0.0535	-0.4518	-0.1039	-0.2536	-0.0016
C00188	-0.2256	0.2708	0.3918	0.6084	-0.1583	0.3773
C00189	-0.1368	-0.6514	-0.7028	0.2544	0.1280	0.3539
C00190	-0.0502	0.2151	0.1426	0.3506	0.2075	0.0340
C00191	0.0403	-0.0427	0.4083	0.5797	-0.2201	-0.1214
C00192	0.6303	0.7157	0.4911	-0.0277	0.7095	0.3637
C00194	0.2231	-0.0946	0.1314	-0.0571	-0.3066	0.0920
C00195	-0.1694	-0.6103	0.4110	-0.9312	-0.3868	0.4586
C00197	-0.5837	0.0090	-0.1997	-0.0699	0.2111	0.6156
C00198	-0.5136	-1.0766	-1.2362	-1.0615	-0.8525	-0.8705
C00199	0.1962	-0.3839	0.0797	0.5264	-0.0025	-0.1354
C00203	0.4157	1.9250	1.5768	1.7208	2.2292	2.5168
C00204	-0.8597	-0.0226	0.0188	0.3674	0.2284	-0.3831
C00206	-0.4476	0.0033	0.0469	-0.6385	-0.3385	0.0373
C00207	0.4736	0.0112	0.4886	0.0532	0.1682	0.9814
C00208	0.0543	0.0113	0.0565	-0.2588	-0.2280	-0.5383
C00209	0.3402	0.3836	0.2627	0.5707	0.3667	-0.4898
C00212	0.4192	0.4438	-0.1793	-0.1003	0.0883	0.0369
C00213	-0.1921	-0.1786	0.4647	-0.4074	0.0953	-0.2903
C00214	-0.0530	0.2500	-0.2903	-0.1934	-0.2533	0.4826
C00216	0.3876	-0.2441	-0.6175	0.1401	0.0235	0.0570
C00217	-0.4869	0.3174	0.1567	0.1124	-0.6481	-0.0484
C00218	0.0887	-0.1350	-0.3001	0.6867	-0.1390	-0.0263
C00219	0.4526	-0.0998	-0.4670	-0.2466	-0.5524	-0.2400
C00221	-0.1767	0.1330	-0.1353	-0.7085	0.0343	0.1752
C00222	-0.1554	-0.0645	0.2732	-0.2990	0.0401	-0.1540
C00223	0.1330	0.4036	0.4056	0.0320	0.2136	-0.0717
C00224	-0.1551	-0.2146	-0.5821	-0.0458	-0.1266	-0.7740
C00226	-0.1177	0.0711	0.2851	0.2046	0.3514	0.0189
C00227	0.1923	0.1698	-0.4375	0.2028	-0.0440	0.0814
C00229	-0.3796	0.0462	-0.7338	0.0496	-0.5979	-0.2392
C00230	-0.2813	-0.0302	0.2906	0.1822	0.3784	-0.1791
C00231	-0.5546	0.0005	0.2322	0.1570	0.3079	-0.1277
C00232	-0.2544	-0.0386	0.1409	0.0017	0.0413	0.0275
C00233	-0.7648	0.1589	-0.3349	-0.1793	0.0694	-0.0821
C00234	-0.2636	-0.0865	0.0228	0.1712	0.0747	0.0658
C00235	0.2800	0.2166	-0.4489	-0.4487	-0.0137	-0.1018
C00236	-0.2623	-0.1662	-0.5087	-0.2103	0.5918	-0.4879
C00237	0.1519	0.5130	0.1261	0.6454	-0.3263	-0.2713
C00238	-0.0580	-0.2195	0.1486	-0.4046	-0.1891	-0.0167
C00239	0.4319	-0.2081	-0.0944	-0.3384	-0.4816	-0.0176
C00242	0.1799	0.1943	1.2475	0.9114	1.5562	1.4407
C00243	-1.2365	-0.9872	-1.3511	-2.1581	-1.7075	-2.6908
C00244	-1.3551	-1.3853	-2.7767	-1.6301	-1.8811	-2.1796
C00245	1.6682	1.5934	1.8418	2.3678	2.0512	2.6896
C00246	0.0803	0.6317	0.3431	0.4219	-0.6224	-0.0207
C00247	0.7739	0.1774	0.1014	-0.3344	0.1331	-0.2922
C00249	0.0145	0.0681	0.0046	0.2298	-0.3697	0.5455
C00250	-0.4299	0.3057	0.0706	-0.1407	-0.2543	0.0097
C00251	0.0464	-0.2544	-0.5346	-0.3842	0.7391	-0.1530
C00252	-0.5006	0.4198	-0.2485	0.1290	0.1786	0.2196
C00253	0.5606	0.0152	-0.1717	0.0210	-0.0863	-0.3741
C00254	0.1240	-0.2596	0.9075	-0.3552	-0.5986	0.4243
C00255	0.1830	1.1481	1.4410	1.5541	1.7801	2.8103
C00256	-0.3569	-0.0070	-0.3623	0.0427	-0.6611	-0.1230
C00257	0.3908	-0.2839	-0.7732	-0.6746	0.2141	0.3147
C00258	-0.2270	0.0945	0.1992	0.3120	-0.3069	0.2679
C00259	0.8473	1.5257	1.1199	2.0612	1.9698	3.0892
C00261	0.3562	0.3479	0.4418	-0.4183	0.3874	-0.1100
C00262	-0.5992	0.0394	0.2991	-0.1605	-0.4192	-0.3025
C00263	0.1297	-0.7980	0.4172	0.1073	0.4154	0.0886
C00264	0.1830	-0.2437	-0.2173	0.1421	0.2261	-0.4030
C00266	-0.1106	0.3766	-0.3053	0.2554	0.0821	-0.2113
C00267	-0.3752	0.6354	0.2053	-0.2927	0.2246	-0.2970
C00268	0.1112	-0.1876	0.9134	-0.1319	-0.9662	0.7850
C00269	-0.3437	-0.2171	-0.4493	-0.4840	-0.0750	0.3721
C00270	-1.7896	-1.3357	-1.3050	-1.8990	-2.0115	-3.0442
C00272	0.1379	0.0150	0.4530	0.4644	0.0520	0.0899
C00275	1.0000	1.2190	1.9532	1.9036	2.3182	2.4672
C00279	-0.1474	-0.0167	0.1878	-0.0520	0.0811	0.4626
C00280	0.3795	-0.1174	-0.0871	-0.2195	0.5298	0.4335
C00282	1.0205	1.3284	0.4019	1.1698	1.1244	1.4054
C00283	0.5507	-0.3013	-0.0249	0.3923	0.1385	0.1456
C00286	-0.1593	0.0261	0.3227	-0.3418	0.0527	0.4722
C00288	0.1119	-0.9926	-0.1743	-0.3633	-0.3865	-0.4734
C00290	0.1821	1.0867	0.4620	1.3078	1.6249	1.4056
C00291	0.1617	-0.1352	-0.4091	-0.6133	0.7629	-0.0068
C00294	1.4280	1.4596	1.9516	2.5795	2.4786	2.3776
C00295	0.1874	0.2497	-0.4119	-0.1648	-0.0971	0.1838
C00296	-0.3140	-0.5479	-0.6164	0.3635	0.0962	-0.5497
C00299	-0.7712	-0.1072	0.2436	-0.2900	0.4634	-0.0012
C00300	0.0050	-0.3699	0.6548	-0.0845	-0.5845	-0.1751
C00301	-0.2081	-0.4017	0.1039	0.1603	-0.1785	-0.4910
C00302	0.0226	-0.2715	-0.2125	0.1581	0.4526	-0.1885
C00305	0.6591	0.0412	0.1154	-0.4996	-0.5986	0.1478
C00306	-0.2184	0.1815	-0.0227	0.0619	-0.2708	0.6059
C00307	0.4902	-0.1860	0.2830	0.4115	0.7485	-0.1336
C00309	1.3653	0.6873	0.3665	1.0262	1.0645	1.4537
C00310	-0.2886	-1.2314	-0.8306	-1.6688	-1.9713	-1.0969
C00311	0.3811	-0.1258	-0.3307	0.0764	-0.1665	0.1589
C00312	0.8448	0.0391	0.1815	0.5422	0.0373	0.0948
C00313	-0.0268	-0.5083	0.4522	-0.2209	-0.2021	0.4492
C00314	0.0724	-0.3295	-0.1166	-0.1926	0.3282	-0.0374
C00315	0.1227	0.1796	0.5236	0.8123	0.7395	0.9865
C00318	-1.6811	-1.0223	-1.5471	-1.0288	-1.1246	-1.9070
C00319	1.2468	2.2014	2.0822	1.4372	2.4535	3.0302
C00320	0.0962	0.4887	0.2394	0.3125	-0.9921	0.0967
C00322	-0.2617	0.5500	-0.0777	-0.6583	-0.4336	-0.0352
C00323	-0.1501	0.2016	-0.1855	0.2403	0.1719	0.2242
C00325	0.8860	1.2260	1.6243	1.5867	1.8512	2.6359
C00327	0.3088	0.2596	-0.6560	-0.0518	0.4007	-0.5126
C00328	0.0925	-0.0910	0.1137	-0.4164	-0.3473	0.0016
C00329	0.0524	-0.2024	0.1176	0.0578	0.0807	0.0506
C00330	1.5902	0.7893	1.9430	1.5495	2.6807	2.3282
C00331	0.8063	0.6754	-0.1992	-0.4183	-0.3933	0.6092
C00332	-0.3009	-0.5670	-0.2908	0.1479	-0.1922	0.5591
C00333	0.0183	0.1396	0.1762	-0.4652	-0.5402	-0.1442
C00334	-0.3386	-0.2988	-0.0998	-0.2164	0.2381	-0.4496
C00337	0.2026	-0.1332	-0.0231	0.3406	-0.3540	0.0762
C00338	0.1106	0.5135	0.3197	-0.3545	0.0664	-0.7706
C00340	-0.0282	0.2208	-0.4686	0.5581	0.0422	-0.0477
C00341	-0.3944	0.6354	0.3118	0.1688	-0.2078	0.0453
C00344	0.3977	-0.3718	-0.1466	-0.0324	-0.1462	-0.0371
C00345	-0.2808	-0.1114	-0.0650	0.2494	0.6700	0.1762
C00346	1.6371	1.6152	1.5103	2.6040	2.2165	2.2148
C00349	0.4929	0.8169	0.9815	1.2841	1.0766	0.4435
C00350	0.5478	0.1358	0.2734	0.1709	-0.2349	0.5805
C00352	0.3107	0.3054	0.0638	-0.8553	0.1011	-0.8695
C00353	-0.4724	-0.9169	-1.2540	-1.3353	-1.0759	-0.9339
C00354	-0.1219	0.2031	0.6477	-0.0540	-0.2478	-0.4877
C00355	-0.1969	0.3419	0.2322	0.1298	0.1518	0.2057
C00356	0.1136	0.2376	-0.3122	0.0817	0.1822	0.0083
C00357	0.3712	-0.2051	-0.0019	0.1536	-0.4132	-0.2116
C00360	0.1200	0.1250	-0.3878	0.1577	0.0079	-0.4572
C00361	0.4901	-0.4005	0.0446	-0.3674	-0.0864	0.1473
C00362	0.1968	-0.7796	0.6574	-0.3994	-0.3544	-0.0757
C00363	-0.0730	0.0547	-0.1357	0.1335	-0.6692	-0.9203
C00364	-0.0485	-0.7198	-0.7541	-0.1182	0.4977	-0.1028
C00365	0.3055	0.8173	0.1019	0.0119	-0.3892	-0.3921
C00366	-0.2202	-0.2772	-0.5886	0.0878	-0.8919	-0.1729
C00369	-0.3371	0.1150	-0.0682	-0.3826	-0.0009	0.1017
C00371	0.2023	-0.0658	-0.1238	-0.0071	0.0046	0.3677
C00372	0.4326	-0.2988	0.3514	-0.1690	0.1067	-0.0715
C00374	0.0272	0.1423	-0.3879	0.5388	-0.1051	0.5766
C00376	0.2680	-0.0623	0.2482	-0.0593	-0.0309	0.6606
C00378	1.0576	1.8079	1.4968	2.1490	2.1673	2.3569
C00379	-0.0676	0.2523	0.5981	-0.0517	0.0164	-0.0214
C00380	-0.5413	-0.4494	0.3735	0.2223	-0.1795	0.2905
C00381	-0.0864	0.4937	0.1150	-0.1064	-0.3528	-0.0089
C00383	0.2514	0.4902	-0.3261	-0.5990	0.1579	-0.0130
C00385	0.0418	0.1451	0.0970	-0.6210	-0.1747	-0.0432
C00386	0.3153	-0.2163	0.2359	-0.4288	-0.1408	-0.0719
C00387	1.6504	1.8651	1.6547	2.5616	2.1753	2.4194
C00388	0.1590	-0.0404	0.5854	0.2114	0.1246	0.2720
C00389	0.0922	-0.0013	0.0135	0.1525	0.5017	0.2564
C00390	0.0927	0.2248	0.2394	-0.0695	0.5818	-0.0134
C00392	1.3173	1.8343	1.6424	1.5979	1.6961	2.6858
C00394	-0.1676	-0.0967	0.0243	0.1718	-0.0896	0.3608
C00395	-0.8697	-0.4173	0.1442	0.2541	0.3977	-0.2470
C00397	0.1271	-0.7135	0.2655	-0.4821	0.4083	0.3555
C00398	0.2952	0.0553	0.1452	0.4844	0.2125	-0.6173
C00399	0.2605	0.1106	-0.7185	0.1664	0.3118	0.2937
C00400	0.8300	0.7825	0.6945	0.6950	1.3525	1.4058
C00401	-0.7815	-0.6603	0.3103	-0.2178	0.2721	0.0972
C00402	-0.1658	0.1236	-0.2289	0.5009	-0.1109	0.6705
C00406	-0.6441	-0.0322	0.6883	-0.1778	-0.3759	-0.0137
C00407	0.3971	-0.3089	-0.0937	0.1031	0.0986	0.1895
C00408	0.3059	0.5990	0.1926	0.0641	-0.1120	0.0830
C00409	0.6461	-0.2886	0.2582	-0.0825	0.1502	0.4113
C00410	-0.1063	0.6065	-0.0592	0.0952	-0.0198	-0.5251
C00411	0.2400	-0.2550	-0.1057	-0.3517	-0.0116	-0.0516
C00412	-0.5428	-0.4547	-0.4133	-0.1448	0.0049	-0.4456
C00413	-0.4958	-0.6062	-0.0845	0.0361	0.0004	0.5796
C00415	0.4413	0.1464	-0.0995	-1.0481	0.2801	-0.0106
C00416	0.0678	0.4032	-0.2492	0.2927	0.1792	-0.1959
C00417	-0.0653	-0.0448	-0.7181	0.1040	-0.6395	0.5253
C00418	0.2304	-0.0936	-0.2222	-0.2679	0.3292	-0.0066
C00422	-0.0244	0.0629	0.2114	0.6377	-0.3597	-0.0014
C00423	0.1600	0.2274	-0.2352	0.0804	-0.5585	0.1127
C00424	-0.4102	-0.8217	-0.0210	-0.1701	-0.2115	-0.7180
C00426	0.3480	0.5180	0.2546	-0.2928	0.3584	-0.0665
C00427	0.1117	0.0819	0.0400	0.4511	-0.6998	0.2181
C00429	0.1794	0.1079	0.3016	-0.9370	-0.3832	-0.1295
C00430	-0.0693	0.4517	0.3381	0.2557	-0.6424	-0.1951
C00431	-0.3434	0.1973	-0.1637	-0.3960	-0.1901	-0.2229
C00433	0.0919	0.6131	-0.3869	0.0150	-0.0697	-0.3944
C00434	-0.1920	0.7575	0.1667	-0.2229	-0.0065	0.7179
C00435	0.3736	-0.3304	0.5077	0.1240	-0.3067	-0.1108
C00436	0.3135	0.5642	0.0986	0.3594	0.1832	0.0699
C00437	-0.1384	0.6814	-0.3272	0.0133	0.1660	0.0263
C00438	0.1319	0.7020	0.2077	0.1906	-0.2703	0.4750
C00439	0.1758	-0.4306	0.8432	-0.3706	-0.5629	-0.2529
C00440	1.1031	1.3630	1.7044	2.3748	2.3702	2.8217
C00441	0.2132	-0.2669	0.1980	-0.2040	0.5010	-0.3661
C00445	0.0224	-0.4121	-0.0313	-0.4602	-0.1905	-0.3301
C00446	-0.0036	-0.0454	0.1620	0.0029	-0.3198	0.2298
C00447	0.1291	0.5942	0.0341	-0.3408	0.7732	0.5522
C00448	-0.2737	0.1248	0.0997	-0.0087	-0.2590	-0.3297
C00449	-0.1854	-0.0259	-0.2550	0.2751	-0.1532	0.2318
C00450	-0.0611	-0.2063	-0.6692	0.1215	-0.0295	0.1602
C00455	0.7768	0.8595	0.4480	1.8775	0.3385	1.2282
C00458	-0.1786	-0.1950	-0.0285	-0.2034	0.0045	0.1089
C00459	-0.4582	-0.0789	-0.5938	0.3096	-0.1322	-0.2528
C00460	0.4757	0.3127	0.2147	0.0988	-0.2471	-0.3579
C00461	0.1507	0.0083	0.0646	0.3746	0.0513	0.6628
C00463	-0.1567	0.0693	-0.2678	-0.1230	0.1129	-0.1070
C00464	-0.0385	0.0295	0.3558	0.3102	-0.0601	-0.0262
C00468	0.4367	0.1509	0.5022	0.4538	-0.0054	0.3219
C00469	0.1464	-0.3666	-0.0455	0.4135	-0.4483	-0.3194
C00470	-1.1255	-2.0966	-2.1361	-2.1477	-2.0350	-2.2256
C00471	-0.0892	-0.3852	-0.6185	-0.5609	-0.1884	-0.2817
C00472	-0.2369	-0.0340	0.3925	0.1393	-0.4465	-0.1908
C00473	-0.0501	0.1937	-0.3236	0.0426	0.1729	-0.1710
C00474	-0.2673	0.1538	-0.0785	-0.2356	0.0280	0.0919
C00475	0.8622	1.5703	1.9866	1.8045	2.1668	2.6008
C00476	0.2890	-0.7017	0.1784	0.2456	0.0199	-0.3426
C00477	-0.2304	-0.5230	-0.0473	-0.4876	-0.1664	-0.1712
C00479	-0.5017	-0.1484	-0.6228	0.0405	0.0680	0.0523
C00482	0.1232	0.7488	0.4291	0.8118	0.8124	0.4926
C00483	0.1585	-0.3618	-0.7215	0.1723	0.1834	0.0717
C00486	0.2331	0.1501	-0.5708	-0.2662	0.0148	-0.3601
C00487	0.5489	-0.3099	0.4579	0.0556	0.3076	-0.3726
C00488	-0.0164	-0.1919	-0.1293	0.4426	-0.0061	0.1795
C00489	0.1015	0.2651	-0.0415	0.4458	0.2218	0.4878
C00490	0.5159	0.1252	-0.3813	-0.2424	-0.3510	-0.1670
C00491	1.5175	1.7506	1.8047	2.0982	2.3943	2.5925
C00492	1.4064	1.7604	1.9750	2.2212	2.1916	2.4375
C00493	-0.0752	0.0057	-0.5411	0.0665	0.1384	-0.2562
C00497	0.1244	0.2415	-0.1477	0.8718	-0.3636	-0.2946
C00498	-0.2913	0.8290	-0.0885	0.3129	0.5937	-0.1314
C00499	0.3074	0.4371	0.1690	-0.4524	0.1031	-0.6958
C00500	0.2039	0.3887	0.0573	-0.4318	-0.6459	-0.2561
C00501	0.0375	0.3250	-0.0984	0.4012	0.1139	0.0263
C00502	-0.4446	0.2646	0.0532	0.2544	-0.0542	0.4036
C00503	-1.1555	-1.2075	-1.5574	-1.4632	-1.9640	-2.8282
C00504	-0.4305	-0.0627	0.1459	-0.1151	0.2376	0.1003
C00506	0.3261	0.1122	0.5791	-0.4918	0.4170	-0.5125
C00507	0.6172	0.0805	-0.2258	0.1348	0.1533	0.0489
C00508	-0.2945	0.3515	0.0321	0.4560	-0.2358	-0.2683
C00509	0.5180	0.2453	-0.3254	0.0444	0.0361	0.3694
C00510	-0.0658	0.5426	0.1331	0.2408	0.3180	1.1756
C00511	-0.4287	0.0084	-0.2045	0.1670	-0.5331	0.3993
C00512	0.1935	0.3963	0.4367	0.1136	-0.3131	-0.0408
C00513	0.4478	0.3952	0.3231	0.0076	-0.1345	-0.2551
C00514	-0.2701	0.0365	-0.0655	-0.1005	-0.1834	0.0562
C00515	-0.5660	0.5853	0.0597	-0.0104	0.2376	0.0645
C00517	-0.0273	0.0719	0.5900	0.2639	-0.1065	-0.4383
C00518	0.0915	0.4382	0.0305	0.4305	-0.0993	-0.3348
C00519	1.2181	-0.1326	-0.0527	-0.2086	0.0456	-0.2854
C00521	-0.8643	0.5792	-0.4856	0.6329	0.2369	0.0092
C00522	0.0355	-0.0621	-0.4583	0.1214	-0.1015	-0.5381
C00523	-0.4190	-0.2031	0.6925	-0.2736	0.2718	-0.0025
C00524	0.1366	0.1239	-0.0265	0.0253	0.2971	-0.0521
C00526	1.1763	1.1531	2.5859	1.8421	2.2296	2.3093
C00527	-0.0355	-0.0350	0.0240	0.0996	0.1695	0.1114
C00530	0.4959	-0.1233	-0.1155	-0.3912	-0.3506	-0.1840
C00531	0.1788	0.3979	0.0649	0.2617	0.3866	0.8780
C00532	-0.3466	-0.2404	0.2025	-0.2039	0.1400	0.0231
C00533	-0.0838	0.3408	0.0527	-0.5326	-0.0764	-0.0078
C00534	0.1917	0.7696	1.0666	0.3333	1.4485	1.0627
C00535	-0.8859	0.6673	-0.3713	0.1104	0.0495	0.4621
C00536	0.2808	-0.2784	-0.4140	-0.1332	-0.0958	-0.1949
C00540	-0.0206	0.1961	-0.0028	0.1884	-0.2274	-0.2645
C00541	1.3368	1.7716	1.6419	1.5499	2.2774	2.4851
C00543	0.0468	0.3139	-0.5010	-0.0142	-0.0163	0.3121
C00544	0.3700	0.2952	0.1386	-0.2279	0.0071	-0.4938
C00545	0.3031	-0.4492	0.6258	0.2639	-0.2913	0.0883
C00546	0.2743	0.3657	0.5056	-0.2862	0.0966	0.1733
C00547	0.5262	-0.3494	-0.1054	-0.4480	-0.0876	-0.1969
C00550	-1.7591	-1.4542	-2.0593	-2.1597	-1.5596	-2.4828
C00551	0.6554	0.1214	-0.1539	0.0102	-0.6599	-0.1071
C00552	-0.0896	-0.4993	-0.4707	-0.0347	-0.1537	0.1636
C00555	-0.2938	-0.0947	-0.2244	-0.4282	0.4841	-0.0857
C00556	-0.0731	-0.2813	-0.0373	-0.0661	0.1824	-0.0021
C00558	-0.7203	0.0481	0.6453	0.4568	0.2813	-0.5267
C00559	-1.0957	-1.5473	-1.6050	-1.8419	-2.0794	-2.3955
C00561	-0.1921	-0.4028	0.3953	-0.2214	-0.6430	-0.3639
C00565	0.3168	-0.6063	0.2490	0.2294	-0.2840	-0.4836
C00566	0.6598	0.8243	1.0620	1.1663	1.3234	0.8309
C00568	0.2877	-0.3635	0.4620	-0.1426	-0.7884	0.1335
C00569	-0.6643	0.4350	-0.0701	0.5289	0.1443	-0.5831
C00570	-0.3007	-0.1500	-0.4460	0.6736	0.0679	0.9357
C00573	0.4258	-0.6993	0.2137	0.4126	-0.8800	-0.1546
C00575	0.3548	-0.1677	0.4537	0.0410	0.2840	0.3073
C00576	-0.2479	0.2767	0.1643	-0.3625	-0.0636	-0.0648
C00577	0.0163	-0.1681	-0.7621	0.6277	-0.7873	0.1360
C00580	0.5688	0.0257	-0.3585	0.1475	-0.3460	0.1377
C00581	0.5954	0.8879	0.9241	0.4963	1.3036	1.3240
C00582	-0.4464	-0.3304	0.1749	0.1596	0.2773	-0.3525
C00583	0.5833	-0.0502	0.3178	0.0443	-0.2037	0.3415
C00584	0.3215	0.0218	-0.2907	0.1408	-0.1432	0.1525
C00587	0.1004	0.4144	0.3276	-0.1508	-0.2048	-0.0024
C00588	0.6700	0.2125	-0.1613	0.0715	-0.4596	-0.7465
C00590	-0.5852	-0.6444	-0.6217	-0.6813	-1.2242	-2.2265
C00593	-0.3425	0.3093	-0.0509	-0.1528	-0.0004	-0.8084
C00596	-0.0249	-0.3424	0.1062	-0.2527	-0.3144	0.0546
C00601	0.0341	0.2370	-0.3807	0.3655	0.2191	-0.3285
C00603	0.3408	-0.9751	-0.5044	-0.1474	0.5436	-0.0282
C00605	0.7228	0.0457	-0.3334	0.1816	0.1819	-0.4617
C00606	-0.4874	-0.2217	0.2023	0.0478	0.1111	-0.5222
C00607	0.1955	-0.2977	-0.2836	0.1500	-0.0358	-0.8206
C00617	-0.4606	0.2253	0.0838	0.3259	0.1124	0.2562
C00618	-0.1776	0.2528	-0.1410	0.2110	0.2327	0.5635
C00620	0.0381	-0.5586	0.3253	0.2406	-0.5534	0.0462
C00621	-0.0093	-0.4051	-0.1913	0.2187	-0.4707	-0.1713
C00623	-0.1644	0.3251	0.1988	-0.2451	-0.2550	0.3089
C00624	0.5743	0.1037	-0.1434	0.2695	-0.2237	0.3405
C00627	0.5580	-0.3660	-0.4212	0.0172	0.1562	-0.1328
C00628	0.0840	0.6055	-0.0552	1.0348	0.8784	-0.0059
C00630	0.4238	0.6970	-0.1248	-0.2128	0.0895	0.4110
C00631	-0.5558	-0.0380	0.1657	0.2164	-0.3173	-0.3985
C00632	0.2730	0.3999	-0.0264	0.0746	-0.4737	-0.2032
C00633	0.3999	0.0736	0.0264	0.2602	0.4304	0.4704
C00634	0.3204	0.3717	-0.1524	0.2469	-0.7520	0.1515
C00636	-0.1730	0.3351	0.5061	-0.3294	0.2258	-0.0339
C00637	0.3276	-0.4834	-0.1032	-0.4037	0.0866	-0.6807
C00638	-0.5304	0.7477	0.4514	-0.1206	0.3189	-0.1419
C00639	-0.4291	0.1388	0.6401	-0.1541	0.4436	0.0175
C00640	0.3468	0.1915	-0.2764	-0.2194	0.1855	0.4740
C00641	0.0294	-0.6759	0.6318	0.4152	0.0864	-0.0372
C00642	-0.0105	0.1225	-0.1289	0.3827	0.4733	0.0062
C00643	0.2751	-0.0317	-0.7470	0.1795	0.1971	0.0690
C00644	-0.3060	-0.2417	0.2486	-0.0810	0.0640	0.4600
C00645	1.4605	1.4664	2.1293	1.7339	2.1306	3.0094
C00647	-0.1960	0.2223	-0.3324	0.0440	0.3385	-0.0281
C00652	-0.1322	-0.4269	-0.0365	0.2464	1.0039	-0.0609
C00655	-0.0134	0.1739	0.0322	0.1985	-0.5108	-0.4048
C00658	0.2725	0.5376	-0.1764	0.0216	-0.1086	0.5400
C00663	-0.2778	-0.0590	0.2387	-0.1130	0.4098	0.1074
C00664	-0.1076	-0.8685	0.5463	0.3175	-0.4454	0.1528
C00665	-0.7728	-0.1540	-0.8013	0.2910	0.5102	-0.2553
C00666	0.1329	0.0091	0.2706	0.1506	0.1390	-0.1833
C00668	0.7780	0.0556	0.1558	-0.2840	0.0143	-0.1680
C00669	0.0934	0.1055	0.0498	0.1971	0.4604	0.6659
C00670	0.3453	0.1201	0.4794	0.2427	-0.5897	0.1861
C00671	-0.3058	-0.1836	0.6606	-0.2017	0.0184	-0.2989
C00672	-0.1794	-0.0554	0.1687	0.0917	-0.2004	-0.1721
C00673	0.3533	0.1908	-0.3824	-0.6860	0.5460	-0.5550
C00674	0.2174	0.1763	-0.2350	0.1078	0.0475	-0.1300
C00679	0.4271	-0.1187	0.4371	0.7148	-0.4635	-0.0725
C00680	-0.2166	0.2092	-0.4800	-0.1683	-0.0629	0.1023
C00681	-0.9291	-1.0023	-0.7547	-1.2337	-1.3920	-1.5386
C00682	-0.1152	-0.0620	0.7363	0.5032	0.0791	0.2807
C00683	0.2027	0.2182	-0.1449	0.0679	-0.1827	0.2878
C00684	-0.1786	0.2649	-0.3206	-0.0340	-0.1337	-0.4135
C00685	-0.2863	0.0416	0.4763	0.7317	-0.1287	0.3031
C00688	2.1033	0.8740	1.8091	1.8016	1.9459	2.5190
C00689	-0.6543	0.4452	0.6746	0.3730	-0.1667	0.2915
C00691	-0.1526	-0.1553	-0.2460	-0.0529	-0.1970	0.9422
C00692	-0.1319	0.0564	-0.1911	0.1199	0.1053	0.4279
C00693	0.5444	0.0944	0.0590	0.1943	-0.6371	-0.4009
C00695	0.0756	-0.2374	-0.2287	-0.0956	0.2633	-0.0285
C00696	0.0716	0.2380	0.4185	-0.3887	-0.2547	-0.4265
C00697	0.3440	0.1439	0.2363	-0.3250	0.3269	0.1712
C00698	-0.7511	0.4695	-0.2501	0.2401	-0.0135	0.1512
C00700	0.5555	0.0955	-0.2427	-0.5301	0.0983	0.6777
C00704	0.0520	-0.5024	-0.0875	0.1998	-0.0933	-0.1525
C00705	0.3897	-0.4996	0.1773	-0.3858	-0.6658	0.1417
C00707	-0.2350	0.2372	0.1485	0.1651	0.2397	-0.0097
C00708	-0.3028	0.2752	0.5380	0.4461	-0.2056	-0.2998
C00712	-0.1966	-0.0008	-0.2120	-0.2507	0.3060	-0.0462
C00714	0.5942	0.2408	-0.2879	-0.1497	-0.0103	-0.6825
C00718	0.5462	-0.0417	-0.4009	-0.1862	0.0266	-0.4440
C00719	1.0447	1.4710	1.6509	1.6298	2.3359	3.0303
C00721	-0.4894	-0.1609	-0.3999	-0.1250	-0.4497	-0.1573
C00726	-0.4110	-0.0583	-0.3011	-0.7979	-0.2691	-0.1434
C00729	-0.1321	0.3621	0.1886	0.2939	0.6069	0.2051
C00734	-0.1689	0.7672	0.7531	0.0737	0.1831	0.3779
C00735	0.3897	0.8496	0.2512	-0.0055	0.0274	-0.8435
C00739	-0.1873	-0.3325	0.2030	-0.3391	0.1225	0.3722
C00740	-0.0582	0.1800	-0.2518	0.1557	0.2897	-0.8478
C00741	0.2380	-0.1597	-0.2382	0.1287	-0.2679	-0.3932
C00744	-0.2109	-0.1299	-0.6504	0.3934	-0.3469	0.3605
C00745	-0.4746	0.5143	0.0840	-0.7309	0.2321	0.2462
C00748	-0.0825	0.0010	0.5952	0.3055	0.2553	0.1351
C00750	0.5406	-0.2091	0.0350	0.2406	-0.5554	-0.2739
C00751	-0.1919	-0.2705	0.0859	0.1345	0.4274	0.3526
C00752	-0.5015	-0.1333	-0.2503	0.2659	0.4170	0.1783
C00755	0.0856	-0.1339	-0.6803	0.3443	0.0661	-0.0491
C00757	0.1560	0.4604	0.6628	-0.3920	0.2881	0.1741
C00760	0.5649	0.1074	-0.4265	0.0736	-0.0386	-0.2321
C00762	0.0005	-0.0552	-0.0884	0.0218	0.2487	-0.0909
C00763	0.2582	-0.2752	0.0496	0.1031	0.2156	-0.3600
C00774	-0.2896	0.2901	0.1910	-0.0142	-0.2446	0.1748
C00777	0.2229	-0.0170	-0.0964	-0.5270	-0.9553	0.4011
C00778	-0.0912	1.0070	0.3244	0.0534	-0.6762	-0.5900
C00780	0.1825	-0.1754	0.1490	0.1603	-0.3295	0.2355
C00783	-0.3011	-0.2334	0.5677	0.3902	-0.3057	0.1003
C00785	-1.3200	-1.2244	-1.6750	-1.8109	-2.6961	-2.5095
C00786	0.4609	0.2888	-0.3529	-0.5359	-0.7790	0.1874
C00788	-0.0139	0.0267	-0.0567	0.0588	-0.2419	0.0429
C00789	-0.2587	-0.3442	-0.2484	-0.2850	0.0975	-0.4041
C00791	-0.0517	-0.9706	-0.6599	0.3651	-0.1425	-0.0085
C00792	0.0839	0.2187	0.1740	-0.3896	-0.0437	-0.6088
C00793	0.2352	0.5222	-0.1082	0.0653	0.2684	-0.2522
C00794	0.2105	-0.4190	-0.2204	0.4223	0.2507	-0.2682
C00795	0.2346	-0.1437	-0.0504	-0.2508	0.2098	0.9740
C00798	0.1936	0.4943	-0.3677	-0.4473	0.2017	-0.1064
C00800	-0.0756	-0.5206	-0.2600	-0.0286	0.3557	0.4310
C00802	-0.5220	0.1175	-0.1031	-0.1926	0.4338	0.4400
C00804	0.1426	-0.1359	0.2455	-0.1963	0.1221	-0.4122
C00805	-0.6262	0.0979	-0.0449	-0.2024	-0.0293	0.4115
C00808	-0.1489	-0.3799	0.4912	0.4614	0.0378	0.2466
C00809	-0.4773	0.0154	-0.1802	-0.2709	0.2266	-0.0973
C00810	0.6141	-0.3389	0.1887	0.1575	-0.4732	0.1748
C00811	0.1463	0.0099	0.5093	-0.3168	0.3336	0.1512
C00813	0.6097	0.2473	-0.2322	-0.1352	-0.3160	-0.3463
C00814	-0.2166	-0.3988	-0.0282	-0.3643	0.3421	0.2023
C00817	0.3134	0.2352	-0.2028	-0.0543	-0.6895	-0.8968
C00818	-0.6392	-0.0823	-0.3008	-0.4299	-0.1093	0.4393
C00819	0.5301	0.1210	0.3926	-0.2921	-0.3513	0.0140
C00820	-0.3555	-0.0974	-0.5756	0.1463	0.3087	0.2777
C00822	0.4013	0.1854	-0.4545	0.0865	0.3250	-0.1514
C00823	0.2906	-0.6392	0.2122	0.0972	-0.1380	-0.0801
C00825	0.5912	0.0270	0.1774	-0.7954	0.3810	-0.6297
C00826	-0.3602	-0.1146	-0.8447	-0.2301	-0.5901	-0.1268
C00827	-0.0986	-0.0487	0.5568	-0.0478	-0.1116	-0.1944
C00828	0.4302	-0.1534	-0.4812	-0.4834	0.2520	-0.4337
C00829	0.1187	0.2850	0.1052	0.1394	0.0061	-0.0450
C00831	-0.2051	-0.7028	0.0447	-0.7127	0.3441	0.2637
C00832	-0.2959	-0.3122	0.4417	-0.0648	0.1187	0.7658
C00835	0.1352	-0.0544	0.1627	0.4634	0.3194	0.4968
C00836	-0.2433	0.2156	-0.2027	0.3388	-0.4012	-0.1787
C00842	-0.8299	-1.6614	-1.5679	-1.7798	-2.2475	-2.8162
C00844	-0.0693	-0.1872	-0.0942	0.3513	0.5448	0.0330
C00845	-0.0111	0.4689	0.4728	-0.0909	-0.2646	-0.2175
C00846	-0.2938	0.0939	0.2776	-0.2619	-0.8088	-0.7988
C00847	0.2867	0.2076	0.1993	0.4650	0.0728	0.0475
C00853	0.0353	0.5731	-0.1242	0.1408	-0.1770	0.1130
C00855	0.5256	-0.0379	0.2155	0.1879	-0.0489	0.3850
C00857	-0.1185	0.4558	-0.2041	0.3710	0.1201	-0.3523
C00858	-0.0491	0.6757	0.0633	0.3469	-0.0246	0.5838
C00859	-0.0733	0.3056	-0.1728	0.2292	-0.3422	0.3994
C00860	-0.0278	0.6535	0.5240	-0.2976	0.7337	0.0700
C00861	0.0880	-0.1094	0.3021	0.3189	0.1586	0.2794
C00862	0.3125	-0.8624	0.1719	-0.4136	-0.2416	-0.0937
C00864	0.0667	-0.4212	-0.0475	0.3668	0.1981	-0.1516
C00865	1.1757	1.6371	1.9800	1.7634	2.9594	1.8993
C00868	0.1865	0.4023	-0.4190	-0.4264	0.1743	-0.3227
C00873	1.3987	1.2857	1.8584	2.7951	3.0414	2.6867
C00876	-0.3264	0.3007	0.4196	0.0589	0.1579	0.3798
C00877	0.0812	0.9709	0.6638	1.0607	1.4122	0.9069
C00878	-0.9682	-0.4029	-0.7790	-1.2333	-1.7798	-1.1472
C00879	-0.2604	0.2935	0.5125	-0.0810	-0.2792	-0.5495
C00880	0.7998	1.1749	1.2607	1.1319	1.4209	0.9800
C00881	1.6270	1.2662	1.7809	1.9297	2.7087	2.2476
C00882	0.2403	0.6755	0.2272	0.2518	0.4680	-0.0490
C00884	-0.1983	0.4198	-0.0469	-0.1153	0.1498	-0.2946
C00885	-0.6000	-0.0546	-0.0191	0.2100	-0.1692	-0.0074
C00886	0.7109	1.6027	1.4210	2.0409	2.2946	2.3119
C00887	0.5095	-0.0351	-0.0002	-0.2818	0.3518	-0.0744
C00888	0.2306	-0.0672	0.6044	0.3104	-0.4099	0.5685
C00894	0.2053	0.0873	0.8106	-0.2688	-0.0464	0.0882
C00898	0.5136	0.0705	0.2049	0.6134	0.2027	-0.2517
C00899	0.1047	-0.3839	0.1999	-0.2066	-0.4214	-0.5681
C00903	0.1789	-0.2206	0.1050	-0.3307	0.6357	-0.7643
C00905	0.1389	0.2568	-0.3680	-0.0360	0.1878	0.5060
C00908	-0.0419	0.0894	0.2835	0.2677	-0.2888	0.1132
C00909	0.1888	0.2339	0.4212	-0.2157	0.5022	-0.0399
C00916	-0.0929	-0.1946	-0.3157	-0.7656	0.0394	-0.1901
C00919	1.1919	1.7486	2.2050	2.5434	2.1256	2.2346
C00921	0.4445	0.5471	-0.0591	0.4023	0.0699	0.4719
C00922	0.2588	0.5559	-0.3531	0.0966	-0.4268	0.4061
C00925	0.4600	-0.2475	0.6277	0.1380	0.3299	-0.6322
C00927	-0.2823	-0.2305	-0.1499	-0.0394	0.2182	0.4395
C00931	-0.0444	-0.2424	-0.2843	0.1745	0.1714	-0.3100
C00935	-0.2283	0.3960	0.4143	0.1052	-0.2306	-0.2609
C00937	0.2350	-0.3669	0.5048	0.0450	-0.0393	-0.2208
C00940	0.0681	-0.0067	0.1840	-0.0915	0.2132	0.2702
C00941	-0.0300	-0.0100	0.1844	-0.1760	-0.7715	0.3766
C00942	-0.2531	-0.0579	-0.0486	0.1589	0.5070	0.0683
C00944	0.0103	0.1682	-0.0452	0.3833	-0.8195	0.1527
C00951	0.1199	0.1629	-0.0577	0.5525	0.0085	-0.3907
C00954	0.0360	0.0525	-0.1845	-0.0600	-0.2435	0.3254
C00955	0.0350	0.2113	0.2942	0.2142	0.2223	-0.4952
C00956	-0.0537	0.6367	-0.2210	0.0973	-0.3365	-0.1548
C00957	0.3841	-0.0041	0.3394	0.2682	0.6186	0.1756
C00958	-0.6059	-0.4715	-0.1100	0.5221	-0.5905	-0.4999
C00961	-0.0889	-0.5617	0.0754	-0.0647	-0.4478	-0.2720
C00963	0.3886	0.3921	-0.3874	0.5428	-0.0841	0.3296
C00965	0.3989	0.2826	-0.2839	-0.3889	0.4724	-0.3033
C00966	-0.0380	-0.0352	-0.2011	-0.8533	0.1422	0.0855
C00969	-0.1383	0.0200	0.0726	0.2583	0.2358	-0.3591
C00971	0.5867	0.5756	0.2029	0.2833	-0.2871	0.9343
C00973	-1.0231	-1.5040	-1.8675	-2.1245	-2.5805	-2.3274
C00974	-0.6571	1.0573	-0.5889	-0.1007	0.3301	-0.3833
C00975	0.0464	0.0567	-0.3056	-0.2413	-0.6833	0.1727
C00976	0.4724	0.0716	0.5883	-0.6321	0.0929	0.0362
C00978	0.5170	0.2296	-0.4528	-0.2944	0.4063	0.7417
C00979	0.0364	-0.2391	0.3105	0.2669	-0.2750	-0.1923
C00984	-0.4848	-0.7013	0.7739	0.0847	-0.5142	0.4690
C00986	0.0124	0.1023	-0.1909	-0.2396	0.0664	-0.1876
C00988	-0.1457	-0.0629	-0.0711	-0.0039	0.0879	-0.4665
C00989	-0.0549	-0.0779	0.1454	-0.1628	0.0684	0.4533
C00990	-0.3845	0.3848	-0.3755	0.3696	-0.6032	-0.1394
C00992	-0.0143	-0.5281	0.0005	-0.1944	-0.0369	-0.0322
C00993	0.4623	-0.4244	0.4928	-0.0638	-0.0484	0.3742
C00996	-0.1745	0.3224	-0.2461	0.3711	-0.7013	0.0096
C00999	0.9808	1.4397	1.5168	2.2552	2.5505	2.2008
C01001	0.4526	0.0312	0.0804	-0.0579	-0.0174	0.2713
C01005	0.9161	1.1621	2.6242	2.3635	2.1659	2.5185
C01007	0.4291	0.2832	-0.4415	-0.2539	-0.2532	-0.3987
C01010	0.5706	-0.0100	-0.4482	0.0722	0.0383	-0.8607
C01011	0.4400	-0.0034	0.1490	-0.5176	0.4282	0.0982
C01013	0.1876	-0.3621	0.0981	-0.4606	0.5051	0.1616
C01019	0.1391	0.8775	-0.4899	-0.1834	-0.5070	0.3653
C01020	0.3739	0.0947	0.0317	-0.1656	-0.2821	0.4152
C01024	-0.2455	0.2662	0.4530	0.2311	0.0086	-0.2000
C01026	-0.2697	0.0329	-0.2378	-0.0446	-0.3400	-0.3189
C01028	-0.0476	-0.6406	-0.0377	-0.3241	-0.0504	-0.1007
C01031	-0.0644	0.8106	-0.5209	-0.4535	0.5237	-0.5757
C01033	0.2697	0.5200	0.7926	-0.2429	0.0052	0.2600
C01035	-0.3559	0.1948	0.1518	-0.3250	0.9579	-0.1913
C01036	-0.2422	0.0652	0.2844	-0.2792	0.0247	-0.3361
C01037	-0.5635	0.1903	-0.3493	0.7186	-0.1460	-0.1835
C01040	-0.4266	0.1109	0.4759	0.8905	0.2162	0.3042
C01041	0.3403	0.0846	0.0916	0.1562	-0.1688	-0.0655
C01042	-0.2423	0.0040	0.0663	0.0695	0.0279	-0.3448
C01043	-0.7099	-0.1369	0.3148	-0.0335	-0.3794	-0.0787
C01044	0.1809	-0.0387	0.4333	0.4985	-0.4275	-0.7260
C01045	-0.6430	0.0086	-0.2902	0.7010	0.1290	-0.2160
C01046	-0.0686	-0.4242	-0.1271	-0.1418	-0.1089	0.6745
C01050	0.3533	0.3422	0.3311	0.5587	0.2927	-0.2802
C01051	0.5969	0.0232	-0.1925	-0.1600	-0.1783	-0.1819
C01053	0.4119	-0.2789	-0.3687	-0.1532	0.3186	-0.1738
C01054	-0.2494	-0.1040	-0.0149	0.0369	0.3804	-0.1445
C01056	0.2544	0.1522	0.0559	-0.3602	-0.0609	0.0943
C01059	-0.3926	0.0608	0.4002	-0.1598	0.2926	0.3559
C01060	-0.1384	0.3067	-0.3436	0.4499	-0.1448	-0.0907
C01061	-0.4766	0.3135	-0.4396	-0.0695	-0.1286	0.7621
C01063	-0.8172	0.1400	0.0834	0.0674	0.3027	-0.2426
C01065	0.0153	0.5657	-0.9680	-0.1915	-0.4173	0.3260
C01068	-0.0900	0.2737	0.2864	0.5776	0.5204	0.0496
C01069	0.4697	0.2488	0.1674	0.0069	0.5127	-0.1518
C01073	0.2987	-0.1216	0.6528	0.1520	-0.3181	-0.3004
C01074	0.3656	-0.9626	-0.6028	-0.4009	-0.8695	-1.8959
C01077	0.1354	0.0709	0.0841	-0.6594	0.0112	0.5838
C01079	0.3591	0.3248	0.6894	0.0177	0.6803	0.0757
C01080	-0.3771	-1.3900	-1.0880	-1.3615	-1.1243	-0.8130
C01081	0.3990	0.1483	0.3146	0.0336	-0.2965	-0.5070
C01083	1.5402	1.5794	1.6993	1.3552	1.9369	2.9455
C01087	-0.2146	-0.2030	0.2822	-0.3768	-0.1024	0.3989
C01088	0.5221	-0.4117	0.1989	-0.2336	0.2130	-0.6436
C01089	-0.6195	0.1626	-0.0284	0.2212	0.1756	0.4714
C01091	0.0754	-0.0791	-0.0583	0.5195	-0.0953	-0.3448
C01092	0.1533	-0.1718	-0.3343	0.0771	-0.4437	0.2141
C01094	-0.2766	-0.1527	-0.3629	0.1031	0.3227	0.0036
C01096	0.0267	-0.1768	0.4407	0.3199	-0.2831	0.2816
C01097	-0.0422	-0.5627	0.2199	0.5367	-0.2418	-0.3516
C01099	-0.2089	-0.0075	0.2973	0.1310	-0.1581	-0.5163
C01100	0.2482	-0.0925	-0.9928	0.3684	-0.2257	0.2671
C01101	-0.2011	0.3734	-0.2174	0.2726	0.3080	0.4905
C01102	-0.1960	0.2648	-0.2592	0.2661	0.5503	-0.1830
C01103	-0.5037	-0.1012	-0.1170	-0.2905	-0.0618	-0.3893
C01104	-0.2048	-0.1588	0.1613	0.4430	0.3839	-0.1446
C01107	0.4463	0.2108	-0.2676	0.0973	0.2790	-0.1285
C01110	-0.4303	0.1918	-0.3696	0.3446	-0.3186	-0.1179
C01111	0.1555	0.4524	0.1672	0.3912	0.0655	0.3378
C01112	-0.1494	0.1662	-0.1292	0.0298	0.3063	0.0986
C01113	0.1568	0.2628	-0.3706	0.2990	0.2242	0.0384
C01114	-0.1546	-0.2719	-0.2727	0.2208	-0.0285	0.8321
C01115	-0.3831	-0.5870	-0.6342	-0.8954	-1.7766	-1.2773
C01118	0.1841	0.0170	0.0885	-0.4727	-0.1554	0.1522
C01120	-1.2215	-0.9188	-1.9078	-2.0411	-2.1030	-2.6746
C01124	0.1827	-0.2537	-0.1871	0.3077	-0.1451	0.2934
C01126	0.1729	0.1027	-0.4843	0.2889	-0.2165	0.2823
C01127	-0.0274	0.6101	-0.4598	-0.1132	-0.2954	0.5134
C01131	-0.2320	0.1687	-0.2552	-0.1518	0.0567	0.2076
C01132	0.4356	0.2328	-0.3342	-0.3712	-0.0563	-0.1368
C01134	-0.3410	-0.1933	0.7467	-0.2349	-0.5039	-0.2140
C01137	-0.1461	-0.2162	0.0841	-0.1768	-0.0282	-0.3778
C01138	-0.6547	-0.1341	-0.2013	0.0716	0.0584	-0.1092
C01142	-0.6104	0.1082	-0.5967	0.1758	-0.3618	-0.1669
C01143	0.0453	0.1149	0.1868	-0.1469	0.0135	-0.1261
C01144	0.1274	-0.3346	0.2962	0.3248	-0.7622	-0.0050
C01146	-0.3934	0.5336	-0.3381	0.3786	-0.4102	0.3741
C01149	0.0156	-0.1680	-0.2002	0.1982	0.0665	0.0745
C01151	0.0953	0.0141	-0.4885	0.2782	0.1398	0.2817
C01152	0.1852	-0.7526	-0.2558	-1.1093	-1.5839	-1.2212
C01153	-0.0225	-0.1478	-0.1155	-0.4573	-0.1021	-0.7632
C01157	0.5578	1.0041	1.3911	2.9635	2.3788	2.1676
C01159	0.6044	-0.7010	0.4165	0.3100	0.0659	0.4496
C01161	0.2516	0.1744	-0.2803	-0.4232	0.4851	-0.0123
C01163	0.0343	0.4281	0.0733	0.6785	0.4576	0.7806
C01164	-0.0777	-0.5865	0.4498	-0.4874	-0.0787	0.2825
C01165	-0.1734	0.1385	-0.1859	-0.7705	-0.0700	0.1550
C01168	-0.8853	-0.3041	-1.0263	-1.2258	-0.9364	-1.1904
C01170	-1.6131	-0.9925	-1.7254	-1.9980	-2.9809	-2.4328
C01172	-0.3043	-0.1458	0.1308	-0.2514	0.0747	-0.2117
C01176	-0.3274	-0.1266	-0.2997	0.4788	-0.0167	-0.2828
C01177	1.3130	0.6763	1.4342	1.7024	2.3453	2.2813
C01179	-0.3317	0.1284	-0.1734	0.4669	0.1054	0.1801
C01180	-0.9192	0.3146	0.0118	0.8805	-0.5276	-0.3573
C01181	0.0364	0.6565	-0.1381	0.0804	-0.2785	0.1254
C01182	0.2173	0.0879	0.3113	0.1234	-0.2964	-0.2126
C01185	0.1789	0.3269	-0.4608	0.4689	-0.3075	-0.1772
C01186	0.3475	0.0902	-0.2798	-0.1174	0.4618	0.0299
C01187	0.8895	2.0706	2.7915	1.4629	2.2681	2.3925
C01189	-0.1013	-0.1686	-0.2972	0.0924	0.4162	-0.0718
C01190	-1.3645	-1.8360	-2.0156	-2.0348	-2.1194	-2.7153
C01194	-0.5589	-0.2898	-0.3811	-0.9781	-1.5350	-1.1001
C01197	-0.6787	0.1915	0.6547	0.4560	0.5518	-0.1166
C01198	0.0342	0.0676	-0.1314	-0.2579	-0.2941	0.2373
C01203	-0.1325	-0.4640	-0.1685	-0.4901	-0.7656	0.4472
C01204	-0.5836	-0.5215	-0.1910	-0.0800	0.2179	0.6725
C01205	-0.4547	-0.3963	-0.3749	0.2846	0.0017	-0.1610
C01209	-0.3961	-0.0329	-0.1276	0.5870	0.2683	0.4320
C01210	-0.2911	0.3947	0.2724	0.0948	0.2080	-0.9034
C01211	-0.4327	0.1915	0.6910	0.1832	0.1312	0.0234
C01212	-0.3698	-0.3490	0.6188	0.4204	0.3628	-0.3608
C01213	-0.7755	-1.8097	-1.5787	-1.8550	-2.3358	-2.4090
C01215	0.0886	0.2743	-0.0300	0.2806	-0.0837	-0.0048
C01216	-0.2260	-0.4328	-0.2486	0.7446	-0.0688	0.7029
C01217	0.2553	-0.0847	0.8997	0.1458	-0.2065	-0.0666
C01218	-0.0577	0.1376	0.3019	-0.0148	-0.0363	0.4200
C01219	0.9373	1.3611	1.8129	1.7501	2.7630	2.7548
C01220	-0.0242	0.1921	0.6947	0.4283	0.5143	-0.0718
C01221	0.2754	-0.0493	-0.2198	0.0290	0.7583	-0.3753
C01222	1.4078	1.4494	1.9187	2.0895	2.4698	3.0424
C01226	-0.0985	-0.2600	-0.6849	0.0566	0.5403	-0.6114
C01227	-0.6991	-0.2643	0.1527	0.2696	-0.1783	-0.1728
C01228	0.1602	0.1254	-0.4939	-0.2359	-0.2861	0.6030
C01230	-0.0413	0.0120	0.5766	-0.1044	-0.1924	0.0759
C01231	-0.2571	-0.5148	0.3512	0.5334	0.2498	-0.3432
C01233	-1.1531	-0.9273	-0.5736	-1.0641	-1.1374	-1.5360
C01234	0.0272	0.4279	-0.2043	0.0002	0.1615	0.3217
C01235	-0.2596	0.1446	0.2918	-0.6863	-0.1869	-0.5241
C01236	0.1526	0.0742	-0.0618	0.4287	0.2925	0.3969
C01241	0.5477	-0.1132	-0.4994	0.2870	-0.2891	-0.3509
C01242	-0.1217	0.2545	0.1328	-0.2251	0.0122	-0.1317
C01243	-0.4555	-0.0782	0.0341	0.3204	-0.2665	0.0576
C01245	-0.2945	0.0868	0.3046	-0.3767	-0.1381	-0.2260
C01246	0.1720	0.4304	0.1379	0.1592	0.3890	0.0696
C01249	-0.2560	0.2355	-0.2596	-0.3591	-0.1459	0.1595
C01250	0.0403	-0.5529	0.5356	-0.1991	0.0273	0.2535
C01251	-0.3904	0.3268	0.0939	0.3079	-0.1166	0.3295
C01252	0.1771	0.0109	0.7651	-0.3362	0.2582	0.0300
C01259	-0.0165	-0.4838	0.0882	0.0754	0.2484	-0.3933
C01260	-0.0956	-0.2091	-0.4672	-0.1770	-0.5730	1.0683
C01261	-0.6767	0.4850	-0.4008	-0.2376	0.1422	-0.2338
C01262	0.0787	0.4750	0.3019	0.2346	0.4195	0.0520
C01264	0.1130	-0.2683	0.1225	0.2752	-0.2358	0.0738
C01267	-0.3934	-0.0599	0.1935	0.6234	0.4045	-0.2194
C01268	-0.0060	0.1296	0.2563	-0.1232	0.1508	-0.7069
C01269	-0.5128	0.2469	0.0694	0.4163	-0.2699	0.2252
C01270	0.7199	0.0552	-0.1651	-0.1873	-0.0183	-0.5026
C01271	-0.1446	-0.0026	-0.0024	0.4047	-0.2299	0.1743
C01272	-0.1714	-0.2106	0.3384	0.0476	-0.6286	0.1269
C01273	0.0343	-0.8187	-0.0261	-0.2797	-0.2418	-0.2446
C01274	0.3216	-0.0498	-0.1015	-0.3085	-0.0608	-0.2058
C01277	0.3706	0.3611	0.3783	-0.7541	0.2411	-0.5019
C01278	0.1779	0.4508	-0.0470	0.3427	-0.1780	-0.2903
C01279	1.4710	1.5624	1.4521	1.8928	1.8642	2.7325
C01284	0.4533	-0.1113	0.3359	0.0634	-0.3173	0.4122
C01286	-0.1828	-0.1751	0.6221	0.2964	-0.0269	-0.2626
C01290	-0.3374	0.4674	0.0427	-0.1998	-0.0596	0.3238
C01297	0.0104	-0.1490	-0.2265	-0.0069	0.1445	-0.2287
C01300	0.5568	0.7198	0.0993	-0.0465	-0.2526	-0.1923
C01301	-0.3565	-0.1736	-0.0396	-0.2870	-0.5811	-0.3699
C01302	0.4030	-0.3273	-0.1893	0.3494	-0.4468	-0.0788
C01304	-0.0789	-0.0699	0.3934	-0.6338	-0.3051	0.2800
C01312	1.0399	1.0044	1.1386	0.9709	1.3587	1.4332
C01319	-0.0039	-0.0863	0.1069	-0.0450	0.3435	0.1818
C01322	0.0539	-0.1121	0.1787	-0.0896	-0.0559	-0.1784
C01326	0.9120	0.2986	0.4019	-0.3452	0.1589	-0.6694
C01327	-0.1796	-0.0970	-0.0484	-0.0509	0.0900	-0.0169
C01330	-0.0755	0.0333	0.4250	0.2094	0.2701	0.0720
C01337	0.4783	0.4572	-0.3254	0.0206	-0.2205	0.0582
C01344	0.1015	-0.5886	-1.0091	-0.5299	-0.2684	-0.1976
C01345	-0.6179	-0.8838	-0.4823	-1.1746	-1.2638	-1.3768
C01346	0.2609	-0.1479	-0.1026	-0.0470	-0.1509	-0.4889
C01352	-0.0779	0.4789	0.1973	-0.2715	0.4065	0.2927
C01353	0.1638	-0.0214	0.2692	-0.0900	-0.0400	0.2383
C01355	0.3639	-0.8946	-0.1334	-0.6600	-0.0646	0.0004
C01358	0.0219	0.0578	0.5807	-0.3327	-0.1165	-0.3472
C01367	-0.6099	0.1670	-0.3807	0.0843	0.2743	0.0020
C01368	-0.0501	-0.0883	-0.0969	0.5010	0.0446	0.1857
C01371	-0.4566	0.4167	-0.6423	-0.5166	0.4062	0.0088
C01380	-0.6149	0.4961	-0.2444	-0.6546	-0.5739	0.0396
C01382	1.1288	-0.0162	0.6089	-0.0673	-0.3663	-0.0905
C01384	0.4399	0.3929	0.6695	0.7616	1.6037	1.2230
C01390	-0.4171	0.2465	-0.0925	0.5880	0.2792	0.2570
C01401	0.3837	-0.5073	-0.5182	-0.4590	-0.0757	0.0522
C01405	-0.0388	0.2318	0.0064	-0.1802	0.2625	-0.2264
C01407	0.5289	0.7737	-0.0819	0.0530	-0.3121	-0.4292
C01412	-0.0890	0.2527	-0.3903	0.2382	0.3965	-0.5170
C01413	-0.5842	0.4028	-0.2172	0.2895	-0.6123	-0.2152
C01414	0.4027	0.2005	-0.0975	0.1595	-0.9060	0.3937
C01416	-0.2635	0.0239	-0.2179	0.3918	0.5111	0.0311
C01417	0.0487	-0.1506	-0.1826	-0.2093	-0.1253	0.3604
C01419	-0.3990	-0.0763	-0.4220	-0.8671	0.8380	0.3903
C01433	-0.6860	-0.0125	-0.2705	0.1386	0.2681	-0.1338
C01438	-0.3876	0.0761	-0.5115	0.0348	0.3160	0.3428
C01441	-0.0632	-0.5772	0.6472	0.3602	-0.0900	0.1896
C01443	-0.3075	-0.1478	0.3229	-0.6683	-0.2495	-0.5277
C01444	0.3864	-0.0345	-0.1953	-0.4555	0.6167	0.3581
C01451	-0.1507	0.2238	-0.2635	0.0611	-0.1589	-0.0156
C01454	0.2327	-0.3418	0.0741	-0.1764	-0.0199	0.1432
C01455	0.1115	0.3744	0.1410	0.4684	-0.4855	-0.2421
C01457	-0.4023	-0.3300	0.2354	0.0341	-0.2679	0.2247
C01468	-0.4530	-0.1212	0.4767	0.0049	-0.2596	0.0038
C01471	0.4382	0.3917	-0.4008	0.4386	-0.1631	0.1983
C01477	0.2080	0.0894	-0.6513	-0.5204	-0.2978	-0.0935
C01487	-1.4892	-1.8371	-1.9004	-2.1338	-2.0651	-3.2931
C01490	0.2947	-0.1915	-0.4111	-0.2975	-0.1707	0.3632
C01494	-0.2652	-0.0099	0.4397	0.5609	-0.1794	0.2165
C01498	0.1435	0.2775	0.2917	-0.5722	-0.0526	0.1158
C01500	-0.0144	-0.0101	-0.0728	1.0145	0.2227	-0.2300
C01508	0.4434	0.5167	1.0148	0.1151	0.8965	0.8794
C01514	0.6965	-0.5780	-0.1478	0.1927	-0.1673	-0.0023
C01516	-0.1702	0.4743	-0.2873	-0.0624	0.0082	-0.0859
C01528	0.1284	-0.0527	-0.0523	0.1622	0.1837	0.5747
C01530	0.1289	0.3439	-0.0355	-0.3688	0.1012	-0.1128
C01542	-0.0862	0.1774	-0.0989	0.0011	0.2138	-0.0055
C01546	-0.3920	-0.0026	-0.5777	-1.0110	0.5252	0.5296
C01555	-0.0038	-0.1299	-0.1562	-0.5939	-0.3760	0.3148
C01558	-0.4973	-0.5557	-0.0677	0.1494	-0.3411	-0.1149
C01561	-0.1270	0.0364	-0.0933	0.7136	0.0441	0.3361
C01563	0.4623	-0.2144	-0.3126	-0.1376	-0.0960	-0.5962
C01571	-0.0162	0.5985	1.2155	1.2336	1.2661	1.6449
C01575	0.1396	-0.0997	0.1832	-0.3213	-0.2289	-0.0689
C01576	0.1027	0.6683	0.4239	-0.4414	0.3365	0.6245
C01594	0.1813	0.8481	0.6970	0.0824	0.1367	-0.1439
C01595	-0.0666	0.2963	0.5122	0.0245	0.1015	-0.0616
C01596	0.4421	0.0087	0.1882	0.2735	-0.6512	0.7455
C01598	0.4258	-0.0616	-0.6853	-0.0530	0.2563	0.0485
C01606	1.6565	1.7838	2.4490	2.3665	2.1943	2.5355
C01610	-0.1985	0.0010	-0.1786	0.0554	-0.1397	0.9343
C01613	0.1997	0.2452	-0.1682	-0.3091	0.0600	-0.0810
C01617	-0.2656	-0.3663	-0.3674	-0.3591	0.3311	-0.0237
C01620	0.1616	-0.8701	-0.2332	0.2785	-0.1695	-0.3554
C01623	-0.1466	-0.2803	0.0525	0.0965	-0.0177	0.5349
C01626	-0.5499	-0.0215	0.5361	0.1227	0.3472	0.7235
C01630	-1.6652	-0.3930	-2.0373	-2.0247	-1.8521	-2.5110
C01667	1.7200	1.3030	1.2664	2.1546	2.0025	2.6802
C01672	-0.3989	-0.4318	-0.9745	0.4239	-0.4328	0.0236
C01673	0.0386	0.3630	0.1543	-0.2675	0.4874	0.1013
C01674	1.6073	1.5249	2.0386	2.5547	2.1374	2.9330
C01678	0.0573	0.2120	0.2774	0.0677	0.7195	-0.1143
C01682	-0.7528	-1.8990	-2.5608	-1.6278	-2.1553	-2.0804
C01684	1.3380	1.7840	1.5058	1.7645	2.5390	2.8445
C01693	0.4267	-0.1232	0.1474	0.0388	-0.2365	0.5622
C01694	0.2923	0.0878	0.4846	0.2964	0.4777	-0.1466
C01697	-0.2068	-0.2848	0.0927	0.1810	0.0313	-0.5113
C01708	0.1547	0.4145	-0.5967	0.1667	0.1545	0.1550
C01715	0.2751	0.4175	0.3350	-0.4614	-0.1250	0.1638
C01717	0.3616	-0.2476	0.1499	-0.7615	-0.1672	-0.6732
C01720	0.0005	-0.2764	-0.2037	0.7266	0.5154	-0.1967
C01721	0.2764	-0.0986	-0.0547	-0.0522	0.1742	0.0776
C01724	0.0480	0.0191	0.1890	-0.5558	0.3467	0.0799
C01725	-0.4631	-0.2367	0.7185	-0.5210	0.5093	0.6345
C01726	0.0394	-0.1851	0.3459	-0.4267	-0.1560	0.0334
C01727	0.1291	-0.3424	0.4719	0.2225	-0.5655	-0.1348
C01732	-0.1326	-0.1919	0.3050	0.2352	-0.1647	-0.4727
C01735	-0.5711	-0.3631	-0.3178	0.3589	-0.0772	-0.1124
C01737	0.4180	-0.1417	-0.1988	0.2342	-0.4098	-0.3046
C01739	0.3772	0.1436	-0.6920	0.0997	-0.0902	-0.5730
C01743	0.5052	-0.1484	-0.9281	0.2226	-0.3481	0.2636
C01744	-0.4995	0.8655	-0.1089	0.0368	-0.1516	0.1164
C01746	0.2585	-0.6421	-0.5927	-0.2917	-0.3882	-0.3145
C01747	1.2755	1.2332	1.9461	2.1485	2.0488	2.6485
C01748	-0.7127	-0.2341	0.1196	-0.3723	-0.0785	-0.1961
C01753	-0.0114	0.1083	0.2284	-0.0192	0.3279	0.2218
C01759	-0.3035	-0.3012	0.4960	0.4706	0.3744	-0.4239
C01761	0.6514	-0.0127	-0.0423	-0.5667	-0.2365	-0.2442
C01762	0.8804	1.1831	1.3312	2.2220	2.0589	3.1611
C01768	0.5335	0.2491	0.6083	-0.0624	0.2213	-0.1696
C01769	-0.2047	-0.2516	0.0819	0.0892	-0.3317	-0.1406
C01772	0.2930	-0.2850	0.1270	0.0469	0.1744	-0.2541
C01780	-0.4108	-1.1942	-0.7854	-0.6004	-1.2940	-1.3663
C01782	-0.1800	-0.1115	0.2962	0.1004	0.0091	0.0711
C01788	0.5100	-0.0291	-0.4691	0.1566	-0.6259	0.3086
C01789	0.2550	0.3157	0.3117	0.0197	0.8999	-0.0179
C01794	0.8351	1.1611	2.2056	2.6764	2.0882	2.1801
C01801	-0.1306	0.2334	-0.1771	0.8965	0.1953	-0.1009
C01802	-0.1390	-0.0541	-0.5084	0.1972	-0.5473	0.0222
C01817	0.2721	-0.7728	-0.4076	0.6363	-0.5431	-0.1042
C01822	0.2741	-0.3191	-0.4533	-0.1187	0.1255	0.5366
C01823	0.2640	0.4574	-0.3167	-0.0015	-0.0303	0.0852
C01825	0.0371	0.1262	0.3928	-0.8710	0.5902	0.2536
C01829	-0.4834	0.3093	0.2845	0.5960	0.3259	0.6332
C01832	-0.3321	0.4834	0.1782	-0.0523	0.0746	-0.1675
C01834	1.2824	1.4194	1.3758	2.2825	2.0615	2.7446
C01835	-0.6265	-1.6497	-1.7964	-1.8359	-1.5352	-2.3332
C01841	-0.0699	-1.0813	-0.1421	-0.7824	-0.2625	-0.3004
C01844	-0.0948	-0.3765	0.2800	-0.1342	-0.2743	-0.0642
C01845	-0.6213	0.1853	-0.7965	-0.5533	0.0308	0.3920
C01847	-0.2059	0.1339	-0.2807	-0.5321	0.2804	0.2648
C01850	-0.2266	-0.0590	0.3025	-0.1422	-0.5225	0.4689
C01851	0.5773	0.1295	0.4676	0.2933	-0.5477	-0.2353
C01852	0.0549	0.1592	-0.1237	-0.3967	-0.0965	0.1177
C01861	-0.0262	0.2667	0.6421	0.0723	0.1215	-0.2505
C01879	0.4437	0.3046	0.0824	0.0391	0.5138	-0.2344
C01885	0.3212	0.2759	0.1394	-0.1001	0.1969	0.0324
C01888	0.0790	0.1116	0.0124	0.3308	0.2549	-0.1632
C01894	-0.3183	0.1296	-0.4970	0.0126	0.2643	-0.4945
C01898	0.4601	-0.1658	-0.4288	-0.2480	-0.4885	-0.2427
C01902	0.0851	-0.4176	0.0998	0.4130	-0.0358	-0.3717
C01904	-0.2420	-0.0296	0.2471	0.1647	-0.0194	0.0479
C01909	-0.2810	-0.0610	0.2204	-0.2342	-0.3651	0.0820
C01912	-0.4900	-0.4035	0.7029	-0.2741	-0.4702	-0.0453
C01917	-0.3023	0.5827	-0.2105	0.6325	0.3953	-0.1577
C01921	0.8631	1.3226	1.9815	1.4583	1.6078	2.0865
C01929	-0.2033	-0.0498	0.2362	-0.3976	0.5548	-0.1882
C01931	-1.2263	-0.8097	-1.4806	-1.7491	-2.6707	-2.7124
C01934	-0.4762	0.0269	-0.1741	-0.6247	0.6899	0.6584
C01935	1.5987	1.1094	1.3574	1.2571	1.9405	2.6752
C01937	-0.0164	0.0070	0.0576	0.2863	0.0431	-0.0841
C01941	0.8830	-0.4454	-0.6092	-0.0097	0.3172	0.2954
C01943	-0.3176	-0.9490	-0.2057	-0.0508	0.1217	0.4625
C01944	0.1184	-0.0283	0.0590	0.2432	-0.3956	-0.1130
C01946	0.0603	0.6973	0.6140	-0.8296	0.2502	-0.0428
C01953	-0.5027	-0.6850	-1.3831	-1.0201	-1.2117	-1.6781
C01959	-0.0974	0.4026	-0.0307	-0.4338	-0.2443	0.1891
C01962	0.2637	0.1755	-0.1980	-0.1433	-0.0120	0.0704
C01987	0.0749	0.0923	-0.4167	-0.2345	-0.1566	-0.0691
C01989	-0.2695	0.2719	-0.0354	0.0894	0.2854	0.0586
C01990	0.3334	-0.4840	-0.4715	0.4146	-0.3601	0.0037
C01996	0.2240	0.2737	0.4839	0.2534	0.0580	0.4436
C02002	-0.2973	-0.4061	0.0210	-0.7371	-0.4431	0.7083
C02004	-0.0551	-0.1154	0.1171	0.1650	-0.2635	0.2209
C02017	-0.0497	-0.4164	0.7397	-0.7369	-0.3380	-0.1359
C02033	-0.2777	0.1395	-0.2954	0.1559	0.1057	0.0052
C02034	-0.0949	0.3660	-0.1763	-0.3627	-0.3127	-0.4199
C02035	0.0873	-0.1610	0.3030	0.3212	-0.0223	-0.2396
C02041	0.0812	-0.2915	0.2632	0.3653	-0.1965	0.2831
C02046	0.0803	-0.0306	0.3569	0.1311	-0.0163	-0.5170
C02047	-1.3503	-1.1196	-1.2819	-2.5100	-2.2704	-2.8581
C02049	0.3418	-0.3953	-0.4266	-0.3841	0.0091	-0.3085
C02050	0.0661	0.1714	-0.3941	-0.2766	0.3676	0.2604
C02051	0.6037	-0.5377	-0.3133	-0.2797	-0.0799	-0.6512
C02059	0.1339	-0.1168	-0.0437	0.1359	-0.0082	-0.1235
C02061	0.6779	0.6910	0.3025	0.4512	-0.7505	0.1964
C02067	0.7382	0.7418	0.4673	-0.4630	0.2121	-0.1766
C02075	0.2867	-0.0523	0.3029	0.0342	-0.5239	0.1532
C02076	0.0331	0.4639	-0.0390	0.4217	-0.2414	-0.2721
C02079	-0.2967	0.0821	-0.4152	-0.5653	0.0470	-0.6158
C02084	0.5650	0.7149	0.4364	0.9843	0.8860	1.1059
C02090	0.0206	0.0858	0.0211	-0.2436	0.2421	-0.1491
C02091	0.2671	-0.1430	-0.1160	0.5850	0.0122	-0.3655
C02094	-0.1559	0.0177	0.7130	-0.0616	-0.4144	0.1234
C02105	0.2547	-0.1037	-0.4211	0.1913	-0.1267	-0.5540
C02106	-0.3773	-0.0244	-0.3999	0.1764	0.4138	0.3555
C02110	0.0159	-0.3622	0.3585	-0.8568	-0.7202	0.6798
C02112	0.5246	-0.6794	-0.1353	-0.1956	0.0595	0.0917
C02123	0.4501	0.9303	-0.2673	0.2078	0.0429	-0.1430
C02124	-0.2234	-0.2801	0.1146	0.0321	0.0099	0.0619
C02133	-0.0639	-0.3831	0.2542	0.7784	-0.1260	-0.0600
C02135	-0.5770	0.3132	-0.1783	0.2761	-0.1143	-0.6788
C02137	-0.6671	0.4473	-0.1287	0.0945	0.2500	0.0097
C02139	-0.1388	-0.0022	-0.1874	0.2759	0.5031	-0.7540
C02140	0.7888	0.1055	-0.1219	-0.3918	0.5421	0.2979
C02141	-0.1263	-0.5618	-0.2275	-0.1428	-0.0699	-0.2434
C02147	0.2766	-0.6451	-0.2261	-0.6351	0.0681	-0.3898
C02151	-0.1665	0.2393	-0.4405	-0.0497	-0.0752	0.4820
C02153	0.1589	0.2631	0.6613	-0.1385	0.3084	-0.2139
C02160	1.1718	1.2854	2.1663	1.2794	2.8124	2.5864
C02161	-0.2092	-0.6685	0.5523	-0.2703	0.2165	-0.5715
C02163	1.3414	0.7907	1.7368	1.9715	2.2205	2.3308
C02165	-0.4296	-0.5519	0.1921	-0.3666	-0.0211	0.3588
C02166	0.5314	0.2297	-0.0900	-0.1891	0.2166	-0.4471
C02167	0.4742	0.2044	0.2755	0.2668	0.2273	0.3211
C02170	0.2533	-0.3877	0.0710	0.0595	-0.0824	-0.0091
C02172	-0.2309	0.2021	0.3672	0.2501	-0.8808	-0.2647
C02183	-0.0527	0.3232	-0.7132	0.3317	0.5736	-0.1353
C02188	0.1653	0.0730	-0.0737	-0.3624	-0.1910	-0.0064
C02189	0.0245	-0.0352	0.2976	-0.0098	0.2928	0.3716
C02191	-0.4020	0.0351	0.2604	0.6735	-0.3231	0.2920
C02198	0.4478	0.3569	-0.3392	0.3610	0.5349	-0.2647
C02199	0.6165	1.6935	1.7690	1.2742	1.7211	2.4852
C02210	-0.7306	-0.4770	-1.1956	-0.7319	-1.7648	-1.1931
C02218	0.1489	-0.3901	0.3668	0.2001	0.5633	0.5189
C02220	-0.6649	-0.0537	-0.4013	-0.0628	-0.1624	0.4761
C02222	0.0910	0.0483	-0.4192	-0.3594	-0.6147	0.4468
C02225	0.4106	-0.2341	0.0919	-0.5358	0.6478	0.3148
C02226	0.4004	0.1820	0.3417	-0.1467	0.5070	0.1920
C02232	0.6121	0.6666	1.4066	1.2357	1.0371	0.7492
C02237	-0.2444	-0.6469	-0.2548	-1.0370	-0.9568	-1.3940
C02247	-0.0342	0.0574	-0.4945	-0.1799	0.0398	-0.0187
C02249	0.1018	0.0494	0.5402	0.4187	-0.5492	-0.0502
C02262	0.3597	-0.0720	-0.0844	0.0120	0.3563	0.0623
C02265	-0.0567	0.0892	-0.3868	0.3697	0.1837	0.2924
C02266	-0.1810	0.1773	0.4267	-0.0921	-0.2190	0.3967
C02273	1.0870	1.2616	2.0509	2.1943	1.6184	2.5266
C02280	0.9587	0.2265	0.8696	0.7002	-0.0632	1.6954
C02282	1.6705	1.0799	1.9431	2.3246	1.7865	2.2783
C02291	0.1914	-0.2471	0.2847	0.5630	0.1940	-0.0903
C02295	0.4133	-0.0355	0.3106	0.8760	0.4537	0.7586
C02298	-1.0082	-1.0373	-1.2372	-0.6342	-1.9667	-1.7277
C02301	-0.3492	-0.0073	-0.1487	-0.2664	-0.0454	0.1994
C02305	0.2512	0.4288	0.4198	-0.0594	0.2748	-0.2001
C02320	-0.3140	-0.0518	-0.0950	-0.0272	0.3414	0.2585
C02321	-0.3150	-0.3845	0.1818	0.0129	-0.4959	-0.2172
C02325	0.4946	0.8046	0.7455	0.7997	1.3122	1.0038
C02330	0.1135	-0.0226	-0.0437	-0.3270	0.8299	0.0983
C02331	-0.5625	0.6517	0.2590	-0.1223	0.3322	0.2958
C02335	-0.3571	-0.2245	-0.1339	-0.2481	0.0394	-0.2799
C02341	0.1032	0.0294	0.0222	0.4352	-0.1924	-0.7222
C02348	-0.1266	0.1846	0.5421	-0.0773	0.2672	-0.0721
C02350	0.0660	-0.0368	0.1469	-0.1177	-0.3478	-0.2086
C02352	0.5742	0.3205	0.4345	0.5213	0.4620	0.0158
C02353	0.0726	-0.1224	-0.1939	0.0883	-0.4063	0.2039
C02354	0.3480	-0.5460	-0.2488	0.0754	-0.0422	-0.1742
C02355	0.3497	0.0709	0.6508	1.3282	0.7758	1.3737
C02356	0.0305	0.1932	-0.6969	0.3458	-0.6231	0.2742
C02359	-0.0844	-0.2694	0.4579	0.1558	0.2197	-0.4422
C02362	0.2698	0.3820	0.7907	1.2813	0.3061	1.7043
C02364	0.1369	0.5249	-0.0646	-0.0453	0.0590	-0.1386
C02370	0.3799	0.4949	0.4162	-0.1861	0.2490	-0.5240
C02371	-0.2959	-0.6164	0.0906	0.1394	-0.4050	0.3662
C02373	0.4003	0.1652	0.0858	-0.3481	0.6028	0.2334
C02375	-0.5898	0.0147	-0.1240	0.0446	0.5543	0.2179
C02376	-0.0196	-0.0107	-0.8330	0.1580	0.2651	0.2632
C02378	0.2639	-0.2102	-0.4126	0.3484	-0.1570	0.3918
C02380	-0.2560	0.3250	-0.2076	-0.1104	0.4670	-0.3404
C02389	-0.2672	0.0294	0.7026	0.6225	-0.4176	-0.6809
C02400	-0.5058	-0.6840	-0.0977	0.6308	-0.0674	0.2720
C02405	0.1461	-0.3358	0.1286	0.3144	-0.3833	0.0168
C02411	-0.1111	0.1971	-0.1432	0.6964	-0.2636	0.5450
C02412	-1.4738	-1.7427	-1.6084	-1.0188	-2.6298	-2.2577
C02426	-0.4687	0.0168	-0.0317	-0.3027	-0.5491	-0.0029
C02430	0.5030	0.0223	-0.0014	0.0357	-0.1947	-0.2750
C02431	-0.2605	0.3927	-0.0417	-0.1829	-0.0193	-0.0680
C02442	0.2427	0.0555	0.3637	-0.5881	0.2904	-0.3096
C02457	0.2450	-0.7188	-0.0071	0.4317	-0.1843	0.3833
C02462	-0.0796	0.4852	0.0237	0.1354	0.2581	-0.1107
C02463	0.0092	0.2459	-0.1002	0.0361	0.5690	0.4383
C02465	0.5147	-0.2772	-0.8337	-0.3775	-0.2295	-0.2078
C02469	0.1491	0.2267	-0.1086	0.6171	-0.0998	-0.3411
C02470	-0.0029	-0.1686	-0.2726	0.0424	0.2751	0.2818
C02474	0.0236	-0.0308	0.0948	-0.8340	-0.2775	0.1037
C02477	-0.4539	-0.1823	-0.3820	0.3112	0.4510	0.2488
C02480	0.0088	-0.3706	-0.3276	0.7193	-0.1876	0.2681
C02483	0.4383	0.1341	0.0324	0.2140	0.6247	0.0476
C02488	-0.1466	-0.0304	-0.2813	0.0721	0.3146	-0.0370
C02492	0.1689	-0.2429	-0.3512	-0.5960	-0.0764	-0.7657
C02501	0.1781	0.5487	0.0715	0.5785	0.0554	0.2295
C02504	0.6736	0.4372	-0.2512	0.0302	0.0410	-0.2948
C02505	0.2707	0.1463	0.3272	-0.0246	0.6984	0.0004
C02512	-0.0891	-0.6143	-0.3271	-0.9316	-0.6711	-2.0987
C02514	-0.1435	0.5172	-0.2986	0.2150	0.5582	-0.5683
C02515	0.4584	0.3046	-0.2267	-0.0413	-0.0923	0.3975
C02526	-0.0416	0.0254	0.1524	0.4884	0.2265	0.4348
C02527	-0.1618	0.2246	-0.1014	0.2027	-0.3898	0.0029
C02528	0.9988	1.2800	2.0089	2.1783	2.4099	2.0336
C02530	0.3701	-0.4976	0.3722	-0.1993	-0.1378	0.2661
C02535	0.3224	0.1393	-0.1002	-0.0568	-0.1204	0.0416
C02537	-0.5867	-0.3147	-0.0767	0.2488	0.0663	0.1468
C02538	0.0063	0.4426	0.4262	-0.2242	0.4790	0.3911
C02553	1.3507	1.5579	1.3946	2.1394	2.6627	2.7785
C02554	0.0904	-0.0304	0.1959	-0.1829	-0.1336	0.2670
C02557	0.2470	-0.0406	0.7213	0.0018	0.4721	0.6697
C02565	0.0240	0.0358	-0.0893	0.1379	0.2726	-0.0154
C02571	0.6610	-0.1077	0.1070	-0.3386	0.4017	-0.1287
C02575	0.0578	-0.2580	0.2329	-0.4141	0.7804	0.5416
C02587	-0.3342	-0.2294	-0.0551	-0.7141	-0.3813	0.0714
C02588	0.1056	-0.4142	-0.2936	0.5637	-0.1744	-0.6042
C02591	-0.6510	-0.7115	-0.2881	0.3325	0.4323	-0.4147
C02593	0.1496	-0.4368	-0.2045	0.1343	-0.1212	-0.0032
C02612	-0.2356	-0.0322	-0.0301	0.2673	-0.1847	0.0666
C02614	0.1437	-0.1286	-0.7584	0.0494	0.3304	-0.4391
C02617	0.1924	0.2209	-0.1501	-0.0183	0.0972	-0.2939
C02627	-0.0121	-0.0296	-0.1442	-0.3459	0.0329	-0.4910
C02630	0.7006	0.4250	-0.0062	0.4834	-0.5699	-0.7606
C02631	0.3316	0.4655	-0.0644	-0.5647	0.0779	-0.2259
C02632	-0.0768	-0.0869	-0.0225	-0.0566	0.5797	0.6286
C02633	0.3905	-0.6310	-0.3546	-0.1492	-0.2980	-0.0292
C02637	-0.3635	0.0651	0.0668	0.4445	0.3683	-0.4140
C02642	0.3498	0.8386	0.9977	0.8577	0.6988	0.8541
C02646	-0.3128	-0.2196	-0.1256	-0.0919	0.4498	-0.3016
C02647	-0.7286	-1.2998	-1.1133	-0.6061	-1.7460	-1.4500
C02656	0.4779	-0.6198	0.3493	-0.0056	-0.0120	-0.0147
C02657	0.1061	0.1174	0.2829	0.5809	0.7229	0.2258
C02659	-0.4115	0.4704	0.5439	0.5260	0.0576	-0.1421
C02666	0.0267	0.1471	0.1721	-0.4479	-0.7698	-0.6465
C02669	0.3487	-0.2658	-0.1027	-0.4750	-0.3844	-0.0983
C02670	0.2319	-0.2682	0.0975	-0.0184	-0.4039	-0.0360
C02673	-0.6650	-1.2297	-0.5831	-1.1186	-1.1408	-0.4892
C02679	0.4938	-0.2854	0.1576	0.2120	0.0067	0.2590
C02686	1.2524	1.2607	1.2213	2.0878	1.9897	2.7912
C02693	-0.4691	-1.2008	-1.1590	-1.0857	-1.3752	-1.4509
C02700	-0.1950	-0.3598	0.3585	0.6587	-0.2522	0.3738
C02702	1.3813	1.7314	1.4659	2.0880	2.5660	2.6106
C02713	-0.3919	0.3579	0.1227	0.2859	-0.5492	0.9685
C02714	0.0284	0.8569	0.0966	0.3099	-0.0053	0.0849
C02718	-0.1603	-0.3455	0.4320	-0.1899	0.5267	-0.1663
C02723	-0.2361	0.6290	-0.0250	-0.6689	0.1492	0.2225
C02727	0.5266	0.3398	-0.0847	0.2097	0.1739	0.0044
C02730	-0.5792	-0.1855	0.3813	-0.1019	-0.2866	-0.2543
C02737	-0.5498	0.6213	-0.2380	-0.3263	-0.0126	0.1845
C02739	-0.0457	0.3945	0.0514	-0.4732	0.1742	0.6558
C02741	0.2396	-0.2374	-0.2886	0.2894	-0.0388	0.0510
C02753	0.2384	-0.1598	0.0754	-0.4760	0.1387	-0.3210
C02758	-0.2433	-0.1047	-0.0120	-0.1510	-0.1847	-0.2817
C02763	0.1764	0.1490	-0.4783	0.3097	-0.6930	0.2721
C02765	0.1611	0.3273	-0.0269	0.6189	0.2824	-0.5836
C02773	0.7003	0.6748	0.0283	-0.3608	-0.1088	-0.3189
C02775	-0.4679	0.0499	-0.2741	0.3068	-0.2024	-0.0325
C02798	-0.6962	0.6875	0.2940	0.1487	0.3627	0.0290
C02800	0.3591	0.2687	-0.6254	0.3286	-0.2409	0.2919
C02811	-0.0767	0.6603	-0.0502	-0.2602	0.1399	0.1445
C02814	-0.2771	-0.8612	0.3386	0.1545	-0.8066	-0.1697
C02823	0.5779	2.3011	2.1075	2.3459	2.1588	2.4992
C02835	0.3669	-0.2773	0.8261	-0.4862	0.0603	0.8239
C02839	1.3697	1.3882	2.1230	2.4811	2.2354	2.3745
C02843	-0.1499	-0.3383	-0.2647	-0.6432	0.3306	0.2204
C02855	-0.4358	-0.5014	-0.3745	-0.3831	0.4812	0.0028
C02876	-0.5938	0.3575	0.2856	0.1470	0.2687	-0.4176
C02880	0.0157	-0.3221	-0.1292	0.1622	-0.2538	0.2454
C02888	0.5146	0.5244	-0.6387	-0.0870	0.0786	-0.5942
C02892	0.1339	-0.0128	0.3976	-0.1840	-0.2071	0.2423
C02915	0.6577	0.5689	0.4563	0.2459	0.5008	-0.6058
C02918	-0.1047	0.4462	-0.2369	-0.4231	-0.1247	0.1503
C02920	-0.0227	0.2762	0.1249	-0.0101	-0.6138	-0.1226
C02923	-0.2818	-0.2084	-0.3655	0.2216	-0.1705	0.0879
C02930	0.1387	-0.1518	0.5441	-0.4343	0.2879	-0.1529
C02934	0.6574	0.0766	-0.5205	0.4430	-0.1646	0.2982
C02937	-0.2255	-0.7694	-0.2017	-0.1833	-0.0319	0.0035
C02938	0.3983	0.1453	-0.0087	0.4361	0.1176	-0.1284
C02939	0.0860	1.1975	1.3571	1.7902	0.7599	1.4696
C02946	-0.5249	0.4404	-0.6858	-0.1505	0.2184	-0.5561
C02947	-0.0194	-0.3282	0.1022	-0.9433	-0.1032	0.6020
C02949	-0.3977	-0.3055	0.4254	-0.1773	-0.0165	0.4118
C02953	0.0247	0.0764	-0.2153	0.5229	-0.2244	-0.0677
C02960	1.2134	1.4617	1.5193	1.9391	2.3478	2.4846
C02962	-0.1531	0.3583	0.4641	0.0901	0.5774	0.2456
C02970	0.1759	0.0240	0.0745	-0.1316	-0.0246	0.1519
C02972	0.3629	0.1463	0.2018	-0.1572	-0.1910	-0.0982
C02977	0.4264	0.4685	0.1018	-0.7421	0.3073	-0.0991
C02984	-1.6083	-2.0068	-1.5589	-2.1417	-2.0946	-2.7294
C02985	0.0638	0.2517	0.5092	0.6137	0.1497	0.5185
C02987	0.7238	-0.2806	-0.0673	0.1288	-0.4118	0.2268
C02988	0.4053	-0.9238	0.4681	0.5433	0.3900	0.0258
C02989	0.4505	0.0738	0.4955	-0.4454	0.7417	-0.1536
C02990	-0.2916	-0.2373	0.1198	0.5047	0.0574	0.0547
C02991	-0.0831	0.2147	0.1337	0.0249	0.1749	0.3290
C02992	1.6629	1.4053	1.6008	2.5357	2.2699	2.1438
C02995	-0.3026	-0.7647	0.4854	0.1501	-0.3942	0.3457
C03004	0.3745	-0.2552	-0.2213	0.7434	0.1294	0.6634
C03012	0.0263	-0.0824	-0.0065	-0.6118	-0.3062	-0.1544
C03021	-0.3475	-0.3305	0.0109	0.0385	0.0652	0.2454
C03028	0.3112	0.6499	0.0758	0.4994	0.1623	0.0384
C03029	0.5406	0.2949	0.1566	0.3314	0.1818	0.7218
C03033	0.1407	-0.1722	-1.1520	-0.5775	-0.0717	0.5788
C03035	0.1231	0.1265	-0.1616	-0.2876	0.0026	-0.4627
C03043	-0.2381	0.0005	0.0205	0.1281	-0.0984	0.1734
C03044	-0.4246	-0.1495	0.3876	0.0489	-0.0451	0.4846
C03046	-0.0005	-0.2903	-0.1023	0.0008	0.0345	-0.0069
C03056	0.0490	0.0084	0.2179	0.3456	-0.2592	-0.0183
C03058	-0.4367	0.0075	0.4203	0.3640	0.2919	-0.1882
C03063	0.2359	-0.2369	0.3624	0.4402	-0.1502	-0.2859
C03064	0.3953	0.8170	0.0859	0.2335	-0.5905	-0.0106
C03069	-0.3097	-0.2199	-0.0993	0.1440	0.5768	0.0480
C03077	-0.1586	0.0569	-0.5904	0.1518	0.0254	-0.5955
C03078	0.7133	0.3783	0.2249	-0.0087	-0.2078	-0.3837
C03082	-0.0478	0.1477	0.1525	0.0503	0.8393	0.0360
C03087	-0.5082	0.2104	-0.5303	-0.5820	-0.1343	-0.2582
C03089	0.9246	0.5423	1.1519	0.3892	1.2726	1.5529
C03090	0.2426	-0.1934	-0.4657	-0.1230	0.3616	0.6428
C03108	1.0992	1.7344	1.6157	1.6983	2.1380	2.2039
C03112	-0.3287	-0.1221	-0.4271	-0.5578	0.2804	-0.8659
C03114	-0.0810	0.1144	0.2506	0.1015	-0.1803	-0.0657
C03117	-1.0127	-1.4480	-1.6260	-1.1809	-1.7971	-2.4437
C03125	1.0389	1.8430	1.5201	1.4923	2.0554	1.8846
C03127	-0.2384	-0.7711	0.1095	0.2458	0.3474	-0.0308
C03145	-0.7832	0.2144	0.4160	-0.5649	0.0539	-0.0721
C03149	0.5521	-0.0934	0.1077	0.0979	-0.2313	-0.1976
C03150	-0.6663	-0.9099	-0.3080	0.1331	0.1183	0.0251
C03160	0.9105	-0.9573	-0.6665	0.2285	0.2880	0.1194
C03164	-0.9784	-0.1208	0.2485	-0.1540	0.0165	-0.0434
C03166	-0.4010	0.2061	-0.0777	0.4983	-0.0870	-0.1780
C03167	-0.9588	-0.4935	-0.5469	-1.0243	-1.0588	-1.5757
C03170	-0.5866	0.1335	0.6422	-0.0052	0.0336	-0.1363
C03172	0.0297	-0.0508	0.5510	-0.4788	-0.2769	0.5231
C03175	-0.3595	0.0536	0.3407	-0.4461	0.4621	0.2607
C03179	0.2569	-0.6833	0.2806	0.3135	0.1813	-0.0877
C03187	0.7908	1.8977	2.1800	2.0559	2.8091	2.5737
C03190	0.3558	0.0825	-0.1260	-0.1993	0.2957	-0.2868
C03194	-0.8321	-0.7268	-0.3052	-0.5468	-0.1854	0.4369
C03196	0.0176	0.0373	-0.5592	0.2529	0.0314	-0.1770
C03198	0.6663	-0.0724	0.7230	-0.5836	-0.2520	-0.3048
C03201	0.7618	0.1296	0.2296	-0.4458	0.2639	-0.1035
C03203	-0.8405	-0.1073	-0.1569	0.4746	-0.2288	0.4090
C03205	-0.0265	0.2406	0.5610	0.3500	-0.0389	0.2175
C03206	0.0098	-0.0935	0.3221	0.3303	-0.1811	-0.2696
C03217	0.3553	0.1731	1.3286	1.5869	1.1410	1.4105
C03219	-0.5156	-1.0192	-1.2036	-1.1081	-0.9850	-1.4480
C03221	-0.3576	-0.1288	-0.2585	0.2143	-0.4425	-0.0061
C03223	-0.0338	-0.0237	0.3399	-0.6676	-0.5726	-0.1469
C03227	-0.3638	0.1109	-0.6461	0.0195	-0.1864	-0.0096
C03230	0.2535	0.0088	0.3393	0.1356	0.2554	-0.0451
C03231	0.1276	0.2543	-0.2694	-0.2131	0.8898	-0.0335
C03232	-0.5596	-0.0833	-0.1938	-0.1540	-0.0127	0.1785
C03233	0.2569	0.0781	-0.0540	0.1981	0.3614	-0.7927
C03239	0.3202	0.2538	-0.3689	-0.2356	0.1146	-0.2365
C03240	0.0635	-0.6075	0.1483	-0.3079	0.0047	0.0904
C03242	-0.0216	-0.0070	-0.3447	-0.2147	0.2840	0.0345
C03248	-0.0371	-0.0041	-0.1381	-0.8887	0.1399	0.2804
C03259	0.2920	0.7113	-0.0465	0.0206	0.2739	0.1653
C03262	0.2648	0.2929	0.0818	-0.1316	0.3134	0.0276
C03263	-0.2813	-0.0376	0.0301	-0.2177	-0.1116	-0.5403
C03267	-0.2706	0.0883	0.3908	0.3192	0.4909	0.6279
C03272	1.1928	1.8526	1.4207	1.7263	2.7317	2.8026
C03273	0.2557	-0.3770	0.5265	-0.2343	-0.6578	-0.1792
C03277	-0.3486	0.0835	0.2140	0.0558	-0.1430	0.3702
C03283	1.0963	0.7867	1.5884	0.4123	1.3639	1.0040
C03284	0.5156	0.4762	-0.5357	-0.2464	0.5682	0.1509
C03287	-0.2366	0.2672	0.2537	-0.1307	0.2919	-0.1374
C03289	0.3758	-0.2549	-0.1106	0.6105	0.2487	-0.4920
C03291	0.4585	0.2885	0.2435	0.1779	0.4480	-0.1922
C03294	1.8113	1.7682	0.9847	1.6646	1.9188	2.1213
C03296	-0.1792	0.3996	-0.2193	0.1914	-0.6497	-0.3065
C03309	0.1280	0.6053	0.8250	-0.6162	0.2406	0.0579
C03313	0.4387	0.0572	-0.1846	0.3551	-0.3797	0.6240
C03319	0.0598	0.2378	-0.1739	-0.0794	-0.1045	0.3199
C03323	-0.1520	-0.1138	-0.1207	0.3371	-0.1378	-0.1650
C03325	0.2947	-0.1009	0.1482	-0.3332	0.8104	-0.4544
C03329	-0.6167	-0.9895	-0.0918	0.4242	0.4952	0.5613
C03341	0.4105	0.1846	0.0770	-0.3033	0.7425	-0.3349
C03344	0.6114	0.1134	-0.6943	-0.4096	0.2547	-0.1324
C03345	-0.1736	-0.6023	-0.2226	0.6202	-0.4344	-0.0334
C03366	-0.2780	-0.0785	0.0427	-0.1171	0.1714	0.2707
C03372	-0.1950	0.5449	-0.2175	-0.3075	0.7720	0.2052
C03373	0.3189	0.0944	0.5947	0.1463	-0.1155	-0.0367
C03375	-0.4987	0.0236	0.0216	0.5313	0.2847	-0.1746
C03378	0.1379	0.2409	0.1838	0.2031	0.8127	-0.3612
C03379	0.4394	-0.1025	-0.3421	-0.2701	0.4202	-0.3862
C03383	0.6503	1.7776	0.5786	1.7205	1.4008	1.4059
C03393	0.3783	-0.1308	0.1470	0.3472	-0.3980	0.1203
C03401	0.7381	-0.1666	-0.5388	0.1619	0.4051	0.3956
C03402	1.2703	0.6884	1.4421	2.7187	2.5023	2.2932
C03405	0.0252	0.0107	0.0206	0.1716	-0.4772	-0.0763
C03406	-0.0195	-0.1122	0.1041	0.4537	0.0809	0.3697
C03409	-0.2749	0.1660	-0.3227	-0.4872	0.2878	0.3499
C03410	0.4599	0.6612	1.3633	0.9505	1.0222	0.6569
C03415	-0.7482	0.1716	-0.1171	0.3435	-0.0576	0.6483
C03427	0.0604	0.1371	0.2143	0.8607	-0.3249	0.3151
C03428	0.4510	0.4290	0.1847	0.4798	-0.2263	-0.3204
C03431	-0.1504	-0.1787	-0.3589	0.3034	-0.2509	0.2888
C03434	-0.0602	0.5594	0.0619	0.1317	0.2187	0.0121
C03440	-0.8054	0.1207	0.4148	0.2442	0.1113	0.6722
C03442	-0.1590	-0.2681	0.4104	0.4109	-0.3503	-0.0837
C03451	0.0397	0.2226	-0.7225	-0.6112	0.1563	0.5804
C03453	0.5372	0.0054	-0.5407	-0.1971	-0.0225	-0.1062
C03454	-0.5923	-0.3827	0.0313	0.0562	-0.3358	0.0662
C03455	0.4478	-0.0747	0.5613	0.0310	0.0581	0.2924
C03458	0.0005	0.2514	-0.0901	-0.1188	0.0694	-0.1072
C03459	-0.0259	-0.2138	0.3518	0.2421	0.1634	0.3850
C03460	0.1711	0.0400	-0.2003	-0.1453	-0.2057	0.5456
C03461	0.0863	-0.4046	0.2435	-0.0694	0.1792	-0.0331
C03470	-0.1775	-0.0947	-0.2809	0.0634	0.2243	-0.0590
C03479	0.0044	-0.0859	-0.3392	0.1621	0.5321	-0.4799
C03483	0.3135	0.1237	0.3183	0.1554	0.3292	-0.3508
C03492	0.2575	0.5500	0.1778	-0.2509	-0.0644	-0.4088
C03506	-0.1577	0.4117	0.4061	0.1923	0.1021	-0.1766
C03508	-0.0636	-0.1253	0.4164	-0.2542	0.3774	0.1305
C03511	2.1099	1.3907	1.3862	1.8505	1.9977	2.4048
C03512	1.3795	1.3494	2.0512	1.8639	2.0333	2.3201
C03516	0.0887	-0.4145	-0.1118	-0.3091	-0.4459	0.6100
C03519	-0.5130	-0.1968	0.6273	-0.5151	0.2134	0.4130
C03539	0.3073	-0.0443	-0.2758	-0.5996	-0.0097	0.2503
C03541	0.2970	-0.1500	-0.1969	-0.4969	0.1494	0.3167
C03546	-0.4003	-0.3976	0.9272	0.0617	0.5858	-0.7287
C03547	0.4810	-0.6655	0.6162	-0.4810	0.4488	0.0302
C03548	0.3177	0.1947	-0.1785	-0.0371	-0.5486	-0.3219
C03557	1.3431	1.7055	1.5593	2.3152	2.2863	2.4527
C03561	-0.4977	-0.0217	-0.1604	-0.1258	0.5837	0.0110
C03564	0.3095	-0.0868	-0.3820	-0.1656	-0.0924	0.0547
C03569	0.3931	-0.5115	0.0841	-0.7145	0.5917	-0.1948
C03574	-0.3103	0.0574	-0.1990	0.2170	-0.3336	-0.4900
C03576	-0.3184	-0.2060	-0.3170	0.3020	0.1534	0.1681
C03577	-0.4719	0.9210	-0.4104	-0.4014	0.0272	0.1557
C03582	0.4331	-0.2128	-0.2300	0.1737	-0.3962	-0.1426
C03586	0.6063	0.1764	-0.0803	-0.0165	0.6598	0.5790
C03589	-0.2396	-0.3050	0.2434	-0.2301	0.0424	-0.6456
C03590	-0.0948	-0.2237	0.5032	0.6289	-0.2738	-0.1691
C03594	1.5576	1.8945	2.0619	2.0429	2.8402	2.6272
C03595	-0.6294	-0.0003	0.7994	0.0921	-0.1253	0.0045
C03598	1.5380	1.4139	1.3148	2.6401	1.7635	2.5915
C03599	0.3431	-0.1308	-0.2374	0.1389	-0.4021	0.4342
C03611	1.4106	1.7527	1.8117	2.3323	2.3898	2.6619
C03614	-0.0455	-0.2976	-0.0512	0.3649	0.0168	0.1541
C03618	0.1494	-1.1220	0.0615	-0.9084	-0.2986	-0.0331
C03619	0.8903	2.0520	1.6347	1.9568	1.8323	2.6477
C03621	0.2188	0.3735	0.1060	-0.0819	-0.1485	-0.2636
C03622	0.2620	0.2721	0.2289	-0.0810	-0.3069	-0.5987
C03640	-0.2721	-0.3021	-0.3572	-0.5359	-0.0321	0.3511
C03642	0.1363	0.1433	-0.6889	-0.5688	0.6666	0.4022
C03646	0.1725	0.3348	0.0357	0.1606	0.4740	0.2918
C03648	0.0481	0.3706	-0.8221	0.4117	0.1844	-0.0544
C03652	-0.1721	-0.8540	-0.8421	-0.6623	-1.8346	-1.3061
C03656	-0.4387	-0.1373	-0.1524	0.1673	-0.0560	0.2855
C03657	0.8105	0.1174	0.0381	0.7992	0.2237	0.3392
C03659	0.0491	-0.0675	0.2080	-0.2681	-0.3044	0.4233
C03660	0.3600	-0.0461	0.2491	0.7112	-0.4311	0.6529
C03671	0.2109	-0.0420	-0.1648	0.1624	0.0213	-0.4034
C03676	0.2133	0.1546	0.2788	0.2222	0.1768	0.0121
C03677	0.2284	0.5199	-0.0721	-0.1249	-0.0043	0.1052
C03680	-0.4974	-0.4489	-0.2451	0.8431	0.1967	-0.3169
C03681	-0.1006	-0.0536	-0.0419	0.0877	0.6890	0.0343
C03683	-0.5572	0.6366	0.2601	0.4682	0.0513	-0.4746
C03684	-0.2212	0.2303	0.5284	-0.4162	-0.0789	-0.1357
C03686	0.0589	0.4719	-0.3096	-0.2040	-0.5483	0.1505
C03688	-0.1911	0.4802	0.7633	-0.3990	-0.0677	0.3514
C03690	0.1199	-0.5832	-0.5549	0.2924	0.4511	-0.1308
C03691	0.3632	-0.2026	-0.7914	-0.0537	0.3603	-0.5207
C03692	-0.2628	0.1359	-0.0710	-0.2927	0.3937	-0.3398
C03715	0.4510	-0.0367	0.1191	-0.3097	-0.1604	-0.2070
C03719	0.2603	0.4129	0.0720	-0.0140	-0.0265	-0.6483
C03722	0.5374	-0.1735	0.7051	-0.2058	0.1678	0.3712
C03724	0.2280	-0.5857	0.3610	0.3869	0.4256	-0.3371
C03733	-0.1741	0.2432	0.2381	0.0617	0.3012	-0.5055
C03737	-0.2843	0.1475	0.2897	0.3407	0.1027	0.3972
C03740	0.1708	0.1605	-0.3174	0.0288	0.1681	-0.8594
C03741	-1.0241	0.1411	0.2617	0.2972	0.1511	0.2187
C03742	-0.1681	-0.4275	0.2808	-0.5664	-0.5400	0.4512
C03752	0.4765	0.3045	0.1945	0.1563	-0.0452	-0.0495
C03758	-0.4994	0.5590	0.2267	0.3320	-0.1777	0.3232
C03765	0.7826	0.2475	-0.7837	-0.0879	0.0317	0.2752
C03771	0.1154	-0.0246	-0.1076	0.0979	-0.0923	0.0883
C03772	0.3170	-0.0922	-0.3049	0.3018	0.1419	-0.2624
C03780	0.0342	0.2448	-0.0823	-0.1608	0.1538	-0.5716
C03785	-0.1615	-0.0958	0.1825	0.0683	0.1173	-0.0216
C03793	-0.3420	-0.0215	0.2702	-0.1447	-0.0633	-0.2378
C03794	0.2382	-0.2743	0.3276	-0.2835	-0.2749	0.1242
C03819	-0.5698	-0.1573	0.3264	0.0607	-0.1124	0.3309
C03820	-0.1884	0.4142	-0.6053	0.2331	0.0185	0.6313
C03824	-0.1206	-0.0156	-0.2960	-0.2053	-0.2987	-0.2827
C03826	-0.2618	-0.2268	0.2638	-0.1979	-0.3471	0.2776
C03827	0.2477	-0.3548	-0.8897	0.5951	-0.4099	-0.2080
C03838	0.4543	0.0391	0.0800	-0.0881	0.2197	-0.1790
C03845	-0.2562	-0.4741	0.0504	-0.0606	-0.5248	0.3224
C03852	0.1662	-0.6377	0.6407	-0.0639	-0.0320	-0.3981
C03862	0.3994	-0.1274	0.0593	-0.0102	-0.0676	-0.1535
C03871	0.2314	-0.0147	-0.5430	-0.1402	0.0224	-0.4243
C03872	-0.2926	-0.0017	-0.0835	0.4539	0.2239	-0.0951
C03892	0.3078	0.9574	0.5948	0.7761	1.0854	1.4569
C03906	0.1835	0.3288	0.2586	0.2007	0.1365	-0.2701
C03912	0.1343	-0.1896	-0.5087	-0.3685	0.1105	0.0640
C03917	-0.3089	0.2747	0.1145	-0.5322	0.0946	-0.1227
C03920	0.3382	-0.0065	0.3466	0.2988	-0.1407	-0.1417
C03921	0.0288	-0.1903	0.1079	-0.2317	-0.0974	0.1831
C03933	-0.1614	0.4275	0.0687	-0.2799	0.3975	0.3436
C03935	0.0650	-0.4074	-0.4073	-0.5978	0.6711	0.0083
C03939	0.3586	0.7055	-0.0320	0.1060	-0.3451	-0.5259
C03943	-0.1882	0.4211	0.2935	0.3542	-0.1982	0.0931
C03944	-0.2200	0.2340	0.1059	0.4661	0.6128	0.3249
C03955	0.0745	0.1814	0.9387	0.3603	0.0130	-0.3060
C03964	-0.1275	0.0145	-0.3182	0.3738	-0.1495	0.0511
C03968	-0.2019	-0.1906	0.2655	-0.5805	0.4969	-0.2473
C03972	0.3714	-0.3013	0.0499	0.1958	0.0523	0.0122
C03974	0.2015	0.6007	-0.4727	-0.4058	0.5415	-0.1929
C03979	-0.0826	-0.2432	0.7331	0.2253	0.0906	0.1100
C03981	-1.2142	-0.2700	-1.1374	-1.2043	-1.1223	-1.2711
C03990	-0.3891	-0.4867	-0.0292	-0.3651	0.0550	-0.2165
C03993	0.0615	0.3954	0.1667	-0.3088	0.2776	0.0460
C03997	0.1860	0.5403	-0.1225	0.0841	0.8181	0.0971
C04001	-0.4633	0.2681	0.0925	0.1032	0.8160	-0.0225
C04002	-0.3129	-0.3090	-0.1223	-0.0396	0.0476	0.3250
C04006	0.1247	0.0675	0.2598	0.0922	0.0916	-0.1378
C04020	0.6924	0.1484	1.3831	1.0017	0.9250	1.5492
C04022	-0.1359	0.7778	0.0676	-0.0165	0.2683	0.1009
C04037	-0.0738	-0.0188	-0.4009	-0.1956	-0.0851	-0.0572
C04042	0.0567	-0.0265	-0.0280	-0.0259	-0.0439	0.3686
C04043	0.3635	-0.0777	-0.0484	0.6609	-0.1079	0.2241
C04044	-0.5767	-0.1408	-0.1570	0.3114	0.1053	-0.2966
C04045	0.4658	-0.6451	0.0881	0.3110	-0.0937	0.4604
C04046	-0.7269	-0.5957	0.6351	0.3268	-0.1589	-0.6608
C04051	0.2798	-0.1415	-0.4451	0.3169	-0.2263	0.1677
C04052	-0.4503	0.1610	-0.0876	-0.4662	-0.1168	-0.3512
C04053	-0.1302	-0.0333	0.0387	0.0713	-0.0034	-0.3241
C04056	0.6324	0.0559	-0.0286	0.0533	-0.0867	0.1914
C04062	0.1444	0.2577	0.3943	0.1046	0.2783	-0.1430
C04063	-0.0935	0.5634	-0.4434	0.3799	-0.6093	0.7981
C04075	0.4215	-0.0922	0.2324	0.1211	0.3984	0.7535
C04076	-0.0099	-0.1181	-0.6719	-0.4324	-0.1389	0.2447
C04079	0.1955	-0.3212	0.3434	0.4033	-0.3288	-0.3965
C04088	-0.4579	0.1543	-0.5807	-0.1123	-0.5321	0.3486
C04089	-1.3975	-1.2435	-1.9251	-2.5318	-2.2868	-2.7176
C04091	0.3595	-0.1001	-0.1858	0.0964	0.1458	0.2859
C04092	-0.3547	0.7842	0.5491	0.4838	-0.2451	0.4956
C04106	-0.4383	0.0100	0.4260	0.5445	-0.3640	-0.2830
C04114	0.0228	-0.3545	-0.2259	-0.0089	-0.1075	0.2276
C04115	-0.1401	-0.3580	0.3527	-0.1885	0.0592	0.1103
C04118	-0.0502	-0.1416	-0.2968	0.0524	0.1314	-0.4957
C04121	1.2272	1.3042	1.6632	1.6435	2.7273	2.2149
C04122	0.2552	0.3669	0.1172	0.4128	0.1086	-0.4986
C04133	-0.6318	0.3217	0.6277	-0.3483	0.6531	0.2488
C04137	0.0311	0.1817	0.2569	0.0401	-0.4257	0.1228
C04145	0.5186	0.1815	0.1698	0.8411	0.3264	-0.1053
C04146	0.0644	-0.5063	0.0241	-0.1702	-0.1173	0.1805
C04148	-0.4094	0.1405	0.3813	-0.1664	-0.6567	-0.6530
C04180	0.2628	-0.2832	0.1099	0.3573	-0.2465	0.4005
C04181	0.1941	0.2144	-0.0512	-0.0954	-0.3843	-0.2414
C04185	-0.0703	-0.2795	0.1980	0.5364	-0.1092	0.1878
C04186	0.2073	0.2311	-0.0613	-0.2692	0.3128	0.1629
C04188	0.1865	0.2470	0.4498	0.4515	0.4865	-0.1967
C04216	-0.3863	0.2727	-0.1016	0.4567	0.3315	0.0414
C04217	-0.0838	0.0813	0.0076	-0.0164	-0.1824	-0.1527
C04225	-0.3374	-0.0712	-0.0818	0.3655	-0.3027	-0.3639
C04226	-0.4340	-0.0788	0.5121	-0.0558	0.1653	-0.4517
C04227	-0.3038	-0.4124	0.3150	-0.1249	0.3072	-0.5333
C04230	0.3794	-0.0088	-0.1553	0.1684	0.2275	0.2545
C04233	-0.4032	0.7997	0.5049	0.0277	0.2720	-0.2920
C04236	-0.2357	-0.0046	-0.4553	0.0172	-0.0805	0.0235
C04242	-0.5075	0.4419	0.0679	0.0169	0.6369	0.6908
C04244	-0.0752	-0.0918	0.0168	0.1530	0.0639	0.6082
C04246	0.2044	0.3567	0.2771	0.4429	0.0508	0.6099
C04257	1.1754	1.4874	2.6289	1.8690	2.1570	2.2680
C04260	-0.2987	0.2759	-0.2186	0.8437	0.1744	0.5191
C04268	0.8915	1.3401	1.1477	2.3734	1.9882	2.6329
C04272	-0.0228	0.9446	-0.7227	-0.1199	1.0258	-0.1866
C04281	-0.3603	-0.2138	-0.2623	-0.2806	0.0439	-0.2387
C04282	0.2014	-0.7584	-0.1447	-0.1115	-0.0341	0.2087
C04287	-1.0638	-0.5571	-0.3511	-0.7924	-0.6479	-0.7160
C04290	0.3155	0.4978	-0.0002	-0.6268	0.7371	0.1669
C04294	0.1772	0.1601	-0.3223	-0.8403	-0.5751	-0.5939
C04295	-0.2572	0.0808	-0.3483	-0.0948	0.4050	-0.5117
C04297	1.4553	1.3677	2.1380	2.4386	2.9748	2.1217
C04302	-0.6575	-0.7966	-1.1535	-1.1184	-0.8169	-0.9636
C04308	0.3749	0.2995	-0.2561	-0.2546	-0.1104	0.1412
C04314	-0.4103	-0.4653	0.5615	0.5073	0.2172	0.2372
C04315	0.3403	-0.1658	-0.3601	0.1533	-0.0284	0.8866
C04317	0.4431	0.1794	-0.0956	-0.3060	0.2848	0.1949
C04324	0.6232	0.1078	-0.4292	-0.5483	0.3540	0.0162
C04327	-0.0741	0.0915	0.0624	0.5478	-0.2968	-0.5192
C04330	0.3113	-0.6438	0.5942	-0.2828	-0.0734	0.2345
C04332	-0.0484	0.0200	-0.4146	-0.0583	-0.3695	-0.0120
C04346	-1.7494	-1.3233	-1.6397	-1.7230	-2.1668	-2.3403
C04348	0.5270	-0.2080	-0.2568	-0.2437	0.3412	0.4556
C04349	0.4416	0.5860	-0.5529	-0.4661	0.0592	-0.0540
C04350	-0.4681	-0.0817	0.6187	-0.1697	0.0880	0.6627
C04351	-0.0043	-0.1517	-0.1990	0.2035	0.4204	0.2512
C04352	-0.1966	-0.2509	0.5904	-0.4666	-0.0151	-0.2043
C04361	-0.1306	0.2288	0.3742	0.3554	-0.3864	0.1649
C04368	-0.1880	-0.2594	0.6313	0.0082	-0.0251	-0.2326
C04373	0.0841	0.6721	-0.2423	0.2925	-0.2212	0.5928
C04376	-0.1413	0.5408	0.5979	-0.1455	-0.0764	-0.0520
C04377	-0.0470	0.3718	0.4761	0.9804	-0.6362	-0.0703
C04390	0.1936	0.0796	-0.6572	0.2845	0.7521	-0.1515
C04392	-0.0004	-0.8765	-0.0496	0.4880	0.0640	0.1125
C04405	-1.0098	-0.6289	-0.7674	-0.9436	-0.9649	-0.8067
C04409	0.4601	-0.0940	0.6209	-0.4541	-0.2861	-0.0040
C04411	-0.3600	-0.6610	-0.7277	-0.8939	-1.4420	-1.5806
C04421	0.2840	0.1707	1.0252	-0.0411	0.0259	-0.3163
C04432	-0.2581	-0.2701	-0.2969	0.0618	0.3837	0.4605
C04434	0.7208	0.8582	0.6095	0.8523	1.1492	1.5563
C04437	0.0895	-0.3450	-0.1261	0.1603	0.2277	-0.2433
C04438	-0.3786	0.4160	-0.3506	0.8281	0.1379	-0.7116
C04442	0.1037	0.0981	0.0783	0.0476	0.3621	0.0885
C04454	0.2749	-0.3141	-0.1506	-0.2277	-0.6489	0.3794
C04457	-0.2995	-0.2326	-0.1656	-0.0130	-0.1805	-0.2445
C04462	0.0002	-0.5078	-0.1625	-0.4514	-0.4551	0.6202
C04468	-0.5862	0.2935	-0.6743	0.4273	0.4337	-0.4867
C04475	-0.0789	-0.2099	-0.3388	-0.5898	0.3912	0.1745
C04477	-0.0815	0.0362	0.1981	0.1580	0.1009	-0.5652
C04478	1.8685	1.7050	1.6954	1.3941	2.0852	2.6210
C04479	-0.7446	0.2654	-0.0605	-0.4117	0.1788	-0.0285
C04483	-0.3092	0.1044	0.5062	-0.3067	-0.3075	-0.4011
C04484	-0.2972	-0.0361	-0.3758	0.3843	0.5910	-0.2379
C04487	-0.1575	-0.1083	0.1843	-0.4636	-0.0435	-0.9810
C04488	-0.1296	-0.3378	0.7146	0.1454	-0.0533	0.1299
C04494	-0.2793	-0.1630	0.5376	0.2089	0.1377	0.9712
C04498	0.3364	-0.2540	-0.2892	-0.1373	0.1943	-0.1973
C04501	1.2044	1.4424	2.3207	1.3453	1.8583	2.5542
C04506	0.4791	-0.0316	0.3609	0.0649	-0.2133	0.5373
C04517	-0.4776	0.6411	0.4690	-0.5159	-0.0028	-0.6897
C04518	0.1589	0.1355	0.2337	0.0512	0.2481	0.3655
C04520	-0.4139	-0.1988	0.1293	0.0882	0.2319	-0.3449
C04525	-0.5493	0.0001	0.6647	-0.0354	0.0246	-0.1554
C04534	0.4015	-0.3141	-0.8567	0.2809	-0.5318	0.1439
C04536	-0.0975	0.6593	0.3340	0.0892	-0.0941	0.8462
C04546	-0.1633	0.2901	-0.9830	-0.0693	0.0757	-0.1540
C04549	0.6144	-0.1382	-0.1465	-0.0010	0.0405	0.2708
C04554	0.5104	1.0300	1.6301	2.0868	2.6016	1.9012
C04555	0.1565	0.7986	-0.3940	-0.4281	-0.4659	0.6199
C04556	-0.0087	0.1338	-0.2843	0.0008	-0.0786	-0.0316
C04563	-0.0813	0.3488	0.0109	0.7750	0.1326	-0.6920
C04573	1.8482	1.6877	2.3677	2.4272	2.2253	2.2647
C04574	0.1317	0.1958	0.5004	0.1726	0.1517	-0.2673
C04575	-0.2196	-0.5129	0.3134	-0.0653	-0.3502	-0.2922
C04577	0.0903	-0.0165	0.0188	-0.3769	-0.8339	0.5291
C04578	-0.1926	0.1268	0.1161	-0.4037	-0.0897	-0.0041
C04579	0.0537	0.3504	-0.1002	-0.0863	0.1299	0.3680
C04582	0.3657	0.7151	0.0256	0.4149	-0.3462	0.2138
C04590	-0.3511	0.7072	0.5073	0.3249	0.4953	0.4477
C04592	0.0028	0.2896	-0.0542	-0.2431	-0.0342	0.0137
C04593	0.1652	-0.3811	-0.1428	-0.5610	0.0833	0.5111
C04598	0.1712	-0.3503	-0.0235	-0.3401	0.1078	0.7542
C04599	0.2491	0.1871	0.1715	0.1069	-0.2536	-0.1980
C04604	-0.3405	-0.6119	0.0637	0.2364	-0.6040	-0.3275
C04613	-0.2449	0.0301	0.1455	-0.1666	0.4146	-0.2446
C04618	0.4834	0.0179	0.2799	-0.3183	-0.2104	-0.1627
C04619	0.0393	-0.2542	0.1537	-0.1203	-0.5010	0.2486
C04620	-0.0384	-0.4189	0.4213	-0.3115	-0.2201	0.0769
C04623	-0.0938	0.1277	0.0381	-0.0281	0.0581	-0.2835
C04628	0.5337	0.2185	-0.2074	-0.2080	-0.2545	-0.4514
C04630	1.2712	2.1285	1.8408	1.7889	2.5478	2.6203
C04631	-0.2247	0.2900	-0.0199	-0.0392	-0.1924	-0.1853
C04633	-0.1966	0.2639	-0.1284	0.2542	0.2956	-0.1019
C04635	0.4265	0.5613	-0.5342	0.4498	-0.2457	0.1086
C04637	-0.0468	0.0432	-0.2971	0.4548	-0.0261	0.0649
C04638	-0.2752	-0.0255	0.2158	-0.0717	-0.2639	0.3548
C04640	-0.2505	-0.7396	-0.5326	-0.2793	0.6158	0.1175
C04642	-0.7086	-0.0654	-0.1643	0.3665	-0.4318	-0.1484
C04646	-0.4553	-0.4049	-0.3709	-0.6444	0.3270	-0.1990
C04650	0.1889	0.0001	-0.7868	0.1171	0.2662	0.3068
C04652	-0.1823	0.2396	0.2982	0.0150	0.6440	0.1873
C04666	-0.2122	-0.6546	0.0938	0.1086	0.1459	-0.1146
C04671	-0.4206	0.1476	-0.6370	0.4864	0.2205	0.2986
C04672	0.1751	0.0211	0.0381	-0.0975	0.1800	-0.5548
C04676	0.3930	0.1095	0.6901	-0.2511	0.1766	0.1697
C04677	0.2636	-0.1837	0.6278	0.1197	-0.0979	-0.3351
C04688	0.0683	-0.0389	0.2449	-0.1565	-0.0345	-0.2927
C04690	0.0024	0.1752	0.4303	0.6767	0.0502	-0.5312
C04691	-0.0017	0.0149	0.2681	0.3775	0.2629	0.4384
C04702	-0.0433	-0.1882	-0.2597	0.3229	-0.1054	-0.3823
C04706	-0.5850	0.6677	0.1113	-0.0826	0.0787	0.9171
C04707	0.3199	0.3323	-0.8423	-0.5333	0.3583	-0.5462
C04717	-0.1934	0.4300	-0.2672	0.0835	-0.2040	-0.0581
C04722	0.9115	1.5469	1.6694	2.0015	2.6019	3.3200
C04729	0.3708	-0.1159	0.7029	0.2016	0.2538	-0.0150
C04730	1.2464	2.0338	1.9098	1.9356	2.3354	2.2888
C04732	-0.0755	0.0648	-0.2441	0.0229	-0.2091	-0.4413
C04734	-0.4295	-0.0041	-0.4378	-0.2784	0.1078	-0.2194
C04737	0.7625	-0.1294	0.2025	-0.2606	0.5267	0.4456
C04738	0.1122	-0.4542	0.2666	0.0658	-0.4959	0.7130
C04742	0.2297	-0.0594	0.1991	-0.5131	-0.3402	-0.7155
C04748	-0.1680	0.2121	0.1944	0.1780	0.0446	-0.2649
C04751	-0.5399	0.2359	0.4608	-0.2198	0.2197	-0.0639
C04752	-0.3458	0.0922	-0.0260	0.0943	0.2070	-0.0273
C04756	-1.2420	-0.6646	-0.5282	-1.2388	-0.5810	-1.3947
C04758	0.0625	0.6940	0.0454	0.1122	-0.7314	0.2014
C04767	-0.7847	-1.3445	-1.3693	-1.1285	-1.5376	-1.6520
C04773	0.1867	0.0624	0.0215	0.6008	-0.4622	-0.2627
C04778	0.5915	0.5499	-0.0852	-0.1865	-0.4729	-0.7134
C04780	0.1390	0.3272	-0.3537	0.3596	0.2557	-0.0943
C04783	0.1567	-0.1827	-0.1886	-0.1615	-0.0766	0.1750
C04785	0.2092	0.0521	0.1573	-0.2313	-0.1863	-0.4181
C04793	0.2613	-0.0189	-0.0884	0.1697	-0.5061	0.4219
C04796	-0.4096	-0.6205	0.6609	0.2245	-0.3114	0.1793
C04797	-0.6736	-0.5552	-1.1927	-0.7669	-1.0629	-1.8453
C04805	0.2624	-0.2952	-0.3886	0.4639	0.3594	0.0819
C04807	0.6005	-0.5723	-0.2052	-0.3189	-0.2712	-0.8334
C04822	0.4133	0.1226	-0.8923	0.2448	0.0772	-0.5357
C04823	-0.0108	0.3038	0.1081	-0.1808	0.2584	0.1918
C04824	0.3029	-0.2492	-0.1323	-0.7012	-0.0128	0.2116
C04831	0.4079	0.3707	0.1776	0.2952	-0.2534	0.3576
C04832	-0.0133	-0.1486	0.0261	0.2712	0.1700	0.1005
C04835	0.0160	-0.3362	-0.4412	-0.5103	0.1195	0.2290
C04844	0.4079	0.4863	0.9042	0.2539	-0.0450	-0.3111
C04851	0.0662	-0.1850	0.3277	-0.0471	-0.0288	-0.4257
C04853	0.1026	-0.8682	0.2355	0.1349	-0.1266	0.2124
C04872	0.4200	0.2982	0.2959	-0.3856	0.5586	-0.2291
C04874	-0.6072	-0.0154	0.3271	0.2348	-0.1442	0.2551
C04877	0.4404	0.2706	0.1829	-0.3304	0.1811	-0.0380
C04882	0.0069	0.4577	0.3914	-0.2576	-0.4250	0.0444
C04884	-0.6331	-0.0454	-0.0053	0.5385	-0.0585	0.1957
C04895	-0.0495	0.0848	0.0292	-0.2059	0.3939	0.3505
C04896	-0.2005	0.4052	-0.4301	0.4177	0.2247	0.2896
C04911	0.2021	-0.2236	0.2189	0.5237	-0.3334	-0.0078
C04916	0.0400	0.2236	-0.3690	0.1082	0.3691	0.7580
C04919	-0.1491	0.6840	-0.2822	-0.0618	-0.4447	-0.5082
C04927	0.2830	0.1681	0.9179	1.0110	0.9432	1.1632
C04932	-0.1509	0.3471	-0.1023	0.1817	0.2956	0.1588
C05005	-0.4217	-0.0024	-0.1239	0.2796	0.2613	0.1764
C05011	-0.3171	-0.2308	0.0652	0.3910	0.3326	-0.0678
C05080	0.4287	-0.4284	0.3627	0.0900	-0.2460	0.3860
C05102	0.4047	-0.2479	1.1524	-0.4019	0.5253	0.0388
C05103	0.0874	-0.2669	-0.2003	0.0305	-0.2352	-0.3087
C05107	0.0561	-0.2149	0.0552	0.2059	-0.4460	0.6718
C05108	-0.0213	-0.5381	0.3038	0.3779	-0.3399	0.3469
C05109	0.7081	0.3882	-0.3135	0.3023	0.7157	-0.4909
C05113	-0.4808	-0.1790	-0.4919	0.1244	-0.2383	-0.1173
C05122	1.8559	1.3812	2.3295	2.2157	2.5177	2.2512
C05123	-0.4554	-0.3354	0.1504	0.1884	0.5807	-0.1486
C05125	0.2257	0.1169	0.0488	-0.7717	-0.3677	-0.2349
C05127	0.6811	0.7786	1.3668	0.7410	1.3508	0.9575
C05130	-0.0645	-0.1332	0.1420	-0.1294	-0.0114	0.5449
C05131	0.1862	0.0554	0.2218	0.0949	0.4493	-0.0140
C05133	0.3106	-0.6524	-0.5428	-0.6727	-0.3814	0.1217
C05135	0.9015	-0.2175	0.2242	-0.1996	0.3050	0.0648
C05138	-0.3813	0.0386	-0.3700	-0.4159	-0.4429	0.2371
C05139	0.0364	-0.0204	0.1563	0.1414	-0.4288	0.5449
C05140	0.1659	-0.7013	0.3580	-0.5159	-0.0625	-0.3999
C05141	0.1804	0.4340	-0.6214	-0.2609	-0.2676	0.1945
C05143	0.0475	-0.4619	-0.1922	-0.0589	0.0393	-0.2289
C05144	-0.0445	-0.6246	0.4407	-0.3424	-0.1593	-0.1519
C05147	0.1290	0.1319	0.3471	0.1067	0.0981	0.1274
C05151	0.2313	-0.0824	0.1756	-0.0542	0.1623	0.3689
C05161	-0.2846	0.0348	-0.3665	0.5199	-0.0241	0.0276
C05172	0.0958	-0.3412	-0.0495	-0.5522	0.1134	0.4909
C05174	0.0429	0.4103	0.0021	-0.0826	0.4027	-0.2926
C05175	0.3710	0.6943	-0.3546	0.3571	0.2469	0.7772
C05176	0.2443	0.7332	-0.8505	0.3338	0.0433	-0.1551
C05178	0.0593	-0.1568	0.2056	-0.0763	-0.1619	-0.0714
C05179	-0.4319	0.4746	-0.2157	-0.0175	0.5106	0.7504
C05189	0.0428	0.2188	0.3349	-0.2307	-0.1128	0.2445
C05190	0.1215	0.0341	-0.1269	0.3442	0.0548	0.2800
C05191	-0.1868	-0.3047	0.1360	-0.1056	0.2335	-0.1735
C05193	0.0196	0.0383	-0.5668	-0.4833	-0.0827	0.1974
C05194	-0.1091	0.0312	0.1365	0.2377	0.5383	-0.8244
C05202	-0.3677	0.3915	-0.2707	0.4151	-0.0836	0.2568
C05212	-0.0190	-0.2563	0.3662	0.0603	-0.3375	-0.3935
C05220	0.1022	0.1153	0.4372	0.8811	-0.7852	-0.2448
C05223	-0.3443	0.2541	0.1025	0.0420	0.1862	0.1911
C05231	-0.3946	0.4991	0.4240	0.0166	-0.6998	0.1832
C05235	0.3165	-0.7236	0.0577	0.0835	-0.2877	0.3506
C05239	0.6566	0.5969	0.3155	0.0803	-0.9550	0.0881
C05247	0.5954	-0.3461	-0.4276	-0.3664	-0.2055	0.1092
C05258	-0.1860	0.3039	0.2260	-0.1106	0.3966	0.2584
C05259	0.4881	-0.2343	-0.0278	0.1882	0.0222	0.4740
C05260	0.2747	-0.1614	-0.6618	0.2157	0.2627	-0.5323
C05261	-0.0020	-0.2770	-0.0033	0.8140	-0.1134	-0.0244
C05262	0.6479	-0.6422	0.0258	0.0787	-0.0028	-0.1039
C05263	-0.1409	-0.0191	-0.7377	0.2208	-0.4513	-0.1784
C05264	0.0717	0.1086	-0.3002	-0.1335	0.2114	-0.2575
C05265	-0.1408	0.1100	-0.0100	0.0819	-0.2348	-0.0144
C05266	0.4998	0.2252	0.8471	-0.7151	0.4293	-0.4517
C05267	-0.7404	-0.3476	0.3697	-0.1319	-0.9318	0.7116
C05268	0.1107	0.3394	0.4101	-0.4284	-0.2037	-0.2074
C05269	0.0572	0.1803	0.6301	0.1195	-0.1480	-0.3267
C05270	0.2195	0.0108	-0.2147	0.0093	-0.2725	0.3117
C05271	0.0255	-0.0195	0.3300	-0.5557	-0.6933	0.1557
C05272	-0.3223	-0.1066	0.0452	-0.2865	0.1456	-0.4793
C05273	-0.2264	-0.5926	-0.5708	-0.8622	-0.5493	-0.2577
C05274	-0.0517	-0.3722	0.0364	0.0095	0.2475	-0.1833
C05275	-0.4892	0.2596	0.2740	0.2775	0.6607	-0.3262
C05276	0.8005	1.0085	1.1404	1.7977	0.9978	1.7073
C05279	-0.1884	0.7584	-0.0292	0.0252	0.3431	-0.3507
C05280	0.0040	0.0532	0.3185	-0.2002	-0.0942	-0.0012
C05281	-0.0285	0.4533	-0.0448	-0.5880	-0.1366	0.2582
C05284	0.2172	-0.4530	-0.4521	0.5857	-0.2528	-0.1128
C05285	-0.4441	0.0829	-0.6030	0.0141	-0.2526	0.6957
C05290	-0.2731	-0.2195	1.0759	0.2534	-0.4349	0.1624
C05291	-0.1884	-0.2341	0.2230	-0.2334	-0.3986	-0.4792
C05293	-0.0741	0.2407	0.2576	0.0128	0.0752	0.5508
C05294	0.0676	-0.2645	0.3518	-0.0278	0.0068	-0.0383
C05295	-0.6365	-0.7518	-0.5512	-1.0169	-0.9432	-0.9159
C05296	-0.5449	-0.1750	0.2484	0.9074	-0.0887	0.2508
C05297	0.3028	-0.4425	-0.8240	-0.8226	0.1451	-0.8296
C05298	0.4850	-0.3936	0.3822	0.3975	0.3451	0.3682
C05299	0.3877	-0.2770	0.3040	-0.5993	-0.1098	-0.0327
C05300	0.3068	0.1667	0.0678	-0.4273	-0.2570	-0.2035
C05301	0.2676	0.4275	-0.3983	0.6603	-0.3850	0.1660
C05302	0.0318	-0.1567	0.1281	0.3838	-0.0958	-0.5319
C05306	-0.2204	0.2418	0.0032	-0.3154	-0.4794	-0.0112
C05307	-0.0184	0.3068	0.2267	0.3469	-0.0153	1.0155
C05309	-0.3360	0.1841	-0.2100	0.4812	-0.3095	0.2594
C05316	-0.2037	-0.0992	0.7852	0.5815	0.3498	-0.1180
C05322	0.1784	0.1652	-0.0545	0.5581	-0.1641	0.5148
C05324	0.0815	0.0367	-0.1080	0.0323	-0.4951	-0.1467
C05332	0.1844	0.0746	-0.1158	0.2199	0.7056	-0.1112
C05335	0.4712	-0.0423	-0.1874	-0.3697	0.5728	-0.0925
C05336	0.0371	-0.8452	0.3287	-0.3810	-0.7885	0.1237
C05337	0.0921	0.3593	0.5243	0.1614	-0.0210	-0.0307
C05338	0.6443	0.1518	0.1760	-0.2931	-0.0636	-0.4367
C05340	-0.1677	-0.5091	0.2841	0.1572	-0.1675	0.1391
C05341	0.7217	0.1262	-0.2817	-0.2384	-0.1356	-0.2986
C05349	1.3139	1.3523	1.4036	1.9262	2.4379	3.0581
C05350	0.0143	-0.2244	-0.1933	0.3142	-0.4345	0.0775
C05356	-0.6219	-0.0779	-0.6128	0.4674	1.0246	0.0647
C05361	0.3942	-0.2837	0.1654	-0.1684	0.1233	0.1832
C05366	0.5560	0.1750	0.2534	0.7765	-0.0011	-0.7411
C05371	0.2716	-0.2028	0.2594	0.3216	0.1611	0.3627
C05375	-0.3072	-0.4811	0.2802	-0.1181	-0.3701	0.2141
C05377	-0.5326	0.3368	0.0470	0.3030	-0.6750	0.4268
C05379	-0.3204	-0.6998	-0.1633	-0.0884	-0.1471	0.1942
C05380	-0.0160	-0.6026	-0.3875	0.6632	-0.2616	-0.3451
C05381	0.7129	0.4527	0.4541	0.1418	0.1805	0.3940
C05382	1.5850	1.3268	1.9032	1.9309	2.1465	2.4361
C05385	0.1198	-0.1212	0.2823	0.1107	-0.3718	-0.0969
C05392	-0.4766	0.3431	0.6377	0.8586	0.0764	-0.4156
C05396	0.1450	-0.3505	-0.3954	-0.2122	-0.5051	-0.2555
C05399	0.0125	0.0931	0.6047	0.0157	-0.4137	-0.1485
C05400	-0.4342	-0.8119	-1.1091	-1.4982	-0.8649	-1.1384
C05401	0.2224	0.5607	-0.5530	-0.5045	-0.2757	-0.0179
C05402	1.1214	1.6359	1.9663	1.8966	2.1120	2.5453
C05404	0.1605	0.0860	-0.0622	-0.3685	-0.1916	0.6355
C05411	0.5586	-0.4725	-0.5107	-0.2220	-0.2259	0.0880
C05412	0.5994	-0.6326	0.2628	0.0616	-0.0045	-0.0096
C05414	0.5927	0.2656	-0.0831	0.8845	-0.5988	-0.0922
C05421	0.3229	0.3020	-0.1616	-0.0674	0.3441	0.2395
C05422	0.0794	0.2190	0.7708	-0.3844	-0.1399	0.2213
C05427	-0.8511	0.4181	0.5615	-0.1660	0.1756	0.0470
C05430	0.0428	0.0254	0.2313	0.4738	-0.4989	-0.7616
C05431	1.3240	1.2415	0.3002	1.2067	1.1462	1.2595
C05432	0.0165	-0.3672	-0.1449	-0.1468	-0.2708	-0.6052
C05433	-1.2847	-1.0441	-1.3107	-0.4294	-1.1624	-1.2876
C05435	-0.0509	0.1515	0.3394	0.2561	-0.1330	0.2277
C05437	0.2017	0.2524	-0.2343	-0.3705	0.0583	0.0084
C05439	-0.4901	0.8753	-0.3038	0.6500	0.3273	-0.5584
C05440	-0.3585	0.3289	-0.3824	-0.3715	0.3812	0.1084
C05441	0.1222	-0.2762	-0.7953	0.7921	0.2469	0.1760
C05442	-0.9374	-0.6103	-0.6273	-1.1719	-1.5944	-1.1372
C05443	-0.0828	-0.0335	0.4458	0.6063	0.1161	-0.2287
C05444	0.5404	0.7416	1.5817	1.0343	0.9762	0.9325
C05445	-1.1357	-1.5711	-1.9568	-2.2303	-2.7092	-1.9982
C05446	-0.3998	-0.3052	0.2633	-0.0734	-0.1385	-0.4117
C05447	1.7694	1.2987	1.8298	2.3089	2.9966	1.8992
C05448	-0.2255	-0.1619	-0.0589	-0.0533	-0.2476	-0.2622
C05449	-1.6060	-1.7714	-1.9004	-2.0165	-2.3777	-1.8574
C05451	-0.3460	-0.4560	0.2691	-0.3750	-0.2830	0.2280
C05452	-0.9494	-1.1126	-1.9464	-2.3331	-2.3870	-2.1286
C05453	1.2474	1.2540	2.0912	1.5261	2.1622	2.7266
C05454	1.7060	1.3174	1.9979	2.0350	1.9195	1.8801
C05455	0.2903	0.6163	0.6503	0.0492	0.6797	0.1239
C05460	1.3153	1.4925	1.6439	1.9691	2.5729	2.8504
C05465	1.9466	1.8424	1.5901	1.6793	1.5292	2.5777
C05466	0.5374	0.3960	0.7514	0.9528	0.5295	1.1249
C05467	-0.4640	-0.0345	0.2485	0.4765	-0.3448	-0.0165
C05468	1.1030	1.3387	1.8537	1.2091	2.4501	2.5183
C05469	-0.2629	-0.4419	-0.0440	0.4635	0.9187	0.2538
C05470	0.4266	0.0013	-0.7181	0.2867	0.3090	0.2173
C05471	0.7521	-0.0631	0.6658	0.0623	-0.5577	-0.1077
C05472	-0.0030	-0.0432	-0.2340	-0.4580	-0.1546	-0.7327
C05473	-0.4968	0.0024	0.0615	0.7273	-0.7002	-0.1206
C05474	0.4330	0.0231	-0.1508	0.2253	-0.3417	-0.3135
C05475	0.6219	-0.0413	0.0085	0.1665	0.0725	-0.1735
C05476	0.1030	0.0062	0.0337	0.1596	-0.4712	-0.7264
C05477	-0.1364	0.0719	0.4806	0.5805	-0.0881	-0.0347
C05478	-0.0782	-0.3649	0.2328	-0.1163	0.7104	0.2267
C05479	-0.2859	0.2722	-0.1623	-0.9853	0.0479	-0.2166
C05480	-0.3776	0.3416	-0.5463	-0.3624	0.1880	-0.3616
C05481	0.1002	0.1709	-0.0731	0.3530	-0.0098	0.3172
C05482	-1.1761	-0.5993	-0.8566	-0.8135	-1.7240	-1.2296
C05483	0.1712	-0.2418	0.3732	0.1407	0.2744	0.0037
C05484	0.0629	-0.4228	-0.1266	-0.3315	0.3358	0.4000
C05485	-0.0215	-0.6331	0.0057	0.1453	-0.2813	-0.0205
C05487	0.0921	0.6206	0.0018	-0.1767	-0.4305	0.0146
C05488	0.3462	-0.5321	0.4651	-0.0913	0.2560	0.0176
C05489	0.2345	-0.2660	-0.1737	0.4472	-0.2102	0.2544
C05490	0.2792	-0.1675	-0.5609	-0.4241	0.3328	-0.0844
C05497	-0.4099	-0.2708	0.0897	-0.0916	-0.1656	0.4608
C05498	-0.2828	-0.0958	-0.1096	0.0456	0.1471	-0.1196
C05499	0.1141	0.1869	0.0786	-0.1414	0.0174	-0.3407
C05500	0.0433	-0.8122	-0.4040	0.2969	-0.2952	0.7790
C05501	-0.5460	-0.0718	0.3977	0.7056	0.0909	-0.2484
C05502	0.1233	0.2430	-0.2105	-0.0899	-0.3274	0.5071
C05503	0.2405	0.0003	0.5412	0.6065	0.2898	-0.1617
C05504	-0.2520	0.6610	0.0609	0.2490	0.4840	0.5133
C05512	1.2277	2.0897	2.2335	1.7875	2.1969	2.2427
C05513	0.1743	0.2955	-0.4217	0.0329	0.5263	0.1785
C05515	0.1625	0.1307	-0.1827	0.3978	-0.4348	-0.2999
C05516	0.0679	-0.6787	-0.1238	-0.9135	0.0138	0.0054
C05519	-0.0273	0.4468	-0.2028	0.0393	0.0202	0.5820
C05524	0.3561	-0.3288	0.3784	0.2841	-0.0447	-0.5345
C05526	0.6353	-0.7558	0.2439	-0.2417	-0.0834	-0.0784
C05527	0.4531	-0.1201	0.3744	-0.0209	-0.1904	-0.2511
C05528	0.2957	-0.2756	0.2533	0.0082	-0.4595	0.1385
C05533	0.2393	-0.3954	-0.4144	-0.1426	0.1153	-0.3806
C05535	0.1406	-0.4213	-0.1431	0.4158	0.5171	0.0188
C05539	0.1123	-0.1581	0.2780	-0.7725	0.2185	-0.4471
C05544	0.3228	0.2004	0.1354	-0.7074	0.1576	0.6382
C05545	-0.1166	0.3496	0.2224	-0.0284	0.5698	-0.0620
C05546	-0.3717	0.3182	-0.3784	0.6764	-0.0075	0.2471
C05548	0.4698	0.3428	-0.0525	-0.1663	0.2682	0.0817
C05551	0.0615	0.1796	-0.9143	-0.3500	-0.0337	-0.3558
C05552	0.3526	-0.3250	-0.4570	0.2645	-0.3001	-0.1520
C05554	0.3790	-0.3587	0.0911	0.3342	0.2482	-0.3754
C05556	-0.0840	-0.5661	-0.1589	0.2773	0.1187	0.5614
C05557	-0.1494	0.7025	-0.0037	-0.0231	0.0642	0.2271
C05560	0.3807	0.8131	-0.3383	-0.0119	-0.2278	-0.1999
C05565	0.6759	-0.4532	0.0583	0.1009	-0.1504	-0.6837
C05568	-0.2384	0.0572	0.3101	0.1880	-0.1830	-0.0626
C05570	0.0031	-0.1484	-0.0445	-0.1163	0.9242	-0.2174
C05571	0.2428	-0.4750	0.3087	-0.1275	-0.0971	0.3530
C05572	0.3431	-0.1846	-0.2899	0.3683	-0.5021	-0.1161
C05575	-0.0718	-0.0596	-0.1343	0.5852	0.4693	-0.0848
C05576	-0.5651	-0.8040	-0.1474	0.1846	-0.5627	0.3308
C05577	0.2391	-0.1101	0.2616	-0.1969	0.3414	-0.1794
C05578	-0.5841	0.2892	-0.7367	-1.0995	0.2822	0.1375
C05579	-0.0522	-0.8916	-0.7901	-0.7397	-0.3130	0.3988
C05580	-0.2511	-0.1754	-0.4100	0.0901	-0.4421	0.6057
C05581	-0.4107	-0.4909	0.1741	0.1107	0.3854	0.1163
C05582	-0.3800	-0.6373	0.2946	0.5278	-0.1708	-0.2220
C05583	-0.4775	-0.0960	0.5705	0.0200	-0.0416	0.0870
C05584	-0.1288	0.1748	-0.2608	-0.2717	0.1423	0.6767
C05585	0.0714	0.2449	0.3148	0.2997	-0.0981	-0.2701
C05587	-0.4488	-1.1117	-1.1860	-1.0515	-1.6335	-1.3215
C05588	0.2250	0.7815	0.2296	-0.2316	0.2112	-0.4262
C05589	-0.0418	-0.5421	0.0053	0.5521	-0.3653	0.4390
C05593	-0.3049	-0.4375	-0.5427	-0.1875	-0.6909	0.7939
C05594	-0.5296	0.1493	-0.3017	-0.3616	0.6736	-0.0038
C05595	-1.0345	-0.2608	-0.0753	0.3041	0.1346	-0.2005
C05596	0.1250	1.4363	0.9440	1.2301	1.0750	1.2574
C05598	-0.5094	0.2027	0.1259	-0.1329	0.2484	-0.4584
C05600	0.2406	0.3683	0.0503	-0.2164	0.3132	0.1123
C05604	0.0763	-0.3023	0.7039	0.2990	-0.9289	-0.8653
C05606	-0.0103	0.3536	-0.0572	-0.2587	0.7097	-0.1901
C05607	-0.0185	-0.3093	0.4970	-0.2381	0.5637	0.4188
C05608	0.1463	-0.4362	-0.5083	-0.2939	0.0416	0.0814
C05610	-0.8536	-1.0204	-0.9472	-1.0162	-0.9292	-0.6961
C05619	-0.0683	0.7556	-0.0037	-0.4779	-0.0187	0.4610
C05620	0.9918	0.8429	1.4542	0.8874	1.4864	1.3537
C05623	-0.0723	-0.5519	-0.3415	0.4456	0.1080	0.0715
C05625	0.4331	0.2008	-0.5549	0.2094	-0.0736	0.3991
C05629	0.2575	0.3141	0.0607	0.3029	-0.3026	0.6991
C05631	-0.3379	-0.0814	0.1670	-0.8530	0.6262	-0.0606
C05634	-0.0718	0.2915	0.0777	-0.2351	-0.1547	0.0352
C05635	0.2090	0.2908	-0.3879	0.2245	-0.0483	-0.5608
C05636	-0.7094	0.2077	0.1545	-0.0590	-0.0407	-0.0464
C05637	-0.2510	0.1403	0.1520	-0.0144	-0.3706	-0.4751
C05638	0.2232	0.4251	0.2418	-0.0964	0.4068	-0.2256
C05639	0.3810	0.0066	0.0458	-0.1449	-0.0117	-0.4861
C05640	0.1083	0.5784	0.3306	0.0950	0.4758	-0.4099
C05641	-0.0973	0.3088	0.3011	-0.7160	0.0438	-0.5877
C05642	0.4689	0.9541	0.6636	-0.0768	0.5634	0.2143
C05643	0.1971	-0.1076	-0.1740	0.5162	-0.1255	-0.6075
C05644	0.0543	-0.3074	-0.2331	-0.3866	0.1708	-0.5992
C05645	0.4715	0.9433	0.9652	1.2632	0.9552	1.5934
C05646	0.2225	0.1175	-0.0964	-0.2085	-0.1235	0.2936
C05647	-0.5010	-0.1119	-0.5191	-0.4141	0.3495	-0.9356
C05648	-0.3506	-0.5297	-0.2911	-0.3325	0.0424	-0.6095
C05651	0.0360	0.2822	0.1908	0.2743	0.6449	0.5962
C05652	0.2164	-0.1810	0.1893	0.0899	-0.2663	-0.2670
C05653	-0.5675	-0.0671	-0.3379	-0.2959	-0.0650	-0.4958
C05654	-0.8223	-0.0105	0.2393	-0.2282	-0.2094	-0.0456
C05655	0.1021	0.0107	0.6055	0.1302	0.3075	0.4948
C05656	-0.0975	0.2304	-0.0468	0.2930	0.2506	0.4011
C05658	-0.1125	0.1489	0.4411	0.1797	-0.1810	-0.0894
C05659	-0.7924	0.3219	-0.0908	-0.1388	-0.9161	-0.1116
C05660	-0.8875	-0.2863	-0.5634	-0.2112	-0.0516	-0.1948
C05662	-0.2597	0.0236	-0.4736	0.1915	0.4223	0.0761
C05663	-0.0932	-0.1284	-0.4020	0.5629	-0.0536	-0.3486
C05665	-0.2626	0.2043	-0.5164	0.8241	-0.3358	-0.1629
C05668	-0.0772	0.2110	0.0343	-0.5241	0.1559	-0.0051
C05669	0.0361	-0.2118	0.1648	0.0724	0.1488	0.0775
C05670	-0.0657	-0.3508	0.1820	-0.0626	-0.2569	0.4615
C05672	0.7395	0.0875	-0.2038	0.1237	0.2064	0.1586
C05673	0.1345	-0.0315	-0.5022	0.5294	-0.4243	0.2709
C05674	0.7398	-0.6335	-0.0653	-0.3043	0.2484	0.3968
C05675	0.1358	-0.0062	0.1636	-0.1314	0.5858	-0.2418
C05676	-0.2482	-0.0221	-0.2291	0.3599	0.2618	0.1644
C05677	0.2793	0.1522	0.2833	-0.6166	0.2461	0.0801
C05678	-0.4409	-0.2584	0.3736	0.1244	0.5417	0.4119
C05679	-0.5410	-0.9404	-1.2742	-0.9896	-0.7199	-0.5642
C05680	-0.2572	-0.3447	0.0491	-0.7408	0.5379	-0.1687
C05681	-2.0117	-1.4620	-1.8678	-1.6950	-2.5020	-2.1309
C05682	0.4298	-0.5535	0.2143	0.5925	0.0310	0.1345
C05683	0.5227	0.0416	-0.2417	-0.3416	-0.3878	0.7345
C05684	-0.0481	0.0268	0.3223	-0.2668	-0.1640	0.8702
C05686	1.4767	0.2446	0.5944	0.8354	1.3083	1.0443
C05688	0.0814	0.0826	-0.0526	-0.1639	0.5321	-0.2122
C05689	0.4690	0.1792	-0.0912	-0.2935	-0.3520	-0.2974
C05690	-0.3023	-0.1113	0.3828	-0.0764	-0.0752	0.0505
C05695	0.2024	-0.1211	-0.4868	-0.3209	-0.1190	-0.2740
C05697	0.5525	-0.3210	0.1659	-0.5681	0.1365	-0.3972
C05698	-0.4677	-0.2236	-0.2193	0.3006	-0.1520	-0.2262
C05699	0.5174	0.3252	-0.7509	0.3040	0.3666	-0.5892
C05703	-0.2576	-0.1720	-0.0751	0.4778	0.5033	-0.0214
C05714	0.0929	0.0406	-0.2792	0.3412	-0.6046	-0.2707
C05715	-0.4506	0.3171	-0.0249	0.2045	-0.1249	0.5017
C05726	0.0671	0.2946	-0.3785	0.2830	-0.4472	0.6249
C05727	0.3168	0.0217	-0.0396	0.1364	0.0730	-0.2771
C05729	0.6066	-0.3785	0.1778	0.1882	-0.0346	-0.3608
C05730	-0.9008	-0.5302	-1.5852	-0.9907	-1.1644	-1.1861
C05731	0.4350	-0.3915	-0.0211	0.2992	0.5603	-0.2004
C05744	0.9260	0.9341	0.6744	0.3529	1.5010	1.4361
C05745	-0.3383	-0.3179	-0.5759	0.1151	-0.1964	0.0589
C05746	-0.0372	-0.4439	-0.4987	-0.2525	-0.0559	0.8464
C05747	-0.3177	-0.2494	-0.5170	0.4130	0.5091	0.1356
C05748	0.2031	0.6505	0.5442	0.0551	0.5199	0.2110
C05749	0.2044	-0.0234	0.1489	0.1792	0.7915	0.2375
C05750	-0.1674	-0.2492	-0.2664	0.6444	-0.3978	-0.2536
C05751	-0.1001	0.0273	-0.3196	-0.2463	-0.5593	0.0285
C05752	0.4184	0.0934	-0.1506	0.3261	-0.5262	-0.2249
C05753	0.3070	-0.1463	-0.6046	-0.3085	-0.0688	-0.6310
C05754	0.2604	0.1800	0.4015	-0.0093	-0.2441	-0.4597
C05755	0.0365	0.2444	-0.4210	-0.2601	-0.3633	0.0978
C05756	0.2955	0.3393	0.2668	-0.0138	-0.4715	-0.0318
C05757	-0.0407	-0.1144	-0.4941	-0.3534	0.0664	0.0984
C05758	-0.0027	0.0028	-0.1673	0.5437	0.3011	0.0881
C05759	-0.1196	-0.1618	0.0867	-0.0096	-0.1936	-0.2382
C05760	0.0200	0.0988	-0.3174	0.5015	-0.3808	0.0692
C05761	-0.8333	-0.8309	-1.4612	-0.8517	-0.6573	-1.1939
C05762	-0.3752	0.6828	-0.0043	0.3720	-0.5191	-0.1746
C05763	0.0011	-0.5093	0.1981	-0.4147	0.2202	0.1189
C05764	0.0582	-0.3923	0.7756	0.1562	-0.2469	-0.4946
C05766	-0.4428	-0.4786	-0.1688	0.0964	-0.3225	0.1712
C05767	0.4333	0.0213	-0.2261	0.3497	-0.2540	0.7474
C05768	0.0197	-0.4153	-0.1147	-0.2356	0.3560	-0.2235
C05769	0.6473	0.8920	0.9293	1.5368	1.5389	1.8015
C05770	-0.8095	-0.3660	0.2622	-0.1337	0.3222	-0.1267
C05772	-0.3218	-0.0541	0.0230	-0.0709	-0.1866	0.8063
C05773	0.2119	-0.0037	-0.0521	0.0820	0.8880	0.2535
C05774	-0.2319	0.2730	-0.1119	-0.1302	-0.2486	0.4768
C05775	-0.3626	-0.3433	0.3102	0.5472	-0.6772	0.1189
C05776	-0.5436	0.3733	0.0654	-0.4200	0.2511	0.2604
C05777	0.2181	-0.4358	-0.0266	-0.6834	-0.1810	-0.2422
C05778	-0.1460	0.0838	0.0445	0.2681	0.0531	-0.0748
C05779	-0.0793	-0.2946	-0.1736	-0.3679	0.0293	0.2000
C05780	-0.0307	0.2137	-0.0341	0.0026	0.0680	0.1190
C05781	0.5061	0.3755	0.3561	0.1513	-0.1078	-0.0764
C05782	0.1885	0.2434	0.3776	-0.9169	0.2839	-0.4678
C05783	-0.0020	-0.9990	-1.1131	-0.5654	-1.4076	-1.6706
C05784	0.5404	-0.2929	0.6478	0.3526	0.2059	0.5445
C05785	-0.5755	0.4158	0.3774	-0.2058	0.3473	-0.0919
C05786	-0.3487	-0.5223	-0.7112	-0.4899	-0.4863	-0.6178
C05787	0.3139	0.3428	-0.4369	0.1632	-0.3029	0.0567
C05789	0.1761	-0.5814	0.4580	0.0044	-0.4559	-0.0803
C05790	0.0151	0.0600	0.2511	-0.4979	0.4998	0.3651
C05791	0.4489	-0.2232	-0.4554	0.2957	-0.3312	1.1052
C05793	0.0056	-0.3335	-0.1812	-0.6928	-0.5297	-0.3932
C05794	-0.4052	-0.3757	-0.1990	0.3537	0.2449	-0.0775
C05795	-0.1797	-0.2912	-0.8308	-0.7792	-1.0336	-1.4974
C05796	-0.4947	-1.0267	-1.0327	-0.9633	-1.1772	-1.5831
C05797	0.5780	-0.0743	-0.3190	0.0698	-0.2473	0.0338
C05798	0.4193	-0.2489	-0.5953	-0.5682	-0.5496	0.3749
C05807	-0.3878	0.3161	-0.1616	-0.2513	-0.6087	0.2933
C05817	0.2298	-0.3435	-0.1626	-0.1023	0.2728	0.2672
C05819	0.4348	0.0171	-0.0178	-0.0722	0.2683	-0.2278
C05822	-0.5525	0.4609	-0.2177	0.2909	-0.3038	-0.0673
C05823	-0.1272	-0.0977	0.6254	0.4104	0.2197	-0.0705
C05824	0.2576	-0.2892	0.1519	-0.1158	0.0243	0.3940
C05825	-0.2770	0.2624	0.0420	0.5539	0.1394	0.3091
C05827	0.1004	-0.6772	-0.1242	0.3212	-0.4354	-0.3466
C05828	0.1843	0.1609	0.3415	0.2305	-0.3972	-0.1747
C05829	-0.1388	-0.1901	0.0769	-0.4408	-0.5115	0.2290
C05830	0.3126	0.3596	0.1557	0.1260	-0.0880	-0.4817
C05831	-0.6369	0.0677	0.2412	-0.0819	0.5826	-0.0604
C05832	-0.2619	-0.0879	-0.4744	-0.0052	-0.8451	0.1538
C05834	0.2094	0.0334	-0.0791	-0.1560	0.0562	0.2697
C05835	-0.6631	-0.5451	-0.2755	-0.2536	0.1933	0.3180
C05837	0.0579	0.2875	-0.1775	-0.3215	1.0678	0.1030
C05840	-0.5283	0.3351	0.3293	-0.1724	0.0455	0.2578
C05841	-0.0889	0.0582	0.1843	-0.3319	-0.2028	-0.1302
C05842	-0.3451	-0.4844	-0.4665	-0.1201	0.0345	-0.4803
C05843	0.0496	-0.1552	0.2394	0.0816	-0.1037	0.1993
C05844	0.4481	0.4211	-0.0739	-0.4990	-0.5604	0.5672
C05847	0.0764	-0.4246	0.3755	-0.3527	-0.3942	-0.1167
C05848	-0.0901	0.3888	0.3842	0.4369	0.6632	-0.0862
C05849	-0.0240	-0.5805	-0.4392	0.1994	0.0006	-0.1519
C05852	-0.2869	-0.2174	-0.1478	-0.0060	0.2076	-0.0587
C05853	0.3374	-0.2636	0.1254	-0.1078	-0.0804	0.6182
C05856	0.4351	-0.3836	-0.3247	-0.1281	-0.3034	0.2763
C05859	-0.1828	0.5861	0.6001	0.5779	-0.4044	-0.3506
C05892	-0.8615	0.9604	0.0334	-0.1895	-0.2623	0.2403
C05893	-0.1534	-0.0570	-0.4979	-0.1674	-0.5959	-0.5487
C05894	0.6709	0.7057	0.0875	0.4221	-0.3486	0.2069
C05895	0.0151	-0.6243	-0.3996	-0.5455	0.2316	-0.3907
C05896	-0.2070	0.0457	0.1225	-0.0061	0.6859	0.4978
C05897	0.1028	-0.0428	0.0807	-0.6166	-0.7702	-0.3184
C05898	0.0049	0.4454	-0.3621	-0.1823	0.0715	-0.2701
C05903	-0.0040	0.0788	-0.5355	-0.3186	0.4031	0.0664
C05904	0.3182	0.1779	0.8081	0.0451	-0.4111	-0.4047
C05905	-0.2324	0.1910	0.1170	0.0518	0.0434	-0.2667
C05906	0.0312	0.2019	-0.3596	-0.1205	0.3520	-0.4990
C05912	0.0506	-0.4221	-0.1117	-0.1840	-0.1258	-0.8471
C05913	-0.0508	0.2104	-0.2262	0.1589	0.0292	0.5003
C05914	-0.0360	0.0772	-0.3634	-0.5325	-0.1511	-0.2295
C05915	-0.2432	-0.4882	0.3956	-0.5129	-0.3327	0.4266
C05916	0.8435	0.1387	-0.0290	-0.4658	-0.2618	0.6689
C05917	0.1251	0.2294	-0.1425	0.4880	0.4198	0.5204
C05921	-0.6382	-1.1202	-0.7969	-0.5553	-0.9716	-1.5776
C05922	-0.0837	0.8346	0.7695	-0.2039	0.0498	0.0891
C05923	0.2458	0.0575	-0.6065	-0.2008	-0.1076	0.1942
C05924	0.2296	0.3828	-0.3568	0.1012	0.7030	-0.3173
C05925	0.6445	0.8143	0.5510	0.4571	0.6520	1.7145
C05926	-0.1764	-0.0697	-0.3113	0.3635	0.0351	0.4422
C05927	0.2553	0.6912	-0.1737	0.3793	-0.1658	0.2260
C05931	-0.8386	-0.8422	-0.9157	-0.8174	-0.6519	-1.2422
C05932	-0.1770	0.1716	-0.3610	-0.2373	0.0490	0.2216
C05933	-1.1111	-0.6525	0.3487	-0.1244	-0.2816	-0.0441
C05936	-0.0261	-0.1306	0.2533	-0.0978	0.0962	-0.3162
C05938	-0.4244	-0.1864	0.5304	-0.2581	-0.1704	-0.0914
C05939	-0.2861	-0.1640	0.1668	0.5481	-0.1060	-0.0280
C05941	0.2032	-0.1947	-0.1410	0.1058	-0.3969	-0.1095
C05942	0.1892	0.0703	0.5061	-0.1499	-0.1950	0.3653
C05944	-0.0378	-0.0443	0.0387	-0.2675	0.2917	0.4317
C05945	-0.1498	0.1718	0.4646	0.3383	0.0041	-0.4113
C05946	-0.0219	0.3777	0.2955	0.0768	0.1436	-0.2043
C05947	-0.2453	-0.3611	0.0513	0.2938	-0.4324	-0.1476
C05949	-0.4155	0.6246	-0.1385	0.3437	0.1544	-0.6094
C05950	-0.1880	0.5645	0.2620	0.2890	-0.0396	0.0925
C05951	0.3182	-0.4183	-0.2550	0.8531	-0.1711	-0.1506
C05952	0.6939	0.2120	0.2341	0.0927	0.0955	-0.4541
C05953	-0.0730	-0.1809	-0.0289	0.2439	-0.1930	-0.4739
C05954	0.1255	-0.0328	0.0710	-0.2244	-0.1961	-0.2684
C05955	-0.3323	0.1503	0.3316	0.0923	0.3599	-0.5218
C05956	0.0559	0.3917	0.1137	-0.3738	0.0367	0.0556
C05957	-0.2566	-0.6057	-0.8336	-1.5961	-0.9899	-1.3257
C05958	-0.2306	-0.5054	0.1882	0.1036	-0.1174	-0.3924
C05959	0.4019	0.0358	0.2615	-0.1131	0.2079	0.4918
C05960	-0.5638	-1.3752	-0.6787	-0.8664	-1.4815	-1.3279
C05961	-0.0188	-0.0335	0.5089	0.0909	0.5363	0.2909
C05962	0.5030	-0.3783	0.5439	0.2365	-0.1087	0.0676
C05963	0.3800	-0.3923	0.3045	0.0749	0.5029	0.1015
C05964	0.1275	-0.5645	0.2747	-0.6198	-0.0150	0.3367
C05965	-0.6312	-0.6270	-0.4747	-0.4612	-0.0753	-0.6816
C05966	-0.0931	-0.4369	-0.1870	-0.3251	-0.1859	-0.2635
C05973	0.1626	0.3480	0.5399	0.3315	0.1355	-0.4350
C05974	-0.1568	0.1802	-0.1227	0.0182	0.1811	-0.6638
C05976	-0.3225	-0.1647	-0.4441	-0.3220	-0.0625	-0.0020
C05977	-0.4953	-0.0081	-0.1164	-0.3918	0.4653	-0.0252
C05979	-0.1948	-0.0183	0.3218	0.3698	0.1141	0.1008
C05980	0.1484	0.4777	0.8356	0.5605	1.4561	1.3230
C05981	-0.1311	-0.2902	-0.2496	0.6465	0.3740	0.2107
C05983	-0.3515	0.5585	-0.3858	0.3084	-0.2273	0.6259
C05984	0.4192	-0.0726	0.3078	0.1223	-0.2627	0.2433
C05989	0.0644	0.3975	-0.5497	0.3037	-0.0661	-0.0636
C05993	-0.6259	0.5953	0.1597	0.2435	-0.2794	0.3620
C05994	0.2201	-0.5186	-0.2221	-0.3690	-0.2830	-0.1762
C05995	-0.1024	-0.0818	-0.0859	-0.0724	0.2867	-0.2230
C05996	0.2324	-0.0674	0.3302	-0.0549	-0.1349	0.0617
C05998	-0.1679	-0.3320	0.6491	0.8268	-0.4085	-0.0419
C06000	-0.0043	0.3428	-0.2173	-0.0886	0.9048	0.2956
C06001	-0.0375	-0.4580	-0.3690	-0.1517	0.2127	-0.2334
C06002	-0.1349	-0.3339	0.3588	0.1642	0.2818	0.2809
C06006	0.9002	0.6383	0.6543	0.8592	1.1797	1.7347
C06007	-0.1593	0.2533	0.8187	0.2090	0.4303	0.0034
C06010	-0.2498	0.6803	0.1404	-0.6596	-0.3988	-0.0537
C06018	1.6895	1.8246	2.0436	2.2108	2.0064	2.9157
C06019	0.0679	-0.2559	0.0828	-0.2854	0.8203	0.1731
C06022	0.0815	0.0487	0.6707	0.2157	0.4246	-0.2943
C06023	0.2660	0.7105	-0.4075	-0.0670	0.6134	0.3089
C06024	0.2875	-0.2843	0.6126	0.4736	0.6711	-0.6483
C06025	-0.3922	0.0822	-0.4375	0.6722	-0.0138	0.1039
C06026	0.3596	-0.5189	-0.4893	-0.1883	-0.3927	-0.2373
C06027	-0.5790	0.1184	-0.0448	-0.8428	-0.5608	0.0463
C06028	-0.0265	0.1139	-0.3253	-0.3412	0.0507	0.5597
C06032	0.1155	0.2495	-0.3194	0.0398	0.2928	0.2222
C06033	-0.3113	0.0289	0.1882	-0.1204	0.4534	0.3005
C06037	0.3448	-0.0535	-0.5293	0.2743	0.3928	-0.0046
C06038	-0.0239	-0.4486	-0.1597	0.2004	-0.0180	0.0902
C06040	-0.2543	-0.1896	-0.0325	0.2351	-0.2621	-0.5330
C06041	0.1071	0.9563	-0.1288	-0.4686	0.4413	-0.3275
C06042	0.3343	-0.4401	-0.5850	-0.4385	-0.5390	-0.0586
C06044	-0.2230	-0.0159	0.1487	0.0263	-0.2900	-0.2332
C06046	0.4334	0.1197	-0.0292	-0.7126	-0.2891	-0.0084
C06047	-0.0349	0.9918	-0.1393	0.4162	-0.0179	-0.0645
C06048	0.0410	-0.0996	0.5301	-0.1684	0.2156	0.3233
C06049	-0.0873	0.5000	0.2735	0.5903	-0.0883	0.4099
C06050	-0.1232	0.3345	-0.0750	0.1030	-0.7052	-0.0082
C06051	-0.3255	0.1610	0.1857	-1.0276	-0.4309	-0.3522
C06052	0.0947	0.3430	0.3970	0.2247	0.1888	-0.0797
C06054	-0.4203	-0.6413	0.4558	0.0753	0.5092	-0.4830
C06055	-0.2670	0.2310	-0.1999	-0.3461	0.3814	-0.2650
C06056	0.3302	-0.2878	0.3135	0.5414	-0.4177	0.2908
C06058	-0.0308	-0.3421	0.4373	0.3738	-0.4578	0.2290
C06062	0.8310	1.5651	1.9819	1.9857	1.9027	3.0113
C06070	0.0752	-0.0708	-0.7889	0.0305	-0.0782	-0.0154
C06071	0.1197	-0.2569	-0.0502	-0.1534	0.2432	-0.4618
C06081	0.0716	0.1585	0.0286	0.0971	0.5438	-0.6523
C06082	-0.2199	0.3089	-0.0772	-0.3831	0.0260	-0.1471
C06087	0.1929	0.1436	0.0670	-0.3856	-0.0868	0.3366
C06089	-0.2897	0.0384	-0.2738	0.1795	-0.0528	0.3415
C06090	0.1710	0.3129	-0.4454	-0.4886	-0.4006	0.2353
C06093	0.0550	0.0947	-0.1994	0.0089	0.7755	-0.1677
C06094	-0.0180	-0.7613	-0.4425	-0.5797	0.1347	-0.1343
C06095	-0.2174	-0.3408	0.0148	-0.2875	0.0814	0.2152
C06098	-0.1442	-0.4756	0.2041	-0.5161	-0.5372	-0.5102
C06099	0.2653	0.2030	0.3585	-0.1608	0.6713	0.0490
C06102	-0.2729	-0.4292	0.5577	-0.4221	0.4203	-0.6732
C06104	-0.0211	0.2809	0.1655	0.2674	-0.4422	-0.2083
C06108	0.3097	-0.0241	-0.2543	0.7209	0.4680	0.1995
C06112	0.2580	0.0708	-0.3505	-0.2492	0.0516	-0.2197
C06113	1.2675	1.7828	1.7837	2.1488	1.9665	2.6528
C06118	-0.2367	0.5721	0.6792	0.0785	-0.2425	0.3306
C06124	-0.9919	-0.7653	-1.0998	-1.5490	-0.6975	-1.5110
C06125	1.1773	-0.0791	1.1576	0.6814	1.4496	1.1768
C06126	1.2546	1.4079	1.4095	2.3364	2.1931	2.7941
C06127	-1.4156	-1.8830	-1.5833	-1.7131	-1.9398	-2.7868
C06128	1.1787	1.1237	1.9027	1.5595	1.8849	2.8622
C06135	-0.5361	-1.2145	-1.4465	-0.8988	-0.7812	-1.1554
C06136	-1.4932	-1.4490	-2.0559	-2.1177	-2.4696	-2.5266
C06140	-0.0196	0.1149	0.2477	-0.1625	-0.1771	0.7221
C06141	0.5835	-0.0247	0.2205	-0.0300	-0.3465	0.1266
C06142	0.1530	0.1269	0.0660	-0.0247	0.5332	0.5063
C06143	0.8708	-0.5131	0.4493	0.0991	-0.1769	-0.7270
C06144	-0.1191	-0.5487	0.1231	-0.3162	0.0206	0.2089
C06145	-0.3291	0.0890	-0.5287	0.7021	-0.3308	-0.5175
C06146	-0.4600	0.0292	-0.5458	0.1233	-0.3910	0.3746
C06148	-0.3168	0.1301	0.0988	0.4071	0.5351	0.4080
C06153	0.1014	-0.1799	0.6108	-0.5001	0.0469	-0.6656
C06156	-0.1656	0.1547	-0.2675	-0.1259	-0.0648	0.1041
C06157	-0.2205	-0.3709	0.0738	-0.1003	0.6280	-0.4798
C06160	0.2133	0.2434	0.4404	0.3742	0.2379	-0.1437
C06161	-0.0053	-0.2724	-0.0108	-0.0630	0.1718	0.2329
C06162	0.3149	-0.4909	-0.1980	0.2009	-0.0838	-0.2802
C06163	0.6234	0.2233	0.3062	-0.1104	-0.1470	-0.1208
C06165	-0.2767	0.3442	-0.2365	0.3808	-0.1625	0.2515
C06167	0.4912	0.0568	0.0723	0.2903	-0.1591	0.0732
C06171	-0.0046	0.1151	-0.6720	-0.0516	0.4298	0.5235
C06172	-0.0763	0.3608	-0.1518	0.1802	-0.1296	-0.6723
C06173	-0.1891	0.0533	-0.2170	-0.4334	0.0865	0.2980
C06174	-0.0833	-0.2293	-0.4019	-0.1722	-0.0102	0.1334
C06175	-0.2302	0.2608	0.3147	0.0431	-0.0699	-0.1010
C06178	0.1305	0.1167	-0.1259	0.0085	0.3572	-0.1144
C06179	-0.4046	0.4507	0.1221	-0.4015	0.0023	-0.2450
C06181	-0.1168	-0.2867	-0.0568	0.2761	0.1810	0.0605
C06182	0.0432	0.8291	-0.1631	0.2916	0.2721	-0.6610
C06183	-0.6189	-0.3999	0.2165	-0.5185	-0.1029	0.1430
C06186	0.0088	1.1559	1.1265	1.0265	1.1360	1.0639
C06187	-0.0142	-0.2405	0.3684	-0.5737	-0.3916	-0.2449
C06188	-0.2989	0.0882	0.0027	-0.2653	0.7271	0.1802
C06192	-0.4375	-0.0065	0.0492	0.5261	-0.2990	-0.3269
C06193	0.4345	-0.6630	-0.8174	-0.2662	0.1280	0.5340
C06194	-0.2433	0.0442	-0.3770	0.1071	-0.2586	0.0878
C06195	0.1002	-0.0177	-0.3566	-0.7856	0.6264	-0.0985
C06196	0.0600	0.1770	0.1724	0.0292	0.1832	0.3476
C06197	0.0233	0.1741	-0.9349	-0.3578	0.5638	-0.0447
C06198	0.2018	0.4366	-0.5502	-0.0477	1.0037	0.2461
C06199	-0.0284	-0.4279	-0.2669	0.0589	0.1960	0.4299
C06201	-0.3523	-0.2936	-0.4011	-0.2946	0.1163	0.8195
C06202	0.0598	-0.6178	-0.6278	0.3086	0.0676	-0.3905
C06203	0.2551	0.0267	0.0388	0.2265	-0.0689	0.3792
C06204	-0.4706	0.9812	0.5899	0.1602	-0.5216	-0.0155
C06205	-0.0352	0.2030	0.3907	0.2886	-0.1959	0.4742
C06207	-0.9322	-0.6375	-0.1151	-0.3827	-0.2658	-0.2380
C06210	-0.0955	-0.2458	-0.2934	0.0226	0.0037	0.0309
C06212	-0.0454	0.3302	-0.3513	-0.3326	-0.3426	-0.0546
C06213	-0.1441	-0.1130	-0.3445	0.4347	-0.3158	-0.9978
C06215	-0.1914	-0.6617	-0.0777	-0.1239	-0.0227	-0.1144
C06227	0.2742	0.5651	-0.4036	-0.2185	0.0737	-0.2402
C06229	1.4337	1.8319	2.4581	1.5038	2.5156	2.6853
C06230	1.2596	1.5438	1.5629	1.3926	2.4137	2.8205
C06231	-0.2578	-0.1100	0.0458	-0.5528	-0.4035	0.2390
C06232	0.6068	1.3314	1.4125	1.6534	2.3156	2.3368
C06240	-0.3423	-0.0233	0.6040	0.2639	-0.1231	0.0484
C06241	0.3263	-0.0745	0.3376	0.0496	1.0372	0.3224
C06250	-0.2245	0.1016	-0.4200	-0.4480	-0.2591	-0.5553
C06251	0.3328	0.9283	0.6648	1.2625	0.5692	1.3218
C06254	-0.4032	0.1636	-0.3172	-0.6431	0.1031	0.0452
C06268	-0.2355	0.0788	-0.5104	-0.3769	-0.6482	-0.1134
C06269	-0.1095	0.0429	-0.1551	-0.5200	-0.1044	0.1380
C06304	0.6387	-0.1633	0.5607	-0.2972	0.2431	0.0395
C06305	0.3752	-0.0607	0.0384	0.2261	0.1073	0.2161
C06308	0.1800	0.6349	-0.0480	-0.4023	0.1054	-0.0879
C06311	-0.1842	0.0866	0.4014	0.2894	-0.1940	0.2309
C06313	0.6210	0.2834	-0.3886	0.1954	0.2291	0.0451
C06314	-0.1138	-0.4475	-0.2717	-0.3642	-0.2277	0.3353
C06315	0.2138	-0.3055	-0.6086	0.3733	-0.6309	-0.4775
C06316	-0.4352	0.7203	-0.2866	-0.6003	0.3823	-0.1243
C06318	0.5593	-0.0661	-0.2877	-0.3676	-0.0691	-0.1128
C06319	0.1240	0.3174	1.1073	1.8818	1.2785	0.8760
C06320	-0.0705	-0.1086	0.2061	-0.1466	-0.4945	0.8262
C06321	-0.5190	-0.0226	0.4768	-0.6692	-0.2265	-0.0647
C06322	0.1281	0.2758	-0.4702	0.2075	-0.2550	-0.1001
C06329	0.1466	0.0695	-0.8242	-1.6888	-0.7290	-1.0005
C06337	-0.1792	-0.3742	0.0061	-1.0827	-0.4036	0.3775
C06341	0.5616	0.3552	0.0301	-0.1190	-0.2051	0.1261
C06364	-0.2372	-0.7845	-0.1408	0.0220	-0.3654	-0.8291
C06365	-0.0714	-0.2884	0.0016	0.4802	-0.4033	0.3550
C06367	0.4755	0.2531	-0.4438	0.2605	-0.0551	-0.5557
C06368	0.1985	0.1853	0.6456	0.2493	0.1290	-0.1362
C06376	-0.0990	0.3861	-0.1008	-0.2736	0.1730	-0.3262
C06377	-0.5390	-0.1732	-0.1339	0.1589	0.7859	0.0670
C06387	-0.2852	-0.1525	0.1084	0.5795	-0.9867	0.2722
C06394	-0.6868	0.3678	0.5075	-0.4112	-0.0487	-0.1456
C06397	0.8471	0.9680	1.7151	1.7669	2.1565	3.3078
C06398	0.2472	-0.1642	-0.1470	-0.0653	-0.0064	-0.6122
C06399	0.2986	-0.2141	-0.3749	-0.4227	-0.0101	-0.3557
C06400	-0.0919	-0.0734	-0.4164	0.0900	0.4291	0.0890
C06406	-0.1776	0.6871	-0.1520	0.4907	0.9735	-0.1422
C06407	-0.0735	0.0765	0.7043	-0.1518	-0.0731	-0.0351
C06408	0.4376	0.2913	0.0364	0.1215	0.2878	0.0809
C06409	0.8186	1.3015	1.9861	2.1258	2.3085	2.3886
C06410	1.6066	1.9517	1.7280	1.9285	2.0617	2.2141
C06416	0.3217	-0.1323	-0.0104	-0.1828	0.2052	-0.0583
C06419	0.0105	-0.4094	0.1862	0.0995	0.1562	0.2013
C06423	0.3516	-0.0637	-0.1319	0.3508	-0.1573	-0.2617
C06424	-0.1205	0.0818	-0.1947	-0.2210	0.1452	-0.2155
C06425	0.4667	-0.5760	0.0005	0.0834	0.0590	0.4609
C06426	-0.2283	0.8223	-0.3609	0.1468	-0.2302	-0.1077
C06427	-0.4727	-0.2607	-0.5627	-0.0917	0.3213	-0.0956
C06428	0.6018	1.0298	0.4706	1.0107	1.4978	1.8121
C06429	-0.0559	-0.0064	0.2293	0.4016	0.6398	0.2079
C06433	0.2090	-0.3161	-0.0711	-0.3192	0.2614	0.1622
C06435	-0.1023	-0.7533	0.0961	0.2099	0.0956	0.0393
C06441	-0.3561	-0.3509	0.0255	0.2624	-0.3868	-0.2496
C06442	0.4029	0.6552	-0.5125	-0.2444	0.4785	-0.7066
C06451	-0.0677	-0.1762	0.0238	0.0258	0.1367	-0.3856
C06452	-0.0191	-0.1053	-0.4212	-0.1607	0.0131	-0.0041
C06453	1.5021	1.7546	1.6954	2.0272	2.6908	2.2644
C06454	-0.5389	-0.7010	-0.6834	-0.7063	-1.1551	-1.5901
C06455	0.0200	-0.2564	0.6250	-0.2386	-0.0424	0.5541
C06456	0.2129	0.1380	-0.2753	0.0335	-0.3953	-0.3418
C06457	0.0469	-0.4563	-0.2352	0.3093	-0.1207	0.8116
C06459	0.2603	-0.2976	0.3726	0.1641	0.4691	0.2131
C06462	-0.2853	0.1718	0.1571	0.0342	-0.3578	-0.0408
C06473	0.3666	-0.4643	0.1723	0.2285	0.0112	-0.3570
C06481	1.4288	1.8669	2.0878	1.9257	2.1285	2.5946
C06482	1.0966	0.9994	1.7291	1.9402	2.0372	2.5765
C06503	-0.1061	-0.2230	0.3173	-0.4615	-0.0718	-0.8042
C06504	0.1349	0.0888	-0.0460	-0.4035	-0.3603	0.1277
C06505	0.3360	-0.1573	0.1955	-0.2525	0.2503	-0.3708
C06506	0.2578	-0.2446	0.7953	0.2431	-0.4737	0.3198
C06507	0.1510	0.3924	0.3057	-0.3801	-0.3448	0.3065
C06508	-0.0508	0.0262	-0.6174	0.5128	0.2096	-0.1359
C06509	-0.3449	0.5254	0.1728	-0.1461	0.3938	-0.5952
C06510	0.0106	0.2852	0.4053	0.1056	0.2482	0.0458
C06522	-0.2257	0.4705	0.4057	0.6098	0.0687	-0.2017
C06526	0.2296	0.3987	0.3322	0.2856	-0.3351	0.2571
C06542	-0.3809	0.0872	0.5865	0.4551	-0.1796	0.1191
C06547	-0.4848	-0.3267	-0.3610	1.0966	-0.8264	-0.3980
C06548	-0.2331	-0.2616	0.3254	0.4824	0.1478	-0.5440
C06551	-0.2541	0.3960	-0.2586	-0.0923	-0.3068	0.5793
C06552	-0.2137	-0.0975	0.1712	-0.1134	0.0754	0.3215
C06553	-0.5752	0.0764	0.2589	0.0979	0.8421	0.4921
C06554	0.2317	-0.0177	-0.2484	0.0576	-0.0511	0.2145
C06555	-0.5501	0.1218	0.4915	0.4877	-0.3472	0.1097
C06561	-0.2025	0.7177	0.4162	0.7555	-0.1535	0.0341
C06563	0.0926	-0.0004	-0.0288	0.5372	-0.2559	0.2759
C06564	0.1599	-0.0299	-0.0379	-0.0107	-0.1862	-0.3301
C06565	-0.2247	1.0998	0.1790	0.2198	0.0912	0.0700
C06566	-0.0480	-0.0273	-0.2635	0.7572	-0.2207	-0.4272
C06568	-0.1831	-0.0552	-0.2549	-0.3889	0.1403	-0.3611
C06569	-0.4696	-0.2141	-0.4802	-0.3302	-0.6407	-0.3416
C06570	0.1839	0.4179	0.0604	-0.5836	0.4002	-0.8695
C06571	0.5316	-0.1015	0.1137	0.4826	-0.2212	-0.6580
C06575	-0.1277	-0.2439	-0.1235	0.3830	0.4346	0.3979
C06576	0.3745	-0.1853	-0.0170	-0.1410	0.5246	0.1667
C06577	0.0449	0.3299	0.2537	0.0342	0.3365	-0.6612
C06578	0.3000	0.8531	-0.3364	-0.0163	0.0624	0.0205
C06579	0.2190	-0.3960	0.2991	0.4184	0.3239	0.6329
C06580	0.3357	-0.1468	-0.1260	0.7562	-0.0349	0.3060
C06581	0.0211	-0.4106	0.2754	-0.3826	-0.0088	-0.1803
C06582	-0.3071	0.1565	0.3858	-0.2764	-0.4334	0.1613
C06584	0.3798	-0.4175	-0.1820	-0.2066	0.5165	0.3763
C06585	-0.9055	-0.2954	-0.1747	-0.1165	0.0430	0.3383
C06586	-0.7411	-0.0586	-0.1605	-0.5199	-0.1251	-0.3346
C06587	0.0356	0.3953	0.3715	0.1000	0.2956	-0.2244
C06588	0.3240	0.1062	0.0914	-0.7357	-0.2731	0.1552
C06589	-0.5989	-0.3691	0.1387	-0.3427	0.0353	-0.3884
C06593	0.4514	-0.0057	0.5392	-0.0971	-0.1740	-0.2537
C06594	-0.0165	0.2893	-0.1205	-0.2827	0.2300	0.1333
C06597	-0.7005	0.3502	-0.4153	-0.4167	-0.3366	0.4627
C06599	0.0874	0.3933	0.2517	0.0414	-0.0350	-0.3523
C06600	-0.3271	0.0879	-0.0926	0.0821	0.0836	-0.2220
C06609	-0.1227	0.2284	0.1976	-0.1070	0.1466	-0.4409
C06610	-0.9152	-0.0251	0.4827	-0.3412	-0.9449	0.0959
C06611	0.1829	-0.3118	0.1060	0.4796	0.5295	0.1322
C06612	-0.3532	0.1512	-0.1225	0.5594	0.1157	0.0765
C06613	-0.0448	-0.0045	-0.2649	0.2422	0.4141	-0.0698
C06614	0.5564	0.1093	0.0689	-0.5505	0.0939	-0.2868
C06615	-0.4162	0.0718	0.3277	-0.1495	-0.3692	0.3008
C06616	-0.2758	0.0396	0.0248	-0.6272	-0.4128	0.0338
C06620	-0.4168	0.1864	-0.7252	-0.0446	-0.2015	0.0130
C06624	-0.3839	-0.4337	-0.1950	-0.6732	0.7202	-0.0463
C06627	-0.2588	0.3077	0.2285	-0.5737	0.0388	-0.1434
C06628	-0.5561	-0.1296	-0.1925	0.1382	-0.2072	-0.2278
C06629	0.3086	-0.1839	-0.0641	-0.0466	-0.2430	0.5080
C06630	0.4686	0.4285	0.7399	1.2243	1.5678	1.4774
C06633	-0.3444	-0.4475	0.1203	-0.3879	0.1004	-0.6352
C06635	1.4393	1.0298	0.7978	1.6706	1.5983	0.9069
C06653	0.7135	-0.7384	-0.7060	0.1209	0.1472	0.1158
C06654	-0.6130	-0.4975	-0.0017	-0.1366	0.0026	-0.1583
C06655	0.1825	-0.2691	-0.1885	-0.4684	0.1856	0.2528
C06656	0.1109	-0.2943	0.2881	-0.1075	0.3264	-0.1312
C06657	-0.1088	-0.9260	-0.1378	-0.2732	0.0128	0.6053
C06658	0.0455	0.1134	-0.0146	-0.3408	-0.2648	-0.6064
C06659	0.0807	0.1530	-0.3826	-0.1674	0.1658	0.1665
C06660	-0.2656	0.9431	0.0358	-0.2664	-0.2242	-0.6111
C06661	0.2127	0.0368	0.3780	-0.0365	0.0634	-0.0729
C06662	-0.4845	0.6252	0.0449	-0.2295	-0.1253	-0.0979
C06669	-0.5187	1.2239	-0.5371	0.1679	-0.2942	0.1483
C06670	0.3905	0.3172	0.2119	0.2676	0.2698	-0.3476
C06671	-0.2152	-0.4717	0.5340	-0.3701	0.6304	-0.1264
C06677	0.3199	0.7433	-0.1634	0.1842	-0.2206	0.2214
C06687	1.5619	1.3824	1.5341	1.9704	2.1134	3.3508
C06688	0.2489	-0.1078	0.3830	0.2209	0.2443	0.2506
C06689	0.1130	-0.1370	0.2068	-0.5452	-0.0605	0.1881
C06696	0.3177	-0.0280	-0.1511	0.8790	0.5002	0.3016
C06697	-0.2217	-0.3893	0.2577	-0.2291	-0.0288	-0.2337
C06705	-1.3435	-1.4399	-1.1840	-2.3572	-1.3294	-1.6440
C06706	1.3053	1.4906	1.4671	1.7670	1.6693	2.9792
C06707	-1.5991	-1.4410	-2.1488	-1.8335	-3.1997	-2.5092
C06711	0.3553	0.5772	-0.3260	0.4958	-0.0315	0.1230
C06712	0.0274	-0.0146	-0.0929	-0.0917	0.2063	0.3787
C06714	-0.1715	0.5630	-0.4128	-0.3646	0.0008	-0.4625
C06715	0.7737	0.0803	-0.1336	0.3617	0.3883	-0.1683
C06720	0.4607	-0.0330	-0.2579	0.4621	0.4262	0.0601
C06723	0.0688	0.1823	0.4272	0.1825	-0.0384	0.3517
C06727	-0.2841	0.4592	0.0465	-0.4486	-0.1672	-0.3920
C06728	-0.5015	-0.9335	0.6534	-0.0117	-0.0359	-0.1155
C06729	-0.0996	0.4171	0.2244	0.0435	0.5624	-0.2123
C06730	0.5027	0.0158	0.3918	0.2546	-0.1296	-0.3776
C06731	0.6535	-0.1773	0.3197	0.2805	-0.4872	-0.1302
C06735	0.1383	0.2145	0.0363	0.2712	-0.3726	-0.0342
C06749	0.0301	0.5515	-0.0250	-0.4503	-0.3485	0.0372
C06752	-0.1366	-0.3562	0.1805	0.2403	-0.0349	0.3283
C06753	-0.3087	-0.1408	-0.1066	-0.5994	0.3504	-0.5396
C06754	-0.1446	-0.4682	0.0714	-0.1648	-0.0520	0.3768
C06755	-0.0495	0.1277	-0.2200	-0.4497	0.0743	0.0357
C06756	0.2193	-0.3183	-0.0861	-0.0639	-0.1265	-0.3480
C06757	-0.0619	-0.4396	0.5095	0.5001	0.1249	-0.3720
C06758	-0.2982	0.1078	-0.1508	-0.5397	-0.0142	-0.2189
C06760	0.3520	0.2281	0.1288	-0.3676	0.3329	0.2146
C06762	-0.1738	-0.0807	-0.3421	0.2136	0.1310	0.5509
C06767	0.9102	1.6055	2.0277	2.2056	2.2217	2.7974
C06771	-0.5096	-0.0600	-0.7285	-0.7639	-1.0825	-0.8111
C06772	-0.0441	0.1057	-0.1038	0.0343	0.3596	0.3234
C06789	-0.0663	0.2167	0.4250	-0.5669	0.1923	-0.3312
C06790	-0.3515	-0.0968	0.0573	-0.2313	-0.0946	0.2516
C06791	0.6687	0.3923	0.1629	-0.3566	-0.0935	-0.1355
C06792	0.3456	-0.2121	0.0306	0.2921	-0.2320	-0.2666
C06793	0.3127	0.4616	-0.1631	0.3107	-0.2343	-0.2274
C06800	0.6507	0.7233	0.9255	1.6985	1.0306	1.2510
C06801	0.2918	0.0939	-0.0862	0.1200	0.2854	0.1241
C06802	-0.4341	-0.2945	0.0284	0.5357	0.1138	0.2262
C06804	0.2161	0.1190	-0.4517	0.7832	-0.2655	0.7789
C06810	-0.1015	0.1501	-0.5117	0.1265	-0.2853	0.1897
C06837	-0.1511	0.1972	0.6046	0.5454	0.1238	0.0095
C06865	0.2408	0.1944	-0.2674	0.0310	-0.0663	0.1752
C06866	-0.2515	-0.5596	0.1409	-0.4603	-0.5888	0.0980
C06868	0.4161	0.2481	-0.1853	0.2348	0.5212	0.2137
C06880	0.0838	0.1177	-0.2666	0.1807	0.0211	-0.2909
C06890	0.3634	0.0478	0.5102	0.2066	-0.0393	-0.4041
C06892	-0.1788	-0.2702	-0.2241	0.5817	0.5653	0.1413
C06893	-0.0050	0.0966	-0.2120	0.5705	-0.9381	-0.2140
C06899	-0.0538	0.0219	0.4540	0.2957	-0.1073	-0.1363
C06916	0.7443	1.0852	0.0339	-0.3325	0.2373	-0.3868
C06940	0.2593	0.9742	1.1076	0.0924	-0.0868	0.2580
C06956	-0.1916	-0.1670	-0.0720	-0.5082	-0.3764	0.3225
C06972	-0.2486	-0.2717	0.0156	0.3166	0.2799	0.6344
C06986	-0.3206	0.1020	0.2112	0.3149	-1.1096	0.5339
C06999	0.5037	0.0683	0.0465	0.1547	0.2558	-0.1962
C07014	0.0457	0.3583	-0.1096	0.2412	0.3364	-0.1120
C07020	0.3026	0.1617	0.2799	-0.0542	0.1382	0.4950
C07024	-0.1470	0.4747	-0.6458	0.2877	-0.1303	-0.0228
C07025	-0.0675	0.0993	0.5089	0.0065	-0.0097	-0.0659
C07026	-0.0547	-0.1065	-0.2716	0.6884	-0.5732	-0.8234
C07027	0.0291	0.1203	0.1573	0.3129	-0.0057	-0.2725
C07028	0.5679	0.0273	-0.0925	-0.0782	-0.0872	0.3501
C07029	-0.5737	-0.0545	0.0187	-0.1631	-0.2785	-0.2583
C07030	-0.1548	-0.1637	-1.2260	-1.2123	-0.6038	-1.2765
C07031	0.3439	0.2655	0.0779	0.3601	-0.0203	-0.0919
C07032	0.3900	0.0929	0.1088	0.3539	-0.1648	0.2207
C07044	-0.0799	-0.1610	0.2564	-0.5781	-0.1272	0.3641
C07047	0.3307	-0.2705	0.2551	0.2373	-0.5150	0.0046
C07051	-0.1609	-0.0275	-0.4908	-0.7558	-0.1720	-0.2797
C07054	-0.0687	0.4699	0.4059	0.5426	0.1255	-0.0264
C07056	-0.5267	-0.3113	-0.5335	0.1662	0.0637	0.1572
C07065	-0.0480	0.3063	-0.2604	-0.0511	-0.0707	0.3707
C07073	0.1327	0.1218	0.2680	0.1367	0.1404	-0.2615
C07075	0.1939	-0.9262	0.0468	-0.1028	-0.2734	-0.0872
C07083	-0.2956	-0.1556	-0.6494	-0.3923	-0.0864	-0.1004
C07084	-0.1739	-0.4481	-0.1309	0.5268	-0.0577	-0.1672
C07085	-0.3304	0.0385	0.1682	0.3456	0.0670	0.0046
C07086	0.3013	-0.0354	-0.1352	0.3360	-0.1520	0.1953
C07087	-0.3488	-1.0111	-1.1727	-0.6661	-0.9194	-1.4799
C07089	0.5126	0.3200	1.2051	1.5358	1.2751	1.7107
C07092	-0.4555	0.0426	0.7212	-0.1458	-0.7855	-0.8312
C07093	-0.1197	-0.1870	-0.2442	0.2276	0.1957	-0.1794
C07094	0.3265	0.1305	-0.0740	0.4215	-0.1471	-0.3779
C07095	0.2313	0.0346	-0.0462	-0.0105	0.3117	0.2967
C07097	-0.0614	0.3736	-0.6315	0.0041	0.0952	0.5099
C07099	0.3359	0.1725	-0.0487	-0.2914	0.1335	0.0462
C07100	0.2985	0.3046	0.1505	0.2885	0.1784	0.1758
C07101	-0.1100	0.0161	-0.3430	0.1810	-0.0956	-0.2274
C07102	0.0190	-0.5107	0.3499	-0.3706	0.0921	0.0894
C07103	-0.4954	-0.4935	0.0920	0.3768	-0.4088	-0.6016
C07108	-0.1074	-0.1441	0.4033	-0.2619	0.2289	0.5443
C07111	-0.2939	0.2535	-0.3135	-0.4832	0.3240	0.7139
C07122	0.3665	-0.0892	-0.1642	0.4587	0.9927	-0.1791
C07123	-0.4053	0.1201	-0.0810	0.0715	0.3121	0.0190
C07130	-0.4797	-0.5048	0.1776	0.2652	0.0995	-0.1483
C07151	-0.0303	0.1583	0.1606	0.2110	-0.7880	-0.1415
C07163	-0.4543	-0.5843	-1.0820	-0.9917	-1.1742	-1.3603
C07184	0.1022	-0.0801	-0.1594	0.3967	0.3723	-0.0695
C07185	0.0788	-0.2859	0.0948	-0.0757	-0.1467	-0.2961
C07201	0.2760	0.3040	-0.0047	-0.2378	0.2613	-0.4713
C07204	0.2443	-0.3873	-0.1074	0.2370	0.0441	-0.1679
C07207	0.1286	-0.1476	-0.1313	-0.0120	-0.5184	-0.4049
C07208	-0.8025	0.0151	-0.3381	-0.0925	0.0617	-0.1072
C07209	-0.9445	-0.1363	-0.1052	-0.4781	-0.3332	-0.3043
C07210	0.2785	0.1462	0.1587	-0.0068	-0.5318	0.2362
C07211	-0.0513	0.3328	0.2927	-0.5973	-0.2247	0.7748
C07212	-0.2048	0.1699	0.3967	0.5699	0.5418	0.0895
C07213	-0.3299	0.6120	0.3045	0.4004	-0.0058	0.1860
C07214	-0.2326	0.3361	0.5606	0.4910	-1.0178	-0.2665
C07215	0.3760	0.2710	-0.2358	0.4471	-0.3800	-0.1894
C07216	-0.2495	0.3979	-0.3274	0.3673	-0.0662	0.1945
C07240	0.4545	-0.2827	0.2917	0.2874	0.0918	0.0678
C07277	0.0276	-0.7241	0.2736	0.0538	-0.4342	-0.0783
C07289	0.3304	0.0333	0.3119	-0.0130	0.0682	-0.1380
C07294	0.3251	-0.4173	0.2100	-0.8601	-0.6917	-0.3090
C07295	0.0009	-0.0973	-0.0141	0.2418	0.5579	-0.0636
C07303	-0.6791	0.6242	0.0076	-0.3272	-0.3456	-0.1803
C07308	0.2324	-0.2530	-0.0926	-0.0628	-0.2811	0.4392
C07335	-0.0508	0.7516	-0.2582	-0.2820	-0.7533	0.0119
C07338	-0.3670	0.2957	-0.1890	-0.1105	-0.0981	-0.1241
C07349	-0.4615	0.2660	0.2734	-0.4189	0.3478	0.0470
C07354	0.0029	-0.2247	0.3581	-0.0242	-0.6966	-0.3375
C07394	-0.2835	0.0093	-0.1746	-0.0648	-0.3216	0.0378
C07434	0.1399	-0.0276	0.8356	-0.2378	-0.9266	0.2838
C07446	0.0039	-0.1782	0.1927	0.2668	0.4457	-0.4682
C07447	0.3537	0.4239	-0.1218	-0.0658	0.1992	0.0911
C07478	-0.2814	-0.2166	0.3671	0.2450	-0.2825	-0.2148
C07479	-0.0548	0.0722	0.2729	-0.7469	-0.0273	0.3791
C07480	0.1469	-0.5293	0.1177	-0.1336	-0.2933	0.0955
C07481	0.3880	-0.2460	-0.0095	-0.4794	-0.4641	0.2211
C07490	0.4759	-0.2704	-0.2894	-0.2644	-0.0595	-0.3534
C07492	-0.1279	0.0205	-0.2412	-0.3343	0.2536	-0.4090
C07493	0.1478	-0.0603	0.0524	-0.3266	-0.0641	-0.3919
C07495	0.4153	0.1033	-0.5857	0.1103	0.4310	0.5445
C07496	0.2261	0.1123	-0.0614	0.2971	0.2420	0.4634
C07501	-0.3609	-0.0001	0.0451	-0.7438	0.3622	0.2466
C07512	1.0208	0.0580	-0.8904	-0.1418	-0.1811	-0.1613
C07535	-0.0448	0.3496	0.2413	0.4679	-0.7403	0.2116
C07557	-0.4053	0.0357	-0.1179	0.4100	0.8921	0.2338
C07572	-0.1249	0.0288	-0.1557	0.1418	0.4313	-0.0543
C07576	0.1228	-0.2804	-0.3651	-0.1447	-0.3953	-0.4419
C07578	-0.1560	0.0006	-0.0357	0.0493	0.6121	0.6516
C07585	0.0577	0.5225	0.2567	-0.2886	-0.3282	0.0312
C07593	-0.1698	-0.4209	0.1956	-0.1474	0.2606	0.1128
C07600	0.8372	-0.2086	0.1333	-0.1282	-0.4569	0.3620
C07639	0.1805	-0.5534	0.5221	-0.1767	-0.5764	0.4093
C07641	0.3862	0.2540	-0.1552	0.0437	-0.1606	0.0624
C07643	0.4570	0.1217	-0.7141	0.1829	0.0231	0.5859
C07644	0.2669	0.5790	0.2212	-0.1246	-0.1525	0.2823
C07645	-0.2901	-0.2588	-0.1129	-0.6917	-0.6083	0.1728
C07646	0.0520	-0.5767	0.2177	0.3232	0.3445	-0.2359
C07647	0.0812	-0.2834	0.1219	0.5361	0.0313	0.4405
C07648	0.1025	0.3429	-0.2659	0.0664	-0.0220	0.1041
C07649	0.2581	-0.2980	0.2747	0.5643	-0.2005	0.2257
C07653	0.7732	0.0825	0.5175	-0.5314	0.2180	-0.6965
C07656	0.3731	0.6438	0.0507	0.1712	-0.0753	0.3909
C07660	-0.3506	0.0945	-0.6404	0.0422	0.1328	-0.0613
C07662	1.7254	0.9971	1.8427	1.8846	1.6690	2.1787
C07663	0.8550	1.3853	1.7369	2.3704	2.4134	2.8946
C07712	-0.1099	-0.7444	0.1286	0.3895	-0.2318	0.1007
C07715	-0.2893	-0.0167	-0.3327	-0.2698	-0.0417	0.0634
C07729	-0.0361	-0.2859	0.4939	0.1982	0.1576	0.0194
C07731	0.5599	-0.2566	-0.6056	0.1136	0.2935	0.2739
C07732	-0.6355	0.0475	0.2460	0.2462	-0.8824	-0.5489
C07733	0.1366	0.5787	-0.0644	-0.0092	-0.3098	-0.4363
C07734	0.8844	0.8942	1.0371	0.4666	0.7522	1.3834
C07836	0.0580	0.1542	0.4911	-0.1300	-0.3910	0.1579
C07838	1.2941	1.3017	1.8898	1.8070	2.1994	2.3266
C07888	-0.3914	0.2974	0.2337	0.4479	0.3537	0.1108
C07909	-0.5972	0.0492	0.0631	0.2011	0.3101	0.2836
C07966	-0.3524	-0.2528	-0.2708	0.2387	0.1093	-0.1637
C08012	0.3249	0.1377	0.3525	0.1903	-0.3399	-0.0117
C08057	-0.0280	0.4372	-0.1106	-0.1932	-0.4391	-0.4084
C08060	0.2972	-0.1813	-0.5036	-0.4054	-0.0686	0.5437
C08061	-0.2232	0.4175	0.1486	0.1492	-0.1084	0.2213
C08062	1.0872	0.3258	-0.2116	0.1024	-0.2355	0.0764
C08150	0.1828	-0.0449	0.4171	0.8575	0.2087	-0.4122
C08230	-0.0435	-0.4219	0.3323	-0.0123	0.3506	-0.1820
C08262	0.5281	0.2845	0.3634	-0.2684	0.4844	-0.4749
C08276	-0.1920	-0.4395	-0.3486	-0.1371	0.2867	-0.0994
C08281	-0.0362	-0.2322	0.2389	-0.1239	-0.1251	-0.6346
C08300	0.1414	-0.3983	-0.4391	0.6035	-0.0433	-0.2339
C08301	-0.1626	-0.1363	-0.3291	0.0962	0.5054	0.1274
C08307	-0.1456	-0.1805	-0.6114	-0.2534	-0.3956	-0.8635
C08308	-0.1843	0.0814	0.7106	0.9236	-0.1741	-0.0691
C08312	-0.2418	-0.1465	0.2872	-0.2639	0.5323	0.5304
C08313	0.0842	0.1113	-0.5760	0.5166	0.1117	0.2712
C08316	-0.1689	-0.0499	-0.5130	0.3521	-0.0042	-0.2361
C08320	-0.0526	-0.3155	-0.0559	-0.4788	0.3580	0.0576
C08323	-0.1795	0.0703	-0.0105	-0.0767	0.1984	0.3949
C08325	-0.0270	-0.7148	-0.3851	0.0043	0.0401	0.2828
C08357	-0.4790	-0.2574	-0.6467	0.2634	-0.2142	0.0021
C08358	-0.0768	0.1246	0.3419	0.1986	-0.2653	0.3575
C08359	0.4375	-0.5660	-0.3283	0.8843	-0.1816	0.1462
C08362	-0.2195	-0.0538	-0.1160	-0.2734	-0.0184	-0.3030
C08401	-0.1723	0.5230	0.2644	-0.1696	-0.3607	0.7269
C08407	-0.5088	-0.1170	0.3755	-0.1268	0.5438	-0.0595
C08409	0.1516	0.0270	-0.7032	-0.5018	-0.1141	-0.2233
C08412	-0.3424	-0.5456	-0.3657	0.2453	0.0132	-0.1064
C08417	-0.1246	-0.1964	-0.7080	-0.1032	0.0048	0.0943
C08418	-0.0932	-0.6345	-0.5057	-0.4885	-0.0250	0.5290
C08426	0.1349	-0.1426	-0.0191	-0.6314	-0.0068	0.0624
C08439	0.6354	-0.1670	0.4346	-1.0796	-0.0065	0.2678
C08491	-0.1260	-0.2053	-0.4996	0.0960	0.0328	-0.0060
C08492	0.0428	0.0921	0.1702	0.4950	-0.1893	-0.1741
C08537	-0.2575	0.4044	0.1891	0.3217	0.0213	0.3961
C08538	0.0793	0.8501	0.3647	-0.1112	0.0309	-0.4092
C08539	0.2436	0.1321	-0.1715	-0.1398	0.6834	0.0969
C08540	0.2870	-0.0618	0.2948	0.1898	-0.4738	0.2488
C08542	-0.3691	-0.7331	-0.4866	-0.1354	-0.1679	-0.1749
C08543	-0.1064	-0.5230	-0.2239	-0.4391	0.7405	-0.4366
C08544	0.0139	0.2291	-0.5440	0.1211	0.0635	-0.6215
C08552	-0.0169	-0.4083	-0.1366	-0.0851	0.2548	0.2227
C08579	0.1215	-0.1769	0.3303	-0.3892	0.2093	-0.1154
C08580	-0.5171	-0.0515	0.1819	0.4614	0.3789	-0.0837
C08583	-0.2418	0.1547	0.1410	0.2473	-0.2215	-0.1982
C08586	0.2583	-0.0831	-0.5222	-0.3061	0.2277	0.3453
C08588	0.1526	-0.6528	0.1633	-0.1891	0.0291	-0.1946
C08589	0.1573	0.3085	-0.1933	-0.1067	-0.0593	-0.5291
C08590	0.5239	-0.4096	0.3907	0.0761	-0.3572	-0.1352
C08592	0.0506	-0.3304	0.2383	0.2802	-0.0847	-0.6135
C08601	-0.2993	0.4624	-0.0979	-0.2899	0.0273	-0.0267
C08606	0.3651	0.4291	0.2204	0.5177	0.2558	-0.2884
C08607	-0.3903	0.1981	-0.4721	-0.6645	0.1013	0.3846
C08613	-0.5379	-0.2440	-0.0068	0.2154	0.3611	-0.0974
C08614	-0.0648	-0.0305	0.0201	0.4418	-0.3123	0.3473
C08616	0.6777	0.3351	-0.0078	-0.2726	0.0348	0.9618
C08650	0.4234	0.2677	0.3121	-0.0194	-0.4058	0.1333
C08813	0.4763	0.4525	0.1976	-0.1226	0.6594	0.2024
C08814	-0.1893	0.0858	-0.2553	-0.2078	-0.3606	-0.3122
C08821	0.3369	0.1575	-0.6214	-0.0566	0.3715	0.4007
C08822	-0.8661	-1.0934	-1.3756	-0.8737	-1.1171	-1.6662
C08830	0.7510	0.3614	0.6395	-0.6034	-0.4180	0.4600
C08942	-0.1723	0.8786	-0.0872	-0.2460	0.4861	-0.0762
C08972	0.1156	-0.4051	-0.6999	-0.3290	-0.6501	0.2783
C09024	-0.1605	-0.3254	0.2259	0.7039	0.4516	0.5279
C09084	0.3716	-0.0276	-0.6697	0.3706	-0.6336	0.1860
C09099	-0.3294	-0.0452	-0.2878	-0.0953	-0.0816	-0.0971
C09107	0.3594	-0.1481	-0.3060	-0.1187	0.2987	-0.2688
C09131	-0.3988	-1.0843	-1.1281	-0.8922	-1.3202	-0.6599
C09155	-0.1405	0.1139	-0.0336	-0.0124	0.6820	0.3572
C09179	-0.0853	0.3566	0.2944	-0.3926	-0.1318	0.0943
C09241	-0.2532	-0.0058	0.0315	-0.0121	-0.1229	-0.3278
C09244	0.1885	0.0148	0.4261	-0.3224	0.4337	-0.0934
C09306	-0.5644	-0.3613	-0.1722	0.2614	-0.3512	0.0679
C09332	0.2850	0.0914	-0.8419	0.0751	-0.0391	0.3204
C09592	-0.0366	0.5731	-0.5168	-0.3148	0.6200	0.0607
C09621	0.0711	0.1669	0.3036	-0.4017	-0.2809	-0.1082
C09629	-0.4956	-0.0826	-0.3016	0.5089	0.2409	-0.6740
C09668	0.6745	-0.1878	-0.0382	-0.3875	0.7275	-0.1474
C09694	-0.1631	0.1986	0.4046	0.1396	0.0180	-0.0844
C09699	0.3524	-0.4647	-0.3834	0.0237	-0.3741	0.3514
C09704	-0.0071	0.3684	0.2276	-0.1631	-0.2291	0.4541
C09727	0.1880	-0.4246	0.0627	-0.2457	0.2409	-0.5400
C09731	-0.0926	-0.1322	-0.4194	-0.1404	-0.2244	0.5149
C09762	0.0472	0.0272	-0.0695	0.0934	-0.0905	0.2937
C09789	-0.5277	-0.3138	-0.3469	-0.4366	0.2217	0.4829
C09804	0.1459	-0.6763	-1.4852	-1.2790	-0.9397	-0.9955
C09811	-0.1454	0.2674	0.1883	0.2156	0.3360	-0.1964
C09812	0.2269	-0.9154	-0.0317	-0.1863	-0.0208	0.3134
C09813	-0.7618	0.8454	-0.2409	-0.1207	-0.0936	0.0276
C09816	0.2958	0.1067	-0.1536	-0.6181	-0.0193	-0.2535
C09817	0.2028	-0.4428	-0.1284	0.4182	0.2714	-0.5638
C09818	0.2748	-0.4162	-0.4317	-0.4041	0.4882	0.1576
C09819	0.0970	-0.6787	-0.3135	-0.2810	-0.3268	0.8041
C09820	0.0936	-0.1040	-0.3477	-0.0989	-0.5525	0.7396
C09821	0.2868	-0.3039	-0.0334	0.0837	0.0100	-0.0439
C09822	0.4470	0.2295	0.3296	0.1642	0.3269	-0.0506
C09823	-0.4378	-0.3588	0.1683	0.8407	0.1189	0.0743
C09844	-0.0637	-0.1495	-0.1849	-0.5853	-0.0693	-0.0186
C09955	-0.3444	-0.7652	-0.0309	-0.5478	0.0129	0.7846
C10164	0.0475	-0.1739	0.2889	0.0215	-0.0925	-0.4310
C10208	0.2766	-0.2063	0.2569	-0.5878	-0.2957	0.1005
C10216	-0.1058	0.1225	0.4225	-0.2888	0.4053	0.3684
C10434	-0.5545	0.5911	0.1692	0.3152	-0.2175	0.2864
C10447	0.2539	0.2470	-0.4057	-0.0287	0.2250	-0.1206
C10497	-0.6793	-0.3376	-0.3954	0.1006	0.3642	-0.2947
C10503	-0.0955	0.2391	0.2246	-0.2486	-0.0214	-0.1273
C10556	-0.5393	0.0917	-0.5988	0.6185	0.3611	0.3885
C10557	0.6082	0.3670	0.1403	-0.2083	0.3469	0.2398
C10641	0.2831	-0.3439	0.1919	-0.1389	-0.3780	0.5616
C10646	0.0013	-0.3591	0.4253	0.2037	0.3295	0.4694
C10682	0.0910	0.1127	-0.6090	-0.2180	0.0861	-0.0480
C10700	0.4450	-0.4214	0.2568	-0.2569	0.5033	0.3149
C10784	-0.1003	0.3901	-0.6273	-0.4839	-0.0286	0.4549
C10793	-0.6049	0.4052	-0.1506	0.4930	0.0483	-0.7361
C10860	0.2695	-0.0562	-0.0917	-0.7279	0.0867	0.1590
C10874	-0.0665	-0.4149	-0.3167	0.5912	0.2367	-0.2850
C10998	-0.5203	-0.4601	0.0745	0.6789	-0.4070	0.0897
C11004	0.4211	0.0630	-0.0165	-0.6015	0.7073	0.0192
C11036	-0.4425	0.2821	-0.0016	0.5159	0.1063	-0.4832
C11038	-0.1486	0.1329	-0.2390	-1.1340	0.3263	-0.0286
C11039	-0.5232	-0.0496	0.4959	0.4657	-0.4606	-0.1912
C11042	-0.3352	-0.1110	0.4949	-0.5855	-0.5458	-0.3281
C11045	-0.0501	-0.2039	-0.0430	0.7332	-0.0968	0.0743
C11061	0.0084	0.3095	-0.1620	-0.1864	0.2298	0.0640
C11062	-0.1438	-0.8785	0.0778	-0.0102	0.1896	-0.5160
C11088	-0.2289	-0.5010	0.0942	-0.2012	0.2610	0.1023
C11130	-0.0443	0.0801	0.1273	0.3158	-0.0393	0.2753
C11131	-0.0691	-0.1059	-0.0416	-0.0239	0.8304	0.2085
C11132	0.8067	0.5836	1.3708	1.3965	0.6851	0.7626
C11133	0.0882	-0.0305	-0.0336	0.2469	0.2065	-0.6758
C11134	-0.2546	-0.2652	0.3794	0.0538	-0.2694	-0.2342
C11135	-0.3936	0.2358	-0.2499	-0.1122	0.0879	-0.0912
C11136	-0.2291	-0.1824	-0.0623	-0.5492	-0.2785	-0.2726
C11142	0.3536	-0.1345	0.0808	-0.2095	0.2867	-0.4390
C11143	-0.6219	0.1742	0.1227	0.0443	-0.2517	0.1880
C11145	-0.5449	0.9585	0.0979	0.1365	0.0644	-0.0927
C11148	0.3067	1.0899	-0.3994	-0.4730	0.3353	-0.2674
C11149	0.4580	-0.3443	-0.2260	0.2596	0.0522	0.3128
C11150	-0.1536	0.1217	0.6035	-0.0919	-0.4140	0.3653
C11158	0.6892	0.3075	1.2017	1.2656	0.9220	1.4509
C11173	0.3795	-0.1812	-0.4548	0.6100	-0.0807	-0.1069
C11174	-0.4513	0.1412	0.1652	0.6863	0.1538	0.0875
C11221	0.0008	-0.4096	-0.4782	-0.0510	0.4931	0.0180
C11231	0.5434	0.6739	-0.2574	-0.1573	-0.4989	-0.1846
C11242	-0.1428	0.1137	0.4659	0.2824	0.1444	0.4143
C11243	-0.1374	-0.3311	0.7108	-0.0767	0.0337	-0.0898
C11245	-0.1223	-0.4569	0.7680	-0.7188	0.0279	0.2980
C11277	-0.0332	0.4511	0.2635	0.1019	-0.0411	0.0777
C11278	0.3159	-0.0414	-0.0642	-0.2599	-0.0602	0.0646
C11310	0.9041	0.6056	1.1956	1.3963	0.7537	0.8833
C11348	-0.1531	-0.0353	-0.3130	0.2412	-0.1612	0.2063
C11354	0.7339	-0.2202	-0.0648	0.1824	0.0839	-0.5425
C11355	0.6186	-0.2723	0.1326	0.2144	0.2304	-0.6646
C11363	0.8311	0.7780	0.4606	0.8383	0.7259	1.4029
C11371	0.4445	0.5015	0.1549	-0.3663	-0.1559	0.6222
C11374	0.6475	-0.1897	0.4532	-0.2593	-0.4086	0.3037
C11376	-0.2863	0.0925	0.2997	0.9252	-0.6767	0.4339
C11378	0.2207	0.1440	0.2621	-0.5591	-0.6324	0.3680
C11382	0.1834	-0.6492	0.0001	0.6106	-0.2212	0.4233
C11393	-0.2460	-0.1451	0.5657	-0.0079	0.3139	-0.0922
C11422	0.2127	-0.0120	-0.0126	-0.1441	-0.2230	0.4182
C11425	0.3179	-0.1647	-0.1439	-0.9589	0.4635	0.4926
C11426	0.4058	-0.1981	0.4413	-0.0183	0.0508	0.5278
C11427	-0.5166	-0.3929	-0.1911	-0.0181	0.5545	0.0605
C11434	-0.2027	0.0812	-0.7473	0.3527	0.0767	-0.6749
C11435	-0.4982	0.3369	0.2727	0.0977	-0.4408	-0.4140
C11436	0.0231	0.1214	-0.6047	-0.0680	-0.3619	0.2892
C11437	-0.0711	-0.5026	0.1121	0.2261	-1.0090	-0.3373
C11438	0.0888	-0.2042	0.2108	0.2872	-0.3388	-0.1440
C11448	0.4606	-0.0195	-0.1273	0.4585	-0.0927	0.0898
C11449	-0.0298	0.3647	-0.0840	-0.1100	-0.6543	-0.1591
C11453	0.4180	-0.5945	-0.3769	-0.3080	0.2921	-0.7929
C11455	0.0644	-0.2297	-0.2233	-0.3846	-0.7949	-0.3550
C11457	0.2923	0.0984	0.6446	-0.6649	-0.1418	-0.4188
C11460	-0.4334	-0.2098	-0.2430	0.0347	0.1091	-0.3916
C11468	0.8748	0.0369	0.1584	0.2757	0.3278	-0.0270
C11469	0.1794	0.6218	0.3124	-0.0543	-0.0635	-0.4518
C11472	0.3221	0.3488	-0.2559	0.0421	-0.0964	0.1395
C11481	0.0642	0.0535	0.2841	0.3051	0.8836	0.0153
C11499	0.4458	0.1464	0.1467	0.0433	-0.1852	0.1632
C11508	0.1948	0.3013	0.4184	-0.5827	0.3888	-0.4454
C11512	0.4150	-0.1928	-0.0458	-0.6370	-0.3536	-0.1568
C11516	0.4044	1.1993	0.1953	1.2392	0.8539	1.4271
C11521	0.0655	-0.3766	-0.2290	0.2807	-0.4471	-0.5185
C11522	-0.1079	-0.0680	-0.3165	0.2559	-0.2577	-0.2621
C11523	-0.5608	0.5414	0.0627	-0.5512	0.3506	-0.5902
C11526	-0.0811	0.1137	0.1735	-0.2163	0.6446	-0.2550
C11536	0.4263	-0.0868	-0.5273	0.2864	-0.1167	0.8034
C11537	-0.0441	0.1734	-0.3202	-0.8252	0.7682	0.2389
C11538	0.6572	-0.4677	0.2698	1.1195	0.1476	-0.2825
C11540	-0.0117	0.8538	0.0981	-0.0682	0.3269	0.1633
C11542	0.0804	-0.2834	0.3664	0.7579	-0.1076	0.2285
C11543	0.1879	-0.0326	-0.0426	0.3254	-0.2620	0.0608
C11544	0.2497	0.1553	0.0322	-0.1624	0.4182	0.3761
C11545	-0.3769	-0.1457	-0.6040	0.4041	0.2975	-0.1353
C11554	-0.2787	0.4110	-0.4629	-0.4250	0.1473	0.2042
C11555	-0.4042	-0.1842	-0.5324	-0.0042	0.3956	-0.1220
C11556	-0.5693	0.3108	0.1566	0.6088	-0.1216	0.0421
C11557	0.4561	-0.2227	0.7569	0.7645	0.0928	-0.4278
C11583	0.2079	0.2449	0.0932	-0.8866	0.4520	-0.0703
C11587	0.0555	-0.0196	0.1918	-0.1751	0.3331	0.2564
C11588	-0.1007	0.1047	-0.1363	0.2248	0.0655	0.1871
C11596	0.1982	-0.9598	-0.5236	-0.3380	0.2262	-0.7671
C11612	1.3555	1.8191	1.5553	2.3034	2.3893	3.1146
C11630	0.2683	-0.5165	0.0936	0.2512	0.1087	0.5103
C11632	-0.0293	-0.3091	0.1422	0.4831	0.6233	0.0868
C11633	0.2066	0.2640	-0.1248	-0.3015	-0.4560	-0.2061
C11638	-0.2312	0.3718	-0.3159	-0.6870	-0.3683	-0.1616
C11641	-0.0535	-0.4371	-0.2798	-0.4212	0.0771	0.5707
C11643	0.3995	0.3960	-0.1911	-0.0508	0.4073	-0.4105
C11675	-0.1778	1.0504	-0.1633	-0.0343	0.2121	0.1565
C11680	-0.6287	-0.3091	0.0587	-0.0979	-0.1327	-0.4830
C11684	-0.0640	-0.2158	0.0325	0.1715	0.2047	0.0913
C11691	0.1469	0.8102	-0.0594	-0.2302	-0.6064	0.2505
C11695	-0.3167	-0.3696	-0.1226	-0.3223	-0.0411	0.5108
C11700	0.1071	-0.1907	0.2718	-0.2936	0.1844	0.4610
C11713	0.2109	-0.3966	0.5516	-0.6148	-0.1100	0.0183
C11714	0.4391	0.2451	-0.3458	-0.0480	0.0352	-0.2914
C11736	0.1246	0.2857	-0.1133	0.1502	0.1592	0.0294
C11754	-0.1767	-0.4167	-0.3489	-0.0329	-0.0699	-0.0972
C11785	0.0061	0.0306	-0.3056	-0.0386	-0.0862	0.0451
C11807	-0.2112	0.3196	0.2654	0.2339	-0.3453	-0.3197
C11808	-0.2003	-0.1125	-0.4331	-0.3873	0.1771	0.3396
C11809	-0.1338	-0.0417	0.5519	-0.0304	0.2968	-0.2412
C11810	0.0122	-0.3611	0.1935	0.2891	-0.4005	-0.3754
C11811	-0.1860	0.3565	0.0205	0.1340	-0.4353	0.3213
C11821	-0.2008	0.0236	0.0958	-0.6432	0.1370	0.5382
C11829	-0.1180	-0.1243	0.3724	-0.3182	0.0127	0.0609
C11830	-0.7841	-0.2045	-0.3018	0.0358	0.6451	0.4192
C11831	0.0874	0.7715	-0.2911	-0.1384	-0.1262	-0.0299
C11832	0.2612	0.3313	0.2234	-0.1403	-0.3640	0.1156
C11850	-0.3765	-0.1589	-0.5914	0.1571	0.5041	0.1980
C11851	-0.0728	0.5239	-0.2152	-0.3612	-0.0264	-0.2214
C11853	-0.7348	0.1713	-0.1922	0.0443	0.3892	-0.4611
C11857	-0.2104	-0.4071	-0.2954	-0.0687	0.3307	-0.2090
C11858	0.3737	-0.4544	-0.0200	-0.2361	-0.5362	-0.6928
C11859	-0.8785	-0.1029	0.5881	0.7787	0.5389	0.0347
C11860	-0.2162	-0.6137	-0.7791	-0.3111	-0.5749	0.2872
C11861	0.2828	0.1919	-0.0899	0.2627	-0.5443	-0.3359
C11862	0.2955	0.6450	-0.0758	-0.2361	-0.1223	0.1422
C11863	0.1314	0.3536	0.2254	0.8310	0.5236	-0.1095
C11864	0.0038	-0.0854	0.0042	-0.3217	0.4387	0.5997
C11872	-0.4119	-0.5190	0.0993	0.4334	-0.3908	0.0654
C11873	1.0018	0.8085	0.8913	0.7990	0.8790	0.8954
C11874	0.1159	0.0822	0.1546	-0.2597	0.0424	0.2837
C11875	0.5628	-0.3197	0.2546	0.0598	-0.6022	-0.2156
C11878	0.0590	-0.2108	-0.0954	0.0572	0.3475	0.7581
C11882	-0.0582	-0.2830	-0.1191	-0.2820	-0.3312	-0.0146
C11887	0.3477	0.5223	0.5854	0.2703	-0.1423	-0.4579
C11894	0.6694	0.3135	-0.0611	0.4299	-0.2104	-0.3648
C11895	0.4207	-0.3387	-0.3630	0.3757	0.1660	0.0651
C11896	-0.4071	-0.1382	-0.2019	-0.3698	-0.1309	-0.6120
C11900	-0.2254	0.1513	-0.1938	0.1238	-0.3508	-0.0728
C11901	0.3852	0.5098	-0.0041	-0.0497	0.0672	0.4189
C11906	-0.2987	0.0447	0.2682	0.2948	-0.3216	-0.1863
C11907	1.1596	1.4212	2.4502	2.0956	2.4184	2.7286
C11908	-1.8295	-1.5809	-2.3653	-1.5657	-2.5508	-2.0556
C11909	-0.3249	-0.0749	0.5359	-0.0992	-0.2541	-0.2062
C11910	0.5812	0.3027	0.0485	0.1497	0.4947	-0.0722
C11911	-0.1269	0.0506	0.1942	0.3881	0.4008	-0.1190
C11912	-0.3404	-0.4349	-0.0449	0.2677	0.6556	-0.3771
C11915	-0.1040	0.0095	-0.1493	0.2991	-0.4443	-0.0741
C11916	0.1860	0.0884	-0.0043	-0.4349	0.1448	-0.3346
C11919	-0.4337	0.3549	0.1371	-0.6352	0.2331	0.5997
C11920	0.0055	0.0697	-0.1541	-0.7578	-0.1801	-0.0273
C11921	0.2439	-0.0417	-0.4836	0.2362	-0.1567	-0.4868
C11922	-0.5461	-0.2194	0.2747	0.0968	0.4135	-0.2110
C11925	-1.4338	-1.4518	-2.2136	-2.3638	-1.9255	-2.7118
C11926	-0.0653	0.2596	-0.3252	0.3327	0.1302	0.0373
C11927	-0.1944	0.7711	0.1965	-0.1018	-0.1971	-0.3588
C11928	-0.1722	-0.5951	-0.1750	-0.1952	0.2942	-0.0419
C11933	-0.1150	0.1594	-0.0681	0.2838	-0.1669	-0.4142
C11961	0.2277	0.1425	-0.0300	-0.0419	-0.5829	-0.2391
C11962	-0.0771	-0.7745	0.0873	0.2044	0.4883	0.2866
C11963	-0.4525	0.0654	0.0076	-0.0884	-0.2637	-0.2867
C11964	0.1778	-0.5181	0.0221	0.3170	0.3891	-0.0095
C11965	0.7606	-0.1198	-0.1385	-0.2366	0.3629	0.4748
C11966	-0.3635	0.2734	-0.2017	-0.0054	0.0828	0.3193
C11967	-0.1466	0.0051	0.8471	0.2167	0.2469	-0.5798
C11968	-0.3581	0.2220	0.2263	0.0468	-0.0659	0.5262
C11977	0.2254	-0.0394	-0.3206	0.0206	-0.2302	-0.2163
C11978	0.2715	0.0170	-0.4548	0.0643	0.1911	0.0142
C11979	0.0889	0.1380	0.1740	0.0640	-0.1225	-0.0591
C11980	0.0870	0.4183	-0.0668	0.0353	-0.1598	0.2360
C11981	0.0679	0.3213	-0.0149	0.1472	0.6283	-0.1555
C11982	0.1347	0.3409	-0.2896	0.3518	0.5737	0.1334
C11983	-0.0664	0.1945	-0.1909	0.1392	-0.5735	0.1575
C11984	-0.2976	-0.0516	-0.0331	-0.0095	-0.0435	0.0528
C11989	0.2514	-0.4671	-0.4602	-0.3058	-0.0173	0.0901
C11990	0.0223	0.2457	-0.1790	-0.4575	0.2738	0.0122
C11991	-0.3397	-0.4050	0.0296	0.3579	0.3837	-0.0928
C11992	-0.8197	-0.1633	-0.3271	0.0931	0.3359	-0.3648
C11993	-0.3320	-0.9145	-0.5845	-0.6802	-0.6186	-1.3496
C11994	0.0066	0.2475	0.3679	-0.4677	-0.0808	0.0159
C11996	0.3123	0.0141	-0.4716	0.2876	-0.1904	0.0096
C11997	0.4104	-0.4111	-0.3794	-0.3637	-0.1744	-0.2153
C11998	-0.1072	-0.1657	0.3680	-0.3514	-0.4979	0.4304
C11999	0.8260	-0.2510	0.9137	-0.2608	-0.3936	0.0393
C12000	-0.0342	0.0843	0.0813	-0.2248	-0.3260	0.5546
C12001	-0.0431	-0.2497	-0.7993	0.0977	0.6381	-0.1659
C12002	-0.2241	0.1364	-0.1209	-0.2737	0.2737	-0.4433
C12003	1.2332	-0.1640	0.0120	-0.1426	0.2068	-0.0559
C12014	-0.2204	-0.0973	0.0697	-0.3810	0.0854	0.0460
C12023	0.2751	-0.1526	-0.1953	0.1836	0.5280	0.3030
C12049	-0.3678	0.3070	-0.0924	-0.3111	0.2955	0.5297
C12083	0.2140	-0.1559	0.6954	-0.1504	0.1088	-0.1187
C12112	0.0400	0.1959	0.5532	-0.0562	-0.4054	0.4456
C12115	-0.0905	-0.2217	0.0330	-0.1091	-0.5362	0.0677
C12126	0.9434	1.2704	1.6761	2.2869	2.0035	2.6483
C12137	0.1291	0.3713	-0.4185	0.0053	-0.2328	-0.0973
C12144	1.4196	1.2927	1.7213	2.2891	2.0319	2.3099
C12145	1.0454	1.5122	1.2501	1.9207	2.6422	1.9334
C12147	0.8453	0.8100	1.0897	1.1742	0.8206	0.9002
C12203	-0.2556	0.1584	-0.4128	-0.0402	-0.2630	0.2024
C12204	-0.1708	-0.2834	-0.2474	-1.3193	-1.5019	-1.0608
C12210	-0.1925	-0.1467	0.0890	0.2598	-0.3579	-0.0408
C12211	0.0627	0.1635	0.0393	0.2484	-0.0130	-0.5003
C12212	-0.2680	-0.1970	0.1590	0.6448	0.0706	-0.1087
C12213	-0.4709	0.3171	0.2999	0.4461	-0.0295	0.0233
C12248	0.3589	0.0716	-0.4359	-0.2452	-0.1906	-0.6436
C12270	0.2411	-0.2455	0.0018	-0.1958	0.2652	-0.1485
C12271	-0.7652	0.2926	-0.4606	-0.1342	0.3893	0.0641
C12272	-0.1052	0.1024	-0.4273	-0.4260	-0.3392	0.2288
C12283	-0.4335	-0.1915	-0.0624	0.0282	-0.1423	-0.6428
C12284	-0.0784	0.1962	0.2284	-0.2770	-0.2724	0.5127
C12285	0.0624	0.2146	-0.1611	-0.2207	0.2979	0.3678
C12312	0.3370	0.5066	0.4927	0.0496	-0.3931	-0.8358
C12318	0.1624	-0.3126	-0.2030	0.3822	0.3081	-0.3381
C12319	0.4152	0.1050	0.1939	-0.2171	-0.0155	-0.2767
C12320	-0.6261	-0.1209	0.2325	-0.4329	-0.2173	0.3340
C12321	-0.0223	0.1817	0.1263	0.6064	0.2260	-0.3514
C12322	0.1539	-0.1763	0.4684	0.3661	0.1286	0.1004
C12323	-0.3831	-1.3572	-0.5351	-1.4398	-1.2615	-1.5450
C12348	0.2543	0.8393	-0.0394	-0.5846	0.1603	-0.0149
C12354	-0.0537	0.8202	-0.1056	0.6605	0.5028	-0.1071
C12366	-0.0268	-0.5842	-0.0672	0.2783	-0.0910	-0.6765
C12367	0.9516	0.5511	-0.1080	-0.2536	-0.2738	-0.0126
C12368	-0.4151	0.0186	-0.1891	0.2268	0.3523	0.1731
C12369	0.3008	-0.3400	0.1356	0.2661	0.0193	-0.3086
C12370	0.4827	-0.0758	-0.2460	0.2609	-0.1171	0.2639
C12371	-0.0904	0.1112	-0.0355	0.0368	0.7846	-0.0506
C12378	0.1254	0.2750	-0.4683	0.3966	0.2751	-0.1205
C12379	0.3157	0.1450	0.0385	0.0870	-0.2088	-0.1318
C12381	-0.1479	-0.3192	-0.0702	-0.4689	0.2945	0.5988
C12382	0.1335	0.1084	0.1987	-0.3619	0.3235	-0.7937
C12383	0.0448	-0.1965	0.2446	-0.4431	0.0402	-0.0375
C12384	-1.0246	-0.3364	0.5254	0.4577	-0.1763	-0.4983
C12385	-0.4512	0.1035	-0.4477	0.7488	-0.3893	-0.0778
C12386	0.2318	-0.1566	0.2091	-0.8016	-0.3688	0.3232
C12387	0.4815	0.2143	-0.2545	-0.5596	0.4389	1.2000
C12388	0.1443	0.3823	0.1833	-0.9785	0.4687	0.4944
C12389	0.2909	-0.3396	-0.6753	-0.3604	0.2967	0.3620
C12415	-0.3123	0.1482	0.4125	0.3297	-0.1767	0.4264
C12416	0.0973	0.1391	0.2171	-0.2141	0.1900	0.0968
C12420	0.2036	-0.6655	-0.2047	0.1344	0.1017	-0.2011
C12421	-0.3105	0.2751	0.6385	0.4124	-0.2836	0.3496
C12422	-0.2377	-0.1235	-0.3279	0.1284	-0.1668	-0.0988
C12423	1.3890	-0.2370	0.0500	0.2002	-0.1520	-0.2059
C12424	0.1016	0.4561	-0.1406	-0.2176	-0.0917	0.2372
C12434	0.0004	0.2744	0.2114	0.4620	-0.1411	-0.3074
C12435	-0.4371	0.4475	-0.0135	-0.0486	-0.0676	-0.0060
C12436	0.0168	0.0330	0.3449	-0.2034	0.5964	-0.2152
C12441	-0.3408	0.1125	-0.0862	0.1587	-0.1226	0.5569
C12442	-0.4881	-0.4756	0.2137	-0.3782	-0.1788	-0.1857
C12448	-0.3620	0.1792	0.2595	-0.5987	-0.0940	-0.2024
C12455	0.1432	0.2319	-0.5540	-0.2934	0.2225	0.2761
C12461	0.0377	0.1209	0.0718	-0.0023	-0.1700	-0.5876
C12462	-0.2505	0.5012	-0.0540	-0.6587	-0.7965	0.2868
C12463	0.0176	-0.5351	0.1983	-0.1702	-0.4148	-0.3924
C12467	0.2278	0.1244	0.7704	-0.2224	0.1516	-0.0427
C12468	0.0126	0.2933	0.3847	-0.2374	0.0799	-0.6685
C12470	0.2148	0.2030	-0.7013	0.5587	-0.2083	-0.1632
C12474	0.1465	-0.2732	0.2153	0.0158	0.0860	0.3366
C12475	-0.2653	0.2820	-0.0899	-0.0180	-0.2087	-0.1432
C12476	-0.1804	-0.3800	0.0664	0.5312	0.2605	0.0596
C12481	-0.3167	-0.0935	0.2762	-0.0867	-0.1529	0.6467
C12483	-0.1231	-0.4080	-0.2189	0.3912	0.4855	0.1119
C12491	0.1964	-0.2333	-0.1625	0.2727	0.1790	0.0424
C12505	0.6247	-0.0216	0.2406	-0.0517	-0.1470	0.1163
C12560	0.1638	-0.0949	-0.2259	-0.0606	0.2550	-0.1185
C12621	-0.1287	-0.2904	0.3571	-0.0004	-0.4441	-0.5589
C12622	0.4628	-0.1397	0.0057	-0.6121	-0.2814	-0.6156
C12623	0.0910	-0.1453	-0.4682	0.4094	0.5604	-0.1344
C12624	-0.0057	-0.1287	-0.1358	0.0156	0.1105	-0.4263
C12631	0.8319	-0.1084	0.3478	0.0518	0.4900	0.1145
C12650	0.3168	-0.0031	-0.2182	-0.3581	0.2065	-0.3545
C12673	0.5307	-0.3276	0.4480	0.0968	0.5561	-0.0008
C12739	0.1186	0.4765	-0.2527	0.3329	0.1788	0.4205
C12831	0.1326	-0.0525	-0.3697	-0.4731	0.0887	-0.3004
C12832	0.3451	-0.2093	0.3655	-0.3216	0.0910	-0.9594
C12833	-0.3767	-0.7578	-1.1225	-0.9002	-1.1901	-1.8284
C12834	-0.1519	0.1174	-0.3917	-0.8840	0.2940	0.5471
C12835	0.6858	0.4718	-0.0295	-0.4456	-0.2413	0.0002
C12836	0.2786	0.5532	0.0616	-1.0356	-0.3543	-0.3354
C12981	-0.1636	-0.1828	-0.4961	0.0546	0.0862	-0.1363
C13050	0.0592	-0.5676	0.3263	0.0953	0.4536	-0.3401
C13051	-0.1797	0.3192	-0.1660	0.3142	-0.6473	0.3367
C13202	-0.1467	0.5178	-0.1704	-0.4404	0.4910	0.0882
C13252	0.5323	0.0788	-0.3498	-0.0089	-0.2191	0.4126
C13309	0.3969	0.4292	0.6131	0.5977	1.8818	1.9190
C13431	0.9119	-0.2732	0.4237	-0.1641	-0.0849	-0.0667
C13433	0.0580	-0.3700	0.0898	-0.2866	0.9562	0.1053
C13453	-0.0096	-0.1227	0.3474	-0.0152	-0.1627	0.1248
C13455	-0.2291	0.5314	-0.6895	-0.0352	0.4294	0.0932
C13482	0.1464	0.1159	-0.2056	-0.3131	-0.0822	-0.4801
C13508	0.0908	-0.0430	-0.5069	-0.5141	-0.1416	-0.5829
C13550	1.2831	1.7490	1.4699	1.6790	2.3584	2.6976
C13624	-0.2955	0.0815	0.3411	-0.0435	-0.3136	0.1939
C13629	0.0269	0.3264	-0.3375	0.4319	0.1590	-0.2748
C13632	-0.4662	-0.3238	-0.1038	0.2807	0.0576	0.5377
C13636	-0.0312	-0.4124	0.2979	-0.2265	-0.2822	-0.3970
C13712	0.7839	-0.3299	-0.1197	-0.0601	-0.5454	0.0901
C13713	0.2718	0.0487	-0.1383	0.4876	0.3488	0.1888
C13747	-0.4012	0.1679	-0.4959	-0.1157	0.1906	-0.5291
C13768	1.2008	1.4238	1.6951	1.7195	2.3716	2.2200
C13809	-0.1454	0.1517	0.0274	-0.3927	-0.0365	-0.3699
C13856	-0.3810	0.6363	0.0267	-0.2246	-0.0366	-0.0973
C13952	0.1495	-0.2800	-0.0164	0.1619	0.5619	-0.8044
C14039	-0.9428	-0.0504	-0.6191	0.0849	-0.0036	0.3987
C14040	0.1358	0.3348	-0.3786	-0.5164	-0.0705	0.2197
C14131	-0.1923	0.3843	-0.1786	0.5452	0.1729	0.1282
C14143	-0.2816	-0.0334	0.1499	-0.1401	-0.5930	-0.1797
C14144	-0.0746	0.0411	-0.4193	-0.5116	-0.4819	-0.2641
C14145	0.3533	0.4737	0.0038	0.6276	-1.0825	-0.6895
C14151	-0.1944	-0.6205	-0.4664	-1.2318	-1.0737	-1.5421
C14152	-0.1368	0.2753	0.4466	0.0284	-0.2482	-0.6410
C14153	-0.0008	-0.2841	-0.2624	-0.5826	0.5321	-0.4978
C14154	0.2080	1.1635	0.7676	1.6535	1.0743	0.9469
C14155	0.1064	0.1313	-0.2913	0.3689	0.1038	-0.3054
C14156	-0.0116	-0.1739	0.3409	-0.1375	0.0719	0.1555
C14179	0.7045	0.4958	0.1081	-0.2600	-0.4738	0.5584
C14180	0.3816	-0.7323	-0.6338	0.2954	-0.3744	0.5344
C14209	-0.6752	0.1187	0.3006	-0.5010	-0.5068	-0.0833
C14240	-0.2892	-0.6186	-0.0721	-0.1385	-0.3663	0.0567
C14279	-0.0845	-0.1498	-0.2656	-0.3071	-0.4261	0.6908
C14315	0.2676	-0.8288	-0.0611	-1.6681	-1.6241	-1.6744
C14453	0.2228	0.1835	-0.3451	0.5216	0.3707	0.0115
C14463	0.2408	0.0626	0.0704	-0.4342	-0.0036	-0.2845
C14556	-0.1487	-0.0220	0.1591	-0.3263	0.3383	0.2664
C14573	-0.0563	0.2938	0.5123	-0.1792	0.2356	0.2350
C14592	0.1633	-0.1528	-0.1949	0.0687	-0.5394	-0.2411
C14610	0.4498	0.5243	0.9250	0.9003	1.0954	1.0413
C14701	-0.5933	0.4080	0.2926	0.1399	0.7185	-0.1696
C14704	0.3712	-0.1213	0.0669	-0.1515	-0.1304	0.2678
C14717	0.2016	0.4035	-0.5674	0.3483	0.4643	0.1100
C14732	-0.0234	0.2570	0.4757	0.1222	-0.0675	0.6545
C14748	-0.2184	-1.0380	-0.4660	-0.5472	-0.9839	-1.3713
C14749	0.2995	0.7516	0.5921	1.1617	0.8326	1.3249
C14762	-0.0283	-0.1605	0.1380	0.0187	0.0738	0.3726
C14765	-0.2447	-0.0275	0.2357	-0.3034	-0.4049	0.3584
C14766	-0.1055	-0.1611	-0.4972	-0.5800	0.4135	0.3677
C14767	0.8081	0.2761	-0.0197	0.3217	-0.1626	-0.5146
C14768	-0.5210	-0.9194	-0.8924	-0.9220	-1.3245	-1.3648
C14769	0.0109	-0.2430	0.5174	0.0648	-0.1086	-0.3721
C14770	-0.0500	0.1022	-0.4233	0.3924	0.1404	-0.1838
C14771	-0.3788	0.1949	0.7388	0.5639	0.2525	-0.0979
C14772	0.0019	0.3474	0.7021	0.0202	-0.5162	0.5964
C14773	-0.1797	0.2773	-0.1804	0.3603	0.5813	0.3089
C14774	0.1878	0.2056	0.4466	0.3472	0.4299	0.0083
C14775	-0.0329	-0.5417	-0.3645	-0.2502	0.2177	-0.4576
C14776	0.3137	-0.2652	0.0839	-0.1813	0.3547	-0.6463
C14777	0.8962	0.0687	-0.1267	-0.6766	0.2754	0.1600
C14778	0.3789	0.0699	-0.2884	-0.1167	-0.3114	0.2185
C14779	-0.2123	0.0297	0.0032	0.0681	-1.0223	0.0082
C14780	-0.5917	-0.7093	-0.9859	-0.9503	-1.7534	-0.8499
C14781	0.0097	-0.6700	0.4108	0.2333	-0.1878	-0.1846
C14782	0.0042	0.1533	0.4810	-0.3023	-0.1839	0.1119
C14783	-0.1667	0.2459	0.3009	0.4042	0.3319	0.2743
C14784	0.0627	0.2549	0.1214	-0.3762	0.1174	-0.4857
C14785	0.1742	-0.3530	0.3996	-0.2440	-0.2015	0.0288
C14786	0.1057	0.6891	0.1710	0.8350	0.0048	-0.3364
C14787	-0.2086	-0.3276	0.4831	0.1265	0.3599	-0.0310
C14788	0.6065	0.2298	-0.2780	0.6444	-0.2444	-0.0556
C14789	-0.1060	-0.0405	0.2504	-0.3130	-0.0401	0.0922
C14790	0.1148	0.5301	1.2863	1.1705	1.2214	1.0487
C14791	-0.6492	-0.0851	0.5031	-0.3122	0.1221	0.0081
C14792	0.9563	-0.2879	0.0024	0.2165	-0.4289	0.5235
C14793	-0.3223	0.1767	0.0113	0.0713	-0.4066	-0.2330
C14794	0.0359	-0.5923	-0.3430	0.3337	0.2870	-0.1766
C14795	-0.3601	-0.5242	0.4116	0.1699	-0.6042	0.4374
C14796	-0.6790	0.1597	0.2533	0.4463	-0.5876	-0.0876
C14797	0.4043	0.1673	0.1005	0.1192	0.1860	0.3647
C14798	0.2349	0.3551	0.0933	-0.5514	0.0921	0.0976
C14799	0.0465	-0.0991	-0.0767	-0.5903	-0.3733	0.4211
C14800	-0.2011	-0.2080	-0.2579	-0.7212	0.3294	-0.3954
C14801	-0.2077	0.4008	0.1609	0.1167	-0.3904	-0.3472
C14802	0.2011	-0.0750	0.4150	0.0984	0.5051	-0.0406
C14803	0.2436	-0.2437	0.2755	0.5020	0.2177	-0.1658
C14804	0.2935	-0.5743	0.2740	-0.4208	0.5811	-0.1736
C14805	0.2343	0.1275	-0.3559	0.0937	0.2547	0.0852
C14806	-0.2609	-0.1481	-0.0093	0.0526	0.0287	0.3753
C14807	-0.4251	0.6220	-0.4367	-0.3714	-0.0367	-0.0577
C14808	-0.0448	-0.2034	-0.3185	-0.1066	-0.0992	-0.1972
C14809	-0.2661	0.3365	0.4265	-0.3673	-0.2355	0.6341
C14810	-0.9414	0.1224	-1.2137	-0.8412	-1.2867	-1.1598
C14811	-0.5635	-1.0134	-1.0796	-0.8052	-1.1182	-1.0335
C14812	0.1034	0.1289	-0.8061	-0.3557	-0.3323	-0.1455
C14813	0.3503	-0.1440	-0.7210	0.1717	0.0482	-0.2759
C14814	0.4137	-0.3117	-0.6242	0.3868	-0.0955	0.0800
C14815	-0.5045	0.0803	-0.1624	-0.4146	0.6316	0.0564
C14818	0.2680	-0.0873	0.1780	0.3085	-0.3661	0.0733
C14819	-1.4057	-1.4583	-1.7446	-1.6857	-2.2944	-2.5480
C14820	0.2071	0.4556	0.8332	0.7592	1.4203	0.9164
C14821	0.4646	-0.2588	0.2843	0.7130	0.1102	-0.0783
C14822	0.1091	0.0983	0.1193	0.5643	0.1630	-0.2135
C14823	-0.5500	-0.1042	0.8136	-0.1687	-0.2502	0.1886
C14824	0.4111	-0.4187	-0.4919	-0.4792	-0.1962	0.4713
C14825	0.0796	0.2994	0.3779	0.0799	-0.3661	0.2621
C14826	0.2295	-0.1024	-0.1217	0.0482	-0.3105	0.0089
C14827	0.0645	-0.5471	-0.0596	0.2413	-0.5059	0.5265
C14828	-0.3808	0.3308	0.1135	0.0961	-0.0803	-0.3088
C14829	0.3984	-0.2115	-0.6537	-0.4568	-0.6735	0.6119
C14831	0.5213	0.0786	0.0585	0.0062	0.5710	-0.0501
C14832	-0.1439	-0.1111	-0.7364	0.4059	0.4831	-0.2926
C14833	0.0047	0.4590	0.0465	-0.2767	0.4016	0.1097
C14834	-0.2449	-0.1444	0.2930	-0.3849	0.0998	-0.1029
C14835	-0.0354	-0.3521	0.0818	-0.0033	-0.2293	0.2955
C14836	-0.2434	0.4875	-0.3874	-0.2413	-0.2053	-0.3737
C14837	-0.3481	-0.3131	0.1777	0.0421	-0.2295	0.0099
C14839	0.1012	-0.0032	0.3589	0.4103	-0.4441	-0.2834
C14840	0.0105	0.0059	0.0848	-0.1876	0.1018	0.2720
C14841	-0.1011	0.0271	-0.5998	-0.6119	0.5931	-0.3722
C14842	-0.1976	0.4401	0.3847	0.2452	-0.1079	0.1992
C14843	0.0722	0.3510	-0.0758	-0.0623	-0.2908	-0.0473
C14844	-0.4438	0.5346	-0.1113	-0.4038	-0.2093	0.0444
C14845	0.2321	-0.3463	0.3440	-0.1529	-0.0040	0.0530
C14846	-0.0850	-0.1863	-0.0362	0.1553	0.3288	0.4580
C14847	-0.5140	0.2304	-0.2903	0.1234	0.3863	-0.5401
C14848	-0.6235	0.1459	0.4662	-0.1031	0.0954	0.1707
C14849	0.0752	-0.0565	-0.1499	-0.2433	0.0193	0.4033
C14850	-0.2969	0.3140	0.1469	-0.1976	0.3235	-0.0254
C14851	0.2291	0.6683	0.4872	0.9348	0.7271	1.1262
C14852	-0.4764	0.0473	0.1561	0.2768	0.0040	-0.6119
C14853	-0.4001	0.0663	-0.3265	0.2347	0.2039	-0.0658
C14854	-0.1282	-0.0972	-0.3461	-0.2845	0.4717	0.1554
C14855	0.3972	0.0850	-0.1264	0.1597	-0.0023	0.1153
C14856	-0.0120	0.3013	0.3282	0.1086	0.1314	-0.3637
C14857	-0.9019	-0.3231	0.2297	-0.3787	-0.0373	-0.1586
C14858	-0.1286	0.0353	-0.5085	-0.2567	0.4858	0.1056
C14859	-0.3775	0.5811	-0.4115	-0.6353	0.1078	-0.0839
C14860	-0.1646	-0.0968	0.3409	0.2243	-0.1552	-0.2358
C14861	0.4808	-0.0642	-0.1898	-0.6211	-1.1682	-0.0434
C14862	-0.7473	0.2448	-0.0748	0.6333	-0.0692	-0.2801
C14863	-0.3684	0.1064	0.4349	-0.4087	0.2520	0.2262
C14864	0.0142	-0.5355	0.2230	-0.6563	-0.3685	-0.3943
C14865	-0.3195	-0.2763	-0.3369	-0.4743	-0.5368	0.0641
C14866	0.4772	0.2688	-0.2902	-0.4935	-0.2573	-0.0953
C14867	0.1029	-0.0411	-0.9783	-0.1821	-0.6371	0.0536
C14868	0.1948	0.0032	-0.3687	1.0372	0.4246	-0.2701
C14869	-0.2983	-0.3912	0.4066	-0.0171	-0.1805	0.6815
C14870	0.2352	0.0179	-0.4315	-0.2968	0.3454	-0.5067
C14871	0.3954	-0.2326	-0.3630	0.1418	-0.3036	0.4863
C14872	0.0123	-0.3403	0.4201	-0.1594	0.1412	-0.1411
C14873	0.6891	0.1543	0.1346	0.1707	-0.3838	0.3412
C14874	-0.3223	-0.0932	0.1245	-0.1807	0.2518	0.2431
C14875	-0.3225	0.8177	-0.1802	-0.3505	-0.1321	-0.0139
C14876	-0.3404	0.3220	0.5030	-0.4647	-0.3575	0.4886
C14877	0.5822	0.4454	-0.0590	-0.6164	0.1383	-0.2150
C14899	0.0330	0.0005	0.4020	0.0095	0.1797	0.5463
C14909	-0.3395	0.7332	-0.0068	-0.3981	-0.1844	-0.1318
C15231	-0.0536	-0.1672	0.2557	-0.0505	-0.7837	-0.3342
C15485	-0.0626	0.3902	0.4952	-0.0805	0.0902	0.1448
C15486	-0.0206	-0.1356	-0.2801	0.6918	-0.4254	0.3553
C15492	-0.4213	0.0787	-0.0913	0.4563	-0.6856	-0.0581
C15493	-0.3199	0.0125	0.4323	-0.7680	0.0838	0.6922
C15500	0.2035	-0.4779	0.1293	-0.4755	-0.1895	0.4984
C15501	0.2216	0.0403	-0.2614	-0.4055	-0.0054	0.2731
C15502	-0.1364	0.3801	-0.0760	0.0955	-0.3039	-0.8800
C15503	-0.4394	0.1807	-0.1309	-0.3635	0.1329	0.3951
C15518	1.6929	1.2624	1.1291	2.4098	1.9151	2.4813
C15519	1.9270	1.4810	2.3102	2.1128	1.9345	2.2136
C15520	-1.1876	-2.0711	-1.4525	-1.6718	-2.7588	-2.3595
C15521	0.6221	-0.3291	-0.5144	0.0869	-0.2596	-0.1527
C15522	-0.3028	0.2010	0.1453	-0.0488	0.0452	1.0703
C15523	0.1053	-0.5917	-0.0667	0.0718	0.3329	0.4536
C15524	0.1385	0.2333	-0.1926	0.0212	-0.0795	-0.1352
C15525	-0.0686	-0.0472	0.2891	-0.1642	-0.0313	-0.3434
C15532	0.3092	-0.0509	0.1041	-0.1486	0.1570	0.1375
C15545	0.4856	-0.1893	-0.0222	0.1986	-0.2758	0.3532
C15547	0.3181	0.1417	-0.0534	-0.1971	0.1558	-0.2386
C15556	0.1015	-0.6265	0.0699	0.2210	-0.0908	-0.1352
C15563	-0.2103	0.0712	0.5905	-0.4274	-0.6535	0.0734
C15567	-0.0286	-0.1741	-0.7185	-0.3349	0.1050	-0.4738
C15606	-0.8439	-1.0097	-0.8700	-1.3647	-0.9964	-1.0477
C15607	-0.1306	-0.4962	-0.9265	-1.2834	-1.0283	-1.7277
C15610	-0.8876	-1.0722	-1.5103	-2.8926	-3.3229	-2.4496
C15613	-1.1010	-1.7197	-2.4516	-1.9547	-2.2406	-2.0218
C15614	1.1166	1.8234	1.2639	2.1402	1.7177	1.7753
C15645	-0.0343	-0.2567	-0.3692	-0.0785	0.1304	0.5603
C15646	-0.0462	-0.6047	0.1555	-0.5218	0.0669	0.3294
C15647	0.6305	0.2088	0.3717	-0.2471	0.0890	-0.4064
C15650	0.1684	0.5304	-0.1326	0.0052	-0.0422	-0.0249
C15651	0.1089	0.1010	0.1090	0.3543	-0.0530	0.1378
C15652	-0.3075	-0.1822	0.4529	0.1771	0.1384	-0.0107
C15667	-0.5128	0.3743	-0.3129	-0.8098	-0.4619	-0.2853
C15670	-0.8505	-0.5835	-0.5186	-0.5907	-1.3851	-1.1339
C15672	0.1330	0.1753	0.4147	0.3132	-0.0174	0.0521
C15680	0.2638	-0.1096	0.4374	0.3185	-0.3457	-0.1785
C15681	-0.5890	0.4962	-0.4331	0.1611	0.5235	0.1476
C15682	0.3762	-0.1860	-0.4050	-0.4139	0.3013	0.2126
C15683	-0.3244	-0.6957	-0.4488	-0.3072	-0.0253	0.8133
C15684	-0.3147	-0.2950	0.6121	-0.0113	0.2677	-0.2816
C15685	0.5569	0.5759	0.9307	1.0325	1.5031	1.2026
C15699	0.5435	0.4810	0.0099	0.4480	0.0265	-0.3738
C15700	-0.8597	-0.1887	-0.0607	-0.0922	0.0253	-0.4565
C15719	0.2894	-0.3395	-0.4461	0.0860	-0.4868	0.2356
C15767	-0.2510	-0.0507	0.2256	0.1481	0.0553	0.0019
C15769	-0.1264	0.0395	-0.1555	0.1676	-0.2436	-0.1149
C15770	-0.2552	0.0410	-0.2306	0.7717	0.0964	-0.3642
C15772	-0.1844	-0.3441	-0.2118	0.0663	0.0618	0.1472
C15776	0.0107	0.2387	0.3156	0.0976	0.2534	0.0381
C15777	-0.2675	0.2455	-0.3369	0.1578	-0.6816	-0.3034
C15780	-0.1249	-0.5071	-0.1231	-0.7313	0.4829	-1.0463
C15781	-0.9031	-0.1535	-0.0049	0.2701	-0.2099	-0.0803
C15782	-0.7144	-1.0963	-0.4378	-1.1095	-1.1061	-0.8976
C15783	-0.0056	-0.4788	0.0661	-0.5235	0.5793	0.4373
C15785	-0.0685	-0.0640	-0.1825	0.2133	0.4781	0.0202
C15786	-0.1742	-0.0355	-0.4907	-0.3764	-0.3122	-0.2994
C15787	-0.3743	-0.5396	0.4904	-0.2323	-0.2732	-0.2980
C15789	-0.6536	0.0976	-0.5093	0.2152	0.3638	0.2992
C15790	0.7439	-0.0223	0.1472	-0.0697	0.5183	0.2309
C15791	0.2372	0.0672	0.6593	0.2704	-0.0254	-0.1697
C15792	0.4293	-0.0431	0.0229	0.6471	0.0637	-0.6839
C15793	0.2160	-0.1263	-0.5429	0.2807	-0.2379	-0.2410
C15794	-0.4382	0.0310	0.3161	0.1011	0.1369	0.3503
C15795	0.4393	-0.1098	0.1214	-0.1410	-0.0399	-0.1998
C15796	0.5034	0.2202	0.0602	-0.2172	-0.2585	-0.2683
C15797	0.4267	-0.1384	0.2262	0.2009	-0.0848	0.3352
C15798	0.2608	-0.0161	-0.0449	0.0467	-0.1316	-0.6793
C15799	-0.2486	0.1780	0.3867	0.1370	-0.0131	-0.7144
C15800	0.1700	-0.0689	0.1671	0.3092	0.1066	0.4762
C15801	-0.0862	0.0441	-0.6497	0.4606	-0.5127	0.1284
C15802	-0.1220	-0.2941	-0.3000	0.4110	0.0035	-0.2492
C15803	-0.2159	-0.5610	-0.1575	0.0306	0.0270	0.4082
C15804	-0.1921	0.0496	0.2243	-0.2014	-0.2374	0.4193
C15805	-0.5717	-0.0188	0.1065	0.1931	0.4519	0.4759
C15806	0.5011	-0.5639	0.2154	0.1737	0.2272	0.1307
C15808	0.4410	-0.0643	-0.0729	0.0660	0.0777	0.1952
C15809	0.0846	-0.2658	0.0806	-0.0238	0.2673	-0.2403
C15810	0.1233	-0.2553	0.3612	0.6283	-0.0453	-0.1537
C15811	-0.2255	0.0143	-0.3162	0.2258	-0.0679	0.1495
C15812	-0.0301	-0.3857	-0.3664	-0.3561	0.1594	0.4101
C15813	-0.4169	-0.1585	0.0660	-0.2005	-0.1019	-0.1471
C15814	0.5588	0.2940	-0.5513	0.4301	-0.3006	0.0952
C15816	0.0178	0.0445	0.6291	-0.8083	0.0021	-0.3971
C15848	-0.9810	-1.7852	-1.9831	-1.9858	-2.5106	-2.2916
C15849	1.3002	2.1821	2.0792	1.8761	3.1033	2.1805
C15850	1.1854	0.9527	1.7522	1.6370	2.1772	1.8968
C15851	1.7216	0.8310	1.7470	1.5555	1.8096	2.3948
C15852	1.0869	1.5134	2.0406	2.5610	2.0849	2.5114
C15857	-0.1330	0.0719	0.3742	-0.2140	-0.3857	0.3385
C15858	-0.1142	-0.0222	0.6384	0.4031	0.2972	-0.3945
C15859	0.1490	-0.3089	0.6125	0.2279	-0.1051	-0.1987
C15867	0.3749	0.2079	-0.0236	-0.0328	0.1363	-0.1127
C15871	-0.2242	-0.1496	-0.6010	0.0308	-0.5670	0.2817
C15874	-0.5364	0.1088	-0.0760	-0.0395	-0.4611	-0.6098
C15877	0.1042	-0.1215	0.1466	0.4558	0.0288	0.2993
C15878	-0.6372	-0.4089	-0.5071	0.0598	-0.0068	0.1752
C15879	0.1570	-0.0277	0.0897	0.1926	-0.1522	-0.3782
C15881	-0.0788	-0.0509	0.0690	-0.4784	-0.1596	-0.4450
C15882	-0.0729	-0.2735	0.2140	0.0464	0.0215	-0.0129
C15883	0.0994	-0.6221	-0.4944	0.2397	0.1357	-0.2859
C15884	0.5381	0.0896	-0.0857	0.2172	0.4251	-0.0623
C15885	0.0195	0.5750	-0.1289	0.1369	-0.1148	-0.9347
C15886	-0.4530	0.1620	-0.5219	0.4967	-0.0053	0.4063
C15887	0.3845	-0.4389	0.1720	0.1312	0.2521	0.0699
C15888	-0.4136	0.1102	0.4621	-0.0335	-0.2414	-0.2224
C15890	-0.4759	0.4596	0.5491	0.5517	-0.7997	-0.1847
C15891	0.5089	0.2357	0.0158	0.6817	-0.1859	-0.4187
C15892	0.4670	-0.0482	0.4915	-0.1071	0.1683	0.0700
C15895	0.1764	0.0109	-0.2318	-0.4635	0.1680	-0.4130
C15898	-0.1339	-0.0779	-0.1592	0.4382	0.1774	0.0810
C15900	0.8765	-0.2617	-0.3526	0.0173	0.4489	-0.4479
C15902	0.0934	0.3628	0.2359	-1.1361	0.1151	0.2580
C15903	0.0519	-0.2835	0.6259	0.0433	0.1250	-0.4321
C15905	0.3141	0.3038	-0.0795	-0.5175	-0.2325	0.0686
C15915	-0.3327	-0.1852	-0.0934	-0.0034	-0.2477	0.1230
C15923	0.2202	0.3857	0.5668	0.0492	-0.2060	0.7514
C15924	0.0060	-0.1187	-0.1349	0.3260	0.4426	0.4785
C15925	-0.1470	0.5642	-0.4159	0.2688	0.3630	0.2330
C15926	-0.6275	0.5034	0.0872	0.4753	-0.1854	0.2476
C15930	-0.1726	0.1213	0.2222	-0.1060	-0.4871	0.2912
C15967	0.0599	-0.0108	-0.0257	0.0043	-0.1307	-0.1919
C15968	0.1289	0.3397	-0.1364	-0.0915	0.1205	-0.2518
C15970	-0.2696	-0.4647	0.1232	0.4576	-0.2869	0.3042
C15972	-0.3235	-0.2992	0.0301	0.3668	-0.0869	-0.0712
C15973	0.2523	-0.2398	0.0606	-0.0441	-0.3012	0.2804
C15974	-0.2220	-0.3613	-0.1197	-0.7834	0.1358	0.2471
C15975	-0.0607	-0.0668	-0.1192	0.2294	0.3263	0.2918
C15976	-0.4135	-0.1102	-1.1183	-0.5271	-0.9011	-1.0130
C15977	-0.0865	-0.1978	-0.0023	-0.0460	0.3849	-0.4464
C15978	0.2625	-0.5533	0.1246	-0.1170	-0.1228	-0.2168
C15979	-0.5606	-0.6277	0.0889	0.7796	0.2594	-0.0462
C15980	-0.1309	0.5385	0.1359	0.1735	-0.2712	-0.3827
C15986	0.7818	-0.1688	-0.0194	-0.2411	0.0396	0.3648
C15987	-0.4378	-0.0940	-0.0236	-0.3548	-0.4360	-0.2531
C15995	0.7678	0.2687	0.0941	0.1511	-0.1836	0.2277
C15996	0.0915	0.0406	-0.4470	-0.3290	0.0085	0.3409
C16000	0.2553	0.3571	0.2150	0.4637	-0.0697	0.4014
C16038	-0.1145	0.0076	-0.0132	0.0595	0.3736	0.6026
C16039	0.0688	0.2223	-0.3383	0.7163	-0.4026	0.0308
C16040	0.0140	-0.2914	0.1140	0.0229	-0.1767	0.4005
C16041	0.2803	-0.2189	0.5736	-0.1896	0.0281	0.0042
C16044	0.7023	-0.4402	0.1888	-0.1397	0.0844	-0.2219
C16048	-0.1168	-0.4153	-0.0234	0.1612	0.1691	-0.0351
C16074	0.3740	1.4298	0.8496	0.7293	1.2984	1.3807
C16075	-0.2545	0.1965	0.1981	0.4802	-0.2827	0.0283
C16094	-0.7921	-0.3506	-0.2471	0.3727	-0.2466	0.3690
C16095	0.3505	0.0058	-0.1819	0.1027	-0.2306	-0.1193
C16096	0.6181	0.0219	0.3987	-0.0516	0.1592	-0.0993
C16097	-0.3984	-0.5847	-0.2502	-0.2876	0.2315	-0.2554
C16098	0.6098	0.5224	1.2874	0.7856	1.3054	1.1358
C16099	-0.3419	-0.0409	0.3871	-0.2465	0.6051	-0.0532
C16100	-0.3005	-0.0563	-0.1162	0.0220	0.0853	-0.2978
C16101	0.2528	-0.0498	-0.0687	-0.3230	0.0662	0.2091
C16103	-0.2731	0.3952	0.0559	0.0010	0.5104	0.1106
C16114	0.0839	-0.0499	0.1283	-0.3200	0.4184	-0.3168
C16125	0.0752	0.1342	-0.2011	-0.0089	0.1272	-0.1764
C16126	0.1230	-0.2290	0.1215	-0.0976	0.5393	-0.4014
C16136	0.1842	-0.1395	0.0261	0.0047	-0.3159	-0.1143
C16137	-0.0273	-0.4589	0.1303	0.2151	0.0129	0.0964
C16138	1.4037	1.5379	1.4418	2.3938	2.3945	2.7194
C16143	0.8695	-0.6467	-0.3697	0.5106	-0.2417	0.3988
C16144	0.4592	0.0671	-0.5085	0.7823	0.0497	0.6992
C16145	0.4690	0.2762	0.5292	-0.2758	0.5450	-0.4199
C16146	-0.4772	0.0208	0.9959	0.5654	0.1224	-0.0283
C16147	-0.2874	0.4789	-0.0705	0.2467	-0.0041	-0.3582
C16148	-0.0218	0.0817	-0.2451	0.0673	-0.3691	-0.2559
C16151	-0.1947	0.2095	-0.1143	-0.4884	0.1626	-0.5139
C16152	-0.7436	0.2521	0.2420	0.4784	0.3841	-0.1571
C16153	0.8675	1.5931	2.0186	2.6882	2.0213	2.7473
C16154	1.3259	1.1784	1.4856	2.4373	2.1613	1.8147
C16155	0.5359	0.0626	0.1245	-0.1909	-0.0627	0.2633
C16156	-1.6113	-1.1336	-2.0620	-2.6672	-1.7967	-1.6675
C16157	-0.2105	-0.0103	-0.0644	0.6149	-0.4388	-0.0671
C16159	-0.0340	0.3192	0.2884	0.4617	0.1558	-0.2431
C16160	-1.2283	-0.5641	-1.2657	-0.8198	-1.4060	-1.6127
C16161	0.3281	0.1015	-0.3736	-0.2434	-0.2229	-0.2380
C16162	-0.3057	-0.1437	0.2839	-0.4381	0.5438	-0.3594
C16163	0.5517	-0.0826	-0.8513	-0.2487	-0.8515	-0.1300
C16164	-0.1558	0.1849	0.3647	-0.2942	0.3075	-0.1191
C16165	0.2046	0.9309	0.3252	0.3854	0.4426	0.1429
C16166	-0.0290	-0.0971	-0.0457	0.6943	0.1210	0.1159
C16167	-0.5099	-0.2299	0.3718	0.2493	-0.0576	0.2148
C16168	0.1275	0.6594	-0.3389	-0.2715	-0.7213	0.1288
C16169	0.3259	-0.7457	0.0089	0.0795	-0.3546	0.3277
C16170	0.0585	-0.5495	-0.2942	-0.1045	0.6019	0.1123
C16171	0.0780	-0.5314	-0.0103	0.4968	0.1987	0.0433
C16172	-0.4366	1.1156	-0.1717	-0.4115	0.0837	-0.7918
C16173	-0.1754	-0.2241	0.0808	-0.3558	-0.3318	-0.0075
C16179	-0.2802	0.6525	0.4736	-0.2476	0.3417	0.0260
C16180	-0.2091	0.2427	-0.4164	-0.1587	-0.4564	-0.3591
C16183	-0.3044	-0.4521	0.3668	0.0695	0.2446	-0.2003
C16186	-0.5795	-0.2062	0.0694	0.3255	-0.1445	0.1778
C16187	0.7482	0.8186	0.7904	1.1319	1.6083	1.4559
C16203	-0.0400	0.4379	0.1868	-0.1159	-0.6553	0.1457
C16204	-0.0250	-0.1849	-0.3239	0.2008	-0.6832	-0.2886
C16210	-0.3460	-0.1464	0.0018	0.0258	0.0768	0.1120
C16216	0.1455	-0.8100	0.1488	0.3956	-0.6262	-0.1527
C16217	-0.4030	-0.1230	-0.2813	-0.2763	-0.0551	0.1498
C16218	0.2354	-0.1591	-0.3203	0.4586	0.7281	0.1968
C16219	-0.5384	0.0727	-1.0219	0.2311	-0.0870	0.5967
C16220	0.2001	0.4275	0.3631	-0.1826	-0.3471	0.1633
C16221	-0.4878	-0.3673	-0.5621	0.1128	0.6649	-0.3170
C16238	0.1571	0.0378	0.0724	-0.2877	0.5079	-0.1421
C16241	0.3131	-0.1000	-0.1225	-0.3525	0.3630	0.3085
C16242	0.3436	0.1902	0.3988	-0.0261	-0.4988	0.2317
C16243	0.0373	-0.1716	-0.3816	0.1993	-0.0941	-0.6611
C16244	0.0662	-0.2596	0.3045	-0.2036	-0.4032	-0.0208
C16254	0.2555	-0.0839	0.0905	-0.4098	-0.0904	-0.0390
C16255	0.3058	0.0661	-0.4673	0.2761	-0.1219	0.4142
C16262	0.0249	0.0209	0.0788	0.2333	0.1983	-0.0480
C16263	0.7915	0.1553	0.2351	0.3531	-0.5808	0.1148
C16264	0.6761	0.7050	0.2725	-0.4805	0.5450	0.4506
C16276	-0.3298	0.4766	0.2776	-0.0151	0.6519	-0.0681
C16279	-0.0824	-0.2770	0.0268	0.0332	0.0126	-0.0255
C16280	0.2360	0.1413	-0.1452	0.0094	-0.2340	-0.0944
C16300	0.0019	-0.0158	-0.2497	0.2201	0.4935	-0.4145
C16308	0.5724	0.5602	1.2088	1.1479	1.2894	1.1625
C16309	-0.4836	0.3375	-0.5460	-0.1056	0.1100	0.2496
C16310	-0.0453	0.5837	-0.0960	-0.1145	0.1373	-0.1210
C16311	0.2648	0.2776	-0.2799	-0.2813	-0.0892	0.1848
C16316	0.0982	0.2663	-0.2756	0.5744	-0.2209	0.3531
C16317	-0.1637	-0.0855	0.0461	-0.0477	-0.6049	-0.1403
C16318	0.2020	-0.5045	0.3088	-0.8725	0.2382	0.2013
C16319	-0.1692	0.0888	-0.6846	0.4804	0.2054	-0.2838
C16320	-0.2845	0.4011	-0.3860	-0.2518	-0.0540	0.0749
C16321	0.3740	0.0202	0.4205	-0.0142	0.2222	0.0693
C16322	0.0596	-0.4214	0.0008	-0.0093	0.2422	-0.3551
C16323	0.3031	-0.0585	-0.6998	-0.1721	-0.2939	0.5030
C16324	0.2492	-0.1133	0.2383	0.2283	0.1114	0.4798
C16325	0.2783	-0.2873	0.8290	0.2315	-0.1821	-0.4889
C16326	0.2447	-0.3513	-0.5926	0.1491	-0.3240	0.0081
C16327	-0.3946	-0.4593	-0.4900	0.5807	0.0302	-0.1435
C16328	-0.0401	0.8685	-0.1074	0.2346	0.1223	0.4860
C16330	-0.1476	-0.5406	0.2585	-0.1049	-0.4198	0.3621
C16331	0.4515	0.1490	-0.0486	0.6353	-0.2818	0.1991
C16332	-0.1714	0.1096	0.1129	0.2540	0.2869	-0.5509
C16334	-0.7768	0.2071	-0.3166	-0.7083	-0.1627	-0.2013
C16335	0.4960	0.4787	0.1711	0.1939	0.3642	0.6833
C16336	-0.5862	-0.0383	-0.5557	-0.0145	-0.5574	0.0567
C16338	-0.2656	0.0100	-0.7816	0.6040	0.4995	1.1387
C16339	0.0268	-0.0463	-0.1072	0.0115	0.2679	0.1813
C16341	0.5029	0.0327	0.6123	0.2922	-0.1261	0.3887
C16342	0.4107	-0.2104	0.0599	0.1472	-0.0453	-0.2667
C16343	0.0414	0.1017	0.0226	0.2744	-0.3091	-0.0820
C16344	-0.1471	0.1420	0.1763	0.0868	-0.0336	-0.1553
C16345	-0.0843	-0.3547	-0.0079	0.5994	0.2837	-0.2209
C16346	0.0392	0.5905	0.0226	-0.2587	-0.3473	0.3846
C16348	0.3385	0.2787	-0.0821	0.3493	0.4508	0.4412
C16352	0.3315	0.0689	0.2153	0.2751	-0.1131	-0.0447
C16353	-0.2467	0.0660	-0.0949	0.8532	0.0274	0.0501
C16355	0.1442	-0.7457	0.2380	-0.6069	-0.0490	0.0927
C16356	-0.0246	-0.0003	-0.0163	0.3205	0.3024	-0.3047
C16357	-0.4803	0.1144	0.0944	0.1891	-0.2788	-0.3194
C16358	0.5198	0.1151	-0.1279	0.1206	0.5907	0.4257
C16359	0.3018	-0.0985	0.0811	-0.2511	-0.1167	0.2250
C16360	0.6059	0.9246	1.1739	0.9512	1.3736	1.4155
C16361	0.0696	0.5491	-0.3018	-0.1823	0.4786	-0.3625
C16362	-0.0404	-0.7184	0.2047	0.6144	0.2068	0.1202
C16363	0.0525	-0.1529	-0.2857	0.2925	0.2458	-0.0576
C16364	0.0553	-0.5949	0.3277	-0.1387	0.0324	-0.3277
C16365	-0.5046	-0.2482	-0.1302	-0.5673	-0.4611	0.0814
C16366	0.2290	0.2009	0.5221	0.4100	-0.4293	-0.0701
C16374	-0.8783	-0.6881	-0.9101	-0.8195	-1.2635	-1.5037
C16375	-0.2219	0.5593	-0.2447	-0.2561	-0.2685	-0.0127
C16376	-0.1707	0.3835	-0.3023	-0.4845	0.2262	0.0865
C16386	-0.0329	0.1139	0.1963	0.3199	0.2724	-0.4405
C16387	-0.6428	-0.4645	0.1369	0.0887	0.4466	-0.3802
C16388	0.4158	0.2039	0.1485	-0.4925	0.4100	0.0337
C16389	0.2782	0.1795	0.3293	0.1525	-0.4781	0.0695
C16390	0.0761	0.0819	0.7302	0.7469	0.3373	-0.2173
C16421	0.5934	1.4372	2.4295	2.0662	2.1225	2.5947
C16424	0.2052	-0.2115	0.5206	0.5412	-0.5969	0.2438
C16428	-0.6344	-0.5122	-0.3658	-0.1285	-0.0234	0.2162
C16432	-0.0124	0.5182	0.3404	0.3903	-0.5334	0.4076
C16452	0.1952	0.4409	0.3790	0.7173	0.1487	-0.3412
C16453	0.2395	-0.0303	0.0981	-0.1569	0.2622	-0.0063
C16473	-0.5974	0.5677	0.6297	0.3587	-0.5345	-0.4527
C16474	-0.1325	-0.2114	0.0768	-0.2476	0.3515	-0.0960
C16476	-0.7008	-0.1572	-0.3600	-0.5492	0.2091	0.3719
C16479	-0.2590	-0.0326	-0.3274	-0.2928	-0.1597	-0.1113
C16480	-0.1759	0.3924	0.7206	0.1067	-0.2347	0.0683
C16482	0.3679	-0.1687	-0.2677	-0.3304	0.1758	0.3222
C16493	0.0270	0.3008	-0.2350	-0.3993	-0.4157	-0.2813
C16494	-0.0995	-0.1068	-0.2744	-0.2717	0.3157	0.3904
C16495	-0.1217	0.5179	0.0823	-0.4017	0.0727	-0.7000
C16502	0.6605	0.6859	-0.1656	0.1573	-0.0213	0.0492
C16503	-0.0509	-0.0353	-0.3642	-0.1936	0.5583	-0.1589
C16504	0.3179	0.5420	-0.6959	-0.1757	0.2841	0.4200
C16509	0.0871	-0.1458	0.0234	-0.1102	-0.9582	0.6533
C16510	0.5027	-0.4658	-0.3565	0.3539	-0.2108	0.4979
C16511	-0.2827	0.4062	-0.2578	-0.1074	0.0133	0.2612
C16512	-0.2252	0.1648	0.2697	-0.1841	0.3030	-0.1031
C16513	-0.0784	0.3527	0.0367	0.5096	-0.1197	-0.4833
C16514	-0.0372	0.3101	0.2815	-0.3234	-0.2657	-0.6271
C16515	-0.2934	0.0608	0.4578	0.5157	0.5344	0.5206
C16516	-0.0743	0.0684	-0.8200	0.3728	-0.1335	0.2484
C16517	0.2472	0.0475	0.1098	-0.5641	0.3504	-0.1375
C16518	0.3642	-0.5498	0.4828	0.0752	0.1879	0.1449
C16519	0.1229	-0.5126	-0.4126	0.2451	-0.1191	0.4920
C16520	-1.1694	-0.7996	-0.5547	-0.9204	-1.2210	-1.2691
C16521	0.0675	0.0468	0.0850	0.1739	0.1199	-0.2805
C16522	-0.2134	0.2539	-0.1048	-0.1709	0.0903	0.2861
C16523	1.4141	-0.4393	-0.3327	0.3648	-0.0883	0.3668
C16524	0.0498	0.0531	0.1824	0.0082	0.0794	-0.1653
C16525	-0.3806	-0.2642	0.5360	0.6021	-0.2742	0.1487
C16526	-0.0642	0.2771	-0.0544	-0.4290	0.2495	0.1964
C16527	0.1025	0.0109	0.4164	-0.0874	-0.4830	0.0447
C16528	-0.3142	-0.1613	0.0562	-0.3380	-0.5739	-0.2537
C16529	0.1599	-0.5377	-0.2559	-0.8267	0.2603	-0.5193
C16530	-0.0436	-0.0277	0.2260	-0.0790	0.4372	0.1130
C16531	-0.0789	0.2370	0.4317	-0.0378	0.5053	-0.3855
C16532	-0.1440	0.2651	-0.2698	-0.0347	0.1128	-0.2679
C16533	-0.3554	0.2663	-0.1111	0.3762	0.0023	0.0965
C16540	-0.3876	-0.0120	0.2491	-0.6781	-0.5239	-0.2024
C16541	0.0875	0.0920	-0.4685	-0.1272	0.1123	0.0596
C16542	-0.0953	-0.3686	-0.2737	-0.1956	0.3662	0.0677
C16543	-0.1142	0.2106	0.5552	0.5707	0.2697	0.1428
C16544	-0.2457	0.0443	-0.2209	-0.2400	0.0002	0.2982
C16545	0.0078	0.6628	-0.3819	-0.4636	0.0989	-0.2254
C16546	-0.1572	0.1394	0.4897	-0.1045	-0.6165	0.1832
C16547	-0.4727	0.1092	-0.3152	-0.1652	-0.6071	0.3107
C16548	0.4839	-0.0290	0.1292	-0.4923	0.6533	0.4794
C16549	-0.1991	-0.3822	-0.2919	-0.1417	0.1804	0.2052
C16550	0.1794	-0.0873	0.8967	-0.6255	-0.2107	-0.0872
C16551	-0.1260	0.0390	-0.3149	0.5389	0.6383	0.4952
C16552	-0.0990	0.5385	-0.5904	-0.0336	0.4492	-0.6258
C16553	-0.4388	-0.3361	0.0425	-0.0948	-0.6496	-0.2090
C16554	-0.2205	0.2838	0.1277	0.2345	-0.0733	-0.7055
C16555	-0.0274	0.0160	0.1850	-0.4933	0.5398	-0.4652
C16556	-0.1054	-0.8741	-0.3934	0.0318	-0.2127	-0.6351
C16557	-0.0813	-0.0584	0.1656	0.2903	0.0615	-0.2996
C16558	-0.7936	0.1596	-0.2894	0.2746	0.1887	0.2062
C16559	-0.4338	0.2469	-0.1851	-0.1455	0.4626	-0.0203
C16560	-0.2131	-0.4207	-1.0983	0.5637	-0.2955	0.3976
C16561	0.1009	0.1153	-0.2464	0.1459	0.2504	0.3588
C16562	0.2326	-0.6163	-0.0596	0.7719	0.1264	-0.0230
C16563	0.1849	-0.3473	0.2910	-0.3397	-0.5080	-0.2927
C16564	-0.0682	0.2909	0.0178	0.2264	0.1369	-0.0376
C16565	0.3989	-0.1098	0.2407	-0.2683	-0.0875	0.0874
C16566	-0.2777	0.0693	-0.6314	0.1431	0.2790	0.3876
C16567	0.5301	1.1630	0.5456	1.1097	1.4120	1.4266
C16568	0.5932	0.2692	0.0471	0.2629	-0.1184	-0.2934
C16569	-0.2357	0.7235	0.3141	0.1329	0.5627	0.2749
C16570	-0.4065	0.3770	0.2113	0.3810	-0.0139	-0.2113
C16571	-0.3741	0.1304	-0.0534	0.2960	-0.8070	0.6713
C16572	-0.4198	-1.1029	-1.2145	-1.1540	-1.4379	-2.3134
C16576	-0.1314	-0.3304	0.1094	0.4786	0.0099	-0.2899
C16577	-0.3737	-0.2264	0.2960	-0.5935	-0.3741	-0.3954
C16578	0.0811	0.6783	0.2451	0.2053	-0.0281	-0.7058
C16582	-0.3010	0.0140	0.2017	-0.4881	-0.0343	0.2642
C16583	-0.0315	0.0965	0.0324	-0.2922	0.2934	0.0077
C16584	0.3290	-0.0537	0.0328	-0.0510	-0.2783	0.4932
C16586	0.3626	0.2132	-0.2280	-0.0568	0.6596	0.7421
C16587	-0.7797	-0.7883	-0.3237	0.7138	-0.2112	-0.5014
C16588	0.7116	0.1444	0.4803	-0.2795	0.3369	-0.2102
C16589	0.3678	-0.3500	0.1950	0.6829	0.5585	0.3491
C16590	0.2535	0.1550	0.0383	-0.1224	0.0523	-0.0515
C16591	-0.0308	-0.1195	-0.1157	0.2742	0.0774	0.7346
C16592	0.3571	-0.5656	-0.5146	0.1945	0.0872	-0.4803
C16593	-0.3963	0.0384	0.2732	-0.2708	-0.3490	-0.6478
C16594	0.0866	0.6841	-0.3512	0.2022	0.0112	-0.7008
C16595	-0.0516	0.2106	0.5249	0.4587	-0.1172	0.1843
C16596	-0.3069	-0.5089	0.0434	0.7325	0.4723	0.0269
C16597	0.0872	0.4372	0.2632	0.8598	0.0198	0.5102
C16598	0.4909	-0.0495	0.2030	0.3793	-0.0014	0.0593
C16600	-0.0305	0.2144	-0.3870	0.0014	-0.1926	0.2656
C16601	-0.1949	0.2778	-0.4639	0.1104	0.1094	0.3234
C16602	-0.0063	-0.2350	-0.2648	0.3801	0.4854	-0.0051
C16603	0.1847	-0.1008	0.4093	-0.0841	-0.4888	0.5321
C16604	0.3331	-0.0293	0.3347	0.1520	0.0095	-0.3741
C16605	-0.4411	-0.5934	-0.4787	-0.3139	0.2538	0.3248
C16606	-0.5216	0.0252	0.0154	-0.1292	0.1099	-0.2075
C16607	-0.2232	0.8475	-0.4353	0.0673	0.2457	0.6681
C16608	0.5809	0.1214	-0.0563	0.0966	0.0082	0.3571
C16609	0.1818	0.0574	0.3215	0.2302	0.0038	-0.0120
C16610	0.2258	0.0168	0.2880	-0.0535	0.1604	-0.1419
C16612	0.4800	-0.1663	0.1805	0.0404	0.1332	-0.0678
C16613	0.1705	-0.4462	0.0880	-0.2870	0.1116	-0.3017
C16614	-0.8463	-0.2246	-0.2076	0.1078	0.1476	-0.2025
C16615	0.5814	0.3845	0.2378	0.0864	0.2230	0.2318
C16616	0.7834	0.1068	-0.0530	0.4558	0.5801	0.1621
C16617	0.2402	0.5657	0.0535	-0.4291	-0.3499	-0.2159
C16618	-0.3150	0.4547	0.2771	-0.7877	0.0616	0.3810
C16619	-0.1941	0.4221	0.3784	-0.1390	-0.5506	-0.2962
C16620	0.3248	0.1952	0.2893	-0.0481	0.2736	-0.0392
C16621	0.3036	0.5313	-0.9897	-0.1314	0.3650	0.0012
C16622	0.0789	0.2113	1.1100	1.3896	1.4936	1.3401
C16623	0.1537	0.0690	-0.0205	-0.2965	-0.3703	0.4831
C16624	0.6524	0.8549	1.3503	1.3005	1.8044	1.1113
C16625	0.1484	-0.4455	0.1564	0.2238	0.4691	-0.2989
C16630	0.4435	-0.7797	0.3907	0.2056	-0.2054	-0.0957
C16631	0.1662	0.1481	0.2375	0.3350	0.3069	0.4910
C16632	0.3637	0.2671	-0.6429	0.4241	0.6075	0.0668
C16633	0.5679	0.4920	0.5284	0.9716	0.5771	1.0178
C16634	-0.0128	-0.3804	-0.4741	-0.2972	-0.2042	0.0569
C16635	-0.0145	-0.0196	-0.1732	0.3593	-0.3610	0.2040
C16638	-0.0632	0.3455	-0.3065	0.1838	-0.0783	0.2512
C16641	-0.1911	0.6474	0.2951	0.6088	-0.1244	0.5600
C16643	0.4628	0.8209	0.9389	0.8560	1.3221	1.1091
C16645	0.0759	0.4256	-0.5322	0.7887	0.3364	-0.1313
C16648	-0.1166	-0.4155	-0.8405	-0.0271	0.0955	0.1410
C16649	-0.3792	-0.1318	-0.3970	0.2510	-0.0436	0.2196
C16650	-0.3211	-0.3155	-1.0238	-1.3601	-1.6460	-1.2198
C16651	0.4865	-0.0291	-0.1667	-0.5859	-0.0813	-0.3508
C16652	0.0284	-0.0355	-0.2483	-0.1407	-0.1983	0.0942
C16653	0.1833	0.2406	-0.0780	0.9083	0.6714	0.2099
C16654	0.2134	-0.3381	-0.4672	0.3094	-0.0080	0.0521
C16655	0.1166	0.4676	-0.0401	0.3121	0.5240	-0.4811
C16656	-0.0968	-0.4091	-0.3832	0.4144	0.2297	0.1233
C16657	-0.0214	-0.0034	-0.3433	0.2412	0.2929	-0.4001
C16658	0.3707	0.6737	0.0726	-0.0287	0.2196	-0.1719
C16659	-0.1064	0.4117	-0.0436	0.1100	0.2427	0.0734
C16660	-0.4963	0.4614	-0.0599	-0.1505	-0.2025	0.7877
C16661	0.1531	0.2197	0.0025	0.1038	-0.7230	-0.1173
C16662	-0.2528	-0.1497	-0.3552	0.1463	0.3124	0.6697
C16663	-0.6181	0.0038	0.1308	-0.1088	-0.3829	-0.4437
C16664	0.4640	-0.0377	-0.3399	-0.1005	0.4554	-0.3939
C16666	0.1709	0.3822	-0.2468	0.0165	0.3226	0.0344
C16673	-0.1879	-0.4807	-0.5738	-0.2164	0.0532	0.0412
C16674	-0.1492	0.1857	-0.5116	-0.0120	0.4214	0.0049
C16675	-0.0599	0.4741	-0.0707	-0.1569	-0.5413	-0.7689
C16677	0.0285	-0.0499	-0.0210	0.2548	-0.6117	0.0427
C16678	0.4851	0.1048	1.1692	0.1506	-0.5993	0.1089
C16679	-0.0822	-0.6221	0.2605	-0.5142	-0.5826	-0.1131
C16680	-0.0363	-0.2114	-0.3057	-0.1047	0.0579	0.0094
C16681	-0.4210	0.1339	-0.0208	0.5481	-0.2752	-0.0533
C16682	0.4252	-0.4767	0.3665	-0.1514	0.1369	-0.5297
C16683	-0.6134	0.0986	-0.1338	0.2544	-0.4218	0.3215
C16688	0.0041	-0.2145	0.1645	-0.1224	-0.6743	0.2294
C16692	-0.6381	-0.2643	0.0047	0.1113	0.1921	-0.3342
C16693	0.5358	0.2123	0.5246	0.1955	-0.0984	-0.2104
C16695	-0.0259	0.3742	-0.3032	-0.2653	0.3427	-0.3947
C16698	-0.4841	0.0171	-0.4010	0.4769	-0.1370	0.1161
C16719	-0.1787	-0.0049	0.3162	-0.1223	0.1058	0.2336
C16737	-0.2328	0.3775	0.4608	-0.5515	-0.3261	0.0507
C16741	-1.1150	0.3708	-0.3979	0.2250	-0.0918	0.0736
C16753	0.7629	0.3052	-0.0120	-0.2104	0.0580	-0.0960
C16754	0.3662	0.2177	-0.1674	-0.3446	-0.3768	0.4614
C16755	0.5838	0.1370	-0.1336	-0.2873	0.0573	-0.1768
C16756	0.0661	0.1247	-0.1751	-0.2132	0.4302	-0.2261
C16826	0.2635	-0.4602	0.2963	-0.4389	0.0847	0.1956
C16829	-0.6694	-0.4904	-1.2629	-0.9993	-0.7772	-0.8991
C16844	-0.0299	-0.0779	-0.4413	0.4177	0.0521	-0.7879
C16845	0.5540	-0.4452	0.5165	-0.1091	0.5175	-0.3580
C16848	-0.7710	-0.2159	-0.7308	-0.7138	-0.9503	-1.2260
C16850	-0.2376	0.0725	-0.2369	0.0158	-0.2242	0.2930
C16999	0.1339	-0.6981	0.3490	-0.4485	0.5539	-0.1418
C17010	0.8909	-0.5182	-0.1480	0.8918	-0.1267	-0.0776
C17017	-0.2699	-0.5306	-0.0475	0.5137	0.3852	0.0275
C17018	0.1947	-0.5813	-0.5432	-0.5640	0.1354	0.3693
C17022	1.4599	1.6895	1.8626	1.7989	2.1989	2.7276
C17027	-0.3274	-0.2874	-1.3626	-0.7009	-0.9961	-1.4523
C17148	-0.7514	-0.7519	0.5022	-0.4971	-0.2140	-0.2573
C17203	0.3801	-0.0809	-0.4101	-0.4271	0.1822	0.1813
C17209	0.1635	-0.0319	0.0466	-0.4595	-0.1193	0.2206
C17210	0.2328	-0.1138	0.1094	0.0883	-0.3848	-0.6937
C17211	-0.4303	0.2441	-0.0400	-0.2261	-0.2180	0.4878
C17212	0.3650	0.1159	0.3354	0.6677	0.3526	-0.0534
C17213	-0.4667	-0.1061	-0.3548	0.3804	-0.1362	-0.0945
C17214	0.3711	-0.4237	0.2901	-0.2938	0.3728	-0.3802
C17215	0.3231	0.0683	-0.3522	-0.0850	0.0000	0.3059
C17216	0.2886	-0.3221	0.3920	-0.2015	-0.0201	0.4795
C17217	0.4109	-0.1015	0.5644	-0.2157	0.3147	0.0191
C17218	-0.4860	0.0962	0.1058	0.2178	0.5509	0.6176
C17219	0.0782	-0.3760	-0.1273	-0.3631	0.2814	0.0862
C17220	-0.0732	-0.2569	0.4473	0.2226	0.2583	-0.1786
C17221	0.2893	0.0842	0.0909	0.5262	-0.0465	0.6460
C17222	0.2563	0.2997	1.3130	0.7955	1.3833	1.4272
C17223	0.1677	0.0700	0.2121	-0.1423	-0.6571	-0.0972
C17224	-0.0241	0.0556	-0.1650	0.0198	0.2987	-0.3092
C17225	0.2799	-0.1826	0.3810	0.0875	0.1096	-0.0545
C17226	0.0497	-0.2986	-0.2542	0.2775	-0.1849	-0.7012
C17227	0.0294	-0.6551	0.0641	-0.0294	-0.1267	-0.1517
C17228	-0.5917	0.3793	-0.2885	-0.0959	-0.2085	-0.5329
C17229	0.0373	-0.0314	0.6141	0.1018	0.1262	-0.1873
C17230	0.2033	-0.5502	-0.3105	-0.2413	-0.0190	0.1212
C17231	0.5272	0.6733	0.3103	0.0405	-0.7809	-0.4207
C17232	0.4174	0.0826	0.4029	0.3794	-0.0413	0.2048
C17233	-0.5621	0.7534	0.3405	-0.3816	0.0065	-0.5170
C17235	-0.2752	-0.0727	-0.0822	0.1980	-0.2993	-0.8233
C17236	0.2126	-0.3817	-0.3586	0.2656	-0.0379	-0.1936
C17237	0.1075	-0.5116	-0.0777	-0.4553	-0.1668	-0.5146
C17238	-0.5225	-0.0697	-0.2236	-0.3791	0.2346	0.6292
C17239	0.6833	-0.2600	-0.2903	0.1656	0.3563	0.8139
C17240	-0.3278	-0.2903	-0.2985	-0.0569	0.1949	-0.2222
C17241	0.0975	0.0987	0.3178	0.1223	-0.2417	-0.0703
C17242	0.0646	0.0482	0.7330	-0.2821	0.0957	0.3592
C17243	-0.4576	-0.2018	0.3135	-0.3520	-0.2487	0.4014
C17244	0.3050	-0.3571	-0.4581	0.3654	-0.0061	-0.2893
C17245	0.0484	-0.2289	0.1249	0.1714	-0.5288	0.3953
C17246	-1.2818	-0.6022	-1.3576	-0.6066	-0.6815	-1.8457
C17248	-0.3929	0.8390	-0.2834	0.5820	0.7883	0.5029
C17249	-0.0272	0.2583	-0.3423	-0.5873	-0.0279	0.0246
C17250	0.0291	0.3414	0.3567	0.0028	0.0757	0.6445
C17251	0.6800	0.0057	-0.5115	-0.2038	-0.0711	-0.0435
C17252	0.1738	-0.4687	0.1730	0.1511	0.3646	-0.0634
C17253	-0.1358	-0.1207	0.1531	-0.2059	-0.5207	-1.0105
C17254	-0.1897	-0.2784	0.2036	0.0470	-0.0129	0.6719
C17255	-0.4117	0.3413	-0.5243	0.1834	0.3059	-0.2363
C17256	-0.2256	0.4761	0.4920	0.2905	0.5565	-0.0656
C17267	0.3820	-0.3334	-0.0783	-0.2740	0.0611	-0.4351
C17268	0.2331	0.2667	-0.1648	0.2330	0.2779	-0.1341
C17269	-0.3494	0.4761	0.2185	0.0044	-0.2729	-0.6427
C17279	0.2310	-0.1510	0.5345	-0.3124	0.2343	0.1799
C17280	0.0221	-0.1308	-0.4404	0.3055	0.3212	-0.6662
C17281	-0.6316	-0.1853	-0.7636	-0.2448	0.3045	-0.4422
C17322	-0.1448	-0.3151	0.3467	-0.2572	-0.1769	-0.1876
C17326	1.8015	1.9390	1.8497	2.2304	2.1947	2.6111
C17327	-1.2726	-1.9031	-1.6649	-2.2959	-2.1725	-2.4151
C17328	-0.7897	-1.1814	-2.0655	-1.9718	-2.4485	-2.0871
C17331	1.1193	0.8406	2.3822	1.6743	2.0602	2.9827
C17332	0.2592	-0.0028	-0.1137	-0.4206	0.2760	-0.1649
C17333	-1.0934	-1.5738	-1.8105	-2.1945	-1.8307	-2.8004
C17335	1.2903	1.6302	2.2662	1.5273	2.2961	2.3588
C17336	1.1753	1.3491	1.7626	1.1524	2.5658	2.7399
C17337	1.2734	1.7999	1.2998	2.1762	2.1590	2.4220
C17339	-1.3535	-1.4065	-2.1112	-2.0109	-2.5411	-2.4556
C17343	1.1303	1.9103	2.1736	2.1788	2.8645	2.2785
C17345	-0.1785	-0.3517	0.5445	-0.3941	-0.1522	-0.2204
C17346	-0.6909	-2.0063	-1.6111	-2.0658	-2.2516	-2.9974
C17351	-0.0047	-0.2989	0.2733	-0.0167	-0.0643	0.3234
C17352	-0.6168	-0.6785	-1.1002	-1.3053	-0.7390	-1.6254
C17355	-0.2368	0.6723	0.8977	0.6748	1.1526	1.3229
C17366	0.1906	0.1155	-0.2769	-0.2071	0.3557	-0.0010
C17367	0.5879	-0.5176	0.2373	0.3145	0.5871	0.6049
C17401	-0.2547	0.4844	-0.0418	-0.1650	0.6121	-0.3775
C17412	0.4629	-0.0361	0.5830	-0.0980	0.1940	0.3244
C17432	-0.3842	0.7062	0.2333	0.4142	0.0563	0.1384
C17481	0.2041	0.1532	0.0745	-0.5275	-0.0181	0.5463
C17513	-0.1428	0.0592	-0.3835	-0.2495	-0.3075	-0.1079
C17530	-0.0548	0.4137	0.1062	0.2487	0.3637	-0.3805
C17541	-0.1079	0.3121	-0.1679	-0.2121	-0.0265	0.1541
C17542	0.3369	-0.7502	0.0927	-0.2084	-0.0933	-0.5716
C17549	-0.3023	-0.4383	-0.0147	-0.0025	0.2824	-0.8247
C17550	-0.2083	0.1599	-0.2303	-0.1013	0.6550	0.2738
C17551	-0.1966	-0.3833	-0.2905	-0.0738	-0.3566	-0.0204
C17552	-0.0317	-0.0819	-0.1293	0.2496	0.0161	-0.4099
C17554	-0.1304	0.6254	-0.0084	-0.2313	-0.7618	0.4620
C17559	0.0005	-0.1196	-0.1129	-0.4996	-0.1018	0.3466
C17561	0.6064	-0.5400	-0.1729	0.0508	0.0909	0.0869
C17562	0.4562	-0.4874	0.2147	0.2855	0.1336	-0.4340
C17570	0.0594	-0.3712	0.3051	0.0950	0.0310	0.3719
C17580	0.0142	0.3253	0.3073	-0.1246	0.8924	-0.0449
C17581	0.3917	-0.7607	0.3213	-0.7497	-0.0595	-0.0909
C17582	-0.0822	-0.4616	0.4164	0.4991	-0.0997	0.2801
C17583	0.3066	-0.4827	0.3369	0.2138	0.3873	0.2773
C17584	-0.1066	0.3358	0.1379	0.2144	0.3014	0.0022
C17585	0.9519	0.4983	1.1577	1.0958	1.1588	2.2129
C17586	-0.1856	-0.4709	0.5987	0.2933	-0.1695	0.0313
C17587	0.0133	-0.5195	-0.3025	0.2060	0.8753	-0.0117
C17588	-0.1556	-0.3134	0.6818	0.9248	0.4023	0.2866
C17589	0.4392	-0.3394	-0.3317	-0.4785	-0.5109	-0.0729
C17621	0.1078	1.0619	1.3035	1.1306	0.7893	1.2546
C17622	-0.2587	0.5909	0.3704	0.0170	0.1923	-0.2383
C17691	-0.1617	-0.2174	-0.9568	0.2278	-0.3922	0.2102
C17692	-0.7679	0.0399	0.1496	0.2568	0.0082	-0.0577
C17693	-0.2818	-0.3433	0.5411	0.1263	0.1792	0.0978
C17694	0.1364	-0.4058	1.2263	-0.1182	0.1055	-0.0749
C17696	1.0929	1.0899	0.0608	0.7812	1.2995	1.1289
C17697	0.3771	-0.3180	-0.2317	0.0211	-0.1511	-0.1971
C17700	-0.1880	0.5245	0.1055	0.1343	-0.3924	-0.2402
C17701	-0.2950	-0.0947	0.5248	0.0688	0.5549	0.4319
C17702	-0.4372	0.0146	0.0652	0.1138	0.1629	-0.6431
C17703	0.7644	-0.2214	0.4706	-0.6470	0.0628	-0.0056
C17704	0.1280	-0.7637	0.1512	0.1103	-0.1534	-0.3379
C17705	0.9046	0.3692	1.4673	0.8155	1.4628	1.3208
C17706	0.1490	-0.3805	0.2552	-0.2449	-0.1399	-0.8100
C17707	-0.6346	0.3638	-0.2430	-0.2064	-0.3720	-0.0649
C17712	0.0164	-0.1123	0.0105	0.2611	-0.0825	0.0683
C17751	0.2148	0.4457	-0.1856	0.1392	0.1123	-0.2799
C17755	-0.2510	0.4771	0.1175	-0.6109	-0.2798	-0.2789
C17758	-0.5977	-0.0345	-0.2273	-0.2918	0.5998	-0.3316
C17935	0.6930	-0.2438	-0.3722	0.0264	-0.5669	0.0033
C17936	0.2250	-0.4177	0.0019	0.5636	0.2179	-0.3496
C17937	0.2884	-0.0922	0.0059	0.0899	0.0798	0.1418
C17938	-0.5605	-0.1093	-0.5470	-0.2135	0.1167	0.0265
C17940	0.2588	-0.2331	-0.0383	-0.2475	0.1445	0.2501
C17941	-0.2148	0.4303	-0.1116	-0.3395	-0.5549	-0.1467
C17942	0.1647	-0.0761	0.0763	-0.5120	-0.3530	0.0752
C17943	-0.1434	0.1388	0.1195	-0.1264	0.2723	-0.2446
C17944	-0.2384	0.2511	0.2710	-0.0201	-0.3769	0.3126
C17945	-0.1959	0.0556	0.2318	0.2258	0.1270	-0.3453
C17947	0.2099	-0.0449	-0.2482	-0.5726	0.4997	0.0929
C17948	-0.4950	-0.0807	0.0226	-0.5869	-0.1393	-0.0803
C17949	-0.0044	-0.4792	0.1080	-0.0630	0.0642	0.2693
C17950	-0.2226	0.3586	0.0195	0.2116	-0.8950	0.4513
C17951	0.3582	0.2249	0.2143	-0.9257	-0.0889	-0.2257
C17952	0.1568	-0.4710	-0.5049	0.7888	-0.7179	-0.0708
C17960	0.0912	0.2936	-0.5124	0.2960	-0.3100	0.1055
C17961	0.1130	0.1467	0.1816	-0.3024	-0.0078	-0.0274
C17962	0.2784	0.0257	-0.2435	-0.2688	-0.9434	0.1554
C17997	-0.2246	-0.0116	-0.1653	0.3870	0.6118	-0.2647
C18000	-0.1528	-0.4300	0.1975	0.1496	0.2996	-0.0299
C18001	-0.3235	-0.3976	-0.1615	-0.4304	-0.1617	-0.0854
C18002	-0.4047	-0.0600	0.2056	0.0168	0.6606	0.0470
C18003	-0.0935	-0.0645	-0.2747	-0.8344	0.5585	-0.1689
C18004	-0.0805	-0.1552	0.0356	0.1869	0.0407	0.2210
C18005	-0.3555	0.2341	-0.2771	-0.2957	-0.1747	-0.1505
C18006	-0.1147	-1.2146	-0.7016	-0.9153	-1.0692	-2.1183
C18007	0.1331	-0.4136	-0.1361	-0.3683	0.2650	-0.0117
C18008	-0.2307	-0.0074	-0.8726	0.0793	0.3774	0.0909
C18009	0.1796	-0.1119	-0.6096	-0.1614	-0.1650	-0.0247
C18021	0.1363	0.3739	0.1082	-0.1637	-0.1575	-0.2559
C18022	0.0102	0.3903	0.2170	0.0534	-0.3211	0.0679
C18026	-0.3699	-0.2696	-0.2908	0.0991	-0.5982	-0.1069
C18028	0.5575	0.0163	0.2174	0.1964	0.4101	0.1908
C18029	-0.1205	0.1940	-0.2841	0.2701	0.0970	0.0890
C18030	-0.0190	-0.1835	-0.2537	0.1180	-0.2000	0.3044
C18031	-0.0328	-0.2316	0.4166	0.7250	-0.2183	-0.5908
C18032	0.3559	-0.0958	-0.2105	0.1194	0.0464	-0.0743
C18033	-0.0950	0.2912	0.1739	0.1227	-0.2447	0.3272
C18034	-0.2102	-0.2282	0.1717	-0.3389	0.0670	-0.4228
C18035	-0.1668	0.0260	0.4586	-0.0552	0.3808	0.1689
C18038	0.1557	0.1215	-0.2280	-0.1446	0.0490	0.2787
C18039	-0.1708	-0.9202	0.3187	0.3584	0.2301	-0.3622
C18040	0.7010	-0.3158	-0.5956	-0.0525	-0.1034	-0.1820
C18041	0.0954	-0.0563	-0.1324	0.4116	-0.6739	-0.4857
C18042	0.1611	-0.0467	0.1408	-0.5118	0.1301	0.1032
C18043	-0.3836	0.5883	-0.7431	-0.4825	-0.0800	0.4890
C18044	0.1026	-0.7948	0.4392	-0.2588	0.1682	-0.1360
C18045	-0.2256	0.0721	0.0243	-0.1680	0.1218	0.0344
C18049	0.0037	-0.0151	0.5277	0.2944	0.2614	0.0608
C18054	-0.4803	0.4026	-0.3016	-0.2997	-0.1454	0.2870
C18059	0.0441	-0.4527	-0.5722	-0.9152	-1.2439	-1.4529
C18060	-0.0803	-0.2079	0.0166	-0.2633	0.0973	-0.4232
C18062	0.6807	0.5121	0.1254	-0.4714	-0.3695	0.3162
C18064	0.5278	-0.1178	0.3764	-0.2817	-0.2731	0.2478
C18075	0.5473	0.2016	0.5021	0.1639	-0.0658	-0.0616
C18092	0.0314	-0.1144	0.1379	0.2913	0.4375	0.1427
C18094	-0.5369	-0.4255	0.2373	0.2393	0.1272	0.0083
C18096	-0.4661	-0.6550	0.7693	0.1549	-0.3620	0.2868
C18098	0.1619	0.3591	-0.3469	-0.2032	-0.2472	0.9375
C18125	0.3627	0.0489	0.5959	-0.1411	-0.2821	0.1552
C18126	-0.0774	-0.0336	-0.0741	0.1077	-0.3237	-0.0371
C18129	0.3668	0.0750	0.2387	-0.0631	0.1372	0.4441
C18131	0.9331	0.7183	0.3157	0.3557	0.1447	-0.2487
C18132	0.1036	0.4938	-0.6966	-0.3553	-0.1303	-0.1526
C18133	0.5423	-0.1994	-0.2917	-0.2350	-0.1603	-0.3361
C18134	0.4406	-0.2424	-0.0623	-0.0147	-0.2427	0.6144
C18135	-0.0259	-0.2368	0.2810	-0.6113	-0.0822	-0.2290
C18151	0.2767	0.1472	-0.3685	-0.2306	0.6679	-0.0167
C18152	0.2574	0.0770	-0.1819	-0.0059	-0.1526	0.1407
C18153	-0.1643	-0.2058	-0.0974	0.7361	0.2911	0.1507
C18154	0.1643	0.2567	-0.1056	0.3147	0.0116	-0.3056
C18155	0.2031	-0.5020	0.7431	0.0242	-0.2544	0.7412
C18156	0.2226	-0.2936	0.1740	0.2520	0.2528	0.1559
C18157	-0.5418	-1.0852	-0.0257	0.4315	-0.2934	-0.0830
C18160	0.2360	0.0082	0.2916	0.1146	0.2860	0.3676
C18161	0.1701	-0.2408	0.3537	-0.9192	0.0697	-0.2227
C18162	-0.4206	0.1372	0.6273	-0.1064	-0.1329	-0.2635
C18163	0.1681	-0.2364	-0.0477	-0.3189	-0.2697	0.3835
C18167	-0.4016	0.4504	0.5065	-0.0356	0.0011	0.3475
C18168	0.0632	0.2438	-0.2028	0.0503	0.1483	0.2987
C18169	0.0203	0.0712	0.4721	0.5844	-0.4151	0.1632
C18172	0.2424	-0.0653	-0.2778	-0.2296	-0.2832	0.0288
C18174	-0.4198	-0.0483	-0.0065	-0.1490	0.1705	-0.5062
C18178	0.5900	0.0158	-0.3249	0.2621	0.5855	0.1387
C18202	-0.1685	0.0530	-0.9962	0.5503	-0.1351	0.1373
C18205	-0.1861	-0.2368	0.8972	-0.8097	0.0299	0.4239
C18218	0.0999	-0.2373	-0.5842	0.3033	0.0266	0.3082
C18231	-0.6912	-0.3365	-0.1003	-0.0108	-0.3235	0.0244
C18232	0.3604	-0.0638	-0.2844	-0.0955	0.4621	0.1128
C18237	-0.3787	0.0755	0.1319	0.0326	-0.6232	-0.4040
C18239	0.1344	-0.3271	0.2892	-0.0010	-0.1167	0.2984
C18287	-0.0179	0.0912	0.0157	-0.8626	0.0578	0.1216
C18293	0.0151	0.0734	0.0012	-0.0959	0.8121	0.5475
C18294	-0.1466	-0.3034	-0.1398	0.2476	0.1694	0.0178
C18295	0.4707	-0.2145	0.3666	-0.3240	-0.1868	-0.0188
C18296	0.4991	0.0619	-0.0378	0.4078	0.0331	-0.1507
C18314	0.1475	0.2470	0.1553	-0.3151	-0.0135	-0.1435
C18319	-0.3013	0.2907	-0.0084	0.1159	-0.2660	-0.5332
C18321	-0.1503	0.5751	0.2202	0.3342	-0.1909	0.0760
C18323	0.0875	0.3607	-0.4786	-0.8171	0.0927	-0.2873
C18324	0.1707	-0.3016	-0.4413	0.5755	-0.3202	-0.0977
C18325	-0.0573	-0.1212	0.0581	0.2035	-0.4930	0.0264
C18326	-0.5084	0.4019	0.2278	-0.5730	0.1920	0.4726
C18327	0.0543	-0.0480	-0.1578	-0.6238	0.1041	0.0538
C18328	0.1357	-0.0111	0.5619	0.3059	-0.0432	0.0402
C18329	-0.4635	-0.5617	-0.1735	0.3727	0.4727	0.1465
C18330	-0.4777	0.0701	0.0821	-0.0596	-0.1777	0.3599
C18331	-0.1895	-0.2614	0.0976	0.3912	0.1384	0.1595
C18332	0.2115	-0.5024	0.1347	-0.0070	-0.2559	0.3223
C18333	-0.5942	-1.6512	-1.0410	-1.4912	-1.1130	-1.3562
C18334	-0.0830	-0.0752	-0.0058	0.1531	0.1053	-0.1953
C18335	-0.0357	-0.1134	0.1062	-0.3199	-0.0845	0.1513
C18336	0.1703	0.2334	-0.0693	0.0932	-0.2295	0.0598
C18337	-0.3115	-0.2550	0.1819	0.3723	-0.4362	0.0139
C18353	0.5303	0.5515	0.7480	1.5288	0.8515	1.0597
C18354	-0.0281	0.2982	-0.4743	0.1931	0.4364	0.3249
C18356	-0.7537	-1.3712	-1.0819	-1.3652	-1.1950	-1.1934
C18629	-0.0658	-0.3120	-0.0432	0.0715	-0.1751	-0.6290
C18630	0.4121	-0.4496	-0.2780	-0.1808	0.3769	0.0607
C18631	-0.1773	-0.4117	-0.4357	0.0960	0.1464	0.0713
C18709	0.9789	0.0331	-0.3425	-0.0477	-0.8004	0.4872
C18710	0.5364	-0.0384	-0.0462	0.3082	0.4998	0.0844
C18711	0.1170	-0.1268	0.1799	0.2568	0.6459	-0.2285
C18799	0.2459	0.6004	0.1368	-0.0268	-0.0258	-0.2293
C18802	-0.4654	-0.0561	0.4794	0.5733	0.2559	0.5693
C18846	-0.3693	-0.0881	0.2075	-0.1874	-0.0158	0.1441
C18847	0.2633	0.1178	-0.2120	-0.0704	-0.5378	-0.1951
C18870	-0.0835	0.1600	0.2188	0.3176	0.6021	-0.3819
C18871	0.1269	0.3895	-0.0426	-0.4746	0.5637	0.4141
C18872	-0.0028	-0.2651	-0.2909	0.2884	0.1580	-0.0979
C18893	-0.0163	-0.2104	-0.0098	-0.3552	-0.0032	0.4619
C18902	-0.6003	-1.0131	-0.1791	-1.3594	-1.6211	-1.2511
C18904	-0.3236	0.1248	0.5664	-0.0957	0.4767	0.4766
C18905	-0.5718	0.1261	0.1052	0.5285	0.4858	-0.1972
C18910	0.0507	0.3886	-0.0012	-0.3577	0.2934	0.3883
C18911	-0.0277	-0.0015	0.4873	0.5082	-0.7894	-0.1229
C18933	-0.2234	-0.6761	0.0391	0.1494	-0.5464	-0.4995
C19151	-0.2386	-0.2213	0.8287	0.2606	0.4453	-0.4320
C19152	0.0899	0.3334	-0.2412	0.1163	-0.1522	-0.6688
C19153	0.2256	0.2240	-0.1037	-0.2192	0.2848	0.2242
C19154	-0.3255	-0.2288	0.4167	-0.3455	-0.4006	0.2393
C19155	0.3783	-0.1369	0.5114	0.3572	0.4666	0.8214
C19156	1.0138	0.5083	0.7931	0.4272	1.3171	1.7721
C19164	0.0085	-0.2276	0.1284	0.0653	0.1325	-0.1775
C19171	0.3433	-0.3987	-0.3130	0.1528	-0.4450	-0.3317
C19180	0.3433	-0.0212	0.0020	0.3731	-0.3031	0.3835
C19190	0.3396	0.3604	0.1205	-0.1149	0.1136	-0.2324
C19255	-0.0497	0.1207	0.0755	0.0043	-0.3919	-0.4604
C19317	-0.2416	-0.2465	-0.3009	-0.2628	-0.2042	0.2441
C19378	0.6541	0.3213	1.0059	1.2377	1.4730	1.1600
C19488	-0.1466	0.0599	-0.0023	0.2463	0.1443	-0.4367
C19489	0.1238	-0.2916	-0.0647	-0.0436	0.0845	0.1549
C19490	0.1009	-0.0320	0.7092	-0.4117	-0.1695	-0.3377
C19491	-0.0234	0.3047	-0.1514	0.0448	0.1981	0.0082
C19525	0.0006	-0.2584	-0.0094	0.2895	0.0240	0.4496
C19559	0.2513	-0.2344	0.2837	0.1946	0.0290	-0.3935
C19561	0.4433	-0.2142	0.2305	-0.2632	-0.5560	-0.2114
C19562	0.7403	-0.9011	-0.6201	-0.5773	0.0597	-0.4369
C19563	-0.0494	-1.0269	-0.7239	-0.9726	-0.9636	-2.0988
C19564	-0.4609	-0.7493	-1.5736	-0.5930	-1.7897	-0.7655
C19565	-0.0615	-0.3978	0.1108	0.1822	0.4872	-0.1447
C19566	0.0123	-0.2007	0.7696	-0.5203	0.2813	0.1836
C19567	0.2896	-0.2294	-0.3443	-0.0283	0.2056	0.2212
C19568	-0.0044	-0.2214	-0.8205	0.6161	-0.1968	0.0711
C19569	0.0795	0.0812	-0.0197	0.5196	0.0072	0.1704
C19574	-0.7916	-0.7326	-1.1245	-1.4533	-0.8680	-1.5647
C19577	-0.6201	-0.5834	-0.2169	0.1095	0.1088	0.5300
C19578	-0.6892	0.3579	-0.0951	0.5549	0.4228	-0.6958
C19579	-0.1586	0.2747	0.0825	-0.3551	0.1760	-0.1940
C19580	-0.2832	0.0312	-0.3581	0.0503	0.2675	-0.7066
C19581	0.0934	0.0943	0.4091	0.4237	0.0069	0.3053
C19582	0.0350	0.0041	0.5104	-0.1182	0.0880	0.3181
C19585	0.3780	0.1564	0.3428	-0.4061	0.0722	0.0384
C19586	-0.0023	-0.2076	-0.4557	0.2223	0.1460	0.0790
C19588	0.1873	-0.4867	-0.1291	-0.1130	-0.7925	0.4002
C19589	0.2733	-0.1493	0.6090	0.0315	0.2871	-0.1014
C19590	-0.4695	-0.2815	0.1948	-0.1281	-0.0762	0.1451
C19591	-0.0385	0.6055	-0.3434	-0.4734	0.5100	-0.5144
C19592	0.5271	0.1393	-0.2928	-0.2192	0.1182	0.0328
C19594	-0.1433	0.4068	0.1909	-0.1972	-0.0458	-0.0150
C19595	0.3816	0.4893	-0.2182	-0.0597	-0.0966	-0.0427
C19596	0.1681	-0.4915	-0.3299	0.0935	0.0000	-0.1369
C19602	0.1369	0.3367	0.0987	-0.3686	-0.0413	0.0542
C19603	0.1280	0.3024	0.3390	-0.6964	-0.3647	-0.3092
C19604	-0.2452	0.1309	0.0493	0.0479	-0.2418	0.2182
C19605	-0.5693	-0.1739	-0.2787	0.0059	-0.3919	0.3548
C19606	-0.4348	0.1331	0.3371	0.0592	1.1330	-0.4260
C19607	-0.2799	0.1945	-0.2131	0.3685	-0.2092	0.2192
C19608	-0.5460	-0.2453	-0.1778	-0.2524	0.3196	0.0696
C19609	1.3405	1.5008	1.6622	1.6177	2.4823	2.2567
C19610	-0.1271	0.1252	0.3009	-0.1218	-0.1417	0.3002
C19614	-0.1228	-0.9305	0.1637	-0.5264	0.0933	0.0299
C19615	-0.1046	0.0068	0.2292	-0.3768	-0.3186	0.2784
C19631	-0.1086	0.5104	-0.5586	-0.0371	-0.0762	0.3522
C19673	0.0367	0.4871	-0.8326	0.2147	0.1874	0.0497
C19675	0.2187	0.0112	0.2357	0.3569	0.0402	-0.1035
C19685	0.4628	-0.0359	-0.3947	0.0354	0.3071	-0.0712
C19686	0.0220	0.1069	-0.1175	0.4683	-0.1292	0.5225
C19687	0.2656	-0.2379	-0.6842	-0.0866	0.0708	-0.0682
C19688	-0.0890	0.4682	0.3524	-0.2511	-0.3806	0.6333
C19691	-0.6354	-0.0934	0.4005	-0.4323	-0.2075	-0.3374
C19692	-0.3893	-0.5263	0.0893	0.0880	0.1738	0.0059
C19698	-0.2428	-0.5289	0.7921	-0.1378	0.2086	0.3330
C19699	0.0002	0.1695	0.4072	0.3428	0.0638	-0.1559
C19700	0.5736	0.4020	0.8953	1.4486	0.2900	1.0768
C19701	0.3243	0.4545	-0.2578	-1.0189	-0.0551	0.0227
C19706	-0.0457	0.0054	-0.3893	0.2544	0.1776	0.1108
C19712	0.4584	0.3243	0.0188	0.3644	-0.3019	0.5049
C19714	-0.3710	-0.1195	0.0243	0.3665	0.5651	-0.0475
C19715	-0.1087	-0.1005	-0.2736	-0.5364	0.5328	0.0059
C19725	0.8764	1.3019	1.5745	2.2815	3.1284	2.4347
C19730	0.3499	-0.5126	0.0794	-0.0664	0.5212	0.0557
C19745	0.1886	-0.2768	0.3644	-0.5596	-0.3005	-0.3460
C19757	-0.0293	0.5119	0.8972	-0.6683	0.4039	-0.1968
C19759	-0.8734	-0.0568	-0.0471	0.0910	0.8525	0.1073
C19760	-0.1578	0.2842	0.1366	-0.2554	0.2848	0.0804
C19764	0.1842	-0.3341	0.2440	0.3296	-0.0013	-0.2718
C19765	-0.0054	0.1392	-0.2309	0.4572	-0.4363	0.3089
C19769	-0.2672	0.3475	-0.3669	-0.1793	-0.3514	0.0805
C19787	-0.2797	-0.4804	0.0851	0.5137	0.2978	0.0299
C19794	0.3203	0.0356	-0.0272	-0.2635	0.0453	0.0021
C19795	0.0695	0.1937	-0.6471	0.3591	-0.1432	-0.2254
C19799	0.2636	0.3528	0.2616	-0.1250	-0.1225	-0.0051
C19814	-0.0731	-0.3940	0.2295	-0.6806	-0.3972	-0.3885
C19815	0.0680	-0.2902	0.1995	-0.2908	0.4587	-0.1619
C19823	-1.3482	-1.6495	-2.1018	-3.0243	-1.7903	-2.6588
C19830	0.1246	-0.4498	0.2778	0.0797	0.0493	0.3755
C19831	-0.3575	-0.6762	0.4649	0.0296	0.0290	0.0772
C19838	-0.3186	-0.0810	0.1526	-0.0069	0.3031	-0.2511
C19839	0.5304	-0.4074	0.0684	0.4248	0.6780	-0.4969
C19845	0.3350	0.1668	0.4510	0.0477	0.0792	0.1221
C19846	0.0139	0.0677	0.1086	-0.0943	0.1426	0.4936
C19847	-0.2290	-0.1865	-0.1944	0.3286	-0.1570	0.1618
C19848	-0.4236	0.5305	-0.4815	0.0389	-0.0966	-0.1850
C19852	-0.5043	-0.5697	0.1418	0.3093	-0.2259	0.2974
C19853	0.1402	0.2346	-0.0922	-0.0686	0.4543	-0.5602
C19858	-0.3536	0.0333	-0.8261	-0.2901	-0.0490	0.0999
C19859	0.2421	0.1126	0.2637	-0.0791	-0.0950	-0.2703
C19867	-0.2441	-0.4788	0.3813	-0.0100	-0.4739	-0.3629
C19868	0.2908	0.7212	-0.3849	0.0346	-0.3198	0.6971
C19869	0.2995	0.2432	-0.1438	-0.2488	0.0986	-0.5746
C19871	-0.2070	0.0365	0.1502	-0.2817	0.3061	-0.0440
C19872	0.9869	1.4818	1.0743	2.7827	2.4182	2.1107
C19878	1.6537	2.2206	2.2197	2.0096	2.3461	2.3496
C19879	1.4881	1.0442	1.6839	1.7713	3.6179	2.7161
C19880	-0.4297	-0.9676	-0.7672	-0.1423	-0.9439	-1.7540
C19881	0.2236	0.4012	0.3195	-0.5843	0.0146	0.1625
C19886	-0.8298	-1.2231	-1.1370	-1.4918	-0.5545	-1.1938
C19887	0.9664	0.5058	1.0531	1.7428	1.0667	0.7534
C19888	0.2863	0.1456	0.1193	0.0694	0.3350	-0.1402
C19889	0.4252	-0.3179	-0.1271	-0.0412	0.1660	0.3925
C19891	0.3346	-0.6303	-0.1379	0.0149	-0.1281	-0.1472
C19892	0.0192	0.2953	0.3330	0.3244	0.2418	-0.4828
C19912	-0.0110	-0.0979	-0.1157	0.3096	0.2216	0.2134
C19913	-0.7129	-0.6994	-1.2505	-1.5221	-1.2607	-0.9576
C19929	-0.1622	0.0858	-0.2091	0.2540	-0.0048	0.3611
C19937	-0.9318	-0.2879	-0.1469	0.4353	0.5040	-0.4403
C19939	-0.0209	-0.3060	-0.1602	0.5643	-0.5429	-0.4271
C19944	0.2376	-0.4093	0.2980	0.3040	0.1320	-0.1038
C19945	-0.7283	-0.0711	0.2737	0.1216	-0.6349	-0.7298
C19946	0.1319	-0.2263	-0.0142	0.0089	0.1054	0.0295
C19947	0.0640	-0.0826	0.1030	-0.2379	0.3066	-0.1436
C19948	-0.3847	-0.2913	-0.1961	-0.0632	-0.7787	-0.8607
C19960	-0.1847	0.2251	-0.0929	0.3972	0.2282	-0.2502
C19961	1.3381	1.4646	1.2162	1.6138	1.9973	2.9393
C19971	-0.8460	-0.0666	0.1139	-0.3037	-0.1093	-0.2427
C19972	1.2535	0.7087	1.8902	1.8727	2.3697	2.2271
C19975	0.3228	-0.7375	-0.3084	-0.3290	-0.1008	0.6464
C20045	0.1940	-0.4921	-0.2876	-0.0954	0.2650	-0.4194
C20062	0.2775	0.0782	-0.5085	-0.1471	0.2066	-0.0599
C20082	-1.6553	-1.1302	-1.8390	-2.0792	-2.3251	-2.5063
C20083	0.9761	1.6582	1.2482	1.8852	2.1419	2.9126
C20120	-0.0615	0.2260	0.0260	-0.5669	0.4187	-0.0146
C20121	0.6109	-0.0138	-0.5510	0.0931	-0.1393	0.1704
C20144	-0.0863	-0.6398	0.2236	0.1868	0.3565	-0.1546
C20156	-1.1835	-1.2128	-2.0620	-2.2808	-2.0545	-2.0687
C20171	0.1076	0.1932	-0.2130	0.0655	-0.2107	0.0301
C20186	0.7556	0.0962	0.0171	-0.0499	-0.3347	-0.1019
C20199	0.3891	-0.6021	0.1680	0.5134	0.3126	-0.0343
C20231	-0.3551	0.1039	0.3794	0.5576	0.2920	-0.1209
C20237	0.1362	-0.1235	-0.3965	0.2779	0.5389	-0.2110
C20238	-0.4613	0.4221	0.1662	0.1386	0.2132	0.1825
C20239	-0.5840	-0.2163	-0.0714	-0.5239	0.1182	-0.4647
C20246	1.0925	0.8280	0.6524	0.6952	0.9682	1.1880
C20247	0.8689	0.6744	0.3664	1.7006	0.9163	1.3067
C20248	0.4292	0.4487	-0.1989	-0.0454	0.1926	0.3696
C20249	-0.0908	0.1943	-0.2972	-0.3994	-0.1351	-0.0024
C20251	-0.0603	-0.7949	-0.1255	0.6172	0.3548	0.2003
C20253	0.2865	-0.2044	0.0431	0.1225	-0.2664	0.7488
C20254	0.4582	-0.6268	0.5657	-0.2160	0.0437	-0.2558
C20258	0.0200	0.7697	-0.4254	0.1383	0.4557	-0.6076
C20264	-0.2279	0.6330	-0.2583	-0.0353	-0.0850	0.1034
C20265	0.2792	-0.0710	-0.1628	0.7078	-0.4482	0.1757
C20267	0.1351	0.4960	-0.2954	0.2086	0.2504	-0.5338
C20277	-0.1731	-0.2857	-0.7175	0.3919	-0.4855	-0.0455
C20278	0.0625	-0.5377	0.3830	-0.6001	0.0028	0.1954
C20279	-0.2013	0.7480	0.1706	-0.1159	-0.4165	-0.3648
C20280	-0.0355	-0.3623	-0.1929	0.3822	-0.1209	0.3805
C20281	0.1681	0.3222	-0.1360	0.4968	0.0620	-0.5051
C20282	-0.0220	0.0785	-0.6035	-0.0170	-0.0333	0.3772
C20283	0.5535	-0.1898	-0.1148	-0.8381	-0.1964	0.2724
C20284	0.2126	0.5779	0.1914	-0.4599	0.0737	-0.1173
C20285	0.1888	0.3106	0.2354	-0.4920	-0.1936	-0.3647
C20286	-0.0116	-0.0623	-0.5484	-0.2298	0.1152	-0.0668
C20287	-0.5405	0.3303	-0.2916	-0.0568	0.7597	0.3033
C20288	-0.1246	0.0240	-0.7017	0.2000	0.2061	-0.2491
C20289	-0.1475	-0.0056	-0.3911	0.2905	0.5167	-0.4437
C20290	-0.0535	-0.3641	0.0183	0.2400	-0.4293	-0.3578
C20291	0.0381	-0.1629	0.0500	0.2981	0.2128	0.3051
C20293	0.0120	0.2728	0.3213	-0.0522	0.1604	-0.1796
C20297	-0.3980	0.6174	-0.2730	-0.0611	-0.3496	0.1976
C20299	-0.1979	0.1858	0.1844	-0.0026	0.0361	0.5573
C20300	-0.2117	-0.0666	0.4920	0.0366	0.1638	0.7260
C20301	0.2937	-0.1725	0.0419	-0.7441	0.0430	-0.4064
C20302	0.0546	-0.1308	0.0453	-0.0845	-0.2783	0.3090
C20303	-0.0966	-0.8095	-0.0091	0.4170	0.1552	-0.2884
C20304	-0.0837	0.1200	-0.0276	0.6419	-0.1065	0.3335
C20305	0.6042	-0.0216	0.3426	-0.3769	0.0391	-0.3730
C20306	0.1648	0.3682	0.1150	-0.3144	-0.3039	0.4503
C20313	0.4129	-0.4919	0.0599	-0.5151	-0.2784	-0.5414
C20314	0.2518	0.0277	0.6330	0.3030	-0.1818	0.1750
C20315	-0.2724	0.0270	-0.0267	-0.2707	0.6573	0.0367
C20316	0.2276	0.3850	-0.1666	-0.0385	-0.7707	-0.5665
C20319	-0.3143	-0.1273	0.2193	-0.3837	0.0956	-0.2582
C20327	-0.5100	0.0943	-0.3995	-0.3454	0.0458	-0.4240
C20333	0.3622	0.1416	-0.3593	-0.3573	-0.6245	0.5628
C20345	0.3108	0.1428	-0.1903	0.4680	0.1913	0.1041
C20350	-0.0602	-0.0287	0.0610	0.4186	-0.0100	0.1811
C20351	0.2905	-0.6135	-0.0567	-0.2092	-0.2695	-0.0935
C20353	-0.6963	0.0173	1.0266	-0.1898	-0.6322	0.1211
C20357	1.1428	1.7483	1.6944	2.4779	1.9256	1.9767
C20359	-1.0930	-1.5949	-1.7459	-2.0071	-2.2194	-2.9574
C20361	0.1616	0.0306	-0.1124	0.3262	0.1378	-0.5556
C20371	-0.1866	0.1925	0.4439	-0.1629	0.2224	-0.1501
C20372	-0.6419	-0.0356	-0.0337	-0.3055	-0.2325	-0.2052
C20373	-0.0292	0.0561	0.0521	-0.4195	-0.2507	-0.2700
C20374	-0.4594	0.3831	-0.3872	0.6323	-0.1952	-0.1352
C20375	0.1917	0.6506	-0.2566	-0.1040	-0.1269	-0.7428
C20376	0.0949	-0.1001	0.1116	0.0607	0.1532	0.0937
C20377	-0.3683	-0.0515	0.4190	0.1108	-0.5569	-0.1415
C20378	0.2007	0.1360	0.3356	0.0674	-0.1901	0.5109
C20379	0.2564	0.1501	-0.1027	-0.2152	0.2386	-0.0635
C20381	-0.1227	0.0349	0.0860	-0.1777	-0.3155	-0.2538
C20384	-0.0766	0.0161	-0.0351	0.1376	0.2410	0.1417
C20385	0.2108	-0.4085	-0.4619	0.2617	-0.0675	0.0294
C20386	-0.0207	-0.3503	-0.2021	0.6543	0.5493	-0.3670
C20387	0.6120	0.5488	0.1192	0.1140	-0.1428	0.5279
C20395	1.8319	1.5459	2.1255	2.2232	1.8045	2.4622
C20396	0.1865	-0.2186	0.4233	0.2177	-0.2901	-0.8886
C20397	-0.4816	0.0291	0.1630	-0.2655	-0.6888	0.7486
C20399	-0.3203	-0.4087	0.1593	-0.1251	0.0035	0.3088
C20400	0.2932	-0.0437	0.1219	-0.3102	0.0503	0.1472
C20403	-0.1700	0.0770	-0.1303	0.1810	-0.0163	-0.7878
C20404	-0.3399	0.1124	-0.0075	-0.7655	-0.5293	0.2179
C20406	0.4642	0.1213	0.0501	-0.4652	-0.1736	-0.3876
C20407	-0.4207	0.0765	0.4462	0.1305	0.2106	-0.9903
C20408	0.0388	0.0374	0.2688	-0.1527	-0.0040	-0.1209
C20409	-0.2015	-0.4676	-0.5495	-0.1158	-0.4687	0.1777
C20410	0.0576	-0.0641	0.4294	0.3807	0.5728	-0.1393
C20413	0.2634	0.3220	-0.3682	0.3612	1.0702	0.6424
C20415	1.5470	1.7684	1.6023	2.1109	2.2202	2.6653
C20417	-0.4376	-0.4552	-0.1458	-0.2073	0.0545	-0.3327
C20418	1.7597	1.4629	1.5634	1.6876	2.3990	2.8483
C20419	0.8675	1.9532	1.7774	2.0094	1.7316	2.1219
C20422	-0.0837	-0.3459	-0.1338	0.3493	0.3104	0.2787
C20423	-0.0242	0.0553	-0.1143	0.2849	0.0476	-0.0845
C20424	0.5340	-0.4609	0.3120	-0.0094	-0.5286	-0.0778
C20436	-0.1924	-0.5151	0.3474	0.5688	0.0090	-0.3745
C20437	-0.2128	-0.4532	0.5640	0.4507	0.3246	-0.0538
C20438	-0.2439	0.0274	0.5708	-0.0213	0.4658	0.0220
C20440	0.1296	-0.0666	-0.0403	-0.5467	0.4374	0.4799
C20444	-1.0331	-0.8596	-1.1685	-0.7829	-0.8516	-2.0210
C20445	0.7345	1.0987	1.2137	0.0864	1.2202	1.0316
C20447	-0.3871	-0.5994	0.1013	-0.2060	0.1544	0.0149
C20452	0.0367	-0.2766	-0.0841	-0.0474	-0.3555	0.1240
C20453	-0.9294	-0.5671	0.1818	-0.2825	-0.1311	-0.4442
C20466	-0.3526	0.4754	0.1781	-0.2689	0.6823	0.0119
C20499	0.5540	0.7162	1.0259	0.9665	1.1144	1.4924
C20500	0.0517	0.3215	0.1387	-0.2739	0.2634	0.2439
C20502	0.2621	-0.3554	-0.2311	-0.8354	0.1199	-0.1354
C20503	-0.3391	0.8136	-0.4156	0.3007	0.1388	-0.4069
C20505	-0.4358	-0.0872	-1.0433	-0.1201	0.3858	0.0534
C20507	-0.1309	0.4259	-0.0897	-0.4204	-0.7624	0.3098
C20509	0.0470	-0.6762	0.3472	0.1788	-0.0271	-0.3737
C20512	0.8062	0.5660	1.3597	0.5159	1.3158	0.3651
C20513	1.0498	0.1325	-0.1502	0.0436	-0.0951	0.1484
C20518	0.0782	0.2641	-0.0104	-0.0008	-0.0014	0.7596
C20522	-0.8159	0.0143	-0.2850	-0.8815	-1.0852	-1.4530
C20525	-0.1302	-0.1413	0.1370	-0.0722	0.5357	0.3036
C20526	-0.6788	-0.2522	-0.1479	0.0858	-0.3455	0.5170
C20527	0.5943	0.5389	0.1754	0.2089	0.2410	-0.9385
C20529	0.1500	-0.5133	-0.0993	0.6460	-0.0018	-0.1119
C20530	0.0222	0.1284	-0.9340	0.2931	0.4976	-0.0678
C20559	-0.3562	-0.1555	0.5064	0.5360	0.1162	0.2794
C20560	0.0140	0.0061	-0.1167	0.2609	0.5691	-0.1358
C20562	-0.2991	0.1361	-0.5058	0.0291	-0.0851	-0.4168
C20563	-0.2595	0.2725	-0.1742	-0.1126	0.1637	-0.0907
C20564	0.0821	-0.2653	-0.0293	-0.1184	-0.3909	-0.1445
C20566	0.2527	-0.6454	0.4997	0.0420	-0.1667	-0.0538
C20567	0.1776	0.3807	-0.3902	-0.1810	-0.0039	0.1429
C20570	0.0753	0.0141	0.8241	-0.3611	0.1218	0.3970
C20571	1.2746	1.5283	1.8566	1.9114	2.1614	2.8148
C20572	0.4493	0.1622	-0.8566	0.3790	0.2290	0.0152
C20573	-1.3199	-0.9285	-1.8482	-1.9156	-1.7377	-2.0204
C20574	0.0783	0.4882	0.5337	0.3117	0.0151	-0.0877
C20575	0.1516	0.0056	-0.3028	0.0339	-0.1454	0.1353
C20581	0.2822	0.1192	-0.1963	0.2670	0.7886	0.2154
C20582	0.7310	0.0791	0.2643	-0.1519	0.5121	0.3962
C20583	0.1956	-0.0354	0.2822	-0.3445	-0.1157	-0.1771
C20589	0.0200	-0.5876	0.4323	0.1355	0.4293	-0.7579
C20604	0.3519	0.0504	-0.1261	-0.0006	-0.1574	0.2741
C20605	-0.4232	-0.3089	-0.7685	-0.3242	0.6141	-0.0729
C20607	0.1997	0.2638	-0.1501	-0.0860	-0.2174	0.2099
C20612	-0.5577	0.7570	-0.3860	-0.0263	-0.2825	-0.5491
C20613	1.2317	1.0878	2.0553	2.1056	2.6621	2.0837
C20614	-0.0391	0.3589	-0.3457	-0.1306	-0.6720	0.4286
C20629	0.2398	0.0139	-0.1281	0.7467	-0.0800	0.3119
C20630	0.5193	-0.2790	0.5604	0.1263	0.4874	0.5579
C20638	0.8484	1.6051	0.9110	1.8802	1.8831	2.6155
C20639	-0.5018	0.1361	-0.5718	0.2927	0.1354	-0.4838
C20640	-0.6564	-0.0517	-0.3768	-0.3622	0.1857	0.2007
C20644	0.2622	0.4517	-0.1729	-0.3596	-0.5337	-0.4693
C20651	-0.1573	-0.0322	0.1564	-0.0164	-0.0023	0.1819
C20653	0.2670	-0.2016	-0.1224	-0.0509	-0.3065	-0.1648
C20654	0.0700	-0.3628	-0.5468	0.8887	0.3335	0.0484
C20657	-0.2510	0.0773	0.0357	0.4856	-0.0546	0.3986
C20666	0.3951	-0.5276	-0.3036	-0.3639	0.5962	-0.0653
C20668	-0.8460	-1.2942	-0.7472	-0.9422	-1.3813	-1.5002
C20672	1.5357	1.5387	1.5968	2.1640	2.3059	2.3163
C20679	-1.9256	-1.6455	-2.0985	-1.6722	-2.3496	-2.5064
C20680	0.1089	0.0166	0.1459	0.4156	0.5308	0.5211
C20682	1.5625	1.9564	1.4830	1.8700	2.5060	2.4638
C20683	0.0886	-0.0468	0.4276	-0.1120	-0.2488	0.0364
C20690	0.0994	-0.2793	0.1031	0.2964	0.1284	-0.1430
C20698	0.6528	-0.2539	-0.4746	0.3861	-0.0966	-0.5676
C20699	0.0809	0.2059	0.6285	0.4723	-0.4663	-0.3257
C20710	-0.3357	-0.7710	-0.5918	0.9120	-0.1958	0.1178
C20737	-0.1601	0.7392	-0.0942	0.0197	-0.2783	0.0287
C20738	-0.0065	-0.0926	0.3797	-0.4055	-0.0485	-0.2040
C20760	-0.1036	-0.0337	0.9528	-0.4252	-0.0007	-0.1388
C20768	-1.6537	-1.6658	-2.0515	-2.2386	-2.7565	-2.5457
C20769	1.7093	1.4055	1.5556	1.8673	2.0772	2.4621
C20772	-0.1070	0.1268	-0.1028	-0.0986	0.1413	-0.0592
C20773	-0.2543	-0.1634	0.0331	-0.7767	-0.3555	0.3280
C20774	-1.2508	-1.4629	-1.9710	-1.5150	-2.1580	-3.2828
C20775	0.5079	-0.8170	-0.4645	0.7890	0.4293	0.5184
C20776	0.0348	0.3341	-0.7119	-0.4838	0.5857	-0.8847
C20781	0.1698	-0.3374	-0.2901	0.1971	-0.2251	0.5366
C20782	-0.5451	-0.0551	0.2016	0.6077	-0.3749	0.6145
C20783	0.1844	0.2298	0.0186	-0.0379	-0.0017	0.1133
C20784	-0.6239	0.2374	-0.2919	-0.1122	0.0647	-0.2353
C20790	-0.0554	0.0976	0.3643	0.5956	0.0278	-0.2624
C20792	-0.2949	-0.8668	0.5711	-0.2844	0.0201	-0.4235
C20793	0.1853	0.2247	0.1126	-0.0235	-0.1327	0.5265
C20794	-0.6826	-0.5842	0.0388	0.5692	-0.0522	0.0832
C20799	0.0450	0.0957	0.3621	-0.2054	-0.2283	0.0903
C20810	-0.4954	0.1585	0.2234	-0.1406	-0.2124	0.7491
C20825	0.7319	0.2699	0.5867	-0.2116	-1.2656	0.2562
C20827	-0.4724	-0.3034	0.0959	0.0583	0.1081	-0.5880
C20830	0.8047	0.4758	0.1711	0.1240	0.7946	-0.2960
C20831	0.1111	0.6855	-0.1661	0.0097	-0.0656	-0.4716
C20834	0.1807	-0.0213	0.1638	-0.1091	0.0355	-0.1510
C20836	0.0806	-0.3477	-0.5766	0.1545	-0.0751	-0.1180
C20838	-0.6072	-0.1090	-0.0993	-0.0544	-0.0188	-0.4451
C20841	-0.4800	-0.0241	-0.4760	0.3561	-0.0956	-0.3556
C20842	-0.0888	0.2362	0.0639	-0.0130	0.1592	-0.1750
C20846	0.0095	-0.0713	-0.2830	0.0171	-0.9239	0.1629
C20847	0.2236	0.0485	-0.3701	0.7092	0.4967	-0.1218
C20848	0.3786	-0.0685	-0.0405	0.1151	-0.4011	-0.5159
C20851	0.3121	-0.0173	-0.2486	-0.5812	0.2127	-0.1247
C20852	-0.4232	0.1394	0.0419	-0.2632	0.5563	0.0022
C20853	0.2596	0.4054	0.1383	-0.7538	0.0786	0.3755
C20854	-0.0115	0.1881	0.6639	-0.3070	-0.2773	-0.2256
C20856	-0.5196	0.4561	0.0227	0.2251	-0.5625	-0.0180
C20857	-0.1009	0.3124	-0.4760	0.2504	-0.1274	0.6391
C20859	-0.4482	0.3952	0.1162	-0.0027	-0.2122	-0.5089
C20870	0.5276	-0.2552	-0.4454	0.1607	0.6188	-0.0085
C20876	0.0810	-0.1836	0.0289	-0.1723	-0.0342	-0.2895
C20877	-0.9057	-0.5271	-0.9412	-0.8153	-1.2552	-1.4581
C20878	0.1155	0.2522	0.1363	-0.0265	-0.1581	0.0500
C20879	0.1894	0.0693	-0.3166	-0.3182	-0.3349	-0.2807
C20883	-0.0646	-0.1727	-0.0207	0.0820	0.6891	-0.3407
C20884	0.5667	0.2293	0.0360	0.1051	0.0449	-0.0962
C20885	0.3085	0.5229	0.0542	-0.3807	-0.1130	0.5100
C20889	-0.0910	0.3546	0.1718	0.0288	0.2106	-0.5651
C20894	0.2466	0.3139	-0.0169	0.1229	0.2233	-0.1105
C20896	0.3171	0.6581	0.1596	0.2441	-0.1953	-0.2361
C20897	0.5537	0.1417	0.6864	-0.3738	0.1330	-0.3117
C20898	0.2210	0.2414	-0.0301	-0.1449	0.0479	0.3474
C20902	1.2951	0.0125	0.1313	-0.3136	-0.0956	-0.3013
C20903	0.1243	0.3801	0.0631	0.0102	0.3190	-0.0890
C20926	0.4342	-0.0071	-0.0416	0.1901	-0.5009	0.3069
C20934	1.1974	1.7015	1.9971	1.4320	2.4902	2.3551
C20935	-0.3791	-0.0095	-0.0886	-0.2994	0.0412	0.2663
C20940	0.3231	0.6295	-0.3213	0.0594	-0.3805	-0.0834
C20941	0.2378	0.0909	-0.2722	-0.2561	0.2499	0.0113
C20942	0.1594	-0.3686	-0.0146	-0.0564	-0.0052	0.1701
C20948	-0.2100	0.1935	0.1461	-0.0206	-0.1332	-0.4718
C20949	-0.0364	0.5801	0.1178	-0.0379	-0.4431	0.5097
C20950	-0.2736	-0.0742	0.3278	0.4326	0.0439	-0.4509
C20951	-0.2715	0.3413	0.3624	0.7038	-0.9258	0.0475
C20952	0.7298	0.9328	0.3153	1.5637	0.7953	0.9668
C20953	-0.0804	-0.4429	0.1513	0.0074	0.4999	0.0436
C20954	-0.2951	-0.0053	0.4710	-0.5508	-0.4763	0.0320
C20955	0.0020	-0.4474	0.0652	0.0015	0.4723	0.1645
C20956	-0.2945	-0.5890	-0.2767	-0.1788	0.0840	-0.7804
C20961	0.0799	-0.1039	-0.0915	-0.5561	-0.4709	0.1371
C20962	-0.5773	-0.3730	0.1755	0.0108	-0.4188	-0.0176
C20963	0.0405	-0.0426	-0.0609	-0.1213	-0.5280	-0.3866
C20964	0.3029	0.0509	-0.1712	0.5126	-0.1772	-0.1100
C20966	0.0918	0.2189	0.3244	0.1612	-0.3525	0.1959
C20970	0.0787	0.0068	0.3537	-0.6563	-0.2040	0.3214
C20971	0.2236	-0.0670	-0.1634	-0.2293	0.0816	0.0787
C20972	1.3277	1.0946	1.9168	2.4778	2.5070	2.4647
C20973	1.2335	1.6860	1.7445	2.1258	2.7854	2.5775
C20974	-0.3169	0.6119	0.0035	0.1597	0.0860	0.2104
C20975	-0.0838	-0.1407	0.2398	-0.3145	-0.2084	-0.0778
C20976	0.1831	-0.5876	-0.4705	0.1400	0.0742	-0.3220
C20977	-0.1230	-0.1455	0.2123	-0.3443	-0.5563	-0.3651
C20981	-0.1096	0.8479	0.4494	0.2412	-0.5377	0.3011
C20986	-0.0552	-0.0121	-0.7491	-0.5744	0.5447	0.2622
C20991	-0.6264	0.0030	-0.1320	0.4019	-0.2661	0.2168
C20994	-0.6718	-0.9863	-1.0290	-1.3712	-1.2931	-1.1419
C20995	-0.3134	-0.5862	-1.2427	-0.5313	-1.0313	-0.9563
C21007	-0.1643	-0.1493	-0.2509	-0.9870	-0.0084	-0.4906
C21008	-0.4163	-0.7512	-0.3303	-0.0291	0.6839	-0.0332
C21011	-0.0860	-0.1297	0.3861	0.3185	-0.4734	0.0707
C21012	0.0489	-0.3267	0.5976	-0.2523	-0.6946	0.2655
C21013	0.1676	-0.1196	0.4396	0.3884	-0.0148	-0.0761
C21014	-0.3718	0.6048	-0.0115	-0.0054	-0.4571	-0.1920
C21015	-0.0918	-0.3578	-0.1278	-0.8477	0.0115	-0.0406
C21016	0.8138	0.1307	0.1719	-0.1751	0.3527	0.4544
C21017	-0.5614	0.8299	-0.2091	0.1586	-0.1767	-0.7499
C21018	0.0907	-0.2293	0.3871	0.4886	-0.6314	-0.2211
C21027	-0.1327	0.2401	-0.0171	0.0418	0.3095	-0.5414
C21028	-0.4277	0.1858	-0.1864	0.2597	-0.5610	-0.5117
C21029	0.2007	-0.1059	0.0858	-0.4538	-0.5576	0.6962
C21064	0.4173	0.0624	0.5283	-0.6855	-0.7312	0.0140
C21065	-0.1019	-0.4503	-0.2763	-0.2076	-0.0273	0.5124
C21066	0.1915	0.0164	-0.2452	0.9384	-0.1525	-0.5334
C21068	-0.0978	0.0975	0.6388	0.2193	0.8631	-0.0561
C21069	0.2363	-0.4351	-0.2335	0.7512	0.0894	0.0317
C21070	-0.1968	0.0466	0.1308	0.3096	-0.3321	0.5051
C21071	-0.2495	-0.1169	-0.3699	0.1765	0.0317	0.1700
C21072	-0.4254	-0.3466	0.0070	0.3834	0.3475	0.3571
C21073	-0.1883	1.0396	-0.3402	0.2765	-0.3649	0.4890
C21074	-0.2012	-0.0436	-0.0516	0.0202	0.0047	-0.0562
C21075	-0.5252	0.1038	0.0832	-0.0828	0.0843	-0.5080
C21084	0.2053	-0.2859	-0.4147	0.4775	-0.1887	-0.2197
C21085	-0.1440	-0.1462	-0.1021	-0.2749	0.4019	-0.4233
C21086	0.0287	0.2450	-0.0899	-0.3086	-0.1448	0.1406
C21087	1.3225	0.3132	0.0535	-0.2961	0.0992	0.4576
C21093	-0.3117	-0.9655	-0.3455	0.0791	-0.3161	-0.4945
C21094	-0.5191	-0.3427	-0.1453	0.2775	0.1771	-0.0075
C21104	0.3611	-0.2590	-0.3137	-0.7907	-0.1761	0.2481
C21105	-0.0238	-0.2612	-0.2421	0.2878	0.2104	-0.3295
C21106	0.2760	0.1859	0.2346	0.4395	-0.5596	0.5672
C21107	-0.6136	-0.2425	-0.3138	-0.1930	-0.2298	0.1250
C21108	0.5952	-0.1901	-0.0946	-0.0925	-0.1303	0.1522
C21109	-0.1575	-0.2823	0.1055	0.6220	-0.7476	0.0505
C21110	-0.2088	-0.0728	0.1055	-0.3539	0.7818	-0.1149
C21124	0.4853	-0.3493	-0.2252	0.1674	-0.4230	-0.0467
C21125	-0.1219	0.4546	0.1914	-0.2350	0.5804	0.5837
C21126	0.2863	0.3985	-0.0176	0.3778	-0.7720	-0.5999
C21127	0.0386	-0.3082	0.2699	-0.5317	0.0303	-0.1107
C21128	-0.9076	-0.1345	0.3450	-0.2867	0.1809	-0.1702
C21129	0.3167	-0.0707	0.2861	0.3930	-0.2718	-0.4975
C21130	0.0956	0.2704	0.3879	-0.3763	0.1630	-0.5121
C21131	-0.2667	0.8102	1.1239	0.2019	1.4893	1.0131
C21134	-0.2951	0.0120	0.1498	0.1796	-0.4035	0.0830
C21135	-0.3120	-0.2762	-0.3185	-0.0597	-0.0132	-0.5422
C21136	0.1848	0.1313	-0.3375	-0.5150	0.3894	0.4348
C21137	0.9251	-0.1847	-0.2659	0.2142	0.4472	0.2046
C21138	-0.2437	0.2438	0.5801	0.4840	0.1001	0.3067
C21139	0.3360	-0.2806	-0.4922	-0.1846	0.6553	0.2805
C21140	-0.1780	-0.0111	0.7280	0.0670	-0.7720	-0.2591
C21141	-0.1207	-0.2063	-1.0900	-0.5170	-1.1759	-1.4097
C21144	0.0665	0.0080	-0.4785	-0.4493	-0.2489	0.6215
C21154	0.2072	-0.2922	-1.1392	0.0207	0.1754	-0.1013
C21156	0.4096	0.1106	0.2664	-0.0490	-0.2597	-0.3943
C21176	0.4400	-0.2402	0.0187	0.3490	-0.0599	-0.2092
C21180	0.7998	0.8306	1.2206	1.3831	1.9378	0.5466
C21181	0.3148	-0.4457	0.1290	-0.2212	-0.1815	0.3226
C21182	0.4309	0.0005	-0.0134	0.0341	-0.5019	0.2087
C21183	0.0907	0.2343	-0.4345	-0.0330	-0.2752	0.4705
C21184	0.1032	-0.1548	0.0338	0.3570	0.1610	-0.3729
C21191	-0.0791	0.1942	0.7184	-0.4863	-0.3986	-0.4484
C21204	-0.0876	-0.5611	-0.0265	-0.2244	-0.2279	-0.2881
C21205	-0.1865	0.0869	0.0689	0.5789	0.1106	-0.3716
C21206	-0.2447	-0.0050	0.2798	0.1511	-0.5200	-0.3362
C21207	0.1724	-0.2754	0.4483	-0.4618	-0.0082	0.3456
C21208	-0.0286	0.2096	-0.0998	-0.6167	-0.0870	-0.3801
C21214	-0.2366	0.1350	-0.3067	0.0022	0.1708	0.4658
C21215	0.0586	0.0959	0.2582	0.2154	-0.0397	0.0555
C21216	-0.2192	0.8383	-0.0846	0.4910	-0.3426	-0.3609
C21217	0.0130	0.2342	0.2075	-0.5440	0.5415	-0.3292
C21218	0.0080	0.5987	-0.0917	-0.2534	-0.0936	0.0537
C21219	0.2884	0.6590	0.7669	1.3781	1.0453	1.4175
C21250	-0.4172	0.1261	0.5163	-0.0836	-0.3778	0.4353
C21251	0.1789	0.1559	-0.4323	0.8095	0.8032	-0.3583
C21252	0.2492	0.1591	-0.5410	-0.2661	0.1228	-0.3051
C21253	-0.1756	0.2172	-0.3183	-0.4181	-0.3157	-0.0436
C21254	-0.0286	0.2680	0.5452	0.3231	0.2217	-0.3906
C21255	-0.3237	0.8122	-0.1321	0.4257	-0.4388	0.4398
C21256	-0.3508	-0.6147	-0.5230	0.0672	-0.6131	-0.8455
C21257	0.2955	0.3259	0.3963	0.6197	-0.4951	-0.3645
C21258	0.2987	0.0286	0.2461	-0.3037	0.4203	-0.3235
C21259	0.1695	0.4628	-0.0330	-0.4637	0.0699	0.6097
C21260	-0.2553	-0.0709	0.4987	-0.2555	-0.0298	0.6815
C21261	-0.2012	0.4348	0.4615	0.1501	0.3976	0.9305
C21262	-0.4022	-0.4686	0.3608	0.0970	-0.4294	0.2268
C21263	-0.1168	0.2827	-0.3002	-0.4610	0.3584	0.3185
C21264	-0.4693	-0.2530	-0.2227	0.0993	-0.1105	0.5168
C21265	-0.3902	0.3697	0.5113	-0.5721	0.8355	-0.4490
C21266	-0.1930	-0.1034	0.2990	-0.5207	0.2084	-0.5490
C21267	0.0209	-0.1768	0.5707	0.0535	-0.2707	-0.5967
C21268	-0.0075	0.5101	-0.5075	0.1515	0.2879	-0.1117
C21269	-0.4106	-0.4052	-0.5294	-0.2733	0.1765	-0.2939
C21270	0.1573	0.1595	0.0926	-0.1717	0.0330	0.6507
C21279	0.5052	-0.2422	-0.2269	0.0812	0.4247	-0.3988
C21280	0.0353	-0.2590	0.2552	-0.3480	0.1668	0.0329
C21284	0.2414	0.1212	0.1234	0.1361	-0.0426	-0.1651
C21292	0.0982	-0.0567	-0.2448	-0.3093	0.0455	0.1908
C21295	-0.0320	-0.0025	-0.6148	-0.2841	0.3748	-0.1139
C21301	0.2251	-0.1189	0.2345	0.5321	-0.0671	0.4032
C21306	1.1512	0.6675	0.9097	0.9894	1.6924	1.3758
C21307	-0.1334	-0.3977	0.5521	0.4838	-0.4323	0.2692
C21308	-0.0382	0.1306	0.1871	-0.1742	-0.2873	0.2204
C21309	0.1977	0.0993	-0.2900	0.2445	0.1526	-0.0810
C21310	0.7014	0.9477	0.8717	0.6052	1.2194	1.4288
C21311	-0.2302	-0.3560	0.0820	0.4564	-0.0588	0.4662
C21312	0.2433	-0.1300	-0.2616	0.4727	0.1866	0.0251
C21313	-0.9542	-0.0178	0.1005	0.2427	-0.2981	0.0161
C21320	0.5080	-0.1162	0.1470	-0.2355	0.5253	-0.5480
C21321	0.3739	-0.2681	-0.2133	0.0658	-1.0375	-0.0473
C21322	-0.4643	0.0655	0.4321	0.4648	-0.0446	-0.6342
C21323	0.5947	0.5005	0.3268	0.8829	0.9824	1.9220
C21324	-0.3045	-0.2489	-0.1848	-0.4849	-0.2087	0.0156
C21325	0.5533	0.2579	-0.3128	0.7102	-0.2055	0.0657
C21326	0.0112	-0.2046	0.2714	-0.1624	0.1762	-0.1632
C21327	0.3641	0.0409	-0.5006	0.1811	-0.0865	-0.6621
C21328	-0.3993	0.3729	-0.5974	0.1692	-0.2247	0.2259
C21330	-0.4545	-0.6094	-0.2293	0.0571	-0.6676	-0.0322
C21337	-0.6350	0.1143	-0.1276	0.1468	0.2875	0.5831
C21338	0.4769	-0.0559	0.2256	-0.3640	0.1591	-0.0352
C21339	-0.1149	-0.1933	0.0855	-0.2665	-0.0853	1.0182
C21340	-0.1633	0.8058	-0.0454	0.1713	0.3123	-0.4930
C21341	0.1284	0.3536	0.3188	-0.2802	-0.7999	-0.4809
C21342	-0.3785	-0.2342	-0.1559	-0.3240	0.4940	-0.0879
C21343	0.0548	-0.0520	0.0217	0.1853	0.3191	-0.2275
C21344	-0.6699	-0.0803	0.4731	-0.0790	-0.2542	0.0364
C21345	0.0591	0.2544	0.2440	0.0775	-0.0313	-0.1345
C21346	0.2007	0.0920	0.0021	-0.2133	0.1392	0.1885
C21347	-0.3444	-0.0361	-0.1581	-0.1531	-0.1962	-0.1234
C21357	0.1799	0.3233	-0.5059	0.7135	-0.2373	-0.0867
C21368	-0.3156	-0.1185	0.0584	-0.4123	-0.5500	0.2252
C21372	0.0732	0.1450	-0.2824	-0.3155	0.1005	0.2605
C21383	-1.6359	-1.5169	-1.4437	-2.4461	-2.2652	-2.6017
C21384	1.0294	0.8348	1.3838	1.9149	2.0214	2.5822
C21390	0.0006	0.7288	-0.0631	0.4013	-0.0175	0.1115
C21403	-0.1399	-0.8038	0.3107	1.0908	0.1696	0.0360
C21404	-0.1855	-0.2622	0.6182	-0.3991	0.0860	-0.2728
C21408	-0.1231	0.1492	0.0133	0.2698	0.1585	-0.0229
C21411	0.1630	1.0619	1.3363	1.1149	1.0518	0.9199
C21412	0.1558	0.1199	0.4258	-0.6193	-0.3315	-0.2310
C21427	0.1930	0.3634	-0.2284	-0.1298	-0.1511	0.6281
C21428	0.6946	0.8068	0.7397	1.1175	1.4061	0.7920
C21429	0.9631	-0.4412	-0.3134	-0.1840	0.0453	0.1747
C21430	-0.2596	0.0335	-0.3077	-0.1013	-0.1181	0.3902
C21431	-0.3913	-0.2725	-0.0369	0.2393	0.4797	-0.6056
C21432	0.4422	-0.4252	0.4550	0.0680	-0.0189	0.4691
C21433	0.1162	-0.0508	0.4449	-0.2540	0.1685	0.0525
C21434	-0.4245	0.1919	0.4549	0.1251	-0.5206	0.0025
C21435	0.3437	0.1065	0.1146	-0.4921	-0.0956	-0.4180
C21442	0.3799	0.0482	0.3603	0.2880	0.0298	0.2206
C21450	0.6143	-0.2146	-0.4859	-0.0004	0.4450	-0.1641
C21451	-0.5284	0.1207	0.1898	0.4839	0.1769	-0.6852
C21473	0.4052	0.1496	-0.0272	-0.0743	-0.1087	0.0237
C21478	-0.7687	0.4250	-0.2578	-0.4000	0.1803	0.3238
C21479	0.1270	0.2911	0.4859	-0.2624	-0.0324	0.4519
C21480	-0.4405	0.2276	-0.2343	0.5797	0.8714	0.4812
C21481	0.5398	0.3711	0.1242	0.6753	-0.3301	-0.5520
C21482	-0.1727	0.3041	0.2669	-0.4225	-0.6453	-0.6320
C21483	-0.3877	0.0782	-0.2335	-0.4579	-0.0477	0.6125
C21484	0.2004	0.1749	0.1478	-0.1748	0.0114	0.1889
C21485	0.6374	-0.3188	0.8029	-0.0018	-0.1151	0.1067
C21486	-0.0073	-0.3837	-0.2165	0.1607	0.1889	0.4163
C21510	0.5625	0.9698	1.2832	1.7761	1.3800	0.7932
C21511	-0.1519	0.1651	0.3404	0.3164	0.1208	-0.3835
C21512	0.0951	0.3313	-0.2085	0.2092	0.2172	-0.5746
C21559	0.1810	0.1285	-0.3706	0.2993	-0.0016	0.7322
C21565	-0.0435	-0.2649	0.0358	0.1523	0.2569	0.3106
C21567	-0.1119	0.1296	-0.4778	-0.8378	-0.5883	0.3215
C21568	-0.0347	0.6988	0.5370	1.2029	1.7669	0.9460
C21569	0.6581	0.2542	-0.1119	0.1983	0.1653	0.3908
C21570	0.3858	-0.2303	-0.0534	0.0846	0.3799	0.5484
C21571	0.5524	-0.1449	-0.4863	-0.1091	-0.5310	0.3850
C21572	0.1180	-0.3285	-0.0223	0.0213	0.0254	0.1338
C21573	0.1963	-0.0502	-0.4529	-0.0427	-0.0147	-0.1898
C21574	-0.1334	0.6074	0.1415	0.4487	0.1086	-0.1896
C21582	-0.0249	-0.4176	-0.4284	-0.2526	-0.2667	-0.0577
C21586	-0.0607	-0.5636	0.0827	-0.3537	-0.0955	-0.1944
C21587	-0.1634	0.0745	-0.1664	-0.2734	0.2897	0.1310
C21588	0.4676	-0.2489	-0.2791	-0.2883	-0.0774	-0.2367
C21589	0.0615	0.7510	0.1024	-0.2727	0.2026	-0.0056
C21590	-0.3814	0.2526	0.0745	0.7334	0.1069	-0.1370
C21591	-0.3006	0.1689	0.2411	0.1441	0.0231	-0.2240
C21613	0.2673	-0.3932	0.1604	0.3321	0.0718	0.0053
C21621	-0.0116	0.0058	-0.3200	-0.4255	-0.0077	-0.3117
C21632	-0.9968	-0.7007	-1.3844	-0.7423	-0.6250	-0.6820
C21640	0.4379	-0.3527	-0.3590	0.2120	0.1743	-0.1261
C21641	-0.0641	-0.4444	0.2765	-0.2485	0.2133	0.1166
C21642	0.5697	1.2407	1.0600	0.2484	0.9428	0.7264
C21643	0.0857	-0.0329	-0.0365	0.2573	-0.1030	-0.1461
C21644	-0.5499	-0.6317	-0.5159	-0.9058	-1.6308	-1.6348
C21646	-0.2669	-0.3464	-0.2524	-1.0231	-0.4461	0.6055
C21647	-0.2714	0.3240	-0.6953	0.5661	-0.6277	0.0314
C21648	0.3615	-0.1662	-0.0178	0.1140	0.2742	0.1135
C21678	0.1891	0.9121	-0.0109	-0.2388	-0.4740	-0.0922
C21723	0.2712	0.4590	-0.6291	-0.1875	-0.2914	0.3286
C21724	-0.0188	-0.3910	0.1693	0.0886	-0.5049	0.3936
C21748	-0.0478	-0.7480	-0.6060	0.0592	-0.2565	-0.0151
C21749	-0.7034	-0.3575	-1.1554	-0.5822	-0.9298	-0.7740
C21750	0.4751	0.2825	0.4098	-0.0878	-0.1419	-0.2103
C21751	-0.6272	0.0998	0.0744	-0.0309	-0.1741	0.3316
C21754	0.8560	0.2813	0.2311	-0.1524	0.5155	-0.5055
C21758	0.7479	0.1718	0.4893	-0.2514	-0.0493	-0.0653
C21759	-0.4024	-0.3785	-0.3591	0.0586	0.1212	0.1380
C21760	0.0029	-0.6893	0.0552	-0.0577	-0.0677	0.0351
C21762	0.3702	-0.3481	-0.0352	0.0343	0.6136	0.4447
C21764	0.3278	-0.3632	0.4869	-0.1448	-0.0872	-0.0959
C21778	-0.2027	-0.0423	-0.0210	0.1655	-0.0351	-0.2250
C21779	0.2243	0.1747	0.5518	0.4764	-0.0051	0.2181
C21790	0.1094	0.0618	-0.0732	-0.0947	0.0865	0.0272
C21791	-0.1831	-0.3709	-0.0105	-0.5599	0.1018	0.2167
C21797	-0.3706	0.2053	-0.1784	0.2676	-0.3935	-0.1232
C21803	0.7540	0.6929	0.8547	0.7921	0.5981	1.5380
C21804	-0.0875	-0.0781	-0.2324	0.4815	-0.3516	-0.3555
C21805	-0.4541	0.1589	-0.0584	0.2576	-0.1812	0.4101
C21835	0.0885	-0.2455	-0.2316	-0.1330	-0.3324	0.2963
C21860	0.2676	0.2101	-0.1665	0.3493	0.1856	0.4675
C21873	0.3591	-0.2484	-0.0919	-0.0967	-0.1426	0.1045
C21874	-0.2731	-0.3944	-0.3307	-0.2751	-0.3905	-0.5178
C21875	0.5402	-0.1171	-0.2968	0.3580	-0.4076	0.3952
C21897	0.3068	0.0689	0.0958	0.4762	0.5026	0.0559
C21903	0.0289	-0.0227	0.2593	0.1110	-0.0260	-0.0725
C21923	0.1731	0.4741	0.2185	0.5083	0.3573	-0.0441
C21924	0.2648	0.3538	0.2174	-0.2457	0.4245	-0.3670
C21932	0.7140	-0.5578	-0.1317	-0.5700	-0.2890	-0.2887
C21934	0.0054	-0.1386	0.2876	0.4970	-0.3580	0.6225
C21935	0.4524	-0.1271	0.0861	-0.0574	-0.4206	-0.0996
C21937	0.0123	0.1724	-0.1189	-0.4778	0.1049	-0.3079
C21939	0.4644	0.0526	0.5357	0.4447	-0.8145	-1.0278
C21941	0.3560	-0.0766	0.2552	-0.2820	-0.4532	-0.1738
C21943	0.4025	-0.2436	0.2106	-0.0030	0.3272	-0.2206
C21945	-0.4419	0.1165	0.3468	-0.1054	0.2901	-0.5936
C21947	-0.0465	0.0542	-0.0792	0.3241	0.3188	0.1662
C21949	-0.0650	0.1911	-0.8054	-0.0448	-0.4196	-0.6973
C21951	0.1309	0.6536	0.4421	0.0391	0.1448	-0.1313
C21953	-0.2887	-0.3663	0.0302	0.0670	0.0788	-0.4681
C21955	-0.3943	0.2238	0.1988	-0.2576	-0.4978	0.4523
C21959	-0.1933	-0.3973	1.1176	-0.1730	-0.1180	0.2122
C21961	0.3001	-0.4735	-0.1339	0.0695	-0.1013	-0.5716
C21963	-0.1177	-0.2581	0.1391	0.2898	0.0535	-0.2602
C21965	-0.3024	0.2580	0.1183	0.2290	-0.1376	0.2759
C21967	-0.0050	0.1132	0.4180	0.1063	0.0804	0.2240
C21971	-0.8580	-1.2778	-0.4911	-1.3768	-1.2922	-1.0629
C21978	-0.2190	-0.2851	-0.2448	-0.1586	0.8115	-0.0218
C21979	-0.3153	0.0477	0.1328	-0.8724	0.0862	0.1092
C21981	0.1813	0.0287	0.3059	0.5539	0.9408	-0.2003
C21988	-0.4464	0.2334	-0.2495	0.4053	-0.2334	0.3061
C21994	-0.2122	-0.3808	0.0039	0.4590	-0.5797	0.0589
C21995	-0.5402	0.0578	-0.0674	-0.2337	-0.4097	-0.3427
C21996	0.2839	-1.0093	-0.6636	-0.3011	0.3123	-0.5767
C21997	0.1146	0.6670	-0.3927	-0.4052	-0.1688	-0.1204
C21998	0.3979	0.5225	-0.0689	0.1695	0.7641	-0.3983
C21999	-0.1553	0.1368	-0.4644	-0.4729	-0.1443	0.1803
C22004	0.2891	0.0159	0.0148	-0.5340	-0.7345	-0.2502
C22006	0.3247	0.2511	-0.5943	0.1084	-0.3751	0.3115
C22014	0.6964	0.6318	0.2206	-0.2749	0.2350	-0.2198
C22024	-0.2040	0.0747	-0.0801	-0.4492	0.3920	0.0949
C22025	-0.2795	-0.7160	-1.2751	-0.5288	-0.3854	-1.2128
C22029	0.0167	0.0378	-0.1942	0.3497	-0.4474	-0.0184
C22038	-0.5207	-0.0707	-0.1892	-0.0172	0.1723	0.0549
C22039	0.9070	-0.2161	0.9384	0.7254	0.7118	1.0792
C22040	0.3969	1.1883	1.1059	2.1258	2.4758	2.5868
C22053	0.1345	0.2937	0.0333	0.2453	-0.4184	0.2858
C22058	0.4245	-0.1943	0.0003	0.2944	0.2706	0.5073
C22059	0.6918	0.2036	0.0388	-0.1403	0.1911	0.4307
C22060	0.1821	-0.0543	0.3983	0.3438	0.0302	0.1528
C22068	-0.3508	-0.2781	0.0825	-0.1107	0.4358	-0.3521
C22069	0.7264	-0.2379	-0.5968	-0.7519	-0.4211	-0.7190
C22072	0.1116	-0.4127	0.2780	0.0443	-0.1947	0.3304
C22073	-0.1240	0.4586	0.2455	0.2508	0.0413	0.6329
C22074	0.1745	-0.4319	-0.3761	0.1438	-0.1258	-0.6610
C22075	-0.5116	0.0585	-0.2719	-0.2185	0.1132	0.0899
C22077	-0.3944	0.2626	0.0308	0.5231	0.2446	0.3973
C22078	-0.4551	-0.1811	0.1897	0.1083	-0.3958	0.5018
C22084	-0.5984	0.1888	-0.4915	0.0479	0.2542	-0.2146
C22085	-0.1666	0.4387	0.6373	-0.8151	-0.2785	0.4354
C22101	-0.0773	-0.0815	-0.1745	0.1175	-0.0493	0.0460
C22102	-0.4312	0.3258	-0.4261	0.4468	-0.2188	0.2936
C22112	0.0959	-0.5162	0.1983	0.0285	0.4978	-0.5202
C22116	0.4698	-0.1584	0.5493	-0.1954	0.1719	0.0915
C22119	-0.1069	0.2209	0.3069	0.0491	0.1225	0.0848
C22120	0.3679	-0.6280	-0.2886	0.0617	-0.7357	0.1343
C22121	-0.8610	-0.9203	-1.1804	-0.8248	-1.3158	-1.2843
C22122	0.3643	-0.3502	0.5510	-0.1868	0.1797	0.1532
C22123	0.0025	-0.0442	-0.1070	-0.1428	-0.3375	-0.3948
C22136	0.3207	-0.1761	-0.6689	-0.5107	0.0443	-0.0199
C22137	0.0416	0.3586	0.1766	0.1698	-0.5320	-0.0978
C22138	0.2564	-0.7953	-0.3576	-0.1315	0.4176	0.4811
C22139	-0.3276	0.2677	0.2682	0.1822	0.2292	-0.5294
C22140	-0.1850	-0.1999	-0.0495	0.0742	0.4388	-0.1571
C22141	-0.1946	-0.2995	0.5935	-0.3214	-0.1707	0.1317
C22142	0.0060	0.3312	0.3840	-0.0074	0.0758	-0.0949
C22143	0.1673	-0.0959	-0.2193	0.4526	-0.1573	0.0471
C22144	-0.2901	-0.0905	0.0950	0.4567	0.0813	-0.3258
C22145	-0.1162	0.1338	0.9282	0.1562	0.5489	0.0897
C22146	0.7518	-0.0111	0.3445	-0.0654	-0.2006	0.0987
C22147	-0.6068	-0.5178	-0.6530	-0.7421	-1.5379	-1.2569
C22148	0.1690	0.2398	-0.2690	-0.2031	-0.3283	0.5309
C22149	-0.4018	0.7290	0.0386	0.0305	-0.2794	0.3293
C22159	0.0620	0.3838	0.2104	0.1335	0.0685	-0.1778
C22160	0.5522	-0.2119	-0.4151	0.0069	0.9286	0.4492
C22161	0.3510	0.4789	0.3989	-0.5766	-0.4868	0.4073
C22202	-0.0316	0.0042	-0.5185	-0.2199	-0.4429	0.2234
C22216	0.4016	-0.2528	-0.3460	-0.6215	-0.1557	0.4383
C22217	0.5981	0.1053	-0.1091	0.0975	-0.0741	-0.2881
C22225	0.0535	-0.4806	-0.5514	-0.2781	0.2262	-0.0293
C22245	0.8769	1.8273	1.5261	1.5242	2.2849	2.7330
C22246	1.1788	1.0363	1.4912	1.5990	1.8058	2.5719
C22247	1.6446	2.1969	1.5890	1.8551	2.1340	2.1150
C22248	-0.7791	-1.7574	-1.6928	-2.4356	-2.0461	-2.6529
C22249	0.0375	0.6761	-0.1049	-0.0180	0.0999	0.0054
C22250	0.8828	1.3995	1.7723	1.8626	2.3061	2.6846
C22251	1.1635	1.0721	1.6509	1.5471	1.7849	2.8591
C22252	0.9231	1.2518	1.5112	1.8312	1.7578	2.4936
C22253	1.3511	1.0261	1.9624	1.3505	2.1936	2.0008
C22254	-0.7033	-1.7450	-1.3588	-1.4335	-2.8127	-2.3160
C22255	1.3231	1.1996	2.0136	1.5913	2.5613	2.4722
C22256	1.3908	2.0219	1.5031	1.8224	2.2048	2.5704
C22257	-0.7619	-0.7479	-1.1214	-1.0580	-0.9529	-1.8825
C22261	1.8048	1.0677	1.8013	1.8738	2.3555	2.7606
C22262	-0.7465	-2.1108	-1.6720	-1.9857	-2.3474	-2.4800
C22270	-1.0153	-1.5978	-1.3164	-1.9537	-2.8732	-2.3112
C22273	0.1810	-0.1368	0.2309	0.4037	0.2940	0.7375
C22276	-0.3998	-0.3072	0.4047	0.1057	0.0259	0.3874
C22277	-0.1446	-0.4336	0.4514	0.4028	0.2356	-0.1545
C22289	-0.3731	0.0012	-0.4199	0.4605	0.2914	-0.6651
C22297	0.1586	-0.0800	0.1192	-0.0089	0.3470	0.1067
C22310	0.3944	-0.1549	0.1795	-0.2041	0.3547	0.4352
C22311	0.2940	-0.0251	0.3252	-0.1456	-0.7011	0.2007
C22315	0.3786	0.5052	-0.5488	0.3317	-0.0682	0.1343
C22316	-0.1518	0.1385	-0.0731	-0.1721	-0.4912	-0.1432
C22337	0.2947	0.0051	-0.1981	0.0819	-0.2194	0.4885
C22338	-0.0290	0.1313	-0.3278	-0.0951	-0.0641	0.0983
C22339	0.3247	-0.4287	-0.3567	0.4144	0.5214	-0.1914
C22340	0.1259	0.1769	0.1164	0.5838	0.5310	0.4403
C22341	0.5835	0.8213	0.6337	1.1566	0.9552	0.5896
C22342	-0.0899	-0.6245	-0.2036	-0.7578	-0.2622	0.0741
C22346	-0.1819	-0.2663	0.6555	-0.1879	0.2343	0.2521
C22347	-0.0901	-0.1902	0.2583	-0.3427	-0.4459	-0.2380
C22348	-0.4431	0.5587	-0.5039	0.3265	0.1934	-0.3960
C22349	0.2918	0.0224	0.0817	0.5103	0.4644	-0.7840
C22352	1.0105	2.0636	2.0977	2.0554	3.1020	2.4377
C22353	1.1868	1.2414	1.4756	0.9404	2.0121	2.3294
C22355	-0.0761	0.1050	0.4979	-0.2460	-0.2604	-0.0890
C22356	-0.1691	-0.3303	-0.0147	-0.2613	0.0427	-0.2928
C22357	0.2691	0.5116	0.3330	-0.0938	0.0466	-0.2968
C22359	0.5011	0.1806	0.1919	0.1149	-0.5768	-0.2331
C22381	0.2571	-0.1441	0.0003	-0.3258	-0.0220	-0.0084
C22383	-0.0867	-0.0455	-0.1792	0.0275	0.1022	0.1915
C22388	0.1410	0.3841	-0.2188	-0.3253	0.0461	-0.2565
C22395	0.1331	0.2472	0.0822	0.2479	0.4734	-0.2950
C22397	0.3311	-0.5573	0.3203	0.0675	0.0835	-0.0625
C22416	0.4033	-0.1915	-0.0882	-0.3310	-0.6108	0.2317
C22421	-0.6612	-0.3499	0.2228	-0.0373	-0.0676	-0.0737
C22425	0.1577	-0.4758	-0.2949	0.2594	0.0375	-0.0687
C22441	-0.6259	-0.8225	-0.8414	-0.6874	-1.4091	-0.9217
C22442	-0.1505	0.1778	0.0789	-0.2129	0.2171	-0.0345
C22443	-0.7289	-0.0135	-0.2532	-0.7928	-0.0156	0.6232
C22450	0.2123	0.0771	0.1653	0.2994	0.1596	0.0134
C22451	0.2035	-0.2744	0.1635	0.0751	-0.5609	0.1413
C22453	-0.5117	-0.0041	-0.6615	-0.3981	0.6731	-0.4184
C22455	0.1306	-0.0693	-0.7543	0.1077	0.0067	-0.0787
C22458	-0.2539	-0.0505	0.3163	0.6864	0.3189	0.4660
C22466	0.3593	-0.1451	-0.0016	0.1913	0.1544	-0.7276
C22467	1.2075	0.9643	1.2741	1.9571	2.2148	2.3075
C22499	-0.1113	0.4947	-0.1415	-0.1326	-0.0250	-0.2937
C22500	-0.2580	-0.0313	-0.2170	-0.4919	-0.1258	-0.5326
C22508	-0.0127	0.0104	0.0149	-0.4644	0.0124	-0.2622
C22509	-0.0217	0.0235	0.0134	0.3115	0.1164	0.2700
C22510	0.1978	-0.2035	0.2494	-0.2451	0.0490	-0.4103
C22511	-0.2355	0.1949	0.1737	-0.1581	0.1506	0.1570
C22528	-0.7187	1.1188	0.0627	0.4110	-0.1247	-0.2964
C22531	-0.1635	0.2217	0.0495	-0.3330	0.0168	0.2567
C22532	-0.2818	0.3163	0.3072	0.1782	0.2534	-0.2814
C22533	-0.0393	0.4353	0.0847	-0.6094	-0.0591	0.1766
C22534	0.4315	-0.2735	0.4040	-0.1115	-0.4889	-0.1408
C22535	-0.1450	0.0636	0.5730	0.2026	-0.6348	-0.0399
C22536	0.1469	0.1062	-0.2569	-0.9554	0.9084	-0.2979
C22537	-0.3157	-0.2488	0.2643	0.0162	0.0573	-0.0052
C22538	0.3676	-0.4056	0.0297	-0.1221	-0.1646	0.1340
C22539	0.3440	-0.0711	-0.2372	0.2719	0.3685	-0.1360
C22540	0.2761	0.0148	0.1671	-0.4198	0.2115	0.1494
C22541	0.1518	-0.3356	0.4506	0.1924	-0.3362	0.6817
C22542	-0.0099	-0.0055	-0.0331	-0.5397	-0.2783	0.1304
C22543	0.0039	0.3661	0.6735	0.2347	-0.1166	0.4168
C22544	-0.2111	0.5337	-0.6107	-0.2708	0.3358	-0.1185
C22545	-0.4167	-0.3953	0.3103	0.3168	0.0844	-0.5519
C22546	0.1634	0.1573	0.7931	0.3902	-0.1274	-0.1967
C22547	0.5962	-0.2993	-0.1831	0.3306	0.1569	-0.4788
C22552	-0.2007	0.3227	-0.1228	-0.4597	0.0366	0.4002
C22553	-0.4648	-0.0166	-0.3311	-0.1351	-0.5467	0.1335
C22556	0.6967	0.3712	0.9215	0.8982	0.8207	0.4605
C22557	0.3908	-0.5267	0.3806	-0.5112	-0.3833	-0.6899
C22558	-0.1297	0.1502	-0.2019	-0.1116	0.0072	-0.1500
C22567	-0.0639	0.1852	-0.1093	0.0843	-0.1874	-0.4005
C22575	0.9979	1.5066	2.1220	1.4266	2.1221	2.6117
C22576	0.1241	-0.1895	-0.4070	0.2765	0.2050	-0.2190
C22611	-0.2173	-0.3037	-0.3538	0.3054	1.0010	0.2283
C22617	0.0964	0.0604	-0.0337	-0.8019	0.1181	0.2680
C22618	0.0296	0.0875	-0.0971	0.2244	-0.1913	-0.1961
C22619	0.3750	-0.1618	-0.2259	0.0612	0.6382	-0.0823
C22629	0.1738	0.3793	-0.0041	-0.3733	-0.4130	0.1485
C22631	0.6325	0.6933	0.5793	1.2606	1.2043	1.1639
C22650	-0.5667	0.3054	0.4308	-0.6431	-0.6775	0.1121
C22651	-0.0510	0.0034	0.3536	0.0116	-0.1349	0.1396
C22652	0.0581	-0.1459	-0.0903	-0.1789	-0.4578	-0.0634
C22653	0.3059	0.2749	0.3488	0.6076	0.8455	1.4595
C22654	-0.1163	0.2506	0.7528	-0.5959	-0.3538	0.2115
C22656	0.0625	0.0930	-0.1947	-0.2514	-0.0478	0.1066
C22658	-0.2700	-0.8126	-0.5995	0.3622	-0.3471	0.0413
C22660	-0.0136	0.2706	-0.0186	-0.4950	0.0974	-0.2512
C22664	1.0629	0.8866	0.7208	0.9075	1.0650	2.2230
C22666	0.0763	-0.1042	0.6977	-0.4029	0.1006	-0.2156
C22667	0.3099	-0.5132	-0.0282	0.0967	-0.3656	0.0120
C22696	-0.1474	-0.2273	0.2893	-0.2614	-0.5143	-0.2678
C22712	0.4221	0.1996	0.3449	-0.0926	-0.1157	-0.2841
C22831	-0.3742	-0.2724	0.7027	0.6882	-0.3903	-0.5274
C22832	-0.1489	0.3882	-0.0052	-0.1657	0.6413	0.2506
C22834	-0.0665	-0.5135	0.6796	0.1338	0.3012	-0.1540
C22855	-0.2874	0.4654	-0.1237	0.1642	-0.5737	-0.2627
C22857	-0.3546	-0.2902	0.5071	-0.6615	0.1220	-0.6484
C22858	0.0423	0.2799	0.0194	-0.1084	0.0926	0.1362
C22859	0.0625	-0.0531	-0.2874	-0.4139	-0.4026	-0.3982
C22860	-0.2140	-0.3769	0.0280	-0.6686	0.4820	-0.3460
C22861	-0.1622	0.2944	-0.2291	0.1658	0.3427	0.2754
C22862	0.3176	-0.0690	0.2464	0.2918	-0.0239	0.4169
C22863	-0.4529	0.1363	0.6673	-0.4424	-0.3483	-0.5852
C22864	-0.0858	-0.1025	0.2820	0.5106	-0.6549	0.0514
C22865	0.1360	-0.4947	-0.4988	0.2431	0.2553	0.1487
C22866	0.3600	-0.3859	0.6830	0.0282	-0.3900	-0.2423
C22867	0.4178	0.4513	0.1176	0.2811	-0.2200	-0.0190
C22868	0.4331	-0.6619	-0.8448	0.3945	-0.6924	0.3147
C22869	-0.0040	-0.1558	-0.2719	-0.6219	-0.3302	0.0628
C22870	-0.0694	-0.2902	0.5228	-0.2052	0.2275	0.1261
C22871	-0.6224	-0.0622	0.3808	0.1007	-0.2391	0.1396
C22872	0.8313	-0.3245	0.9717	-0.4955	0.2622	-0.1575
C22873	-0.4395	0.3543	-0.3437	-0.0501	-0.1501	-0.0005
C22874	0.5026	-0.5903	0.4087	-0.7599	0.6934	-0.1279
C22875	0.2655	0.6292	-0.1614	-0.2852	-0.3077	-0.1798
C22876	0.2288	-0.3147	-0.0219	-0.0945	0.0355	-0.1511
C22877	-0.2722	0.0985	0.2247	0.6671	-0.2486	-0.2701
C22878	-0.2618	-0.0704	0.3991	-0.0976	0.0681	-0.4767
C22879	-0.0760	-0.2541	0.0501	-0.3715	-0.2349	-0.7833
C22880	-0.3807	-0.0993	-0.0531	0.1692	0.2338	0.0111
C22886	0.3099	-0.1176	0.0804	-0.0181	0.7157	-0.2554
C22888	0.5444	-0.0356	-0.1914	-0.3999	-0.2648	-0.1873
C22912	0.7470	-0.5162	0.2039	0.3456	0.2366	0.1748
C22913	-0.5391	0.5832	0.2734	0.3047	-0.0654	0.2993
C22914	0.0753	0.1351	0.0403	0.2309	-0.4275	0.0321
C22915	0.1826	0.2976	0.7759	0.5069	0.2391	0.1419
C22918	-0.4393	0.0171	0.4193	-0.0751	0.1957	0.1098
C22922	0.0381	-0.2683	0.0991	0.0258	0.0968	0.4315
C22923	-0.6581	0.5645	0.5372	0.2513	-0.1385	-0.5037
C22924	0.1344	0.3182	-0.0173	0.0770	0.4579	0.7873
C22925	0.7487	-0.2279	-0.8243	-0.6027	0.2251	0.5062
C22927	0.4783	-0.2017	-0.3525	0.1683	-0.3400	-0.1010
C22929	0.7915	0.5666	0.4180	-0.2587	0.0229	0.1908
C22930	0.0950	-0.4083	0.7435	0.7583	-0.4806	0.0665
C22931	0.0247	0.2465	0.0910	-0.6281	0.2941	-0.4431
C22933	-0.3314	0.0251	-0.0440	0.2333	0.7763	0.1894
C22934	0.1902	-0.0454	-0.1422	0.2581	-0.1611	-0.0015
C22935	-0.9063	0.0019	-0.1324	0.1710	-0.5084	-0.0396
C22936	-0.0437	0.2193	0.1892	-0.0548	0.1001	-0.7517
C22937	0.2132	0.2621	0.0353	0.0426	0.4020	0.3889
C22938	-1.4800	-1.8163	-2.0325	-1.9141	-2.2850	-3.1147
C22945	0.1829	0.0708	-0.1661	0.2119	0.0175	-0.0537
C22960	0.1109	-0.1593	0.1321	-0.6680	-0.0892	-0.2495
C22963	0.4696	0.1864	0.0027	0.3549	-0.4301	-0.4069
C22964	0.0523	0.3563	-0.4608	0.0839	-0.2431	-0.0904
C22965	0.3959	-0.0507	0.2763	-0.4529	0.3820	-0.2466
C22966	0.5877	0.1782	0.0404	0.2712	-0.2266	-0.1729
C22967	-0.1788	0.1200	-0.1244	-0.1241	0.3065	-0.1555
C22968	-0.2719	0.5178	-0.1133	-0.1647	0.0315	0.6217
C22970	-0.1691	0.0020	-0.3747	-0.1589	-0.0374	0.1369
C22971	-0.4298	-0.2773	0.1925	-0.1953	0.8199	-0.1648
C22972	-0.0756	-0.3394	0.0759	-0.2208	-0.3364	0.1968
C22973	0.4039	1.8311	1.7222	2.1618	1.6961	2.5033
C22974	-0.0611	0.0343	0.1505	0.3760	0.1675	0.5039
C22975	0.1344	0.0847	-0.0271	-0.6015	-0.2577	0.2762
C23001	-0.1812	0.3594	0.5972	-0.0384	-0.2917	0.1672
C23002	-0.7263	-0.5719	0.3611	0.2763	-0.6716	0.6945
C23027	-1.6321	-1.1313	-1.0877	-2.3486	-2.0186	-2.4180
C23028	1.6074	1.3274	1.4965	1.6541	2.0613	2.7917
C23029	-1.9822	-1.7948	-1.7449	-1.5871	-2.5295	-2.4543
C23030	0.6507	1.7959	1.8433	2.1236	2.1272	3.1605
C23033	0.1312	0.3055	-0.7402	0.1909	0.2203	-0.4539
C23034	-0.1835	0.3075	0.7910	0.5121	0.7097	0.5087
C23036	0.3072	-0.0452	0.0760	-0.0463	0.3174	-0.3634
C23042	-0.1151	0.3200	0.2695	-0.2756	0.3697	0.1854
C23049	0.2038	0.3071	0.3474	0.4232	0.3640	0.1802
C23064	0.3609	0.6313	0.7261	-0.2366	1.4964	0.5369
C23070	0.3520	0.0566	-0.4779	0.1429	0.7792	0.1274
C23071	0.3255	0.6818	0.2863	-0.2172	0.0833	0.2458
C23072	-1.2128	-1.6838	-2.1142	-1.8964	-1.9483	-2.9226
C23082	0.4048	0.3606	-0.2719	-0.0900	0.3315	-0.1555
C23083	0.1165	-0.5929	0.6232	-0.1660	-0.4007	-0.6285
C23084	0.7803	-0.0970	-0.0609	0.0140	0.0228	0.4667
C23085	0.4825	0.0814	-0.0957	-0.1527	-0.2591	-0.5008
C23086	-0.3743	-0.3606	0.1623	0.5267	0.3418	-0.2077
C23087	0.3228	-0.6408	-0.0656	0.1572	0.0197	-0.3925
C23088	-0.3150	0.6293	0.0713	-0.1216	-0.4712	0.2722
C23089	0.0620	0.0029	-0.6281	-0.2874	-0.8118	0.6576
C23090	0.0362	0.4090	0.0458	-0.1440	0.1660	0.4390
C23091	-0.2985	0.1405	-0.1651	-0.4799	-0.2298	-0.0270
C23092	0.2052	-0.1072	-0.1932	-0.0888	-0.2125	0.3144
C23093	-0.0088	0.1447	0.1805	-0.3194	0.0420	-0.1856
C23094	0.1345	0.0194	-0.4473	-0.1362	-0.2400	-0.2663
C23095	-0.2835	-0.0683	0.4051	-0.5710	-0.6822	-0.3976
C23096	-0.4837	0.0814	-0.1200	0.3253	-0.4483	-0.5356
C23097	-0.2478	0.1182	-0.1005	0.1317	0.1418	-0.0415
C23098	-0.2380	0.0563	-0.2593	-0.3407	-0.5439	0.1144
C23099	-0.3947	-0.0663	-0.3190	-0.0075	0.1759	0.0244
C23100	0.3496	0.3455	1.1357	1.1247	1.2479	1.0038
C23101	0.0427	0.1445	-0.3997	-0.2039	0.9740	-0.3769
C23102	0.0302	0.1916	0.2300	0.0009	-0.4579	-0.0323
C23103	0.2171	-0.3116	-0.0024	0.0751	-0.3326	-0.9889
C23104	-0.4730	0.1045	-1.1022	-0.1397	-0.0966	0.3187
C23105	0.4656	-0.0046	0.0878	-0.1581	0.1550	-0.2208
C23116	0.3044	0.5283	-0.1116	-0.3334	-0.2993	0.0343
C23132	-0.3413	-0.5130	-0.1937	-0.5744	0.7951	0.3606
C23135	0.1570	-0.4964	0.9059	-0.2968	0.0756	0.3152
C23136	-0.4416	0.0725	-0.2735	0.0513	0.3741	0.4456
