#geneID	T00h	T02h	T06h	T12h	T18h	T24h
ENSMUSG00000000126	-0.2709	-0.3708	0.1547	-0.5645	0.0753	0.0245
ENSMUSG00000000131	0.6760	0.4741	-0.0454	-0.4906	-0.4019	-0.1760
ENSMUSG00000000149	-0.3597	0.4745	-0.0209	-0.4406	0.2042	-0.2353
ENSMUSG00000000168	-0.3463	-0.5170	-0.5236	-0.3524	0.1533	-0.2904
ENSMUSG00000000171	-1.0339	0.3168	0.0727	-0.2404	-0.4340	0.3256
ENSMUSG00000000182	-0.0518	0.0878	0.8697	-0.6098	-0.0253	0.6351
ENSMUSG00000000253	-0.0179	0.6969	-0.0554	-0.2166	0.1570	-0.0982
ENSMUSG00000000263	0.0705	0.2259	0.1886	0.3659	-0.3768	-0.5130
ENSMUSG00000000276	-0.0904	-0.1177	-0.5287	0.2498	-1.0863	-0.0959
ENSMUSG00000000301	0.1771	-0.2576	-0.2853	-0.5703	0.3403	-0.7086
ENSMUSG00000000303	0.5661	-0.1811	-0.0633	-0.4918	-0.1506	0.3616
ENSMUSG00000000308	-0.3321	0.2076	0.1016	-0.6096	0.5811	0.2981
ENSMUSG00000000326	-0.1667	-0.1983	0.0658	-0.0443	-0.3550	0.1368
ENSMUSG00000000340	-0.7350	-0.1347	-0.0542	0.1457	-0.5693	-0.0663
ENSMUSG00000000378	0.0317	0.2925	-0.1472	0.2997	0.3848	-0.1484
ENSMUSG00000000381	-0.7277	-0.0588	0.0353	0.1782	0.1707	-0.1348
ENSMUSG00000000409	0.6387	1.0915	0.1055	0.1521	0.3187	-0.4555
ENSMUSG00000000486	0.4477	0.0713	-0.4055	-0.4050	0.0297	0.0134
ENSMUSG00000000563	-0.1738	0.2474	0.4015	0.7014	0.6774	-0.0532
ENSMUSG00000000617	-0.1124	-0.3358	-0.1805	0.2040	0.1692	0.2673
ENSMUSG00000000628	-0.2966	0.7438	-0.1836	0.0816	0.2828	0.3296
ENSMUSG00000000631	-0.2797	-0.1005	0.0072	0.2793	0.2126	0.0615
ENSMUSG00000000711	0.4152	0.0392	-0.3315	0.6853	1.0536	0.3601
ENSMUSG00000000766	-0.8398	-0.2917	0.5819	-0.0050	-0.5201	-0.1494
ENSMUSG00000000791	0.0030	-0.0601	-0.5393	0.0183	-0.4825	-0.4519
ENSMUSG00000000817	0.1632	0.5359	-0.5338	-0.0025	-0.3875	-0.0021
ENSMUSG00000000876	-0.2400	0.2218	-0.2789	0.0728	-0.1897	-0.6542
ENSMUSG00000000938	0.0129	0.0325	-0.4745	-0.3431	0.2826	0.0421
ENSMUSG00000000982	0.6037	-1.0366	0.2211	-0.1011	-0.4737	-0.1504
ENSMUSG00000001023	-0.2486	0.6556	-0.0748	-0.2648	0.3071	-0.0043
ENSMUSG00000001029	0.0097	0.7224	0.2600	-0.4323	-0.0241	0.1725
ENSMUSG00000001227	0.0074	0.2548	0.1794	-0.5355	-0.3315	0.0901
ENSMUSG00000001260	-0.0407	0.1996	-0.1104	0.3414	-0.6595	0.1453
ENSMUSG00000001280	-0.2291	0.4817	0.4644	-0.4621	0.5138	0.0115
ENSMUSG00000001383	-0.0623	-0.5113	0.4147	-0.0742	0.4609	0.2461
ENSMUSG00000001444	0.3253	0.0481	0.3992	-0.3135	-0.5631	-0.2971
ENSMUSG00000001525	-0.5818	1.2064	-0.6036	-0.2092	0.0454	-0.0745
ENSMUSG00000001552	-0.5156	-1.4922	-1.3467	-1.0668	-2.2124	-1.7790
ENSMUSG00000001566	0.3472	0.2527	-0.3585	-0.1434	0.1743	0.3053
ENSMUSG00000001588	-0.4468	-0.2138	0.0259	0.2776	0.3914	-0.3198
ENSMUSG00000001642	0.4602	-0.2100	-0.3374	-0.3147	-0.3644	0.1416
ENSMUSG00000001663	-0.1944	-0.3569	-0.4426	-0.2103	-0.2227	0.0096
ENSMUSG00000001670	0.2439	-0.2200	-0.0747	0.4777	0.1322	0.2810
ENSMUSG00000001804	-1.1203	-1.0780	-1.5224	-0.9911	-1.0355	-0.5960
ENSMUSG00000001827	-0.2734	0.2125	0.6245	0.9433	0.0187	0.3286
ENSMUSG00000001829	-0.5343	-0.9030	-1.5576	0.0169	-1.2576	-0.8699
ENSMUSG00000001865	0.4132	1.3517	1.5711	1.7865	2.2560	1.5988
ENSMUSG00000001924	-0.4933	-0.8146	-1.4876	-0.6428	-1.3982	-0.5648
ENSMUSG00000001998	-0.0431	1.1384	0.4897	0.2975	-0.0232	-0.0309
ENSMUSG00000001999	-0.4850	0.4775	0.0420	-0.4768	0.1089	0.2769
ENSMUSG00000002100	0.4453	0.8623	0.2779	-0.1919	-0.1755	0.2357
ENSMUSG00000002105	0.3769	0.7588	1.6009	1.2096	1.3805	1.9525
ENSMUSG00000002111	0.9185	0.6443	0.0480	-0.4434	-0.2685	-0.3366
ENSMUSG00000002204	0.0068	-0.0360	-0.2622	-0.4070	-0.1921	0.0863
ENSMUSG00000002289	-0.1836	-0.0056	0.4363	-0.0532	-0.6461	-0.3696
ENSMUSG00000002308	0.5852	1.7879	0.7808	1.7616	1.5961	2.4821
ENSMUSG00000002384	-0.0261	0.0790	-0.1440	-0.0505	0.3385	0.5234
ENSMUSG00000002455	0.3376	0.0567	-0.0324	0.6122	0.1124	-0.4445
ENSMUSG00000002489	0.3204	-0.2344	-0.1548	-0.3238	0.2747	-0.8978
ENSMUSG00000002496	0.0505	0.0418	-0.0419	-0.1028	-0.5661	-0.2009
ENSMUSG00000002741	0.4451	0.7904	0.8576	0.3263	0.2414	0.3894
ENSMUSG00000002900	-0.1895	-0.4182	0.0752	-0.4467	-0.0280	-0.3434
ENSMUSG00000002930	-0.1886	-0.2670	0.2657	0.6456	-0.2477	0.0191
ENSMUSG00000002963	0.7653	0.8228	-0.1202	0.5162	0.6683	0.2308
ENSMUSG00000002984	-1.0044	0.2972	0.1115	-0.3511	-0.0807	0.8487
ENSMUSG00000003053	-0.4517	0.3819	-0.6636	0.0709	-0.3940	-0.2301
ENSMUSG00000003131	-0.1054	-0.2930	0.9114	0.1668	0.0112	0.1233
ENSMUSG00000003206	-0.1894	0.2591	0.2337	-0.0249	-0.4659	-0.0164
ENSMUSG00000003235	-0.1591	0.5195	0.3322	0.4813	-0.3582	0.0872
ENSMUSG00000003269	0.0287	0.2081	0.0077	0.7323	0.1013	0.6967
ENSMUSG00000003271	0.2819	0.4699	0.1369	-0.6833	0.8671	-0.2665
ENSMUSG00000003279	-0.2058	-0.2664	0.3370	-0.2226	-0.2840	-0.7730
ENSMUSG00000003378	-0.4030	0.0600	-0.2255	-0.2970	-0.6066	-0.0473
ENSMUSG00000003402	0.2991	-0.5223	-0.7799	0.3323	-0.0404	-0.3303
ENSMUSG00000003464	-0.0188	0.2003	0.2063	0.1148	-0.4937	0.2556
ENSMUSG00000003526	0.5740	-0.0792	-0.2791	-0.6051	-0.6373	0.3186
ENSMUSG00000003546	0.4663	-0.3945	-0.1887	-0.2398	-0.0413	0.8595
ENSMUSG00000003559	-0.0378	-0.1851	-0.7738	0.4786	-0.5672	0.1484
ENSMUSG00000003623	-0.2448	-0.7222	0.0900	-0.0645	0.0977	-0.3646
ENSMUSG00000003644	0.9301	-0.5830	0.1561	0.4835	-0.2308	-0.6360
ENSMUSG00000003731	0.0254	-0.3386	-1.2777	-0.8272	-0.6155	-0.1435
ENSMUSG00000003752	-0.2515	0.1008	0.2200	0.0011	0.0561	0.0083
ENSMUSG00000003814	0.9524	0.4604	0.4728	-0.0125	-0.0653	-0.1308
ENSMUSG00000003849	-0.0080	-0.3066	0.3158	-0.3125	0.1964	0.0669
ENSMUSG00000003873	0.0987	-0.4264	-0.2312	0.0263	0.8343	-0.7616
ENSMUSG00000004098	-0.2387	-0.3030	-0.4805	-0.1879	-0.5785	-0.8254
ENSMUSG00000004099	-0.1809	-0.1523	-0.3584	-0.4223	0.1030	0.6735
ENSMUSG00000004113	0.3409	-0.6435	0.6556	0.5300	0.0264	0.0448
ENSMUSG00000004151	0.1298	-0.1909	0.5817	0.2339	-0.6040	-0.0992
ENSMUSG00000004187	-0.3350	-1.2329	-0.3775	-0.7039	-0.9826	-0.8049
ENSMUSG00000004268	0.8378	0.2187	0.2441	-0.3945	-0.2204	0.2371
ENSMUSG00000004296	0.1390	0.5825	0.5203	0.2064	0.2561	0.1807
ENSMUSG00000004347	-0.4884	0.9008	0.5139	-0.0860	0.2505	-0.1306
ENSMUSG00000004366	0.0767	-0.3825	-0.4845	0.2655	0.0835	-1.0229
ENSMUSG00000004415	-0.2510	0.5806	0.3011	0.3202	0.4673	0.3331
ENSMUSG00000004446	0.0334	-0.5081	0.0567	0.1158	-0.3828	0.6447
ENSMUSG00000004451	-0.2978	0.1727	0.0218	-0.7136	-0.9926	0.1807
ENSMUSG00000004508	0.3872	-0.1378	0.5307	-0.1207	0.0886	-0.5881
ENSMUSG00000004552	0.4059	0.7555	1.5898	1.1504	0.8422	1.3525
ENSMUSG00000004567	0.2220	0.9654	0.1372	0.2626	-0.2773	0.0986
ENSMUSG00000004609	-0.0260	-0.3397	0.1568	-0.2375	-0.0586	-0.4404
ENSMUSG00000004654	0.2733	0.4558	0.9044	0.3759	1.0631	0.9669
ENSMUSG00000004655	0.0389	0.0376	-0.4069	0.1456	-0.3792	0.3042
ENSMUSG00000004677	-0.5852	0.4799	-0.6268	-0.3066	0.7634	0.3236
ENSMUSG00000004789	-0.3322	-0.0520	-0.0144	-0.5311	0.5915	0.2171
ENSMUSG00000004798	0.0315	0.8704	-0.2507	-0.3510	0.2406	0.3079
ENSMUSG00000004849	0.0954	-0.2225	-0.0600	1.1922	0.0745	-0.7600
ENSMUSG00000004865	0.3188	0.0783	-0.0642	-1.0411	-0.4351	-0.0903
ENSMUSG00000004934	-0.1008	-0.7535	-0.1311	-0.2080	0.1503	0.1261
ENSMUSG00000004939	0.2722	0.1937	1.0631	-0.1534	-0.0182	0.0227
ENSMUSG00000004996	0.4293	0.4907	-0.2533	0.2243	0.6535	0.0407
ENSMUSG00000005057	-0.6841	-0.3641	0.0560	0.3471	-0.8181	0.1543
ENSMUSG00000005069	0.6104	-0.3025	-0.1497	0.0744	0.6708	0.0742
ENSMUSG00000005102	-0.2648	-0.6808	0.0885	0.1809	0.1386	0.2832
ENSMUSG00000005148	-0.4730	-0.0792	0.3465	-0.3918	-0.0244	-0.3058
ENSMUSG00000005262	-0.8235	0.1630	0.5135	-0.1908	-0.2137	-0.1542
ENSMUSG00000005268	0.1805	-0.5805	0.1612	-0.1612	0.2400	0.3353
ENSMUSG00000005410	0.2915	-0.1012	-0.4237	0.0200	-0.1683	-0.3992
ENSMUSG00000005413	-0.3729	-0.1313	0.4302	-0.9918	-0.5957	0.1063
ENSMUSG00000005483	-0.5621	-0.2424	0.0922	0.1220	-0.1593	0.0671
ENSMUSG00000005575	0.5475	-0.0227	0.2718	-0.2741	-0.0518	-0.0753
ENSMUSG00000005615	-0.1014	-0.4848	0.3764	0.1337	0.4293	-0.2247
ENSMUSG00000005699	0.3718	-0.2214	-0.4484	0.0313	-0.0043	-0.0130
ENSMUSG00000005774	-0.1447	-0.1011	-0.2721	-0.5121	0.9836	0.1809
ENSMUSG00000005864	0.0574	0.0496	-0.1518	0.6977	0.6516	-0.5076
ENSMUSG00000005871	-0.1019	0.4398	0.6425	0.1951	-0.1480	0.1355
ENSMUSG00000005886	0.0897	-0.4627	-0.8830	-0.2654	-0.1191	0.0890
ENSMUSG00000005907	-0.0730	0.1967	-0.7516	-0.3256	-0.3388	0.2637
ENSMUSG00000005917	0.1499	0.5634	-0.5729	0.3045	-0.5598	-0.3523
ENSMUSG00000005951	0.0174	-0.5725	-0.0868	-0.5191	0.1416	0.4268
ENSMUSG00000006204	-0.0417	-0.0175	0.1245	-0.9844	-0.3545	0.8359
ENSMUSG00000006216	0.2601	-0.1198	-0.2418	0.2152	-0.7702	0.7329
ENSMUSG00000006262	0.2568	-0.1358	0.6979	-0.2299	-0.1746	0.2000
ENSMUSG00000006335	-0.5256	0.8362	0.9993	-0.5695	-0.5357	-0.3834
ENSMUSG00000006344	0.1571	-0.3145	-0.2266	0.4341	0.4746	0.1946
ENSMUSG00000006369	-0.3477	-0.8196	-0.6174	-0.8136	-1.7566	-1.4009
ENSMUSG00000006442	0.9969	0.3908	0.4754	0.1884	0.2811	-0.2135
ENSMUSG00000006445	-0.2238	0.1924	-0.1033	0.2285	-0.2935	-0.2759
ENSMUSG00000006494	-0.1237	-0.4693	0.9363	0.7823	-0.0956	0.8741
ENSMUSG00000006527	0.2625	0.2119	0.2326	-0.0836	0.0560	0.0007
ENSMUSG00000006542	-0.5994	0.0990	-0.0537	-0.0760	-0.2412	0.8253
ENSMUSG00000006570	0.3839	0.0695	0.7225	0.8460	-0.4915	-0.1197
ENSMUSG00000006574	-0.0155	0.5139	0.2068	0.4366	-0.8061	-0.1705
ENSMUSG00000006585	0.1338	0.3803	-0.3801	0.4035	-0.2643	-0.3724
ENSMUSG00000006649	-0.4719	-0.3127	-0.1912	-0.1005	0.3491	0.1364
ENSMUSG00000006731	0.8522	0.7925	1.6421	1.3143	1.8430	1.3212
ENSMUSG00000006930	-0.5903	0.2791	-0.8812	0.1641	0.0721	-0.0585
ENSMUSG00000006998	0.7627	0.7927	0.8040	-0.7914	0.1823	-0.3670
ENSMUSG00000007033	-0.0342	0.1403	-0.4964	-0.4326	-0.0817	-0.1016
ENSMUSG00000007038	0.8501	0.9220	1.3117	1.2714	2.5831	2.0993
ENSMUSG00000007080	-0.1444	-0.1320	-0.5553	-0.7260	0.3952	-0.0732
ENSMUSG00000007097	0.1389	-0.4442	-0.1730	0.0959	0.5559	0.4881
ENSMUSG00000007480	-0.2375	-0.6922	-0.8461	0.2300	-0.0401	0.5065
ENSMUSG00000007617	0.3645	0.5246	-0.4699	-0.2214	-0.5250	-0.5969
ENSMUSG00000007815	0.2876	-0.1382	-0.4643	0.0672	-0.6549	-0.5365
ENSMUSG00000007872	-0.0815	-0.3409	-0.5311	-0.9171	-0.0084	0.5251
ENSMUSG00000007880	-0.7849	0.6399	-0.3859	0.4087	0.0838	-0.5488
ENSMUSG00000007891	0.2202	-0.4200	-0.0975	0.1678	0.3974	0.1638
ENSMUSG00000007892	-1.1034	-0.1668	-1.0128	-1.1317	-1.6289	-1.7684
ENSMUSG00000007908	-0.6999	0.0147	0.6142	0.4278	-0.0799	0.0971
ENSMUSG00000008136	-0.0060	0.2174	0.1821	0.4169	0.8999	-0.3407
ENSMUSG00000008305	0.5122	0.0353	0.0367	-0.8388	-0.8186	0.2456
ENSMUSG00000008348	-0.5255	-0.9689	-0.5537	0.1984	0.2015	-0.2843
ENSMUSG00000008604	0.3773	-0.6071	0.1949	-0.3334	-0.0592	0.2195
ENSMUSG00000008843	1.9149	1.5985	1.3729	1.5632	1.4383	1.3765
ENSMUSG00000008932	0.1784	0.4278	-0.5178	-0.0946	-0.2669	0.7660
ENSMUSG00000009013	0.0788	-0.2909	0.1717	0.1422	0.0462	-0.2847
ENSMUSG00000009079	0.0501	-0.4028	0.2034	0.8280	0.8013	-0.2748
ENSMUSG00000009293	0.6430	-0.0226	0.5551	0.1829	-0.2974	0.0612
ENSMUSG00000009549	-0.1401	-0.5031	0.3888	0.3938	-0.2742	-0.1086
ENSMUSG00000009585	-0.1245	0.6883	-0.7445	0.3760	0.9177	-0.5048
ENSMUSG00000009588	0.3770	-0.5087	0.1780	-0.4558	-0.3022	-0.3259
ENSMUSG00000009646	0.1264	-0.3386	0.8522	-0.7926	0.2153	-0.3649
ENSMUSG00000009900	0.6324	-0.1234	0.4475	-0.0654	0.3855	-0.3762
ENSMUSG00000009927	0.0184	1.0920	-0.1067	-0.6680	0.2129	-0.4093
ENSMUSG00000009941	-0.1501	0.5834	-0.4426	-0.1380	-0.4666	-0.2995
ENSMUSG00000009995	-0.5696	0.5067	-0.3597	-0.0777	0.3781	0.4206
ENSMUSG00000010047	-0.2916	0.5231	-0.1098	0.5044	-0.2033	0.8997
ENSMUSG00000010080	0.2782	0.5208	-0.5675	0.2585	-0.5314	-0.3845
ENSMUSG00000010095	-0.8908	0.4901	-0.3320	-0.3295	0.4720	-0.9117
ENSMUSG00000010110	0.3157	-0.1828	0.3158	-0.1452	0.2373	0.2052
ENSMUSG00000010142	-0.5754	0.2200	-0.5556	0.4886	0.7956	0.3350
ENSMUSG00000010392	0.3767	0.1767	0.2653	0.1649	-0.7472	0.3614
ENSMUSG00000010406	-0.1369	0.1130	-0.7167	-0.0559	0.0235	-0.4056
ENSMUSG00000010663	-0.1572	0.2442	-0.2437	0.3946	-0.4297	0.5766
ENSMUSG00000010797	-1.0099	-1.3058	-0.0697	-0.8424	-1.6250	-1.1803
ENSMUSG00000010803	0.3216	0.2581	0.2202	0.4049	-0.6728	-0.0102
ENSMUSG00000011008	-0.4412	0.1097	-0.8133	-0.0310	-0.0776	-0.1734
ENSMUSG00000011034	0.1195	0.2007	0.0049	-0.0477	1.0068	-0.2965
ENSMUSG00000011096	0.5620	-0.1959	-0.2257	-0.3249	0.0521	0.0403
ENSMUSG00000011171	-0.1234	1.0477	-0.1159	-0.0395	-0.5823	-0.2711
ENSMUSG00000011179	0.6538	1.3472	0.9678	0.3024	0.4208	0.8046
ENSMUSG00000011463	1.0658	0.1217	0.2529	0.1822	-0.5546	-0.2971
ENSMUSG00000011751	-0.1750	0.0454	-0.3011	0.4131	0.1773	0.1195
ENSMUSG00000011877	0.4348	0.3062	-0.1417	0.0890	0.2899	-0.1146
ENSMUSG00000012396	-0.3604	-0.4695	-0.9215	0.2692	-0.2214	0.3337
ENSMUSG00000012405	0.2323	-0.6874	0.6392	-0.2920	0.3892	0.4299
ENSMUSG00000012519	0.3828	-0.0791	-0.1749	0.2362	-0.1012	0.6292
ENSMUSG00000012848	0.4060	-1.0538	0.1191	-0.7894	0.2024	0.1670
ENSMUSG00000013076	-0.1332	-0.7980	0.0221	0.0676	-0.1906	-0.0608
ENSMUSG00000013418	-0.3302	0.0667	0.5874	-0.2295	0.0186	-0.6974
ENSMUSG00000013584	-0.4691	0.0264	-0.1576	-0.4511	0.1842	0.1612
ENSMUSG00000013593	-0.2329	-0.0756	0.2872	-0.4261	-0.1973	0.1283
ENSMUSG00000013833	-0.0103	0.2320	-0.5626	0.6006	-0.1760	0.4710
ENSMUSG00000013846	-0.0315	-0.1709	-0.0141	-0.3578	-0.1657	-0.2380
ENSMUSG00000014294	0.1739	0.5999	-0.2551	0.6392	-0.3101	-0.2295
ENSMUSG00000014349	-0.1865	-0.6718	0.6077	0.8280	-0.6859	-0.3572
ENSMUSG00000014504	-0.4129	0.2643	-0.0936	-0.1423	-0.2916	0.1834
ENSMUSG00000014550	0.2142	-0.8084	-0.3679	-0.2268	0.0315	0.3390
ENSMUSG00000014767	0.3924	-0.2593	0.4633	0.4674	0.3094	0.3252
ENSMUSG00000014776	-0.3256	-0.5835	0.2113	0.1804	0.8679	-0.0888
ENSMUSG00000014852	0.0232	-0.2779	-0.5278	-0.6537	0.0510	-0.5719
ENSMUSG00000015023	-0.0116	0.7527	0.2930	0.5365	-0.1856	0.5639
ENSMUSG00000015143	0.0560	0.2193	-0.8973	-0.1149	-0.1976	0.3613
ENSMUSG00000015290	0.1728	-0.6561	0.1966	0.2968	0.3213	0.2352
ENSMUSG00000015337	-0.3215	0.0964	0.2070	0.1394	-0.4715	-0.3010
ENSMUSG00000015474	-0.0585	0.2761	-0.0158	0.4127	-0.2555	0.3350
ENSMUSG00000015533	-0.0967	0.5787	-0.4934	0.2845	-0.2988	-0.1064
ENSMUSG00000015652	-0.2711	0.5875	-1.0903	-0.8705	-0.1305	-1.1867
ENSMUSG00000015714	-1.1036	-1.4959	-1.4440	-1.1929	-1.7166	-2.9058
ENSMUSG00000015733	0.1297	0.0953	0.4424	0.1789	-0.4229	0.2197
ENSMUSG00000015755	0.3544	0.0980	0.5250	0.2742	-0.1690	-0.4014
ENSMUSG00000015812	0.3659	0.2185	-0.5135	0.4601	-0.0569	-0.1715
ENSMUSG00000015829	0.5471	-1.0808	0.0527	0.3665	0.1676	-0.3457
ENSMUSG00000015839	-0.6790	-0.2194	-0.4355	0.0717	-0.0820	0.1147
ENSMUSG00000015843	-0.4525	-0.3444	0.5119	0.3756	0.1561	0.1908
ENSMUSG00000015846	0.0879	-0.5321	0.1183	0.6547	0.4625	0.3776
ENSMUSG00000015889	0.2469	0.3516	0.1607	0.2104	-0.4326	0.1499
ENSMUSG00000015957	0.1788	0.5329	-0.5774	0.1156	-0.1139	0.0797
ENSMUSG00000015961	-0.0398	0.1845	-0.4599	0.2327	-0.6472	-1.0199
ENSMUSG00000015966	-0.1452	0.4161	0.0107	0.0922	0.3483	0.7421
ENSMUSG00000015994	-0.6584	-0.0373	0.2736	0.0230	0.7721	0.0030
ENSMUSG00000016179	0.2078	0.1011	-0.1133	-0.2750	-0.1870	-0.3589
ENSMUSG00000016252	-1.2072	-0.7524	-0.9657	-1.3092	-1.2585	-1.2959
ENSMUSG00000016283	-0.0431	-0.3849	-0.4520	-0.4779	0.1511	-0.4179
ENSMUSG00000016534	0.1890	-0.1808	-0.6440	-1.1850	-0.7910	-1.7127
ENSMUSG00000016756	0.8080	0.8060	1.4270	1.8522	2.2577	1.8426
ENSMUSG00000016758	-0.6798	-0.0271	-0.4352	0.3150	-0.1239	0.0810
ENSMUSG00000016833	0.4889	0.3943	0.1284	-0.0358	-0.1582	-0.1584
ENSMUSG00000016982	0.3524	-0.3049	0.2522	-0.1536	-0.3558	-0.4793
ENSMUSG00000017064	-0.1342	0.4989	0.5191	1.3308	1.2334	1.7645
ENSMUSG00000017119	-0.0349	0.3057	-0.1009	0.0367	0.3575	-0.1581
ENSMUSG00000017146	0.2417	-0.1477	0.5936	0.6422	-0.7425	-0.0732
ENSMUSG00000017188	0.1206	-0.4249	0.4271	-0.0489	0.1654	-0.5347
ENSMUSG00000017221	-0.3081	-0.2661	-0.6843	-0.2392	-0.0927	-0.8154
ENSMUSG00000017264	-0.0661	0.4169	-0.1069	0.0490	0.1275	-0.5155
ENSMUSG00000017311	-0.0970	-0.4100	0.4466	0.3334	-0.2020	0.6071
ENSMUSG00000017344	-0.0889	0.1577	0.3731	0.5849	0.0701	0.8008
ENSMUSG00000017386	0.2187	-0.3582	0.8417	0.0782	-0.6010	-0.3951
ENSMUSG00000017412	0.1164	-0.6690	-0.1652	0.3662	-0.0461	0.0911
ENSMUSG00000017639	0.0516	-0.6364	0.4888	0.5118	-0.7538	0.0506
ENSMUSG00000017670	0.0361	-0.1838	0.2545	-0.3928	0.3792	0.4731
ENSMUSG00000017697	0.3847	-0.0016	0.5080	-0.4901	0.1676	0.1952
ENSMUSG00000017707	0.4865	0.1076	0.0051	0.7952	-0.6943	-0.0910
ENSMUSG00000017718	-0.9218	0.2469	0.0787	-0.7534	0.2618	-0.7468
ENSMUSG00000017740	-0.2002	0.2261	-0.1003	-0.3533	0.2707	-0.5785
ENSMUSG00000017756	-0.5530	-0.3610	0.5096	-0.2889	-0.1707	-0.3012
ENSMUSG00000017861	-0.0673	0.5924	0.9190	-0.4174	-0.4113	0.5252
ENSMUSG00000017868	-0.4012	-0.6907	-0.1985	0.4553	-0.2408	0.8711
ENSMUSG00000018012	-0.2498	0.9879	-0.0164	-0.6047	0.3397	0.4765
ENSMUSG00000018040	0.2136	1.0071	-0.4064	-0.0838	0.8452	0.2987
ENSMUSG00000018102	0.3643	-0.0885	0.0734	-0.0456	0.0623	0.7451
ENSMUSG00000018167	0.7090	-0.1668	-0.3031	0.2026	-0.3045	-0.0918
ENSMUSG00000018171	-0.0017	0.4026	-0.0152	-0.2694	0.1298	-0.2891
ENSMUSG00000018199	0.8263	-0.1158	0.6709	-0.7033	0.8209	0.3566
ENSMUSG00000018217	-0.2497	0.0788	-0.1534	0.0231	-0.0359	-0.5873
ENSMUSG00000018286	-0.3654	0.1102	0.0135	-0.2229	-0.4636	0.3221
ENSMUSG00000018293	0.4176	-0.0444	0.6732	-0.0285	0.1787	0.4787
ENSMUSG00000018341	0.7210	-0.6625	-0.0477	0.0849	0.0051	0.0608
ENSMUSG00000018363	0.5775	-0.1420	0.0132	0.1788	-0.7448	0.5222
ENSMUSG00000018398	-1.2217	-0.8435	-0.7583	-0.5142	-2.1903	-1.0199
ENSMUSG00000018442	-0.5433	-0.1579	0.7103	-0.0010	0.0453	-0.0729
ENSMUSG00000018474	0.5213	0.0798	0.1293	-0.0292	-0.4564	0.0734
ENSMUSG00000018486	-0.2547	0.0316	-0.6513	-0.1607	1.0326	-0.3502
ENSMUSG00000018500	-0.3039	-0.0991	0.2831	0.4143	0.3868	-0.2215
ENSMUSG00000018547	-0.2808	0.0908	0.0386	-0.0777	-0.7161	0.3574
ENSMUSG00000018548	0.1618	-0.3883	-0.1148	-0.2389	-0.0328	0.2095
ENSMUSG00000018566	-0.1237	-0.6978	-0.8499	-0.8301	-0.3300	-0.9261
ENSMUSG00000018574	-0.6174	-0.0906	-0.2137	0.5739	0.8390	0.1726
ENSMUSG00000018623	-0.1532	0.1059	0.0095	-0.7740	-0.2143	0.8790
ENSMUSG00000018659	0.6232	0.3447	0.2000	-0.4118	-0.6463	0.1817
ENSMUSG00000018774	0.1420	-0.5128	0.0340	0.3283	0.5940	-0.2466
ENSMUSG00000018819	-0.1915	-0.3400	-0.2459	-0.5361	0.2009	0.2510
ENSMUSG00000018820	1.0150	0.2169	0.9210	1.2388	1.3467	1.6357
ENSMUSG00000018830	-0.0072	0.0245	-0.2064	0.6502	-0.0177	-0.2622
ENSMUSG00000018849	-0.1924	0.4558	-0.3605	-0.6521	0.5207	-0.9233
ENSMUSG00000018882	0.9469	1.0375	1.2302	-0.0334	1.0961	1.8605
ENSMUSG00000018899	0.1710	0.7144	0.3355	-0.4968	-0.0512	0.1778
ENSMUSG00000018909	0.2548	-0.4832	0.2724	-0.5109	0.0423	-0.5846
ENSMUSG00000018920	0.7722	0.0215	-0.6508	0.2411	0.4386	-0.2489
ENSMUSG00000018927	-0.0155	0.0166	-0.3211	-0.4392	0.0659	0.5251
ENSMUSG00000018983	-0.0019	0.2010	0.1098	-0.7198	-0.1562	-0.4271
ENSMUSG00000018995	1.5418	1.0800	1.0942	0.2768	2.0505	2.0440
ENSMUSG00000019087	-0.7352	0.4881	-0.5775	0.3177	0.5124	0.0022
ENSMUSG00000019173	0.1597	-0.6040	-0.3952	0.3733	0.1153	0.2180
ENSMUSG00000019194	-0.3955	0.1653	0.5962	0.0305	-0.1510	0.6956
ENSMUSG00000019256	0.3990	-0.1537	-0.2729	0.4373	0.5521	-0.4552
ENSMUSG00000019261	-0.4474	-0.1975	-0.7496	0.3860	0.9091	-0.9365
ENSMUSG00000019301	-0.1741	-0.0418	-0.0489	-0.2580	0.4443	0.3373
ENSMUSG00000019302	-0.2373	-0.4046	-0.4152	-0.1530	-0.2675	0.3885
ENSMUSG00000019470	-0.0301	-0.3306	-0.0137	-0.0294	0.6612	0.5566
ENSMUSG00000019478	-0.0960	-0.3148	-0.0472	-0.2998	-0.2045	-0.4301
ENSMUSG00000019528	0.0958	0.1312	0.7875	0.5406	0.2615	0.4508
ENSMUSG00000019659	0.0170	0.3884	0.3959	0.1775	0.0016	-0.1135
ENSMUSG00000019715	0.2606	-0.8664	0.0108	0.3430	0.1668	-0.1404
ENSMUSG00000019773	-0.4551	0.4331	-0.2029	-0.3793	-0.8995	0.2214
ENSMUSG00000019809	0.2632	0.2409	0.4523	0.1298	-0.0719	0.1600
ENSMUSG00000019810	-0.6928	-0.8737	-0.2055	0.1942	-0.1171	0.4512
ENSMUSG00000019822	0.8143	0.7522	1.8994	2.2717	1.3558	1.1885
ENSMUSG00000019828	-0.7512	-0.2287	0.1118	-0.5132	0.3147	0.5431
ENSMUSG00000019850	-0.2373	-0.2966	0.1185	-0.0872	0.0226	-0.2728
ENSMUSG00000019863	1.7838	1.1444	1.7881	1.7085	1.8160	2.8934
ENSMUSG00000019883	0.4223	-0.7083	0.2779	0.0316	0.2336	0.0899
ENSMUSG00000019890	0.2779	0.0285	0.0808	-0.4655	0.1593	-0.2963
ENSMUSG00000019899	0.4398	-0.5350	0.0268	0.4746	0.2081	0.4198
ENSMUSG00000019927	-0.7659	0.9051	0.3799	-0.3526	0.0880	0.7647
ENSMUSG00000019944	0.3065	-0.1053	0.0918	0.0948	0.0029	-0.4373
ENSMUSG00000019960	0.7372	0.1691	0.0025	-0.0300	-0.1098	-0.4156
ENSMUSG00000019970	0.1405	0.2808	-0.6295	0.4601	0.3267	-0.7158
ENSMUSG00000019979	0.0305	-0.2817	-0.2430	-0.4025	0.5357	-0.8099
ENSMUSG00000019989	0.1829	-0.0060	0.4448	-0.1425	-0.2845	0.0023
ENSMUSG00000019990	-0.3449	0.4399	0.0507	-0.3586	-0.6352	0.1409
ENSMUSG00000020007	0.3734	-0.2048	-0.2010	-0.2506	-0.1447	-0.4538
ENSMUSG00000020017	-0.4406	0.2983	0.7355	-0.0023	0.4805	0.1960
ENSMUSG00000020038	0.7444	0.1759	-0.5679	0.1486	-0.3641	0.2117
ENSMUSG00000020048	-0.5900	-0.6260	0.1506	-0.5773	0.1759	-0.5250
ENSMUSG00000020059	0.1247	0.2287	-0.3535	0.0914	0.0081	-0.5995
ENSMUSG00000020063	-0.4819	-0.3389	-0.3230	-0.2638	-0.4143	0.6203
ENSMUSG00000020086	-0.1190	0.0828	0.5394	-0.0081	0.1765	-0.5247
ENSMUSG00000020089	0.3068	-0.3844	-0.5634	-0.2651	0.0067	-0.0136
ENSMUSG00000020091	0.5958	-0.1090	0.3358	-0.7427	-0.4581	-0.4358
ENSMUSG00000020097	-1.5648	-0.1217	-1.3316	-0.8721	-1.7693	-1.7879
ENSMUSG00000020122	0.5739	-0.1587	0.2610	-0.0678	0.3562	-0.0086
ENSMUSG00000020123	0.1211	-0.0320	-0.2355	0.0989	-0.5193	0.3195
ENSMUSG00000020124	0.4569	0.1590	-0.2536	0.0909	-0.0077	-0.0928
ENSMUSG00000020143	0.1906	0.0750	-0.0651	0.3391	-0.8637	-0.2967
ENSMUSG00000020149	0.4059	-0.5257	0.2265	-0.1378	-0.5039	-0.0231
ENSMUSG00000020152	-0.0452	-0.0348	0.2472	0.1180	-0.1688	0.5635
ENSMUSG00000020155	0.0015	-0.1712	0.1460	0.1158	-0.5580	0.8502
ENSMUSG00000020180	0.3306	0.4304	0.1444	-0.0859	0.3996	0.0079
ENSMUSG00000020190	0.1776	-0.3676	0.4496	-0.3267	-0.3990	-0.2351
ENSMUSG00000020246	-0.3625	0.1958	0.2325	0.2763	-0.4865	-0.3594
ENSMUSG00000020257	0.6355	0.6570	0.0909	0.1611	0.2132	-0.2215
ENSMUSG00000020260	-0.1748	0.3324	-0.2790	0.0374	0.3904	0.0497
ENSMUSG00000020273	-0.3854	0.3808	-0.1853	0.3592	0.4200	0.0501
ENSMUSG00000020321	-0.0297	0.9806	0.1027	0.6252	-0.1754	-0.1535
ENSMUSG00000020326	0.5053	0.5968	0.2158	0.0301	-0.9710	0.0274
ENSMUSG00000020354	-0.3463	-0.2862	-0.6835	0.7654	-0.0202	0.1187
ENSMUSG00000020359	0.4471	0.5658	-1.0813	0.2076	0.4933	-0.7863
ENSMUSG00000020362	0.0228	0.6030	-0.5576	0.4686	0.4458	-0.1625
ENSMUSG00000020363	-0.5955	-0.1625	-0.0447	0.4234	0.2097	0.0146
ENSMUSG00000020366	-0.2502	0.3428	-0.3120	0.2486	-0.2243	-0.2653
ENSMUSG00000020368	0.0786	0.2138	0.3311	0.0289	0.3228	-0.4579
ENSMUSG00000020377	0.3057	0.2267	-1.2800	0.1717	-0.1103	-0.3208
ENSMUSG00000020390	0.3415	0.1535	-0.0984	-0.2904	-0.7591	-0.1933
ENSMUSG00000020427	0.0315	-0.3445	-0.6399	-0.1472	-0.1597	-0.3780
ENSMUSG00000020431	0.2438	0.5772	0.6338	-0.3255	-0.1637	-0.3386
ENSMUSG00000020432	-1.3162	-0.8839	-0.9122	-2.2498	-1.6310	-2.2188
ENSMUSG00000020437	-0.7074	-1.0054	-1.2803	-0.9726	-1.6959	-1.5850
ENSMUSG00000020464	0.0781	-0.5062	-0.1634	-0.1208	-0.3727	-0.0380
ENSMUSG00000020469	-0.2678	0.5945	0.2081	-0.2430	-0.2882	0.6825
ENSMUSG00000020485	-0.0882	-0.7691	-0.0221	0.0193	-0.1194	-0.3163
ENSMUSG00000020519	0.2105	0.1678	0.2977	-0.4186	0.1053	0.5723
ENSMUSG00000020520	-0.2901	0.2959	-0.4372	0.3042	0.1227	-0.1842
ENSMUSG00000020566	1.4137	0.2288	-0.1319	-0.6370	-0.3529	0.1868
ENSMUSG00000020571	0.1943	-0.1292	0.1497	-0.1942	-0.1094	-0.0735
ENSMUSG00000020593	-0.1244	0.2989	-0.6182	0.6090	-0.0446	0.1258
ENSMUSG00000020598	0.6112	0.0721	0.6271	-0.5763	0.1393	-0.1859
ENSMUSG00000020622	0.5045	-0.0617	-0.1063	0.4502	0.4074	-0.6295
ENSMUSG00000020623	-0.5587	0.1426	0.2455	0.1526	0.7563	-0.3804
ENSMUSG00000020630	-0.1024	0.9412	-0.1271	-0.6848	0.1089	-0.4580
ENSMUSG00000020638	-0.4783	0.2071	-0.1983	-0.4190	-0.1208	-0.3714
ENSMUSG00000020639	-0.2922	-0.1562	-0.6184	-0.5651	0.0610	0.2151
ENSMUSG00000020641	0.2922	0.0110	-0.2647	-0.0874	0.3548	-0.4682
ENSMUSG00000020649	0.2206	0.3755	0.7286	0.5228	0.7401	1.4891
ENSMUSG00000020660	-0.2008	-0.2215	0.3501	-0.4585	0.8823	-0.1354
ENSMUSG00000020664	0.8314	-0.6409	-0.1407	0.8877	0.0524	0.3926
ENSMUSG00000020681	-0.2337	-0.7192	-0.2514	0.7418	-0.1085	-0.2013
ENSMUSG00000020689	0.3450	0.1461	-0.5540	-0.1687	0.3216	0.3437
ENSMUSG00000020700	0.0698	0.0921	-0.1087	0.1794	0.9899	0.2296
ENSMUSG00000020705	0.3163	0.8300	0.6976	0.5680	1.1549	1.4464
ENSMUSG00000020719	0.2112	-0.1450	-0.5399	0.2549	-0.3394	0.2808
ENSMUSG00000020739	0.6865	-0.1915	-0.0386	-0.0993	0.3491	-0.0935
ENSMUSG00000020787	-0.3964	-0.6029	0.1306	-0.6408	-0.3022	0.4450
ENSMUSG00000020788	-0.3749	-1.0555	-0.4604	-0.4235	-0.3658	-0.0669
ENSMUSG00000020792	0.2651	-0.5200	-0.7183	0.0217	0.1853	-0.7172
ENSMUSG00000020804	-0.0182	0.3707	-0.2314	-0.5121	0.2453	-0.3751
ENSMUSG00000020829	0.2844	0.6359	0.5142	-0.4232	0.1017	1.4383
ENSMUSG00000020838	-0.1515	-0.1785	0.6984	0.1681	-0.0178	0.3712
ENSMUSG00000020866	-0.4404	0.3751	-0.5861	0.1169	0.7587	-0.0719
ENSMUSG00000020868	-0.0090	-0.0474	0.0894	0.3370	0.1488	0.1654
ENSMUSG00000020872	-0.2631	0.0271	-0.0610	-0.9087	-0.1449	-0.8579
ENSMUSG00000020886	0.0897	-0.1295	-0.2822	0.1176	-0.5985	-0.6017
ENSMUSG00000020888	-0.9400	0.2899	-0.1592	-0.4385	0.6506	-0.2139
ENSMUSG00000020889	0.2961	0.4465	0.2058	-0.6624	-0.3026	-0.5634
ENSMUSG00000020894	-0.5004	-0.2524	-0.2477	-0.1407	0.5304	-0.2514
ENSMUSG00000020897	-0.3740	-0.1845	-0.1741	-0.1512	0.4625	0.1827
ENSMUSG00000020902	-0.3682	0.1554	0.3531	-0.1302	0.3137	0.0590
ENSMUSG00000020910	0.3455	0.4288	-0.3241	-0.0002	-0.3065	-0.1888
ENSMUSG00000020913	-0.3205	-0.1725	-0.2825	-0.1986	-0.6594	0.8872
ENSMUSG00000020914	0.1823	0.0815	0.3717	0.5860	0.6546	0.2958
ENSMUSG00000020917	0.6169	0.3005	-0.0870	0.5560	0.0957	0.1739
ENSMUSG00000020919	0.0235	-0.7969	0.7614	0.2537	0.0752	-0.3094
ENSMUSG00000020929	-0.1610	0.0213	0.3411	-0.1755	-0.0280	-0.3715
ENSMUSG00000020941	-0.0658	-0.2383	-0.2804	-0.5714	0.0903	0.1589
ENSMUSG00000020946	-0.4624	0.5335	-0.4822	-0.2093	-0.2668	-0.5038
ENSMUSG00000020963	-0.2378	-0.6651	-0.1502	0.9109	0.3675	-0.5294
ENSMUSG00000021055	0.4391	-0.5930	-0.0897	-0.3738	-0.3210	0.5589
ENSMUSG00000021067	0.5308	0.6567	-0.4888	-0.0970	-0.9487	-0.0585
ENSMUSG00000021070	0.0292	-0.4434	0.5960	-0.2608	-0.0192	0.6047
ENSMUSG00000021078	0.2037	-0.6491	-0.4073	-0.1530	1.0302	0.0991
ENSMUSG00000021096	-0.4224	-1.0586	-0.6428	-0.7926	-1.1881	-1.0465
ENSMUSG00000021111	-0.2542	0.2881	-0.1991	-0.5076	-0.2675	-0.3261
ENSMUSG00000021180	-0.1670	0.1064	0.7384	-0.4875	0.0443	0.6387
ENSMUSG00000021189	-0.5988	0.1846	-0.1345	-0.0979	0.1816	0.3320
ENSMUSG00000021243	-0.3903	0.3202	0.4087	-0.1625	-0.1626	0.9927
ENSMUSG00000021259	-0.1287	-0.7121	0.3550	0.4816	-0.5736	-0.3940
ENSMUSG00000021277	-0.2791	-0.1230	0.2552	0.2387	0.2457	-0.6294
ENSMUSG00000021298	0.3409	-0.2537	-0.7412	0.1896	-0.2048	-0.3426
ENSMUSG00000021302	-0.2275	0.3308	0.8088	-0.1242	0.0671	-0.4271
ENSMUSG00000021340	-0.4533	0.1349	0.4095	-0.2642	-0.4765	-0.2455
ENSMUSG00000021342	0.6259	0.0415	-0.0885	-0.1819	0.2939	0.5343
ENSMUSG00000021360	0.2820	0.1165	0.3082	-0.2294	-0.5278	-0.0641
ENSMUSG00000021362	-0.4377	-0.6265	-1.8881	-0.6116	-0.8047	-1.8048
ENSMUSG00000021364	0.2580	-0.2051	0.3431	0.3656	-0.0590	-0.5165
ENSMUSG00000021368	-0.0076	-0.2776	0.4951	0.3227	-0.5469	0.7340
ENSMUSG00000021376	0.4296	0.5239	0.2730	-0.1440	0.0757	-0.6742
ENSMUSG00000021404	0.0910	0.3220	0.0975	-0.7898	0.2530	0.3711
ENSMUSG00000021492	-0.4315	-0.5039	-0.0827	-0.5761	0.7618	0.2770
ENSMUSG00000021496	-0.4449	0.5541	0.0839	-0.7720	-0.1073	0.3886
ENSMUSG00000021536	0.8903	-0.5762	0.3698	0.2594	0.3768	-0.2700
ENSMUSG00000021540	-0.1740	-0.0130	-1.0064	-0.4972	0.2970	-0.5178
ENSMUSG00000021546	0.2125	-0.0569	0.4964	-0.0444	-0.4420	0.1041
ENSMUSG00000021569	0.5297	0.6859	0.2478	-0.5866	0.0316	-0.3244
ENSMUSG00000021594	-0.9147	0.0512	0.0564	-0.2535	-0.7353	-0.2397
ENSMUSG00000021606	-0.0943	0.3969	-0.3591	-0.7125	-0.4335	0.1914
ENSMUSG00000021608	-0.4792	-0.1241	-0.8471	-0.4680	0.1842	-0.0415
ENSMUSG00000021636	0.3224	-0.0923	0.3786	0.0783	0.4876	-0.2499
ENSMUSG00000021638	1.8484	1.8569	1.7286	0.8004	1.6265	1.8015
ENSMUSG00000021640	-0.7016	0.6702	-0.1556	-0.7230	-0.5885	0.3319
ENSMUSG00000021662	0.2182	-0.3087	-0.1076	0.6988	0.3141	0.2855
ENSMUSG00000021665	0.1562	0.2438	-0.5666	-0.3406	0.0801	-0.1402
ENSMUSG00000021678	-0.3605	-0.1907	-0.0291	0.2765	0.5742	0.4100
ENSMUSG00000021696	-0.0292	0.3376	-0.4784	0.0863	0.6305	0.0165
ENSMUSG00000021702	0.1673	-0.1093	-0.2153	0.3790	0.1274	0.0805
ENSMUSG00000021704	-0.0497	0.3205	0.1790	-0.3667	0.4950	-0.7069
ENSMUSG00000021706	-0.1126	-0.0587	0.7520	-0.2979	-0.7750	-0.3959
ENSMUSG00000021707	0.3019	0.1017	-0.3874	-0.2585	-0.2824	-0.4461
ENSMUSG00000021718	-0.6731	-0.7790	0.4085	-0.4265	0.7090	0.0037
ENSMUSG00000021759	0.9934	1.0333	1.4529	1.7085	1.2265	1.4197
ENSMUSG00000021760	-0.9108	-0.0642	-0.1590	-0.6090	-0.4403	0.1877
ENSMUSG00000021775	-0.0963	0.2134	0.0548	0.3740	0.2584	0.0913
ENSMUSG00000021794	-0.1627	0.1971	-0.6472	0.3706	0.1598	-0.5099
ENSMUSG00000021816	-0.1323	-0.0771	0.5977	0.1924	0.2718	-0.0516
ENSMUSG00000021824	-0.7875	-0.0619	-0.2445	-0.4821	0.2543	-1.6751
ENSMUSG00000021866	-0.2326	0.1259	-0.3496	-0.5329	0.6090	0.0207
ENSMUSG00000021901	-0.0433	0.4503	0.1764	0.2695	-0.0034	-0.4268
ENSMUSG00000021903	0.0238	-0.2572	-0.0190	0.0059	0.5843	1.0784
ENSMUSG00000021911	0.4823	0.0725	-0.7083	-0.1033	0.3111	0.2361
ENSMUSG00000021913	0.0973	0.4254	-0.2701	-0.0691	0.0790	0.7347
ENSMUSG00000021933	-0.1491	-0.3362	-0.1202	0.0766	0.9547	-0.1105
ENSMUSG00000021939	0.5648	0.2662	0.0267	-0.3423	-0.4369	-0.1261
ENSMUSG00000021943	-0.2203	0.3084	0.2420	0.8102	0.6127	0.0934
ENSMUSG00000021981	0.4603	-0.0493	-0.5986	-0.1525	-0.0989	0.0932
ENSMUSG00000021991	-0.0940	0.5593	-0.1658	-0.5402	-0.3301	0.6782
ENSMUSG00000021999	0.0416	-0.6367	0.2721	-0.1689	0.2056	0.3271
ENSMUSG00000022018	0.3196	-0.7274	-0.2252	-0.3063	-0.2046	-0.0617
ENSMUSG00000022021	-0.0408	-0.1765	-0.4451	-0.0587	-0.6819	0.2504
ENSMUSG00000022024	-0.3088	-0.2022	-0.3821	0.3910	0.6248	1.1841
ENSMUSG00000022040	0.7452	0.4986	1.6611	1.9964	2.1362	1.6000
ENSMUSG00000022075	-1.1676	-0.2946	-0.0665	0.3587	-0.1253	0.6883
ENSMUSG00000022090	-0.1840	0.4929	0.1390	0.0330	0.5905	0.1907
ENSMUSG00000022094	-0.3319	0.0392	-0.2279	-0.0737	0.2219	0.2573
ENSMUSG00000022100	-0.3882	0.5561	-0.4613	0.5286	0.3693	0.3122
ENSMUSG00000022101	-1.0144	-0.9696	0.3877	0.0716	-0.2511	-0.0288
ENSMUSG00000022110	-0.3882	-0.2680	0.1054	0.1238	-0.5401	-0.0344
ENSMUSG00000022124	0.8246	0.4232	-0.7748	0.3262	-0.0788	-0.1983
ENSMUSG00000022126	0.1729	-0.3712	0.4925	-0.6021	0.0054	-0.2986
ENSMUSG00000022130	-0.1569	0.0607	-0.6313	-0.5436	-0.2528	-0.4254
ENSMUSG00000022146	-0.1137	0.0419	-0.4075	-0.0351	-0.6358	0.1643
ENSMUSG00000022150	0.4518	0.6291	0.8656	-0.2795	-0.1697	0.2298
ENSMUSG00000022206	0.4405	0.1637	0.3571	0.1102	-0.5121	-0.6447
ENSMUSG00000022216	0.2012	-0.1102	0.7411	-0.2749	0.4295	0.3071
ENSMUSG00000022218	0.9138	0.6605	1.8010	1.9673	1.7295	1.3152
ENSMUSG00000022219	0.1419	-0.0716	-0.2352	0.4380	0.0970	0.3888
ENSMUSG00000022225	-0.0321	-0.4235	-0.2908	-0.1682	0.3615	-0.4610
ENSMUSG00000022241	0.0970	-0.2052	-0.0496	1.3841	0.3511	0.5577
ENSMUSG00000022244	-0.3810	0.6599	0.3447	-0.4890	-0.0249	0.3607
ENSMUSG00000022248	0.4053	0.1532	0.3312	-0.5777	-0.9161	0.9542
ENSMUSG00000022263	-0.0328	0.2315	-0.7579	-0.8828	-0.1021	-0.5055
ENSMUSG00000022285	-0.0599	0.2272	-0.6104	0.7832	0.9861	0.3548
ENSMUSG00000022292	0.1777	-0.0758	0.0646	-0.2188	-0.9585	-0.3810
ENSMUSG00000022295	-0.0484	-0.0782	-0.5308	-0.3780	0.0428	0.1544
ENSMUSG00000022297	0.1838	-0.0771	-0.1240	0.2300	0.0097	0.2883
ENSMUSG00000022306	-0.0883	0.4191	0.3801	-0.1469	0.6646	-0.3559
ENSMUSG00000022339	-0.4848	0.2713	-0.2282	0.5216	-0.4394	0.2481
ENSMUSG00000022350	-0.0359	0.1822	-0.3166	0.7346	-0.2534	-0.2350
ENSMUSG00000022353	0.5581	-0.7713	0.4951	-0.1851	-0.5284	-0.4344
ENSMUSG00000022370	-0.1260	-0.0893	0.0399	-0.2591	0.1487	0.3929
ENSMUSG00000022377	0.0307	0.1427	-0.3503	-0.8323	-0.0719	-0.5681
ENSMUSG00000022378	-0.5378	0.5916	0.1803	-0.0206	-0.9253	0.1734
ENSMUSG00000022382	-0.1471	0.0960	-0.0126	0.2595	0.1823	0.4297
ENSMUSG00000022419	-0.1456	-0.4438	-0.2591	-0.1867	0.8228	-0.6130
ENSMUSG00000022425	0.1926	-0.1779	0.3646	0.5445	-0.5104	-0.4122
ENSMUSG00000022428	-0.1453	0.1405	0.1072	-0.7479	0.3460	0.1806
ENSMUSG00000022433	0.1567	-0.0687	0.4949	0.7276	-0.3740	0.0264
ENSMUSG00000022438	0.4415	-0.0494	-0.5649	0.2663	-0.1506	-0.1595
ENSMUSG00000022456	0.1622	0.1494	-0.0531	0.1894	-0.1309	-0.0587
ENSMUSG00000022462	0.2499	-0.1518	0.2916	-0.1201	-0.2359	-0.4264
ENSMUSG00000022475	-0.0068	-0.0487	0.5344	-0.6425	-0.8724	0.7770
ENSMUSG00000022483	0.2682	-0.1455	-0.6177	-0.5620	-0.1610	-0.2768
ENSMUSG00000022490	-0.8436	-0.8778	-0.0385	0.2487	0.4556	-0.7773
ENSMUSG00000022510	0.6419	-0.4152	0.2668	0.7798	0.2308	-0.3674
ENSMUSG00000022512	0.6331	1.1104	1.4559	1.6851	1.8504	1.9377
ENSMUSG00000022514	-1.1118	0.1245	-0.5077	0.4404	-0.2851	0.1314
ENSMUSG00000022517	0.1401	0.0050	0.2487	-0.2619	-0.0580	0.4231
ENSMUSG00000022521	0.4399	0.3056	-0.0439	0.2430	0.3617	-0.3468
ENSMUSG00000022534	0.2313	0.2258	-0.4246	0.2168	-0.0158	0.3986
ENSMUSG00000022538	-0.1122	-0.5123	1.5384	-0.1704	0.4779	-0.4272
ENSMUSG00000022551	-1.3098	-0.0702	-0.5719	-0.2688	-0.8260	0.4995
ENSMUSG00000022561	-0.5434	-0.6531	1.1173	0.3499	0.4350	0.0733
ENSMUSG00000022574	-0.4123	-1.0840	-1.3855	-0.8235	-0.2484	-0.5400
ENSMUSG00000022596	0.4552	-0.3462	-0.2111	0.7389	0.7398	-0.5413
ENSMUSG00000022613	0.5870	-0.0561	-0.6969	-0.6388	-0.6876	1.3121
ENSMUSG00000022620	-0.4784	-0.8885	-0.8993	-1.7703	-1.4091	-1.4187
ENSMUSG00000022623	0.6204	0.9697	1.0113	1.3147	1.3857	1.0675
ENSMUSG00000022636	-0.4658	-0.5075	-0.1052	0.7744	0.2657	0.1071
ENSMUSG00000022656	-0.4522	0.0410	-0.3798	-0.4806	-0.0788	0.1515
ENSMUSG00000022657	-0.0723	-0.4672	-0.5764	-0.2122	-0.1127	0.3181
ENSMUSG00000022663	0.1663	-0.7864	-0.0033	0.8359	0.2821	-0.4768
ENSMUSG00000022679	-0.1928	0.3588	-0.5976	-0.7522	-0.9857	0.1623
ENSMUSG00000022687	0.4790	-0.5629	-0.0585	-0.5118	0.5396	-0.5084
ENSMUSG00000022705	0.3947	-0.0508	-0.6189	0.8874	-0.2605	0.2303
ENSMUSG00000022742	-0.2509	-0.0173	-0.5976	0.1744	-0.0123	0.1206
ENSMUSG00000022747	0.8985	-0.8441	-0.0949	0.0685	-1.1206	0.3607
ENSMUSG00000022752	-0.0973	-0.1469	0.6635	-0.7200	0.1132	0.5109
ENSMUSG00000022758	-0.5896	-0.1294	0.4931	-0.0599	0.9349	0.6583
ENSMUSG00000022771	-0.2379	-0.1936	-0.3828	-0.0575	0.4524	-0.0032
ENSMUSG00000022792	0.9580	1.3892	1.5174	2.2808	1.8954	1.4130
ENSMUSG00000022803	0.1559	-0.1580	0.4164	0.4764	0.1930	-0.2185
ENSMUSG00000022814	-1.0571	-0.0433	0.4813	-0.1454	-0.1682	-0.8207
ENSMUSG00000022817	0.9847	0.0345	-0.4277	-0.1316	-0.1408	-0.6376
ENSMUSG00000022828	0.1519	-0.4120	0.1542	0.8073	-0.2038	-0.9330
ENSMUSG00000022831	0.4309	0.1551	-0.2519	-0.0329	-0.2567	-0.1429
ENSMUSG00000022836	0.8460	-0.2573	-0.5612	0.3908	-0.8138	0.5037
ENSMUSG00000022865	0.5088	0.3886	0.5068	-0.1092	-0.1346	0.0410
ENSMUSG00000022878	0.2357	0.0500	-0.1911	0.0764	0.0112	-0.0298
ENSMUSG00000022885	-0.6412	-0.3341	0.3675	-0.4326	-1.0071	0.7880
ENSMUSG00000022901	0.1805	0.5329	-0.2066	-0.7015	-0.5433	-0.0363
ENSMUSG00000022935	-1.0965	0.1811	-0.1842	-0.6437	-0.2613	-0.7262
ENSMUSG00000022947	0.6288	-0.7769	0.5511	0.5660	-0.1297	-0.6777
ENSMUSG00000022951	-0.4383	-0.1848	-0.3441	0.4112	0.4976	-0.0255
ENSMUSG00000022962	-0.4725	0.1120	-0.0911	-0.2864	0.2995	0.3133
ENSMUSG00000022967	-0.2351	0.1204	0.4135	0.4501	-0.7478	0.1523
ENSMUSG00000022971	-0.3776	-0.1519	0.9727	0.4266	-0.5516	-0.8458
ENSMUSG00000022995	0.7014	-0.2025	0.4196	-0.4188	-0.1876	-0.3642
ENSMUSG00000022997	0.1002	-0.7946	0.1034	0.8370	-0.5522	-0.4640
ENSMUSG00000023000	0.3307	-0.5799	-0.1165	0.2701	0.2344	-0.0777
ENSMUSG00000023007	0.1662	0.1104	-0.4284	0.0469	-0.1689	-0.1831
ENSMUSG00000023008	-0.9009	0.3781	0.6338	-0.0872	0.7629	-0.1139
ENSMUSG00000023013	0.8282	0.1452	-0.2571	-0.4475	-0.1514	-0.1345
ENSMUSG00000023018	0.7473	0.1628	-0.8511	0.7515	-0.1882	0.0871
ENSMUSG00000023021	0.0218	-0.0119	0.7491	-0.3763	0.6584	0.2278
ENSMUSG00000023027	-0.3173	0.3584	-0.0291	0.1842	0.2655	0.0827
ENSMUSG00000023039	0.2011	0.7328	0.8528	1.7183	1.5674	1.1829
ENSMUSG00000023041	0.6845	1.0409	1.3323	2.5199	1.8599	1.8870
ENSMUSG00000023052	0.0692	-0.2835	-0.2621	0.3611	0.1692	-0.0725
ENSMUSG00000023057	-0.6371	-0.0818	-1.0342	0.2645	-1.1622	-1.7790
ENSMUSG00000023078	-0.1759	0.1842	0.1009	0.0151	-0.2779	0.0514
ENSMUSG00000023083	-0.0628	-0.2191	-0.1993	0.6735	-0.6830	0.2232
ENSMUSG00000023118	0.5496	-0.1914	0.6165	-0.0675	-0.2404	-0.3258
ENSMUSG00000023120	0.2117	0.0292	-0.0020	0.6106	0.1554	0.3758
ENSMUSG00000023206	-0.0640	0.0260	-1.2855	-0.3309	0.0724	-0.5849
ENSMUSG00000023224	-0.6715	-0.7204	-1.1153	-1.4265	-1.2777	-1.6744
ENSMUSG00000023243	-0.3851	-0.3718	-0.1775	-0.2407	-1.2258	-0.7331
ENSMUSG00000023247	0.0049	0.1573	0.0937	0.3297	0.0863	-0.2959
ENSMUSG00000023249	0.1020	-0.1942	-0.2696	-0.2208	-0.7153	-0.3022
ENSMUSG00000023262	-0.3684	0.4541	0.0103	0.1420	1.0971	0.4095
ENSMUSG00000023267	0.4214	0.3862	-0.2550	0.2820	-0.4373	-0.6858
ENSMUSG00000023274	0.0141	-0.1200	0.4465	-0.6061	-0.9145	-0.3412
ENSMUSG00000023279	0.5567	-0.7405	-0.3739	-0.4405	-0.6194	0.0323
ENSMUSG00000023307	-0.5202	-0.3318	-0.5100	-0.0264	0.1574	0.0674
ENSMUSG00000023328	-0.5174	0.0386	-0.1369	-0.4319	-0.4049	0.7592
ENSMUSG00000023411	-0.7932	-0.9691	-0.9787	-0.4545	-1.1378	-1.6284
ENSMUSG00000023456	0.1180	0.9792	-0.1748	-0.2823	-0.2162	-0.0138
ENSMUSG00000023484	-0.3775	0.0959	0.6185	0.1253	-0.3746	-0.6569
ENSMUSG00000023809	0.0220	0.2046	-0.5143	0.2712	-0.0184	-0.6458
ENSMUSG00000023827	-0.8823	-0.0109	0.5113	-0.3633	-0.3163	-0.0337
ENSMUSG00000023828	-0.4715	-0.1764	0.0852	-0.2553	0.6038	-0.3211
ENSMUSG00000023832	-0.3707	-0.0931	-0.0211	-0.4675	-0.3464	0.6120
ENSMUSG00000023845	0.9568	1.3794	1.0506	1.1480	2.3337	2.3139
ENSMUSG00000023885	-0.9528	0.6225	-0.1158	0.6828	-0.3434	0.1623
ENSMUSG00000023903	0.5250	-0.3847	-0.4897	-0.2058	0.3723	0.0379
ENSMUSG00000023905	0.7887	0.3771	-0.7597	0.6213	-0.5403	0.7543
ENSMUSG00000023908	0.3878	0.2095	0.5447	0.2406	0.1887	0.0459
ENSMUSG00000023913	0.3602	-0.2709	-0.1303	-0.2554	0.1240	0.1753
ENSMUSG00000023921	-0.0121	0.0679	-0.3943	-0.2174	0.9935	-0.6207
ENSMUSG00000023947	0.2753	-0.0976	-0.5255	0.1248	0.0273	-0.2357
ENSMUSG00000023967	-0.1391	0.3238	0.3300	-0.0094	-0.4456	0.0150
ENSMUSG00000023979	-0.3896	0.8679	-0.0481	-0.0577	0.4729	-0.0103
ENSMUSG00000023982	-0.1712	0.3115	-0.2450	-0.1571	-0.2678	-0.0263
ENSMUSG00000023992	0.6352	0.1635	0.3184	-0.2028	0.2360	-0.0897
ENSMUSG00000023994	0.9739	1.0406	-0.1711	0.5480	-0.4542	0.6214
ENSMUSG00000023999	0.6457	-0.1705	0.3843	-0.0479	-0.1996	-0.2039
ENSMUSG00000024032	-0.2265	0.0190	0.0756	-0.0972	0.6510	0.0146
ENSMUSG00000024052	0.7059	-0.0837	-0.3284	-0.8061	0.4047	0.0299
ENSMUSG00000024066	-0.3704	-0.2568	0.9683	0.4119	-0.3064	-0.0853
ENSMUSG00000024070	0.2357	0.2978	-0.3316	0.9218	0.3458	-0.1547
ENSMUSG00000024097	0.0797	-0.1630	-0.0849	-0.2746	-0.0955	0.5254
ENSMUSG00000024101	-1.0470	-0.6164	-0.7224	-1.2180	-1.6975	-1.0798
ENSMUSG00000024143	0.3262	-0.1390	-0.8345	0.4771	0.2950	0.1328
ENSMUSG00000024163	0.0815	-0.1153	-0.3185	-0.5001	-0.8063	0.2632
ENSMUSG00000024182	-0.1920	-0.8963	0.0065	-0.9219	-0.0328	-0.1340
ENSMUSG00000024190	0.1291	0.4334	-0.7352	-0.1190	-0.3389	-0.0740
ENSMUSG00000024209	0.1474	-0.6989	1.0470	-0.0188	0.4735	-0.2411
ENSMUSG00000024211	0.2089	0.1944	0.0834	-0.2709	-0.2592	-0.3428
ENSMUSG00000024217	0.3814	-1.0087	-0.6185	-0.0143	-0.1346	-0.1859
ENSMUSG00000024225	-0.2610	-0.1105	0.0980	-0.4904	0.0338	-0.1074
ENSMUSG00000024231	-0.4671	-0.6880	-0.3666	0.6512	0.2083	0.4390
ENSMUSG00000024241	-0.1902	0.0976	0.3413	0.6893	0.2068	-0.6528
ENSMUSG00000024248	0.4595	0.3631	-0.0602	0.2683	-0.2331	-0.0518
ENSMUSG00000024258	-0.1948	-0.1192	0.0053	0.3567	0.4879	-0.2263
ENSMUSG00000024270	0.1558	0.2487	-0.0304	0.7655	-0.4247	0.2228
ENSMUSG00000024313	0.3007	-0.4809	0.0640	-0.5212	0.3974	0.2519
ENSMUSG00000024331	-0.4020	-0.1202	-0.1717	0.2735	-0.6270	-0.7160
ENSMUSG00000024338	0.5016	0.2438	0.3373	0.6672	-0.4105	-0.3092
ENSMUSG00000024359	0.1517	-0.2753	0.5499	-0.6828	1.0174	-0.2412
ENSMUSG00000024370	0.2644	0.8051	0.6273	0.1888	-0.3490	0.1432
ENSMUSG00000024371	-0.0566	0.5805	0.1842	-0.1894	-0.7175	0.0467
ENSMUSG00000024386	0.0858	-0.0626	-0.5298	0.1309	0.0169	-0.6548
ENSMUSG00000024411	-0.4288	0.0388	0.1521	0.4385	-0.2002	-0.7387
ENSMUSG00000024459	-0.2784	-0.3878	-0.5678	0.2202	0.7730	0.7944
ENSMUSG00000024472	0.0257	0.1737	0.3578	-0.5674	0.8843	-0.9591
ENSMUSG00000024493	1.6808	1.4741	1.7536	1.8974	0.6249	2.2497
ENSMUSG00000024510	0.3077	0.0577	0.2783	-0.3077	-0.2980	0.3575
ENSMUSG00000024513	-0.0192	0.5440	0.4302	-1.1608	0.3544	-0.4023
ENSMUSG00000024515	0.2000	0.4845	-0.0428	-0.4931	0.4693	0.2809
ENSMUSG00000024516	-0.7344	0.1174	-0.8078	-0.0584	-0.1786	-0.0786
ENSMUSG00000024519	0.6228	-0.6523	-0.5497	-0.1621	0.3973	-0.6276
ENSMUSG00000024553	-0.0013	0.4605	0.1551	-0.1380	0.2537	0.4282
ENSMUSG00000024563	0.2724	-0.5834	0.6875	-0.0222	0.8493	-0.8578
ENSMUSG00000024571	0.2006	0.5205	-0.0154	-0.0451	0.4932	0.3214
ENSMUSG00000024578	0.2218	0.1697	-0.3909	-0.0908	0.1109	0.0452
ENSMUSG00000024587	-1.2742	-1.4553	-1.4558	-0.9351	-1.6365	-1.9526
ENSMUSG00000024588	-0.0302	-0.0422	-0.3444	0.3085	-0.9561	-0.1538
ENSMUSG00000024589	0.8703	1.4072	0.5564	0.9934	1.1143	1.6277
ENSMUSG00000024593	0.3046	-0.7206	-0.0810	0.0263	-0.3307	-0.1036
ENSMUSG00000024604	-0.2280	-0.0317	0.0144	-0.4295	-0.2365	0.4474
ENSMUSG00000024608	-0.0985	-0.2397	0.1526	-0.8966	-0.3939	-0.1580
ENSMUSG00000024610	-0.8424	-0.7861	-0.8945	-0.8162	-0.3235	-1.0174
ENSMUSG00000024613	0.0272	0.0678	-0.6194	0.5462	-0.0229	0.2052
ENSMUSG00000024621	0.2092	0.0963	0.3277	0.0752	0.1287	0.1901
ENSMUSG00000024661	0.4851	-0.3997	-0.2988	0.1827	0.0768	-0.0675
ENSMUSG00000024669	0.2198	-0.4562	-1.1920	-0.1330	-0.6023	0.0704
ENSMUSG00000024726	0.5049	-0.2416	0.2751	0.4747	0.3780	0.1094
ENSMUSG00000024738	0.2958	-0.1877	0.3501	-0.0858	0.4419	0.1321
ENSMUSG00000024758	-0.5276	-0.2526	-0.5953	0.2842	0.0780	-0.0422
ENSMUSG00000024772	0.5290	0.8207	-0.3118	0.0330	-0.1996	0.1713
ENSMUSG00000024782	-0.7249	0.2305	-0.2102	0.0026	-0.3486	-0.2292
ENSMUSG00000024785	-0.7467	-0.1040	0.1617	0.2609	-0.2642	0.0371
ENSMUSG00000024791	-0.5294	0.1723	-0.0591	0.8614	0.5892	0.2827
ENSMUSG00000024805	0.5757	-0.3168	0.2841	0.1442	-0.2361	-0.5429
ENSMUSG00000024826	-0.2645	0.5669	0.1313	-0.7896	-0.5823	0.5741
ENSMUSG00000024827	0.6798	0.5226	0.1824	-0.2932	-0.3183	-0.2027
ENSMUSG00000024843	-0.1613	-0.4666	-0.4786	-0.8979	-1.2327	-0.3275
ENSMUSG00000024853	0.1919	0.2301	0.0143	-0.6725	0.3040	-0.2848
ENSMUSG00000024854	0.4811	0.1287	0.1469	-0.5191	-0.5844	-0.0810
ENSMUSG00000024856	-0.6982	0.1918	-0.2508	0.0592	-0.7414	0.3659
ENSMUSG00000024862	0.4183	0.2048	-0.4432	-0.8435	0.1579	0.1116
ENSMUSG00000024868	-0.6821	0.3592	-0.2987	-0.2947	0.5741	0.0003
ENSMUSG00000024870	0.0518	0.0942	0.1704	0.0055	-0.6711	-0.0204
ENSMUSG00000024896	-0.3198	0.1403	-0.3420	0.2557	0.0513	-0.5286
ENSMUSG00000024900	-0.1686	-0.2491	-1.1012	0.2052	-0.4159	0.8249
ENSMUSG00000024903	0.4556	-0.0212	-0.3539	0.3312	-0.5451	0.0141
ENSMUSG00000024924	-0.1676	-0.4247	0.2357	-0.1814	0.3064	-0.5653
ENSMUSG00000024926	0.1488	0.1146	-0.4136	-0.6976	0.0865	-0.4300
ENSMUSG00000024947	0.5133	-0.2938	-0.0916	1.0060	0.4835	-0.0839
ENSMUSG00000024960	-0.1723	0.5007	0.0828	-0.1658	-0.5332	-0.0539
ENSMUSG00000024965	0.1589	-0.8012	-0.6020	-0.2309	-1.1764	-0.0469
ENSMUSG00000024974	-0.4415	-0.3595	0.6593	0.0083	-0.0950	0.3812
ENSMUSG00000024986	-0.3057	-0.2534	0.2150	0.6011	-0.2703	-0.4019
ENSMUSG00000024992	0.3344	0.0021	-0.4859	0.9615	0.7672	-0.0656
ENSMUSG00000025007	0.0708	-0.0472	0.1976	1.0421	0.1198	0.6568
ENSMUSG00000025019	-0.8193	0.1648	-0.8144	0.4967	-0.0151	0.0921
ENSMUSG00000025024	0.2562	0.2013	0.3809	0.0792	-0.1309	0.1751
ENSMUSG00000025049	-0.2503	-0.1428	0.0303	0.0661	0.1871	0.2310
ENSMUSG00000025059	-0.2448	0.3544	0.1761	0.3931	0.6147	-0.3035
ENSMUSG00000025068	0.0234	0.5883	-0.6902	-0.3156	0.3312	-0.1071
ENSMUSG00000025135	0.2487	-0.2087	0.7743	-0.2224	0.0674	0.5434
ENSMUSG00000025138	1.0038	1.1345	0.0005	0.4270	-0.0272	-0.2188
ENSMUSG00000025142	-0.0683	0.4047	-0.3476	0.3921	1.0016	-0.1746
ENSMUSG00000025153	-0.3855	0.6692	-0.5242	-0.6086	0.3213	0.3194
ENSMUSG00000025190	1.1130	0.2813	1.1274	1.2398	1.6911	1.2477
ENSMUSG00000025207	-0.3729	-0.3880	0.2809	0.4101	-0.3563	0.3263
ENSMUSG00000025215	-0.0163	0.0798	0.4829	-0.2034	0.1278	-0.4337
ENSMUSG00000025217	0.1267	0.1737	0.3424	0.1141	0.1948	0.0399
ENSMUSG00000025232	0.6209	1.5185	1.7401	1.3405	1.4811	2.2922
ENSMUSG00000025241	-0.3214	0.1801	-0.0271	-0.3616	0.3232	1.0521
ENSMUSG00000025261	-0.4438	-0.0819	0.4022	-0.0868	-0.4162	0.0605
ENSMUSG00000025265	0.1556	-0.2485	0.2092	-0.2818	-0.5728	-0.1792
ENSMUSG00000025266	0.0254	-0.2276	-0.1107	0.1696	-0.1908	-0.0118
ENSMUSG00000025280	0.0307	-0.4600	0.0232	0.7697	-0.2666	0.0409
ENSMUSG00000025326	0.2393	-0.1934	-0.0980	-1.1328	0.1880	0.1984
ENSMUSG00000025337	-0.0546	0.2845	0.2075	-0.0559	-0.0464	0.1944
ENSMUSG00000025369	0.1398	-0.1006	0.3109	0.5757	-0.0406	0.0798
ENSMUSG00000025371	0.1395	-0.2092	0.0980	-0.1555	0.0765	-0.2061
ENSMUSG00000025372	0.2440	-0.5098	0.1613	-0.5741	0.3314	-0.3603
ENSMUSG00000025383	-0.8394	-0.3341	-0.0457	-0.9293	0.2349	0.3807
ENSMUSG00000025393	-0.1383	0.9890	0.6554	0.8869	-0.1410	0.0148
ENSMUSG00000025401	0.2813	-0.1335	-0.1851	-0.5691	-0.7596	-0.1885
ENSMUSG00000025403	-0.1156	0.2431	-0.1453	0.0172	-0.0855	0.4344
ENSMUSG00000025408	-0.0635	0.5344	0.8861	-0.1483	-0.2440	0.5910
ENSMUSG00000025423	-0.5494	-0.7951	-0.0730	-0.1184	0.0056	0.0868
ENSMUSG00000025425	0.1339	-0.1962	0.2927	-0.3754	-0.0609	0.2036
ENSMUSG00000025469	0.2304	0.0461	0.7289	0.1180	0.7609	0.0092
ENSMUSG00000025481	0.2639	0.4187	-0.5352	-0.4570	-0.2802	0.2177
ENSMUSG00000025484	-0.1432	0.5921	0.1137	0.0750	-0.4369	0.1019
ENSMUSG00000025487	-0.0857	0.4840	0.0040	0.0064	0.0546	0.3957
ENSMUSG00000025498	-0.4161	-0.6924	-0.7140	-0.1443	0.3543	0.0922
ENSMUSG00000025499	-0.1619	-0.0295	0.2795	-0.1250	0.5182	0.5369
ENSMUSG00000025507	0.3338	0.0962	-0.2807	0.2402	0.0340	0.7373
ENSMUSG00000025533	-0.1053	-0.1789	-0.7822	-0.3039	-0.1603	0.3588
ENSMUSG00000025551	-0.1125	0.2250	0.0388	0.1026	0.2468	-0.1168
ENSMUSG00000025647	0.0458	-0.3901	-0.1680	-0.1377	0.3972	0.4805
ENSMUSG00000025650	-0.8964	-1.9578	-1.8107	-1.9633	-2.0218	-2.1190
ENSMUSG00000025651	0.5861	-0.3982	0.0345	0.7028	0.6292	0.4113
ENSMUSG00000025724	-0.3556	0.3691	0.4809	-0.3610	0.3493	0.4923
ENSMUSG00000025733	0.3329	0.4038	0.8528	0.4509	0.1216	0.0310
ENSMUSG00000025737	-0.3926	-0.8307	-1.1143	-1.1707	-1.1271	-1.5809
ENSMUSG00000025745	0.7717	0.1112	-0.0861	0.3090	-0.5523	-0.1861
ENSMUSG00000025757	-0.6346	0.7296	0.2901	-0.1506	0.1730	0.0339
ENSMUSG00000025793	0.4568	-0.3508	-0.1159	-0.0830	-0.6445	1.0176
ENSMUSG00000025809	-0.0897	0.0537	-0.4339	0.1688	0.2934	0.1387
ENSMUSG00000025813	0.1563	0.1912	-0.7398	-0.8952	0.3054	0.0674
ENSMUSG00000025855	0.1819	0.6739	-0.4139	0.2394	-0.2885	0.3355
ENSMUSG00000025858	-0.5242	0.7913	0.8055	-0.5747	0.3154	0.6460
ENSMUSG00000025860	0.3714	0.5661	-0.5975	-0.2951	-0.6130	-0.3724
ENSMUSG00000025862	0.1650	-0.1345	0.1795	0.2015	0.2553	0.0141
ENSMUSG00000025867	0.0606	0.2020	0.3067	-0.3302	-0.6924	0.1947
ENSMUSG00000025877	0.6061	0.0797	0.0722	-0.0573	0.1167	0.0281
ENSMUSG00000025878	0.8518	1.2806	1.4431	0.7510	1.1016	2.0586
ENSMUSG00000025888	-0.5681	-0.4081	-0.8910	-2.0693	-1.7747	-1.2841
ENSMUSG00000025892	-0.1525	0.0948	0.1658	0.1841	0.1938	-0.0066
ENSMUSG00000025905	0.2365	0.5393	0.1755	0.3500	0.7339	0.3555
ENSMUSG00000025931	0.0060	0.0408	-0.2306	-0.6692	-0.1027	0.3052
ENSMUSG00000025935	0.1478	1.0539	0.3147	-0.7663	0.6237	0.1197
ENSMUSG00000025949	0.8276	0.0656	-0.1865	0.0997	-0.5967	-0.0479
ENSMUSG00000025986	0.2114	-0.1689	0.1938	-0.4720	0.2195	0.0869
ENSMUSG00000026000	0.2975	-0.1665	0.4111	0.3024	-1.0664	0.2424
ENSMUSG00000026005	-0.6591	0.5828	0.4055	-0.2269	-0.5266	0.2716
ENSMUSG00000026020	-0.3821	-0.0975	-0.1866	0.2054	-0.0658	-0.6932
ENSMUSG00000026021	-0.7528	-0.3266	0.4249	-0.4522	-0.3715	0.1448
ENSMUSG00000026027	-0.0252	0.1543	-0.8898	0.4076	0.5950	-0.8098
ENSMUSG00000026029	0.2132	0.2185	-0.0201	0.8376	-0.0073	0.3723
ENSMUSG00000026037	0.5952	0.2772	0.3584	-0.2152	-0.1344	-0.7262
ENSMUSG00000026069	-0.4955	0.2097	-0.5244	0.2326	0.4584	-0.0862
ENSMUSG00000026070	-0.1486	0.2796	-0.0341	-0.4014	-0.0470	-0.7687
ENSMUSG00000026073	0.1240	-0.2888	-0.4412	-0.2016	0.0123	-1.0644
ENSMUSG00000026074	-0.6190	-0.0394	-0.4725	0.0048	0.2608	0.1004
ENSMUSG00000026080	-0.0736	0.2055	-0.8847	0.5874	-1.0104	0.1262
ENSMUSG00000026082	0.2794	0.2372	-0.0330	-0.6953	0.0832	-0.0560
ENSMUSG00000026102	-0.6300	-0.6794	-0.7405	-0.1365	-0.1175	0.9323
ENSMUSG00000026110	-0.1186	0.9714	0.0158	0.0577	-0.0912	-0.3652
ENSMUSG00000026121	-0.1683	0.0939	0.5370	-0.9066	0.1940	0.2288
ENSMUSG00000026166	0.3629	1.0317	0.0129	-0.8915	-0.6420	-0.0175
ENSMUSG00000026174	0.6375	0.1913	0.1602	-0.1701	0.5913	0.0811
ENSMUSG00000026177	0.2190	0.4286	-0.6085	-0.2903	-0.0686	-0.5341
ENSMUSG00000026189	-0.1235	0.4894	-0.1510	0.2889	0.1787	-0.0839
ENSMUSG00000026192	1.1485	0.8447	0.5378	0.5801	1.1309	1.0310
ENSMUSG00000026203	-0.3231	-0.1166	-0.2513	0.2159	-0.1424	-0.1349
ENSMUSG00000026204	0.3477	-0.3482	-0.2392	0.3090	-0.5294	0.6524
ENSMUSG00000026253	0.3551	0.7523	0.3617	0.2561	-0.2908	-0.1510
ENSMUSG00000026281	-0.0399	0.3613	0.1223	-0.1230	0.1567	0.4543
ENSMUSG00000026285	-0.0230	-0.2000	-0.4801	0.0458	0.0213	0.8269
ENSMUSG00000026289	0.2377	0.0923	-0.1209	-0.0682	-0.4459	-0.0248
ENSMUSG00000026321	-0.0664	0.7333	-0.4292	-0.1704	0.7886	0.0767
ENSMUSG00000026355	-0.0140	-0.1806	-0.2900	0.1529	-0.0971	-0.0235
ENSMUSG00000026365	0.0036	0.4689	-0.5837	-0.1513	0.4505	0.9623
ENSMUSG00000026368	-0.1322	-0.4261	-0.4607	0.1527	0.3412	0.1008
ENSMUSG00000026387	-0.1991	-0.5143	-0.8074	-0.4930	-0.0419	-0.3451
ENSMUSG00000026390	-0.9117	-0.4836	-0.6052	-0.3588	0.1233	0.4057
ENSMUSG00000026395	-0.4668	0.3063	-0.4518	0.2398	0.6912	0.4251
ENSMUSG00000026401	-0.4967	0.1299	0.2448	0.2003	-0.0303	0.2642
ENSMUSG00000026413	0.6893	1.4342	1.0946	1.4338	1.8618	2.2386
ENSMUSG00000026416	0.3193	0.4014	-0.1516	0.6076	-0.0505	0.1600
ENSMUSG00000026417	-0.6166	-0.6479	0.4331	-0.1509	-0.2793	0.6204
ENSMUSG00000026425	-0.1235	-0.4145	0.0777	0.3912	0.5670	0.1167
ENSMUSG00000026435	0.3582	-0.7499	0.2045	-0.3940	-0.2450	-0.1960
ENSMUSG00000026436	0.2493	0.2195	0.7732	-0.0707	0.0665	-0.2464
ENSMUSG00000026439	-0.1647	0.6177	-0.5977	-0.0047	-0.3155	-0.0524
ENSMUSG00000026447	-0.5894	-0.0179	-0.0346	0.1246	0.0061	-0.0118
ENSMUSG00000026450	-0.3037	0.1247	-0.0885	0.9656	-0.4146	0.1863
ENSMUSG00000026458	-0.5410	-0.0613	0.1943	-0.4757	0.1193	0.3454
ENSMUSG00000026494	0.1962	-0.4055	0.2189	-0.2000	-0.3105	-0.6113
ENSMUSG00000026511	-0.3939	0.0254	0.0261	-0.8149	0.3769	-0.0365
ENSMUSG00000026520	-0.5854	-0.0989	-1.0759	-0.6637	-0.4166	-1.8194
ENSMUSG00000026556	0.0949	-0.9827	0.0934	-0.3686	-0.0860	-0.3736
ENSMUSG00000026581	0.1770	-0.3661	0.1730	-0.2689	0.7794	-0.9815
ENSMUSG00000026603	0.2442	-0.4057	0.1240	-0.1813	-0.3640	0.1883
ENSMUSG00000026639	0.4692	0.6925	1.2189	1.5713	1.5880	2.0143
ENSMUSG00000026640	0.1070	-0.3100	-0.2153	-0.5431	-0.0716	0.5833
ENSMUSG00000026662	-0.3387	0.1034	-0.6508	-0.0169	-0.4124	-0.5504
ENSMUSG00000026663	0.3339	-0.2559	0.3247	-0.0503	-0.3943	-0.4751
ENSMUSG00000026726	0.1610	0.6751	0.8501	0.2573	0.0762	-0.1120
ENSMUSG00000026728	-0.1547	-0.4844	-0.0308	0.0994	0.4989	0.2707
ENSMUSG00000026739	-0.0200	0.4550	0.2428	-0.0596	-0.1053	-0.0048
ENSMUSG00000026761	0.0220	0.2581	0.5645	-0.1445	0.5322	0.2116
ENSMUSG00000026768	1.0652	0.9241	0.9210	1.7603	0.8790	1.4789
ENSMUSG00000026770	-0.4934	-0.0432	0.4197	-0.3445	-0.3309	0.9485
ENSMUSG00000026771	0.1675	0.5453	1.2341	2.2998	1.1613	0.5246
ENSMUSG00000026773	-0.0838	-0.6231	-0.1607	-0.1171	0.0912	0.0660
ENSMUSG00000026782	0.4413	-0.0683	0.1678	-0.0231	0.3633	-0.8434
ENSMUSG00000026784	0.0002	-0.0081	0.2315	0.0265	0.8705	0.2526
ENSMUSG00000026798	0.6097	0.4862	-0.1011	-0.3065	0.0420	-0.4372
ENSMUSG00000026803	-0.1235	-0.8451	0.2059	0.0927	0.6926	-0.2503
ENSMUSG00000026807	0.9434	0.8358	1.3668	1.3057	0.8359	0.7610
ENSMUSG00000026820	-0.0780	-0.2525	0.0448	-0.3623	0.2245	0.3751
ENSMUSG00000026826	0.3061	0.4155	-0.0063	-0.2528	-0.2560	0.4030
ENSMUSG00000026827	-0.0748	-0.2891	-0.0760	-0.4353	0.0002	0.2981
ENSMUSG00000026836	-0.1728	-0.1401	-0.2453	0.0224	-0.3563	0.7154
ENSMUSG00000026860	-0.0883	0.1595	-0.0859	0.0552	-0.0829	-0.8685
ENSMUSG00000026878	0.3377	0.4354	-1.3383	-0.1383	-0.1685	-0.4431
ENSMUSG00000026928	-0.3952	0.1990	0.3790	0.3495	-0.9504	0.4540
ENSMUSG00000026950	0.2397	-0.5525	-0.2068	-0.2692	0.3354	-0.2077
ENSMUSG00000026965	0.1960	0.4039	0.0459	-0.6873	0.4368	0.1853
ENSMUSG00000026981	0.0369	-0.2021	-0.1593	-0.0757	-0.3203	-0.0471
ENSMUSG00000026986	-0.3306	-0.2565	-0.1913	0.6364	0.5413	0.7289
ENSMUSG00000026994	-0.1726	-1.1541	0.0853	-0.0561	0.1968	0.6700
ENSMUSG00000027009	0.6307	0.4320	0.5929	0.4726	-0.0488	-0.3501
ENSMUSG00000027012	0.0888	0.7718	0.2503	-0.2218	0.3933	-0.6923
ENSMUSG00000027035	-0.5979	-0.6264	-0.6638	-1.8565	-1.6921	-1.6416
ENSMUSG00000027070	0.1611	-0.0430	0.3395	-0.3076	0.0103	-0.0407
ENSMUSG00000027087	-0.1584	0.7680	0.9013	-0.4516	-0.0656	-0.4514
ENSMUSG00000027088	-0.1697	-0.2380	0.4127	-0.1113	0.3453	0.5752
ENSMUSG00000027134	-0.0596	-0.2779	-0.7137	0.1530	0.0801	1.3280
ENSMUSG00000027168	0.3749	-0.3636	0.4502	-0.2281	-0.3590	-0.4886
ENSMUSG00000027176	0.1401	0.5298	-0.7337	-0.5176	-0.2345	0.1404
ENSMUSG00000027186	0.6171	0.7630	0.1053	0.5703	0.1520	0.5474
ENSMUSG00000027207	0.1198	0.1739	0.2876	0.1720	0.3644	0.1648
ENSMUSG00000027215	0.0061	0.2243	0.3764	-0.1831	-0.8956	-0.3953
ENSMUSG00000027221	-0.3405	-0.0565	0.2086	0.1049	0.2925	-0.4821
ENSMUSG00000027223	0.6124	-0.5746	0.0301	0.0876	-0.3324	-0.6286
ENSMUSG00000027227	-0.0231	-0.3454	0.0399	0.4864	-0.2709	0.4222
ENSMUSG00000027246	-0.5544	-0.7283	-0.4117	0.6009	-0.0886	0.4319
ENSMUSG00000027287	0.5431	0.4934	0.4699	-0.1179	-0.0198	0.2082
ENSMUSG00000027298	0.3877	-0.7027	0.0768	0.6908	-0.2168	-0.2797
ENSMUSG00000027300	-0.7688	-0.1376	-0.4511	-0.7071	-0.5925	0.2453
ENSMUSG00000027301	0.7471	0.1074	-0.1495	-0.1777	0.0243	0.1825
ENSMUSG00000027322	-0.2224	-0.5288	0.3713	-0.5861	-0.2970	-0.6056
ENSMUSG00000027330	-0.1664	0.0908	-0.5558	-0.2849	0.7143	0.7730
ENSMUSG00000027342	0.0278	-0.3421	0.4560	0.2871	0.7433	0.1475
ENSMUSG00000027358	-0.6955	-0.0287	-1.3194	-0.9030	-1.4445	-1.5248
ENSMUSG00000027360	0.2842	0.0851	0.0543	0.4952	1.1083	-0.2654
ENSMUSG00000027368	0.3985	0.6241	0.6995	-0.5636	0.5429	-0.2311
ENSMUSG00000027379	0.5178	0.2346	0.1020	-0.3248	-0.1368	-0.2160
ENSMUSG00000027381	-0.2308	-0.2587	0.0952	-0.0016	-0.5763	-0.0581
ENSMUSG00000027395	0.2163	-0.3519	-0.3419	-0.1998	0.1560	0.1519
ENSMUSG00000027399	-0.8176	0.1466	-1.1129	-0.5374	0.2446	-0.1723
ENSMUSG00000027405	-0.4305	0.0964	0.0646	-0.1545	-0.2249	0.3384
ENSMUSG00000027433	0.4038	0.2350	-0.0961	-0.1792	-0.5167	0.5143
ENSMUSG00000027452	0.3536	0.0236	0.1862	0.1278	-0.4190	0.3271
ENSMUSG00000027460	0.2980	0.1070	0.9701	-0.5386	-0.1345	0.5195
ENSMUSG00000027475	0.4780	-0.3681	0.3209	-0.2760	-0.8288	0.1654
ENSMUSG00000027496	-0.2890	0.0048	-0.0258	0.1351	-0.0711	-0.0900
ENSMUSG00000027498	0.5479	-0.5059	0.3187	-0.4328	0.0873	-0.2144
ENSMUSG00000027509	0.7814	0.3679	0.4949	0.1231	-0.7919	0.5112
ENSMUSG00000027513	-0.3541	-0.0147	0.8055	-0.3686	0.1952	0.0862
ENSMUSG00000027519	-0.1748	-0.3170	-0.2669	-0.3656	-0.1203	-0.8165
ENSMUSG00000027523	-0.7471	0.1380	-0.3012	0.4486	-0.1598	-0.4815
ENSMUSG00000027540	-0.4926	-0.3010	0.0697	0.0001	-0.2978	-0.9691
ENSMUSG00000027552	0.6063	-0.0857	-0.1410	-0.2489	-0.3735	-0.1283
ENSMUSG00000027566	-0.0626	0.0267	-0.8069	0.6515	-0.4496	-0.1062
ENSMUSG00000027568	0.3572	0.3567	0.5341	0.5575	0.1189	-0.7680
ENSMUSG00000027569	-0.0749	0.4485	-0.1119	-0.1367	-0.0414	0.3543
ENSMUSG00000027575	0.1066	0.0658	-0.5776	-0.5606	-0.6107	-0.1461
ENSMUSG00000027577	-0.0183	0.1297	0.0447	-0.0400	-0.3004	-0.2585
ENSMUSG00000027597	-0.0166	-0.0226	-0.0301	-0.4369	-0.2590	0.2030
ENSMUSG00000027605	-0.8558	0.1932	-0.3156	0.3818	0.2966	-0.5689
ENSMUSG00000027612	-0.4857	0.3368	0.1227	-0.2037	0.7496	0.1168
ENSMUSG00000027641	-1.1006	0.1608	0.0135	0.4061	-0.9499	-0.1842
ENSMUSG00000027642	0.3310	-0.0564	-0.2405	0.0374	0.3666	-0.6509
ENSMUSG00000027643	0.5303	0.1884	-0.1343	0.0415	0.6313	-0.2574
ENSMUSG00000027665	0.5484	-0.2072	0.4364	-0.0852	0.5025	0.4499
ENSMUSG00000027671	-0.1416	-0.4079	-1.2479	0.2399	-0.6843	0.1716
ENSMUSG00000027673	-0.2559	0.4636	-0.5403	0.9313	-0.1072	-0.0762
ENSMUSG00000027674	-0.0441	-0.5302	-0.3518	-1.1101	0.2476	-0.1777
ENSMUSG00000027695	-0.2362	-0.2597	0.3370	-0.2693	-0.3262	-0.4345
ENSMUSG00000027698	0.2313	1.0468	0.5259	-0.1048	0.6388	-0.0097
ENSMUSG00000027709	0.2189	-0.3375	0.5831	-0.1621	-0.1729	0.8242
ENSMUSG00000027714	-0.0866	-0.0822	0.4071	-0.0359	0.2757	-0.3820
ENSMUSG00000027715	0.2280	0.5741	0.3926	-0.1876	0.7852	-0.4313
ENSMUSG00000027718	0.2825	-0.6534	0.0759	-0.0170	0.1338	-0.3431
ENSMUSG00000027803	-0.3837	0.1131	0.1043	0.7144	-0.0980	-1.2940
ENSMUSG00000027820	-2.1194	-1.6479	-1.0500	-2.0122	-1.7099	-1.5438
ENSMUSG00000027835	-0.5267	-0.3170	-0.1127	-0.7804	0.0568	-0.6373
ENSMUSG00000027854	0.6211	-0.2685	0.6674	-0.4338	0.1631	0.0118
ENSMUSG00000027871	-0.1792	0.0225	-0.1425	-0.3226	0.6350	-0.3415
ENSMUSG00000027875	-0.6400	0.0555	0.5356	-0.1796	0.1426	0.0565
ENSMUSG00000027881	0.4767	-0.2852	0.3816	0.3477	0.7899	0.4313
ENSMUSG00000027893	-0.0133	0.2525	-0.4672	0.1096	0.5372	-0.0090
ENSMUSG00000027902	0.4521	-0.1363	0.3676	0.2154	0.1887	0.0346
ENSMUSG00000027908	0.1103	0.7043	-0.2521	-0.0162	0.7697	-0.4601
ENSMUSG00000027912	1.1348	1.1844	0.7378	2.0399	1.3444	1.6870
ENSMUSG00000027923	-0.4093	-0.3219	-0.2742	0.2575	-0.4259	0.3401
ENSMUSG00000027935	-0.3631	-0.7285	0.0688	-0.1529	0.5771	0.1235
ENSMUSG00000027936	0.1791	-0.4983	-0.1950	0.2755	-0.2713	-0.9473
ENSMUSG00000027950	-0.6399	-0.0880	-0.0255	0.1735	-0.3309	-0.4568
ENSMUSG00000027951	-0.5976	0.5022	0.5698	-0.1304	0.2926	0.4221
ENSMUSG00000027952	0.2264	0.6561	-0.2338	0.2087	0.1675	-0.1085
ENSMUSG00000027977	0.5283	0.0622	0.0649	-0.2153	-0.2146	-0.0129
ENSMUSG00000027996	0.1378	0.1047	-0.4371	0.5638	0.1986	-0.3430
ENSMUSG00000027997	0.5141	-0.3684	0.1026	-0.1853	-0.5080	0.2484
ENSMUSG00000027998	0.0478	-0.0067	0.3544	-0.5409	0.0031	0.5853
ENSMUSG00000028005	-0.3045	-0.1409	-0.7222	-0.8913	-0.6993	-0.0702
ENSMUSG00000028023	-0.3595	-0.5338	-0.4592	-0.2964	0.1983	0.5986
ENSMUSG00000028024	-0.4394	-0.3356	-0.4990	0.5729	-0.1434	0.3596
ENSMUSG00000028032	-0.4835	-0.1542	0.5689	0.9087	0.6835	-0.3855
ENSMUSG00000028036	0.8440	0.2014	0.6531	1.5141	1.4281	0.6151
ENSMUSG00000028044	-0.5740	0.1779	-0.0427	-0.0826	0.1108	-0.3684
ENSMUSG00000028047	0.1195	0.3956	-0.1055	0.3690	-0.0645	0.2926
ENSMUSG00000028051	0.0834	-0.1127	-0.1033	0.0226	0.7211	0.1788
ENSMUSG00000028068	-0.3998	-0.7507	-0.1626	-0.2078	-0.4418	0.1316
ENSMUSG00000028071	-0.1587	-0.0440	0.4897	-0.2974	0.0385	0.0825
ENSMUSG00000028085	-0.4660	-0.1350	0.5674	0.0804	0.9172	-0.2212
ENSMUSG00000028086	0.0544	0.0670	-0.6064	-0.4663	-0.6660	0.3646
ENSMUSG00000028099	-0.1863	0.1865	0.0217	0.2745	-0.5480	0.3924
ENSMUSG00000028107	0.6597	1.6220	1.5570	0.9489	1.7927	2.0144
ENSMUSG00000028124	0.0800	-0.0498	-0.8957	0.3524	-0.3060	0.1072
ENSMUSG00000028128	0.2528	-0.7099	0.1300	0.6776	-0.1675	-0.7889
ENSMUSG00000028140	0.3485	0.0257	0.0873	-0.5148	0.6669	-0.7186
ENSMUSG00000028150	0.7545	0.0485	-0.1026	0.2702	-0.5708	0.1571
ENSMUSG00000028163	0.0171	0.0799	0.1025	0.8392	0.2135	-0.4603
ENSMUSG00000028164	0.1271	0.0137	-0.2627	0.4106	-0.3956	0.4998
ENSMUSG00000028207	0.5976	0.2158	-0.3284	0.0723	-0.1955	-0.0794
ENSMUSG00000028226	0.4279	0.2909	-0.4372	-0.0360	0.1866	-0.2750
ENSMUSG00000028234	-0.6521	-0.1564	0.1640	-0.0878	0.5896	-0.5804
ENSMUSG00000028238	0.0513	0.3224	-0.1624	-0.1776	0.2481	0.6948
ENSMUSG00000028255	0.3573	-1.0053	0.2954	0.7475	-0.4327	0.1443
ENSMUSG00000028262	0.1591	0.4358	-0.2620	-0.2565	-0.2123	0.5020
ENSMUSG00000028268	-0.0665	-0.6477	-0.0288	-0.8517	-0.3347	-0.1647
ENSMUSG00000028329	-1.1701	-0.4776	-0.2288	-0.2149	-0.3739	-0.3305
ENSMUSG00000028334	-0.7604	-0.8881	-1.1784	-1.4994	-1.7391	-1.7637
ENSMUSG00000028339	0.0620	0.2640	0.2028	0.1570	-0.1884	-0.1961
ENSMUSG00000028345	0.5444	-0.1464	-0.5665	0.0106	-0.3589	0.1335
ENSMUSG00000028394	0.7236	-0.4424	-0.0154	0.4124	0.2027	-0.7840
ENSMUSG00000028402	0.3090	0.4603	0.0377	0.3103	0.2576	0.9576
ENSMUSG00000028410	-0.4810	0.4450	-0.0807	0.1761	-0.6238	-0.2117
ENSMUSG00000028413	0.6516	0.1679	-0.9917	0.0514	0.1453	0.1915
ENSMUSG00000028414	0.2618	-0.8632	-1.0660	0.4086	0.2580	-0.3021
ENSMUSG00000028427	1.0578	-0.0423	0.1132	0.2034	0.0250	0.2546
ENSMUSG00000028434	0.1691	0.3587	0.4948	-0.3495	-0.3814	-0.2027
ENSMUSG00000028438	-0.3179	0.0203	-0.0061	-0.3926	0.4147	-0.4723
ENSMUSG00000028459	0.2799	0.3082	0.2020	-0.1118	-0.5092	0.1033
ENSMUSG00000028464	0.7840	0.4579	0.4055	-0.2586	-0.6314	0.7649
ENSMUSG00000028467	1.3530	0.9283	1.3006	1.9259	2.2892	2.0139
ENSMUSG00000028469	-0.0653	0.1152	0.0967	-0.2128	-0.9173	0.3086
ENSMUSG00000028478	-0.0834	0.3646	0.2310	-0.6192	-0.4819	-0.2846
ENSMUSG00000028484	-0.6748	-0.6459	-0.3790	0.7119	0.4988	-0.3790
ENSMUSG00000028494	-0.5058	0.3824	0.0757	-0.5084	-0.0820	0.2554
ENSMUSG00000028519	0.0268	0.5719	-0.0476	0.2967	-0.2600	0.8700
ENSMUSG00000028523	0.8891	-0.5891	-0.3892	-0.0890	0.8003	-0.4072
ENSMUSG00000028528	0.3928	-0.5915	-0.2094	-0.5725	0.7777	-0.2962
ENSMUSG00000028530	0.1954	0.0265	-0.3203	-0.0448	-0.9080	-0.2858
ENSMUSG00000028539	0.8693	0.3371	0.0254	-0.0996	-0.4187	0.3734
ENSMUSG00000028541	-0.5458	-0.1827	-0.1356	-0.0451	-0.2192	0.1136
ENSMUSG00000028571	0.1437	0.2927	-0.1987	-0.1055	-0.3115	0.1596
ENSMUSG00000028577	-0.5748	-0.1516	0.5752	-0.4169	1.2014	0.2786
ENSMUSG00000028580	-0.0376	-0.0684	-0.5488	-0.7361	-0.4087	0.5060
ENSMUSG00000028597	0.1802	0.0018	0.1783	-1.0366	0.6938	0.0355
ENSMUSG00000028614	-0.5325	-0.1572	0.0478	0.3591	0.4638	-0.3216
ENSMUSG00000028621	-0.0470	-0.1414	0.3317	0.4040	-0.0367	-0.0180
ENSMUSG00000028626	-0.5297	-0.3322	0.5290	0.4359	0.0340	0.7415
ENSMUSG00000028648	0.4971	0.0289	0.6808	0.1539	0.2019	0.2253
ENSMUSG00000028653	-0.2671	-0.3856	-0.8373	0.2627	0.3298	0.2318
ENSMUSG00000028657	-0.0865	0.8995	-0.4476	1.2756	0.3998	-0.6563
ENSMUSG00000028664	0.2024	-0.0993	-0.5350	0.2492	-0.7693	0.0431
ENSMUSG00000028670	0.6409	0.6530	-0.1096	-0.3275	0.2430	0.0316
ENSMUSG00000028673	0.0993	-0.3237	-0.0759	-0.0359	0.6173	0.0390
ENSMUSG00000028676	-0.1246	0.0602	0.0352	0.7914	0.0512	0.2056
ENSMUSG00000028680	-1.0478	-1.5302	-1.0422	-0.2117	-0.7090	-0.7540
ENSMUSG00000028681	0.1942	-0.1006	0.0701	0.4512	0.3349	-0.1268
ENSMUSG00000028684	-0.7837	-1.6140	-1.7983	-1.1938	-1.3482	-0.9150
ENSMUSG00000028736	0.3539	-0.4862	-0.3622	-0.3946	0.7081	0.1674
ENSMUSG00000028758	-0.3138	-0.4203	0.1818	-0.3676	-0.0577	-0.2624
ENSMUSG00000028760	0.8198	-0.1095	0.5197	-0.2862	0.2929	0.2014
ENSMUSG00000028789	0.2808	-0.0707	0.7896	0.2347	0.0585	0.8975
ENSMUSG00000028800	-0.0963	-0.8600	-0.3794	-0.7654	0.5893	-0.7030
ENSMUSG00000028809	0.6701	-0.1498	0.0810	-0.1803	-1.0175	0.3723
ENSMUSG00000028838	-0.0812	-0.4610	-0.0772	0.0728	0.2593	-0.1217
ENSMUSG00000028862	0.9438	0.0139	0.5636	-0.0396	-0.3929	-0.3282
ENSMUSG00000028863	0.1038	0.6726	-0.0410	0.2619	0.0136	0.5520
ENSMUSG00000028864	0.4031	-0.6985	0.5397	-0.0402	-0.1217	-0.3269
ENSMUSG00000028868	0.2708	0.3195	0.5161	-0.1882	-0.0663	0.4985
ENSMUSG00000028883	-0.1899	0.2897	0.1577	0.5314	0.5262	0.2860
ENSMUSG00000028911	0.1427	-0.2990	-0.2583	-0.5587	-0.9142	-0.2756
ENSMUSG00000028914	0.2537	-0.0799	-0.5578	0.5134	0.1375	0.9036
ENSMUSG00000028936	0.1575	-0.1223	-0.1167	0.5185	-0.1701	0.0785
ENSMUSG00000028938	-0.6686	0.1411	-0.5209	0.8499	0.3483	-0.6215
ENSMUSG00000028946	-0.4655	0.0573	0.3047	0.1851	0.2464	-0.1965
ENSMUSG00000028950	-0.6653	0.0292	-0.3915	-0.3132	0.2972	-0.3001
ENSMUSG00000028957	-0.4598	0.1461	0.8048	-0.1160	0.1938	-0.1672
ENSMUSG00000028961	-0.3886	-0.1780	-0.4124	0.6840	-0.6940	0.4118
ENSMUSG00000028964	-0.1727	-0.0092	-0.4951	-0.3801	0.4499	0.0014
ENSMUSG00000028971	-0.5208	-0.6750	0.0976	-0.3308	0.5773	0.1344
ENSMUSG00000028974	0.7087	0.2994	-0.3763	0.0743	-0.0745	0.0739
ENSMUSG00000028988	-0.4087	0.5103	0.5918	0.5502	0.3430	-0.0243
ENSMUSG00000029004	-1.0041	-0.1842	1.3327	-0.2125	-0.2366	-0.2515
ENSMUSG00000029009	-0.3758	-0.5153	-0.0704	0.0101	0.3036	0.0430
ENSMUSG00000029033	0.5481	-0.4912	-0.0728	-0.4732	0.7558	0.3647
ENSMUSG00000029038	0.0989	0.7943	-0.3727	0.2440	0.2060	-0.3002
ENSMUSG00000029047	-0.2587	0.0126	0.2607	0.0126	-0.4385	-0.0124
ENSMUSG00000029053	0.5400	0.2739	-0.2277	0.8593	0.0664	-0.0414
ENSMUSG00000029060	0.5264	0.2763	-0.1137	-0.1427	-0.6544	-0.2552
ENSMUSG00000029064	0.2085	0.4002	-0.6904	-0.6947	-0.5523	-0.0578
ENSMUSG00000029084	0.5263	0.4357	-0.8790	0.3749	-0.2014	0.0095
ENSMUSG00000029086	-0.4120	0.0763	0.4325	0.2520	0.1069	-0.2243
ENSMUSG00000029108	-0.1363	0.1083	-0.0366	0.1105	0.1452	0.6850
ENSMUSG00000029111	0.2129	-0.4379	-0.0140	0.2716	-0.5035	0.0372
ENSMUSG00000029136	-0.4003	0.1102	0.0434	0.1003	0.8256	0.1617
ENSMUSG00000029168	0.4073	-0.3751	-0.1070	-0.3101	0.3118	-0.1160
ENSMUSG00000029169	0.1772	-0.9777	0.4051	0.1063	-0.1420	-0.1700
ENSMUSG00000029171	-0.0646	-0.3923	-0.0863	-0.1826	0.5292	0.6090
ENSMUSG00000029176	0.3202	1.0726	0.0898	-0.3156	0.0661	-0.3876
ENSMUSG00000029184	-0.1142	0.1753	-0.0423	0.2931	-0.1890	0.2366
ENSMUSG00000029188	0.0514	0.2003	-0.1439	0.3995	0.0672	-0.1762
ENSMUSG00000029195	-0.2653	-0.0148	0.2825	0.5038	-0.2369	-0.2737
ENSMUSG00000029202	-0.7702	0.1845	0.2109	-0.3046	1.0907	0.0879
ENSMUSG00000029204	-0.1240	-0.1876	0.0419	0.5551	-0.3392	-0.1061
ENSMUSG00000029205	0.0775	0.1456	0.1907	0.4110	-0.0376	0.7199
ENSMUSG00000029212	0.6207	0.2042	-0.2135	0.0278	-0.1576	-0.5763
ENSMUSG00000029217	-0.5157	-0.2461	-0.3204	-0.1315	0.2759	0.2150
ENSMUSG00000029223	0.5034	0.3318	-0.3510	0.1347	-0.7400	0.4487
ENSMUSG00000029236	-0.3036	0.0665	-0.2992	0.6045	-0.7049	-0.6600
ENSMUSG00000029246	-0.2475	-0.2496	0.4470	0.0827	-0.9617	0.1966
ENSMUSG00000029260	0.2177	0.3078	0.2739	-0.0193	-0.0054	-0.1876
ENSMUSG00000029313	-0.8756	-0.3367	-0.6247	-0.2494	-0.6284	0.1258
ENSMUSG00000029330	0.3534	0.2902	-0.6684	-0.1327	-0.3765	-0.1466
ENSMUSG00000029338	0.1750	-0.7194	0.3134	0.0975	-0.8669	-1.0846
ENSMUSG00000029361	-0.4341	0.0707	0.4623	-0.5482	-0.1953	-0.0211
ENSMUSG00000029368	0.5529	-0.6097	0.8369	0.1191	-0.1999	0.5009
ENSMUSG00000029370	-0.0223	0.0659	-0.3461	0.1024	-0.5933	-0.4914
ENSMUSG00000029373	-0.1793	-0.4379	-0.7499	-0.1870	-0.3574	0.6362
ENSMUSG00000029375	-0.1592	0.4213	-0.0401	0.7040	0.1470	0.0207
ENSMUSG00000029377	-0.9286	-0.6441	0.5256	-0.6889	-0.1109	-0.1480
ENSMUSG00000029378	-0.0581	0.1800	-0.2251	0.6903	-0.5695	0.5864
ENSMUSG00000029394	-0.7216	-0.7044	-0.1735	-1.1642	-1.0298	-1.9473
ENSMUSG00000029408	-0.0051	1.1326	1.7180	2.1631	1.6321	2.2881
ENSMUSG00000029417	0.4904	-0.0011	0.6948	-0.2412	0.1378	-0.1924
ENSMUSG00000029431	-0.1346	-0.1192	-0.3020	0.0438	-0.5077	0.3641
ENSMUSG00000029440	0.0394	-0.4841	-0.3804	0.1849	0.5174	-0.1689
ENSMUSG00000029446	-0.9702	0.6425	-0.2739	0.3965	1.0198	-0.1342
ENSMUSG00000029455	-0.6855	0.6274	0.0363	0.2055	-0.4534	0.5338
ENSMUSG00000029466	0.3540	-0.4660	-0.2519	-0.6042	-0.7731	-0.2334
ENSMUSG00000029468	-0.6057	0.1927	0.4212	-0.0729	-0.3811	0.5029
ENSMUSG00000029482	-0.1777	0.2184	0.9788	-0.0797	-0.2371	0.5398
ENSMUSG00000029486	0.0028	-0.5175	1.0038	-0.0879	0.9518	-0.1334
ENSMUSG00000029499	-0.1951	0.4863	-0.1318	0.6132	0.3853	0.4009
ENSMUSG00000029512	-0.0284	-0.0611	-0.3045	0.8564	0.5093	-0.0425
ENSMUSG00000029524	-0.1090	0.0656	0.2277	-0.0259	-0.1736	-0.2710
ENSMUSG00000029561	-0.5309	-1.4292	-1.2285	-0.7937	-1.5615	-1.3701
ENSMUSG00000029592	-0.3628	0.0930	-0.0762	0.0206	-0.0572	-0.6873
ENSMUSG00000029595	0.9815	1.2387	1.0872	1.5657	2.2929	1.2151
ENSMUSG00000029596	-0.3499	-0.1938	-0.2962	0.0887	-0.2482	-0.4165
ENSMUSG00000029605	-0.1216	0.0550	-0.4519	-0.7288	0.5865	0.4110
ENSMUSG00000029613	0.1381	0.4555	0.0233	0.0071	0.7853	0.4420
ENSMUSG00000029616	0.2733	-0.0556	0.0612	-0.8952	0.2537	0.0634
ENSMUSG00000029625	0.5193	1.2662	0.2543	0.9102	1.1610	1.3609
ENSMUSG00000029642	0.6347	0.6222	0.3033	0.1364	-0.2148	0.9532
ENSMUSG00000029646	0.1933	-0.1157	0.0824	-0.4803	0.0415	-0.2045
ENSMUSG00000029649	0.0372	0.0564	-0.3719	-0.1675	0.2117	-0.0230
ENSMUSG00000029656	-0.3343	-1.9265	-0.4506	-1.5323	-0.4740	-1.8651
ENSMUSG00000029657	0.3722	-0.5382	0.4527	0.0917	-0.0956	1.0325
ENSMUSG00000029673	0.3785	0.0249	-0.5404	0.2481	0.2562	-0.0695
ENSMUSG00000029679	0.3015	0.7114	1.1466	0.6051	1.3728	1.2668
ENSMUSG00000029683	-0.3762	0.9858	-0.2582	0.4133	0.0627	0.0365
ENSMUSG00000029684	-0.2749	0.1173	0.1772	-0.9725	-0.1374	0.1857
ENSMUSG00000029686	-0.5361	-0.1529	0.4849	-0.5666	-0.6079	-0.5540
ENSMUSG00000029695	-0.4067	-0.5320	0.2618	-0.1890	0.3143	-0.1676
ENSMUSG00000029711	-0.9742	-0.5252	-1.2722	-1.7562	-0.6741	-1.1044
ENSMUSG00000029712	0.0524	0.4849	-0.0592	0.8949	0.4481	0.4531
ENSMUSG00000029727	0.3600	0.5078	0.2835	0.4724	-0.6453	0.4425
ENSMUSG00000029730	-0.8557	-0.0635	0.1070	1.2015	0.4460	-0.1643
ENSMUSG00000029735	0.1624	-0.1103	0.6624	-0.3856	-0.0528	0.6671
ENSMUSG00000029757	0.3181	-0.1224	0.1203	-0.3050	0.1876	-0.6345
ENSMUSG00000029765	0.1850	0.5286	-0.0602	-0.0270	-0.1357	0.5670
ENSMUSG00000029777	-1.5680	-1.0550	-2.2388	-1.4951	-2.0061	-2.1670
ENSMUSG00000029804	1.2304	-0.3616	0.9775	-0.0019	0.0032	0.1092
ENSMUSG00000029844	0.5623	-0.1923	0.3240	0.0001	-0.0300	0.1849
ENSMUSG00000029860	0.6738	-0.3535	0.0929	0.4923	-0.0108	0.5413
ENSMUSG00000029869	-0.1507	-0.1525	-0.2803	0.2756	-0.0723	1.1400
ENSMUSG00000029917	0.1058	0.2505	0.4605	0.3970	-0.1852	-0.3688
ENSMUSG00000029919	-0.2556	0.0632	0.2198	-0.3431	-0.0120	-0.3244
ENSMUSG00000029920	0.1507	-0.0327	0.2867	0.6829	0.3591	0.4234
ENSMUSG00000029925	-0.3125	-0.2865	0.4530	-0.3378	-0.2701	-0.5422
ENSMUSG00000029992	-0.4325	-0.7834	0.4858	0.3067	0.0183	0.1206
ENSMUSG00000030004	0.3756	-0.0992	0.0144	-0.2646	-0.0907	-0.3718
ENSMUSG00000030020	-0.4833	0.3721	-0.9212	0.0405	0.2112	-0.2557
ENSMUSG00000030034	0.2719	0.4745	0.2446	-0.0732	-0.5892	-0.2535
ENSMUSG00000030045	-0.0482	-0.0635	-0.4503	0.3049	-0.3499	0.2754
ENSMUSG00000030046	0.5208	-0.2079	0.1006	0.6044	-0.0088	-0.3498
ENSMUSG00000030061	0.0610	0.5204	0.3422	-0.4361	0.0142	-0.0779
ENSMUSG00000030079	0.0799	-0.3020	0.2002	-0.3484	-0.2704	0.1965
ENSMUSG00000030094	0.4489	-0.1160	0.1804	0.2509	-0.0521	-0.2972
ENSMUSG00000030101	-0.0875	0.2254	0.3006	0.2085	0.0464	0.6949
ENSMUSG00000030104	0.5991	-0.1592	-0.1307	-0.3977	-0.0340	0.0900
ENSMUSG00000030108	-0.5730	0.8585	-0.6404	-0.1522	-0.3410	0.3880
ENSMUSG00000030111	-0.3625	0.5667	-0.4579	0.0410	-0.1255	0.2080
ENSMUSG00000030137	0.0056	0.7581	0.4568	0.6960	0.1225	-0.1540
ENSMUSG00000030138	0.5315	0.1115	-0.1081	-0.0402	0.2763	0.0647
ENSMUSG00000030154	0.6324	0.4522	0.0911	0.4231	-0.1959	-0.1837
ENSMUSG00000030159	0.2925	-0.9038	0.2720	-0.1055	-0.8946	1.0547
ENSMUSG00000030165	-0.1870	-0.3301	-0.2687	-0.0732	-0.8224	0.0409
ENSMUSG00000030166	-0.6314	-0.3074	0.8657	-0.1661	0.1374	-0.5945
ENSMUSG00000030167	0.7855	0.3608	0.1251	-0.1521	0.5748	-0.0195
ENSMUSG00000030170	0.1688	0.1128	-0.0227	-0.0004	-0.5204	-0.8982
ENSMUSG00000030172	-0.7432	0.4693	-0.5953	-0.3150	0.0639	0.0532
ENSMUSG00000030189	-0.0634	0.2306	0.1709	-0.1592	0.4269	0.0948
ENSMUSG00000030194	-1.2251	-0.0451	-1.1340	-0.8823	-1.2977	-1.6817
ENSMUSG00000030203	-0.1971	-0.5680	0.0036	-0.6432	0.0419	0.1155
ENSMUSG00000030216	-0.0679	0.6608	0.0007	0.8455	0.3325	0.3359
ENSMUSG00000030235	-0.9503	-0.5517	-0.3724	-0.5062	-0.9182	-1.9211
ENSMUSG00000030249	0.2218	0.5792	0.5348	1.7212	2.4764	1.9249
ENSMUSG00000030255	-0.3184	0.1902	-0.1900	-0.5885	0.0081	0.3658
ENSMUSG00000030256	-0.0434	0.4980	-0.4676	0.6288	0.1269	-0.6263
ENSMUSG00000030269	-0.0583	-0.6131	0.0920	-0.3170	-0.3904	0.1204
ENSMUSG00000030272	0.2580	0.1871	-0.3480	-0.1578	-0.0838	-0.4910
ENSMUSG00000030275	0.0327	-0.1887	-0.3999	-0.1399	-0.0724	0.4120
ENSMUSG00000030298	0.4194	-0.0457	0.8612	0.2545	0.4914	0.6767
ENSMUSG00000030307	-0.0527	-0.2747	-0.3187	0.6432	0.2705	0.3012
ENSMUSG00000030310	-0.0089	0.3652	0.0855	-0.2853	0.3544	0.0588
ENSMUSG00000030335	-0.1198	0.5089	0.2065	-1.0146	-0.7137	-0.4626
ENSMUSG00000030339	-0.3971	-0.0238	0.2376	-0.1704	-0.5505	-0.3331
ENSMUSG00000030357	-0.1556	0.2932	-0.1019	-0.0177	-0.5795	0.5622
ENSMUSG00000030364	-0.1054	0.1725	0.1271	0.1974	-0.3191	0.6761
ENSMUSG00000030378	-0.2426	-0.0946	-0.2605	-0.1234	-0.0357	0.4314
ENSMUSG00000030399	-0.0917	-0.8448	-0.0902	-0.1942	-0.4076	0.8390
ENSMUSG00000030435	0.9295	-0.2248	-0.7136	-0.6929	0.2560	0.2211
ENSMUSG00000030447	-0.4125	-0.1102	-0.0400	0.3965	0.5794	0.3445
ENSMUSG00000030512	-0.9214	-0.0824	-0.3252	0.5616	0.0837	-0.5690
ENSMUSG00000030513	1.4743	0.4557	-0.9743	0.5869	0.1963	0.9964
ENSMUSG00000030528	0.0972	-0.1269	0.3485	0.0301	-0.2189	-0.0789
ENSMUSG00000030539	-0.2538	0.9845	-0.1210	-0.0855	0.6394	0.1771
ENSMUSG00000030545	-0.0649	-0.2053	0.4060	0.4263	-0.5057	-0.5972
ENSMUSG00000030557	0.5539	0.1188	-1.0889	0.0141	-0.0659	-0.0874
ENSMUSG00000030560	-0.2256	-0.6722	-0.2059	0.7379	0.6312	-0.7505
ENSMUSG00000030562	0.2207	-0.1308	0.7791	0.4234	-0.1774	0.4677
ENSMUSG00000030577	0.5670	-0.0597	0.1339	0.5080	0.2052	0.2837
ENSMUSG00000030579	0.1743	-0.3254	-0.3491	0.2752	-0.1052	0.0104
ENSMUSG00000030583	0.1508	0.0555	-0.6335	-0.0653	-0.0556	-0.8714
ENSMUSG00000030603	-0.5534	0.1182	-0.0606	0.3662	0.1129	-0.0162
ENSMUSG00000030611	0.3462	0.0840	0.1038	0.1298	0.5029	0.1078
ENSMUSG00000030612	-0.0703	-0.6169	0.0342	0.0961	0.0615	0.1768
ENSMUSG00000030638	0.0473	-0.7647	-0.5868	-0.0096	0.4860	0.3935
ENSMUSG00000030657	0.5961	0.2824	0.4598	-0.6297	-0.4214	-0.5918
ENSMUSG00000030660	0.3579	-0.0020	-0.3078	0.1526	0.2774	0.1450
ENSMUSG00000030672	0.3621	-0.3817	0.6202	-0.5008	-0.2355	-0.2279
ENSMUSG00000030697	-0.2726	0.4933	0.0832	-0.5322	0.5353	0.4139
ENSMUSG00000030706	-0.2575	0.0544	0.4448	-0.1525	1.1011	0.2103
ENSMUSG00000030720	0.7836	-0.5841	-0.2046	0.0394	-0.0624	0.3787
ENSMUSG00000030726	0.0948	0.7390	0.7921	0.1712	-0.3554	-0.0593
ENSMUSG00000030745	0.0067	-0.2920	-0.8161	0.1336	-0.1798	-0.2587
ENSMUSG00000030747	-0.9048	0.5126	0.0729	-0.1821	0.4405	-0.8179
ENSMUSG00000030748	0.5240	0.2062	-0.1820	-0.1603	-0.0417	-0.2722
ENSMUSG00000030759	0.1228	0.7133	-0.0141	-0.2158	0.3667	0.6385
ENSMUSG00000030760	1.3054	1.0429	1.0868	1.7235	0.9848	2.6408
ENSMUSG00000030770	0.1383	0.6517	0.6757	0.6165	2.1368	0.9624
ENSMUSG00000030796	0.4144	-0.7895	-0.4884	0.4768	-0.6396	-0.1308
ENSMUSG00000030798	0.0824	0.1039	-0.0731	-0.3192	0.0323	0.0708
ENSMUSG00000030814	0.0871	-0.3452	-0.1384	0.3305	0.4255	0.0440
ENSMUSG00000030826	-0.3916	-0.1666	-0.5911	-0.4626	1.0268	-0.0508
ENSMUSG00000030827	-0.1547	0.3117	0.1951	0.7365	-0.2535	-0.4638
ENSMUSG00000030834	1.6523	1.6205	2.2866	1.5355	1.2251	2.5555
ENSMUSG00000030849	-0.0876	0.1561	-0.7296	0.1178	-0.3986	-0.0424
ENSMUSG00000030854	0.2408	-0.0138	0.2587	-0.1461	0.1053	-0.2282
ENSMUSG00000030873	0.5833	0.7408	0.0208	0.0752	0.2066	-0.1291
ENSMUSG00000030880	-0.0454	0.0478	-1.1049	-0.2017	0.4846	-0.0527
ENSMUSG00000030897	0.5817	0.2562	0.3982	-0.0977	0.2892	0.1629
ENSMUSG00000030898	-0.2734	-0.2903	-0.1695	0.5602	0.0830	-0.4104
ENSMUSG00000030945	0.4095	-0.0082	0.8926	-0.0700	0.0499	0.0557
ENSMUSG00000030979	0.5055	0.4424	-0.1350	-0.7918	0.0655	0.3763
ENSMUSG00000030987	0.0526	0.1849	-0.1865	-0.0634	0.0180	0.4324
ENSMUSG00000031007	-0.3491	-0.0161	1.0740	1.0399	-0.5311	-1.7472
ENSMUSG00000031012	-0.5247	0.0506	0.6868	-0.5105	-0.1529	-0.0425
ENSMUSG00000031073	-0.2156	-0.4272	-0.1122	0.3387	-1.0551	-0.5375
ENSMUSG00000031090	-0.4576	0.5834	-0.0374	-0.4554	0.4602	0.4440
ENSMUSG00000031099	-0.0768	-0.3994	0.1577	-0.1709	-0.5029	0.1636
ENSMUSG00000031132	0.2497	0.3983	0.2543	-0.0089	-0.0317	-0.1042
ENSMUSG00000031133	-0.4703	0.2118	0.5303	0.2692	-0.1820	1.0900
ENSMUSG00000031145	0.0652	0.4377	-0.0033	0.6615	0.3575	-0.1343
ENSMUSG00000031157	-0.3691	0.1332	-0.1587	0.5714	0.1700	0.3863
ENSMUSG00000031165	0.1375	0.3406	-0.8875	0.1981	0.1489	0.3173
ENSMUSG00000031169	0.2862	-0.0866	0.3565	-0.1643	0.1560	0.1277
ENSMUSG00000031173	-0.2454	-0.2440	0.1180	-0.1955	0.0910	-0.4301
ENSMUSG00000031202	0.4772	0.4728	-0.4298	-0.1086	0.9269	0.5683
ENSMUSG00000031221	0.2550	0.1073	0.0521	0.4714	0.2862	-0.2173
ENSMUSG00000031230	0.2014	-0.3125	-0.3779	0.1860	-0.3275	-0.3204
ENSMUSG00000031232	-0.8347	0.4584	0.1967	0.1723	0.4542	-0.2522
ENSMUSG00000031233	0.0936	-0.7388	0.1524	-0.5043	-0.7576	0.1499
ENSMUSG00000031278	0.2739	0.4475	-0.0891	0.0849	-0.1854	-0.0388
ENSMUSG00000031302	0.6664	-0.5691	-0.1562	0.1195	-0.1165	0.0233
ENSMUSG00000031304	-0.2907	-0.4281	0.3020	-0.1295	0.2245	-0.1430
ENSMUSG00000031309	-0.5852	-0.4665	-0.0276	0.0349	-0.1883	0.2603
ENSMUSG00000031314	-1.0624	-0.4282	-0.9302	-1.4910	-1.0798	-1.1950
ENSMUSG00000031337	-0.3166	0.4301	-0.3559	-0.0403	0.1172	0.2069
ENSMUSG00000031340	0.4234	0.0715	-0.2733	-0.0223	0.4105	-0.1573
ENSMUSG00000031352	-1.1111	0.0035	0.0909	-0.4699	-0.2805	0.5806
ENSMUSG00000031367	1.0721	0.4754	-0.4906	-0.4665	-0.1385	-0.6226
ENSMUSG00000031373	-0.0899	-0.1961	-0.1152	-1.1876	0.4300	0.3330
ENSMUSG00000031378	0.2120	0.7010	-0.1560	-0.8999	-0.2777	-0.0644
ENSMUSG00000031387	-0.2568	-0.1447	0.8859	-0.0999	0.3043	-0.6917
ENSMUSG00000031390	-0.1258	0.9803	-0.1409	0.2961	0.3962	0.2471
ENSMUSG00000031392	-0.0839	0.1413	-0.4562	-0.0892	0.5568	0.1561
ENSMUSG00000031398	-0.1636	0.6158	-0.3284	0.1875	-0.0633	0.1522
ENSMUSG00000031441	0.5896	-0.5404	0.1712	0.1915	0.3260	0.9253
ENSMUSG00000031446	0.9566	-0.2821	0.4164	0.1365	0.0593	0.1105
ENSMUSG00000031449	-0.1849	0.0015	-0.1373	-0.2216	0.0108	-0.1481
ENSMUSG00000031465	0.2982	-0.1705	-0.5472	0.4586	-0.0188	-0.5151
ENSMUSG00000031488	0.2812	0.3771	-0.1667	-0.3196	-0.5294	0.5603
ENSMUSG00000031506	-0.1483	0.5361	-0.0185	0.0565	0.0122	0.5218
ENSMUSG00000031516	-0.1581	-0.7691	0.7439	-0.0401	-0.2169	-0.0450
ENSMUSG00000031521	0.3139	0.5423	0.5299	-0.4621	0.0505	0.3420
ENSMUSG00000031538	0.0005	0.8542	0.1759	-0.1028	-0.2729	-0.3433
ENSMUSG00000031543	-0.2145	-0.0433	0.1646	-0.2927	-0.4373	0.3179
ENSMUSG00000031548	-0.0792	0.4576	-0.0552	0.4394	-0.1900	-0.2872
ENSMUSG00000031549	-0.3200	-0.1555	0.1971	0.4288	0.5248	0.5078
ENSMUSG00000031551	-0.1236	0.5566	-0.3728	0.2530	0.0157	0.6452
ENSMUSG00000031570	0.4924	0.1695	0.0369	-0.0250	0.1099	-0.5967
ENSMUSG00000031574	0.1665	0.1425	0.9174	-0.2787	-0.1266	-0.5609
ENSMUSG00000031575	0.9517	-0.1887	0.2884	0.0891	0.1692	-0.4476
ENSMUSG00000031584	-0.0894	-0.0152	-0.6120	-0.9975	-0.0057	0.4589
ENSMUSG00000031591	0.1353	0.4414	-0.3359	0.0330	0.4841	0.6664
ENSMUSG00000031600	1.1457	0.4099	0.0431	-0.8983	0.5111	0.4475
ENSMUSG00000031613	-0.0450	-0.1843	0.0578	-0.2413	-0.5705	0.3214
ENSMUSG00000031618	-0.5088	-0.3527	-0.2287	0.3527	-0.1443	-0.1390
ENSMUSG00000031636	0.1531	-0.1409	-0.3895	1.1599	-0.5260	0.3418
ENSMUSG00000031641	0.1068	0.1505	0.2180	-0.0706	-0.4314	-0.4948
ENSMUSG00000031645	0.2337	0.0205	0.3616	0.4845	-0.6638	0.1285
ENSMUSG00000031666	-0.0270	0.0556	-0.1139	-0.3722	0.0810	-0.0028
ENSMUSG00000031701	0.5146	-0.1649	0.0734	-0.4426	-0.1284	-0.7069
ENSMUSG00000031714	0.6488	-0.1018	0.6807	-0.5971	-0.3267	-0.0254
ENSMUSG00000031740	-0.1380	-0.5519	-0.6160	0.0968	0.5381	-0.0734
ENSMUSG00000031748	-0.1479	0.0243	-0.1219	0.7138	0.1575	-0.2163
ENSMUSG00000031762	-0.3776	-0.4470	-0.0849	-0.0682	0.2243	-0.1387
ENSMUSG00000031766	-0.1958	-0.6632	-0.6072	0.2309	-0.3214	0.2914
ENSMUSG00000031779	-0.0510	0.5522	-0.1399	0.0126	-0.0683	0.0745
ENSMUSG00000031790	0.7560	1.0477	0.1576	1.4509	0.7187	0.8840
ENSMUSG00000031807	0.6113	0.0073	0.0233	-0.3234	-0.2480	-0.2890
ENSMUSG00000031813	0.4168	0.0975	-0.0318	-0.0220	0.3548	-0.2912
ENSMUSG00000031820	-0.0657	0.0940	-0.9692	0.2469	-0.1449	-0.0026
ENSMUSG00000031843	-0.0561	-0.5874	0.1280	-0.2446	0.9621	0.6701
ENSMUSG00000031851	0.0251	0.2985	-0.3915	0.3932	-0.7626	-0.6030
ENSMUSG00000031858	0.6848	0.7347	1.0705	0.4742	-0.0372	0.1232
ENSMUSG00000031871	-0.3690	0.0115	0.1653	-0.8256	0.1202	-0.1879
ENSMUSG00000031883	-0.3199	0.1145	-0.1389	-0.0811	-0.1304	0.0018
ENSMUSG00000031891	-0.4804	-0.1564	0.4278	0.2446	-0.3684	0.6159
ENSMUSG00000031896	-0.2292	0.4498	0.0659	-0.2205	-0.1034	-0.0625
ENSMUSG00000031897	0.4179	0.1065	-0.1070	0.8153	-0.7407	-0.0576
ENSMUSG00000031903	0.9173	0.8394	-0.8159	-0.3847	0.0535	0.0265
ENSMUSG00000031918	-0.4237	0.6691	-0.4361	0.0457	0.3429	0.7606
ENSMUSG00000031925	0.1080	-0.5696	0.4173	0.1576	0.1778	0.2648
ENSMUSG00000031930	0.0237	-0.4760	0.3034	-0.3226	0.4874	0.3592
ENSMUSG00000031935	0.1430	0.1087	0.5825	0.5444	-0.3433	0.2994
ENSMUSG00000031950	0.1391	0.3594	0.4875	0.0712	0.6489	-0.9328
ENSMUSG00000031967	-0.0488	-0.2825	-0.0504	-0.2186	0.8743	-0.0675
ENSMUSG00000031987	0.2330	-0.5242	0.0760	-0.5702	-0.1098	-0.5583
ENSMUSG00000031988	0.4465	0.3515	-0.2476	0.0754	0.5989	-0.8254
ENSMUSG00000031997	0.2254	-0.7919	-0.1490	0.0186	-1.2042	0.1226
ENSMUSG00000032000	-0.1776	0.5189	0.2488	-0.1421	-0.1450	0.2242
ENSMUSG00000032006	-0.2317	0.2466	-0.0666	-0.4573	-0.1246	0.1338
ENSMUSG00000032012	0.4291	0.3792	-0.3437	-0.4930	-0.7822	-0.2554
ENSMUSG00000032018	0.0978	0.9072	0.3587	0.8923	0.7160	1.4201
ENSMUSG00000032021	0.1772	-0.6776	-0.3501	0.0276	-0.0535	0.0247
ENSMUSG00000032038	0.9305	0.4893	-0.8792	0.1164	0.1809	-0.0230
ENSMUSG00000032041	0.4307	0.0395	0.3650	-0.2241	-0.5266	0.3058
ENSMUSG00000032079	0.1163	-0.0539	0.1673	-0.7413	-0.1487	-0.6720
ENSMUSG00000032080	-0.8399	0.1405	0.6578	-0.5438	-0.3608	0.0821
ENSMUSG00000032083	0.1983	-0.3385	0.0206	-0.2575	-0.1672	-0.2820
ENSMUSG00000032091	0.3385	0.3437	-0.3439	0.6029	0.1496	-0.0827
ENSMUSG00000032094	-0.1784	0.1024	0.3051	-0.7635	-0.5074	0.8028
ENSMUSG00000032175	-0.0909	0.5722	0.1965	-0.0677	-0.0702	-0.1312
ENSMUSG00000032177	0.8110	-0.9351	0.4047	0.7958	0.3385	0.1317
ENSMUSG00000032185	-0.0234	-0.0438	0.0848	0.4672	0.4044	0.8701
ENSMUSG00000032186	0.5337	-0.3730	0.0975	0.1443	-0.1055	-0.4976
ENSMUSG00000032204	0.2649	-0.3130	-0.2331	0.3311	-0.1917	-0.3036
ENSMUSG00000032239	-0.8267	-0.9042	-0.3342	-0.8715	-0.4451	0.4150
ENSMUSG00000032279	0.6308	-0.2625	-0.3382	0.0198	0.3508	-0.6470
ENSMUSG00000032294	-0.0324	1.3999	0.2597	0.4149	0.6293	0.0512
ENSMUSG00000032298	0.4396	0.3652	0.1824	0.5612	-0.0498	0.2422
ENSMUSG00000032312	0.2096	0.2408	-0.3021	1.0197	0.0027	-0.0144
ENSMUSG00000032323	0.5288	0.5466	0.8617	-0.8478	0.1146	-0.1503
ENSMUSG00000032332	0.0686	0.8551	0.4006	-0.0390	-0.8818	0.5580
ENSMUSG00000032360	0.7818	-0.8706	0.1642	0.4969	-0.7765	0.4727
ENSMUSG00000032374	-0.4787	-0.0796	-0.0098	0.0854	0.2625	-0.2023
ENSMUSG00000032399	-0.2471	-0.0165	0.3748	-0.5070	-1.0914	0.1895
ENSMUSG00000032402	0.7535	0.9447	0.7046	1.0754	0.9387	1.5347
ENSMUSG00000032413	0.2540	-0.3796	-1.0126	-0.1657	0.2143	-0.4254
ENSMUSG00000032470	-1.1446	0.2408	0.0409	0.3484	0.0270	0.4774
ENSMUSG00000032477	0.6465	0.2571	-0.5681	-0.3647	0.2587	0.3401
ENSMUSG00000032487	-0.1515	0.3021	0.3160	-0.0224	0.0550	0.3375
ENSMUSG00000032498	-0.6170	0.5596	0.9023	-0.2826	-0.8904	-0.5312
ENSMUSG00000032511	0.0145	-0.3533	-0.1828	-0.1838	0.0373	-0.1633
ENSMUSG00000032512	-0.2643	-0.2436	-0.6508	-0.0027	-0.5036	0.3648
ENSMUSG00000032518	0.2343	0.4209	-0.6065	0.0326	-0.7079	-0.4704
ENSMUSG00000032532	0.5038	0.0914	0.1147	0.4890	0.1291	-0.0983
ENSMUSG00000032547	-0.0858	-0.5685	0.2044	-0.6418	-0.5376	-0.5323
ENSMUSG00000032571	-0.2484	-0.7402	-0.7593	0.1682	0.1246	-0.2979
ENSMUSG00000032583	-0.3271	0.1072	-0.3984	-0.2275	-0.0473	0.8184
ENSMUSG00000032591	-0.7752	-0.4383	0.5025	0.5054	0.2941	0.1127
ENSMUSG00000032601	-0.4946	0.3569	0.2122	-0.3448	0.3780	-0.6151
ENSMUSG00000032602	-0.2360	0.2221	-0.3013	-0.1063	-0.0241	0.0491
ENSMUSG00000032637	-0.0375	0.4174	-0.4515	0.2681	-0.9707	1.2288
ENSMUSG00000032661	0.5433	0.0458	-0.4741	0.4341	-0.7316	-0.4344
ENSMUSG00000032715	0.4787	0.4058	0.1733	-0.2763	-0.3655	-0.0847
ENSMUSG00000032726	-0.6120	0.0791	-0.0708	-0.4664	0.8487	-0.1998
ENSMUSG00000032735	-0.0772	-0.1916	-0.0267	0.6601	-0.0634	0.6767
ENSMUSG00000032757	0.5044	-0.4957	-0.0450	-0.4304	-0.2785	0.6742
ENSMUSG00000032769	0.0270	-0.5479	0.1113	-0.0180	0.2938	0.0261
ENSMUSG00000032773	-0.2656	-0.0513	0.4990	-0.1515	-0.8959	-0.1592
ENSMUSG00000032860	0.0868	1.4302	0.4808	0.5821	1.0368	0.0587
ENSMUSG00000032864	0.3794	0.0478	0.2080	0.1058	-0.3074	0.3162
ENSMUSG00000032869	-0.1558	0.4962	-0.4360	0.1707	-0.0313	-0.1230
ENSMUSG00000032870	0.0764	1.0160	-0.1234	0.9167	-0.2662	0.0007
ENSMUSG00000032897	-0.9248	0.2927	-0.4910	-0.3101	0.2694	-0.2309
ENSMUSG00000032902	0.0628	0.0217	0.9182	-0.2474	0.4704	-0.2746
ENSMUSG00000032913	-0.1621	0.3199	0.5973	0.3720	-0.5271	0.1155
ENSMUSG00000032968	0.4375	0.4602	0.1866	0.3180	-0.3171	0.2205
ENSMUSG00000033021	-1.0861	-1.7380	-2.0036	-1.4679	-2.2380	-2.4151
ENSMUSG00000033024	-0.2701	0.3035	0.2024	-0.2828	-0.4843	0.0704
ENSMUSG00000033059	0.3431	-0.2790	-0.6454	-0.1918	-0.3569	0.4137
ENSMUSG00000033102	0.3276	0.1613	0.4215	0.9043	0.7588	1.1681
ENSMUSG00000033105	-0.2878	0.8119	0.2155	-0.1360	-0.8207	0.1381
ENSMUSG00000033107	0.0408	-0.1922	-0.2010	-0.2406	0.0930	-0.0411
ENSMUSG00000033122	0.3457	-0.6676	-0.6826	-0.5699	-0.5902	-0.1070
ENSMUSG00000033124	0.4784	-0.6044	0.2228	0.1198	-0.0232	-0.1482
ENSMUSG00000033128	-0.0995	0.4370	0.0238	0.4716	0.8818	-0.0761
ENSMUSG00000033170	0.3085	-0.2327	0.1437	-0.3027	0.0209	-0.0010
ENSMUSG00000033192	-0.4539	-0.3895	0.4342	-0.1994	-0.1460	0.7167
ENSMUSG00000033220	0.7249	-0.5232	-0.0381	-0.0647	-0.1925	0.0781
ENSMUSG00000033295	0.1778	-0.4040	0.5829	0.1530	-0.2195	0.2116
ENSMUSG00000033318	-0.5312	0.0704	-0.2293	0.0176	-0.3130	-0.3370
ENSMUSG00000033335	0.0391	-0.2670	0.1055	0.4262	0.2740	0.4533
ENSMUSG00000033350	0.0133	-0.0220	-0.2603	0.9226	-0.1835	0.0773
ENSMUSG00000033365	-0.1385	0.5621	0.5479	0.4417	-0.2251	-0.3594
ENSMUSG00000033396	0.0598	-0.3177	-0.2852	-0.3155	0.2911	0.1317
ENSMUSG00000033420	-0.2185	0.3015	0.5774	0.2597	-0.1380	-0.5041
ENSMUSG00000033429	0.5953	0.4047	0.0794	-0.4390	-0.0223	-0.5210
ENSMUSG00000033520	0.0512	-0.4886	0.5049	-0.0883	0.5194	1.2717
ENSMUSG00000033533	-0.2084	-0.3416	-0.1837	0.1093	0.1978	0.0013
ENSMUSG00000033590	0.0087	1.2265	0.4116	0.3014	0.5390	0.6030
ENSMUSG00000033594	0.1776	-0.2692	0.0597	-0.1876	0.2321	0.4553
ENSMUSG00000033597	0.2209	1.1209	0.7734	1.1074	0.8428	0.3106
ENSMUSG00000033615	-0.0165	0.2093	-0.2228	-0.2829	0.5494	-0.0089
ENSMUSG00000033712	0.3441	0.0944	0.1639	0.6366	-0.1219	0.0796
ENSMUSG00000033774	-0.1038	0.0102	0.2630	0.3572	0.0429	-0.3442
ENSMUSG00000033794	0.2270	0.1162	-0.0109	-0.3729	0.3052	-0.0392
ENSMUSG00000033831	-0.3837	0.2152	-0.5110	0.2257	-0.8682	0.6011
ENSMUSG00000033850	-0.6419	-0.4086	-0.9765	-0.3230	-0.3674	-0.1258
ENSMUSG00000033857	-0.5354	0.1757	0.3448	-0.4323	0.1352	-0.0125
ENSMUSG00000033871	-0.2535	-0.0595	0.5316	-0.1859	0.3763	-0.3059
ENSMUSG00000033916	0.2838	0.6255	-0.2775	0.2723	-0.2753	-0.4736
ENSMUSG00000033953	-0.2750	0.3931	0.3710	0.4795	-0.3229	-0.0103
ENSMUSG00000033970	0.7621	-0.4728	-0.2528	0.0557	0.4102	-0.2885
ENSMUSG00000033987	0.5241	0.0176	-0.0908	-0.7158	-0.2062	-0.4755
ENSMUSG00000034028	-0.3074	0.4566	0.1375	-0.9476	0.6035	0.1504
ENSMUSG00000034066	0.4470	-0.0014	0.0586	0.2980	-0.5999	0.1576
ENSMUSG00000034105	0.8830	0.3616	-0.1271	0.0843	0.2495	0.1362
ENSMUSG00000034116	-0.6254	-0.0700	-0.4593	0.6768	-0.7055	-0.7135
ENSMUSG00000034154	-0.3085	-0.0639	0.1736	0.1213	0.3868	-0.4781
ENSMUSG00000034160	-0.1238	-0.7658	-0.0506	0.3445	0.4934	0.0161
ENSMUSG00000034165	0.2451	0.5911	0.3608	-0.0156	-0.2562	-0.5625
ENSMUSG00000034171	-0.5480	-0.2329	0.6292	-0.0249	0.2578	-0.0379
ENSMUSG00000034245	-0.6316	-0.6755	0.1638	0.6010	-1.2934	0.0170
ENSMUSG00000034259	-0.3568	-0.3917	1.1413	-0.5833	0.5816	0.3695
ENSMUSG00000034266	0.0446	-0.3564	0.5119	-0.0992	-0.3153	0.5421
ENSMUSG00000034297	-0.7829	0.2833	-0.1975	-0.3194	-0.3395	0.7284
ENSMUSG00000034312	-0.2892	-0.5114	0.5606	-0.3358	0.1816	-0.6933
ENSMUSG00000034321	-0.1930	0.0074	0.3769	0.4200	0.1836	-0.0025
ENSMUSG00000034329	-0.2500	0.2935	0.0533	-0.5020	-0.3062	0.0155
ENSMUSG00000034330	-0.1248	0.2629	0.8177	-0.0263	-0.4104	0.3563
ENSMUSG00000034345	0.7883	0.8627	0.3460	0.9495	1.2024	1.2264
ENSMUSG00000034353	-0.6635	-0.5422	-0.9264	-1.7489	-0.2452	-1.7497
ENSMUSG00000034394	-0.5909	-0.1952	0.2460	0.6407	-0.2872	-0.0762
ENSMUSG00000034435	-0.3123	-0.4881	0.0418	0.3073	-0.9281	0.5374
ENSMUSG00000034456	-0.0716	-0.2505	-0.0871	-0.3185	-0.0870	0.4004
ENSMUSG00000034480	-0.9483	-1.2033	-0.9665	-0.7164	-1.1598	-1.2069
ENSMUSG00000034484	-0.0091	-0.3600	0.0158	0.1019	0.0643	0.8152
ENSMUSG00000034560	-0.0845	0.0971	-0.6762	0.0861	0.3822	-0.9487
ENSMUSG00000034574	-0.8609	0.3155	-0.1178	-0.4387	0.7179	0.4067
ENSMUSG00000034617	0.7986	1.4025	1.2731	1.4301	1.8327	2.0940
ENSMUSG00000034681	-0.1518	0.1462	-0.4372	-0.2057	0.1096	-0.4565
ENSMUSG00000034748	0.8362	0.1922	-0.1452	-0.9795	-0.9147	0.5308
ENSMUSG00000034774	-1.0222	-1.7060	-1.7259	-1.3003	-1.3317	-2.0078
ENSMUSG00000034780	0.1740	-0.1847	0.1190	0.5554	0.0738	0.1035
ENSMUSG00000034786	-0.6048	-0.7808	-0.5151	0.7592	-0.3699	0.0679
ENSMUSG00000034799	-0.2954	-0.2142	0.2782	0.5947	-0.3380	0.0016
ENSMUSG00000034810	0.0857	-0.2964	-0.3735	0.1476	-0.1024	-0.0827
ENSMUSG00000034820	-1.0364	-0.2995	0.5502	0.2603	1.0629	0.5123
ENSMUSG00000034868	0.0018	-0.0472	0.3101	-0.2235	-0.2909	-0.8608
ENSMUSG00000034902	0.2143	0.6101	-0.0154	-1.0808	0.1094	-0.0172
ENSMUSG00000034926	-0.0045	0.1520	0.1416	-0.2206	0.0848	0.2854
ENSMUSG00000034974	0.4169	0.2351	0.4190	-0.0989	0.3557	-0.7060
ENSMUSG00000035021	0.0381	-0.2978	-0.2100	-0.9926	-0.6960	0.2317
ENSMUSG00000035031	-0.5503	0.3269	-0.6011	0.2643	-0.1344	-0.4109
ENSMUSG00000035086	0.4669	0.1170	-0.4436	-0.1437	0.0993	0.4823
ENSMUSG00000035109	-0.9226	-0.0248	0.2389	0.6473	0.1532	-0.3410
ENSMUSG00000035158	0.1005	0.8841	-0.2164	-0.1459	-0.0778	-0.1299
ENSMUSG00000035165	-0.0950	0.5065	0.5724	-0.4934	0.2017	-0.5138
ENSMUSG00000035187	0.2540	-0.3245	-0.3469	0.4297	-0.0980	0.5553
ENSMUSG00000035202	0.4498	-0.4187	-0.2962	0.1424	0.0555	0.3020
ENSMUSG00000035232	0.1927	0.8881	0.4046	1.3064	1.1168	1.0224
ENSMUSG00000035245	-0.6535	0.0969	-0.0744	-0.2489	-0.3087	0.0715
ENSMUSG00000035273	0.3393	0.1188	0.0412	-0.4010	0.2051	-0.5940
ENSMUSG00000035299	-0.0493	0.6499	0.4809	0.0052	-0.2494	0.8116
ENSMUSG00000035325	-0.2459	0.4376	0.0346	0.0090	0.1823	-0.8633
ENSMUSG00000035342	0.3110	0.6394	-0.4297	-0.0470	-0.2256	0.1709
ENSMUSG00000035352	-0.0000	0.7364	-0.3193	-0.3228	0.1580	0.0576
ENSMUSG00000035367	0.1080	0.4601	0.0851	-1.0010	0.7268	-0.2660
ENSMUSG00000035387	0.4441	-0.0715	0.2605	0.5087	0.2678	-0.2927
ENSMUSG00000035441	0.2274	-1.0504	-0.2470	0.2764	0.2224	0.5006
ENSMUSG00000035458	0.3629	-0.2171	0.4981	0.6537	-0.4821	-0.2663
ENSMUSG00000035505	0.3814	0.0616	0.1201	0.6316	-0.5450	0.3442
ENSMUSG00000035521	-0.1911	0.4144	0.1746	0.3283	-0.2923	0.7046
ENSMUSG00000035528	0.4775	0.7005	-0.1839	0.2019	-0.5583	-0.7013
ENSMUSG00000035561	0.1222	-0.2250	0.2171	0.0684	0.3235	-0.0924
ENSMUSG00000035592	0.7871	1.6577	1.5813	1.7943	2.6610	1.7832
ENSMUSG00000035594	0.2800	0.1378	-0.5312	-0.2350	0.3940	-0.7152
ENSMUSG00000035629	0.1627	-0.0773	-0.2931	0.1820	0.1912	-0.1040
ENSMUSG00000035632	-0.4878	0.2770	-0.6117	-0.0579	-0.2684	0.5229
ENSMUSG00000035678	0.2746	0.3526	0.1257	-0.4166	-0.0798	-0.0157
ENSMUSG00000035699	-0.4674	-0.7055	-0.5054	-0.0349	0.0368	0.0157
ENSMUSG00000035704	-0.2864	-0.4214	0.4205	0.2264	0.9007	0.3149
ENSMUSG00000035780	0.4751	-0.0048	0.1117	0.6065	-0.3784	0.3758
ENSMUSG00000035783	-0.1928	-0.1598	-0.0363	-0.9916	0.1980	0.0811
ENSMUSG00000035799	0.2449	-0.5849	0.1551	0.6505	0.2545	0.6662
ENSMUSG00000035824	0.3237	0.5668	-0.3631	-0.4024	-0.5203	-0.5054
ENSMUSG00000035836	-0.0530	0.8993	0.0118	0.1149	0.3007	0.0997
ENSMUSG00000035845	0.0255	0.7106	0.0976	0.1784	-0.3908	-0.3101
ENSMUSG00000035847	-0.2573	0.0891	-0.0907	0.0176	-0.2776	0.5780
ENSMUSG00000035864	-0.5978	-0.1949	0.2335	-0.3242	0.6924	-0.5201
ENSMUSG00000035891	0.4413	0.5299	0.1077	0.4175	-0.1238	0.3327
ENSMUSG00000035898	-0.5678	0.1000	0.3794	0.2288	-0.1219	0.3538
ENSMUSG00000035914	0.8515	0.3768	0.1301	0.6944	0.4065	-0.5740
ENSMUSG00000035929	0.5954	-1.0989	-0.1793	-0.1229	0.9082	0.3995
ENSMUSG00000036053	-0.3899	0.9961	1.0814	1.2585	1.1737	1.3070
ENSMUSG00000036061	-0.4749	0.1538	-0.3277	-0.7790	0.4259	-0.2617
ENSMUSG00000036138	0.3127	0.6763	0.1876	0.1968	0.5854	0.1050
ENSMUSG00000036199	-0.2856	0.4439	0.2405	-0.1451	-0.3568	-0.8665
ENSMUSG00000036202	-0.3814	-0.3561	-0.0849	0.2385	-0.0149	-0.6145
ENSMUSG00000036270	-0.1475	-0.7446	0.5949	0.0289	-0.8265	0.7172
ENSMUSG00000036315	0.2513	0.1880	-0.0607	0.2429	-0.5496	-0.3486
ENSMUSG00000036330	0.3283	0.2571	-1.0064	-0.6789	-0.2353	0.3761
ENSMUSG00000036356	0.2460	0.3127	-0.2595	-0.2044	0.3680	-0.0584
ENSMUSG00000036437	-0.3504	-0.4391	-0.4189	0.4623	0.2263	-0.3724
ENSMUSG00000036438	0.2022	0.1267	-0.1697	0.1796	0.9482	-0.0476
ENSMUSG00000036466	-0.8183	-0.5456	0.4413	-0.4295	0.8696	-0.3068
ENSMUSG00000036478	0.3844	-0.0867	-0.3171	-0.1071	0.3966	0.3438
ENSMUSG00000036523	-0.1625	0.3375	-0.2568	0.3935	-0.1786	-0.1733
ENSMUSG00000036568	0.4457	-0.1325	0.2311	0.2098	-0.1693	-0.6776
ENSMUSG00000036570	-0.4584	0.1118	-0.6976	-0.3503	0.0655	0.3772
ENSMUSG00000036580	0.2252	-0.3818	0.4638	0.2852	-0.3296	-0.8804
ENSMUSG00000036587	0.1813	0.0826	-0.9009	0.2283	0.3953	0.4212
ENSMUSG00000036615	-0.0386	-0.4202	-0.3326	0.0877	-0.3815	0.1852
ENSMUSG00000036634	-0.7035	1.1179	-0.6001	-0.6140	-0.0153	-0.2530
ENSMUSG00000036646	0.5612	0.2325	0.1016	-0.5529	-0.4293	0.3279
ENSMUSG00000036655	-0.0191	0.3285	-0.2544	-0.3459	-0.3733	-0.5657
ENSMUSG00000036760	0.3361	-0.5504	-0.3492	-0.0877	0.3423	-0.1763
ENSMUSG00000036768	-0.4977	-0.6372	0.0320	-0.7939	0.9071	0.6714
ENSMUSG00000036781	0.0157	0.4270	0.2303	-0.0579	0.0405	-0.1534
ENSMUSG00000036792	0.4805	0.5556	-0.3275	0.0359	-0.0376	0.1401
ENSMUSG00000036813	0.1396	0.3433	-0.8461	-0.1774	-0.4235	-0.1591
ENSMUSG00000036817	-0.3673	-0.6991	0.0048	0.9358	0.2368	-0.3708
ENSMUSG00000036833	-0.0415	-0.0354	-0.3890	-0.1913	0.2489	0.7349
ENSMUSG00000036835	0.0429	0.6733	0.8226	0.1335	0.6544	-0.3109
ENSMUSG00000036853	-0.6622	-0.6131	-1.0565	-1.6833	-0.6601	-1.2035
ENSMUSG00000036940	0.6043	1.4408	0.8070	-0.2714	-0.2663	1.6183
ENSMUSG00000036943	-0.4073	-0.8747	-0.3044	-0.7512	-1.5151	-1.6776
ENSMUSG00000036949	0.7505	-0.7442	0.5519	-0.6043	0.0470	0.1411
ENSMUSG00000036959	-0.2698	0.6585	0.2433	0.7498	-0.5236	0.8756
ENSMUSG00000036980	-0.2009	-0.7093	0.1276	-0.2664	0.0954	0.1269
ENSMUSG00000037005	-0.1866	-0.1429	0.3968	-0.3375	-0.1149	0.2581
ENSMUSG00000037010	-0.2495	-0.2639	-0.2325	-0.6478	0.6889	-0.6648
ENSMUSG00000037012	-0.5540	1.2380	-0.0294	-0.3577	-0.9062	-0.6855
ENSMUSG00000037016	-0.1485	-0.6691	-0.0440	-0.2017	0.6921	0.5329
ENSMUSG00000037025	-0.3368	-0.1284	0.0783	-0.2669	-0.1638	0.5285
ENSMUSG00000037032	0.4117	0.1337	-0.4816	-0.2240	0.6813	0.2266
ENSMUSG00000037035	0.3533	0.3982	0.3643	0.0982	-0.4497	0.2551
ENSMUSG00000037062	0.1649	0.5062	0.3728	1.5598	0.8759	1.1536
ENSMUSG00000037104	-0.1226	0.7108	0.5607	0.3684	-0.2508	0.1957
ENSMUSG00000037110	-0.2073	-0.1877	-0.1486	-1.4281	-0.9644	-1.8299
ENSMUSG00000037126	-0.2058	-0.4732	0.3266	0.3469	0.4973	0.2674
ENSMUSG00000037148	-0.3785	-0.1082	-0.1886	-0.3137	-0.1426	0.0807
ENSMUSG00000037152	-0.3763	-0.2076	0.0490	-0.6697	-0.1362	0.4416
ENSMUSG00000037171	0.0013	0.5288	0.2703	0.1810	0.5881	0.0286
ENSMUSG00000037204	-0.4712	-1.1326	-0.1847	-0.0074	-0.0942	-0.1077
ENSMUSG00000037236	0.3832	0.4649	-0.7622	0.6283	0.1803	-0.2794
ENSMUSG00000037251	-0.3787	-0.2823	0.2237	0.3792	-0.0312	0.2361
ENSMUSG00000037316	0.2306	-0.0592	-0.7430	-0.1887	-0.0787	0.2891
ENSMUSG00000037334	-0.0450	-0.2120	0.7519	-0.0608	-0.0887	-0.1038
ENSMUSG00000037341	-0.3936	-0.5224	0.1422	0.5126	-0.5233	0.0723
ENSMUSG00000037348	0.0214	-0.1707	-0.3846	-0.5102	0.1408	1.1450
ENSMUSG00000037375	-0.5602	0.6956	-0.0542	-0.3202	0.8419	-0.0326
ENSMUSG00000037416	0.8334	0.5257	0.3595	0.1914	-0.0917	-0.0554
ENSMUSG00000037424	-0.6754	-0.0007	-0.3531	0.4764	0.6032	-0.0500
ENSMUSG00000037426	0.2660	-0.3143	0.1513	0.1439	-0.6950	-0.7744
ENSMUSG00000037428	-0.3065	0.1192	0.0007	-0.3168	-0.6730	-0.7729
ENSMUSG00000037475	0.0449	-0.3073	-0.0863	0.6972	-0.1975	0.2601
ENSMUSG00000037486	0.2855	-0.1522	-0.3377	-0.1299	-0.3587	0.2935
ENSMUSG00000037487	0.3254	-1.3916	-0.0671	0.7337	0.5783	0.0104
ENSMUSG00000037514	-1.0737	0.1307	-0.4260	0.9245	0.0815	-0.8130
ENSMUSG00000037519	-0.3313	-0.3958	-0.0958	0.5936	0.4861	-0.3669
ENSMUSG00000037531	0.5103	0.0482	0.1220	-0.2657	0.1215	0.2476
ENSMUSG00000037542	0.1185	0.2724	0.5060	-0.1567	0.1108	0.4708
ENSMUSG00000037548	-0.6103	0.3273	0.1543	-0.7819	0.0859	0.1275
ENSMUSG00000037563	-0.2102	-0.3356	-0.1301	0.2735	0.1426	0.0372
ENSMUSG00000037570	0.1120	0.5370	-0.1387	0.0093	0.1556	0.2496
ENSMUSG00000037664	-0.4363	-0.2120	-0.7260	-0.1366	0.0706	-0.0749
ENSMUSG00000037685	-0.2349	-0.0862	-0.0094	0.4104	0.0168	0.1040
ENSMUSG00000037703	-0.1445	0.2758	-0.3721	0.0218	-0.0290	-0.4442
ENSMUSG00000037722	-0.2720	-0.3561	0.4872	0.5088	-0.6352	0.3363
ENSMUSG00000037740	-0.5560	-0.4814	-0.1489	-0.2663	-0.2608	-1.1500
ENSMUSG00000037742	0.3935	-0.2889	0.2869	-0.0057	-0.1866	0.2845
ENSMUSG00000037820	0.1981	-0.7534	0.9304	-0.3420	0.0778	0.3219
ENSMUSG00000037851	1.3688	1.4291	1.5831	1.7655	1.7941	2.4502
ENSMUSG00000037852	-0.2673	0.4399	0.1257	0.0560	0.4955	0.1783
ENSMUSG00000037868	-0.4850	-0.4197	0.6357	-0.3726	-0.4891	-0.8249
ENSMUSG00000037872	0.3838	0.1775	-0.2921	0.5063	-0.2202	0.1295
ENSMUSG00000037876	0.3476	0.0832	0.3928	0.0302	-0.2266	0.1471
ENSMUSG00000037916	0.1676	0.4203	0.8899	-0.1557	0.0521	-0.0139
ENSMUSG00000037974	-0.1684	-0.0699	-0.2488	0.8080	-0.0698	0.3653
ENSMUSG00000037989	0.3147	0.1736	0.4921	0.0661	-0.2999	-0.3024
ENSMUSG00000037992	1.0444	0.0186	0.1796	0.6313	-0.8825	-0.0326
ENSMUSG00000037999	-0.4077	-0.2567	-0.6810	-0.4590	0.0574	-0.6244
ENSMUSG00000038023	0.3330	0.1260	-0.4922	0.0101	-0.2508	0.4844
ENSMUSG00000038056	0.0929	0.7239	-0.3679	0.2053	0.1686	0.0128
ENSMUSG00000038058	-0.2257	-0.3513	-0.1697	0.2316	-0.0591	-0.2259
ENSMUSG00000038084	-0.7926	0.0306	-0.1199	0.1227	0.2574	0.2320
ENSMUSG00000038086	-0.3029	-0.1548	-0.4393	-0.2267	0.1021	0.1554
ENSMUSG00000038119	-0.4170	0.6815	0.0340	0.1939	0.1671	-0.0706
ENSMUSG00000038148	-0.1145	0.6147	-0.4977	0.5751	-0.0864	0.0178
ENSMUSG00000038155	0.0223	-0.5673	1.1320	0.2650	-0.4293	-0.2967
ENSMUSG00000038160	0.3418	-0.0924	0.0162	-0.2040	-0.1568	0.5314
ENSMUSG00000038188	0.2345	0.0887	0.1811	0.0174	0.2327	-0.4554
ENSMUSG00000038192	0.7147	-0.0934	0.1765	0.0897	-0.4350	0.4309
ENSMUSG00000038195	0.2880	-0.1623	0.4474	-0.6776	0.4082	-0.1325
ENSMUSG00000038205	-0.3442	0.0463	-0.6171	-0.0117	0.0696	0.1728
ENSMUSG00000038224	-0.3899	0.1538	0.3592	-0.3789	-0.0979	0.5886
ENSMUSG00000038257	-0.0834	0.1990	0.4711	-0.4739	0.4455	-0.0672
ENSMUSG00000038259	-0.2439	-0.2727	0.1624	0.2819	-0.2030	-0.1061
ENSMUSG00000038264	0.2375	-0.9500	-0.4077	-0.3422	-0.6467	0.5175
ENSMUSG00000038295	0.6039	-0.0637	0.6321	0.4961	0.4144	-0.4857
ENSMUSG00000038296	-0.4912	-0.5931	0.2883	-0.4186	-0.2739	0.4545
ENSMUSG00000038327	0.3184	0.5876	-0.3868	0.3111	0.0941	-0.1355
ENSMUSG00000038349	-0.1352	-0.8675	0.3782	0.4049	-0.8642	0.4741
ENSMUSG00000038374	0.0762	-0.1846	-0.1784	-0.1865	-0.0196	-0.3212
ENSMUSG00000038375	-0.4170	-0.3792	-0.0138	-0.3378	-0.1708	-0.2069
ENSMUSG00000038383	0.6309	0.4005	-0.2524	-0.1037	0.6850	-0.3929
ENSMUSG00000038384	-0.1424	-0.3185	0.0749	-0.4649	-0.0925	-0.1911
ENSMUSG00000038398	0.4836	-0.6953	-0.5925	0.6605	0.4018	-0.2714
ENSMUSG00000038403	-0.4133	0.4046	0.3181	0.1050	-0.0767	-0.1462
ENSMUSG00000038416	-0.2983	-0.2941	-0.2660	0.5408	-0.0988	0.2090
ENSMUSG00000038446	0.2460	0.3330	0.2453	0.8344	-0.1056	0.2226
ENSMUSG00000038462	-0.0071	-0.1252	0.3464	0.0870	-0.9195	-0.5681
ENSMUSG00000038467	-0.2215	-0.4903	0.1186	0.0129	-0.7678	0.0994
ENSMUSG00000038473	0.1090	0.4614	0.2118	0.8611	-0.6349	-0.0197
ENSMUSG00000038485	-0.0296	0.2206	-0.5088	0.1061	-0.2224	-0.4165
ENSMUSG00000038496	0.5822	0.0089	1.7047	1.5100	1.2307	0.9938
ENSMUSG00000038517	0.0913	1.0010	-0.1575	-0.1138	-0.3610	0.7257
ENSMUSG00000038518	-0.6985	-0.2786	-0.3629	0.2697	0.1012	0.0564
ENSMUSG00000038567	0.4513	0.1823	-0.4631	0.0700	0.3152	0.1417
ENSMUSG00000038569	0.2920	0.5823	0.6909	0.9239	0.2915	0.3663
ENSMUSG00000038583	-0.2004	0.5121	0.2178	-0.3418	-0.0365	-0.5794
ENSMUSG00000038633	1.0760	0.6344	1.6315	2.3181	2.0226	2.7566
ENSMUSG00000038644	0.4061	-0.0216	-0.0922	0.1211	-0.0525	-0.8219
ENSMUSG00000038676	0.3443	-0.4559	0.7302	0.0171	-0.1826	-0.0166
ENSMUSG00000038696	0.0108	1.1458	-0.0361	-0.8144	0.0469	-0.4693
ENSMUSG00000038704	0.3408	0.7935	-0.3332	0.4831	-0.5737	0.2634
ENSMUSG00000038738	0.1719	-0.9972	0.6402	-0.1565	0.0073	0.1822
ENSMUSG00000038740	0.3819	0.4369	0.4210	-0.0263	0.6261	-0.1367
ENSMUSG00000038745	0.3710	-0.8718	0.0888	-0.0863	0.4535	-0.3909
ENSMUSG00000038770	-1.0166	0.3999	0.3391	0.1762	0.0176	0.1992
ENSMUSG00000038776	0.2277	-0.5026	-0.1149	-0.1917	-0.4942	0.0809
ENSMUSG00000038811	0.2493	-0.0744	-0.4885	-0.1829	0.9858	-0.0517
ENSMUSG00000038888	-0.1577	0.3835	0.0583	0.3070	0.4037	-0.9763
ENSMUSG00000038894	0.1073	-0.9098	0.1732	-0.5941	-0.7419	-1.1229
ENSMUSG00000038954	-0.2035	0.1026	-0.1985	-0.3539	-0.0813	0.6038
ENSMUSG00000038957	0.6742	-0.0217	0.2145	-0.3296	-0.2773	0.4164
ENSMUSG00000038990	0.8131	-0.6305	-0.5394	-0.3206	0.0081	-0.2444
ENSMUSG00000039037	-0.1068	-0.0098	-0.6020	-0.0495	-0.4783	-0.5746
ENSMUSG00000039047	0.6923	-0.0548	0.6029	-0.2417	-0.4230	-0.0409
ENSMUSG00000039057	-0.1524	0.6362	-0.3963	0.4303	0.0072	-0.6232
ENSMUSG00000039058	-0.6209	-0.4823	-0.0445	0.4127	-0.0009	0.2878
ENSMUSG00000039086	0.4543	0.8134	-0.1896	-0.1248	-0.6114	0.2899
ENSMUSG00000039106	-0.4334	-0.2994	-0.1302	0.4051	0.2519	0.3508
ENSMUSG00000039109	-0.0720	-0.1256	-0.2879	-0.3202	-1.2316	0.3138
ENSMUSG00000039117	0.1609	-0.2794	0.0472	0.1565	0.9924	0.3198
ENSMUSG00000039145	0.4133	1.0268	-0.3956	0.0025	0.0371	-0.5982
ENSMUSG00000039148	-1.0027	-0.4820	-0.5675	-1.1081	-0.6354	-0.9372
ENSMUSG00000039153	-0.3418	0.5266	0.1853	-0.8537	0.4521	0.4321
ENSMUSG00000039156	0.2323	-0.1913	0.2142	0.3489	0.2606	0.4496
ENSMUSG00000039209	0.0774	0.2815	-0.5929	-0.0473	-0.6404	-0.6419
ENSMUSG00000039224	-0.3211	0.3254	0.6399	0.2888	-0.7200	-0.5614
ENSMUSG00000039231	0.0521	0.4514	0.3510	-0.2147	0.3563	-0.1118
ENSMUSG00000039254	0.2312	0.1383	-0.2077	0.0194	-0.4311	-0.3529
ENSMUSG00000039275	-0.2096	-0.5958	0.2182	0.3088	0.4025	0.3530
ENSMUSG00000039296	-0.2779	0.4557	-0.0902	-0.1620	-0.3716	0.3310
ENSMUSG00000039304	-0.5117	0.0309	-0.5075	-0.1600	0.1955	0.0757
ENSMUSG00000039321	-1.1837	0.6461	-0.2682	-0.2599	0.5213	0.0539
ENSMUSG00000039356	0.3788	-0.2459	0.0147	-1.1099	0.3132	0.3639
ENSMUSG00000039358	-0.0485	0.4328	-0.1861	0.5649	-1.0693	0.5535
ENSMUSG00000039367	-0.6362	-0.3928	-1.1232	-1.0265	-1.4554	-0.9928
ENSMUSG00000039384	0.9757	1.0919	0.7140	0.8421	1.3218	1.2295
ENSMUSG00000039410	-0.5082	0.7853	0.5374	0.1230	0.5747	0.1476
ENSMUSG00000039509	-0.0686	-0.3804	-0.2632	0.3283	0.1365	-0.9625
ENSMUSG00000039542	-0.3143	-0.0342	0.5938	0.5334	-0.1711	-0.2211
ENSMUSG00000039615	0.1042	0.8684	-0.2999	0.2721	0.1845	-0.7539
ENSMUSG00000039699	0.2778	-0.1727	0.4020	0.3351	0.1147	-0.0133
ENSMUSG00000039760	-0.1505	0.1179	0.2400	0.6526	-0.5950	0.2475
ENSMUSG00000039771	0.1108	0.1520	-0.5064	-0.6853	0.0076	-0.0846
ENSMUSG00000039785	-0.4363	-0.6884	0.0591	0.0105	0.5436	-0.8993
ENSMUSG00000039809	-0.3956	-0.0917	-0.6531	-0.4034	-0.9275	-0.0406
ENSMUSG00000039840	0.1666	0.8199	0.1897	0.3364	-0.0282	-0.2751
ENSMUSG00000039844	0.3800	0.0980	-0.0243	0.0839	0.2381	0.3787
ENSMUSG00000039904	0.7783	0.1045	0.0246	-0.1394	0.8028	-0.6591
ENSMUSG00000039936	0.5879	-0.2532	0.6454	0.3868	0.1903	0.1342
ENSMUSG00000039959	0.3386	0.4589	-0.5026	-0.6053	-0.6488	0.2513
ENSMUSG00000039982	-0.1469	0.2387	0.0416	0.2746	0.2205	1.0087
ENSMUSG00000040003	0.4303	0.0110	0.3227	-0.3836	0.5850	-0.3834
ENSMUSG00000040009	-0.1652	-0.1502	0.1729	0.1866	0.6833	0.6550
ENSMUSG00000040021	-0.5005	-0.4576	0.3166	0.0991	-0.5167	-0.6045
ENSMUSG00000040028	0.2021	-0.2181	0.4546	0.5129	-0.2882	-0.4704
ENSMUSG00000040029	-0.1735	0.4486	-0.2527	0.5939	-0.1783	-0.1578
ENSMUSG00000040033	1.1521	0.0479	-0.1514	0.3385	-0.2458	-0.0676
ENSMUSG00000040034	-0.0348	-0.3314	-0.0395	0.4896	-0.1555	0.2869
ENSMUSG00000040046	0.1296	-0.1763	0.0246	0.3306	-0.1671	0.1625
ENSMUSG00000040061	0.6675	-0.1920	-0.0851	0.4678	0.6572	-0.2994
ENSMUSG00000040084	-0.7250	0.9880	-0.3294	0.4249	-0.1068	-0.7806
ENSMUSG00000040093	-0.2593	-0.3405	-0.4524	-0.0340	0.1356	-0.6118
ENSMUSG00000040112	-0.1065	0.0635	-0.3064	-0.1730	-0.2457	-0.4520
ENSMUSG00000040124	-0.3302	-0.3066	0.4869	0.1837	-0.3848	0.2325
ENSMUSG00000040152	-0.1099	-0.2072	0.0463	-0.0746	-0.1520	-0.2196
ENSMUSG00000040170	-0.3855	0.1336	-0.1270	-0.2293	0.3586	-0.2594
ENSMUSG00000040213	-0.6470	0.1846	-0.0775	0.2039	0.3484	0.0040
ENSMUSG00000040253	-0.1314	0.3576	-0.7978	-0.1057	0.2165	-0.2353
ENSMUSG00000040254	-0.0025	-0.6185	-0.2856	-0.1322	-0.3116	0.5093
ENSMUSG00000040274	-0.2989	-0.8115	0.0535	0.1691	0.4237	0.5235
ENSMUSG00000040354	0.8706	1.2886	1.0186	1.4026	1.8310	0.8931
ENSMUSG00000040356	0.1139	0.0389	0.1563	0.1328	-0.3786	-0.2320
ENSMUSG00000040390	0.3611	-0.0014	0.0548	-0.4839	0.2170	0.0142
ENSMUSG00000040413	0.3328	0.0303	-0.3108	-0.8749	-0.3476	0.6195
ENSMUSG00000040415	-0.0412	-0.2898	-0.0100	0.2051	-0.1071	0.1838
ENSMUSG00000040435	-1.0906	0.0159	0.7271	-0.7955	0.0704	-0.1921
ENSMUSG00000040455	-0.1285	-0.2318	0.0806	0.3348	0.2703	-0.2999
ENSMUSG00000040462	-0.0538	-0.0258	0.7370	-0.1391	-0.8346	-0.8961
ENSMUSG00000040466	-0.3874	-0.2327	-0.1622	-0.0285	-0.0857	0.2072
ENSMUSG00000040479	-0.2541	-0.3830	0.2286	0.1534	0.3825	0.0913
ENSMUSG00000040620	-0.3737	-0.4891	0.2080	0.5457	0.2129	-0.5269
ENSMUSG00000040648	-0.7913	-0.5079	0.4305	-0.1825	1.1271	-0.1946
ENSMUSG00000040649	-0.2016	0.6433	0.1357	0.5595	-1.0528	-0.3802
ENSMUSG00000040650	-0.4673	0.2060	0.6321	0.9439	-0.3192	-0.0381
ENSMUSG00000040701	0.2194	0.4750	0.0107	0.0801	0.3365	-0.0965
ENSMUSG00000040706	0.2691	0.5947	0.6846	-0.2726	0.3099	0.1351
ENSMUSG00000040734	-0.1420	0.5664	-0.2395	-0.2638	-0.5940	0.8910
ENSMUSG00000040749	-0.4735	-0.5319	0.2179	-0.0500	-0.6207	0.0884
ENSMUSG00000040751	-0.1684	0.2492	0.4819	0.3345	-0.0262	-0.2314
ENSMUSG00000040752	0.0649	-0.3662	0.1075	-0.2955	0.3592	0.4579
ENSMUSG00000040770	0.2336	0.8797	1.1989	0.8623	1.2283	1.4437
ENSMUSG00000040824	0.2072	-0.0843	0.2315	0.3222	-0.7687	0.3871
ENSMUSG00000040896	0.2004	1.0385	-0.7176	-0.1557	0.1545	-0.9418
ENSMUSG00000040899	0.4193	-0.3798	0.2911	0.1336	0.3192	-0.3790
ENSMUSG00000040998	-0.0184	0.7305	0.6280	-0.2215	0.2350	-0.2471
ENSMUSG00000041046	-0.3931	0.1356	-0.1718	0.4761	0.1420	-0.0956
ENSMUSG00000041057	-0.8992	-0.3950	0.3829	-0.2825	0.6200	-0.6298
ENSMUSG00000041058	-0.6305	0.4106	0.1109	0.0110	0.3408	0.7109
ENSMUSG00000041120	0.2545	0.0649	-0.0818	0.1453	-0.2022	-0.4133
ENSMUSG00000041133	-0.9366	-0.3921	0.4473	-0.0595	-0.2089	-0.4697
ENSMUSG00000041193	0.6700	-0.1822	0.0004	0.1882	-0.3729	0.1914
ENSMUSG00000041241	0.1145	-0.1012	-0.1658	-0.4626	0.3062	0.2614
ENSMUSG00000041301	0.3816	0.1518	-0.1880	-0.1655	0.2053	-0.2723
ENSMUSG00000041324	0.3970	0.2733	0.0131	-0.1280	0.3760	-0.3141
ENSMUSG00000041347	-0.0035	-0.7740	0.1954	-0.1002	-0.2992	-0.3000
ENSMUSG00000041351	0.7836	-0.0617	0.2201	-0.0860	-0.0447	-0.2926
ENSMUSG00000041359	-0.0444	0.3817	-0.3885	-0.1486	0.6617	-0.1600
ENSMUSG00000041372	-0.4595	-0.2282	0.5297	-0.0135	-0.1507	0.2180
ENSMUSG00000041378	1.1143	0.5500	0.8721	2.0519	1.9946	1.7366
ENSMUSG00000041426	-0.1543	-0.1204	0.4090	0.2076	0.0720	0.0440
ENSMUSG00000041429	0.2559	0.2401	0.4790	-0.0049	0.0239	-0.2246
ENSMUSG00000041438	-0.1199	0.2375	-0.2682	-0.7352	0.1852	-0.4952
ENSMUSG00000041453	-0.2765	-0.7289	0.9394	-0.5414	0.1719	0.8545
ENSMUSG00000041477	0.2184	0.1395	-0.0541	0.7391	0.8369	0.0752
ENSMUSG00000041498	-0.1326	0.0568	-0.0120	-0.2344	-0.0253	0.1656
ENSMUSG00000041556	0.1959	0.6446	-0.5544	-0.3859	-0.5727	0.1465
ENSMUSG00000041616	0.3751	0.1115	0.8591	-0.5838	0.1299	0.2227
ENSMUSG00000041620	0.3516	-0.8112	-0.4840	0.0167	-0.0028	-0.9130
ENSMUSG00000041624	-0.2624	0.2131	0.0303	0.5698	0.0361	-0.1949
ENSMUSG00000041654	0.7052	-0.2018	-0.0425	0.4195	-0.2370	0.2836
ENSMUSG00000041670	0.9408	0.1925	-0.1789	0.6134	-0.2141	-0.1893
ENSMUSG00000041697	-0.4116	0.1506	0.4224	0.0742	-0.0075	0.1586
ENSMUSG00000041720	-0.8303	-0.3425	-0.5690	-0.9653	-1.3267	-0.5054
ENSMUSG00000041741	-0.4873	0.0933	0.4328	0.0212	-0.0178	0.0139
ENSMUSG00000041747	0.1826	-0.9783	0.5144	-0.0393	0.5882	-0.6535
ENSMUSG00000041777	0.6208	-0.5702	0.3161	-0.3843	-0.2786	0.6780
ENSMUSG00000041797	-0.2322	0.0384	-0.2320	0.7389	0.3094	0.6333
ENSMUSG00000041872	0.2599	0.0151	-1.3667	-1.1081	-0.1396	0.2424
ENSMUSG00000041959	1.2828	1.1103	1.9361	1.9379	1.4624	2.0022
ENSMUSG00000041991	1.3932	1.6119	1.8214	1.9742	2.1060	2.0891
ENSMUSG00000041992	0.8546	0.0628	-0.2285	0.4017	-0.2232	-0.0297
ENSMUSG00000042015	0.2333	-0.6323	-0.1552	0.0035	-0.2450	-0.3356
ENSMUSG00000042031	-0.1396	-0.1513	0.5379	0.7361	-0.1173	-0.2726
ENSMUSG00000042064	-0.9424	-1.2359	0.0925	-1.6709	-1.0491	-0.7340
ENSMUSG00000042105	-0.5904	-0.4210	-0.1859	0.5044	-1.0440	-0.5904
ENSMUSG00000042148	-0.3688	0.1733	-0.6845	0.7294	0.7611	-0.7614
ENSMUSG00000042228	0.4492	0.0689	-0.5920	0.0553	-0.5425	0.2711
ENSMUSG00000042248	0.4222	0.3466	-0.4038	0.0403	0.2682	0.0597
ENSMUSG00000042249	-0.3203	0.2849	0.0577	0.2344	0.1398	0.1690
ENSMUSG00000042284	0.2850	0.0033	-0.0635	-0.4053	-0.3126	0.4634
ENSMUSG00000042289	0.7630	0.9272	1.0917	2.0428	1.4972	1.2783
ENSMUSG00000042340	-0.1261	0.0142	0.2355	-0.6870	-0.7547	0.0612
ENSMUSG00000042351	-0.1567	-0.0722	-0.3562	-0.6079	0.0775	0.3864
ENSMUSG00000042364	0.0094	-0.0174	0.1102	-0.4433	0.4319	0.3248
ENSMUSG00000042390	0.1773	0.0622	-0.0034	-0.0200	0.1506	1.4271
ENSMUSG00000042448	-0.1738	-0.3257	0.0678	-0.2720	0.4819	0.3113
ENSMUSG00000042529	-0.3123	0.0892	-0.7050	-0.0302	0.3333	0.2262
ENSMUSG00000042557	-0.6525	0.3724	0.9547	-0.3393	0.2291	-0.2595
ENSMUSG00000042572	-0.3797	0.3549	0.0955	-0.2624	0.2380	-0.4287
ENSMUSG00000042590	-0.4979	0.0380	-0.2225	0.4362	0.1557	0.0247
ENSMUSG00000042605	-0.3139	0.0497	-0.4784	0.8947	0.6796	0.3472
ENSMUSG00000042628	0.2973	-0.5910	0.2320	0.8743	-0.0549	-0.4527
ENSMUSG00000042632	-0.2617	-0.3763	-0.3093	0.3506	-0.7784	0.8617
ENSMUSG00000042642	0.5077	0.3370	0.8317	-0.1493	-0.1886	0.0862
ENSMUSG00000042670	-0.3344	-0.2790	0.1904	0.5002	0.6596	0.3925
ENSMUSG00000042717	-0.4765	-0.1781	-0.3014	-0.0055	0.0630	0.1096
ENSMUSG00000042747	-0.1872	0.3367	0.3848	0.5643	0.4371	0.7259
ENSMUSG00000042821	-0.4744	-0.2550	0.0749	0.3209	0.4475	-0.3690
ENSMUSG00000042903	0.5562	0.1519	-0.2660	-0.0207	-0.2218	-0.9716
ENSMUSG00000043013	0.0402	0.8794	-0.0251	-0.4385	0.1279	-0.0099
ENSMUSG00000043019	0.3293	0.1817	-0.1916	-0.1624	-0.1839	0.3618
ENSMUSG00000043020	0.6215	-0.0492	0.0092	0.2561	0.9712	-0.2779
ENSMUSG00000043088	-0.1275	-0.3556	-0.3344	0.0395	0.4298	0.1403
ENSMUSG00000043089	0.3865	-0.1470	0.2345	0.1594	0.7953	-0.1187
ENSMUSG00000043310	-0.7703	0.2127	-0.3128	0.4188	0.1585	0.1072
ENSMUSG00000043354	-0.0917	-0.1389	-0.3256	0.1416	0.4125	-0.2220
ENSMUSG00000043461	-0.1155	-0.3052	0.0571	0.2918	0.1940	-0.2745
ENSMUSG00000043485	0.7703	1.4716	0.9231	1.8066	1.0458	1.3125
ENSMUSG00000043569	1.0057	1.1428	1.3788	1.7865	1.5323	2.7058
ENSMUSG00000043613	0.5285	0.0146	-0.0472	-0.1196	0.1611	0.6475
ENSMUSG00000043659	-0.5376	-0.3872	0.0228	0.2153	-0.4843	0.0716
ENSMUSG00000043698	-0.2769	0.7339	-0.4997	0.6956	0.3394	-0.0545
ENSMUSG00000043733	0.0453	0.0882	-0.2074	-0.4092	0.2707	-0.0998
ENSMUSG00000043866	-0.3474	0.6417	0.6131	0.5199	0.1666	0.1463
ENSMUSG00000043880	0.8549	0.2759	-0.2188	-0.1607	1.0305	0.4992
ENSMUSG00000043895	0.5915	-0.2435	0.1263	0.4213	1.1154	-0.3767
ENSMUSG00000043911	-0.5094	0.1807	0.2338	0.0869	0.4044	0.7165
ENSMUSG00000044018	-0.8253	-0.3715	0.0036	0.3949	0.0153	-0.2363
ENSMUSG00000044034	0.7988	-0.6842	0.1529	-0.3091	0.4880	0.2953
ENSMUSG00000044039	-0.7076	-0.9828	-0.3833	-0.0770	0.0748	-0.3654
ENSMUSG00000044052	0.6523	-0.3568	0.4325	0.9150	-0.0397	-0.2359
ENSMUSG00000044103	-0.4007	-0.2208	-0.1373	0.5093	0.5855	-0.1067
ENSMUSG00000044106	-0.2342	-0.6032	-0.2252	0.3676	-0.3452	-0.5149
ENSMUSG00000044155	-0.8521	0.2389	-0.0218	-0.1983	0.5760	0.1238
ENSMUSG00000044167	-0.4277	-0.0541	0.0893	-1.1187	0.0413	-0.4046
ENSMUSG00000044170	0.0511	-0.0105	0.6866	0.1360	0.3474	-0.3020
ENSMUSG00000044213	0.5660	0.3992	1.3954	0.4570	0.5582	0.8064
ENSMUSG00000044231	0.3407	-0.1689	-0.4119	0.3347	-0.1876	-0.2700
ENSMUSG00000044244	-0.6220	-0.3572	0.0301	0.3072	0.2455	0.1609
ENSMUSG00000044254	-0.0671	0.3387	0.1913	0.0998	-0.3532	-0.1378
ENSMUSG00000044288	-0.3623	-0.1896	0.1076	-0.1326	-0.3147	0.9710
ENSMUSG00000044293	-0.1971	0.1209	-0.5725	-0.0548	0.3080	-0.4932
ENSMUSG00000044350	-0.2658	0.0992	0.6299	-0.1505	-0.6609	0.7092
ENSMUSG00000044359	-0.4465	-0.8000	-0.9408	-1.2647	-1.4877	-1.9677
ENSMUSG00000044365	0.6409	-0.0937	0.3881	0.0013	0.2878	-0.1676
ENSMUSG00000044408	-0.6795	-0.1346	0.1916	-0.0078	0.3887	0.4734
ENSMUSG00000044444	0.2692	-0.0689	0.4175	0.1251	-0.5036	-0.2435
ENSMUSG00000044485	1.0185	1.6430	0.9282	1.3592	1.9732	2.0206
ENSMUSG00000044499	0.8367	0.0151	-0.7676	-0.7628	0.8146	0.5587
ENSMUSG00000044537	0.0398	-0.8457	0.1973	-0.2650	0.0861	0.3065
ENSMUSG00000044562	-0.4550	0.2643	-0.0301	-0.0051	-0.3270	-0.5350
ENSMUSG00000044674	0.0682	-0.2768	0.8045	-0.0547	0.0851	-0.2536
ENSMUSG00000044701	0.3814	-0.1503	0.0554	-0.1337	0.6671	-0.4408
ENSMUSG00000044743	0.9043	1.7668	2.1909	1.4589	2.0913	2.6344
ENSMUSG00000044748	1.4466	0.9295	1.4766	1.4530	1.3462	2.1635
ENSMUSG00000044749	0.9722	1.7967	0.7070	1.8828	1.9908	2.5456
ENSMUSG00000044798	-0.4804	-0.0753	0.2444	-0.4513	-0.5064	-0.1881
ENSMUSG00000044897	-0.7507	-0.2295	0.1530	0.5938	-0.6085	0.1303
ENSMUSG00000044899	-0.3251	0.6156	0.0488	0.7267	-0.1822	0.0708
ENSMUSG00000044985	-0.3375	0.3897	0.4246	-0.5039	0.3182	0.2043
ENSMUSG00000044988	0.2630	0.2674	0.3468	0.0912	0.2354	0.1392
ENSMUSG00000045087	-0.2775	-1.0992	-0.3756	0.1221	-0.6138	-0.2443
ENSMUSG00000045126	0.1946	-0.5883	-0.0580	-0.0100	0.6047	-0.0303
ENSMUSG00000045140	0.3306	0.4181	-0.0630	0.1165	0.7896	-0.8244
ENSMUSG00000045232	-0.5179	-0.1418	-0.9606	0.1083	0.2332	0.1750
ENSMUSG00000045267	0.8435	0.6462	0.7001	0.3332	-0.5082	-0.1753
ENSMUSG00000045302	0.2902	-0.3618	0.0596	0.4851	0.5074	0.0053
ENSMUSG00000045306	-0.3022	0.7316	-0.8196	-0.5130	-0.3622	0.1129
ENSMUSG00000045364	-0.1384	-0.2503	-0.6973	-0.1583	-0.4604	-0.1574
ENSMUSG00000045394	0.3714	0.3246	-0.4768	-0.3633	-0.2198	-0.1590
ENSMUSG00000045475	0.8552	1.1073	1.2776	1.0929	1.8620	1.7926
ENSMUSG00000045539	0.8754	0.8387	0.9751	2.0822	2.4602	2.0831
ENSMUSG00000045545	1.0482	1.1781	1.0024	2.6387	1.4807	1.8780
ENSMUSG00000045551	-0.6251	0.0257	0.1972	0.0933	0.2267	0.3658
ENSMUSG00000045559	-0.5939	-0.2231	-0.0768	0.1527	0.2110	-0.1149
ENSMUSG00000045573	-0.5208	0.0621	0.6647	-0.0920	-0.3213	0.2858
ENSMUSG00000045731	0.3779	-0.0618	0.0171	0.3279	0.0075	-0.8808
ENSMUSG00000045780	0.2123	0.0736	-1.1038	0.0394	-0.2546	0.4357
ENSMUSG00000045827	-0.0937	0.2714	-0.5238	0.2797	0.6268	-0.3675
ENSMUSG00000045875	-0.1106	-0.6478	0.2988	0.0364	-0.2059	0.0509
ENSMUSG00000046041	0.8256	0.3115	-0.0896	0.1519	0.4172	0.1772
ENSMUSG00000046150	0.1437	-0.0089	0.0576	0.3286	0.1734	-0.3270
ENSMUSG00000046159	-0.2312	-0.3401	0.3540	-0.6595	-0.0593	-0.3229
ENSMUSG00000046259	0.5023	1.0225	1.5995	1.7154	1.0280	1.1747
ENSMUSG00000046272	0.2176	0.2009	-0.1664	-0.1141	-0.1076	0.0110
ENSMUSG00000046334	0.0257	0.1960	-0.2294	-0.0830	0.5998	0.2491
ENSMUSG00000046607	0.2040	0.5778	-0.2899	0.2193	-0.1959	-0.6338
ENSMUSG00000046643	-0.1894	-0.2299	-0.8548	-1.1587	-1.6730	-0.7372
ENSMUSG00000046854	0.7009	0.0135	-1.0229	-0.0657	-0.1181	-0.7936
ENSMUSG00000046865	0.3856	-0.0248	0.3721	-0.3370	-0.2817	0.0199
ENSMUSG00000046961	-0.3861	0.1027	0.2562	0.1122	-0.3244	0.1404
ENSMUSG00000047030	0.0749	0.8932	0.0514	0.6175	-0.0706	-0.4900
ENSMUSG00000047079	-0.2550	-0.4130	-0.1881	-0.2197	-0.0888	-0.1075
ENSMUSG00000047085	0.2378	-0.0440	-0.1989	-0.0549	0.3174	0.3760
ENSMUSG00000047193	0.5789	-0.2379	-1.0096	0.2290	-0.1082	-0.1865
ENSMUSG00000047207	0.2415	-0.2772	-0.0658	0.1268	0.4208	-0.2123
ENSMUSG00000047215	0.4147	0.1148	-0.1298	-1.7366	0.6258	-0.1963
ENSMUSG00000047250	0.2810	0.6521	0.2880	-0.2118	0.3610	0.1853
ENSMUSG00000047454	0.4978	-0.5460	0.2369	-0.6294	-0.1722	-0.1494
ENSMUSG00000047507	-0.0138	0.1006	0.3353	0.3175	-0.1990	0.3651
ENSMUSG00000047511	0.0074	0.1208	0.0511	0.3243	-0.3051	-0.2337
ENSMUSG00000047517	0.8076	0.5407	0.1288	0.1053	-0.4562	-0.3306
ENSMUSG00000047641	1.1421	0.7777	0.8472	2.0877	1.2670	2.3578
ENSMUSG00000047712	-0.3859	-0.0109	0.4215	0.0992	-0.4842	0.0589
ENSMUSG00000047822	0.3330	-0.0398	0.5011	0.5200	-0.3962	0.2238
ENSMUSG00000047868	-0.4286	-0.7314	-0.4396	-1.2139	-1.4149	-1.1466
ENSMUSG00000047881	0.2888	0.0945	0.0444	-0.4266	0.5076	0.4793
ENSMUSG00000047904	-0.0463	-0.2357	-0.3526	-0.3199	0.4375	-0.0619
ENSMUSG00000047945	0.5183	0.0907	-0.1763	0.5219	0.3425	-0.4201
ENSMUSG00000047980	0.1418	0.0786	-0.2286	-0.2670	0.0685	-0.4168
ENSMUSG00000047989	-0.3786	-0.3160	-0.5674	0.1958	-0.8685	-0.7961
ENSMUSG00000048013	-0.6557	-0.4543	-0.2759	-0.2756	-0.1280	-0.0217
ENSMUSG00000048029	-0.6667	0.5127	0.0473	0.1318	0.1104	0.0095
ENSMUSG00000048062	-0.6419	-0.3338	0.4347	-0.3049	-0.2743	0.2286
ENSMUSG00000048080	-0.6987	0.8715	0.4270	-0.3179	0.2230	-0.0475
ENSMUSG00000048096	0.1428	-0.4056	-0.4074	0.3300	-0.5905	-0.0096
ENSMUSG00000048100	0.0573	-0.9582	0.1930	0.3493	0.3994	-0.8870
ENSMUSG00000048120	0.2523	-0.3560	0.2534	-0.4763	1.1436	0.7500
ENSMUSG00000048173	-0.0583	-0.5667	-0.6382	-0.0745	-0.2784	0.4667
ENSMUSG00000048230	0.4777	0.9273	-0.6852	0.0955	-0.0930	0.7096
ENSMUSG00000048251	0.7717	-0.0539	0.8924	1.2429	1.2822	0.7310
ENSMUSG00000048299	-1.0214	0.0238	-0.6834	-0.2357	0.0813	0.9071
ENSMUSG00000048304	0.0640	-0.1023	0.1275	-0.2422	0.6050	0.4918
ENSMUSG00000048439	-0.0575	0.5468	0.2205	0.3418	-0.0625	-0.3660
ENSMUSG00000048450	-0.2128	-0.0413	-0.2630	0.4011	-0.2845	0.0088
ENSMUSG00000048456	0.1288	-0.2709	-0.2696	-0.3261	0.1398	0.3222
ENSMUSG00000048482	-0.0219	0.6155	0.1206	0.0622	0.1485	-0.1606
ENSMUSG00000048546	0.1124	0.9232	1.2593	1.3763	0.9775	1.1080
ENSMUSG00000048574	0.0490	-0.0213	0.4811	-0.9416	0.2663	-0.2338
ENSMUSG00000048755	-0.5088	0.2573	-0.5184	1.0731	-0.2864	0.0915
ENSMUSG00000048758	0.2593	-0.2499	-0.2627	0.3953	-0.3247	0.0599
ENSMUSG00000048775	-0.3309	-0.3888	-0.2053	-0.4503	-0.3138	0.2756
ENSMUSG00000048776	0.0636	0.1722	0.6584	0.1352	-0.7317	-0.7925
ENSMUSG00000048806	0.1978	0.5535	-0.4657	-0.1933	-0.6122	-0.1352
ENSMUSG00000048832	-0.3823	0.6968	0.3445	-0.2700	-0.3260	-0.6331
ENSMUSG00000048915	0.3758	1.0341	-0.5693	0.1244	0.0890	-0.1970
ENSMUSG00000048920	0.2458	-0.0650	0.4230	-0.1116	-0.2528	-0.2546
ENSMUSG00000048970	-0.1968	-0.3334	0.0624	0.4638	0.0512	0.0922
ENSMUSG00000048994	-0.2100	0.7833	-0.2529	0.1165	-0.3648	-0.2420
ENSMUSG00000049044	0.0382	-0.4898	-0.4118	-0.4091	-0.6550	0.0045
ENSMUSG00000049057	0.0772	0.7411	1.0446	-0.0637	0.2614	-0.6586
ENSMUSG00000049093	-0.2129	-0.3696	-0.2930	0.2514	-0.2125	0.2703
ENSMUSG00000049103	0.1156	-0.0594	-0.8777	-0.6805	-0.4065	-0.3473
ENSMUSG00000049115	1.8751	0.6075	1.5520	1.8756	1.8758	1.8813
ENSMUSG00000049128	1.4801	1.1620	1.2452	2.0657	1.0039	2.5608
ENSMUSG00000049133	0.5238	1.7883	2.3155	1.2732	1.4607	2.1763
ENSMUSG00000049134	0.2839	-0.2622	-0.8414	-0.0608	-0.0643	-0.5915
ENSMUSG00000049307	0.0230	-0.4201	0.5447	0.3950	1.3369	0.2266
ENSMUSG00000049334	0.9073	-0.1686	0.5027	-0.3351	-0.0058	-0.4134
ENSMUSG00000049362	0.0960	0.1630	-0.0055	-0.0602	-0.8547	0.4124
ENSMUSG00000049382	-1.4817	-1.0581	-1.7485	-1.5442	-0.8744	-1.9895
ENSMUSG00000049401	0.4477	0.1131	-0.2291	0.2850	0.1585	0.7265
ENSMUSG00000049422	-0.1558	0.2301	0.3296	-0.0900	0.5847	-0.1474
ENSMUSG00000049548	0.9733	-0.4415	-0.6131	1.0365	0.4356	0.4932
ENSMUSG00000049561	-0.2805	-0.9021	-0.3839	-0.0219	0.0700	0.4745
ENSMUSG00000049573	0.1512	-1.0721	-1.1442	-0.3995	0.6640	-0.0377
ENSMUSG00000049624	0.2565	0.4610	1.1171	-0.3476	-0.4869	-0.6086
ENSMUSG00000049686	-0.0880	0.2935	0.1580	-0.7326	-0.6582	-0.0206
ENSMUSG00000049741	-0.1171	0.5346	-0.0738	0.1552	-0.9900	0.1726
ENSMUSG00000049791	-0.3112	-0.4472	-0.1047	-0.1755	0.0009	0.1504
ENSMUSG00000049797	-0.6686	0.2082	-0.6686	-0.1291	-0.0132	0.0185
ENSMUSG00000049929	-0.4835	0.0588	-0.3205	-0.0740	0.7222	-0.6888
ENSMUSG00000049932	-0.0896	-0.2131	0.4436	-0.2985	-0.4345	-0.1378
ENSMUSG00000049939	-0.0488	-0.1245	0.0287	-0.3103	0.2361	0.1160
ENSMUSG00000050015	-0.7527	-0.0136	-0.4494	0.2338	0.0993	-0.1024
ENSMUSG00000050029	0.2546	-0.1439	0.1286	-0.5928	0.2292	-0.6849
ENSMUSG00000050114	0.1812	-1.3671	-0.6025	-1.4204	-1.1906	-0.8062
ENSMUSG00000050128	-0.4497	0.2908	-0.4297	0.1418	-0.1112	-0.7861
ENSMUSG00000050134	-0.5651	-0.4227	0.2086	-0.2968	-0.2655	-0.2070
ENSMUSG00000050195	-0.2454	0.9108	0.5944	-0.1158	-0.0544	0.0137
ENSMUSG00000050248	-0.2708	0.1306	0.4098	0.3246	0.8390	-0.5489
ENSMUSG00000050281	-0.1565	-0.3325	0.4340	-0.7576	-0.4377	-0.1727
ENSMUSG00000050288	0.4805	0.5106	0.1279	-0.4248	-0.3472	0.8111
ENSMUSG00000050366	0.0395	-0.5949	0.2194	-0.7945	0.2523	-0.1884
ENSMUSG00000050368	0.5571	0.5811	0.7999	0.8300	1.0338	1.1736
ENSMUSG00000050377	0.3329	0.2925	0.3696	0.1393	0.1191	0.2688
ENSMUSG00000050382	-0.3230	-0.3983	0.3419	-0.3144	0.0767	-0.0211
ENSMUSG00000050395	-0.0623	0.0944	0.4382	0.0947	0.0071	0.1403
ENSMUSG00000050435	0.9539	0.6415	-0.6562	-0.6077	0.3172	-0.0753
ENSMUSG00000050463	1.6309	0.9446	0.7988	1.7852	1.7617	2.2880
ENSMUSG00000050511	-0.1944	-0.7221	0.4327	-0.2145	-0.1059	0.4491
ENSMUSG00000050520	-1.3186	-0.8759	-1.0457	-2.1725	-2.0813	-2.4902
ENSMUSG00000050567	0.2911	0.2752	0.4483	-0.3326	-0.3317	-0.2966
ENSMUSG00000050578	0.0817	-0.2076	0.0756	0.5591	-0.1397	-0.3081
ENSMUSG00000050732	-0.2814	0.1275	0.4118	0.2522	0.3527	0.1562
ENSMUSG00000050742	-0.8172	0.0574	-0.0271	-0.1398	-0.0829	-0.4086
ENSMUSG00000050788	0.7381	-0.2971	0.3721	-0.0651	-0.5065	-0.4558
ENSMUSG00000050813	0.2066	0.0090	-0.4325	0.4452	-0.4966	-0.4047
ENSMUSG00000050818	0.3516	-0.1935	-0.2936	0.1875	-0.0673	-0.0712
ENSMUSG00000050824	0.1499	0.4761	-0.2952	0.5476	-0.1176	0.4665
ENSMUSG00000050856	0.2998	-0.3521	1.4057	-0.5806	-0.4546	-0.1911
ENSMUSG00000050865	-0.3375	-0.2826	0.1385	0.5558	0.2593	-0.1282
ENSMUSG00000050931	-0.6673	-0.6429	0.0042	-0.0355	-0.2260	0.2930
ENSMUSG00000051003	0.0641	-0.0784	0.2242	0.0090	-0.2390	-0.3444
ENSMUSG00000051062	0.1557	0.1199	-0.2464	-0.1372	-0.0842	0.2418
ENSMUSG00000051111	-0.3307	-0.0753	0.1777	-0.6236	-0.2183	0.3119
ENSMUSG00000051172	-0.6175	-0.1725	-0.7458	0.3540	0.3158	0.5157
ENSMUSG00000051180	0.0032	0.6965	0.3816	0.2799	0.0819	-0.1670
ENSMUSG00000051190	-0.2594	-0.0345	0.1632	0.4348	0.0787	0.1330
ENSMUSG00000051207	-0.2029	0.1892	0.1768	0.4883	0.4082	1.0547
ENSMUSG00000051262	1.0887	-0.7087	0.4646	-0.4801	-0.4947	0.0116
ENSMUSG00000051331	0.8579	0.2743	0.0258	1.1703	0.9909	0.4402
ENSMUSG00000051343	-0.6520	0.0344	-0.0767	0.1067	-0.2972	-0.0918
ENSMUSG00000051375	0.4414	0.1987	0.7545	0.3890	0.5415	-0.4490
ENSMUSG00000051391	-0.3614	-0.5458	-0.1304	0.4375	0.3486	0.8281
ENSMUSG00000051483	-0.1296	-0.1026	0.5427	-0.0410	0.3311	-0.1848
ENSMUSG00000051591	0.4567	-0.4645	-0.2630	0.0415	-0.0765	0.3469
ENSMUSG00000051593	0.1321	-0.8138	-0.7667	-0.9587	-0.1171	0.0565
ENSMUSG00000051617	0.4648	0.6048	1.0321	1.8570	1.6203	1.8923
ENSMUSG00000051618	-0.5704	-0.3445	-0.2228	0.1940	0.9728	-0.1349
ENSMUSG00000051650	-0.0223	-0.0173	0.7605	-0.3189	0.3210	-0.1627
ENSMUSG00000051790	0.0816	0.6895	0.6650	0.8770	-0.0122	0.4981
ENSMUSG00000051950	0.5100	0.8536	0.1734	0.1470	0.3970	-0.2390
ENSMUSG00000051951	0.0301	-0.1421	-0.2022	-0.7273	-0.0140	0.3575
ENSMUSG00000051980	0.0607	-0.0144	0.0315	1.1655	-0.1797	-0.6181
ENSMUSG00000052087	0.4263	0.6111	-0.0363	-0.2177	0.2102	-0.0421
ENSMUSG00000052131	0.8876	-0.0778	-0.5829	-0.5022	-0.1843	0.6531
ENSMUSG00000052133	-0.7211	-0.5085	-0.1948	-0.5183	-0.6846	-1.4143
ENSMUSG00000052155	0.0037	0.1927	0.4688	0.3757	-0.0169	-0.0547
ENSMUSG00000052270	0.2520	0.5119	0.4525	0.0323	-0.3465	-0.5361
ENSMUSG00000052293	0.4830	-0.1828	-0.0843	-0.2597	-0.6443	0.0881
ENSMUSG00000052373	0.5047	-0.0533	-0.0835	0.6447	0.7857	0.3037
ENSMUSG00000052374	0.3413	0.7378	-0.2538	0.6380	-0.2889	-0.4385
ENSMUSG00000052397	0.0926	0.3131	0.0418	0.9292	0.0264	0.0656
ENSMUSG00000052417	0.5686	0.1659	-0.2558	-0.4846	-0.3551	0.0808
ENSMUSG00000052459	0.2446	0.3733	0.2288	0.4725	-0.4501	-0.1293
ENSMUSG00000052534	-0.5725	0.7238	-0.4397	-0.6932	-0.2127	-0.9027
ENSMUSG00000052544	0.2640	-0.8150	-0.0263	0.4427	0.0431	-0.3742
ENSMUSG00000052593	-0.2052	-0.2202	0.2881	0.3762	-0.2562	0.1562
ENSMUSG00000052776	-0.2985	0.3171	0.6554	0.3359	-0.1250	-0.1509
ENSMUSG00000052861	-0.0705	-0.1820	-0.2186	-0.2977	0.0517	-0.0665
ENSMUSG00000053004	0.1298	-0.1624	-0.5294	0.3375	0.2500	-0.4023
ENSMUSG00000053007	0.2674	-0.2065	-0.6750	0.5410	0.1660	0.5085
ENSMUSG00000053110	-0.2276	0.2272	0.2199	0.6253	0.7578	0.6166
ENSMUSG00000053146	-0.4207	-0.2271	0.5810	-0.6447	0.0734	0.8121
ENSMUSG00000053158	-0.2552	-0.3748	0.0883	0.0522	0.5294	0.0827
ENSMUSG00000053219	0.1738	-0.3791	-0.1247	0.1466	-0.5743	-0.5060
ENSMUSG00000053375	0.3992	0.3734	0.3467	-0.3398	-0.1617	-0.5126
ENSMUSG00000053460	-0.5492	0.4313	-0.0784	0.5769	-0.6969	0.8448
ENSMUSG00000053465	0.0961	-0.5598	-0.6206	-0.5098	0.6258	-0.4672
ENSMUSG00000053470	0.0231	-0.0058	-0.2584	0.3343	0.7161	0.3174
ENSMUSG00000053678	-0.9934	-1.2888	-1.2080	-1.8522	-3.0700	-2.3454
ENSMUSG00000053716	0.4029	0.0691	0.4747	0.6082	0.8872	0.8855
ENSMUSG00000053815	0.1684	0.4620	0.1778	-0.1897	-0.2444	-0.0914
ENSMUSG00000053820	0.2514	0.0720	0.0280	-0.0161	0.7922	-0.2300
ENSMUSG00000053825	0.2858	0.6397	-0.4935	0.2936	-0.2327	0.0116
ENSMUSG00000053863	0.1258	-0.2825	-0.0826	0.6379	-0.3493	0.4053
ENSMUSG00000053898	0.4669	0.3242	-0.2792	0.5293	-0.1258	0.0108
ENSMUSG00000053961	-0.0946	-0.5533	0.5521	0.5424	0.1983	0.0994
ENSMUSG00000054008	0.8206	-0.5389	0.1497	0.1142	0.0815	-0.3894
ENSMUSG00000054021	0.3328	0.7713	0.1409	-0.9886	-0.3998	0.3962
ENSMUSG00000054051	-0.1094	0.2527	0.2369	-0.3092	0.6679	0.2480
ENSMUSG00000054052	-0.3315	0.1507	0.2284	-0.3313	-0.6921	0.3117
ENSMUSG00000054054	1.4466	0.3376	1.4255	0.6851	0.7304	1.0255
ENSMUSG00000054136	0.4991	-0.2725	0.9416	-0.0923	-0.0152	0.3310
ENSMUSG00000054141	-0.3435	-0.2308	0.7309	0.6722	0.3056	0.0961
ENSMUSG00000054146	1.2500	0.9885	0.3439	2.1528	1.3678	2.3160
ENSMUSG00000054236	-0.5603	-0.0741	-0.4104	-0.2825	0.2301	-0.6517
ENSMUSG00000054266	0.6020	-0.3329	0.9946	-0.1237	-0.1152	0.1673
ENSMUSG00000054277	0.6908	-0.8233	-0.2305	0.5561	0.1377	0.2955
ENSMUSG00000054325	0.4196	0.7869	1.1143	1.1896	1.4730	1.2807
ENSMUSG00000054408	-0.0383	0.2308	-0.6307	0.1085	0.2748	-0.0293
ENSMUSG00000054431	-0.2223	0.0670	-0.1237	0.0019	0.4668	-0.6130
ENSMUSG00000054446	0.0451	0.0606	-0.2463	0.8431	0.4473	0.0570
ENSMUSG00000054455	-0.3764	-0.4053	0.5168	-0.2462	0.5265	0.2941
ENSMUSG00000054582	0.0141	0.2402	0.0805	-0.2973	-0.1483	0.3369
ENSMUSG00000054594	-0.3427	-0.2893	-0.4439	-0.4456	-0.3497	0.2258
ENSMUSG00000054640	-0.0494	0.8129	0.7059	-0.4721	-0.0367	-0.3573
ENSMUSG00000054667	0.4318	0.2125	-0.6161	-0.2924	0.0480	0.4455
ENSMUSG00000054693	0.0535	1.0616	1.3140	0.4045	-0.2979	-0.1047
ENSMUSG00000054793	0.2976	0.5289	-0.1274	-0.2814	-0.2192	-0.1645
ENSMUSG00000054890	0.1918	0.1386	-0.7143	0.1512	0.6967	-0.2091
ENSMUSG00000054934	0.0953	0.5591	0.5467	0.2229	-0.8558	0.3729
ENSMUSG00000054938	0.2652	0.1234	-0.0979	-0.1283	0.2578	0.3833
ENSMUSG00000054988	1.4664	1.0656	1.6393	1.4703	2.2574	2.0424
ENSMUSG00000055013	0.2469	-0.2346	0.0043	0.1306	0.1960	-0.2611
ENSMUSG00000055030	0.5122	-0.2114	0.4385	-0.5681	-0.0831	-0.2809
ENSMUSG00000055033	0.7627	0.1954	0.4010	0.1892	0.1479	0.0394
ENSMUSG00000055044	-0.3827	-0.2130	0.1607	-0.3063	-0.2958	-0.1868
ENSMUSG00000055067	-0.4787	0.1674	-0.5015	-0.3711	0.5074	0.1517
ENSMUSG00000055088	0.0499	0.3824	0.5547	0.0183	-0.4192	0.1201
ENSMUSG00000055298	-0.1000	-0.2905	-0.5570	0.3689	0.4226	-0.3499
ENSMUSG00000055421	0.0563	-0.1797	0.8692	-0.4113	0.4411	0.4488
ENSMUSG00000055447	-0.2421	-0.4558	-0.1531	0.2922	-1.0203	0.1573
ENSMUSG00000055531	-0.3809	-0.0086	-0.7095	-0.3671	-0.9310	-0.5653
ENSMUSG00000055799	0.2748	0.0682	-0.4896	-0.0080	0.2236	0.1355
ENSMUSG00000055817	0.3838	0.4386	-0.0796	0.7719	1.0902	-0.0232
ENSMUSG00000055838	-0.2963	-0.1788	-0.2560	0.0869	-0.9274	-0.3331
ENSMUSG00000055937	0.1331	-0.2633	0.1831	0.8106	-0.2201	0.1728
ENSMUSG00000055980	0.5820	0.3588	0.2890	-0.1460	0.5517	0.5275
ENSMUSG00000055994	-0.0160	0.1607	0.7976	-0.2303	-0.6576	0.3188
ENSMUSG00000056071	0.6870	1.9388	2.1203	0.7783	2.3046	2.1616
ENSMUSG00000056124	1.1347	1.0460	1.5350	2.2293	1.8199	2.1953
ENSMUSG00000056131	0.0873	0.3396	-0.5243	-0.1965	-0.0460	-0.1195
ENSMUSG00000056153	0.1416	-0.2877	0.4974	-0.0520	-0.2003	0.0433
ENSMUSG00000056167	-0.5693	-0.1283	-0.3154	-0.2662	0.1067	-0.0467
ENSMUSG00000056185	-0.5684	-0.5390	0.5842	-0.0655	0.6796	0.3099
ENSMUSG00000056203	0.5165	0.4128	-0.3403	0.1236	-0.0304	-0.3191
ENSMUSG00000056228	0.3104	0.1083	0.2086	0.0533	0.1454	0.2806
ENSMUSG00000056281	0.2345	-0.1737	-0.0370	-0.3323	-0.0455	0.0860
ENSMUSG00000056394	-0.2804	0.4723	0.1443	0.4362	0.2143	-0.0051
ENSMUSG00000056423	0.2017	0.5250	-0.3490	0.5782	0.2837	0.2997
ENSMUSG00000056426	-0.3475	-0.5020	-0.5852	0.3167	-0.2790	-0.1922
ENSMUSG00000056429	0.1498	0.2129	-0.3234	-0.2800	0.5240	0.6202
ENSMUSG00000056529	0.1847	-0.4977	-0.5579	1.4120	0.0032	-0.6220
ENSMUSG00000056569	0.0690	-0.3722	-0.0161	-0.2187	-0.5871	0.0934
ENSMUSG00000056605	-0.9203	-0.4936	0.0467	0.0187	-0.4438	-0.2084
ENSMUSG00000056666	-0.3048	0.6682	0.0375	-0.1503	0.1356	0.3884
ENSMUSG00000056752	0.0515	0.1629	-0.0899	-0.1122	-0.2483	0.4583
ENSMUSG00000056901	0.3320	0.1544	0.0119	0.8675	-0.2387	0.6431
ENSMUSG00000056921	-0.1272	0.4372	0.0638	-0.6612	0.7566	-0.1360
ENSMUSG00000056959	-1.2347	-0.9259	-0.9867	-0.6094	-0.9523	-1.4970
ENSMUSG00000056961	-0.0654	0.2130	-0.2789	0.0391	0.3049	-0.6165
ENSMUSG00000056973	-0.1184	0.1571	-0.1315	0.9963	-0.0442	0.6532
ENSMUSG00000057003	-0.0377	0.0313	0.2448	-0.7083	-0.8297	0.4187
ENSMUSG00000057058	0.0817	-0.4397	-0.8129	0.0018	-0.3797	0.6293
ENSMUSG00000057074	0.5359	0.0757	0.4378	0.4717	-0.2541	0.1335
ENSMUSG00000057134	-0.6345	-0.1078	-0.2330	-0.3770	0.2168	-0.4687
ENSMUSG00000057228	-0.8281	0.0696	-0.2453	-0.8985	0.3259	-0.3070
ENSMUSG00000057244	0.3178	-0.3006	0.1638	-0.7372	-0.0484	-0.2729
ENSMUSG00000057278	-0.3878	0.7865	0.5549	0.2770	0.1713	0.1495
ENSMUSG00000057322	-0.3880	-0.7407	0.1285	-0.3269	0.1767	0.0617
ENSMUSG00000057388	-0.3376	0.1018	-0.1463	0.4132	0.1882	-0.3452
ENSMUSG00000057406	-0.0917	-0.1981	0.2051	-0.3089	-0.0652	-0.0235
ENSMUSG00000057424	0.1133	-0.2291	0.1272	-0.0668	0.3968	0.4690
ENSMUSG00000057447	-0.5017	0.0347	0.1162	0.1906	-0.0162	-0.4307
ENSMUSG00000057461	0.4024	-0.0996	-0.0975	0.8090	-0.5007	0.3293
ENSMUSG00000057722	0.6946	-0.5532	0.6845	0.1036	-0.1315	-0.0573
ENSMUSG00000057726	0.7021	-0.2269	-0.1640	0.5787	0.3889	-0.1402
ENSMUSG00000057754	1.1914	0.1845	0.3728	-0.1163	-0.0185	0.4464
ENSMUSG00000057761	-0.3912	0.3835	-0.2654	-0.8912	-0.1419	-0.0638
ENSMUSG00000057880	-0.5424	-0.2562	-0.1944	0.4593	0.0283	0.0475
ENSMUSG00000057890	0.1505	-0.2484	0.3929	-0.0587	-0.2652	0.3116
ENSMUSG00000058005	-0.0042	-0.1198	0.2841	-0.6758	0.3162	0.5580
ENSMUSG00000058006	-0.2973	0.1618	0.0803	0.0795	0.5965	-0.1562
ENSMUSG00000058013	-0.0466	-0.7751	0.0385	-0.0643	0.5147	0.0396
ENSMUSG00000058076	-0.0602	0.6953	0.0337	0.2450	0.1918	-0.9540
ENSMUSG00000058124	-0.1884	0.6133	0.7997	0.1455	0.1219	-0.3427
ENSMUSG00000058152	-0.4790	0.2634	-0.4276	0.9116	-0.0066	0.2272
ENSMUSG00000058385	-0.4611	-0.7489	0.2015	0.0738	0.0683	1.0346
ENSMUSG00000058513	0.4756	0.0341	-0.1360	-0.1633	0.4627	0.8212
ENSMUSG00000058546	-0.2829	0.5973	0.1806	0.4789	-0.0158	0.2321
ENSMUSG00000058638	0.0536	0.1746	-0.2029	0.8000	-0.0500	-0.6046
ENSMUSG00000058662	-0.2401	-0.5296	0.0902	0.3390	-0.2796	0.7767
ENSMUSG00000058692	-0.0180	0.1255	0.1660	0.0776	-0.2223	0.4990
ENSMUSG00000058715	0.2154	0.3995	-0.0852	-0.0037	0.3666	0.1263
ENSMUSG00000058729	-0.2157	-0.2196	0.0159	0.2600	0.4609	0.2312
ENSMUSG00000058743	0.5416	-0.2640	-0.6494	-0.0916	-0.2514	0.0620
ENSMUSG00000058818	-0.0164	0.1570	0.2945	0.1855	0.0566	-0.6285
ENSMUSG00000058835	0.1239	0.0425	-0.1296	0.0769	0.4174	0.2266
ENSMUSG00000058856	0.4948	0.0854	-0.2531	0.4144	-0.3272	-0.3279
ENSMUSG00000058897	0.0277	0.0783	0.1052	0.0461	0.3112	-0.6064
ENSMUSG00000059003	-0.3596	0.2917	0.3767	0.5100	-0.0357	0.6146
ENSMUSG00000059005	-0.3845	-0.9799	-1.0294	-1.5015	-0.8845	-1.6139
ENSMUSG00000059023	-0.2622	-0.4486	0.1742	-0.6129	0.0997	0.1791
ENSMUSG00000059040	-0.1556	0.1677	-0.2233	-0.1367	-0.3359	-0.1013
ENSMUSG00000059060	0.2019	-0.0930	-1.0653	0.2533	-0.2489	-0.8092
ENSMUSG00000059069	0.0724	-0.4568	0.8471	-0.3701	-0.2617	0.1792
ENSMUSG00000059087	-0.6485	0.1928	-0.1435	-0.2786	0.2948	0.3039
ENSMUSG00000059105	0.2699	-0.4801	0.0133	-0.2991	0.4204	0.2898
ENSMUSG00000059112	0.0549	0.1945	0.6601	-0.1267	-0.3351	-0.2969
ENSMUSG00000059128	-0.4719	-0.4305	-0.6588	0.5621	-0.0506	-0.1396
ENSMUSG00000059146	-0.7047	0.1228	-0.6777	0.0770	-0.2026	-0.0421
ENSMUSG00000059169	1.0805	0.0908	0.8711	1.4820	1.3198	1.2234
ENSMUSG00000059173	-0.0963	0.1640	-0.2972	0.1659	-0.2286	0.1317
ENSMUSG00000059182	0.0356	-0.4203	-0.2459	0.4876	0.4795	-0.1207
ENSMUSG00000059201	0.4305	0.5968	0.7198	-0.1996	0.1673	-0.3919
ENSMUSG00000059203	-0.5386	0.0715	-1.2190	-0.1249	-0.7021	0.1931
ENSMUSG00000059230	-0.3850	-0.0839	0.5088	-0.2586	0.2440	-0.2539
ENSMUSG00000059319	-0.7451	-0.9835	-1.2480	-1.0481	-0.7657	-1.5773
ENSMUSG00000059326	-0.0542	-0.8395	-0.7814	-1.1722	-1.1945	-1.2712
ENSMUSG00000059343	0.0795	-0.3617	-0.4565	0.1741	-0.3074	0.0063
ENSMUSG00000059363	-0.0361	0.1057	-0.0620	0.0003	0.0714	0.0880
ENSMUSG00000059409	-1.1848	-1.8195	-1.5911	-1.5163	-1.9361	-1.7310
ENSMUSG00000059429	-0.5667	0.1064	-0.6720	0.9063	0.1490	0.3257
ENSMUSG00000059503	-0.0166	0.2225	0.2790	0.3826	0.5205	0.0814
ENSMUSG00000059623	-0.1346	0.9036	-0.2905	0.1716	0.1707	-0.0332
ENSMUSG00000059668	1.0627	1.7175	1.1564	2.1003	2.2678	1.8873
ENSMUSG00000059714	-0.0512	0.1816	0.5138	0.3156	-0.3526	0.1569
ENSMUSG00000059741	0.0697	0.1082	-0.2681	-0.2169	-0.0193	0.5219
ENSMUSG00000059743	-0.1450	-0.1124	-0.1407	0.0767	0.7650	0.5460
ENSMUSG00000059772	0.4485	-0.3845	0.2783	0.0047	0.4202	-0.2582
ENSMUSG00000059821	0.5366	0.5908	0.1496	0.8024	-0.3083	-0.1316
ENSMUSG00000059857	-0.3781	0.5415	0.0214	-0.2219	0.1075	-0.6557
ENSMUSG00000059883	0.5245	-0.2082	0.1364	0.0171	-0.1520	-0.1750
ENSMUSG00000059981	0.4642	-0.0810	0.0702	0.2342	0.0700	0.2903
ENSMUSG00000060002	0.3960	0.4377	-0.4623	0.0658	1.2171	0.7285
ENSMUSG00000060170	-0.0550	-0.1521	-0.8064	-0.4372	-0.3279	-0.2137
ENSMUSG00000060177	-0.8913	-0.5163	-1.0379	-1.8368	-1.7873	-1.4668
ENSMUSG00000060188	-0.2849	0.4398	0.0905	-0.1433	0.1695	-0.4042
ENSMUSG00000060208	-0.3170	-0.8977	-1.2380	-0.8437	-1.0337	-1.4092
ENSMUSG00000060216	-0.1453	0.2251	-0.4802	0.1423	0.0760	-0.2716
ENSMUSG00000060279	-0.5934	0.2531	-0.2517	-1.0608	-0.1247	-0.2036
ENSMUSG00000060317	1.1994	1.1395	2.0079	1.9367	1.7646	1.9288
ENSMUSG00000060335	-0.3995	0.5119	0.1177	-0.4741	-0.3199	-0.1987
ENSMUSG00000060373	-0.8883	0.1404	0.3704	-0.0944	-0.5748	-0.6885
ENSMUSG00000060376	0.3895	-0.3156	-0.0618	0.0108	-0.4797	-0.1451
ENSMUSG00000060402	-0.3465	-0.4389	0.5064	-0.4329	0.0521	-0.7100
ENSMUSG00000060407	0.0949	0.2892	-0.7152	-0.3004	-0.4578	-0.1061
ENSMUSG00000060477	0.3979	0.1763	-0.3263	0.3880	0.4648	-0.0586
ENSMUSG00000060503	-0.4168	0.0781	-0.0397	-0.6966	0.1482	0.0179
ENSMUSG00000060509	-0.2158	-0.1527	0.1986	-0.3396	0.8847	-0.2512
ENSMUSG00000060550	0.1965	0.4289	-0.5288	0.2174	0.1074	-1.1439
ENSMUSG00000060579	-0.1857	0.1594	-0.1058	0.5279	0.2532	0.0407
ENSMUSG00000060586	-0.0101	0.0604	0.0826	-0.0212	-0.4072	0.2713
ENSMUSG00000060600	0.4237	0.0647	-0.8477	-0.3344	-0.3948	0.4207
ENSMUSG00000060615	-0.6737	0.5554	-0.4535	-0.2540	-0.1559	-0.0464
ENSMUSG00000060636	-0.4951	-0.8182	-0.3714	-0.1876	0.4840	0.2265
ENSMUSG00000060681	-0.2782	1.0383	0.9212	-0.2922	-0.4774	0.0701
ENSMUSG00000060688	-0.4426	0.1886	0.2468	-0.4183	-0.1364	0.3999
ENSMUSG00000060733	-0.3936	-0.0411	0.0486	-0.0162	-0.0358	-0.1383
ENSMUSG00000060742	0.1826	0.7743	-0.7697	0.2430	0.3174	-0.3195
ENSMUSG00000060743	-0.2174	-0.5606	0.6085	-0.5075	0.0362	0.9484
ENSMUSG00000060803	-0.2813	0.3376	-0.6829	-0.0949	-0.5358	-0.0012
ENSMUSG00000060843	0.8540	-0.0001	0.2958	0.1148	0.7291	-0.0523
ENSMUSG00000060860	-0.4834	-1.0198	-1.8129	-1.0348	-1.2282	-1.4420
ENSMUSG00000060878	-0.3062	-0.8173	-0.0813	0.3372	0.4615	0.3516
ENSMUSG00000060888	0.1849	0.4617	0.0775	-0.1175	0.1665	-0.1778
ENSMUSG00000060913	0.2535	0.7115	0.4450	-0.5843	-0.1181	0.1062
ENSMUSG00000060961	0.5573	-0.0991	0.3303	0.0634	0.0652	0.5651
ENSMUSG00000060974	1.1446	0.3552	-0.2339	0.7031	0.1001	-0.8212
ENSMUSG00000060981	0.5275	0.1045	-0.2110	0.0804	-0.6013	0.0823
ENSMUSG00000060988	0.1394	0.1547	0.0419	0.6370	0.6292	0.2145
ENSMUSG00000061126	1.2939	1.0383	1.8678	2.0833	2.3176	1.6862
ENSMUSG00000061136	-0.6825	-0.1880	-0.0143	0.2476	0.0996	-0.0428
ENSMUSG00000061165	0.0536	0.3510	-0.0429	-0.3004	0.7182	-0.7479
ENSMUSG00000061175	-0.3471	0.3545	0.6732	-0.7798	-0.1173	-0.3336
ENSMUSG00000061195	-0.4263	0.6158	0.1222	0.4607	-0.0864	0.3173
ENSMUSG00000061286	-0.7937	-0.1697	-0.5913	0.5814	0.3966	0.5272
ENSMUSG00000061311	0.1154	0.5776	0.2778	0.1714	0.1773	0.5068
ENSMUSG00000061436	0.2013	-0.5771	-0.0843	0.3184	-0.0263	-0.4994
ENSMUSG00000061455	-0.3941	-0.0595	-0.1780	-0.2743	0.1697	-0.5924
ENSMUSG00000061549	0.3780	0.7835	-0.3427	-0.5519	0.7508	-0.2177
ENSMUSG00000061559	-0.2124	-0.1977	0.1000	0.6506	-0.0025	0.5513
ENSMUSG00000061561	-0.0910	0.2723	-0.3925	-0.5880	-0.8774	0.1482
ENSMUSG00000061626	0.7576	-0.5319	-0.1360	0.5832	-0.0891	-0.2145
ENSMUSG00000061758	-0.2546	-0.0884	0.1927	-0.3618	0.4425	0.6362
ENSMUSG00000061762	-0.4367	0.4300	0.4586	0.3177	0.0020	-0.2580
ENSMUSG00000061769	0.3448	-0.5076	-0.3504	-0.0668	1.2223	0.2118
ENSMUSG00000061798	0.6137	-0.4917	-0.2378	0.2208	-0.5887	0.2328
ENSMUSG00000061816	-0.4179	0.7468	-0.0317	-0.4935	0.2284	0.7035
ENSMUSG00000061859	0.0043	-0.4345	-0.1499	0.1463	0.1719	0.5735
ENSMUSG00000061875	-1.0593	-0.6867	-1.4481	-1.3656	-1.2819	-1.4234
ENSMUSG00000061878	0.4309	0.6404	0.3227	0.5025	0.8414	0.3593
ENSMUSG00000061981	-0.5276	0.6027	0.1049	0.3509	0.1885	0.2704
ENSMUSG00000061983	0.0477	0.8808	-0.5020	0.2225	-0.3379	0.0072
ENSMUSG00000061991	0.6167	0.6072	0.3591	-0.1293	-0.3725	0.1464
ENSMUSG00000062006	-0.2649	0.2324	0.1582	-0.0288	-0.3859	-0.1748
ENSMUSG00000062017	1.4417	0.9840	1.2888	1.1758	1.6841	2.2043
ENSMUSG00000062070	-0.1124	-0.4999	0.2893	-0.5384	0.1286	-0.3838
ENSMUSG00000062075	-0.3310	0.0461	-0.1812	-0.5048	0.1070	-0.1408
ENSMUSG00000062077	-0.2565	0.5780	0.2635	0.7621	-0.2717	0.5335
ENSMUSG00000062082	-0.4500	-0.1818	-0.5237	0.1599	0.7069	0.1619
ENSMUSG00000062186	-0.1660	-0.0314	0.6464	0.7495	0.4963	-0.2469
ENSMUSG00000062203	-0.0561	-0.0861	0.1634	-0.8499	-0.1376	-0.8933
ENSMUSG00000062245	0.1183	0.0932	0.1144	0.1597	-0.9058	-0.5671
ENSMUSG00000062248	0.3347	0.6855	0.2290	0.3823	-0.4298	0.1720
ENSMUSG00000062300	-0.0981	-0.7433	0.4088	0.2174	-0.2095	0.0805
ENSMUSG00000062312	0.2302	0.0322	0.2110	0.4213	0.8277	0.7924
ENSMUSG00000062328	-0.3406	-0.4227	0.0952	-0.2713	-0.0107	0.2754
ENSMUSG00000062342	-0.0354	0.1050	-0.1325	-0.3413	-0.1116	1.1411
ENSMUSG00000062380	0.0318	-0.0589	0.1582	-0.4694	0.0477	0.2506
ENSMUSG00000062421	0.8916	-0.3000	0.0760	0.3869	-0.4023	-0.2487
ENSMUSG00000062426	0.3398	-0.5581	-0.5580	-0.1299	0.3045	-0.0989
ENSMUSG00000062524	0.1433	0.2128	0.1650	-0.4058	-0.0378	-0.1977
ENSMUSG00000062528	0.0183	-0.6645	-0.2884	-0.1016	0.1501	-0.5179
ENSMUSG00000062609	0.8036	0.3497	-0.4199	-0.9208	-0.6457	0.8493
ENSMUSG00000062621	-0.2752	-0.2872	0.0676	-0.2998	0.2200	0.1669
ENSMUSG00000062649	0.4699	-0.1120	-0.5500	0.4527	-0.2507	0.1699
ENSMUSG00000062694	0.2588	0.6324	0.4543	-0.0253	-0.2645	-0.2093
ENSMUSG00000062757	-0.7018	0.0295	-0.3682	0.0251	0.6229	-0.7824
ENSMUSG00000062782	1.0852	-0.9984	-1.0601	-0.6903	0.4233	0.7327
ENSMUSG00000062785	-0.3010	-0.0219	-0.0097	-0.1579	0.0577	-0.1006
ENSMUSG00000062825	0.0511	0.0130	0.1594	0.3557	-0.0826	-0.7820
ENSMUSG00000062867	1.0856	0.2888	0.6591	1.1483	2.0544	0.1795
ENSMUSG00000062878	0.2408	0.0014	-0.4968	-0.5437	0.6113	-0.2130
ENSMUSG00000062906	-0.5070	0.4145	0.4139	-0.1577	-0.4469	0.2698
ENSMUSG00000062937	-0.7802	0.4840	-0.0304	-0.2441	-0.2682	0.2299
ENSMUSG00000062939	-0.1156	0.2180	0.4873	0.1651	-0.1458	-0.5229
ENSMUSG00000062981	0.0507	-0.3364	0.0450	-0.4253	-0.5478	-0.2828
ENSMUSG00000063020	-0.0129	0.4232	0.3478	0.0407	0.1082	0.4859
ENSMUSG00000063106	-0.1725	0.3523	-0.2988	-0.2598	0.3445	0.5411
ENSMUSG00000063116	-0.5666	0.1445	0.3818	-0.0758	-0.1085	0.1019
ENSMUSG00000063120	0.8622	0.2444	0.1788	-0.1270	-1.5558	0.7957
ENSMUSG00000063129	-0.1786	0.4027	0.1453	-0.0072	0.4543	0.1342
ENSMUSG00000063142	-0.1560	0.2644	-0.1819	-0.0907	0.3247	-0.1459
ENSMUSG00000063157	-0.0599	0.8911	-0.4770	-0.0213	-0.7808	-0.0743
ENSMUSG00000063160	-0.0629	-0.0610	0.5110	0.6076	0.1818	-0.3563
ENSMUSG00000063179	1.1326	0.8501	1.6903	1.8759	1.6625	2.5077
ENSMUSG00000063188	-0.4794	0.3338	-0.1489	0.5791	-0.2700	-0.5239
ENSMUSG00000063216	-0.1797	0.0929	-0.6336	0.4961	0.5238	0.0124
ENSMUSG00000063239	-0.0821	-0.0511	0.0314	-0.0958	-0.3202	-0.1627
ENSMUSG00000063275	-0.6539	0.3592	-0.2364	0.2577	0.1857	-0.1875
ENSMUSG00000063362	0.0364	0.3888	0.5020	-0.2719	-0.3437	-0.2957
ENSMUSG00000063374	-0.2397	0.4123	0.2705	-0.3589	0.0124	-0.6963
ENSMUSG00000063380	-0.2748	0.3859	0.1463	-0.0894	-0.2169	0.2095
ENSMUSG00000063450	0.1054	-0.4682	0.1457	0.3529	-1.1734	-0.4831
ENSMUSG00000063652	0.1257	0.4253	-0.1184	-0.1818	0.3187	0.1742
ENSMUSG00000063704	-0.1973	0.0119	0.1819	-0.2911	-0.1623	0.5019
ENSMUSG00000063764	-0.2134	0.5357	-0.0340	-0.7179	-0.2518	-0.1433
ENSMUSG00000063780	1.1564	0.4850	-0.4645	0.3042	-0.0656	-0.3200
ENSMUSG00000063856	0.1262	0.4227	0.4655	-0.4665	-0.5682	0.8058
ENSMUSG00000063929	0.0543	-0.5442	0.3772	0.1379	-0.1232	0.1694
ENSMUSG00000064006	0.0991	0.3806	0.1013	-0.6755	-0.0813	0.5268
ENSMUSG00000064039	-0.2765	-0.4213	-0.5361	-0.1718	0.2800	0.0044
ENSMUSG00000064063	0.0173	0.3292	0.8672	1.2353	0.9999	1.7035
ENSMUSG00000064120	-0.9871	-0.2520	-1.4611	-1.1938	-0.9885	-1.4492
ENSMUSG00000064121	0.4528	0.3401	0.4418	0.1677	0.1739	-0.4434
ENSMUSG00000064127	-0.5979	0.0704	0.1645	0.2206	-0.2484	-0.1521
ENSMUSG00000064179	1.2201	0.3375	-0.0512	0.1294	0.1790	-0.5823
ENSMUSG00000064225	0.1859	-1.0529	-0.2268	0.9611	-0.6890	0.3232
ENSMUSG00000064232	1.4188	1.6533	1.6831	1.3860	1.6179	2.0288
ENSMUSG00000064252	-0.2681	-0.1572	0.2191	-0.3665	-0.1226	0.0257
ENSMUSG00000064325	0.0267	-0.0316	0.9034	0.3067	0.0672	-0.1611
ENSMUSG00000064330	-0.0096	0.6278	-0.7868	0.2124	0.3830	-0.4513
ENSMUSG00000064341	-0.0000	-0.6645	-0.0315	-0.3084	-0.4487	-0.1042
ENSMUSG00000064351	0.5663	0.3786	-0.2558	0.5719	0.2679	0.0523
ENSMUSG00000064363	0.3562	-0.1003	-0.5439	-0.0225	0.6103	0.3153
ENSMUSG00000064395	-0.0662	0.3316	-0.4046	-0.5631	0.1663	0.5229
ENSMUSG00000064408	0.2611	0.2797	0.3776	0.1110	0.5119	-0.6311
ENSMUSG00000064419	0.1400	-0.5412	-0.0601	0.3105	-0.1130	0.3738
ENSMUSG00000064476	-0.4794	-0.6303	-0.0989	-0.4249	0.2493	-0.0401
ENSMUSG00000064541	0.1760	-0.6458	-0.5202	0.2120	-0.3751	0.4488
ENSMUSG00000064566	0.5232	-1.2336	-1.0007	-0.7748	-0.6068	-1.5767
ENSMUSG00000064669	0.0269	-0.3775	0.1353	0.6258	-0.0244	-0.2299
ENSMUSG00000064675	0.6961	-0.2220	-0.0288	-0.9389	-0.3059	0.3247
ENSMUSG00000064688	-0.3271	0.7294	-0.0667	0.0624	-0.4065	0.2150
ENSMUSG00000064689	0.0588	0.0188	-0.9901	-0.2455	-0.5457	0.4995
ENSMUSG00000064693	0.0226	-0.4892	-0.2773	-0.0758	-0.0936	-0.0221
ENSMUSG00000064715	0.3376	0.2269	-0.3653	-0.2007	0.4614	-0.1727
ENSMUSG00000064735	-0.3898	0.1622	0.5139	0.3045	0.3247	0.7934
ENSMUSG00000064737	-0.0054	0.1710	0.0673	-0.6973	-0.0559	0.1704
ENSMUSG00000064763	0.0020	-0.2532	0.2813	0.1404	0.0504	-0.2396
ENSMUSG00000064777	0.0726	-0.0294	-0.1115	-0.3648	0.0843	0.2031
ENSMUSG00000064795	-0.2669	0.0086	0.2220	0.5927	-0.2508	-0.3394
ENSMUSG00000064830	-0.3415	0.2430	0.8894	0.2251	0.7093	0.5849
ENSMUSG00000064842	-0.0372	0.0442	-0.7286	0.0060	0.8697	-0.3718
ENSMUSG00000064854	-0.0172	0.6455	-0.0143	0.0352	1.0328	-0.7139
ENSMUSG00000064857	0.6113	0.1953	0.1297	0.3194	0.0980	-0.2005
ENSMUSG00000064867	-0.2323	-0.8923	0.1648	-0.2146	-0.8911	-0.1405
ENSMUSG00000064876	0.0815	-0.1303	-1.2798	0.1423	-0.6634	0.0538
ENSMUSG00000064977	0.2606	-0.7013	0.1670	-0.4211	0.2580	0.1757
ENSMUSG00000065006	-0.2103	-0.1318	-0.3394	-0.5649	-0.0829	-0.1251
ENSMUSG00000065027	0.4183	-0.4803	-0.2759	-0.4919	0.4036	-0.7304
ENSMUSG00000065042	-0.9755	-0.7906	-0.7214	-1.2775	-1.3796	-1.3748
ENSMUSG00000065048	-0.5463	0.5079	0.0802	0.4329	0.1628	0.5499
ENSMUSG00000065191	0.3540	0.3973	-0.1570	-0.1282	-0.0582	-0.2715
ENSMUSG00000065198	0.0914	-0.4523	0.3802	0.1015	-0.5062	-0.1141
ENSMUSG00000065203	-0.5385	-0.3472	0.5873	0.5291	0.3762	0.1781
ENSMUSG00000065212	0.3197	-0.2204	0.6912	0.5251	0.1862	-0.0248
ENSMUSG00000065215	-0.0162	-0.3179	1.1888	0.2470	0.1757	-0.6597
ENSMUSG00000065220	-0.5507	-0.1313	0.0474	0.8402	-0.0341	-0.2848
ENSMUSG00000065246	0.1963	-0.4166	0.2563	-0.4068	0.2512	-0.6862
ENSMUSG00000065312	0.3699	0.5152	0.2338	0.0855	-0.0853	-0.4458
ENSMUSG00000065315	0.1357	0.0336	0.2057	-0.0709	0.3932	0.3868
ENSMUSG00000065340	-1.1334	-0.4245	0.2665	-0.0625	-0.1235	-0.4501
ENSMUSG00000065371	0.4031	-0.3291	-0.2104	-0.1178	-0.3364	0.0774
ENSMUSG00000065380	-0.3070	-0.0192	-0.5080	0.3698	0.0962	0.4475
ENSMUSG00000065382	-0.1429	-0.0368	-0.0514	0.1027	0.1848	-0.2609
ENSMUSG00000065384	0.4881	-0.4722	-0.0595	-0.3886	0.2176	-0.5537
ENSMUSG00000065396	-0.3907	-1.3610	0.5901	0.3040	-0.2416	-0.5206
ENSMUSG00000065399	-0.0069	0.2186	0.4038	-0.0090	0.4722	-0.7848
ENSMUSG00000065412	-0.3042	0.3331	0.0004	-0.5497	0.1797	-0.1435
ENSMUSG00000065422	-0.1542	0.5165	-0.3181	0.3700	-0.1294	-0.7193
ENSMUSG00000065423	0.0530	0.0733	0.0715	0.1680	-0.1205	-0.4094
ENSMUSG00000065430	-0.4016	-0.4690	-0.5379	0.2711	-0.0526	-0.2135
ENSMUSG00000065435	0.9450	-0.1651	0.8900	-0.1760	-0.7195	-0.6614
ENSMUSG00000065436	-0.1866	-0.0182	-0.1203	-0.1568	-0.1434	-0.1044
ENSMUSG00000065440	-0.4210	-0.1947	0.0215	0.5717	0.2014	-0.1267
ENSMUSG00000065441	0.6582	-0.5828	0.8717	0.1009	0.0435	-0.2902
ENSMUSG00000065453	-0.2500	0.0844	0.6660	0.2661	0.3311	-0.9822
ENSMUSG00000065454	0.2155	-0.3199	0.0968	-0.0475	0.0441	-0.2233
ENSMUSG00000065462	-0.3383	-0.2710	0.2394	-0.3086	0.1269	-0.4305
ENSMUSG00000065491	-0.5338	0.8055	-0.0518	0.2780	0.3544	0.2363
ENSMUSG00000065492	0.5739	0.3722	-0.8021	-1.0758	0.2465	-0.2221
ENSMUSG00000065514	0.1885	0.6470	-0.2731	0.2914	0.4650	0.3268
ENSMUSG00000065523	-0.0695	0.2738	0.8040	0.1384	0.1456	0.2765
ENSMUSG00000065530	0.9875	-0.4688	-0.7321	0.0501	-0.2949	-0.5907
ENSMUSG00000065536	-0.4649	-1.2032	-0.8639	-0.4967	-0.2437	-1.6404
ENSMUSG00000065540	-0.5816	0.0173	-0.0204	-0.1597	0.0154	0.2358
ENSMUSG00000065542	-0.7706	0.2315	-0.6459	-0.4007	-0.1741	-0.1976
ENSMUSG00000065543	0.1949	-0.0992	-0.3856	0.0783	-0.1898	-1.0602
ENSMUSG00000065547	-0.3943	0.3761	0.0448	0.2403	0.5275	0.6417
ENSMUSG00000065553	0.1803	0.2492	-0.0116	-0.2993	0.3015	-0.1895
ENSMUSG00000065556	0.0028	-0.4738	-0.5790	0.5420	-0.0871	0.3321
ENSMUSG00000065562	0.4085	0.2141	0.5744	0.2617	0.5578	0.1735
ENSMUSG00000065565	0.2899	0.4626	0.0251	-0.9233	0.1117	-0.1940
ENSMUSG00000065569	0.5293	0.5423	0.5627	0.2439	-0.2936	-0.0797
ENSMUSG00000065586	0.0467	0.8439	-0.1402	-0.5788	0.3302	-0.1974
ENSMUSG00000065587	-0.2158	-0.1457	0.8182	0.0067	0.1728	0.0152
ENSMUSG00000065597	0.1009	-0.3730	0.7024	-0.5120	-0.2065	-0.4781
ENSMUSG00000065608	-0.2843	-0.5206	0.0320	-0.0388	0.4415	-0.9487
ENSMUSG00000065609	-0.6369	0.3678	0.0067	-0.4040	0.7967	0.0407
ENSMUSG00000065611	0.3003	0.2886	0.4793	1.8333	0.9090	0.9503
ENSMUSG00000065620	-0.0820	-0.0589	0.3986	0.2794	0.5474	-0.3652
ENSMUSG00000065643	0.1454	0.6192	-0.4356	-0.3267	0.3316	-0.0018
ENSMUSG00000065656	0.2701	0.1320	0.1040	-0.1566	0.2751	-0.0867
ENSMUSG00000065657	-0.0428	-0.3028	-0.0598	-0.0361	0.0038	-0.1870
ENSMUSG00000065727	0.0754	0.4469	-0.3151	-0.6800	0.5636	-0.1998
ENSMUSG00000065732	-0.2269	0.1815	-0.6661	-0.6934	-0.1338	-0.5268
ENSMUSG00000065733	0.0877	-0.0018	0.2931	-0.2990	0.1853	0.4563
ENSMUSG00000065763	-0.1971	-1.1001	-0.1601	0.3795	-0.1757	0.2180
ENSMUSG00000065787	-0.1799	-0.1804	-0.4806	-0.2342	-0.4842	0.2038
ENSMUSG00000065792	0.9119	-0.1733	-0.6581	-0.7581	-0.2822	-0.5635
ENSMUSG00000065795	0.2463	0.4531	0.3960	0.7005	-0.1114	-0.0963
ENSMUSG00000065845	-0.0978	1.2009	1.5281	1.2172	1.7487	1.9174
ENSMUSG00000065866	0.3514	-0.1619	0.1522	0.2653	-0.9779	0.1375
ENSMUSG00000065872	0.0491	0.2778	0.0566	0.4347	0.3833	0.4561
ENSMUSG00000065892	0.4793	-0.1527	-0.2190	0.3310	-0.0597	0.4364
ENSMUSG00000065934	-0.4309	0.2466	-0.2043	0.0209	-0.2425	0.5562
ENSMUSG00000065945	-0.3359	-0.2954	0.6939	-0.6362	0.0051	-0.2376
ENSMUSG00000065987	0.1739	-0.0876	-0.3734	-0.2744	0.5189	-0.2566
ENSMUSG00000066026	0.6577	0.3528	0.3144	-0.5221	-0.2767	-0.3189
ENSMUSG00000066036	0.3565	-0.8141	0.1629	0.5100	-0.2189	0.3838
ENSMUSG00000066061	0.1689	-0.4507	0.0249	-0.3006	-0.0639	0.4867
ENSMUSG00000066235	-0.3471	0.1140	-0.1787	0.4704	-0.1640	-0.5439
ENSMUSG00000066241	0.4633	-0.4331	0.4537	-0.1668	-0.3315	-0.3880
ENSMUSG00000066242	-0.3030	-1.0591	-0.9456	-0.9412	-0.9874	-1.4546
ENSMUSG00000066263	-0.0772	0.5911	0.0236	-0.5546	0.2121	-0.0171
ENSMUSG00000066359	0.0638	0.5858	0.3897	-0.7904	0.0352	-0.2071
ENSMUSG00000066392	0.5386	-0.7449	0.2322	-0.0032	0.4397	0.1799
ENSMUSG00000066442	0.3210	-0.3691	0.2008	0.6960	0.1315	-0.0260
ENSMUSG00000066512	1.7772	2.0956	1.6048	1.8693	1.7224	1.6111
ENSMUSG00000066513	1.0065	0.1195	0.4064	-0.4413	0.1867	-0.3018
ENSMUSG00000066687	0.3858	-0.1163	-0.3831	-0.4356	-0.8887	0.0544
ENSMUSG00000066720	-1.1829	-1.2278	-1.2955	-2.1086	-1.8470	-1.9234
ENSMUSG00000066735	0.7961	-0.8583	0.7213	-0.1353	0.1031	0.0890
ENSMUSG00000066750	0.5078	0.5780	-0.1478	-0.0635	-0.1217	0.0425
ENSMUSG00000066755	1.1291	0.7687	0.1041	0.2246	-0.8961	0.1881
ENSMUSG00000067150	0.4230	-0.5027	-0.1600	-0.4145	-0.1201	-0.1598
ENSMUSG00000067279	-0.4913	-0.7299	0.4469	-0.5631	0.4834	0.2998
ENSMUSG00000067297	-0.4489	0.8439	-0.0931	1.0312	0.1876	-0.5054
ENSMUSG00000067338	0.4602	0.1988	-0.2484	0.4343	-0.3919	0.1883
ENSMUSG00000067441	0.4258	0.9158	0.3916	0.9543	1.1314	0.9979
ENSMUSG00000067522	-0.6007	0.0758	-0.4538	0.7382	0.2673	-0.1603
ENSMUSG00000067525	0.5829	0.7793	1.0483	-0.0314	-0.0519	0.6889
ENSMUSG00000067528	-0.8221	0.2766	-0.3328	0.2166	0.5218	0.3111
ENSMUSG00000067545	0.0941	-0.0055	0.4059	-0.4499	-0.7349	0.5786
ENSMUSG00000067567	-0.8318	-0.0849	0.1559	-0.3605	0.6987	-0.3349
ENSMUSG00000067591	0.1405	0.4863	0.0777	0.8107	0.4539	0.1544
ENSMUSG00000067599	0.2477	0.3820	-0.6434	-0.0998	-0.1558	0.0880
ENSMUSG00000067653	0.3679	-0.1237	-0.1563	-0.2531	-0.1566	0.2524
ENSMUSG00000067713	-0.5444	-0.0225	-0.9931	-0.9277	-1.3493	-0.5996
ENSMUSG00000067767	0.1958	-0.4193	0.3529	-0.1073	-0.9120	0.6484
ENSMUSG00000067813	-0.6956	-0.0777	-0.1685	0.6174	0.1429	-0.0243
ENSMUSG00000067851	-0.1766	0.1426	0.3754	0.0746	-1.0062	0.8534
ENSMUSG00000067860	-0.0325	0.2435	0.0392	-0.0496	-0.7633	-0.2798
ENSMUSG00000067971	-0.3488	-0.6103	0.2003	0.3950	-0.0208	0.5878
ENSMUSG00000068083	-0.2915	0.1214	-0.2133	-0.7055	0.0842	-0.2098
ENSMUSG00000068086	-0.3671	-0.0264	0.0457	-0.4441	-0.6458	-0.0031
ENSMUSG00000068182	0.3615	0.2915	-0.5697	-0.4301	0.5137	0.1049
ENSMUSG00000068184	0.5938	-0.5080	-1.1962	-0.0156	0.1563	0.5498
ENSMUSG00000068323	0.2008	-0.0642	-0.2806	-0.7261	0.0526	-0.1086
ENSMUSG00000068329	0.7934	0.7660	0.2858	1.3643	2.0551	1.1598
ENSMUSG00000068417	0.0206	0.2461	-0.5567	-0.0732	-0.5779	-0.5224
ENSMUSG00000068437	0.7003	0.5154	-0.0373	0.2794	-0.0713	-0.3226
ENSMUSG00000068523	0.0234	-0.4589	0.2995	-0.0159	-0.1865	0.5833
ENSMUSG00000068535	0.0466	0.2961	0.0187	0.4387	0.1928	-0.8437
ENSMUSG00000068547	-0.1617	-0.3803	0.6849	-0.5527	-0.3950	0.5318
ENSMUSG00000068697	-0.0422	0.2014	-0.3411	-1.0579	0.1925	-0.3983
ENSMUSG00000068745	-0.8917	0.3695	0.3312	0.1858	0.4121	0.4542
ENSMUSG00000068747	-0.0590	0.5902	-0.3929	0.7006	0.4023	-0.2566
ENSMUSG00000068748	0.1922	0.7426	0.6599	-0.5533	-0.1076	0.2048
ENSMUSG00000068794	-0.3072	-0.6958	-0.4835	0.1079	0.0572	0.7173
ENSMUSG00000068815	-0.5388	1.0873	-0.2871	0.0232	0.2244	0.1852
ENSMUSG00000068816	0.4262	-0.4558	0.6853	-0.1177	-0.4194	-0.1692
ENSMUSG00000068818	-0.3580	0.3832	-0.1840	-0.7051	-0.0938	-0.2938
ENSMUSG00000068855	-0.4224	0.1194	-0.5390	-0.1491	0.1265	0.2044
ENSMUSG00000068856	-0.0980	-0.0075	-1.1286	-0.0369	-0.0689	-0.3101
ENSMUSG00000068885	-0.3888	0.2052	0.3966	-0.0058	0.2215	-0.3283
ENSMUSG00000068887	-0.9552	-0.7990	-1.8722	-1.7152	-1.0100	-1.3707
ENSMUSG00000069020	0.4214	-0.2502	0.3190	-0.4966	-0.4297	-0.2561
ENSMUSG00000069053	-0.2082	0.0649	0.3882	0.0384	0.0119	0.2636
ENSMUSG00000069189	-0.1734	-0.6345	-0.0021	-0.5510	0.0330	-0.5541
ENSMUSG00000069248	0.1343	-0.2578	0.7355	-0.5265	0.1798	-0.1851
ENSMUSG00000069266	0.7826	0.4076	0.6892	0.8876	0.7798	0.4827
ENSMUSG00000069267	0.3031	0.2586	-0.0015	-0.6964	0.1042	0.4667
ENSMUSG00000069270	0.5576	-1.0573	0.5739	-0.4606	0.3099	-0.0307
ENSMUSG00000069274	-0.3080	1.2091	-0.4916	-0.1131	-0.0949	-0.5739
ENSMUSG00000069300	-0.2292	0.0566	0.3273	0.7237	-0.5910	0.1130
ENSMUSG00000069303	-0.0823	0.5263	0.0899	-0.5110	-0.6845	0.9469
ENSMUSG00000069305	-0.2541	-0.7416	-0.7624	-0.5956	-1.0555	-1.5672
ENSMUSG00000069307	0.4336	0.3008	0.5194	-0.3536	-0.5108	0.9095
ENSMUSG00000069308	-0.4337	0.3945	0.0135	-0.1629	-0.6523	-0.4018
ENSMUSG00000069378	0.0276	0.5598	0.0410	-0.3445	0.3429	-0.2932
ENSMUSG00000069516	-1.1911	-0.1205	-0.0648	0.0602	0.7236	-0.1473
ENSMUSG00000069565	0.4690	0.1127	-0.1545	-0.0514	-0.3852	-0.4949
ENSMUSG00000069678	0.0914	-0.1691	0.0061	0.6699	-0.3958	-0.4965
ENSMUSG00000069729	0.1178	1.0239	0.6767	-0.1782	-0.5828	0.2480
ENSMUSG00000069744	-0.4595	0.4171	0.2905	0.1850	0.1795	0.3035
ENSMUSG00000069769	0.0243	-0.6281	0.3802	-0.6841	0.5683	-0.0101
ENSMUSG00000069805	-0.0714	-0.0852	-0.2195	0.2529	0.2259	0.1953
ENSMUSG00000069833	-0.5340	-0.8533	0.2968	0.2469	0.6550	0.1044
ENSMUSG00000069867	0.8954	-0.4843	0.1228	0.8690	-0.2318	0.0609
ENSMUSG00000069874	-0.1288	-0.2259	0.7487	0.1635	-0.4776	0.2857
ENSMUSG00000070126	0.2460	0.4378	-0.0194	0.6218	0.4131	0.1944
ENSMUSG00000070214	0.0364	-0.2153	0.6243	0.3017	-0.4700	0.3339
ENSMUSG00000070225	0.5609	-0.3387	-0.4474	0.5435	0.2094	-0.3399
ENSMUSG00000070227	-0.3284	-1.1863	-0.3680	-0.2175	-0.3164	-0.0397
ENSMUSG00000070283	0.0132	-0.1497	0.2693	0.4592	0.0453	-0.3126
ENSMUSG00000070284	0.7229	1.1229	2.2086	1.2340	1.6719	2.0845
ENSMUSG00000070311	0.0641	0.1502	-0.3233	1.0149	0.0969	0.6835
ENSMUSG00000070366	0.2299	-0.9329	-0.4096	-0.3196	0.5782	-0.2052
ENSMUSG00000070369	0.0736	0.4737	0.1248	-0.0941	0.1148	-0.2833
ENSMUSG00000070372	-0.1678	-0.3842	0.6472	1.1003	-0.3106	0.3904
ENSMUSG00000070378	-0.0234	0.4049	0.6447	-0.3803	0.3152	0.0261
ENSMUSG00000070379	0.3009	-0.0257	-0.8621	0.2650	-0.2842	-0.7318
ENSMUSG00000070380	-0.0693	-0.1625	0.1531	0.2417	-0.2801	-0.4624
ENSMUSG00000070382	-0.4820	-0.1941	0.0040	-0.3531	0.2199	0.1449
ENSMUSG00000070407	0.0299	-0.0247	-0.4149	-0.3688	0.3938	0.6906
ENSMUSG00000070459	-0.1467	-0.6124	-1.1328	-0.2609	0.0197	0.8633
ENSMUSG00000070464	0.0307	-0.1740	-0.5640	0.4972	0.1442	0.0788
ENSMUSG00000070644	-0.4655	0.8757	-0.1003	-0.4267	0.0978	0.0778
ENSMUSG00000070692	0.6645	0.4749	0.8379	0.2619	0.9776	0.9697
ENSMUSG00000070738	0.1344	0.4093	-0.6385	0.6931	0.0868	0.4474
ENSMUSG00000070810	-0.6174	-0.5783	-0.6415	-0.8927	-0.6693	-1.1045
ENSMUSG00000070856	-0.2385	0.4624	0.7338	-0.4788	-0.5167	0.2253
ENSMUSG00000070857	0.2272	-0.2758	0.1692	-0.1821	0.1872	-0.1993
ENSMUSG00000070880	0.4418	0.3085	0.8576	-0.7326	-0.1412	0.4692
ENSMUSG00000070904	0.2949	0.3068	-0.1791	0.5585	-0.3789	0.1375
ENSMUSG00000070942	-0.1777	-0.6587	0.9786	-0.1196	-0.3762	-0.2870
ENSMUSG00000070983	-0.8118	-0.2032	0.4023	0.0523	0.0061	-0.0743
ENSMUSG00000071005	-0.5802	0.5658	0.4710	0.1744	0.4483	-0.2147
ENSMUSG00000071014	-0.1592	0.2246	0.5920	0.3606	-0.1252	-0.2947
ENSMUSG00000071047	0.2132	1.0859	0.1492	-0.3001	0.5591	-0.2347
ENSMUSG00000071076	0.1737	-0.4512	-0.3183	-0.1029	-0.0107	0.2109
ENSMUSG00000071149	0.7973	1.0579	0.4410	0.9843	1.4518	0.7225
ENSMUSG00000071172	-0.0488	0.4335	0.4571	-0.0167	-0.5190	0.0757
ENSMUSG00000071276	-0.2187	-0.5605	0.0070	0.6340	-0.1367	0.1258
ENSMUSG00000071452	-0.0677	-0.1205	-0.0739	-0.0781	0.3688	0.0738
ENSMUSG00000071494	0.0674	0.0186	0.0138	-0.3049	-0.4595	0.0454
ENSMUSG00000071516	-0.5360	0.3730	-0.2351	0.2658	-0.1199	-0.1684
ENSMUSG00000071519	-0.8347	0.3773	-0.1572	0.0249	0.3440	-0.6063
ENSMUSG00000071521	-0.2802	-0.0013	-0.0917	-0.2859	0.2254	-0.6055
ENSMUSG00000071552	0.5769	-0.3644	0.9586	-0.1883	0.0507	-0.7215
ENSMUSG00000071646	-0.6118	0.1664	-0.0402	0.0436	-0.0414	0.0925
ENSMUSG00000071649	0.0241	-0.0406	-0.5086	0.2339	-0.2011	0.1116
ENSMUSG00000071655	0.9766	0.9896	0.5623	0.9827	0.6085	1.4809
ENSMUSG00000071713	0.6600	-0.3476	0.0654	-0.2634	0.0279	-0.5492
ENSMUSG00000071714	0.1623	0.2422	-0.0743	-0.3549	-0.1269	0.1761
ENSMUSG00000071866	-0.1952	-0.6734	0.7314	0.2140	-0.2855	-0.2171
ENSMUSG00000072115	-0.3944	0.0275	0.1763	-0.1591	-0.5746	-0.0192
ENSMUSG00000072214	0.0976	0.3525	0.3183	-0.5304	0.0066	-0.3724
ENSMUSG00000072423	0.1650	0.0802	0.4641	0.9007	0.0935	0.3199
ENSMUSG00000072572	0.4726	-0.1513	0.2879	0.2049	-0.4763	0.0440
ENSMUSG00000072598	1.3113	-0.5349	0.0709	0.1955	-0.3251	0.3147
ENSMUSG00000072707	-0.0084	0.1882	0.4035	0.7058	-0.1182	-0.2177
ENSMUSG00000072718	-0.3895	0.2239	-0.0568	0.4834	-0.0951	-0.3053
ENSMUSG00000072789	-0.1527	-0.3827	-0.3293	-0.1143	0.4612	-0.5032
ENSMUSG00000072949	-0.1882	0.0700	1.2004	-0.6527	-0.0457	0.4799
ENSMUSG00000073422	1.1446	0.6758	1.4958	0.8765	0.7072	0.5873
ENSMUSG00000073436	0.3693	-0.4562	0.5416	0.4583	0.3717	1.1268
ENSMUSG00000073494	-0.5188	0.6665	0.4552	0.4648	0.4369	0.5369
ENSMUSG00000073769	-0.1391	1.2732	0.7957	-0.1004	0.8047	-0.3550
ENSMUSG00000073791	-0.3128	0.5088	0.0367	0.1907	0.2454	0.3493
ENSMUSG00000073792	0.0364	-0.1029	-0.2189	-0.7985	0.2899	-0.2847
ENSMUSG00000073906	0.0058	0.5624	-0.2292	0.1736	-0.5234	0.2226
ENSMUSG00000073907	0.0225	0.2240	-0.5047	0.6902	0.4276	-0.7177
ENSMUSG00000073909	-0.0491	0.7534	0.1343	0.5536	0.8198	0.3020
ENSMUSG00000073914	-0.6314	0.1886	-0.3913	0.4035	0.0417	-0.6282
ENSMUSG00000073920	-0.5112	0.6779	-1.2295	-0.0177	0.4885	0.7323
ENSMUSG00000073923	0.0156	0.3364	-0.4914	-0.0664	-0.1093	-0.2420
ENSMUSG00000073927	0.4466	0.3898	-0.0634	0.1234	-0.6467	-0.4031
ENSMUSG00000073940	-0.4014	-0.0823	-0.8611	0.0325	0.2578	0.1906
ENSMUSG00000073946	-0.0397	0.2814	0.5806	0.2407	0.7697	-0.0332
ENSMUSG00000073948	-0.7006	-0.7542	-1.1717	-0.2062	-0.4443	-0.6377
ENSMUSG00000073950	0.2726	0.8103	1.5839	1.0672	0.5054	1.4796
ENSMUSG00000073955	-0.3122	-0.6220	-0.7441	-0.2501	-0.0711	-0.0189
ENSMUSG00000073960	-0.1231	-0.2218	-0.3386	-0.4897	0.3557	0.0333
ENSMUSG00000073965	0.1152	-0.3480	-0.3340	0.3145	-0.3361	0.2059
ENSMUSG00000073967	-0.1493	0.6245	0.0887	-0.1111	0.1257	0.1205
ENSMUSG00000073971	0.1398	0.8487	0.6817	0.5661	-0.5001	0.0368
ENSMUSG00000073975	1.2645	1.1690	1.1198	0.7816	1.4579	1.2623
ENSMUSG00000073977	0.1311	-0.8658	-0.1865	-0.3082	-0.1818	0.2255
ENSMUSG00000073982	0.6648	0.1698	-0.1166	-0.0165	0.4199	-0.0169
ENSMUSG00000073997	0.2441	0.1932	0.1492	-0.4609	-0.2198	-0.0937
ENSMUSG00000074088	0.3935	0.1904	-0.0674	-0.5233	0.1635	0.2192
ENSMUSG00000074129	-0.6034	-0.4823	-0.1521	0.9107	0.3096	-0.7495
ENSMUSG00000074183	-0.5917	-0.1963	0.3835	0.4018	0.7164	0.1074
ENSMUSG00000074207	0.1703	0.1859	0.4412	-0.6729	-0.3814	-0.8268
ENSMUSG00000074403	1.2381	0.3846	0.8571	1.2229	0.6321	1.8993
ENSMUSG00000074417	-0.3637	0.0017	0.3171	-0.1417	-0.4075	-0.2233
ENSMUSG00000074439	0.6685	0.0895	-0.2799	-0.2884	-0.4045	0.2001
ENSMUSG00000074440	-0.5466	-0.1684	0.1441	-0.1252	0.3784	0.1331
ENSMUSG00000074444	-0.0667	-0.0165	-0.3030	0.4599	0.3431	0.6745
ENSMUSG00000074447	-0.9048	0.2329	0.7074	0.4199	0.5533	-0.6219
ENSMUSG00000074576	0.3651	-0.0618	0.5801	-0.2626	0.4193	-0.2751
ENSMUSG00000074582	-0.4767	-0.2211	0.1202	-0.4171	0.0719	-0.0428
ENSMUSG00000074637	-0.2993	0.7845	0.2609	0.8938	0.3419	0.3341
ENSMUSG00000074639	0.1060	0.4471	-0.1137	-0.2783	0.0540	-0.0331
ENSMUSG00000074677	-0.4269	-0.4710	0.7536	-0.2362	0.2714	0.5472
ENSMUSG00000074695	0.2613	0.4847	0.8122	1.8444	0.6507	2.3726
ENSMUSG00000074715	0.2516	-0.0161	0.1989	0.0586	-0.3674	-0.6417
ENSMUSG00000074743	-0.2311	-0.1865	-0.1214	0.8088	-0.2225	-0.1463
ENSMUSG00000074797	0.2153	-0.2586	0.3905	-0.5093	0.9301	-0.3371
ENSMUSG00000074812	-0.0817	-0.0363	0.0458	0.1522	0.5494	-1.8424
ENSMUSG00000074882	0.8366	0.0618	-0.0258	-0.2857	-0.1216	0.0484
ENSMUSG00000074895	0.2050	-0.3343	-0.0862	-0.2064	0.3527	0.0081
ENSMUSG00000074899	-0.2283	0.6149	0.2717	-0.0180	-0.3359	0.0844
ENSMUSG00000074934	0.2684	0.9337	-0.4477	-0.5458	-0.5108	-0.3788
ENSMUSG00000074946	0.0066	-0.0903	0.2778	0.1933	0.1070	0.0345
ENSMUSG00000074952	0.2716	-0.0343	-0.8004	-0.0206	-0.7658	0.2203
ENSMUSG00000075073	0.6082	1.0697	1.4996	0.0324	0.4513	1.8239
ENSMUSG00000075075	-0.2795	0.0231	-0.4801	0.2887	0.4511	-0.1529
ENSMUSG00000075079	0.5865	-0.0514	-0.6271	0.2376	-0.2251	-0.2069
ENSMUSG00000075086	-0.7154	-0.5447	0.1679	-0.3480	-1.1083	-0.0576
ENSMUSG00000075088	0.1089	0.4153	-0.0062	0.4995	-0.1120	0.5265
ENSMUSG00000075091	0.0757	-0.0851	0.8676	0.4482	0.1119	1.7019
ENSMUSG00000075097	0.6578	-0.2953	-0.5818	-0.5442	-0.1138	-0.7331
ENSMUSG00000075101	-0.2648	-0.2544	0.2285	-0.1212	0.4553	0.1465
ENSMUSG00000075102	-0.4918	0.3555	-0.6629	0.5220	-0.3956	-0.0782
ENSMUSG00000075104	-0.6058	-0.0983	-0.2249	-0.3092	0.2654	-0.5457
ENSMUSG00000075105	-0.0467	-0.5711	0.2238	-0.2123	0.1068	0.1773
ENSMUSG00000075121	-0.1028	0.6612	0.2434	0.4248	-0.3296	-0.2163
ENSMUSG00000075127	-0.1654	0.1099	-1.1105	0.4932	0.1231	-0.6363
ENSMUSG00000075128	0.0767	-0.3551	-0.4801	-0.0950	0.0198	-0.2765
ENSMUSG00000075139	0.0021	-0.3561	-0.5525	0.2999	-0.2867	0.6693
ENSMUSG00000075142	-0.7116	0.4183	-0.4802	0.0334	-0.2335	-0.4932
ENSMUSG00000075144	-0.0537	0.2261	0.3825	0.2054	0.0415	-0.4305
ENSMUSG00000075145	-0.0241	-0.0922	-0.3123	0.0167	-0.2859	-0.0096
ENSMUSG00000075148	-0.2914	0.1917	0.0422	-0.4609	0.7939	0.6061
ENSMUSG00000075151	0.5267	0.6205	0.4313	-0.4864	-0.2474	0.1804
ENSMUSG00000075161	0.5526	0.4900	-0.4835	-0.0856	-0.0327	-0.4583
ENSMUSG00000075163	-0.0267	-0.3335	0.1860	-0.7940	0.3176	0.2799
ENSMUSG00000075174	0.7908	-0.6078	0.2885	-0.9134	0.4406	0.0268
ENSMUSG00000075175	0.1157	-0.4226	-0.5638	0.5557	-0.3650	0.5485
ENSMUSG00000075181	0.1970	-0.3756	0.1811	0.1451	0.8513	0.0104
ENSMUSG00000075186	0.8431	0.6808	-0.1219	-0.6267	-0.0520	-0.8171
ENSMUSG00000075190	0.1974	-0.0658	0.3678	-0.2713	-0.3133	-0.2160
ENSMUSG00000075197	-0.2498	0.1158	0.0855	0.0607	0.1756	0.4748
ENSMUSG00000075200	-0.7940	0.3041	0.3720	-0.5173	0.1664	0.3026
ENSMUSG00000075208	-0.0985	-0.2255	-0.8833	1.2723	0.8425	-0.0268
ENSMUSG00000075214	-0.4267	-1.2500	-0.4480	0.2138	-0.1742	-0.0307
ENSMUSG00000075232	0.3052	0.7395	0.0091	0.0847	0.0687	0.3742
ENSMUSG00000075270	0.5114	-0.0743	0.6617	0.0849	0.0629	0.5535
ENSMUSG00000075276	0.1486	-0.4533	0.7018	-0.1392	-0.4267	0.2321
ENSMUSG00000075318	0.1611	0.0827	0.2452	0.1422	0.4633	0.6928
ENSMUSG00000075382	0.3182	0.4043	0.4551	-0.1757	-0.0787	0.5937
ENSMUSG00000075383	0.0956	0.6878	0.6415	-0.2575	-0.0430	0.1091
ENSMUSG00000075384	0.4606	0.4881	0.2821	-0.3801	-0.0571	-0.0738
ENSMUSG00000075402	0.5076	-0.0588	0.0225	0.0709	0.2299	-0.4485
ENSMUSG00000075419	-0.9089	-0.6910	-1.3971	-1.4106	-0.6411	-0.9126
ENSMUSG00000075605	-0.1641	-0.0537	0.1560	0.3875	0.2525	1.0303
ENSMUSG00000075701	0.0612	-0.2855	-0.0782	0.0618	-0.1419	0.3166
ENSMUSG00000075706	-0.2770	0.5273	0.4839	0.7228	0.2305	0.5651
ENSMUSG00000075826	-0.4110	0.1820	-0.6676	0.1282	0.1020	0.1304
ENSMUSG00000075829	0.4391	1.0457	0.5531	0.2649	1.6225	0.9522
ENSMUSG00000075903	-0.1061	-0.2336	-0.2422	0.0269	0.1133	0.0402
ENSMUSG00000075952	0.0456	-0.5538	0.2149	-0.5984	0.5266	0.4393
ENSMUSG00000075958	-0.1772	-0.3328	-0.5717	-0.3042	-0.3944	-0.3031
ENSMUSG00000076010	0.1171	0.4619	0.1516	-0.2963	0.1247	-0.4242
ENSMUSG00000076066	-0.2714	0.2708	0.4639	0.0250	0.4078	0.2239
ENSMUSG00000076146	0.6443	0.4651	-0.2742	0.0075	0.0186	0.1788
ENSMUSG00000077155	0.3616	-0.5313	-0.6153	0.1957	0.4263	-0.6748
ENSMUSG00000077327	-0.2204	0.0028	-0.2892	0.1838	-0.5763	0.3991
ENSMUSG00000077369	0.0072	-0.2493	0.4407	1.0215	0.0482	-0.0802
ENSMUSG00000077433	0.0354	0.2714	0.2117	0.7913	-0.1292	-0.0669
ENSMUSG00000077461	-0.9791	-0.9706	0.2887	-0.0631	0.0307	-0.4834
ENSMUSG00000077633	0.6920	-0.3152	0.2680	0.1157	-0.1278	0.1923
ENSMUSG00000077668	-0.1014	-0.1774	0.2947	1.1641	-0.3321	-0.2187
ENSMUSG00000077677	-0.3520	-0.3854	0.0037	-0.0545	0.3109	-0.0585
ENSMUSG00000077713	-0.9285	0.2570	-0.0299	0.5360	-0.2545	-0.3087
ENSMUSG00000078202	0.3076	0.5379	0.2947	-0.3041	0.5681	0.4366
ENSMUSG00000078572	0.4011	-0.2937	-0.1309	0.3199	0.4241	-0.1737
ENSMUSG00000078578	-0.3391	0.5327	0.5109	-0.4925	-0.1050	-0.3117
ENSMUSG00000078630	0.0183	0.5025	1.2172	1.1939	1.2527	2.2087
ENSMUSG00000078651	0.1856	0.0127	-0.8332	0.1201	0.8975	1.6081
ENSMUSG00000078735	0.1633	0.3418	0.2260	0.1738	0.2062	-1.0294
ENSMUSG00000078765	-0.6324	0.2735	0.7485	0.4829	-0.3152	-0.0022
ENSMUSG00000078798	0.6099	-0.4267	0.4828	-0.0392	-0.2352	0.3227
ENSMUSG00000078799	0.2946	0.5785	0.4490	-0.1251	-0.5544	-0.4106
ENSMUSG00000078815	0.4093	-0.3475	0.0189	0.5075	-0.0948	0.2861
ENSMUSG00000078817	0.8004	0.6112	1.0811	0.7846	1.8523	1.0178
ENSMUSG00000078908	-0.2439	-0.1818	0.1416	-0.2458	-0.3842	-0.0237
ENSMUSG00000078919	0.3379	-0.2425	0.2236	-0.0449	0.1901	-0.1058
ENSMUSG00000078942	0.0180	-0.3517	-0.5012	-0.0558	0.7394	-0.5647
ENSMUSG00000079101	0.0973	0.4812	-0.6595	-0.2184	0.0250	0.1252
ENSMUSG00000079109	0.0354	-0.5839	1.3519	-0.2282	-0.0340	-0.9683
ENSMUSG00000079168	-0.0482	-0.8455	0.0291	0.3074	0.1773	0.9316
ENSMUSG00000079258	0.0313	0.1336	-0.1148	-0.4012	-0.2455	-0.6433
ENSMUSG00000079293	0.7213	0.6026	1.0842	1.5134	0.9337	1.0362
ENSMUSG00000079434	-1.1322	-0.6301	-0.6841	-1.7271	-1.4045	-1.6498
ENSMUSG00000079440	-0.6374	0.3047	-0.0856	-0.5098	-0.4123	0.1873
ENSMUSG00000079442	-0.1067	-0.1603	0.5362	0.1330	-0.0954	0.1810
ENSMUSG00000079507	-0.3137	-0.8502	-0.1982	0.1037	-0.8034	-0.1788
ENSMUSG00000079525	0.8067	1.5502	1.0799	2.2039	1.3847	2.4946
ENSMUSG00000079547	-0.1399	0.3177	-0.2365	0.4227	0.4398	0.1985
ENSMUSG00000079641	0.4742	-0.5792	0.2115	-0.0700	0.2797	-0.3137
ENSMUSG00000079700	-0.1078	-0.0097	0.2299	0.2743	0.1515	-0.2473
ENSMUSG00000079710	0.2420	-0.1736	0.5971	-0.4020	0.1801	-0.0008
ENSMUSG00000079871	-0.3434	0.1397	-0.2120	-0.2395	0.0967	0.3513
ENSMUSG00000080152	0.9152	-0.0046	0.5620	0.1473	0.0976	0.0620
ENSMUSG00000080662	0.1345	0.6362	-0.4805	0.1716	-0.0002	0.4237
ENSMUSG00000080932	0.4579	-0.3643	0.3696	0.2679	-0.1179	0.0571
ENSMUSG00000080968	-0.1109	0.4443	0.0737	0.3349	-0.1488	0.4352
ENSMUSG00000081260	0.2835	0.6562	0.6084	-0.5121	0.2272	0.2723
ENSMUSG00000081649	0.0208	-0.5024	0.1970	-0.4330	0.2262	-0.0157
ENSMUSG00000081683	-1.1263	0.3858	0.3234	-0.0143	-0.8974	-0.7306
ENSMUSG00000082216	-0.1957	-0.0800	0.6421	-0.1881	0.4333	-0.2754
ENSMUSG00000082361	-0.4325	0.2930	0.8603	-0.2604	-0.4078	0.1580
ENSMUSG00000083138	-0.1796	0.3684	0.1675	0.2138	-0.1397	-0.7024
ENSMUSG00000083361	0.5163	-0.4585	0.6136	-0.6498	-0.6054	-0.1763
ENSMUSG00000083947	0.3046	0.2163	-0.2264	0.1259	-0.0479	0.1268
ENSMUSG00000084454	-0.4755	0.3180	-0.3709	-0.1069	-0.3290	0.0291
ENSMUSG00000084456	-0.1028	-0.4565	0.2448	-0.1113	0.2548	-0.0087
ENSMUSG00000084507	-0.0278	-0.5533	-0.0816	-0.0940	-0.0041	-0.5368
ENSMUSG00000084550	-0.0409	0.2177	0.0883	-0.5375	0.5961	0.0051
ENSMUSG00000084555	-0.1250	-0.0977	-0.1396	0.1073	1.0750	-0.0477
ENSMUSG00000084606	0.3650	0.7184	-0.3999	0.3122	0.0665	0.2997
ENSMUSG00000084647	-0.2209	0.0794	-0.0742	0.3296	-0.9588	0.6104
ENSMUSG00000084696	-0.4068	0.1318	-0.6142	0.6315	0.2182	-0.2171
ENSMUSG00000084927	0.1810	0.1057	-0.0894	0.6460	0.2584	-0.1353
ENSMUSG00000085793	-0.2239	-0.2133	-0.0356	0.4145	-0.1826	-0.0555
ENSMUSG00000086040	-0.1553	-0.0191	0.4044	-0.3451	-0.6957	0.1586
ENSMUSG00000087152	0.4738	-0.7266	-0.3728	-0.3842	-0.0056	-0.4119
ENSMUSG00000087408	0.4341	0.2614	0.3521	0.2312	-0.4156	0.2314
ENSMUSG00000087714	0.5146	0.1196	0.5523	-0.7741	-0.3415	-0.4875
ENSMUSG00000087760	0.1096	-0.1949	-0.2147	-0.2081	0.0211	-0.5692
ENSMUSG00000087761	0.5119	0.1301	0.0532	-0.0979	-0.5022	-0.8271
ENSMUSG00000087832	-0.2975	-0.5269	0.0646	0.2915	-0.4780	0.7720
ENSMUSG00000087875	-0.3408	-0.2425	-0.9753	-0.9429	-1.2799	-1.7666
ENSMUSG00000087922	0.6247	0.5935	-0.5244	0.3526	0.0810	-0.5235
ENSMUSG00000087937	0.3549	0.1805	-0.0870	0.4094	-0.3707	0.4331
ENSMUSG00000087938	-0.2879	0.0688	-0.0611	0.1523	-0.1412	0.3605
ENSMUSG00000088018	-0.0189	-0.8957	-0.6307	-0.5351	-0.1437	-0.3980
ENSMUSG00000088071	-0.2965	-0.2715	0.6675	0.0171	0.1369	0.7442
ENSMUSG00000088088	0.7730	0.3873	0.9539	1.2381	0.6539	1.2876
ENSMUSG00000088154	0.2564	-0.6167	-0.3273	0.1918	-0.0417	-0.6644
ENSMUSG00000088167	-0.1945	-0.0556	-0.7182	0.5380	-0.6002	0.1197
ENSMUSG00000088212	-0.9882	-0.0745	0.2141	0.1883	-0.4104	-0.5928
ENSMUSG00000088276	0.7297	0.3990	0.2331	0.1541	0.4116	0.1236
ENSMUSG00000088281	0.1726	-0.5132	0.5710	0.8508	0.5118	0.3187
ENSMUSG00000088293	0.5450	0.8684	0.0372	0.2943	-0.2328	-0.3942
ENSMUSG00000088394	-0.1304	-0.3143	0.0516	-0.4323	-0.7831	-0.0690
ENSMUSG00000088432	-0.0754	-0.2928	-0.3376	-0.5115	0.2304	-0.2438
ENSMUSG00000088441	0.5835	-0.3583	0.2151	0.6547	0.0716	0.1770
ENSMUSG00000088454	-0.1495	-0.1142	0.1383	0.3409	-0.5771	-0.0795
ENSMUSG00000088458	0.2623	-0.4057	0.1728	-0.2405	-0.1468	0.3547
ENSMUSG00000088499	0.0581	-0.0131	1.0030	0.1151	0.0384	-0.1557
ENSMUSG00000088528	-0.3772	0.3203	-0.0776	0.6922	-0.3887	0.0925
ENSMUSG00000088547	0.4699	-1.0155	0.0019	-0.6851	0.6565	0.5500
ENSMUSG00000088575	0.6534	0.1910	0.7191	-0.4833	0.1067	-0.2630
ENSMUSG00000088620	-0.0740	0.1325	0.1534	0.0597	0.1868	0.0060
ENSMUSG00000088622	-0.7569	-0.2183	0.2347	0.6091	-0.3782	0.4310
ENSMUSG00000088627	0.2220	0.3891	0.8744	0.6963	1.5230	0.7170
ENSMUSG00000088653	-0.7922	0.2709	-0.0919	0.6459	0.7703	-0.4913
ENSMUSG00000088656	-0.0085	-0.5717	-0.1154	-0.6642	1.0951	-0.7659
ENSMUSG00000088668	-0.0481	0.8147	1.0465	0.3882	1.2946	1.3226
ENSMUSG00000088708	0.8933	0.2690	0.7865	1.8462	1.4993	0.8309
ENSMUSG00000088811	0.0255	0.4456	0.0839	-0.4800	-0.3699	0.0411
ENSMUSG00000088914	0.3059	-0.1278	0.6736	-0.7611	0.4959	-0.4248
ENSMUSG00000088935	0.7740	0.7651	-0.3974	-0.1828	-0.0309	-0.5680
ENSMUSG00000088959	0.5321	0.1727	0.1500	-0.4397	0.5453	0.1606
ENSMUSG00000088960	1.2146	0.7549	-0.4424	-0.2428	0.1927	0.0973
ENSMUSG00000088969	0.0508	-0.6107	0.1312	-0.3719	0.6647	-0.2206
ENSMUSG00000088992	0.0022	-0.8134	0.3817	-0.5077	-0.6572	0.2082
ENSMUSG00000089035	0.0232	-0.1835	-0.7415	0.4023	0.2766	-0.7344
ENSMUSG00000089054	0.3409	0.5027	0.0615	0.5714	0.2355	-0.4990
ENSMUSG00000089055	0.1178	0.5790	0.7772	0.2781	-0.0958	0.7139
ENSMUSG00000089074	0.3937	-0.3503	0.1063	0.3771	0.2462	0.4729
ENSMUSG00000089117	-0.1174	-0.3822	-0.2676	-0.1579	0.2404	0.3999
ENSMUSG00000089164	-0.0910	-0.0694	-0.3362	-0.1288	0.1574	-0.4624
ENSMUSG00000089269	0.3004	0.1091	0.6033	-0.4700	0.3273	0.6258
ENSMUSG00000089288	-0.2466	0.5616	-0.3240	-1.0581	0.0715	-0.4531
ENSMUSG00000089372	-0.3612	0.1395	0.1068	0.1071	0.0256	0.0589
ENSMUSG00000089413	0.1777	0.0144	-0.3168	-0.2544	-0.2097	-0.1447
ENSMUSG00000089422	-0.8942	-0.5857	-0.2894	0.5399	0.8048	0.0641
ENSMUSG00000089593	0.1844	0.4510	0.7412	0.1249	0.5414	-0.5985
ENSMUSG00000089695	-0.3827	-0.3196	-0.3613	-0.7232	0.7134	0.0215
ENSMUSG00000089859	-0.1612	0.1050	-0.1777	0.4273	0.2603	0.0134
ENSMUSG00000090035	-0.3046	0.1979	-0.3376	0.2538	1.1577	0.1675
ENSMUSG00000090097	0.4464	-0.2685	0.5735	-0.1262	-0.2650	-0.8175
ENSMUSG00000090124	0.1128	0.2288	-0.0758	0.2488	-0.2860	-0.1082
ENSMUSG00000090129	-0.0146	0.1591	-0.3355	0.1518	0.0192	0.6533
ENSMUSG00000090171	-1.0862	0.2200	-0.7038	0.0534	-0.4210	0.1079
ENSMUSG00000090175	-0.1566	0.3539	0.8254	-0.2672	0.2020	0.2107
ENSMUSG00000090176	-0.0195	-0.2898	0.1087	0.5203	-0.1238	0.0907
ENSMUSG00000090219	0.2505	-0.1039	0.2520	-0.4102	0.3646	-0.0639
ENSMUSG00000090231	0.4400	-0.4942	0.6085	0.0328	0.2227	0.2324
ENSMUSG00000090461	-0.8116	-0.0166	0.0097	-0.4557	0.2135	0.4573
ENSMUSG00000090629	0.0667	-0.0767	-0.5180	0.3950	0.0638	0.5408
ENSMUSG00000090631	0.6217	0.3904	-0.0412	0.3272	0.5343	-0.4995
ENSMUSG00000090738	-0.0135	-0.0618	0.2771	-0.3868	-0.5152	0.3018
ENSMUSG00000090862	-0.0478	0.1787	-0.5246	0.4320	-0.0321	-0.1161
ENSMUSG00000090919	-0.8067	-0.1395	-0.8673	-0.9463	-0.6464	-1.3297
ENSMUSG00000090951	-0.4981	0.1854	0.3627	0.3330	0.2441	0.2714
ENSMUSG00000091091	0.0466	-0.3624	0.1892	0.4914	-0.2528	-0.2230
ENSMUSG00000091174	-0.0118	-0.1100	-0.0182	0.5389	0.0520	0.2878
ENSMUSG00000091285	0.1234	-0.7587	-0.1521	0.4015	-0.1755	0.2483
ENSMUSG00000091318	-0.1947	-0.4992	0.0625	-0.1019	0.2498	0.0003
ENSMUSG00000091531	-0.0394	-0.1804	-0.1979	-0.0560	0.0755	0.5717
ENSMUSG00000091809	0.0454	0.0869	-0.3687	-0.0971	-0.3663	-0.6476
ENSMUSG00000091813	0.5156	-0.0422	0.7329	0.6329	0.1711	0.2382
ENSMUSG00000092009	0.1625	0.3210	-0.4254	0.0809	0.3997	-0.4035
ENSMUSG00000092074	-0.2682	1.0294	0.0878	0.5473	0.5040	0.4378
ENSMUSG00000092743	0.0156	0.2942	-0.0671	-0.3755	0.0832	-0.1433
ENSMUSG00000092807	-0.2179	-0.2343	0.3323	0.1240	-0.1432	-0.2343
ENSMUSG00000093007	0.8220	0.1840	1.5215	0.8045	1.3625	0.8309
ENSMUSG00000093325	0.0764	-0.5699	0.5738	0.1424	-0.7906	0.1973
ENSMUSG00000093674	-0.1374	-0.6599	0.4400	0.4939	0.1157	0.1872
ENSMUSG00000093806	-0.9069	-0.0468	-0.6178	0.3744	-0.3709	-0.1464
ENSMUSG00000093825	0.8053	0.2495	0.4519	-0.5604	0.2684	0.2131
ENSMUSG00000093901	0.2362	0.2901	0.0382	0.1733	0.0357	-0.0163
ENSMUSG00000093934	-0.0274	0.1041	0.4548	0.2731	0.0716	0.1777
ENSMUSG00000093942	0.6039	0.0275	0.7586	0.0919	0.1544	-0.1891
ENSMUSG00000094018	1.1852	0.7501	1.3758	2.3637	1.2787	1.3680
ENSMUSG00000094119	-0.8097	-1.6274	-1.0132	-0.9690	-1.5920	-1.4768
ENSMUSG00000094163	-0.0564	0.2212	0.1958	0.3470	-0.5671	0.5562
ENSMUSG00000094182	0.0882	-0.6701	0.3612	-0.5742	0.1303	0.1919
ENSMUSG00000094192	0.2127	0.1777	0.1163	0.1318	-0.0316	0.3538
ENSMUSG00000094248	0.9998	0.1317	0.3770	0.0785	-0.3501	-0.2209
ENSMUSG00000094269	0.7899	0.5499	0.3960	0.3928	1.3878	0.4165
ENSMUSG00000094338	0.4021	0.0461	-0.0335	0.9698	-0.3570	-0.4090
ENSMUSG00000094426	0.0763	0.8854	0.1732	-0.7378	0.1212	0.0094
ENSMUSG00000094531	-1.1327	-0.5136	-1.0440	-0.1810	-0.9600	-1.8153
ENSMUSG00000094535	0.2935	0.1905	0.3793	-0.4889	-0.0446	-0.4182
ENSMUSG00000094588	0.0130	0.0325	0.4393	-0.0811	0.2954	0.4394
ENSMUSG00000094686	-0.1795	0.6740	0.4119	0.3699	0.6029	0.6476
ENSMUSG00000094721	-0.2021	-0.1523	0.0186	-0.2138	-0.1572	0.8202
ENSMUSG00000094818	0.0746	-0.2634	-0.6471	-0.5850	-1.3416	0.4747
ENSMUSG00000094819	0.1175	0.0359	-0.2167	-0.2712	0.4663	0.1769
ENSMUSG00000094846	0.2132	0.0995	0.1184	0.3152	0.3391	-0.2230
ENSMUSG00000094986	0.2596	0.3931	0.5454	0.1583	-0.0502	0.9555
ENSMUSG00000094995	0.5408	-0.2721	0.1024	-0.2728	0.2806	0.5188
ENSMUSG00000095028	-0.4657	0.1900	0.3076	-0.0737	0.2363	-0.0253
ENSMUSG00000095066	0.1642	-0.3931	-0.4113	0.1524	0.3880	-0.0908
ENSMUSG00000095187	0.1766	0.3955	0.0673	0.5818	-0.0120	-0.1749
ENSMUSG00000095212	0.0393	-0.4683	0.5576	-0.2767	0.5935	0.8274
ENSMUSG00000095218	-0.0890	0.0559	0.6966	-0.0236	0.0058	-0.7831
ENSMUSG00000095234	0.1656	0.4542	0.0533	0.5283	-0.7907	-0.4025
ENSMUSG00000095236	1.1783	0.6834	-0.4490	-0.1254	0.1418	0.2990
ENSMUSG00000095286	-0.2422	0.2208	-0.5788	-0.4642	-0.4272	-0.6224
ENSMUSG00000095390	-0.1418	-0.9175	-0.0725	-0.0296	-0.2241	0.2686
ENSMUSG00000095483	0.0351	-0.3179	-0.2907	-0.2421	0.1779	-0.1476
ENSMUSG00000095525	0.2413	-0.1995	-0.1386	0.3294	0.5202	0.0345
ENSMUSG00000095569	-0.1257	-0.3209	0.5998	-0.3612	0.4017	0.1863
ENSMUSG00000095586	0.4551	0.4507	-0.2035	-0.6000	-0.0871	-0.0740
ENSMUSG00000095647	0.1364	0.4202	-0.4190	0.0761	-0.0978	-0.2445
ENSMUSG00000095662	-0.5700	-0.3436	-0.5484	0.4320	-0.0497	0.6977
ENSMUSG00000095667	-0.4397	0.3752	0.0017	0.3460	-0.4655	0.4826
ENSMUSG00000095765	0.6610	-0.5266	-0.3689	0.5381	-0.0697	0.1667
ENSMUSG00000095774	0.1576	-0.1560	-0.0458	0.5020	0.2385	0.2298
ENSMUSG00000095788	0.0719	0.5117	0.4610	-0.1132	0.1279	-0.0158
ENSMUSG00000095804	-0.5026	-0.8030	-0.2287	0.1367	-0.2050	-0.2852
ENSMUSG00000095839	0.4954	-0.0469	-0.4126	-0.2255	0.4623	-0.6531
ENSMUSG00000095901	0.3295	0.0852	-0.3657	0.4831	0.0785	-0.5522
ENSMUSG00000095903	-0.0657	0.8003	0.0654	-0.5390	0.0656	-0.4024
ENSMUSG00000095917	-0.7413	-0.1203	-0.2888	0.4477	0.5648	0.0825
ENSMUSG00000095928	-0.2413	-0.1870	-0.2359	-0.6926	-0.5951	0.1821
ENSMUSG00000095941	0.2642	-0.6086	-0.2820	0.3016	0.0912	-0.0462
ENSMUSG00000095957	0.6343	0.6440	1.5110	1.2998	0.4217	1.0165
ENSMUSG00000096009	-0.0466	-0.0454	0.3962	0.7201	-0.8391	0.4580
ENSMUSG00000096141	0.4130	-1.0688	-0.8572	0.2235	-0.5860	0.5498
ENSMUSG00000096151	-0.5852	-0.3991	0.1250	0.4007	0.5513	-0.2450
ENSMUSG00000096195	-0.5176	-0.3120	0.3673	-0.2646	0.1194	-0.0427
ENSMUSG00000096229	0.0434	-0.5095	-0.1493	0.1568	-0.0403	-0.0001
ENSMUSG00000096255	0.4103	0.1131	0.0339	-0.3381	-0.1385	-0.5081
ENSMUSG00000096273	0.3495	0.4661	-0.0854	1.2091	0.2855	-0.1800
ENSMUSG00000096289	1.3049	0.6686	1.1663	1.0239	1.8851	1.1515
ENSMUSG00000096295	-0.0464	-0.1211	0.9074	0.7249	-0.6926	-0.6734
ENSMUSG00000096409	0.0971	0.1992	0.6331	-0.0990	0.2293	-0.3270
ENSMUSG00000096436	0.3644	-0.0773	-0.6277	-0.2663	-0.4937	-0.6226
ENSMUSG00000096485	-0.2987	0.0149	-0.2561	0.1581	0.3485	-0.1807
ENSMUSG00000096549	-0.6497	-0.0821	-0.1170	-0.0812	-0.5509	0.2925
ENSMUSG00000096554	0.5120	-0.1485	-0.1484	0.1790	0.2106	-0.3519
ENSMUSG00000096695	-0.1161	0.0153	0.1873	0.6589	-0.0548	0.5776
ENSMUSG00000096747	-0.0615	0.0207	-0.2284	-0.3294	0.0456	-0.0565
ENSMUSG00000096763	1.1030	0.5260	-0.5019	-0.1653	-0.4201	-0.6082
ENSMUSG00000096773	0.6881	0.3782	-0.3216	0.1856	-0.2220	-0.0138
ENSMUSG00000096822	-0.2099	-0.6040	-0.3051	-0.1006	-0.1205	-0.1250
ENSMUSG00000097328	-0.2007	-0.5691	-0.2281	-0.2827	-0.1825	0.4181
ENSMUSG00000098274	0.2046	0.0741	0.6080	-0.2740	-0.3416	0.4253
ENSMUSG00000099974	-0.1442	0.2470	0.8678	-0.2793	0.1970	-0.3311
ENSMUSG00000100016	-0.4244	0.1155	0.7830	0.4289	-0.5198	0.3772
ENSMUSG00000100200	0.1932	-0.1162	0.1233	0.0275	-0.0139	0.6127
ENSMUSG00000100241	-0.3808	0.4687	-0.3645	-0.2614	-0.3812	0.1138
ENSMUSG00000100324	0.1687	1.4597	0.0978	-0.3520	0.8940	0.2534
ENSMUSG00000100448	-0.6200	-1.3136	0.0134	-0.1309	0.2210	-0.1501
ENSMUSG00000100751	0.3171	-0.1150	0.0951	-0.2914	-0.3134	0.1680
ENSMUSG00000101312	-0.3418	0.5049	-0.0021	-0.1640	-0.2178	0.1726
ENSMUSG00000101391	-0.3440	-0.1599	-0.5691	0.1301	0.7128	-0.6419
ENSMUSG00000101427	0.8421	0.1308	-0.2840	-0.1404	0.8767	-0.1656
ENSMUSG00000101480	0.6188	-0.5200	0.3112	0.1814	0.4890	-0.4319
ENSMUSG00000101605	1.7090	1.3941	1.4177	1.9066	1.3602	2.0699
ENSMUSG00000101918	0.7338	0.3954	-1.1095	0.2222	0.4031	-0.7774
ENSMUSG00000102091	-0.4580	-0.4711	-0.0691	-0.4838	-1.6955	-1.1682
ENSMUSG00000102439	-0.3492	0.3240	0.7674	-0.6081	-0.5245	0.6489
ENSMUSG00000102692	-0.2682	0.1202	0.3891	-0.3773	-0.3332	0.1525
ENSMUSG00000103243	0.5251	-0.3399	-0.5355	0.5247	-0.4782	-0.2069
ENSMUSG00000103523	0.9539	0.4688	0.2035	0.1138	0.0937	-0.2750
ENSMUSG00000105078	-0.3739	-0.1666	0.4201	-0.2479	0.2705	0.5848
ENSMUSG00000105827	1.0407	-0.6254	-0.3627	0.5716	-0.0499	-0.2011
ENSMUSG00000106348	0.2059	-0.2264	0.1346	-0.3810	-0.4419	-0.3566
ENSMUSG00000106350	0.3162	-0.4619	-0.5864	-0.5887	-0.5137	-0.5696
ENSMUSG00000106493	0.2634	0.4171	-0.1974	0.2359	0.5763	0.2614
ENSMUSG00000106677	-0.4424	0.5629	-0.1419	-0.4379	0.0586	0.2184
ENSMUSG00000106918	-0.8091	-0.2919	0.3257	-0.2600	0.4203	-0.5533
ENSMUSG00000107711	0.1700	0.3745	0.3234	-0.6694	-0.4514	-0.3801
ENSMUSG00000108114	-0.2912	0.3989	-0.6063	-0.0064	0.0635	-0.0466
ENSMUSG00000108265	-0.4346	-0.2103	-0.5157	-0.7846	-0.3818	0.4338
ENSMUSG00000108919	-0.5319	0.0916	0.0796	0.6043	0.0198	0.3139
ENSMUSG00000108995	0.2165	0.8537	0.4399	-0.2632	0.1667	0.4977
ENSMUSG00000109219	-0.0233	0.1174	0.4577	-0.1951	0.5004	0.1106
ENSMUSG00000109322	-0.1002	-0.0474	0.1019	0.1076	-0.0633	-0.5703
ENSMUSG00000109340	-0.0238	-0.2215	0.6115	-0.2417	-0.0307	0.5118
ENSMUSG00000109376	0.1984	0.5249	-0.3037	-0.2490	0.0068	0.2371
ENSMUSG00000109389	-0.7518	0.0727	0.4925	0.3242	-0.7061	0.2717
ENSMUSG00000109449	-0.8660	-0.6568	0.2648	0.3674	1.2340	-0.0355
ENSMUSG00000109520	-0.2690	-0.5789	0.0745	0.6430	-0.0949	-0.4037
ENSMUSG00000109801	-0.1366	0.9298	0.4490	-0.3361	-0.4068	-0.8212
ENSMUSG00000109806	0.0535	0.4064	0.8273	0.6608	1.6607	1.3286
ENSMUSG00000109941	0.1927	0.2052	-0.3840	-0.2478	0.0649	0.0343
ENSMUSG00000110195	-0.7106	-0.4345	-0.6979	0.3137	0.4696	-0.3429
ENSMUSG00000110621	0.0152	-0.2462	0.1996	-0.2307	0.0990	0.3043
ENSMUSG00000110912	-0.3464	0.1368	-0.1919	0.2795	0.0724	-0.3625
ENSMUSG00000110991	0.0884	0.5566	-0.0754	0.0603	0.1029	0.9729
ENSMUSG00000111338	-0.1631	0.4174	0.3046	0.3008	0.1842	-0.6022
ENSMUSG00000111454	0.1246	-0.8250	-1.2571	-1.3516	-0.8556	-1.4352
ENSMUSG00000111456	0.5915	-0.0778	-0.8790	0.1524	-0.3482	0.1290
ENSMUSG00000111715	-0.3870	-0.0951	-0.0907	0.0915	0.7576	0.0183
ENSMUSG00000111732	-0.0753	0.1190	0.4915	-0.5837	0.5540	0.3566
ENSMUSG00000111747	-0.0532	0.1214	-1.1852	0.0590	-0.0277	0.0175
ENSMUSG00000111772	-0.0761	-0.7406	0.4622	0.6042	-0.1206	0.1801
ENSMUSG00000111863	-0.1947	0.3733	-0.1284	0.8144	-0.4154	0.2603
ENSMUSG00000111869	0.3378	0.2132	0.6715	-0.3428	-0.1945	0.1568
ENSMUSG00000112023	0.6443	0.4396	0.6430	-0.0879	0.2219	-0.2123
ENSMUSG00000112027	-0.2175	0.1984	-0.0502	0.2346	0.2543	-0.2640
ENSMUSG00000112051	0.0111	0.5272	0.0718	0.5390	0.4512	0.6114
ENSMUSG00000112148	-0.4435	0.1809	0.4082	0.2775	0.3268	0.6192
ENSMUSG00000112697	0.4784	0.9715	0.1773	0.5679	0.4827	0.5137
ENSMUSG00000112919	-0.8870	0.4212	0.9230	1.0822	-0.2415	0.4186
ENSMUSG00000113198	-0.5090	-0.3011	0.5100	0.2609	-0.0113	0.0939
ENSMUSG00000113237	0.0721	0.2538	-0.1698	0.3473	-0.1334	0.1985
ENSMUSG00000113247	-0.5940	0.2552	0.2804	-0.5539	-0.0339	-0.0780
ENSMUSG00000113902	-0.1511	-0.8241	0.2894	0.3600	0.1198	-0.5777
ENSMUSG00000114456	-0.0906	-0.4871	-0.1592	-0.2455	-0.2826	0.0860
ENSMUSG00000114755	-0.1097	0.1009	0.1050	0.3231	0.1173	0.7681
ENSMUSG00000114797	-0.0378	-0.7692	0.3544	0.0939	-0.1085	-0.1918
ENSMUSG00000115958	1.3251	1.3788	0.8971	0.5832	1.5071	0.7491
ENSMUSG00000116648	0.1880	0.3787	0.0966	-0.1176	0.9086	-0.3791
ENSMUSG00000117406	-0.2778	-0.5399	-1.3221	-0.0205	-0.8556	0.4562
ENSMUSG00000118525	0.7726	-0.5271	-0.2020	0.1227	0.1806	-0.7480
ENSMUSG00000118698	-0.1266	-0.5422	-0.0137	0.5990	-0.3271	-0.1518
ENSMUSG00000118708	-0.8094	0.6848	0.5515	0.4157	-0.0363	-0.5066
ENSMUSG00000118721	0.2237	-0.2024	-0.7060	0.4806	-0.1925	-0.1087
ENSMUSG00000118727	0.3384	-0.0706	0.8172	0.1300	0.4955	0.2108
ENSMUSG00000118736	0.5943	0.5281	-1.1447	0.3704	-0.1900	0.3303
ENSMUSG00000118743	0.4302	-0.4403	-0.7479	0.0925	0.0030	-0.7086
ENSMUSG00000118746	0.2447	-0.6398	-0.1136	0.6487	-0.0140	0.0412
ENSMUSG00000118759	-0.0905	0.0274	-0.7641	-0.1575	0.2213	0.0762
ENSMUSG00000118768	-0.1102	0.0576	-0.0933	-0.5646	1.0978	0.4236
ENSMUSG00000118770	0.3084	-0.8502	0.1076	0.4901	-0.3902	-0.7597
ENSMUSG00000118782	-0.6902	-0.7053	-1.5985	-0.8899	-1.3676	-1.6929
ENSMUSG00000118798	-0.4013	0.1918	0.3260	-0.3093	0.3794	-0.7072
ENSMUSG00000118809	0.0874	0.3388	0.1715	-0.6047	0.0331	-0.0288
ENSMUSG00000118811	0.0769	0.1436	0.5185	-0.0506	-0.7390	0.0938
ENSMUSG00000118813	0.2262	0.1858	0.1593	-0.2014	0.6257	0.3486
ENSMUSG00000118827	-0.3558	0.5391	0.1482	-0.4423	0.0127	0.1110
ENSMUSG00000118838	0.3646	0.2879	-0.6316	-0.4192	-0.2881	0.2104
ENSMUSG00000118839	-0.5739	-0.1960	0.0627	0.4994	-0.5840	-0.3481
ENSMUSG00000118864	0.2404	-0.3952	-0.3092	0.9191	-0.5575	0.0438
ENSMUSG00000118865	0.4298	-1.2078	0.2835	0.5028	0.4075	0.0310
ENSMUSG00000118868	0.3389	0.0122	-0.0059	0.9011	0.1717	-0.1731
ENSMUSG00000118881	-0.0094	-0.5310	0.6107	0.2475	0.0996	-0.0851
ENSMUSG00000118894	-0.3202	-0.2342	-0.5805	-0.4186	-0.4064	0.1664
ENSMUSG00000118913	0.2961	-0.0297	-0.4568	0.3542	0.1791	-0.3264
ENSMUSG00000118917	0.2135	-0.8450	-0.4494	-0.2325	0.0536	0.2486
ENSMUSG00000118919	0.0054	-0.3760	-0.1208	-0.2233	-0.8209	0.1983
ENSMUSG00000118920	-0.5994	-0.7198	0.2108	-0.7995	0.8193	-0.3207
ENSMUSG00000118937	0.5312	1.0922	1.0457	1.0851	1.6120	1.7273
ENSMUSG00000118945	-0.8941	-0.6867	-0.6503	-0.5342	-0.4097	-1.1216
ENSMUSG00000118952	0.3315	-0.3181	-0.0450	0.1887	0.3541	0.1222
ENSMUSG00000118968	-0.5727	0.4181	-0.6511	-0.2737	0.5053	-0.1120
ENSMUSG00000118970	-0.0230	0.3886	0.4379	-0.1819	0.6127	-0.1924
ENSMUSG00000119009	0.6524	-0.2568	-0.8492	-0.2019	1.1751	-0.1574
ENSMUSG00000119012	0.8989	0.4148	0.5175	1.3556	0.2571	1.3072
ENSMUSG00000119014	0.6842	0.3292	0.0982	-0.0005	0.2147	0.1779
ENSMUSG00000119019	-0.3138	0.4915	-0.2640	0.8385	0.0433	-0.0282
ENSMUSG00000119024	-0.1696	-0.5917	-0.2345	-0.8221	-0.9352	0.4203
ENSMUSG00000119039	0.0698	-0.4721	-0.6892	0.6591	-0.5531	0.0094
ENSMUSG00000119040	0.6310	0.5810	-0.9488	0.0258	0.0500	0.1576
ENSMUSG00000119045	-0.8224	-0.6915	-0.6833	-0.9123	-1.0955	-0.8911
ENSMUSG00000119049	0.2434	-0.6312	-0.3867	-0.4149	-0.2824	-0.5958
ENSMUSG00000119078	0.1410	-0.0424	0.0041	0.2152	0.0016	0.2978
ENSMUSG00000119084	0.3586	0.2589	0.2658	0.0905	-0.2922	-0.7194
ENSMUSG00000119089	-0.0887	-0.1984	-0.4308	0.4808	-0.7538	0.4549
ENSMUSG00000119092	0.3442	0.6997	1.5617	0.8424	1.4975	1.5866
ENSMUSG00000119122	-0.1058	0.1507	0.4231	-0.4405	-0.3340	0.1225
ENSMUSG00000119142	-0.0416	-0.8471	-0.3677	-0.3800	0.1031	0.6819
ENSMUSG00000119153	0.2810	0.3843	-0.0810	-0.5880	0.4359	0.6568
ENSMUSG00000119168	0.6956	0.6467	-0.1557	-0.3727	-0.1362	-0.8830
ENSMUSG00000119171	-0.9381	0.1716	-0.2016	-0.2662	-0.7579	-0.0132
ENSMUSG00000119190	-0.1221	0.3204	0.5458	-0.7199	0.5837	-0.5782
ENSMUSG00000119194	0.0970	0.3655	-0.1610	0.0836	0.2006	0.3523
ENSMUSG00000119206	-0.3102	0.1256	0.0775	0.1829	-0.3669	-0.2294
ENSMUSG00000119216	0.2547	-0.5009	-0.0671	-0.2864	0.5497	-0.0113
ENSMUSG00000119217	-0.0039	0.1560	0.4123	-0.3940	-0.3832	0.1299
ENSMUSG00000119227	-0.1173	-0.4148	-0.1015	0.3460	0.1872	-0.1222
ENSMUSG00000119240	0.3681	-0.2691	-0.3089	-0.1440	-0.3065	0.1082
ENSMUSG00000119241	0.3052	-0.0726	0.5931	0.8915	1.3631	1.8060
ENSMUSG00000119257	0.4662	-0.7397	0.1367	0.4520	0.6917	-0.7560
ENSMUSG00000119260	0.5282	-0.2012	0.4212	0.6804	-0.1815	-0.3549
ENSMUSG00000119262	0.2513	0.2274	0.2304	-0.1566	-0.4551	0.5926
ENSMUSG00000119277	0.0205	-0.2496	0.0615	0.1221	-0.0162	-0.2520
ENSMUSG00000119286	0.9627	0.0744	0.4892	0.2160	-1.1522	0.1458
ENSMUSG00000119290	-0.8576	-0.3841	-0.4506	-0.5139	-0.1948	0.4409
ENSMUSG00000119299	-0.5478	0.0160	-0.1430	0.0006	-0.6652	0.3897
ENSMUSG00000119310	-0.1693	-0.7070	0.0989	0.0707	-0.2698	-0.0832
ENSMUSG00000119318	-0.3056	-0.5350	-0.5648	0.8402	-0.1145	0.0138
ENSMUSG00000119325	0.4326	-0.5798	0.2569	-0.4539	0.0037	0.4075
ENSMUSG00000119334	0.6118	0.1542	-0.6180	-0.4059	-0.1464	0.0324
ENSMUSG00000119356	-0.0295	0.6859	0.0850	-0.5465	-0.6095	0.0885
ENSMUSG00000119360	-0.8074	0.5506	-0.1943	-0.4351	0.5652	0.6137
ENSMUSG00000119376	0.0195	-0.0734	0.1268	-0.3561	0.7916	0.2678
ENSMUSG00000119380	0.0149	0.0060	0.3273	0.5772	-0.1158	0.0748
ENSMUSG00000119396	-0.7674	-0.2917	0.4656	-0.1948	-0.7061	-0.5031
ENSMUSG00000119402	0.5696	0.2137	0.1836	-0.0059	-0.1986	0.3171
ENSMUSG00000119403	-0.0782	0.1000	0.7466	0.1807	0.0054	-0.1707
ENSMUSG00000119414	-0.3392	0.2209	0.2162	0.1912	0.2291	-0.4714
ENSMUSG00000119427	-0.1278	0.4822	-0.0828	0.0274	-0.5588	-0.1866
ENSMUSG00000119430	-0.3188	0.9937	0.1905	-0.1478	-0.4221	0.1423
ENSMUSG00000119459	0.2028	-0.3554	-0.5245	-0.7968	-0.0236	0.7505
ENSMUSG00000119471	-0.3641	-0.3972	-0.1231	-0.2842	-0.1641	-0.0612
ENSMUSG00000119473	-0.1230	-0.7896	-0.1384	-0.4224	-0.1242	-0.0773
ENSMUSG00000119476	-0.1685	0.0096	-0.5963	0.3454	0.6066	-0.0234
ENSMUSG00000119482	0.7462	0.5767	0.4452	0.1051	0.8403	-0.6347
ENSMUSG00000119503	0.5543	-0.0566	0.1662	0.5439	0.6983	-0.3625
ENSMUSG00000119546	0.3146	-0.4023	0.6217	0.3205	0.0810	-0.9236
ENSMUSG00000119552	-0.0938	0.4294	0.6473	-0.5245	-0.1651	0.1804
ENSMUSG00000119567	-0.1578	0.2435	-0.0120	-0.1810	-0.5860	0.1886
ENSMUSG00000119582	-0.8049	1.0224	0.0030	0.3352	0.0149	0.3320
ENSMUSG00000119586	-0.3424	0.3384	0.7537	0.3192	0.3835	-0.6620
ENSMUSG00000119594	0.3411	-0.7032	0.3631	0.1361	0.0151	0.0809
ENSMUSG00000119614	-0.2474	-0.3448	0.4357	-0.4477	-0.3721	0.2854
ENSMUSG00000119615	0.4613	0.0517	0.0504	-0.0541	0.0859	-0.3423
ENSMUSG00000119654	0.2167	-0.2196	-0.4231	0.0979	-0.2983	0.3476
ENSMUSG00000119661	-0.5577	-0.0303	0.7452	-0.1016	0.3153	0.3142
ENSMUSG00000119668	0.9211	-0.3477	0.8233	-0.9661	-0.5404	-0.2948
ENSMUSG00000119673	-0.4534	-0.0853	0.3902	0.4483	0.4249	0.4327
ENSMUSG00000119692	-0.4266	-0.0343	-0.0761	0.3327	0.2261	0.2326
ENSMUSG00000119719	0.4026	-0.2378	0.4581	0.5334	-0.0328	-0.6854
ENSMUSG00000119735	0.1859	0.3417	1.3042	0.4429	-0.8464	-0.0751
ENSMUSG00000119738	-0.2537	-0.3804	-0.7817	0.4268	-0.1823	0.6312
ENSMUSG00000119744	0.3516	-1.0181	-0.6416	0.1607	0.1038	0.5590
ENSMUSG00000119754	-0.5796	-0.5350	-0.3163	-0.4634	0.3194	-0.6509
ENSMUSG00000119755	0.3679	0.7339	0.0909	0.0751	0.0053	0.8728
ENSMUSG00000119756	0.8442	0.2605	0.0958	0.0516	0.7035	0.4833
ENSMUSG00000119759	0.2459	0.4647	0.0942	-0.3411	-0.0813	-0.6594
ENSMUSG00000119774	0.2739	-0.1325	0.9407	0.2518	-0.8895	0.9358
ENSMUSG00000119776	0.7096	0.2479	-0.4920	0.2389	0.1490	-0.3881
ENSMUSG00000119780	-0.8254	-0.7977	-0.4224	-0.6270	-0.9532	-1.4592
ENSMUSG00000119782	1.2678	0.1924	0.3419	0.2088	0.0054	0.0957
ENSMUSG00000119797	0.1441	-0.0112	0.1693	-0.5638	0.2678	-0.5133
ENSMUSG00000119801	-0.3353	-0.9491	-0.4933	-0.0417	-0.5632	-0.0831
ENSMUSG00000119802	0.0345	0.1156	-0.2937	-0.5332	-0.1378	-0.2540
ENSMUSG00000119807	-0.7355	0.2990	0.6776	-0.0098	-0.0084	-0.4152
ENSMUSG00000119825	-0.6818	-0.4801	0.1486	0.5194	0.3175	-0.4072
ENSMUSG00000119833	0.3915	0.0768	-1.2082	-0.0561	-0.3928	-0.1428
ENSMUSG00000119838	0.9517	0.0619	0.3940	-0.1104	0.0530	0.1279
ENSMUSG00000119845	0.5460	-0.1334	0.4576	-0.2081	0.1482	-0.2339
ENSMUSG00000119848	0.4254	0.1713	-0.8595	-0.4099	-0.3324	0.3713
ENSMUSG00000119861	-0.5761	-0.3696	0.0967	0.0502	-0.8931	-0.5526
ENSMUSG00000119869	0.6095	0.2547	0.2068	1.2509	1.1800	1.4183
ENSMUSG00000119876	0.2292	-0.4850	-0.3232	-0.5795	-1.1822	-0.0410
ENSMUSG00000119880	0.2981	0.7469	0.1690	1.1197	1.0218	1.7833
ENSMUSG00000119903	-0.0561	0.6301	-0.0959	-0.2058	0.1397	0.0672
ENSMUSG00000121441	-0.1809	0.7016	-0.7017	0.0260	0.3484	0.1711
ENSMUSG00000121801	-0.1794	-0.1097	-0.7482	0.8269	-0.3427	-0.0968
ENSMUSG00000133207	0.3442	-0.2896	-0.7116	-0.2553	0.6100	-0.1834
ENSMUSG00001118662	-0.0671	-0.1471	-0.2288	-0.3174	0.2915	-0.2570
ENSMUSG00001118668	0.2099	-0.5269	-1.0515	0.6195	0.1499	-0.0317
ENSMUSG00002074955	-0.5559	-0.5701	-0.0821	-0.4485	-0.6252	-0.1126
ENSMUSG00002075443	-0.4671	-1.4820	-1.3067	-1.4655	-0.8755	-1.0955
ENSMUSG00002076013	-0.7230	-0.6636	-0.4728	-0.2153	1.2083	-0.9374
ENSMUSG00002076020	-0.1010	-0.3187	0.3318	-0.3661	-0.8319	-0.3107
