#CHR	start	end	T00h	T02h	T06h	T12h	T18h	T24h
1	40098	40498	-0.1143	0.1536	-0.1026	0.7611	0.6654	-0.0459
1	60000	60400	-0.3096	0.2624	-0.0683	0.4886	-0.2826	-0.3134
1	129499	129899	-0.0957	-0.1797	-0.1881	-0.3045	-0.0931	0.0142
1	180000	180400	-0.3622	0.1446	0.0454	-0.6588	0.0093	-0.0697
1	249499	249899	0.9513	1.2350	1.4294	1.4289	1.4829	1.9084
1	300000	300400	0.4605	-0.9533	0.5380	0.3687	-0.0468	0.1511
1	400098	400498	-0.5967	0.0526	0.0004	-0.6113	0.2193	0.6376
1	420000	420400	-0.1630	0.4823	-0.6140	0.6478	0.1541	-0.0915
1	489499	489899	0.1190	-0.4769	-0.5144	-0.1921	0.3528	0.3772
1	540000	540400	0.4678	-0.2663	0.2497	-0.0789	0.2633	0.0791
1	609499	609899	-0.0372	0.6742	-0.1106	0.4130	0.1630	-0.3085
1	660000	660400	0.3191	-0.5208	-0.0546	0.6341	0.3153	0.3613
1	760098	760498	-0.2248	0.1022	0.1522	0.4067	0.4581	0.1844
1	780000	780400	0.1230	0.3372	-0.0501	0.2741	0.1760	-0.0994
1	849499	849899	-0.3615	0.3020	0.3829	-0.5447	0.2922	0.0899
1	900000	900400	0.1509	-0.3529	-0.0483	0.2118	-0.1568	-0.4892
1	969499	969899	0.5431	0.8264	0.8878	1.9847	1.6974	1.7764
1	1020000	1020400	0.3584	0.2477	0.2914	0.0243	0.2302	0.1161
1	1120098	1120498	0.0839	0.0047	0.1004	0.0735	-0.0981	0.5270
1	1140000	1140400	0.0476	0.2857	-0.2940	0.0125	-0.1011	-0.3177
1	1209499	1209899	0.1298	-0.4992	-0.5470	0.4359	-0.2150	0.0817
1	1260000	1260400	0.1922	-0.1679	-0.0070	-0.8818	-0.8935	-0.0161
1	1329499	1329899	0.1351	0.7794	-0.1170	0.0306	-0.0945	0.0002
1	1380000	1380400	0.7866	-0.4382	0.2775	0.2464	-0.5069	-0.3286
1	1480098	1480498	0.3560	-0.1294	0.1065	-0.1926	-0.7413	-0.3201
1	1500000	1500400	-0.2756	-0.5363	-0.4423	0.3786	0.2729	-0.4307
1	1569499	1569899	-0.3711	0.3095	-0.4475	0.1233	-0.5056	-0.0930
1	1620000	1620400	0.0838	0.0030	0.0148	0.2489	-0.6057	-0.0260
1	1689499	1689899	-0.0674	-0.6102	-0.5835	0.0704	-0.2373	-0.1965
1	1740000	1740400	-0.0227	0.0520	-0.1626	-0.4671	-0.3274	-0.0169
1	1840098	1840498	0.1613	0.3505	0.0292	-0.0348	0.1063	-0.2489
1	1860000	1860400	-0.1592	0.0705	0.1141	0.1723	0.1635	-0.2546
1	1929499	1929899	0.0114	-0.1434	-0.5503	0.0835	0.0568	0.2854
1	1980000	1980400	0.0889	0.4863	0.6128	-0.0995	-0.6280	-0.2812
1	2049499	2049899	0.3474	-0.4054	0.2492	-0.1116	-0.2746	-0.0961
1	2100000	2100400	0.5536	0.2663	-0.4636	-0.1046	-0.5395	-0.2097
1	2200098	2200498	0.6005	-0.6982	-0.1798	0.4452	-0.5345	0.3728
1	2220000	2220400	0.3815	-0.0478	-0.2073	0.0180	0.6615	-0.4718
1	2289499	2289899	-0.2920	-0.4050	-0.1957	-0.4132	-0.2282	0.0527
1	2340000	2340400	-0.5246	-0.7253	0.4070	-0.3575	-0.2684	0.2928
1	2409499	2409899	-0.2529	-0.0501	0.0096	0.9858	-0.0804	0.3683
1	2460000	2460400	-0.3691	-0.3286	-0.4267	0.1569	0.1925	-0.2701
1	2560098	2560498	0.4142	-0.0244	-0.0179	0.2661	0.6377	0.0296
1	2580000	2580400	0.5665	-0.0419	-0.6988	0.1805	0.1267	-0.2198
1	2649499	2649899	-1.1751	-0.7723	-1.4860	-1.9759	-2.0321	-1.5422
1	2700000	2700400	-1.4712	0.3135	-0.2940	0.0658	-0.2443	0.0753
1	2769499	2769899	-0.5777	-0.1699	-0.2199	0.0322	-0.4704	-0.4823
1	2820000	2820400	-0.1872	-0.1951	-0.1152	0.0264	0.3780	0.1753
1	2920098	2920498	0.6869	1.0597	1.5548	1.2050	1.2409	1.7297
1	2940000	2940400	0.2342	0.0962	-0.6249	-0.0965	0.0215	0.1870
1	3009499	3009899	-0.8387	0.5609	0.5260	0.2048	-0.0501	0.2496
1	3060000	3060400	-0.6109	-0.0596	-0.3182	-0.6165	-0.0807	-0.4622
1	3129499	3129899	-0.3669	0.4872	1.3081	0.0329	0.2048	0.0155
1	3180000	3180400	0.5671	0.1376	0.3314	0.2823	-0.1237	0.0472
1	3280098	3280498	0.2217	-0.3323	-0.0753	0.2263	-0.4640	0.6143
1	3300000	3300400	0.5634	0.2650	0.4255	0.3791	-0.0070	-0.1077
1	3369499	3369899	-0.3661	-0.3029	0.1811	0.4972	0.2342	-0.1882
1	3420000	3420400	-0.2804	-0.7416	0.2180	-0.1699	-0.0941	-0.0617
1	3489499	3489899	-0.0621	-0.2921	0.1776	0.3776	0.3757	0.0367
1	3540000	3540400	-0.0339	0.0206	0.0679	0.4858	0.1533	-0.1838
1	3640098	3640498	0.3901	1.7738	1.6206	1.3572	1.5184	2.1741
1	3660000	3660400	-0.3214	0.1673	-0.3931	-0.3092	-0.2569	-0.3236
1	3729499	3729899	-0.1624	-0.3117	-0.0040	-0.2382	-0.1088	0.0222
1	3780000	3780400	-0.0115	0.3206	0.1914	-0.6341	0.1294	0.1100
1	3849499	3849899	-0.0765	-0.3195	-0.7251	-0.0704	-0.0542	-0.0402
1	3900000	3900400	0.4360	0.2437	-0.8198	0.1822	-0.8634	0.6104
1	4000098	4000498	1.0483	-0.0281	1.3266	1.4543	1.0492	2.2162
1	4020000	4020400	0.2861	0.3910	-0.0585	-0.0958	0.0785	-0.2958
1	4089499	4089899	-0.0823	0.2489	0.6245	-0.2407	-0.0482	-0.5347
1	4140000	4140400	0.4507	0.9141	0.0038	0.1252	-0.3411	0.2403
1	4209499	4209899	0.9083	0.4247	-0.0472	0.3926	-0.1159	0.4513
1	4260000	4260400	0.3657	0.8113	0.4907	0.2523	-0.8762	-0.1743
1	4360098	4360498	0.0516	0.2824	-0.2368	0.2117	-0.2676	-0.0454
1	4380000	4380400	-0.1661	0.3200	0.3096	0.2582	0.1405	0.2002
1	4449499	4449899	0.9838	1.5857	0.6652	1.0806	1.4027	2.4329
1	4500000	4500400	0.0819	-0.1450	-0.1334	0.5080	0.5149	-0.4794
1	4569499	4569899	-0.1434	-0.1247	-0.3441	-0.0584	-0.3677	-0.0804
1	4620000	4620400	0.2272	0.1342	-0.2658	0.0495	0.0965	0.3954
1	4720098	4720498	-0.0734	-0.2585	0.4406	-0.2511	-0.3152	0.3301
1	4740000	4740400	-0.1511	-0.2778	-0.1107	-0.2532	-0.1053	-0.2255
1	4809499	4809899	-0.9371	-1.7239	-1.0997	-1.3993	-1.3550	-1.7299
1	4929499	4929899	-0.1126	-0.1151	0.4730	0.1957	0.1628	-0.5729
1	5080098	5080498	0.1922	0.5528	0.2504	0.0820	0.4310	-0.8662
1	5169499	5169899	-0.3996	0.2177	0.5650	-0.2460	-0.9012	-0.6163
1	5289499	5289899	-0.0905	0.1211	-0.5116	0.3990	-0.1016	0.0017
1	5440098	5440498	-0.3904	0.1835	0.1780	-0.8403	0.1165	-0.2902
1	5529499	5529899	-0.2325	0.1221	-0.3989	-0.0516	-0.1095	0.2560
1	5649499	5649899	-0.5875	-1.2688	-0.5713	-0.8171	-0.9884	-1.5443
1	5800098	5800498	0.9291	0.5002	0.9361	0.9031	1.1887	1.2812
1	5889499	5889899	-0.2863	-0.4129	0.5316	-0.0294	-0.1392	-0.1777
1	6009499	6009899	0.2966	-0.1691	0.0342	0.2734	0.2192	0.0163
1	6160098	6160498	0.0076	0.1574	-0.2620	-0.1406	0.5262	0.6623
1	6249499	6249899	-0.2325	0.2087	-0.0449	-0.0797	-0.2624	-0.3980
1	6369499	6369899	0.5705	0.8384	1.0721	1.0385	1.0059	1.5096
1	6520098	6520498	-0.4613	0.2450	0.0917	-0.0223	-0.2759	0.2904
1	6609499	6609899	-0.3310	0.0843	-0.1980	0.5381	0.5909	0.0678
1	6729499	6729899	0.3289	-0.0066	0.6753	0.2890	-0.6033	0.0176
1	6880098	6880498	-0.4488	0.2635	-0.2982	0.8391	0.2027	-0.4834
1	6969499	6969899	0.1085	-0.0259	0.1870	0.0293	0.1035	-0.4642
1	7089499	7089899	0.4707	-0.2853	0.1399	0.4727	-0.1212	-0.2453
1	7240098	7240498	-0.3755	-0.4307	-0.6751	0.2673	-0.3484	0.1004
1	7329499	7329899	-0.4310	-0.2134	-0.0395	0.2231	-0.2794	0.0863
1	7449499	7449899	-0.3910	0.3065	-0.0213	0.2554	0.5279	-0.1580
1	7600098	7600498	-0.4237	0.1479	0.2044	-0.2732	-0.1830	0.5297
1	7689499	7689899	-0.3664	0.3437	0.0618	0.2452	-0.0005	-0.1696
1	7809499	7809899	-0.5177	-0.0171	0.0882	0.3431	0.0734	-0.3489
1	7960098	7960498	-0.4963	-0.1650	0.8065	0.2024	-0.1990	-0.2452
1	8049499	8049899	-0.2963	0.1494	0.1106	0.1153	-0.0428	0.1406
1	8169499	8169899	-0.4768	0.0002	0.3382	-0.2053	-0.7297	-0.1790
1	8320098	8320498	-0.0485	0.0256	0.4899	0.0560	-0.0253	0.0069
1	8409499	8409899	0.2246	0.2362	0.1581	0.1719	-0.4377	-0.4738
1	8529499	8529899	-0.0000	-0.3333	0.3517	0.0858	0.2071	0.1973
1	8680098	8680498	-0.2192	0.0584	-0.0312	0.1966	0.3111	0.2523
1	8769499	8769899	-0.0554	0.0469	0.1320	-0.3378	-0.1644	0.4423
1	8889499	8889899	-0.0960	0.3421	0.2889	-0.4685	0.3795	-0.4696
1	9040098	9040498	0.3038	-0.3492	0.2827	0.2608	0.1346	0.1785
1	9129499	9129899	-0.0989	0.7835	-0.4541	0.5502	-0.8832	-0.1092
1	9249499	9249899	0.4268	0.9456	0.2744	-0.5425	-0.6940	-0.3005
1	9400098	9400498	0.1493	0.0623	0.0922	-0.3351	0.4859	0.1902
1	9489499	9489899	-0.0130	-0.1122	-0.1651	-0.6510	-0.3667	-0.5547
1	9609499	9609899	0.2505	0.0028	0.7016	-0.1514	0.0635	-0.2472
1	9760098	9760498	-0.8608	-0.9223	-1.0446	-1.0826	-1.5277	-2.2522
1	9849499	9849899	-0.4793	0.0457	-0.0113	-0.4030	-0.1812	-0.2883
1	9969499	9969899	-0.0841	0.4173	0.2699	0.2677	0.2559	-0.0069
1	10120098	10120498	1.0529	0.8017	1.5027	1.1519	1.5512	2.1931
1	10209499	10209899	-0.4205	-0.0757	-0.0011	0.3035	-0.3096	0.3941
1	10329499	10329899	-0.0387	0.1381	0.4214	0.7189	0.2495	0.3047
1	10480098	10480498	-0.3002	0.2998	0.0287	0.2746	0.0151	-0.2902
1	10569499	10569899	-0.3590	-0.3182	-0.4828	-0.2966	0.4328	-0.0235
1	10689499	10689899	-0.1988	0.4730	0.0174	0.0963	-0.5257	-0.1004
1	10840098	10840498	-0.8651	-0.0901	-0.0851	-0.0136	-0.2284	-0.2586
1	10929499	10929899	0.5038	0.4448	-0.2245	0.1892	0.0186	0.9087
1	11049499	11049899	0.0939	0.2803	0.2293	0.6619	0.3257	-0.4289
1	11200098	11200498	0.5256	0.7517	1.3402	1.6393	1.7209	1.6164
1	11289499	11289899	0.0828	-0.4137	0.1034	-0.2261	-0.5345	-0.1743
1	11409499	11409899	0.3322	-0.0781	-0.4402	-0.3698	0.2116	0.0084
1	11560098	11560498	-0.1866	0.4531	-0.7410	0.1383	-0.0983	-0.1476
1	11649499	11649899	-0.2614	0.0312	-0.4925	-0.5850	0.4986	-0.4815
1	11769499	11769899	0.5480	-0.0754	-0.2095	-0.4710	-0.3706	0.1889
1	11920098	11920498	-0.2439	-0.2279	0.3990	0.1065	0.1255	0.1770
1	12009499	12009899	-0.3154	0.2147	0.3831	0.3128	-0.0214	0.1058
1	12129499	12129899	0.4757	0.7167	0.0207	-0.4601	0.7075	0.4039
1	12280098	12280498	-0.0713	-0.6731	-0.6275	-0.6566	-0.9997	-1.0722
1	12369499	12369899	-0.0973	-0.1564	0.0941	0.2605	-0.4471	0.8218
1	12489499	12489899	0.2007	-0.3296	0.1827	0.0520	-0.3213	0.1397
1	12640098	12640498	0.4384	0.0399	-0.0881	0.3588	-0.0185	0.1724
1	12729499	12729899	-0.0191	-0.0267	-0.2957	0.1536	0.3515	0.0286
1	12849499	12849899	-0.1146	-0.3299	0.0965	-0.1657	-0.2496	-0.2437
1	13000098	13000498	0.2243	0.0569	0.4764	0.0408	0.0265	0.2721
1	13089499	13089899	-0.2595	0.6969	-0.5413	0.3370	-0.0673	0.0050
1	13209499	13209899	-0.6361	-1.5151	-1.9986	-1.1903	-2.2058	-1.8448
1	13360098	13360498	0.0253	-0.0358	0.2438	-0.0718	-0.3764	-0.3368
1	13449499	13449899	0.1736	-0.2934	-0.2010	0.5181	0.9030	0.4743
1	13569499	13569899	0.1216	-0.0475	-0.5344	0.1765	-0.2486	-0.4806
1	13720098	13720498	0.1944	-0.2705	-0.1321	0.1570	-0.0193	0.2290
1	13809499	13809899	0.1728	0.3319	-0.1109	-0.1194	-0.6606	0.4373
1	13929499	13929899	0.3350	0.2049	-0.2227	0.0278	-0.8140	0.2470
1	14080098	14080498	0.3834	0.0510	0.5266	-0.0282	0.1932	0.7214
1	14169499	14169899	-0.2051	-1.2665	-1.8285	-1.5328	-1.6104	-1.8317
1	14289499	14289899	-0.4186	-0.5783	-1.0591	-0.8017	-1.4336	-1.0612
1	14440098	14440498	1.5364	1.3411	0.8722	0.7452	1.3536	1.4338
1	14529499	14529899	-0.0044	-0.0379	0.3221	-0.1713	-0.2592	-0.1520
1	14649499	14649899	1.1730	1.1002	1.1136	1.6703	1.6559	1.8946
1	14800098	14800498	0.0712	-0.3118	-0.2699	-0.0418	0.0729	-0.3659
1	14889499	14889899	-0.4043	-0.3206	-0.2574	0.0629	0.2204	-0.2982
1	15009499	15009899	0.2892	-0.2125	0.1791	0.0637	-0.2111	-0.0221
1	15160098	15160498	-0.2896	0.3761	0.4815	-0.1818	-0.0561	0.3088
1	15249499	15249899	-0.2735	-0.1166	-0.2811	-0.5492	0.8032	0.5525
1	15369499	15369899	-0.5629	0.2554	-0.4336	0.5059	-0.1447	-0.3131
1	15520098	15520498	0.2378	-0.0064	0.5387	-0.2019	0.1271	0.2864
1	15609499	15609899	0.5706	0.4995	0.2558	-0.2951	-0.5168	-0.5684
1	15729499	15729899	0.1733	0.5413	-0.0118	-0.3503	-0.1161	0.2454
1	15880098	15880498	0.2723	-0.0588	0.0545	0.5136	-0.4181	0.5356
1	15969499	15969899	0.7470	1.2657	1.0380	1.6835	1.5495	1.7986
1	16089499	16089899	0.2210	-0.1173	-0.0157	-0.0202	-0.0839	0.4689
1	16240098	16240498	-0.4135	-0.1239	0.1727	0.6199	0.0965	0.2670
1	16329499	16329899	-0.2174	-0.1789	0.6103	0.1153	-0.1528	0.3081
1	16449499	16449899	0.4379	0.0928	1.0341	1.0547	0.7427	0.3431
1	16600098	16600498	0.3221	-0.1031	-0.6355	-0.1758	0.1456	-0.1610
1	16689499	16689899	1.0992	1.1335	0.4948	2.0479	1.3745	1.5034
1	16809499	16809899	-0.2337	0.2255	0.1658	-0.3256	0.6147	0.8232
1	16960098	16960498	0.2841	0.2408	-0.1461	0.5611	0.3309	0.0658
1	17049499	17049899	0.1654	0.1553	0.4796	-0.2650	-0.4409	-0.2034
1	17169499	17169899	-0.0934	0.2704	0.3075	-0.1496	-0.2643	-0.2125
1	17320098	17320498	-0.3720	-0.2084	-0.0955	0.1522	-0.5412	-0.3531
1	17409499	17409899	-0.0245	0.6377	-0.2750	0.2790	-0.2063	0.3166
1	17529499	17529899	-0.7093	-0.2141	-0.3787	0.1845	-0.1941	0.4392
1	17680098	17680498	-0.1583	0.3635	-0.0759	0.4010	-0.2365	-0.5628
1	17769499	17769899	-0.6296	-0.1707	-0.6631	-0.2688	0.2186	0.0223
1	17889499	17889899	-0.3204	0.3721	-0.2861	-0.5453	0.1530	-0.3087
1	18040098	18040498	-0.1234	-0.4269	0.6099	-0.3611	-0.4515	0.3701
1	18129499	18129899	0.2761	-0.0982	-0.2104	0.4735	1.0214	-0.3578
1	18249499	18249899	-0.0224	-0.4364	-0.3144	-0.3529	0.5012	0.4314
1	18400098	18400498	-0.1536	-0.1469	-0.5947	0.0689	-0.1084	0.9505
1	18489499	18489899	-0.5523	0.0525	0.1724	0.0948	0.1052	-0.3298
1	18609499	18609899	-0.6139	-1.0844	-1.9181	-0.7425	-1.2187	-1.8084
1	18760098	18760498	-0.1738	0.4093	0.0872	-0.0110	0.0839	0.3427
1	18849499	18849899	-0.3905	-0.0655	-0.0633	-0.3523	0.1177	0.2815
1	18969499	18969899	1.1451	0.9921	1.5325	0.9325	1.5094	1.7810
1	19120098	19120498	-0.1373	0.1201	-0.0021	0.6745	0.4234	-0.1510
1	19209499	19209899	-0.0861	-0.0402	-0.5701	0.0698	-0.6648	-0.1212
1	19329499	19329899	-0.3295	0.1515	0.3111	0.2967	0.1451	-0.1773
1	19480098	19480498	0.0484	-0.2089	0.1296	0.1155	0.0102	0.0190
1	19569499	19569899	-0.2278	0.1493	-0.1589	-0.6164	-0.7535	-0.0773
1	19689499	19689899	1.4219	1.2218	0.3496	1.1040	1.6010	1.7788
1	19840098	19840498	0.2065	-0.6571	-0.4042	-0.0047	0.2055	-0.3369
1	19929499	19929899	-0.5089	-1.0665	-0.6004	-0.7178	-1.4667	-2.0667
1	20049499	20049899	0.2888	-0.1685	0.1108	0.1305	0.1286	0.0626
1	20200098	20200498	-0.3467	0.2879	0.1709	-0.1348	-0.4455	0.5189
1	20289499	20289899	-0.9137	-0.3064	-1.0098	-0.7849	-0.7989	-1.0034
1	20409499	20409899	0.5305	0.1066	0.1948	0.5897	0.5052	-0.4493
1	20560098	20560498	-0.0975	-0.6767	-0.0415	0.0512	-0.0093	0.3107
1	20649499	20649899	0.6059	0.1428	0.2121	0.4527	-0.3165	0.8305
1	20769499	20769899	-0.5435	0.0665	0.0917	-0.4877	-0.4144	-0.4328
1	20920098	20920498	0.2151	0.1651	0.1761	-0.5483	0.1841	0.4962
1	21009499	21009899	0.0925	-0.1865	-0.7199	-0.4124	0.7053	0.0608
1	21129499	21129899	0.0619	-0.4691	-0.1808	-0.5264	-0.9437	-0.6792
1	21280098	21280498	-0.2152	-0.3473	0.6459	0.0606	-0.0841	-0.1970
1	21369499	21369899	-0.1755	-0.1725	0.0012	0.3983	0.3411	-0.1213
1	21489499	21489899	-0.1373	-0.5087	0.8304	-0.3887	0.3055	-0.3112
1	21640098	21640498	0.4193	-0.2321	-0.0751	0.1809	-0.0395	0.2629
1	21729499	21729899	0.4087	-0.2816	0.3262	0.6425	-0.0133	0.1261
1	21849499	21849899	-0.4893	-0.1573	-0.4272	0.7024	0.1302	0.2907
1	22000098	22000498	-0.0081	0.1942	-0.0515	0.2937	0.5896	0.2833
1	22089499	22089899	-0.0976	0.1374	-0.0688	-0.3382	-0.1078	0.6454
1	22209499	22209899	-0.0573	-0.1243	0.0110	-0.1924	0.0945	-0.4066
1	22360098	22360498	-0.0371	-0.1201	0.2199	-0.2076	0.4952	-0.2912
1	22449499	22449899	-0.2172	0.6542	-0.0276	0.3272	0.3659	0.0808
1	22569499	22569899	-0.1465	0.0804	-0.2561	0.1320	-0.1467	-0.0207
1	22720098	22720498	-0.0255	0.1575	-0.5391	0.1268	0.0734	0.3224
1	22809499	22809899	1.4931	0.9904	1.6732	1.3379	1.4799	1.2645
1	22929499	22929899	-0.3755	-0.1583	-0.0830	-0.0703	0.2650	-0.2894
1	23080098	23080498	0.3901	-0.3989	0.1527	-0.0698	-0.4661	-0.3949
1	23169499	23169899	0.6146	0.0424	-0.1905	0.5138	0.2090	-0.4147
1	23289499	23289899	-0.2734	-0.2008	-0.1377	-0.0330	0.2308	-0.7135
1	23440098	23440498	-0.1154	0.9380	0.2173	0.3672	0.7310	-0.3715
1	23529499	23529899	0.3735	0.4302	-0.0215	-0.1551	-0.0192	-0.4427
1	23649499	23649899	0.0404	0.1354	0.3071	-0.3250	-0.3774	0.2263
1	23800098	23800498	0.8606	1.5127	1.0173	2.0756	1.5536	2.2684
1	23889499	23889899	-0.3620	0.1788	-0.0645	-0.0871	-0.5864	0.0841
1	24009499	24009899	-0.3147	-0.0673	-0.1804	0.0322	0.3647	-0.0160
1	24160098	24160498	-0.5045	-0.0860	0.2356	-0.5517	-0.3430	-0.1358
1	24249499	24249899	0.3150	-0.3814	0.0154	-0.2855	0.2194	0.0702
1	24369499	24369899	-0.1049	0.2133	0.4276	-0.9486	0.6246	-0.2724
1	24520098	24520498	0.3212	-0.0224	-0.1902	0.3512	-0.3441	0.7014
1	24609499	24609899	-0.0520	0.1865	0.2834	-0.4205	-0.2172	-0.1058
1	24729499	24729899	-0.2817	0.1932	-0.0735	-0.4223	0.0069	-0.3669
1	24880098	24880498	0.2661	-0.4958	0.1065	-0.2064	0.0876	0.3370
1	24969499	24969899	0.0175	-0.1993	0.0046	0.2298	0.1959	-0.2487
1	25089499	25089899	1.0968	1.4223	1.5819	1.3111	1.8262	1.2208
1	25240098	25240498	-1.0747	-0.9540	-0.6556	-1.7613	-1.3514	-2.0446
1	25329499	25329899	0.5292	-0.1669	-0.0792	0.2571	0.1544	-0.3695
1	25449499	25449899	0.4386	-0.1186	0.0301	-0.2382	-0.3504	-0.0067
1	25600098	25600498	0.0251	0.5445	-0.1960	0.0962	-0.2055	-0.1638
1	25689499	25689899	1.0915	0.5855	1.7526	1.7311	1.7643	1.6505
1	25809499	25809899	1.2653	1.3152	0.8920	0.9913	1.6518	1.2626
1	25960098	25960498	0.9740	1.0249	1.3150	1.6921	1.4936	1.5535
1	26049499	26049899	0.3683	-0.5415	-0.0343	-0.1516	0.3791	-0.2063
1	26169499	26169899	-0.9415	-0.7811	-1.4955	-1.3957	-1.7361	-1.6865
1	26320098	26320498	-0.3665	-0.1415	-0.1619	0.0010	-0.3490	0.8355
1	26409499	26409899	-0.7721	-1.8475	-0.9817	-1.4522	-1.5234	-1.4347
1	26529499	26529899	0.9945	0.6724	1.4059	1.6111	1.7918	1.2309
1	26680098	26680498	0.0476	0.1092	-0.0800	-0.3474	0.1228	0.2456
1	26769499	26769899	0.4393	-0.5218	-0.1948	-0.6061	-0.1597	-0.5442
1	26889499	26889899	-0.3716	0.2268	0.4377	0.1077	-0.5183	-0.3031
1	27040098	27040498	-0.0607	0.0978	-0.5967	0.1341	-0.0218	-0.0682
1	27129499	27129899	1.3950	0.9343	1.9623	1.4465	1.6107	1.5156
1	27249499	27249899	0.0459	-0.2212	0.0083	-0.0626	0.2304	0.0339
1	27400098	27400498	0.5671	-0.9395	-1.2383	-0.1144	-1.4314	-1.1944
1	27489499	27489899	-0.2824	-0.0621	0.1317	0.6395	0.1645	-0.0967
1	27609499	27609899	-0.4983	0.2162	0.1455	-0.5842	0.4287	-0.1592
1	27760098	27760498	-0.3078	-0.2121	-0.0351	-0.1432	-0.2159	-0.0061
1	27849499	27849899	-0.1674	-0.3153	-1.2053	-1.2782	-1.3226	-1.7027
1	27969499	27969899	0.1873	0.0407	-0.4706	0.0314	-0.2232	0.2649
1	28120098	28120498	-0.3644	-0.4733	-0.1103	0.1377	-0.8537	0.4342
1	28209499	28209899	-0.3507	-0.3167	0.3805	-0.0759	0.0091	-0.1939
1	28329499	28329899	-0.3591	0.4196	-0.4885	-0.0641	-0.1722	0.4252
1	28480098	28480498	0.2576	-0.0586	0.0640	0.4083	0.8289	0.0800
1	28569499	28569899	0.2944	1.3690	1.3721	1.3769	1.6882	1.6555
1	28689499	28689899	-0.7207	-0.7222	-1.3067	-1.9745	-1.7729	-1.7479
1	28840098	28840498	-0.0284	-0.0200	0.1278	-0.1632	-0.0846	0.2254
1	28929499	28929899	-0.2291	0.7857	-0.4766	-0.3083	-0.3530	0.0694
1	29049499	29049899	-0.2981	-0.0488	-0.3816	0.3468	0.9133	0.0306
1	29200098	29200498	-1.0102	-0.0443	-0.1544	-0.1345	-0.3091	0.1115
1	29289499	29289899	0.8138	0.4975	1.7477	1.4011	1.9050	1.5600
1	29409499	29409899	-0.0291	-0.3356	0.0452	0.5735	0.2642	0.0271
1	29560098	29560498	0.3445	-0.7097	-0.1081	-0.0719	-0.5794	-0.3315
1	29649499	29649899	0.5818	0.1814	0.1570	-0.3819	-0.5303	-0.4529
1	29769499	29769899	0.2058	-0.6190	-0.8097	0.0016	0.7381	-0.0133
1	29920098	29920498	1.3840	0.8662	1.2031	1.7009	2.3622	1.6508
1	30009499	30009899	0.2087	-0.3271	-0.3934	0.2760	0.2616	-0.0777
1	30129499	30129899	-0.2201	0.0004	-0.4070	0.4154	0.3949	0.3305
1	30280098	30280498	0.2927	-0.1060	-0.8201	0.4473	0.2469	0.2548
1	30369499	30369899	0.5745	0.2068	-0.4583	-0.1079	-0.4979	0.3990
1	30489499	30489899	1.1612	1.5251	0.8887	1.5867	1.3071	1.1991
1	30640098	30640498	-0.6589	0.7158	0.3530	0.2005	0.1174	0.3578
1	30729499	30729899	0.3133	-0.1178	-0.0960	0.2016	-0.4587	0.2422
1	30849499	30849899	-0.7494	-0.3277	-0.2872	-0.5415	0.0680	0.1642
1	31000098	31000498	1.1828	1.1807	1.2893	1.6270	1.9033	1.3339
1	31089499	31089899	-0.1310	0.3138	-0.6251	0.6115	-0.0205	-0.2004
1	31209499	31209899	-0.0490	-0.0874	0.5686	0.0770	0.0730	-0.1509
1	31360098	31360498	-0.1387	0.2903	0.0951	-0.6463	0.1654	-0.5506
1	31449499	31449899	-0.4003	-0.5554	-0.2734	-1.1430	-1.7385	-0.9805
1	31569499	31569899	0.7646	0.8652	1.0351	1.2447	1.6008	2.0316
1	31720098	31720498	0.4152	0.9540	-0.2818	-0.0556	0.0907	-0.3974
1	31809499	31809899	-0.1468	-0.2230	0.2702	-0.0556	0.0308	0.6763
1	31929499	31929899	0.3464	0.4061	-0.6984	1.1116	0.3934	0.3791
1	32080098	32080498	0.9537	-0.7921	0.1129	0.1913	-0.7689	0.0442
1	32169499	32169899	-0.4014	-0.1334	-0.5020	0.7583	0.1466	0.6844
1	32289499	32289899	0.2313	-0.0617	-0.3105	-0.3175	-0.3305	-0.3045
1	32440098	32440498	0.2874	0.1064	-0.1165	-0.3579	0.3969	0.3452
1	32529499	32529899	0.2018	-0.0276	0.0798	-0.2012	0.3803	-0.1679
1	32649499	32649899	0.8368	0.4474	0.8945	0.8572	1.5254	1.4086
1	32800098	32800498	-0.3068	-0.0526	0.4463	0.3041	-0.0086	-0.9866
1	32889499	32889899	-0.4793	0.1835	0.1747	0.3377	-0.4899	-0.1790
1	33009499	33009899	-0.5310	-0.1103	-1.0753	0.1235	0.0993	0.4308
1	33160098	33160498	0.6520	-0.2670	-0.2950	-0.7499	0.5409	0.1980
1	33249499	33249899	-0.3232	0.2836	-0.0420	0.1300	0.1251	0.3343
1	33369499	33369899	0.2063	0.2687	-0.2046	-0.0734	0.1113	0.1798
1	33520098	33520498	0.9231	0.4564	-0.0561	-0.4054	0.0787	-0.1628
1	33609499	33609899	-0.0617	-0.9046	-1.4759	-0.8992	-1.4846	-1.7618
1	33729499	33729899	0.0315	0.0320	-0.0236	-0.5928	0.4009	0.3262
1	33880098	33880498	0.2662	0.4163	0.0664	-0.1015	0.0357	-0.5981
1	33969499	33969899	0.8317	1.1795	0.5530	0.5658	1.2281	1.0862
1	34089499	34089899	-0.2241	0.4417	0.4637	0.0171	-0.1820	0.0220
1	34240098	34240498	0.0718	-0.3247	-0.0132	0.2419	0.1826	-0.4914
1	34329499	34329899	-0.2879	-0.2869	-0.0785	0.2800	0.1910	0.2058
1	34449499	34449899	0.0457	-0.0454	0.2175	-0.1625	0.5306	-0.0679
1	34600098	34600498	-0.0974	-0.4062	-0.0302	0.1987	0.3198	0.0639
1	34689499	34689899	0.0660	0.0938	-0.0431	-0.0325	-0.4331	-0.1487
1	34809499	34809899	-0.2601	-0.0358	-0.8062	-0.3116	-0.0871	-0.3572
1	34960098	34960498	0.5901	-0.0104	0.5970	-0.0397	0.0190	0.0310
1	35049499	35049899	0.2716	-0.2832	0.6645	0.0289	0.0713	0.2168
1	35169499	35169899	-0.2532	0.2587	0.2172	0.5858	-0.1481	-0.0636
1	35320098	35320498	-0.0337	-0.2353	0.1276	0.0435	-0.5228	0.0913
1	35409499	35409899	-0.3604	-0.1491	0.2432	0.0112	-0.2593	0.0826
1	35529499	35529899	-0.0982	0.1763	0.5236	0.3055	0.5245	-0.0691
1	35680098	35680498	0.0701	-0.1313	0.0414	-0.4918	0.4290	-0.1248
1	35769499	35769899	-0.1892	0.4222	0.0927	0.2670	0.1500	0.7841
1	35889499	35889899	0.7499	1.2541	0.3490	1.3404	1.0106	1.0669
1	36040098	36040498	-0.2817	0.3033	0.5418	-0.3537	0.1903	0.4640
1	36129499	36129899	-0.1114	0.1191	0.1534	-0.4841	0.1540	-0.1044
1	36249499	36249899	0.3389	0.1835	0.2030	-0.0500	0.2447	0.2022
1	36400098	36400498	0.0437	0.5773	0.0946	-0.2639	0.4073	0.0100
1	36489499	36489899	0.1274	0.3194	0.3224	-0.0292	0.1978	0.2562
1	36609499	36609899	-0.2486	-0.3799	-0.4428	-0.6082	-0.0854	0.0308
1	36760098	36760498	-0.2726	0.0020	-1.0133	-0.0513	0.0120	-0.1004
1	36849499	36849899	0.1661	-0.4936	0.0024	0.4694	-0.1622	0.1837
1	36969499	36969899	-0.5141	0.5760	-0.2661	0.0067	0.6679	-0.1927
1	37120098	37120498	-0.2863	0.2230	0.1510	0.5664	-0.3126	0.4905
1	37209499	37209899	0.2999	-0.1871	-0.2858	-0.5180	0.1077	-0.2376
1	37329499	37329899	0.0039	-0.0766	-0.5357	0.0012	-0.2146	-0.3706
1	37480098	37480498	-0.0201	0.3983	-0.9438	-0.4340	0.3263	0.0916
1	37569499	37569899	0.1721	-0.0481	-0.0358	-0.3446	-0.0543	0.3500
1	37689499	37689899	0.2048	0.2457	0.5201	0.3567	-0.2638	-0.3635
1	37840098	37840498	-0.0106	0.4324	-0.8746	-0.3407	-0.2208	0.2189
1	37929499	37929899	0.3915	0.3455	0.1511	-0.8523	0.0051	-0.5822
1	38049499	38049899	0.1820	0.1972	0.0562	0.1058	-0.0232	-0.2935
1	38200098	38200498	0.3779	0.8359	0.0191	0.2984	0.1208	-0.3426
1	38289499	38289899	-0.1662	0.6272	0.1437	-0.1375	0.4942	0.2767
1	38409499	38409899	0.2444	0.1132	-0.2930	0.2538	-0.2738	0.0976
1	38560098	38560498	0.9938	1.1344	0.9299	1.4909	1.3525	1.5956
1	38649499	38649899	0.0857	0.4362	-0.0019	0.1518	-0.1878	-0.3766
1	38769499	38769899	-0.0669	-0.7978	0.3933	-0.3252	0.2777	0.2567
1	38920098	38920498	-0.2983	-0.3478	0.0064	0.0774	-0.5134	0.1821
1	39009499	39009899	0.5189	-0.0997	-0.0144	0.3975	0.2837	-0.0123
1	39129499	39129899	-0.1905	-0.3043	0.2422	0.1947	-0.3211	-0.0332
1	39280098	39280498	0.1683	0.0514	0.3745	-0.0952	-0.1194	0.1977
1	39369499	39369899	-0.1929	0.1184	0.2933	0.2694	0.3045	-0.1038
1	39489499	39489899	-1.1436	-1.6918	-1.1812	-1.2980	-1.5909	-1.6843
1	39640098	39640498	-0.6134	-0.3119	-0.4056	0.4673	-0.2026	-0.6370
1	39729499	39729899	-0.1609	-0.1531	0.0159	-0.3062	-0.0514	-0.0720
1	39849499	39849899	0.0332	-0.7472	-0.5299	-0.0792	0.3847	-0.2303
1	40000098	40000498	-0.2589	0.1711	0.4002	0.2542	0.3583	0.5143
1	40089499	40089899	-0.6138	0.3642	-0.1428	-0.4252	0.0534	-0.0378
1	40209499	40209899	-0.1619	-0.1877	-0.1516	-0.5194	-0.0204	0.5812
1	40360098	40360498	-0.6283	-0.2185	-0.1674	0.1936	-0.2748	0.2185
1	40449499	40449899	-0.1289	-0.4725	0.2393	-0.2873	-0.5988	-0.0147
1	40569499	40569899	0.0459	-0.1604	-0.2379	0.0051	0.1727	0.3902
1	40720098	40720498	-0.0843	-0.5440	-0.2488	0.1966	0.0054	0.2062
1	40809499	40809899	-0.1818	-0.5566	0.5162	-0.6429	0.1884	0.3467
1	40929499	40929899	-0.3431	-0.6276	0.3247	-0.0996	-0.0590	-0.5323
1	41080098	41080498	0.3197	0.0799	-0.0213	-0.0117	-0.9271	0.1608
1	41169499	41169899	-0.7934	0.2320	-0.0466	-0.1849	0.2959	0.1534
1	41289499	41289899	-1.0107	-1.4533	-1.4844	-1.6337	-1.9101	-1.6109
1	41440098	41440498	1.2640	1.4275	1.2076	1.7147	1.4226	1.3903
1	41529499	41529899	-0.5558	-0.2697	0.6405	-0.4395	0.3032	-0.1951
1	41649499	41649899	-0.4849	0.0761	-0.1960	0.5378	0.6885	0.5271
1	41800098	41800498	0.3543	-0.1986	0.3189	0.2123	-0.0306	0.3306
1	41889499	41889899	0.1397	0.2034	0.7632	0.0742	-0.4863	0.3622
1	42009499	42009899	0.1393	-0.3118	-0.0071	0.2420	0.4630	-0.4260
1	42160098	42160498	-0.0133	0.2104	-0.2698	0.1132	0.3834	0.0594
1	42249499	42249899	0.6015	1.1735	0.7248	0.6544	1.9480	1.8939
1	42369499	42369899	-0.1780	0.8828	0.4578	-0.1700	0.5948	0.1668
1	42520098	42520498	0.3042	-0.3280	-0.6159	-0.3905	0.1028	0.2451
1	42609499	42609899	1.0597	1.1358	0.7825	1.4905	1.2634	1.9748
1	42729499	42729899	0.3631	-0.3610	-0.4126	-0.0897	-0.0888	-0.0362
1	42880098	42880498	0.0496	-0.1253	0.1851	-0.4546	-0.4138	0.2355
1	42969499	42969899	0.6223	1.2412	1.6267	1.7275	2.3585	1.6646
1	43089499	43089899	-0.2318	-0.3172	0.2368	-0.3366	-0.0545	-0.3968
1	43240098	43240498	-0.0551	0.0479	-0.1941	-0.1137	-0.7250	0.2872
1	43329499	43329899	0.5336	-0.2199	-0.4867	0.0056	-0.2206	0.4886
1	43449499	43449899	-0.1988	0.3459	0.0613	-0.3415	0.0149	0.0907
1	43600098	43600498	0.1397	-0.2758	-0.4399	-0.3164	-0.0115	-0.1760
1	43689499	43689899	0.2902	-0.3543	-0.3185	0.3027	-0.1667	0.1812
1	43809499	43809899	0.0879	0.1367	-0.1998	0.0832	0.1184	-0.3562
1	43960098	43960498	-0.1590	0.2594	0.9735	0.6456	0.0190	0.0242
1	44049499	44049899	0.1107	0.3513	-0.2763	0.2545	-0.2773	0.5343
1	44169499	44169899	-0.0163	0.2907	-0.6181	0.2419	0.3240	-0.1891
1	44320098	44320498	0.0850	0.3872	0.0067	-0.0683	0.1017	-0.4909
1	44409499	44409899	-0.2877	0.3507	-0.3715	0.2410	-0.2539	-0.1063
1	44529499	44529899	0.4651	0.3211	0.4486	-0.3363	-0.3240	-0.4421
1	44680098	44680498	0.0846	-0.2050	-0.0828	0.2744	-0.6418	-0.4288
1	44769499	44769899	0.2502	0.1536	0.1602	-0.4646	0.3423	-0.1241
1	44889499	44889899	-0.0390	-0.1245	0.2640	-0.0109	0.5630	-0.3224
1	45040098	45040498	0.6563	0.2433	-0.1744	-0.0646	0.3626	-0.2355
1	45129499	45129899	0.7316	-0.2577	-0.4238	-0.5460	-0.2244	-0.1558
1	45249499	45249899	0.3297	0.0472	-0.0074	0.0095	-0.0649	-0.0420
1	45400098	45400498	0.0721	0.7072	0.5619	-0.0301	0.2694	-0.1926
1	45489499	45489899	-0.0902	0.0839	-0.0745	-0.6522	0.3451	0.2456
1	45609499	45609899	0.2841	-0.2230	-0.1431	-0.0409	0.4104	-0.0881
1	45760098	45760498	-0.7480	-0.7385	0.2483	-0.6595	0.2280	-0.4559
1	45849499	45849899	0.4373	0.1997	0.2946	0.2412	-0.0666	0.1109
1	45969499	45969899	-0.0328	0.3426	0.0748	-0.2772	-0.0780	-0.5661
1	46120098	46120498	-0.0536	0.1473	0.4734	0.0930	0.3785	1.0133
1	46209499	46209899	0.3742	0.9424	0.5433	0.6816	1.0861	1.1776
1	46329499	46329899	-0.0436	-0.1723	0.2722	0.1678	-0.0494	0.0198
1	46480098	46480498	0.3022	-0.2765	-0.3547	-0.3382	0.0172	0.5916
1	46569499	46569899	-0.0370	0.1676	0.4683	-0.3749	-0.2357	0.0218
1	46689499	46689899	0.1337	-0.1156	0.0791	0.0761	-0.2132	-0.2376
1	46840098	46840498	0.0165	0.3620	-0.0695	-0.1124	0.1838	-0.1730
1	46929499	46929899	0.2503	0.2266	-0.4860	0.2064	-0.2300	0.4554
1	47049499	47049899	-0.1527	0.4556	-0.4694	0.0544	0.3748	-0.4007
1	47200098	47200498	-0.0743	0.2652	-0.1013	-0.1663	0.4484	0.8775
1	47289499	47289899	0.0900	-0.5076	-0.1741	-0.1816	-0.2209	0.2698
1	47409499	47409899	0.4410	0.1466	-0.5223	0.2620	-0.0170	-0.0831
1	47560098	47560498	-0.6782	0.0986	-0.3337	0.5836	0.4817	0.2056
1	47649499	47649899	-0.3503	0.6895	0.1321	0.1619	0.4586	0.0295
1	47769499	47769899	0.3510	0.3451	0.3565	0.3214	-0.5105	-0.0046
1	47920098	47920498	-0.3593	0.6940	0.1575	-0.0664	-0.4950	-0.2502
1	48009499	48009899	-0.2389	-0.3641	-0.1475	-0.1674	-0.1954	0.1938
1	48129499	48129899	-0.0810	0.2045	0.2102	0.0781	-0.4927	-0.0980
1	48280098	48280498	0.2338	0.3857	-0.3655	-0.4275	0.0963	0.1893
1	48369499	48369899	0.6651	0.0586	-0.1115	-0.3869	-0.3585	-0.2636
1	48489499	48489899	-0.7089	-0.3723	-0.1242	-0.0493	-0.1579	0.3182
1	48640098	48640498	0.4889	0.0184	0.2178	-0.6021	-0.2280	-0.1735
1	48729499	48729899	0.4723	-0.2338	-0.0739	-0.3658	0.2448	0.4425
1	48849499	48849899	0.0956	0.0188	0.3312	-0.3421	-0.2246	0.6872
1	49000098	49000498	0.4209	-1.1270	0.3278	0.0730	-0.7940	0.0073
1	49089499	49089899	0.0446	-0.4883	0.0704	0.1389	0.3036	0.1358
1	49209499	49209899	0.3844	-0.4942	0.4760	0.5998	0.2454	-0.3636
1	49360098	49360498	-0.4005	0.3716	0.1018	-0.0090	0.4795	0.4380
1	49449499	49449899	0.2158	0.2029	-0.5030	0.1897	0.3792	0.0359
1	49569499	49569899	-0.2145	-0.8643	-1.1155	-1.0468	-1.6676	-1.3730
1	49720098	49720498	0.1433	0.1379	0.3561	-0.6338	0.5289	-0.2708
1	49809499	49809899	0.1689	-0.0305	-0.2453	0.2380	0.4634	-0.0997
1	49929499	49929899	0.4015	-0.2220	0.3250	0.0340	0.3876	0.3114
1	50080098	50080498	-0.2001	0.1897	0.2039	0.1403	0.1563	0.1694
1	50169499	50169899	-0.5225	-0.0771	0.1317	0.4924	0.1606	-0.1742
1	50289499	50289899	-0.7651	-0.6458	-0.0075	0.5584	-0.5544	0.0773
1	50440098	50440498	0.3030	-0.0754	0.5712	0.0395	0.1476	-0.5269
1	50529499	50529899	-0.0223	0.3950	-0.1980	0.2309	-0.0002	0.0645
1	50649499	50649899	-0.0410	-0.4180	0.1045	0.4485	-0.5058	0.0652
1	50800098	50800498	0.3849	0.0976	0.1477	-0.0064	0.0610	0.5102
1	50889499	50889899	-0.3245	-0.0958	-0.4199	1.0344	-0.3819	0.3423
1	51009499	51009899	-0.4682	-0.6293	-1.5110	-1.1831	-1.2475	-1.6051
1	51160098	51160498	0.0066	-0.2275	-0.4681	0.0642	-0.2472	0.3084
1	51249499	51249899	0.6175	-0.1485	-0.5089	0.3763	-0.8136	0.1349
1	51369499	51369899	0.1322	0.2611	-0.1184	0.7299	0.7106	0.2535
1	51520098	51520498	0.4984	0.4903	0.7544	1.1454	1.3658	1.5916
1	51609499	51609899	1.2925	1.2804	0.1506	0.7952	2.0430	1.2530
1	51729499	51729899	1.2601	1.5210	0.7738	0.8618	1.4502	2.5063
1	51880098	51880498	0.1765	0.0984	-0.4154	-0.0865	-0.1012	0.3429
1	51969499	51969899	0.0783	0.3750	-0.4113	-0.3226	-0.0459	0.1692
1	52089499	52089899	-0.0569	-0.1743	-0.1330	0.0047	-0.5072	-0.0302
1	52240098	52240498	-1.1637	-0.8953	-1.3686	-0.8737	-1.1382	-1.0637
1	52329499	52329899	-0.2815	0.0699	0.2360	0.3896	0.2985	0.1884
1	52449499	52449899	0.3825	0.2260	-0.2365	-0.5314	0.6708	0.6414
1	52600098	52600498	-0.0595	-0.1796	-0.0354	0.4384	-0.2537	0.3450
1	52689499	52689899	0.7862	0.2347	-0.5546	-0.1619	0.2526	0.1151
1	52809499	52809899	-0.5829	-0.0590	-0.3815	0.4816	0.0280	0.5175
1	52960098	52960498	-1.1798	-0.7927	-0.9975	-1.2294	-2.1750	-1.2136
1	53049499	53049899	-0.0389	-0.0356	-0.3058	0.0004	-0.4136	0.4161
1	53169499	53169899	0.7197	0.1465	-0.2018	0.0424	-0.2079	-0.0880
1	53320098	53320498	-0.3822	0.1662	0.5671	0.3534	-0.0741	-0.0964
1	53409499	53409899	-0.2798	0.2312	0.0223	-0.4765	-0.1140	-0.0174
1	53529499	53529899	0.0580	0.3139	0.3959	0.0352	-0.2620	-0.1112
1	53680098	53680498	0.6118	-0.3167	0.2084	-0.1857	0.2543	-0.2349
1	53769499	53769899	0.1010	-0.4061	-0.0984	0.1513	0.4686	0.1541
1	53889499	53889899	0.8793	0.4822	1.3609	1.9087	1.5459	1.5352
1	54040098	54040498	-0.2893	0.7509	-0.3089	0.5055	-0.2437	0.3436
1	54129499	54129899	0.7570	1.4439	0.8767	2.1383	1.6145	0.9892
1	54249499	54249899	-0.4853	-0.9502	-0.2712	0.5992	-0.5363	-0.3522
1	54400098	54400498	0.4283	0.7753	0.8603	1.1665	0.7581	1.3920
1	54489499	54489899	0.0216	0.1076	-0.5452	-0.4431	0.5983	0.5179
1	54609499	54609899	0.2353	0.2115	0.4275	0.4918	0.0576	0.7479
1	54760098	54760498	0.0666	0.3897	0.2127	0.0818	-0.2994	-0.5726
1	54849499	54849899	-0.4529	0.2050	-0.3320	0.3449	-0.1888	0.0432
1	54969499	54969899	-0.4558	-0.5612	0.2577	0.2468	-0.0106	0.4554
1	55120098	55120498	0.7227	1.0447	1.0791	1.7575	1.5536	2.1075
1	55209499	55209899	-0.4879	0.6443	0.5579	-0.1709	0.4433	0.1122
1	55329499	55329899	-0.2815	0.2271	-0.0176	0.0047	0.1065	-0.0786
1	55480098	55480498	-0.3238	-0.0328	-0.0211	0.1097	-0.2365	-0.0581
1	55569499	55569899	0.4605	0.0687	-0.2800	0.5723	-0.2348	0.0372
1	55689499	55689899	-0.1963	0.0541	0.3842	0.8088	-0.2616	-0.1555
1	55840098	55840498	-0.3789	-0.0205	0.6006	-0.1646	-0.6124	0.0471
1	55929499	55929899	-0.2367	-0.0598	0.5378	0.1971	0.2797	0.0680
1	56049499	56049899	0.5514	0.1481	-0.2229	-0.0550	0.1226	0.9827
1	56200098	56200498	-0.0620	0.3247	0.5566	-0.0227	0.1636	-0.2223
1	56289499	56289899	-0.5579	-0.3473	0.0061	-0.0768	-0.1799	0.2793
1	56409499	56409899	0.3442	0.1094	-0.1211	-0.1914	-0.5903	-0.5831
1	56560098	56560498	-0.1210	0.2781	0.2630	0.2441	-0.7228	-0.0502
1	56649499	56649899	-0.1671	0.1212	0.1668	0.3076	-0.0215	0.0381
1	56769499	56769899	0.2860	0.6264	0.2374	-0.6092	-0.5457	0.5072
1	56920098	56920498	0.3756	-0.1163	0.1433	0.0976	0.4382	-0.3706
1	57009499	57009899	-0.8686	0.3083	-0.2736	0.0282	-0.2173	0.2539
1	57129499	57129899	-0.0292	-0.0344	0.0707	-0.4245	0.4867	-0.2756
1	57280098	57280498	0.1287	-0.0661	-0.1060	0.0295	-0.5516	-0.0933
1	57369499	57369899	-0.0419	-0.6640	0.2811	-0.1725	-0.7013	0.6896
1	57489499	57489899	-0.5020	-0.0342	-0.4654	0.1613	0.5193	0.2124
2	9499	9899	0.4428	-0.2843	0.8685	0.2679	-0.6042	0.0123
2	60000	60400	0.1867	0.3792	0.3900	-0.5971	-0.1862	0.5637
2	160098	160498	-0.0357	0.1660	0.1945	0.1375	0.3936	-0.1894
2	180000	180400	-0.0146	-0.0001	-0.5428	-0.3703	-0.6413	0.8420
2	249499	249899	0.0812	0.3674	0.8187	0.2862	1.1018	0.0374
2	300000	300400	-0.6307	0.0805	0.3600	-0.2076	0.5099	0.2069
2	369499	369899	0.0828	-0.0086	-0.4181	-0.3442	-0.3990	-0.0043
2	420000	420400	0.3104	-0.8158	0.6630	0.5055	0.1086	-0.8003
2	520098	520498	-0.1593	-0.1923	-0.1691	-0.6483	-0.6000	0.8514
2	540000	540400	-0.5042	-0.1776	-0.8881	-0.2163	0.0751	-0.2174
2	609499	609899	0.1066	-0.3048	0.0557	-0.3363	-0.0197	0.1173
2	660000	660400	0.4996	-0.3037	-0.0198	-0.2296	0.2404	0.3110
2	729499	729899	-0.1701	-0.5369	0.1448	0.2946	0.0635	-0.4279
2	780000	780400	0.0640	-0.2385	0.1611	0.2619	-0.3584	-0.0685
2	880098	880498	0.0719	-0.5718	0.1869	0.1374	-0.5231	-0.7408
2	900000	900400	-0.1146	0.2855	-0.3877	0.1086	0.2108	0.1815
2	969499	969899	-0.3575	-0.2637	-0.5730	-0.4733	0.5310	0.5614
2	1020000	1020400	-0.5010	0.1541	-0.5590	-0.5935	0.3015	-0.7814
2	1089499	1089899	-0.6885	-0.2140	0.1270	-0.1295	-0.5738	0.4450
2	1140000	1140400	1.0947	0.5730	-0.1077	0.0634	0.0387	-0.5442
2	1240098	1240498	0.6484	0.2282	0.0512	-0.2535	-0.1553	0.2440
2	1260000	1260400	-0.0349	-0.0313	-0.3196	0.4160	-0.6884	0.6079
2	1329499	1329899	-0.5339	0.5735	0.0593	-0.3285	-0.1943	0.5620
2	1380000	1380400	-0.4539	0.1054	0.4117	-0.7552	-0.4162	0.1304
2	1449499	1449899	0.1336	-0.8820	-0.0001	-0.3283	0.5609	-0.4627
2	1500000	1500400	0.2892	0.2085	0.1736	0.3495	-0.5246	0.1845
2	1600098	1600498	0.3436	0.7207	0.6365	0.1870	-0.3525	0.2637
2	1620000	1620400	-0.8728	-0.4818	-0.4156	0.3335	0.4294	0.2925
2	1689499	1689899	1.0393	0.6641	1.7042	1.2492	1.8938	2.1655
2	1740000	1740400	-0.1129	-0.4327	0.1514	-0.5463	-0.1699	-0.8699
2	1809499	1809899	-1.3651	-1.4352	-0.9448	-1.7110	-1.0913	-1.6021
2	1860000	1860400	0.2750	-0.0433	0.2709	0.6314	-0.3625	-0.1073
2	1960098	1960498	-0.2755	0.8588	0.1223	-0.1224	0.1127	-0.0282
2	1980000	1980400	0.0514	-0.1971	-0.7977	-0.3079	0.2837	0.3559
2	2049499	2049899	-0.2864	-0.1236	0.3271	-0.1121	0.7102	0.3659
2	2100000	2100400	0.3632	-0.2086	0.2046	-0.0114	0.1027	0.5948
2	2169499	2169899	0.0117	0.2555	-0.2515	-0.0489	0.0785	-0.3944
2	2220000	2220400	-0.9941	-0.2252	-0.7904	-0.0254	-0.2022	0.0466
2	2320098	2320498	-0.7502	0.2151	0.1056	-0.0986	0.0228	0.3088
2	2340000	2340400	0.4917	0.1746	0.1923	0.5301	-0.4278	0.3115
2	2409499	2409899	-0.6307	0.2029	0.1817	0.1843	-0.0544	-0.0988
2	2460000	2460400	0.3374	0.4910	0.1537	-0.6237	-0.0414	0.0171
2	2529499	2529899	-0.8917	0.4776	0.3361	0.5062	-0.1545	0.0792
2	2580000	2580400	0.1931	0.3984	0.3872	-0.2862	0.5721	0.9397
2	2680098	2680498	-0.1328	-0.2723	-0.4118	0.0103	0.1674	0.3084
2	2700000	2700400	-0.0519	0.2623	-0.2870	0.4563	0.1185	0.2647
2	2769499	2769899	0.4184	-0.1560	0.6565	0.2443	-0.1073	-0.1350
2	2820000	2820400	0.0817	-0.3096	0.0317	0.4473	-0.2592	0.1526
2	2889499	2889899	-0.1068	-0.3773	-0.4842	0.0793	-0.1104	0.1675
2	2940000	2940400	-0.2891	0.1599	-0.3479	-0.3046	0.1542	0.3383
2	3040098	3040498	-0.0408	-0.4058	0.0910	-0.6466	0.1074	0.1877
2	3060000	3060400	0.2247	-0.3004	0.3854	-0.5494	0.3064	-0.0776
2	3129499	3129899	-0.2249	-0.1160	-0.1243	-0.0794	0.6095	-0.0161
2	3180000	3180400	0.0006	-0.0554	0.0455	-0.0580	0.0474	-0.7044
2	3249499	3249899	0.2637	0.0495	0.0713	-0.1791	0.5659	0.5527
2	3300000	3300400	0.3078	0.0637	-0.5112	0.2937	-0.6022	0.0414
2	3400098	3400498	-0.1422	0.8697	-0.0692	-0.3609	0.6007	0.5152
2	3420000	3420400	-0.0240	-0.2102	0.4271	0.0586	0.7694	0.5581
2	3489499	3489899	0.0705	0.9428	1.0544	1.3906	1.1104	2.2525
2	3540000	3540400	0.2073	0.1335	0.0940	-0.4351	-0.0228	-0.0216
2	3609499	3609899	-0.2632	0.3394	-0.1684	0.3800	0.1564	0.0274
2	3660000	3660400	0.7835	-0.1294	-0.0608	-0.2638	0.1488	0.3007
2	3760098	3760498	0.0590	0.3525	0.3132	0.2633	-0.0601	0.4309
2	3780000	3780400	-0.4815	-0.3268	0.1190	-0.4016	-0.1435	-0.0861
2	3849499	3849899	0.0223	0.3898	0.7387	0.1248	0.0594	-0.2692
2	3900000	3900400	0.2621	-0.1473	0.1733	0.4193	0.0406	-0.1526
2	3969499	3969899	0.6105	0.6583	0.8268	1.1438	1.5134	1.9316
2	4020000	4020400	0.4665	0.2033	0.8207	-0.2317	-0.1557	-0.8678
2	4120098	4120498	0.1947	-0.3857	-0.2003	0.6529	-0.4738	-0.0601
2	4140000	4140400	-0.0834	-0.1714	-0.9570	-0.1043	0.0781	-0.0288
2	4209499	4209899	-0.0184	-0.7096	-1.4868	-1.0115	-1.0066	-0.9808
2	4260000	4260400	0.3242	-0.1466	-0.2339	-0.2731	0.1780	0.1728
2	4329499	4329899	-0.4783	-0.0576	-0.1422	-0.6688	-0.2245	-0.0541
2	4380000	4380400	-0.1428	-0.3733	-0.1732	0.6306	0.3416	0.4369
2	4480098	4480498	0.1840	-0.4137	-0.0717	-0.0582	0.8808	0.0708
2	4500000	4500400	0.1957	0.2466	0.1238	-0.6186	0.2877	-0.3371
2	4569499	4569899	-0.2057	-0.2472	-0.1235	-0.0001	0.0981	-0.4100
2	4620000	4620400	-0.4784	-0.2943	-0.3123	-0.4447	0.1500	-0.3350
2	4689499	4689899	0.0832	0.5240	0.1685	-0.7481	-0.5652	0.1021
2	4740000	4740400	-0.3250	0.3600	0.3469	0.2691	0.2147	0.4642
2	4840098	4840498	-0.3082	-0.1702	-0.5296	-0.0284	0.4651	0.0664
2	4929499	4929899	-0.6728	-1.1426	-0.6458	-0.9114	-1.2462	-1.1468
2	5049499	5049899	-0.3320	0.3123	0.1063	-0.3133	-0.4901	-0.4011
2	5200098	5200498	-0.9843	-0.8051	-1.0341	-1.4278	-1.2512	-1.6470
2	5289499	5289899	-0.2343	0.4638	-0.1122	-0.2836	-0.1921	-0.1420
2	5409499	5409899	-0.3248	-0.2101	0.2082	-0.6611	0.3378	-0.6696
2	5560098	5560498	-0.1911	-0.1068	-0.1083	-0.4254	0.1704	0.3258
2	5649499	5649899	1.1316	0.7663	1.5578	0.7297	1.2101	1.0081
2	5769499	5769899	0.4219	-0.1271	-0.7497	-0.3086	-0.6546	-0.0221
2	5920098	5920498	0.4173	0.3806	-0.1099	-0.0053	-0.4496	0.5382
2	6009499	6009899	0.0531	-0.1407	0.5429	-0.1236	-0.3054	-0.0575
2	6129499	6129899	-0.4458	0.1662	-0.2615	0.0176	0.9010	-0.0693
2	6280098	6280498	0.2337	0.2051	0.4238	0.4511	-0.1097	0.1224
2	6369499	6369899	0.2915	0.3579	-0.3737	0.4836	0.5153	-0.4508
2	6489499	6489899	0.5756	-0.2770	0.5476	0.0326	0.0644	0.0468
2	6640098	6640498	0.5448	0.0890	0.1344	0.0010	-0.3609	-0.3246
2	6729499	6729899	0.4853	-0.7593	0.1121	0.6195	-0.0122	-0.0505
2	6849499	6849899	-0.5930	-0.4261	0.6242	0.3146	-0.2129	0.4411
2	7000098	7000498	0.3173	0.1181	-0.3231	-0.2699	0.0034	0.3963
2	7089499	7089899	0.2969	-0.4691	0.1806	-0.0530	-0.4943	-0.2394
2	7209499	7209899	0.1189	0.2294	-0.0248	0.2700	-0.2013	-0.0655
2	7360098	7360498	-0.5645	-0.4175	-0.4063	0.0570	-0.2386	0.0120
2	7449499	7449899	-0.4036	0.2487	-0.0859	-0.1269	-0.4109	-0.1071
2	7569499	7569899	0.4396	0.7697	-0.1137	-0.4296	-0.1443	-0.5457
2	7720098	7720498	0.8773	0.8453	1.2599	1.8282	0.8730	1.6770
2	7809499	7809899	0.8818	1.2962	1.6508	0.6142	1.0519	1.9218
2	7929499	7929899	1.9022	0.7288	1.0115	1.9154	1.6726	1.5554
2	8080098	8080498	0.1319	0.0377	0.1300	-0.1161	0.4706	0.3415
2	8169499	8169899	0.0956	-0.3819	0.2996	0.0265	-0.4662	-0.4617
2	8289499	8289899	1.1108	-0.3151	0.7203	-0.0658	0.3667	-0.1903
2	8440098	8440498	0.3286	-0.0994	-0.4067	-0.6533	0.2279	-0.5172
2	8529499	8529899	-0.4089	0.3124	-0.4269	-0.2660	-0.1266	0.1033
2	8649499	8649899	1.2688	1.3182	1.3444	1.5342	2.1069	2.1222
2	8800098	8800498	0.2675	0.2449	-0.4125	-0.1753	-1.1406	0.0423
2	8889499	8889899	-0.3142	0.0759	-0.2041	0.6326	0.0863	-0.0515
2	9009499	9009899	0.7678	0.9554	1.2004	1.0894	1.3461	2.0560
2	9160098	9160498	0.1821	0.4632	-0.1577	-0.3672	0.0453	0.4160
2	9249499	9249899	0.0289	0.2184	0.0064	-0.7317	-0.3880	-0.0526
2	9369499	9369899	-0.3423	-0.6111	0.2268	0.2305	0.1945	-0.5038
2	9520098	9520498	-0.5274	-0.1716	-0.0461	-0.1700	-0.1741	0.1616
2	9609499	9609899	-0.4007	0.4214	-0.4711	-0.0527	-0.6253	-0.0613
2	9729499	9729899	-0.2054	-0.0139	0.1775	0.8806	-0.3300	0.1781
2	9880098	9880498	0.0698	-0.0365	0.1005	0.3318	0.3429	-0.0998
2	9969499	9969899	0.2931	0.5848	0.0937	-0.2219	0.2119	-0.0556
2	10089499	10089899	0.2332	-0.4728	0.2999	-0.3604	0.1429	-0.4719
2	10240098	10240498	0.4475	-0.3300	0.2832	0.2231	-0.1567	0.1402
2	10329499	10329899	0.4216	0.2934	-0.4535	0.0334	0.3637	-0.3828
2	10449499	10449899	-0.9900	-1.4484	-1.7588	-1.6835	-2.0932	-2.1456
2	10600098	10600498	-0.0911	-0.2354	-0.1770	-0.5854	-0.1370	-0.1888
2	10689499	10689899	0.0813	0.0063	-0.2305	-0.0786	0.0723	0.4026
2	10809499	10809899	0.7446	0.3190	1.3652	0.8036	1.1821	1.2060
2	10960098	10960498	-0.1360	-0.3098	0.6930	-0.0595	0.0207	-0.2121
2	11049499	11049899	0.3713	0.0462	-0.1755	0.0072	0.4145	-0.0679
2	11169499	11169899	0.0898	-0.3144	-0.1051	-0.3997	0.2747	-0.4451
2	11320098	11320498	0.3400	0.3647	-0.3512	0.2665	-0.1839	0.1810
2	11409499	11409899	-1.1972	-0.8163	-0.6000	-1.7115	-0.4524	-1.4439
2	11529499	11529899	0.0353	0.5520	0.3377	0.1243	-0.3388	0.1912
2	11680098	11680498	0.5589	-0.1660	0.1063	0.1199	-0.1463	0.6228
2	11769499	11769899	-0.2634	-0.6028	-0.4718	-0.1712	0.2543	0.0584
2	11889499	11889899	0.4216	0.1213	-0.2858	0.4095	0.1711	-0.3180
2	12040098	12040498	-0.6691	0.0253	-0.3776	0.8947	-0.7718	0.3626
2	12129499	12129899	0.7218	-0.6010	-0.1795	-0.4430	-0.5827	-0.2105
2	12249499	12249899	-0.3219	-0.5520	0.2257	0.4111	-0.0284	-0.5741
2	12400098	12400498	0.7794	0.1636	1.1522	0.9986	1.2155	1.2648
2	12489499	12489899	-0.2741	0.4450	0.4810	-0.4342	0.1582	-0.1066
2	12609499	12609899	-0.3267	-0.9382	-0.4247	-1.2769	-1.6827	-2.1332
2	12760098	12760498	0.4144	-0.2430	0.0203	-0.3136	-0.2677	0.0083
2	12849499	12849899	0.2559	-0.1449	-0.1046	-0.3325	-0.4287	-0.8121
2	12969499	12969899	0.3296	0.1399	0.0459	0.1586	-0.2965	0.1211
2	13120098	13120498	0.3364	0.2218	0.1335	-0.3584	0.4686	0.3691
2	13209499	13209899	0.8060	0.6627	1.3140	1.3627	1.2946	1.6899
2	13329499	13329899	-0.1000	0.1636	0.2626	-0.0354	0.3277	0.3355
2	13480098	13480498	-0.4366	-0.1039	-0.4831	-0.6739	-0.2728	-0.2644
2	13569499	13569899	0.8821	0.6724	1.6965	1.2976	0.8696	1.8588
2	13689499	13689899	0.5570	-0.2093	-0.1293	-0.3617	0.3344	-0.1894
2	13840098	13840498	0.0139	0.0509	-0.6342	0.3853	0.4201	-0.1483
2	13929499	13929899	0.1873	-0.2856	-0.5111	-0.8164	0.6173	0.5219
2	14049499	14049899	0.1957	0.1845	-0.3659	-0.1047	0.1752	-0.4631
2	14200098	14200498	0.6343	-0.3545	-0.0047	-0.2135	0.1132	0.1355
2	14289499	14289899	0.0819	-0.4203	-0.0995	0.2307	-0.3867	0.5162
2	14409499	14409899	-0.4889	-0.1046	0.3298	0.0214	0.7853	-0.6477
2	14560098	14560498	-0.0737	0.3691	0.0119	-0.0843	0.0797	-0.2250
2	14649499	14649899	-0.3977	0.2056	-0.2729	0.3294	0.1890	0.0114
2	14769499	14769899	-0.6792	0.4520	-0.5086	-0.4570	0.0135	0.7327
2	14920098	14920498	0.0352	0.2674	0.5964	0.3919	-0.3680	0.5351
2	15009499	15009899	0.1768	-0.3855	0.2286	-0.1398	-0.2495	-0.3658
2	15129499	15129899	1.0474	0.9911	1.1590	0.2676	1.3611	1.2027
2	15280098	15280498	0.2039	-0.1405	0.3120	-0.4051	-0.1058	0.8617
2	15369499	15369899	0.1329	-0.0491	-0.0864	-0.4705	0.2519	-0.3976
2	15489499	15489899	-0.3939	-0.3617	-0.1459	0.3892	-0.1666	-0.2809
2	15640098	15640498	0.1132	-0.3884	0.2380	0.0998	0.1939	-0.9191
2	15729499	15729899	-0.3483	-0.1133	-0.2888	0.0702	-0.1395	0.2172
2	15849499	15849899	0.0808	0.5543	-0.0176	0.3313	-0.1894	-0.3263
2	16000098	16000498	1.0886	0.8413	1.4050	1.3404	1.3836	1.9098
2	16089499	16089899	-0.0205	-0.0193	-0.0540	0.2602	-0.0982	0.1908
2	16209499	16209899	-0.3503	0.0582	0.1240	-0.0410	0.2385	-0.3581
2	16360098	16360498	0.6276	0.8890	0.7513	1.8461	2.0210	2.3376
2	16449499	16449899	0.3757	0.4511	-0.1326	0.4391	0.0617	0.0496
2	16569499	16569899	0.5911	-0.2097	-0.5900	0.0986	-0.4461	0.1991
2	16720098	16720498	0.1288	-0.3327	-0.0941	-0.1520	0.2422	0.3083
2	16809499	16809899	-0.3641	0.2332	0.3598	0.4089	0.4296	-0.0524
2	16929499	16929899	-0.3123	-0.3286	0.2087	0.1530	0.5696	-0.0465
2	17080098	17080498	-1.1219	-1.4627	-1.0205	-1.7345	-1.4140	-1.5887
2	17169499	17169899	-0.3112	-0.0362	-0.6207	-0.2728	0.2950	0.1589
2	17289499	17289899	0.7323	2.2451	1.0972	1.3267	1.7614	2.5920
2	17440098	17440498	0.2310	-0.0749	0.2194	0.0098	-0.6945	0.4811
2	17529499	17529899	-0.1893	-0.3806	-0.0877	0.3526	-0.0036	0.3666
2	17649499	17649899	0.1466	0.4632	0.2987	-0.2461	-0.0709	-0.6975
2	17800098	17800498	0.3106	-0.1753	0.3883	0.0133	-0.3131	-0.8105
2	17889499	17889899	0.6015	-0.4037	-0.3540	0.1929	0.2871	0.6529
2	18009499	18009899	-1.2318	-0.9053	-0.6498	-1.0593	-2.1932	-1.3839
2	18160098	18160498	0.4262	-0.4221	0.2749	-0.0355	0.6055	0.3017
2	18249499	18249899	0.2501	-0.2254	0.6378	0.1763	-0.2062	-0.0954
2	18369499	18369899	-0.2145	-0.1510	-0.2462	-0.4322	-0.2248	0.3048
2	18520098	18520498	-0.6001	-0.3530	0.2196	-0.0369	-0.3485	-0.4506
2	18609499	18609899	1.0376	0.6148	1.2836	1.5809	1.3802	1.8609
2	18729499	18729899	0.8893	-0.6821	-0.4499	0.2404	0.0170	-0.1273
2	18880098	18880498	0.9387	0.9766	1.2911	1.6329	1.5846	2.1994
2	18969499	18969899	-0.2717	-0.4905	-0.0873	-0.1728	0.2246	0.0639
2	19089499	19089899	0.3333	-0.5433	-0.2809	-0.0686	-0.0482	-0.0642
2	19240098	19240498	-0.0320	-0.6263	-0.3982	0.0169	0.4952	0.4735
2	19329499	19329899	-0.1809	0.2126	-0.2112	0.4114	0.1829	0.1202
2	19449499	19449899	-0.1176	-0.6462	0.1562	0.8270	0.1259	0.5041
2	19600098	19600498	-0.4911	-0.9517	-1.1351	-1.6628	-1.5727	-1.0756
2	19689499	19689899	0.7700	-1.0023	-0.0250	0.3620	0.3781	0.2948
2	19809499	19809899	-0.9735	-1.0273	-1.0923	-1.5073	-1.6724	-1.4848
2	19960098	19960498	0.2731	-0.0934	0.2418	-0.0838	0.0180	-0.2346
2	20049499	20049899	-0.3776	0.0148	0.1895	-0.5824	-0.1814	-0.2091
2	20169499	20169899	-0.0152	-0.3808	0.2058	-0.2620	-0.0989	0.1992
2	20320098	20320498	0.2426	0.2096	0.0976	-0.3249	-0.1080	0.2890
2	20409499	20409899	0.9193	0.7384	1.1661	1.4465	1.4853	1.6684
2	20529499	20529899	0.2022	0.2426	0.1146	0.5449	-0.4769	-0.1946
2	20680098	20680498	-1.0751	-1.3597	-1.3588	-1.4985	-1.1122	-2.3419
2	20769499	20769899	-0.8501	-0.5846	-0.3929	-1.6856	-1.1499	-0.8438
2	20889499	20889899	-0.8813	-0.4052	-1.0349	-1.1005	-0.9337	-1.1986
2	21040098	21040498	-0.7124	-1.5311	-1.8926	-1.3507	-1.3355	-2.1702
2	21129499	21129899	0.4436	0.1980	-0.1017	0.5962	0.3417	0.0315
2	21249499	21249899	0.1823	-0.5099	0.5433	-0.2301	0.0185	-0.2150
2	21400098	21400498	-0.1188	0.3120	0.2443	0.5277	0.4017	-0.3942
2	21489499	21489899	-0.6777	-0.3987	-1.3736	-1.2787	-1.8867	-1.7382
2	21609499	21609899	0.2637	0.2404	0.5269	0.1919	0.7194	-0.3813
2	21760098	21760498	0.1997	0.1643	-0.1822	0.1928	-0.1674	-0.4473
2	21849499	21849899	-0.3677	-0.6276	0.3357	0.2497	-0.3426	0.7214
2	21969499	21969899	-0.7886	0.3109	-0.1944	0.1362	0.2935	-0.2156
2	22120098	22120498	-0.3158	0.2110	0.0287	0.3593	1.0546	0.0343
2	22209499	22209899	0.2396	-0.8044	-0.1816	0.3049	-0.0074	-0.3393
2	22329499	22329899	0.8728	-0.6219	-0.3101	0.1131	0.3427	-0.0692
2	22480098	22480498	-0.0723	-0.1077	0.1637	-0.1612	0.2829	0.4577
2	22569499	22569899	-0.0325	-0.5677	-0.5707	0.4252	0.2970	-0.0495
2	22689499	22689899	-0.0797	0.3131	0.2950	-0.2360	0.2070	-0.4006
2	22840098	22840498	0.3289	-0.2127	0.3713	-0.6385	0.2289	0.1235
2	22929499	22929899	0.1106	-0.2534	-0.3935	0.3890	-0.8155	0.2874
2	23049499	23049899	-0.2356	-0.5088	-0.6309	0.2734	-0.4394	-0.2195
2	23200098	23200498	0.3970	-0.2119	0.0421	0.5557	-0.2978	0.7021
2	23289499	23289899	-0.5546	-0.7117	-0.2069	-0.1863	-0.1537	0.0228
2	23409499	23409899	0.5039	-0.2920	-0.1870	-0.2296	-0.5664	-0.3770
2	23560098	23560498	0.5417	-0.3875	0.1096	0.0627	-0.9680	0.0434
2	23649499	23649899	0.6765	0.9186	0.7219	0.4534	1.3316	1.0296
2	23769499	23769899	0.0569	-0.3970	-0.1947	-0.1339	0.1662	0.0043
2	23920098	23920498	0.2934	0.5008	-0.1884	-0.1253	0.2540	-0.1129
2	24009499	24009899	0.1738	0.1688	-0.0574	0.2400	0.3254	-0.4480
2	24129499	24129899	0.0594	-0.0282	-0.5451	-0.2009	-0.1754	0.1598
2	24280098	24280498	-0.5313	-1.2648	-1.1855	-0.9950	-1.3459	-1.9356
2	24369499	24369899	0.3260	0.0836	-0.7623	0.1634	0.2448	0.5456
2	24489499	24489899	0.2389	-0.0315	-0.2057	0.2748	-0.4051	0.3527
2	24640098	24640498	-0.2242	-0.4372	0.1330	0.4343	0.1463	0.1066
2	24729499	24729899	1.1963	0.6310	1.3004	1.5984	2.0565	1.3153
2	24849499	24849899	0.0242	-0.4190	-0.0973	-0.0985	0.0829	-0.4119
2	25000098	25000498	0.5583	0.0678	1.0878	0.9998	0.5183	1.4748
2	25089499	25089899	0.1130	0.1135	0.1157	-0.6866	-0.2285	-0.0247
2	25209499	25209899	-0.3287	0.2943	0.0642	-0.2190	0.2632	-0.1285
2	25360098	25360498	0.0113	-0.0607	-0.4118	-0.5267	-0.0006	-0.1672
2	25449499	25449899	-0.6266	0.2255	0.4104	0.2928	0.6792	0.0886
2	25569499	25569899	0.4519	0.3149	0.2310	0.1215	0.3246	-0.0937
2	25720098	25720498	0.3209	0.3333	0.1817	-0.2721	-0.2444	0.2562
2	25809499	25809899	0.8373	-0.0326	0.5367	-0.3472	-0.2737	-0.0506
2	25929499	25929899	-0.1100	0.2534	0.2285	0.4415	0.2756	-0.2874
2	26080098	26080498	0.2550	0.3120	-0.3152	-0.1765	-0.0127	-0.2278
2	26169499	26169899	0.0756	0.2325	-0.2570	0.5982	-0.0782	0.1215
2	26289499	26289899	0.3005	-0.7425	-0.5170	0.5128	-0.2187	-0.3484
2	26440098	26440498	-0.8308	-0.7105	-0.5963	-0.5044	0.0504	0.0466
2	26529499	26529899	-0.0706	-0.2111	-0.7875	0.1309	0.0104	0.3589
2	26649499	26649899	-0.4689	-0.5028	0.0129	-0.7312	-0.2190	0.1773
2	26800098	26800498	0.1880	-0.0203	-0.3424	-0.1254	0.9503	-0.6124
2	26889499	26889899	-0.3806	-1.1793	-0.7985	-1.4395	-1.5052	-0.9089
2	27009499	27009899	0.9443	0.7408	1.4896	1.2770	0.6494	0.8509
2	27160098	27160498	0.1041	-0.5379	-0.1384	-0.2218	0.3459	0.7755
2	27249499	27249899	-0.4998	0.1945	-0.0345	0.1940	0.0557	0.1002
2	27369499	27369899	0.6495	0.1849	0.2034	-0.1921	0.0813	-0.3072
2	27520098	27520498	0.1767	-0.2546	0.0728	-0.5149	-0.1597	0.1315
2	27609499	27609899	0.7495	1.0406	0.7155	1.2525	1.3217	1.3111
2	27729499	27729899	0.5217	0.1750	-0.1465	-0.1729	-0.4763	-0.3083
2	27880098	27880498	0.3232	0.2164	0.9088	0.6498	-0.6240	0.0822
2	27969499	27969899	-0.5383	-1.3543	-1.1881	-1.2897	-1.3151	-1.1793
2	28089499	28089899	0.2216	-0.4469	0.2309	0.0901	-0.6331	-0.4349
2	28240098	28240498	-0.2940	-0.5549	-0.0056	0.0676	-0.2476	0.3171
2	28329499	28329899	-0.0379	0.2635	-0.3612	0.1911	0.4186	0.7959
2	28449499	28449899	0.0422	-0.0019	-0.1325	-0.1373	0.6116	0.2281
2	28600098	28600498	-0.0825	-0.0474	0.9181	-0.1728	0.4118	0.0569
2	28689499	28689899	-0.2452	0.5578	0.2338	0.4618	0.0543	0.0969
2	28809499	28809899	0.3532	0.3328	-0.0287	-0.4209	-0.0855	-0.0012
2	28960098	28960498	0.7446	-0.5296	0.5153	0.4845	-0.3747	0.0398
2	29049499	29049899	-0.4784	-0.2871	-0.1439	-0.6770	0.3208	0.0971
2	29169499	29169899	0.4037	-0.0221	-0.4751	0.2337	-0.0307	0.0801
2	29320098	29320498	0.0408	-0.1125	-0.1926	-0.1927	0.0305	-0.4248
2	29409499	29409899	0.2787	0.1132	-0.5067	0.5116	0.3588	-0.4394
2	29529499	29529899	-0.3873	-0.3498	-0.5243	0.0927	0.2381	-0.7014
2	29680098	29680498	-0.0785	-0.3097	-0.1992	0.3826	-0.0905	0.0963
2	29769499	29769899	-0.0307	0.0987	0.2053	-0.2594	-0.6773	-0.5550
2	29889499	29889899	-0.2688	-0.0035	0.5248	0.2927	0.0913	0.1290
2	30040098	30040498	0.2929	-0.5271	0.0610	-0.1309	-0.5495	-0.4412
2	30129499	30129899	-0.3568	0.1419	-0.4663	0.1993	0.0293	0.1644
2	30249499	30249899	0.3138	-0.1847	0.3405	-0.1179	-0.1310	-0.2082
2	30400098	30400498	1.1349	0.9895	0.9314	1.0166	1.3444	1.8470
2	30489499	30489899	0.2145	0.0224	-0.2485	0.1767	-0.2150	-0.0876
2	30609499	30609899	0.2823	0.8887	1.0474	0.3192	1.0907	1.7354
2	30760098	30760498	-0.8868	-0.0079	-0.3097	0.2790	0.5092	0.5679
2	30849499	30849899	-0.5256	-0.3852	0.0478	-0.2828	-0.2238	-0.1924
2	30969499	30969899	-0.4754	-0.2459	-0.5370	-0.3043	0.1559	-0.0181
2	31120098	31120498	0.5930	1.3729	1.0386	0.6955	1.8727	1.3752
2	31209499	31209899	0.2776	-0.2303	0.4757	0.5076	-0.0639	-0.3849
2	31329499	31329899	-0.7647	-0.2456	-0.0141	-0.0400	-0.2032	-0.2466
2	31480098	31480498	0.0682	-0.1035	-0.3704	-0.3846	0.2469	0.2299
2	31569499	31569899	-0.0975	-0.0761	0.1651	-0.1735	0.3305	-0.2026
2	31689499	31689899	-0.0207	-0.4677	-0.0722	-0.6760	-0.1014	0.4662
2	31840098	31840498	-0.5521	-0.2677	0.4551	-0.1560	-0.6236	-0.3973
2	31929499	31929899	-0.7864	0.2264	-0.0310	-0.5216	0.1200	-0.0152
2	32049499	32049899	0.5196	0.8007	0.2228	0.0697	0.0057	0.3010
2	32200098	32200498	-0.0891	-0.3692	0.6403	0.3807	0.1785	-0.1578
2	32289499	32289899	0.7619	1.0534	1.7259	1.0960	1.4867	1.9471
2	32409499	32409899	0.1997	0.5872	-0.9060	0.0513	-0.5379	0.2321
2	32560098	32560498	-0.1477	-0.3616	-0.4496	0.1757	0.6073	0.0911
2	32649499	32649899	0.0620	0.0706	-0.0917	-0.0284	-0.6282	0.4445
2	32769499	32769899	0.3074	0.3499	-0.2145	0.2550	-0.2985	-0.3640
2	32920098	32920498	0.0564	-0.1636	0.5582	0.4872	-0.0502	-0.4115
2	33009499	33009899	-0.3436	-0.5734	-1.3063	-1.3909	-1.3603	-1.1608
2	33129499	33129899	-0.0997	-0.4240	-0.3828	-0.0430	-0.6760	0.0998
2	33280098	33280498	-0.3428	0.4227	-0.2089	-0.5036	0.0653	0.3358
2	33369499	33369899	0.2142	0.0438	-0.3937	0.6722	-0.0875	-0.1041
2	33489499	33489899	-0.0609	0.4287	0.3331	0.0108	-0.1110	-0.1466
2	33640098	33640498	-0.2181	-0.2107	-0.1904	-0.5851	-0.6596	0.0918
2	33729499	33729899	-0.2221	-0.2037	-0.3334	0.0264	0.7649	-0.3918
2	33849499	33849899	0.1032	0.1000	-0.6725	0.4073	0.0436	-0.4167
2	34000098	34000498	-0.1526	0.2105	-0.0757	0.8333	-0.1597	0.0578
2	34089499	34089899	0.1130	-0.0658	-0.2103	0.1778	0.1334	0.3494
2	34209499	34209899	0.2345	0.2886	0.0728	-0.3181	-0.1756	0.0562
2	34360098	34360498	-0.7196	0.1908	0.0716	-0.7321	-0.0234	-0.3818
2	34449499	34449899	-0.6081	-0.1404	-0.2096	-0.1448	-0.2204	0.2644
2	34569499	34569899	-0.6596	-0.5978	0.4733	-0.4357	-0.2120	-0.4382
2	34720098	34720498	0.1774	0.1020	-0.1612	0.3993	-0.3200	-0.7606
2	34809499	34809899	-0.9117	0.2085	0.0081	0.3910	-0.1633	-0.0925
2	34929499	34929899	-0.3185	-0.0305	-0.3126	-0.1575	0.0836	0.3880
2	35080098	35080498	0.2397	0.0989	-0.0584	0.1576	-0.0754	-0.2264
2	35169499	35169899	0.3226	0.1989	-0.1235	-0.0590	-0.1425	0.3229
2	35289499	35289899	0.3151	0.2439	0.4959	0.3505	-0.4729	-0.2416
2	35440098	35440498	0.3039	0.2070	0.0838	-0.2200	0.0585	0.1455
2	35529499	35529899	0.4013	0.6489	-0.0299	0.6643	-0.0158	-0.0868
2	35649499	35649899	0.7277	-0.4106	-0.7170	-0.2056	0.1734	0.0396
2	35800098	35800498	-0.8898	-0.5012	0.1513	0.2126	-0.1292	-0.1828
2	35889499	35889899	0.2928	-0.0407	0.0639	0.9074	-0.7549	0.3503
2	36009499	36009899	-0.2771	-0.3072	0.2919	0.3731	0.0722	-0.2499
2	36160098	36160498	0.3305	0.0379	0.2353	-0.2301	-0.8946	-0.5506
2	36249499	36249899	-0.3259	0.0661	-0.5149	-0.0049	-0.3965	0.4998
2	36369499	36369899	-0.1070	0.6584	-0.0525	-0.3500	0.3472	-0.0762
2	36520098	36520498	0.2333	0.3352	0.0428	0.3547	0.0982	0.3659
2	36609499	36609899	0.2634	-0.1663	-0.1099	-0.1503	-0.6199	-0.1625
2	36729499	36729899	-0.1716	0.1045	0.1023	0.0417	0.4830	0.2753
2	36880098	36880498	0.1477	-0.3488	-0.6529	0.1574	-0.0170	-0.0303
2	36969499	36969899	0.4676	-0.3575	0.0586	0.5854	0.0536	-0.1145
2	37089499	37089899	-0.4454	0.0194	-0.0643	-0.0987	-0.7672	-0.3055
2	37240098	37240498	0.0870	0.0987	-0.2860	0.1399	0.0042	0.5778
2	37329499	37329899	0.2623	0.1703	-0.3779	-0.4887	-0.3742	0.4563
2	37449499	37449899	-0.1018	0.2067	-0.2133	-0.0652	0.1112	0.0840
2	37600098	37600498	-0.3306	-0.3313	-0.3149	0.1095	0.6179	0.4328
2	37689499	37689899	-0.4365	-0.2964	0.2829	0.3253	0.1238	0.1026
2	37809499	37809899	0.3984	0.1604	0.5396	-0.1782	-0.0455	0.0304
2	37960098	37960498	-0.4600	0.0014	0.3313	0.3504	-0.2733	0.6241
2	38049499	38049899	0.0789	-0.0049	-0.2209	0.7722	-0.0556	0.1326
2	38169499	38169899	-0.1147	-0.3493	0.9258	0.1142	-0.1983	0.1076
2	38320098	38320498	-1.3579	-1.6991	-1.3644	-1.3513	-1.4376	-1.8204
2	38409499	38409899	-0.1488	0.1951	-0.1931	-0.3808	0.1628	-0.2667
2	38529499	38529899	-0.4525	0.0442	-0.0443	0.1663	-0.9224	0.2430
2	38680098	38680498	-0.3544	0.1058	-0.5413	0.3908	0.2906	-0.1384
2	38769499	38769899	0.0900	0.1858	0.0767	0.3251	-0.2689	-0.1646
2	38889499	38889899	0.5246	0.2878	0.3594	-0.4000	-0.5289	-0.0789
2	39040098	39040498	0.1574	-0.1585	-0.5427	-0.3527	0.1044	0.1715
2	39129499	39129899	-0.3574	-0.8394	-1.2968	-0.9989	-1.5667	-1.8683
2	39249499	39249899	0.9815	0.9759	1.3463	1.7690	1.6784	1.6785
2	39400098	39400498	0.9119	-0.0308	-0.4556	-0.0600	-0.0284	-0.0065
2	39489499	39489899	0.0968	-0.1270	0.0126	-0.1137	0.6117	-0.2617
2	39609499	39609899	-0.4109	0.1960	-0.1812	0.1506	0.2176	-0.3250
2	39760098	39760498	-0.0604	-0.4792	-0.5753	-0.1483	-0.3745	0.7267
2	39849499	39849899	0.1115	0.1283	0.0978	-0.6677	0.2163	-0.1261
2	39969499	39969899	-0.0940	0.2020	0.0795	0.1571	-0.1215	-0.3039
2	40120098	40120498	0.2951	-0.0346	-0.1245	0.3808	0.0986	0.0856
2	40209499	40209899	-0.0736	0.1171	-0.0886	0.3769	0.2006	0.3969
2	40329499	40329899	-0.1955	0.4336	0.0576	0.3855	0.1353	0.8168
2	40480098	40480498	0.2317	-0.0771	0.0799	-0.2078	0.1432	0.4145
2	40569499	40569899	-1.1150	-1.1199	-0.8532	-1.6835	-1.7219	-1.8611
2	40689499	40689899	0.1494	-0.2220	-0.0691	-0.4841	0.1026	-0.2319
2	40840098	40840498	0.3639	0.1089	-0.2648	0.5181	0.4138	-0.2400
2	40929499	40929899	0.3312	0.0403	-0.3826	0.4311	0.0703	-0.7255
2	41049499	41049899	-0.1701	0.3862	0.3739	-0.1854	-0.1023	0.5305
2	41200098	41200498	0.1791	0.1590	-0.0727	0.3347	-0.2658	0.1187
2	41289499	41289899	-0.1068	-0.2516	-0.3891	-0.1800	0.7517	1.0036
2	41409499	41409899	0.3500	-0.6966	-0.1951	0.5057	0.0958	-0.1254
2	41560098	41560498	-0.0079	-0.1306	0.5284	0.2689	-0.1229	0.1072
2	41649499	41649899	0.3239	-0.1385	-0.6316	0.6690	-0.0182	-0.8175
2	41769499	41769899	0.2453	-0.2936	-0.6378	0.3848	-0.0384	0.1165
2	41920098	41920498	-0.2643	-0.0525	0.2680	-0.2427	-0.2304	-0.0872
2	42009499	42009899	0.1860	-0.1025	0.1682	0.0813	0.3036	0.3382
2	42129499	42129899	-0.1924	-0.0835	-0.0441	0.3743	-0.1849	0.3469
2	42280098	42280498	1.2638	1.4420	1.3978	1.4149	1.9767	1.5854
2	42369499	42369899	-0.0858	0.0789	-0.1414	-0.2334	0.4388	-0.5051
2	42489499	42489899	-0.1336	-0.1560	0.3691	-0.2221	-0.5600	0.3274
2	42640098	42640498	-0.0204	-0.2780	-0.1700	-0.0112	0.5233	-0.0648
2	42729499	42729899	0.3366	0.3159	-0.1922	-0.5131	-0.0136	0.3117
2	42849499	42849899	-0.0024	0.2965	0.2657	-0.3347	-0.1063	-0.2294
2	43000098	43000498	-0.0509	-0.1864	-0.3791	0.1271	-0.8702	0.4347
2	43089499	43089899	0.2931	0.7407	1.0313	1.0024	0.8497	1.1515
2	43209499	43209899	-0.0641	0.0891	-0.2639	-0.2103	-0.2751	0.4001
2	43360098	43360498	-0.1311	-0.1854	0.1589	0.2413	-0.0143	0.0035
2	43449499	43449899	0.4525	0.2129	0.2163	0.3714	-0.5439	-0.2079
2	43569499	43569899	0.3555	0.0724	-0.4551	-0.5541	0.1585	0.7433
2	43720098	43720498	-0.1204	-0.4624	-0.1341	0.5499	-0.5112	0.1517
2	43809499	43809899	-0.3806	-0.4284	-0.2115	0.1426	0.2119	-0.1916
2	43929499	43929899	-0.4335	-0.0959	0.0615	-0.0025	-0.1540	-0.3397
2	44080098	44080498	-0.5480	-0.1201	-0.0584	0.1917	0.3221	0.1990
2	44169499	44169899	-0.0637	0.3075	-0.9235	0.4119	-0.0345	-0.3469
2	44289499	44289899	0.0650	-0.0547	0.0725	0.0537	0.7475	0.1206
2	44440098	44440498	-0.7960	-0.1358	0.2079	0.3487	-0.0912	0.3802
2	44529499	44529899	-0.5899	-0.3298	0.3518	0.0493	-0.4922	0.3738
2	44649499	44649899	-0.1087	0.4735	-0.4497	0.0374	-0.1402	0.1248
2	44800098	44800498	0.2179	-0.2879	0.1952	0.7863	0.0425	0.4939
2	44889499	44889899	0.6244	0.2397	0.9440	0.2851	0.2816	0.1151
2	45009499	45009899	1.0567	1.1582	1.4274	1.7821	1.7147	1.6885
2	45160098	45160498	-0.3498	0.0735	-0.6643	0.5172	0.1742	0.5520
2	45249499	45249899	0.0074	-0.2599	-0.1999	-0.3306	0.0883	0.2174
2	45369499	45369899	0.1913	0.4145	0.2382	-0.0819	0.5911	0.2855
2	45520098	45520498	0.5977	0.5974	1.2313	1.7988	1.4732	1.4275
2	45609499	45609899	-0.1462	-0.3817	-0.1038	0.1317	0.0557	0.2125
2	45729499	45729899	0.0727	0.2636	0.5690	-0.0140	-0.7445	0.7305
2	45880098	45880498	0.1003	0.0616	-0.3156	-0.0278	0.2870	-0.0634
2	45969499	45969899	-0.1299	0.0943	-0.0583	-0.1384	0.0930	0.0185
2	46089499	46089899	0.0738	-0.4274	-0.0864	0.0146	-0.2308	-0.8826
2	46240098	46240498	1.0880	0.8232	0.4829	1.3006	2.1269	1.7573
2	46329499	46329899	0.2091	-0.3704	0.3936	-0.0671	0.2045	-0.1105
2	46449499	46449899	0.5524	0.4177	-0.0738	0.0633	-0.3265	-0.1556
2	46600098	46600498	-0.1938	0.4260	0.1263	-0.2735	-0.1563	-0.1536
2	46689499	46689899	-0.4110	0.0274	0.1179	0.1802	0.0698	-0.4878
2	46809499	46809899	0.3291	-0.3203	-0.2839	-0.0894	0.2014	-0.0040
2	46960098	46960498	0.2540	0.1457	-0.1129	0.4665	0.2557	-0.0538
2	47049499	47049899	1.1407	1.3715	1.9935	1.7319	1.5535	1.9243
2	47169499	47169899	-1.0855	-1.2245	-0.9433	-1.4459	-1.9107	-1.2531
2	47320098	47320498	0.0173	-0.1167	0.1554	0.2738	-0.2817	-0.1873
2	47409499	47409899	0.8757	1.1879	2.2995	1.7695	1.3084	1.2508
2	47529499	47529899	0.3706	-0.0318	-0.3189	0.2860	0.2468	-0.3375
2	47680098	47680498	-0.1399	0.0838	-0.2099	0.1668	0.4051	0.3617
2	47769499	47769899	0.2310	0.3579	-0.3459	-0.2648	-0.1702	0.9650
2	47889499	47889899	0.0296	0.4268	-0.3417	-0.0930	-0.6621	-0.2783
2	48040098	48040498	0.5836	0.2722	0.2488	-0.1138	-0.2533	0.3342
2	48129499	48129899	0.4628	0.1737	0.0189	0.4321	0.5352	0.2083
2	48249499	48249899	-0.2695	0.1809	0.0812	0.0610	-0.3362	0.1555
2	48400098	48400498	-0.0633	-0.2047	-0.0807	-0.3604	-0.3873	-0.2777
2	48489499	48489899	0.2638	0.1498	-0.3554	0.4033	-0.1693	-0.0878
2	48609499	48609899	-0.2870	-0.0210	0.5681	0.4833	-0.3025	0.0024
2	48760098	48760498	1.0378	0.0105	-0.0285	0.3141	-0.2347	0.0825
2	48849499	48849899	0.2968	0.1788	-0.4058	0.3759	-0.0866	-0.1989
2	48969499	48969899	-0.8291	0.0322	-0.1742	-0.7044	-0.3443	0.2753
2	49120098	49120498	0.2222	0.1001	-0.0258	0.1312	-0.1465	-0.2671
2	49209499	49209899	0.0585	-0.1406	-0.1444	0.1879	0.1685	-0.4520
2	49329499	49329899	0.5685	-0.4233	-0.4298	0.1594	-0.6135	0.2431
2	49480098	49480498	0.4345	-0.1499	-0.1993	-0.2793	0.0996	-0.7045
2	49569499	49569899	0.6451	0.3248	0.3839	0.1337	-0.1828	-0.4615
2	49689499	49689899	0.2819	0.0381	-0.5367	0.2699	-0.0812	0.2675
2	49840098	49840498	-0.6313	0.2320	0.2186	0.1471	0.0512	-0.6948
2	49929499	49929899	0.0884	0.5390	-0.1899	-0.0006	0.0700	-0.0702
2	50049499	50049899	-0.2453	-0.8021	-1.1282	-1.1474	-1.0769	-2.0208
2	50200098	50200498	0.2799	0.2368	0.3094	0.1731	-0.4412	-0.2091
2	50289499	50289899	0.4700	0.1038	0.1465	-0.0949	0.3739	0.0154
2	50409499	50409899	-0.3926	-0.1040	0.1002	0.3045	-0.4667	0.2121
2	50560098	50560498	0.6380	-0.1339	-0.5374	-0.1418	-0.0119	0.8164
2	50649499	50649899	0.3307	-0.1992	-0.3639	-0.2913	-0.1596	0.0884
2	50769499	50769899	0.0492	-0.0546	0.1360	-0.3999	0.2076	-0.0750
2	50920098	50920498	-0.0589	0.0634	-0.2992	0.0790	-0.1629	0.4152
2	51009499	51009899	0.8090	-0.0730	0.0544	-0.2091	-0.1184	0.2807
2	51129499	51129899	0.4953	-0.3363	0.4440	-0.1686	0.2933	-0.2407
2	51280098	51280498	-0.2453	0.2938	0.4901	-0.0242	-0.1545	0.6062
2	51369499	51369899	0.3889	0.1249	0.3658	-0.0613	0.0797	0.0106
2	51489499	51489899	0.2263	-0.1493	-0.0572	-0.1613	0.0379	-0.0632
2	51640098	51640498	0.3453	-0.1025	-0.1225	-0.2396	0.6634	-0.1219
2	51729499	51729899	0.0304	0.4277	-0.2866	-0.3925	-0.0062	0.3271
2	51849499	51849899	0.6388	-0.4067	0.5685	-0.3809	-0.3134	0.2819
2	52000098	52000498	-0.1740	0.1337	0.1127	0.0411	0.2981	0.1659
2	52089499	52089899	-0.3246	-0.3941	0.5129	0.3109	0.3654	-0.3254
2	52209499	52209899	-0.2154	0.3372	0.4530	-0.1014	0.3701	0.3164
2	52360098	52360498	0.1479	-0.3272	0.8647	-0.1313	-0.0196	-0.6990
2	52449499	52449899	0.5447	-0.4697	-0.1671	-0.1244	0.1702	-0.1341
2	52569499	52569899	0.3201	0.2871	-0.3260	0.3652	0.6700	-0.2739
2	52720098	52720498	-0.4483	-0.2144	0.6176	0.0813	-0.1018	0.3441
2	52809499	52809899	-0.9426	-0.1564	0.3861	-0.4510	0.2842	-0.0583
2	52929499	52929899	0.2871	-0.1381	-0.2611	0.1247	-0.3233	0.6210
2	53080098	53080498	-0.2672	0.0012	0.1334	-0.3359	-0.0700	-0.2106
2	53169499	53169899	-0.0360	-0.2137	-0.3943	0.0103	-0.6550	-0.1980
2	53289499	53289899	-0.3492	-0.4149	-0.1107	-0.0104	0.1488	-0.1025
2	53440098	53440498	-0.3150	-0.4682	-0.2344	0.0258	0.4673	-0.2985
2	53529499	53529899	-0.2355	0.5392	0.0933	0.5103	0.8788	0.1441
2	53649499	53649899	-0.2905	-0.5298	-0.4413	-0.0761	-0.0540	0.4758
2	53800098	53800498	-0.1051	0.9488	0.1624	0.0271	0.1083	0.1398
2	53889499	53889899	0.3972	0.3007	0.0010	0.2739	0.0944	-0.6378
2	54009499	54009899	-0.2677	0.1628	0.2441	0.1082	0.0909	0.7441
2	54160098	54160498	0.1392	0.2331	0.4024	-0.2142	-0.2394	0.1781
2	54249499	54249899	0.4981	0.9274	0.6124	1.9714	1.1252	2.0436
2	54369499	54369899	0.5234	-0.0449	0.3719	-0.1183	0.2667	-0.3143
2	54520098	54520498	-0.4294	-0.2031	0.5695	-0.2452	-0.1647	-0.6667
2	54609499	54609899	0.0966	-0.3320	-0.0609	0.0250	0.3625	-0.6924
2	54729499	54729899	0.1755	0.6677	0.3341	-0.1323	0.0042	0.0908
2	54880098	54880498	-0.7177	-0.7845	-0.1523	0.3670	0.1521	0.2108
2	54969499	54969899	0.1014	0.0834	-0.0877	-0.1067	0.4637	0.3682
2	55089499	55089899	1.0563	1.2791	0.3348	0.8799	1.2787	0.9916
2	55240098	55240498	0.3983	0.0431	-0.0592	-0.2881	0.0470	-0.6486
2	55329499	55329899	0.3864	-0.4422	0.0976	0.0337	0.0628	0.6617
2	55449499	55449899	0.2728	0.0594	-0.2019	0.0884	0.5995	0.1515
2	55600098	55600498	-0.0907	-0.3176	-0.1488	0.3037	0.1814	0.0139
2	55689499	55689899	-0.1409	0.5136	-0.0214	0.2433	-0.1148	-0.3028
2	55809499	55809899	0.4999	-0.1242	0.5135	0.6222	-0.1058	1.1133
2	55960098	55960498	-0.2527	-0.3136	-0.4966	0.0254	-0.0979	0.4614
2	56049499	56049899	0.1298	0.2728	-0.7315	0.2225	-0.0262	0.2872
2	56169499	56169899	0.6583	0.0015	0.1683	-0.1618	0.2724	-0.0923
2	56320098	56320498	-0.3292	0.5071	-0.2794	-0.2019	-0.3139	0.1480
2	56409499	56409899	0.6635	-0.0532	-0.4560	0.2572	0.1918	0.2550
2	56529499	56529899	0.9647	-0.5192	0.0823	0.1273	-0.4614	0.3336
2	56680098	56680498	-0.4848	0.2089	0.3461	-0.1280	0.0146	-0.1893
2	56769499	56769899	0.0450	-0.2434	-0.0802	-0.2515	-0.3316	-0.5021
2	56889499	56889899	0.1743	0.3172	0.3652	-0.1865	0.1319	0.2622
2	57040098	57040498	-0.3359	-0.8720	0.6111	0.1817	0.3701	-0.1314
2	57129499	57129899	0.5072	0.4285	0.0535	0.3889	-0.2346	-0.3512
2	57249499	57249899	0.5640	-0.1368	-0.2897	0.1209	0.0310	0.0138
2	57400098	57400498	0.0475	-0.0228	0.2034	1.0045	0.0678	-0.0187
2	57489499	57489899	0.2226	0.2120	-0.2303	-0.3849	0.3533	0.2262
3	9499	9899	-1.0201	-0.7649	-1.8898	-0.7185	-1.2777	-1.9410
3	60000	60400	-0.4097	0.1062	-0.2046	0.2944	-0.2230	0.4822
3	129499	129899	0.0368	-0.3549	-0.1653	0.0336	-0.0659	0.0750
3	180000	180400	0.2734	0.1171	-0.2275	-0.5458	0.3170	-0.0562
3	280098	280498	-0.3086	0.0104	0.1147	0.2848	0.2899	-0.1503
3	300000	300400	0.4492	-0.2021	-0.5648	0.1729	0.4674	-0.3519
3	369499	369899	-0.6624	-0.1414	-0.4790	0.1157	0.3863	0.0268
3	420000	420400	0.2686	-0.6702	-0.0461	0.3427	-0.4590	0.4024
3	489499	489899	0.0377	-0.2060	0.0998	0.6014	0.2242	0.3675
3	540000	540400	0.4578	-0.1561	0.6116	0.4231	0.4274	0.7560
3	640098	640498	0.0739	0.2967	0.3895	-0.2466	0.2965	-0.3641
3	660000	660400	0.1129	0.1063	0.2133	0.5809	0.0174	-0.0791
3	729499	729899	0.1717	0.1245	-0.0075	-0.3885	0.6135	-0.8148
3	780000	780400	-0.0527	-0.2102	-0.4582	0.7229	-0.1002	-0.6448
3	849499	849899	0.3089	0.2401	-0.1231	0.5155	-0.0488	-0.1932
3	900000	900400	0.3069	-0.9108	-0.3356	-0.3641	0.7396	-0.7257
3	1000098	1000498	0.3674	0.3299	-0.5066	-0.0494	0.0928	0.0768
3	1020000	1020400	-0.3060	-0.3750	-0.5674	-0.0463	-0.2350	-0.2137
3	1089499	1089899	0.0304	0.1671	-0.1667	0.5674	0.0007	-0.1094
3	1140000	1140400	-0.0430	0.8723	0.2722	-0.3919	-0.4153	0.1577
3	1209499	1209899	0.0947	0.2449	0.3482	-0.1702	0.1808	-0.4075
3	1260000	1260400	-0.2345	0.2009	-0.2808	0.4604	-0.5059	0.0131
3	1360098	1360498	0.1365	0.4458	0.3710	-0.0136	-0.2572	-0.0579
3	1380000	1380400	0.5678	-0.0119	1.0159	-0.3253	0.6408	0.1148
3	1449499	1449899	-0.3176	0.4203	0.1280	0.3621	-0.3852	-0.0620
3	1500000	1500400	0.2873	-0.1262	0.0084	0.1622	-0.2646	-0.4896
3	1569499	1569899	-0.2130	-0.3381	0.3626	-0.2552	0.2806	0.2391
3	1620000	1620400	0.0648	0.5761	-0.3717	-0.1740	0.5079	-0.1773
3	1720098	1720498	0.3548	0.1426	-0.1446	-0.5653	-0.0952	0.2250
3	1740000	1740400	-0.2061	-0.0486	0.1500	-0.4449	-0.3291	-0.0011
3	1809499	1809899	-0.2900	-0.8093	0.0516	0.0404	-0.3100	-0.2516
3	1860000	1860400	-0.1594	-0.2291	0.1155	0.1227	-0.8282	0.4608
3	1929499	1929899	0.1146	0.1870	0.3115	-0.0024	0.1009	-0.3519
3	1980000	1980400	-0.0336	-0.4034	0.0786	0.2980	-0.4760	0.2484
3	2080098	2080498	-0.1641	0.4798	-0.1235	0.4136	0.1390	-0.5218
3	2100000	2100400	0.3316	0.0072	-0.6331	-0.4481	-0.1317	0.0448
3	2169499	2169899	-0.4567	0.7153	0.1440	0.0401	0.6145	-0.0123
3	2220000	2220400	0.3956	0.3583	0.2774	-0.0360	0.0077	-0.2897
3	2289499	2289899	0.7450	0.5143	-0.3242	-0.2412	0.0477	0.2524
3	2340000	2340400	0.3250	0.0444	0.0390	-0.0916	0.6341	-0.1274
3	2440098	2440498	0.0807	-0.2039	-0.2428	0.1590	0.5236	0.0381
3	2460000	2460400	0.1264	-0.4715	-0.1371	-0.2421	-0.0836	0.2643
3	2529499	2529899	-0.4506	-0.3048	0.0383	0.3779	0.4374	-0.1554
3	2580000	2580400	0.4573	-0.0388	0.0246	-0.0547	-0.1096	0.1056
3	2649499	2649899	0.4389	0.2080	-0.4917	0.3287	-0.1835	-0.8161
3	2700000	2700400	0.3118	-0.3247	-0.2447	0.4447	-0.5102	0.0209
3	2800098	2800498	-0.0602	-0.2849	-0.2986	0.9031	-0.1390	-0.1448
3	2820000	2820400	-0.9590	-0.0732	0.1838	0.3005	0.1616	-0.5980
3	2889499	2889899	0.5351	0.0181	-0.4859	0.0205	-0.0908	-0.9327
3	2940000	2940400	-0.1372	0.2415	-0.0605	-0.1461	0.0678	0.3573
3	3009499	3009899	-0.8682	-0.7705	-1.1711	-2.3238	-1.8776	-1.6935
3	3060000	3060400	-0.8687	-0.0447	0.2714	-0.0276	0.3163	-0.0073
3	3160098	3160498	0.6186	-0.1008	0.6794	0.1753	-0.3324	-0.3663
3	3180000	3180400	0.1487	0.3561	-0.8300	-0.3450	0.4493	-0.7407
3	3249499	3249899	-0.1247	0.0126	-0.8097	-0.4664	-0.2892	0.0370
3	3300000	3300400	0.4872	0.0726	0.6572	0.4337	0.0513	-0.1972
3	3369499	3369899	0.7407	0.1907	0.8139	2.1161	2.0702	1.8821
3	3420000	3420400	0.3364	0.1944	0.4089	0.1954	-0.0740	0.8517
3	3520098	3520498	-0.5415	-0.4361	0.6284	0.1268	-0.0263	0.1115
3	3540000	3540400	0.1994	-0.1678	-0.1442	0.3601	-0.3063	-0.0461
3	3609499	3609899	-0.5233	-0.0639	0.1472	-0.0087	0.0985	-0.7625
3	3660000	3660400	0.5594	-0.0486	-0.2585	-0.4175	0.2066	-0.1212
3	3729499	3729899	-0.3894	-0.0301	-0.0770	-0.1869	0.2224	0.2881
3	3780000	3780400	0.1062	0.0165	0.0322	-0.5234	0.2021	0.0332
3	3880098	3880498	0.0899	-0.1608	-0.3914	0.1229	0.7761	0.2528
3	3900000	3900400	0.1232	-0.3697	-0.2298	-0.3397	0.1846	0.0414
3	3969499	3969899	0.5101	-0.3948	0.1526	-0.4402	0.7961	-0.1354
3	4020000	4020400	0.2425	-0.1099	0.5538	0.0034	0.6286	-0.0720
3	4089499	4089899	-1.0685	-0.6576	-0.6958	-1.9372	-1.5664	-1.6362
3	4140000	4140400	-0.0996	-0.0915	0.3386	-0.4678	-0.0673	-0.1230
3	4240098	4240498	0.3182	0.2489	0.2689	0.5386	-0.4282	-0.0989
3	4260000	4260400	0.3584	-0.4266	-0.0531	0.1300	0.1829	-0.5674
3	4329499	4329899	-0.1003	-0.1308	-0.3304	-0.0305	-0.1712	-0.7923
3	4380000	4380400	0.2269	0.0568	0.0256	0.0987	0.1895	0.1216
3	4449499	4449899	0.8931	0.3240	0.3095	-0.2054	-0.0421	0.2235
3	4500000	4500400	-0.1158	-0.2426	0.3331	-0.0073	0.2996	-1.0365
3	4600098	4600498	-0.5969	0.2698	0.6858	-0.1604	-0.6005	-0.4919
3	4620000	4620400	-0.3924	0.7313	0.4927	0.3534	0.3620	-0.2116
3	4689499	4689899	1.2876	0.8894	0.8729	1.2260	1.4072	1.7564
3	4740000	4740400	-0.6098	0.3881	-0.2454	-0.1415	0.0708	-0.2648
3	4809499	4809899	-0.4352	0.0260	0.9230	0.4773	0.1051	0.2479
3	4960098	4960498	-0.3035	-0.4170	0.3035	0.0959	-0.3362	-0.2286
3	5049499	5049899	-0.2900	-0.2107	-0.0955	0.1289	-0.0503	0.2135
3	5169499	5169899	-0.2350	0.5330	-0.0548	-0.2124	0.5998	0.0161
3	5320098	5320498	0.2831	0.2993	0.3636	0.0659	0.1501	0.2598
3	5409499	5409899	-0.3796	0.3677	-0.1579	0.5867	-0.2443	0.3532
3	5529499	5529899	-0.4557	0.1189	-0.1498	0.0669	-0.1477	0.1558
3	5680098	5680498	-0.6975	-0.1337	0.3260	0.1120	0.1972	-0.1229
3	5769499	5769899	-0.3399	-0.1696	-0.3043	-0.0104	0.0219	-0.1846
3	5889499	5889899	-0.6228	0.0827	0.1410	0.1235	0.2248	0.2632
3	6040098	6040498	0.1066	0.0665	-0.1760	-0.0698	-0.4815	-0.7441
3	6129499	6129899	0.3961	-0.5683	-0.0828	0.0790	0.4532	0.0500
3	6249499	6249899	-0.1900	0.5061	0.0429	-0.0165	0.5285	-0.2515
3	6400098	6400498	0.4564	-0.1047	-0.3099	-0.1765	-0.0149	0.3913
3	6489499	6489899	0.1620	0.1855	-0.6975	-0.0161	0.0382	-0.2638
3	6609499	6609899	0.2651	0.3549	-0.0721	-0.4281	0.2106	0.5909
3	6760098	6760498	0.1135	-0.1327	-0.0919	0.3621	0.3406	-0.2965
3	6849499	6849899	-0.0271	0.5349	-0.3126	0.0067	-0.1690	0.1784
3	6969499	6969899	-0.8879	-1.3716	-1.3560	-1.2480	-1.9151	-2.0927
3	7120098	7120498	-0.2343	-0.0362	-0.3293	0.2778	0.4782	-0.2112
3	7209499	7209899	0.0408	0.3728	-0.1064	-0.3843	-0.0012	0.4986
3	7329499	7329899	0.1866	0.1755	-1.0751	0.1974	-0.2451	-0.3830
3	7480098	7480498	0.7491	1.1264	1.2192	1.8128	1.3783	1.2162
3	7569499	7569899	1.0215	0.6383	0.8268	0.5760	1.0604	1.5530
3	7689499	7689899	0.6776	0.2200	0.2946	0.1687	-0.3236	-0.1540
3	7840098	7840498	0.2397	0.0802	0.3171	-0.5531	-0.6118	0.1270
3	7929499	7929899	-0.7252	-0.2436	0.4310	-0.1195	0.2370	0.5735
3	8049499	8049899	-0.2241	0.3522	0.0671	0.0203	0.4553	-0.1940
3	8200098	8200498	0.4686	1.2200	1.5537	1.2433	1.3512	2.1359
3	8289499	8289899	-0.1502	0.7408	-0.2304	-0.1322	-0.5677	0.0678
3	8409499	8409899	0.9579	1.5562	1.0550	0.5744	1.6377	2.1865
3	8560098	8560498	0.1989	-0.4073	0.3101	0.0628	-0.3157	-0.4729
3	8649499	8649899	-0.2233	0.4065	-0.0773	-0.4410	-0.2549	0.3209
3	8769499	8769899	-0.0345	0.2631	-0.3087	-0.1764	-0.5360	0.1798
3	8920098	8920498	0.1033	0.1490	0.0214	-0.2195	-0.1570	0.3565
3	9009499	9009899	-0.2571	-0.4970	0.0056	0.0688	0.2845	-0.4599
3	9129499	9129899	0.0012	0.2202	-0.0765	0.2624	-0.3461	0.4258
3	9280098	9280498	0.2438	0.5020	-0.1157	0.1830	-0.2727	0.3018
3	9369499	9369899	0.0471	-0.2338	0.3028	0.4552	-0.1587	-0.4502
3	9489499	9489899	-0.0809	0.2466	-0.2514	-0.2631	-0.0128	0.3086
3	9640098	9640498	0.3003	0.2390	0.0561	-0.7855	-0.2904	-0.0733
3	9729499	9729899	0.2709	1.0439	1.0796	1.3038	1.8889	1.4778
3	9849499	9849899	-0.9875	-1.1844	-0.5813	-1.0541	-1.0932	-1.4876
3	10000098	10000498	0.3034	0.2079	0.3059	-0.1424	0.0991	0.4047
3	10089499	10089899	1.1813	0.7456	1.5372	1.6229	1.8883	1.2409
3	10209499	10209899	0.4138	-0.6360	-0.2962	-0.2652	0.2304	-0.0099
3	10360098	10360498	0.2533	-0.3778	-0.5855	0.5002	-0.2915	-0.1191
3	10449499	10449899	-0.2022	-0.1370	0.3056	-0.0022	-0.4102	-0.0779
3	10569499	10569899	-0.5150	-0.4032	0.1425	0.3300	-0.2280	-0.2704
3	10720098	10720498	-0.3609	-0.2660	-0.4510	0.6596	0.1583	0.1717
3	10809499	10809899	1.0877	-0.1046	-0.6343	-0.4418	-0.5969	-0.0050
3	10929499	10929899	0.4888	0.9099	0.9814	1.3008	2.0564	1.9313
3	11080098	11080498	0.2980	-0.0476	-0.0687	0.5493	0.2661	-0.2001
3	11169499	11169899	-0.2734	-0.6637	0.0138	-0.0818	-0.1933	-0.3217
3	11289499	11289899	-0.1874	0.3969	0.2848	0.3807	-0.3584	0.0392
3	11440098	11440498	0.0901	-0.3265	-0.0594	0.4236	0.0548	0.2124
3	11529499	11529899	0.3918	0.8917	1.3545	1.2856	1.6831	1.4772
3	11649499	11649899	0.7240	0.7513	1.6053	1.1758	1.0646	2.3317
3	11800098	11800498	-0.0277	0.2694	-0.1669	-0.0637	-0.7025	-0.5119
3	11889499	11889899	0.2291	-0.4463	-0.3439	-0.1923	-0.9010	0.3264
3	12009499	12009899	1.0008	1.1980	0.9472	1.1874	1.7411	1.7124
3	12160098	12160498	0.3852	0.4465	0.0316	-0.3920	0.2690	0.0153
3	12249499	12249899	0.6557	-0.4580	-0.1384	1.0217	0.4855	-0.1162
3	12369499	12369899	-0.0954	-0.1319	-0.4012	0.0106	0.5752	0.0969
3	12520098	12520498	0.3709	0.0958	-0.2833	0.0411	0.3957	0.0001
3	12609499	12609899	-0.0321	0.0060	-0.4449	0.7341	-0.1385	0.1889
3	12729499	12729899	-0.0584	0.0894	0.1346	-0.2493	0.3973	0.2293
3	12880098	12880498	1.1107	0.9460	0.6796	1.2700	0.5879	1.8178
3	12969499	12969899	0.3031	-0.0688	0.4799	-0.0939	0.1826	0.1739
3	13089499	13089899	0.2130	0.0405	0.2322	-0.3122	-0.4942	0.1831
3	13240098	13240498	-0.5215	-0.5274	-0.5358	-0.1677	0.1910	-0.1670
3	13329499	13329899	-0.0115	-0.1311	0.0355	-0.4699	0.2713	0.1479
3	13449499	13449899	-0.1190	0.3749	-0.1279	0.7421	0.5593	-0.0617
3	13600098	13600498	-0.0062	-0.4509	-0.1752	-0.3111	0.2055	-0.6304
3	13689499	13689899	0.0894	-0.4373	-0.9631	0.1340	0.0528	0.4420
3	13809499	13809899	-0.7649	-0.7249	-1.6476	-1.9025	-2.0065	-1.0710
3	13960098	13960498	-0.4004	-0.1684	0.3944	-0.7316	-0.3944	-0.1374
3	14049499	14049899	-0.2516	0.5158	-0.0022	0.3195	-0.4793	-0.2336
3	14169499	14169899	-0.1343	0.0216	-0.1034	0.1108	0.2997	-0.6093
3	14320098	14320498	0.2013	-0.3438	0.6492	-0.3693	0.2619	-0.0649
3	14409499	14409899	0.5328	-0.2747	0.0145	-0.1366	0.0747	-0.0686
3	14529499	14529899	-0.1953	-0.1248	0.2486	0.0652	-0.0605	0.1239
3	14680098	14680498	-0.0361	-0.2949	-0.4172	0.5291	-0.0167	0.4185
3	14769499	14769899	0.8754	0.7434	1.1474	1.2206	2.0176	2.0268
3	14889499	14889899	0.2024	-0.2288	-0.0976	-0.4149	-0.8581	-0.0513
3	15040098	15040498	-0.3381	-0.3111	0.1838	0.6439	0.2470	0.0015
3	15129499	15129899	-0.4827	-0.4417	0.3709	-0.1193	0.1903	0.2049
3	15249499	15249899	0.2023	-0.4875	0.2293	-0.4229	-0.0154	0.2902
3	15400098	15400498	0.1086	-0.1547	-0.1910	-0.2479	0.4857	0.2013
3	15489499	15489899	0.0775	-0.4633	0.3291	0.2033	0.7025	0.1740
3	15609499	15609899	0.1762	0.0941	0.0444	-0.4507	-0.2954	0.4539
3	15760098	15760498	0.1549	0.1569	-0.7032	-0.0892	-0.0947	-0.0935
3	15849499	15849899	-0.0433	-0.3503	-0.3436	-0.1874	-0.1970	-0.1699
3	15969499	15969899	0.2091	0.4325	-0.5529	0.7067	-0.1160	0.1988
3	16120098	16120498	-0.2955	-0.2147	0.9180	-0.7223	0.6171	0.2373
3	16209499	16209899	0.2624	-0.0389	0.1708	0.5147	0.8122	0.7440
3	16329499	16329899	0.2321	0.2460	0.0501	-0.4892	0.2546	0.3079
3	16480098	16480498	-1.2709	-1.1540	-0.1875	-1.2188	-1.0772	-1.2510
3	16569499	16569899	0.0764	-1.1034	0.2002	-0.2981	0.2014	-0.3884
3	16689499	16689899	0.5400	-0.3337	0.3299	0.0987	-0.2453	-0.3438
3	16840098	16840498	0.3693	-0.1943	-0.1549	0.2721	0.3813	-0.2813
3	16929499	16929899	0.2985	0.4098	0.0779	-0.2871	0.0204	0.1115
3	17049499	17049899	0.3355	0.1958	0.3669	0.3000	-0.1039	-0.1711
3	17200098	17200498	1.0188	0.8853	0.9873	1.0751	1.5321	1.9655
3	17289499	17289899	1.4181	1.2411	0.9426	1.4528	1.3267	1.6493
3	17409499	17409899	0.2277	-0.2542	-0.1630	0.2178	-0.8940	0.2611
3	17560098	17560498	-0.1539	-0.1447	-0.3039	-0.0662	-0.2362	0.0291
3	17649499	17649899	-0.1775	0.4181	0.6854	-0.5012	-0.7106	-0.2197
3	17769499	17769899	-0.1692	0.1684	-0.0928	-0.4612	-0.2808	0.3377
3	17920098	17920498	0.3924	-0.0471	0.0899	-0.0221	-0.2907	-0.9382
3	18009499	18009899	-0.0337	-1.0894	-0.7583	0.2052	0.0108	-0.2474
3	18129499	18129899	0.0734	0.1945	0.1494	0.0787	0.5144	0.6085
3	18280098	18280498	-0.0196	-0.2238	0.3211	0.5379	0.2290	-0.3290
3	18369499	18369899	0.2836	-0.7136	-0.1958	0.3955	-0.3629	-0.3174
3	18489499	18489899	0.2854	0.0022	0.0418	0.5683	0.6534	0.2121
3	18640098	18640498	0.6898	-0.3676	0.7253	-0.3792	-0.2932	-0.5329
3	18729499	18729899	0.2568	0.5410	1.3921	1.7512	1.7868	1.2722
3	18849499	18849899	-0.0369	0.1872	-0.3559	-0.1121	-0.3790	-0.3562
3	19000098	19000498	1.0476	1.0326	1.7986	1.5418	1.6843	1.2629
3	19089499	19089899	0.4609	0.1291	-0.1354	0.0159	0.2161	0.6162
3	19209499	19209899	0.0741	0.1612	0.7359	0.1340	0.1188	0.5151
3	19360098	19360498	1.2950	1.1393	1.2630	1.5727	1.3252	2.3594
3	19449499	19449899	0.0313	0.2346	0.0797	-0.0332	-0.1875	0.3600
3	19569499	19569899	-0.1064	-0.1383	-0.1994	-0.1389	0.4706	0.0938
3	19720098	19720498	0.3439	1.1460	1.4684	1.1120	1.3891	2.5784
3	19809499	19809899	-0.0143	-0.4223	-0.2813	-0.1565	-0.2971	0.1629
3	19929499	19929899	-0.0261	0.2817	0.0729	-0.3277	-0.0082	-0.3695
3	20080098	20080498	-0.5173	-0.0214	-0.3059	-0.9176	-0.4843	0.0379
3	20169499	20169899	-0.2925	-0.2036	0.0819	-0.2945	-0.5165	0.0772
3	20289499	20289899	-0.5310	-0.4631	-0.5547	-0.1367	-0.0442	0.7663
3	20440098	20440498	0.6371	1.0367	0.5773	0.9151	0.9277	0.9585
3	20529499	20529899	0.8744	1.1635	0.6397	1.5140	2.0301	2.1576
3	20649499	20649899	0.5057	-0.0261	-0.2062	-0.0852	0.5267	0.1831
3	20800098	20800498	-0.5142	0.2113	0.3454	0.0750	-0.1164	0.0232
3	20889499	20889899	-0.0124	-0.0074	0.4517	0.0979	-0.1534	-0.4087
3	21009499	21009899	-0.3886	0.0653	0.1097	0.0466	-0.0192	-0.4882
3	21160098	21160498	0.0075	0.1733	-0.2443	-0.1349	0.0433	-0.1768
3	21249499	21249899	0.3779	0.4606	0.5086	0.2944	0.1286	0.6930
3	21369499	21369899	0.2975	0.3120	-0.1467	-0.0276	-0.1268	-0.0227
3	21520098	21520498	-0.3181	0.0756	0.4721	0.0816	0.0768	0.7210
3	21609499	21609899	-0.0097	-0.1757	-0.4205	-0.2954	0.1368	0.0881
3	21729499	21729899	-0.1532	0.1829	-0.0591	-0.0958	0.2359	-0.5762
3	21880098	21880498	0.6775	-0.6296	0.2310	0.0362	0.5320	-0.5131
3	21969499	21969899	-0.3449	0.2137	-0.5254	-0.0905	0.0541	0.2339
3	22089499	22089899	-0.3587	0.7925	-0.1654	-0.0447	-0.3124	0.1224
3	22240098	22240498	-0.2138	0.1590	0.0017	-0.2736	-0.4066	0.1979
3	22329499	22329899	0.0888	0.5377	-0.2776	0.0600	0.0200	0.1297
3	22449499	22449899	-0.5478	0.4825	0.0343	-0.9050	-0.3274	-0.5890
3	22600098	22600498	0.3026	1.3174	1.2953	1.4109	1.6588	1.6883
3	22689499	22689899	0.2365	0.1689	0.2600	-0.6336	-0.3688	0.1077
3	22809499	22809899	0.0030	0.5487	0.2748	-0.2225	0.0765	-0.2432
3	22960098	22960498	-0.0284	0.5663	-0.0051	-0.0836	-0.0155	-0.4682
3	23049499	23049899	-0.3164	-0.0604	-0.0517	0.4874	0.3568	-0.3343
3	23169499	23169899	-0.0199	0.3024	0.4680	0.5909	-0.5591	-0.3832
3	23320098	23320498	-0.0652	1.0422	1.4546	0.6966	1.0259	1.0137
3	23409499	23409899	-0.2081	-1.0249	-0.6207	-1.0688	-0.8420	-1.7137
3	23529499	23529899	-0.2393	0.3611	0.1667	0.1624	-0.1042	-0.6116
3	23680098	23680498	-0.2074	-0.3904	0.8981	-0.1791	0.2766	0.1022
3	23769499	23769899	0.0851	0.4468	-0.0119	0.1531	0.3164	-0.0993
3	23889499	23889899	0.2777	-0.7415	0.4030	0.0918	-0.4319	0.3830
3	24040098	24040498	0.1896	0.0612	-0.4198	0.5704	-0.2765	-0.3501
3	24129499	24129899	0.9550	-0.0280	-0.0955	-0.8041	0.1184	0.1430
3	24249499	24249899	-0.1410	-0.4351	0.0496	0.0576	0.2805	0.3244
3	24400098	24400498	0.1369	-0.2709	-0.5628	0.3368	0.2897	0.0642
3	24489499	24489899	0.1716	-0.1264	-0.3820	0.0325	0.0384	0.4518
3	24609499	24609899	-0.1391	0.0889	-0.2018	-0.1117	0.3640	-0.4920
3	24760098	24760498	0.2313	0.1824	0.1047	-0.0198	-0.3317	0.1605
3	24849499	24849899	-0.2213	0.2851	-0.6035	-0.5392	0.2913	0.1191
3	24969499	24969899	-0.5818	-0.4759	0.2427	0.0225	-0.4159	0.0771
3	25120098	25120498	-0.2992	0.2763	0.1164	0.1513	-0.2085	0.0596
3	25209499	25209899	-0.1772	-0.1672	-0.0614	0.0604	-0.2163	-0.1632
3	25329499	25329899	-0.1858	0.3537	0.1378	0.2973	-0.2566	-0.0028
3	25480098	25480498	0.1533	-0.3296	-0.2039	0.4372	-0.4202	-0.6800
3	25569499	25569899	0.9889	0.8764	1.1129	0.9024	1.1690	1.6046
3	25689499	25689899	-0.0706	0.0522	-0.5378	-0.3384	0.3254	-0.0629
3	25840098	25840498	0.4250	-0.1329	-0.0387	-0.1987	-0.2828	-0.2288
3	25929499	25929899	0.0063	0.1016	0.1478	0.4075	0.3902	-0.5582
3	26049499	26049899	0.0831	-0.4377	-0.0922	0.3224	-0.1477	-0.6753
3	26200098	26200498	0.2630	-0.1857	0.1169	-0.2072	-0.0111	0.3183
3	26289499	26289899	-0.0383	0.0668	-0.3799	0.0127	-0.0189	-0.4031
3	26409499	26409899	-0.6354	0.2507	-0.0398	0.1057	-0.2267	0.5181
3	26560098	26560498	0.1430	0.1569	-0.3095	-0.0567	-0.1200	0.0073
3	26649499	26649899	-0.6369	-0.0056	-0.0875	-0.2505	0.2213	-0.1065
3	26769499	26769899	0.2346	0.2321	0.1453	0.1284	-0.3775	-0.4608
3	26920098	26920498	0.6742	0.0278	-0.2496	-0.2616	0.1639	-0.0213
3	27009499	27009899	-0.5252	0.2342	0.1832	-0.0700	0.2960	0.2443
3	27129499	27129899	-0.3123	-0.5975	-0.2218	0.1820	-0.4925	0.1223
3	27280098	27280498	0.1813	0.6507	0.9570	0.4920	1.0491	1.3862
3	27369499	27369899	0.1434	0.0617	0.3645	0.2543	-0.8401	0.4353
3	27489499	27489899	1.0616	0.6561	1.2944	1.2233	1.4241	1.5857
3	27640098	27640498	-0.0003	-0.0861	0.2551	-0.0655	0.1208	0.3638
3	27729499	27729899	-0.1771	-0.0405	-0.4265	-0.7177	0.4954	0.1405
3	27849499	27849899	-0.0898	0.2506	0.2560	0.0025	0.5436	-0.2436
3	28000098	28000498	0.1321	-0.1766	0.2587	0.2720	0.3863	-0.1914
3	28089499	28089899	-0.0251	-0.0717	0.0484	0.5292	-0.0127	0.0686
3	28209499	28209899	-0.1427	-0.4641	-0.5258	-0.1586	-0.3146	0.0225
3	28360098	28360498	0.1945	0.1038	-0.0926	0.4617	0.4256	0.3145
3	28449499	28449899	0.2824	-0.6235	-0.3973	0.3064	0.2293	-0.6787
3	28569499	28569899	0.3084	-0.2606	-0.1370	0.0408	0.2289	-0.5870
3	28720098	28720498	-0.6970	0.0916	0.2905	-0.0869	0.5708	0.0175
3	28809499	28809899	0.2135	-0.3003	-0.2954	0.5493	0.9826	-0.1066
3	28929499	28929899	-0.3568	-0.0274	0.4202	-0.2120	-0.0810	0.0356
3	29080098	29080498	0.1614	-0.1816	-0.1984	0.2295	0.3508	-0.1123
3	29169499	29169899	0.2840	-0.1183	0.6922	-0.2330	0.0096	0.1007
3	29289499	29289899	0.0311	0.1968	0.3723	0.1811	-0.5867	-0.3066
3	29440098	29440498	0.5721	-0.1436	-0.2018	-0.3192	0.3318	-0.4656
3	29529499	29529899	1.2333	0.8068	1.6298	1.4362	1.8910	1.4920
3	29649499	29649899	0.0989	-0.4062	0.4089	0.0245	0.2541	0.5365
3	29800098	29800498	0.9800	1.1381	0.3512	1.3931	0.9514	1.6788
3	29889499	29889899	-0.9488	0.0029	0.1462	-0.0551	-0.5774	0.3814
3	30009499	30009899	0.1080	0.1413	0.0566	0.3629	0.1723	-0.0951
3	30160098	30160498	0.2088	0.0410	-0.3670	0.2413	-0.0210	0.1260
3	30249499	30249899	1.0861	0.6250	1.7283	1.1410	1.1416	1.7402
3	30369499	30369899	0.1012	0.4820	-0.0803	0.1404	-0.0741	-0.5043
3	30520098	30520498	-0.3037	-0.4566	-0.7499	-0.2246	-0.1408	-0.3595
3	30609499	30609899	1.0220	0.7562	1.0902	1.2887	1.1245	1.2899
3	30729499	30729899	0.5718	-0.3767	-0.0771	0.3146	-0.0279	0.3099
3	30880098	30880498	-0.3552	0.5428	-0.5112	0.6786	-0.2283	-0.6063
3	30969499	30969899	0.1523	0.2993	-0.3323	-0.0463	-0.2524	-0.1169
3	31089499	31089899	-0.6785	-0.2110	-0.5403	0.0408	-0.4109	-0.0940
3	31240098	31240498	0.1674	0.0153	-0.5822	-1.2746	-0.1635	-0.1676
3	31329499	31329899	1.0190	0.8127	1.5120	1.3980	1.6659	2.1266
3	31449499	31449899	-0.8490	-1.2592	-1.1650	-1.6029	-1.4021	-1.5919
3	31600098	31600498	0.0499	0.1716	0.1523	0.3369	0.1088	-0.0810
3	31689499	31689899	0.4148	-0.1865	-0.2886	0.2386	-0.3693	0.1139
3	31809499	31809899	0.1301	-0.1366	0.4806	0.0008	-0.2110	0.2069
3	31960098	31960498	0.0894	-0.0797	0.2834	0.0472	0.1448	-0.5825
3	32049499	32049899	0.0640	0.0035	0.8970	0.5410	0.1507	0.7148
3	32169499	32169899	0.6831	1.1157	0.6527	0.8983	1.5663	1.9436
3	32320098	32320498	-0.3835	-0.2902	-0.7807	0.4788	-0.2298	-0.4622
3	32409499	32409899	-0.8338	-0.9017	-0.8077	-1.1540	-1.4803	-1.3537
3	32529499	32529899	-0.5404	0.3219	-0.1613	0.2520	-0.1859	0.0011
3	32680098	32680498	-0.7898	-0.6153	-0.0954	0.1486	0.1838	0.3466
3	32769499	32769899	-0.4660	-0.2727	0.1617	-0.2999	-0.2205	0.7556
3	32889499	32889899	0.1952	0.2683	-0.6614	0.3888	0.3263	-0.1868
3	33040098	33040498	0.0372	0.0360	0.4974	0.4812	0.3601	0.1537
3	33129499	33129899	-0.3973	0.4792	0.1962	-0.0652	-0.0815	-0.3732
3	33249499	33249899	-0.4182	-0.0387	0.1745	0.6340	0.4141	-0.5042
3	33400098	33400498	-0.4241	0.0995	-0.0725	0.4689	0.2921	-0.6846
3	33489499	33489899	0.5513	-0.2042	0.5845	0.0792	0.0077	0.1021
3	33609499	33609899	0.1112	0.4052	0.2400	0.1947	-0.0004	-0.1336
3	33760098	33760498	-0.1938	0.1267	0.1807	0.2926	-0.2872	-0.3016
3	33849499	33849899	0.2259	-0.0080	-0.4554	0.3378	0.5571	0.0191
3	33969499	33969899	-0.0608	-0.6141	0.1404	0.2070	-0.3010	0.2789
3	34120098	34120498	0.4148	0.2026	-0.2547	0.3984	0.2788	-0.3927
3	34209499	34209899	-0.1878	0.3342	-0.2525	0.4330	-0.4015	0.2463
3	34329499	34329899	-0.2761	-0.2354	0.1511	-0.5928	-0.4544	-0.0501
3	34480098	34480498	0.5973	0.1020	-0.4919	0.5022	-0.6839	-0.0938
3	34569499	34569899	-0.1143	-0.5900	-0.0627	-0.0083	0.3843	0.1931
3	34689499	34689899	0.0386	0.1287	0.4420	0.0955	-0.3382	0.2257
3	34840098	34840498	0.3478	0.1357	0.0003	0.3406	0.1949	-0.0667
3	34929499	34929899	0.0646	0.5581	0.1760	-0.0821	0.0378	-0.3614
3	35049499	35049899	0.0067	-0.1407	0.4174	0.4336	-0.2318	-0.3254
3	35200098	35200498	0.1666	-0.0427	0.1268	-0.4766	0.3992	0.4163
3	35289499	35289899	1.0390	0.3349	1.4610	0.7707	1.0079	0.8664
3	35409499	35409899	-0.7734	-1.7786	-1.2217	-1.4959	-1.4590	-1.6631
3	35560098	35560498	0.9815	1.3372	0.8980	0.5153	0.7912	1.5377
3	35649499	35649899	-0.4931	0.0819	0.2055	0.3030	0.0564	-0.0459
3	35769499	35769899	0.2100	0.1226	-0.0193	0.1719	-0.2257	0.3285
3	35920098	35920498	0.4430	-0.0977	-0.0061	-0.0742	-0.2954	-0.5425
3	36009499	36009899	0.4051	0.0147	-0.0242	0.1172	0.1689	-0.3841
3	36129499	36129899	-0.2608	0.1317	-0.3249	0.1305	-0.4203	-0.0495
3	36280098	36280498	-0.3241	-0.0591	0.2072	0.2140	-0.0687	-0.5312
3	36369499	36369899	-0.1144	-0.2647	-0.4710	-0.3824	0.1905	0.4818
3	36489499	36489899	-0.3405	-0.1893	-0.2000	0.3904	-0.8184	0.3547
3	36640098	36640498	-0.1902	-0.0807	0.5346	-0.4057	0.2323	-0.2530
3	36729499	36729899	-0.8927	-0.1287	-0.1996	-0.0198	-0.6089	0.1130
3	36849499	36849899	0.2454	0.4139	-0.5299	0.4256	-0.0056	0.3270
3	37000098	37000498	0.4545	-0.1216	-0.0272	0.4482	-0.3218	-0.1093
3	37089499	37089899	-0.1195	-0.0088	-0.1598	-0.3365	-0.3256	0.0617
3	37209499	37209899	0.9130	1.6863	0.8899	1.0481	2.0039	1.2359
3	37360098	37360498	1.0852	1.2408	1.6063	2.0498	1.6064	1.7147
3	37449499	37449899	0.1957	-0.1070	-0.7882	0.4209	-0.5254	0.0218
3	37569499	37569899	0.0021	0.4987	0.0393	0.4467	0.1913	1.0181
3	37720098	37720498	-0.0589	0.2918	0.4771	-0.4742	0.0924	0.4373
3	37809499	37809899	-0.3724	-0.3202	0.2515	0.1018	-0.3718	-0.3319
3	37929499	37929899	-0.2401	-0.3506	-0.2191	0.0028	0.3145	0.2049
3	38080098	38080498	0.0032	0.0022	-0.5726	-0.8725	-0.4390	0.1238
3	38169499	38169899	0.1619	0.0890	0.0998	0.2235	-0.2234	0.1095
3	38289499	38289899	-0.4633	0.1161	0.4109	-0.6871	-0.0897	0.1534
3	38440098	38440498	-0.1071	-0.4350	-0.5127	-0.0016	-0.4911	0.2276
3	38529499	38529899	-0.4882	-0.1318	0.3317	-0.0405	0.3737	-0.6362
3	38649499	38649899	0.2081	-0.0847	0.4581	-0.4956	-0.4504	-0.0779
3	38800098	38800498	0.7770	-0.5451	-0.5756	-0.1026	-0.0580	0.2912
3	38889499	38889899	-0.2965	-0.0389	-0.6659	0.5785	-0.6748	0.1523
3	39009499	39009899	0.5707	0.7532	1.1206	0.8482	1.2986	1.6341
3	39160098	39160498	-0.5012	0.2339	-1.1147	0.1101	-0.1234	0.5903
3	39249499	39249899	0.8026	1.3303	1.9781	1.0435	1.3063	1.4765
3	39369499	39369899	0.8031	0.2307	-0.7111	0.1921	-0.1889	-0.6029
3	39520098	39520498	1.1300	-0.1115	-0.3541	-0.3611	0.1784	-0.5839
3	39609499	39609899	-0.1528	0.3568	0.6080	-0.4166	-0.2560	-0.5173
3	39729499	39729899	0.1578	0.2222	0.3407	0.1679	0.7455	-0.0537
3	39880098	39880498	-0.0723	0.1676	-0.4121	0.7700	0.0344	0.1066
3	39969499	39969899	-0.1754	-0.3652	0.5393	0.2444	-0.3027	0.5738
3	40089499	40089899	-0.0582	0.5315	-0.1171	-0.2264	-0.0962	0.2474
3	40240098	40240498	-0.2661	-0.2537	-0.2766	-0.1897	0.2793	-0.0022
3	40329499	40329899	0.1293	-0.4091	0.7515	0.0436	0.1527	0.0557
3	40449499	40449899	-0.0604	-0.9532	0.1156	-0.2405	-0.5059	0.1644
3	40600098	40600498	-0.0617	0.0347	-0.1109	0.1488	-0.2407	-0.1913
3	40689499	40689899	-0.1082	-0.1500	0.4781	0.0597	0.3141	-0.0544
3	40809499	40809899	-0.4253	0.7527	0.1092	-0.6085	-0.1360	0.3800
3	40960098	40960498	0.2522	-0.2854	-0.2901	-0.8629	0.2798	-0.1357
3	41049499	41049899	-0.3837	0.0009	-0.5554	-0.5198	-0.2662	-0.1852
3	41169499	41169899	-0.6190	-1.1902	-0.7832	-1.0603	-1.0865	-1.7409
3	41320098	41320498	1.0005	0.7537	1.3151	1.9168	1.2039	1.8549
3	41409499	41409899	0.1749	-0.1970	-0.4401	-0.1023	-0.3027	0.4350
3	41529499	41529899	-0.0209	0.1261	-0.3854	0.1129	-0.1146	-0.1973
3	41680098	41680498	0.3836	-0.2006	0.1089	0.4575	-0.0113	-0.0423
3	41769499	41769899	0.3821	0.2131	0.5540	-0.2890	-0.0566	0.0604
3	41889499	41889899	0.2156	-0.0043	0.3380	-0.0875	-0.3882	0.3532
3	42040098	42040498	0.5517	-0.2529	0.0273	-0.0648	0.4042	0.1202
3	42129499	42129899	1.0003	1.1684	1.0867	1.7454	1.7505	1.3361
3	42249499	42249899	0.3880	-0.2390	-0.2051	0.2499	-0.0719	-0.0727
3	42400098	42400498	-0.2531	0.1199	0.3482	-0.8173	-0.3394	0.0848
3	42489499	42489899	-0.3190	-0.5272	-0.7246	0.2055	-0.6556	0.1688
3	42609499	42609899	0.2845	-0.1486	0.1292	0.6425	-0.4260	0.8906
3	42760098	42760498	-0.2891	-0.3687	-0.3372	0.0966	0.5039	-0.0625
3	42849499	42849899	0.0796	-0.4708	0.0078	0.5303	0.3031	0.4706
3	42969499	42969899	-1.1307	-0.5875	-1.3637	-1.7373	-1.7929	-1.4638
3	43120098	43120498	0.5803	-0.0317	0.6915	-0.1043	-0.3635	0.1188
3	43209499	43209899	-0.2097	-1.4397	-0.6644	-0.7988	-1.8345	-1.6282
3	43329499	43329899	-0.7103	0.2392	-0.0009	0.0980	0.2602	0.0957
3	43480098	43480498	0.5816	-0.0062	-0.2207	0.4584	-0.7845	-0.4053
3	43569499	43569899	-0.1865	0.0218	0.0119	-0.5145	0.2442	-0.1230
3	43689499	43689899	-0.7406	0.3334	0.1108	0.5742	-0.0696	0.3828
3	43840098	43840498	0.1272	-0.4619	0.0922	-0.3329	-0.3287	0.0967
3	43929499	43929899	-0.1795	-0.3941	-0.5539	0.3288	0.5169	-0.3486
3	44049499	44049899	0.1224	-0.0906	-0.2267	0.3127	0.0045	-0.9678
3	44200098	44200498	0.3120	0.5890	0.3748	-0.4577	0.3374	0.0634
3	44289499	44289899	0.1236	0.8921	-0.0702	0.0969	0.1285	0.2911
3	44409499	44409899	-0.3181	-0.7156	-0.5453	0.0435	0.2278	0.0020
3	44560098	44560498	-0.4015	-0.1349	0.2125	0.1580	-0.8005	0.5733
3	44649499	44649899	-0.3202	-0.0416	0.0484	0.3756	-0.5259	0.2449
3	44769499	44769899	0.1166	0.0148	-0.1152	-0.5604	0.1696	0.1752
3	44920098	44920498	-0.0415	0.8422	-0.0165	-0.1009	0.1332	-0.1616
3	45009499	45009899	0.3873	-0.3032	-0.2972	-0.2879	-0.2509	0.0762
3	45129499	45129899	0.7235	-0.5779	-0.1693	0.3842	-0.2782	-0.4521
3	45280098	45280498	-0.5904	-0.2398	-0.5131	-0.3320	-0.1772	0.2731
3	45369499	45369899	0.2288	-0.3874	-0.2483	-0.1824	-0.0941	-0.1626
3	45489499	45489899	0.2785	-0.1409	-0.0849	0.0186	0.1640	0.4432
3	45640098	45640498	-0.2320	0.4278	-0.2024	-0.2371	-0.0676	0.4335
3	45729499	45729899	-0.1896	0.5228	0.4631	0.0845	0.1579	-0.2141
3	45849499	45849899	-0.5689	0.2295	0.4055	0.4498	0.4197	-0.1763
3	46000098	46000498	-0.7915	-0.2138	0.7254	-0.0005	-0.6066	0.1830
3	46089499	46089899	-0.0341	-0.2702	-0.3092	0.0922	-0.0579	-0.1587
3	46209499	46209899	0.2645	-0.3850	-0.1912	0.5131	0.5177	-0.2028
3	46360098	46360498	0.2513	0.1841	0.5803	0.7397	0.7843	1.1326
3	46449499	46449899	-0.0052	0.3018	-0.3951	-0.4430	-0.1967	-0.3077
3	46569499	46569899	-0.1059	0.2048	-0.3678	-0.2260	0.4497	0.4940
3	46720098	46720498	-0.5801	-0.2242	-0.5795	-0.4429	-0.1818	-0.6110
3	46809499	46809899	0.1369	0.2553	-0.0754	-0.6188	0.2345	-0.0340
3	46929499	46929899	-0.2559	-0.0583	-0.0666	0.0244	0.0952	0.3718
3	47080098	47080498	-0.5347	-0.0345	-0.4525	-0.2521	-0.0183	0.1745
3	47169499	47169899	-0.5563	-0.4947	-1.1548	-1.5561	-1.0151	-1.2394
3	47289499	47289899	0.3489	0.4973	0.6408	0.0079	-0.0029	-0.5170
3	47440098	47440498	-0.7146	0.1650	0.1160	-0.0439	-0.5467	0.2019
3	47529499	47529899	-0.2412	-0.2227	-0.1930	-0.4796	-0.1649	-0.0713
3	47649499	47649899	-0.5721	0.8886	-0.3712	0.3271	0.0003	0.1756
3	47800098	47800498	0.1502	0.9806	0.6876	1.2045	1.7310	1.0944
3	47889499	47889899	0.1655	-0.4220	0.2378	-0.0244	-0.1494	0.0188
3	48009499	48009899	-0.0992	-0.7646	0.7274	-0.5048	-0.3182	-0.2771
3	48160098	48160498	-0.4611	-0.1293	-0.1726	-0.1752	-0.4695	0.1850
3	48249499	48249899	0.2894	-0.0865	-0.0555	-0.2442	0.1086	0.2796
3	48369499	48369899	-0.0407	0.4894	-0.1844	-0.1622	0.2232	-0.3175
3	48520098	48520498	-0.6983	-0.0186	0.0937	-0.0735	-0.3919	0.1703
3	48609499	48609899	0.1332	0.0478	-0.6125	0.2996	0.3242	-0.4065
3	48729499	48729899	0.0533	-0.5493	-1.0075	-0.1649	0.5420	0.3896
3	48880098	48880498	0.2507	-0.0755	-0.5772	-0.0788	-0.0858	-0.3225
3	48969499	48969899	-0.0559	-0.2831	0.1817	0.2111	0.1950	-0.0901
3	49089499	49089899	-0.1305	-0.0041	-0.0237	-0.2640	0.2958	-0.0869
3	49240098	49240498	0.1660	0.5111	-0.2577	0.1616	-0.2861	0.0955
3	49329499	49329899	-0.0187	-0.5491	-0.0533	0.0793	-0.1185	0.2071
3	49449499	49449899	0.2547	-0.2191	0.0495	-0.1276	0.6310	0.4087
3	49600098	49600498	-0.0928	-0.3666	-0.0963	0.1102	0.1673	0.6875
3	49689499	49689899	-0.8670	-1.5370	-1.0915	-0.8360	-1.2823	-1.5502
3	49809499	49809899	-0.2611	-0.1673	-0.3713	-0.5092	0.2631	-0.0892
3	49960098	49960498	0.6438	1.1096	0.8564	0.9201	1.8515	1.6520
3	50049499	50049899	1.1906	1.4692	1.2751	1.0992	1.5178	1.7122
3	50169499	50169899	-0.3196	0.4460	-0.2080	0.2578	-0.4742	-0.1360
3	50320098	50320498	0.2092	0.3795	0.3502	0.2835	-0.2910	-0.4391
3	50409499	50409899	1.2723	1.2556	1.7346	1.8044	1.1417	2.0017
3	50529499	50529899	-0.5605	-0.1585	-0.1383	-0.4158	-0.2626	0.0048
3	50680098	50680498	-0.0070	-0.4230	-0.8501	-0.3094	-0.2248	0.0185
3	50769499	50769899	-0.4478	0.3799	0.6892	0.4275	-0.3257	-0.4127
3	50889499	50889899	0.2279	-0.1641	-0.0593	0.3952	0.0485	0.2740
3	51040098	51040498	0.4095	0.0424	0.6462	-0.1263	-0.3587	-0.4260
3	51129499	51129899	0.0907	0.0213	-0.1997	-0.0898	0.0569	-0.0525
3	51249499	51249899	-0.4805	0.1595	-0.4159	0.6295	0.1815	0.1002
3	51400098	51400498	0.2890	0.6605	1.6120	1.7302	1.6444	1.6126
3	51489499	51489899	0.9665	0.6477	0.8970	1.5832	1.4757	1.5581
3	51609499	51609899	-0.4574	-0.0214	-0.1591	-0.1532	-0.2468	-0.1448
3	51760098	51760498	0.0860	0.0582	-0.5754	0.3720	-0.2596	0.3334
3	51849499	51849899	-0.0413	0.2152	0.1776	-0.0598	-0.2680	-0.2953
3	51969499	51969899	-0.4330	-0.4955	0.5196	0.2191	0.2891	0.3293
3	52120098	52120498	0.0297	0.0579	0.0927	-0.0164	0.4024	0.2557
3	52209499	52209899	0.0552	-0.4296	-0.2516	0.2178	0.1818	0.0157
3	52329499	52329899	-0.0043	-0.1536	0.4952	-0.0954	0.2341	-0.3462
3	52480098	52480498	-0.0882	0.0002	-0.5974	0.2814	-0.2687	-0.3041
3	52569499	52569899	1.0120	1.3488	1.1319	1.2484	1.9447	2.3482
3	52689499	52689899	-0.2195	-0.2967	-0.2145	-0.1972	0.6231	0.2103
3	52840098	52840498	0.2687	-0.1802	0.0567	0.4937	0.3168	-0.1288
3	52929499	52929899	0.0465	0.3303	-0.1811	0.3311	-0.2685	-0.1844
3	53049499	53049899	-0.3400	0.2178	0.4850	-0.2085	0.1129	0.1213
3	53200098	53200498	-0.2276	0.3290	-0.1107	0.3723	0.1159	0.1709
3	53289499	53289899	0.5132	0.2184	-0.1700	-0.4092	-0.2540	0.3177
3	53409499	53409899	-0.2096	0.2476	0.0895	0.5962	0.1065	0.1064
3	53560098	53560498	-0.6061	0.6753	0.6109	0.3738	0.0379	0.0558
3	53649499	53649899	0.5361	0.3059	-0.1377	0.0027	-0.1219	0.1449
3	53769499	53769899	-0.6834	-0.4027	0.4949	0.2281	0.3302	-0.0207
3	53920098	53920498	0.0713	0.4059	-0.1293	-1.1430	0.0752	0.4362
3	54009499	54009899	-1.0919	-0.5863	-1.1541	-1.1531	-1.6760	-1.5582
3	54129499	54129899	-0.4810	0.5350	-0.0081	-0.1244	0.1640	0.2860
3	54280098	54280498	-0.1960	0.5270	0.1943	-0.6452	0.0870	-1.0219
3	54369499	54369899	0.6551	1.0509	1.2882	1.2282	1.6997	1.2622
3	54489499	54489899	0.0110	-0.4290	-0.0479	0.1218	-0.3753	-0.2857
3	54640098	54640498	0.2405	0.1904	-0.1334	-0.1242	0.3651	0.4194
3	54729499	54729899	0.5734	0.4320	0.0130	-0.1303	0.0028	0.1859
3	54849499	54849899	-0.6658	-0.3540	0.2775	0.1757	-0.5339	-0.0419
3	55000098	55000498	0.6004	-0.2485	-0.3154	-0.0366	-0.0355	1.3002
3	55089499	55089899	-0.6017	-0.0235	0.1560	-0.0626	-0.5080	0.1385
3	55209499	55209899	0.2720	0.1231	-0.1011	0.1941	-0.0379	-0.1343
3	55360098	55360498	0.2698	0.5437	-0.4461	-0.3983	-0.0113	-0.0408
3	55449499	55449899	0.1385	0.3638	0.2018	0.2868	0.2954	-0.0771
3	55569499	55569899	0.2346	-0.0826	-0.5734	-0.4938	0.3506	-0.1612
3	55720098	55720498	0.3464	0.3511	-0.6306	0.0399	0.3522	0.2656
3	55809499	55809899	0.2219	0.5696	0.3455	0.0281	-0.4196	0.0520
3	55929499	55929899	-0.8928	-0.0323	0.0372	0.1227	0.5717	-0.2242
3	56080098	56080498	-0.1656	0.6749	0.3604	0.3251	-0.2837	0.1198
3	56169499	56169899	0.1523	0.0004	-0.2965	0.4762	0.1277	-0.1649
3	56289499	56289899	0.4286	0.6238	-0.0443	0.0446	-0.2199	0.5309
3	56440098	56440498	0.1881	-0.0410	0.4269	0.0772	0.1972	-0.4343
3	56529499	56529899	0.0655	0.2557	-0.2945	0.4901	0.5772	-0.2676
3	56649499	56649899	0.7756	-0.4239	-0.3239	-0.1063	0.2586	0.3008
3	56800098	56800498	-0.3807	-0.3153	-0.2836	0.0260	0.6046	-0.3232
3	56889499	56889899	-0.2271	0.0751	-0.1487	-0.1852	0.1172	0.3892
3	57009499	57009899	0.1097	-0.3115	-0.1382	0.3265	0.1589	0.1658
3	57160098	57160498	-0.0244	0.1285	0.2690	0.3988	0.2269	0.1649
3	57249499	57249899	0.4727	-0.2491	0.1096	0.3166	0.0458	0.6575
3	57369499	57369899	0.0482	0.7130	-0.0242	0.4017	-0.3951	-0.7048
3	57520098	57520498	-0.1062	-0.0379	-0.5033	-0.0884	0.2415	-0.2541
4	40098	40498	-0.8414	-0.3845	0.3693	-0.3494	0.5220	0.4574
4	60000	60400	0.1639	0.0096	-0.1118	0.2118	-0.4019	0.2628
4	129499	129899	-0.2760	0.1519	0.6054	-0.0483	-0.4935	-0.2566
4	180000	180400	0.2270	0.8407	0.0805	0.0926	0.2223	0.2649
4	249499	249899	-0.3593	-0.2115	0.3263	-0.3099	-0.0450	-0.3273
4	300000	300400	0.6488	0.1860	0.2179	0.1689	-0.4095	-0.3591
4	400098	400498	-0.0078	-0.1951	-0.4033	0.4658	0.2679	0.1648
4	420000	420400	-0.0451	-0.5643	-0.3324	0.4530	0.0230	-0.1362
4	489499	489899	-0.2902	-0.0574	-0.2623	0.2360	0.6475	0.2797
4	540000	540400	0.1046	-0.1838	-0.1248	0.2237	0.1511	0.0218
4	609499	609899	0.2623	0.2499	0.1466	0.2479	-0.4177	0.2734
4	660000	660400	0.2254	0.4105	0.0765	-0.5638	0.0099	0.4562
4	760098	760498	0.0113	-0.2683	0.1838	0.2683	-0.4124	0.0541
4	780000	780400	-0.4647	0.2851	0.0720	-0.2467	0.0927	0.1983
4	849499	849899	-0.2518	0.1580	-0.3177	0.0655	-0.3117	0.7840
4	900000	900400	0.1373	0.5830	0.1901	-0.4868	-0.1249	-0.4146
4	969499	969899	0.1148	0.4180	-0.2822	-0.0329	0.1546	-0.1378
4	1020000	1020400	0.4531	-0.0135	-0.1160	-0.1321	-0.2339	-0.7784
4	1120098	1120498	-0.4301	-0.4430	-1.5058	-1.3203	-1.7176	-1.5359
4	1140000	1140400	0.0216	0.6488	0.2330	-0.0225	-0.2529	0.0244
4	1209499	1209899	0.6435	1.5521	1.3297	1.4664	1.8469	2.3006
4	1260000	1260400	-0.5582	0.5323	0.0355	-0.6741	0.0533	-0.4500
4	1329499	1329899	0.3481	-0.1569	0.0986	-0.2681	-0.4151	0.7842
4	1380000	1380400	0.3380	-0.4118	-0.3966	0.0482	0.0551	0.1601
4	1480098	1480498	-0.1873	0.1006	0.3127	-0.7469	-0.2671	-0.1506
4	1500000	1500400	-0.2820	-0.2717	-0.2858	0.4106	-0.1002	0.2401
4	1569499	1569899	0.0743	-0.4456	0.0897	0.1252	-0.7298	0.3017
4	1620000	1620400	0.5607	0.4286	-0.8534	-0.4082	-0.2679	0.1497
4	1689499	1689899	0.6316	1.2286	0.6543	1.1604	1.1123	0.7295
4	1740000	1740400	-0.3146	-0.2997	0.2621	0.0940	1.0738	0.5157
4	1840098	1840498	-0.7238	0.0985	-0.2637	-0.0600	0.0446	0.3308
4	1860000	1860400	-0.2832	-0.2425	-0.0425	-0.2709	-0.3074	0.2253
4	1929499	1929899	-0.3657	0.5300	0.0415	0.2075	-0.2720	0.1175
4	1980000	1980400	0.5328	-0.0160	0.0974	0.7775	0.3998	0.3352
4	2049499	2049899	-0.5407	-1.3645	-0.6999	-1.5531	-0.8326	-1.6247
4	2100000	2100400	-0.2636	-0.1760	0.5714	0.2734	-0.0780	0.2362
4	2200098	2200498	-0.4700	0.6068	-0.3984	-0.0126	-0.5287	-0.8541
4	2220000	2220400	-0.0418	-0.6762	0.3179	-0.0147	0.2798	-0.1062
4	2289499	2289899	-0.4208	-1.2953	-0.0077	-0.9536	-1.4993	-1.9022
4	2340000	2340400	0.0483	0.0464	0.3016	0.0071	-0.1110	0.3863
4	2409499	2409899	0.0943	0.0459	-0.1131	-0.3075	-0.8448	0.0880
4	2460000	2460400	0.3188	-0.5006	0.3171	0.8520	-0.1211	0.0724
4	2560098	2560498	-0.1148	0.4470	-0.1764	-0.0775	0.3184	-0.2965
4	2580000	2580400	-0.5549	0.5038	-0.1655	0.1859	-0.1221	-0.0277
4	2649499	2649899	-0.1094	0.0870	-0.2923	-0.3997	0.4556	0.3248
4	2700000	2700400	0.1114	0.2378	0.2075	0.5828	0.2141	-0.5182
4	2769499	2769899	0.5071	-0.4615	-0.4843	0.7350	-0.2912	-0.2554
4	2820000	2820400	0.1915	-0.0233	0.8144	0.1645	-0.0886	0.3277
4	2920098	2920498	-0.2532	0.0282	-0.3783	0.0303	0.5144	0.7738
4	2940000	2940400	0.0684	0.7703	-0.4436	-0.3924	0.4137	0.1128
4	3009499	3009899	0.1846	-0.0292	0.4798	0.0850	0.0577	0.2342
4	3060000	3060400	0.7590	-0.0011	0.3742	-0.2744	0.4544	0.2254
4	3129499	3129899	-0.0045	-0.2284	0.0897	-0.2144	-0.0145	0.1269
4	3180000	3180400	-0.1341	-0.4989	-0.4877	-0.5552	0.6721	-0.3190
4	3280098	3280498	0.0301	0.5208	-0.2187	0.0653	0.0069	0.0308
4	3300000	3300400	0.7804	0.3299	-0.2246	-0.2385	-0.1563	0.1064
4	3369499	3369899	0.0059	-0.2420	-0.0350	-0.1040	-0.1824	-0.0768
4	3420000	3420400	0.1899	-0.1497	0.5797	-0.8589	-0.7740	0.1492
4	3489499	3489899	-0.1616	-0.3841	-0.2094	0.2568	0.1380	0.0195
4	3540000	3540400	0.3224	-0.3835	0.4804	0.3334	-0.2778	-0.1785
4	3640098	3640498	0.3184	0.7652	1.1058	0.9907	0.5768	1.1325
4	3660000	3660400	0.0111	0.4118	-0.0375	-0.2865	-0.6267	0.1012
4	3729499	3729899	0.0295	-0.1037	0.1440	-0.0270	0.3691	0.3088
4	3780000	3780400	-0.1653	-0.0392	0.1325	-0.6152	-0.5335	0.3827
4	3849499	3849899	0.1675	-0.4802	-1.0054	-0.9332	-1.0075	-0.3906
4	3900000	3900400	0.2918	0.1931	0.1682	0.3285	0.0119	-0.0392
4	4000098	4000498	0.6855	0.7020	1.0531	1.1585	1.5256	1.8137
4	4020000	4020400	-0.0793	0.2887	-0.0365	0.5876	-0.8721	-0.1550
4	4089499	4089899	0.2854	-0.1483	-0.0535	-0.5971	0.5177	0.0446
4	4140000	4140400	0.1863	0.0398	-0.3384	0.4227	-0.2014	0.2866
4	4209499	4209899	0.0923	-0.0537	-0.2332	-0.3197	-0.4023	0.1038
4	4260000	4260400	0.2978	0.0006	-0.1673	0.0920	-0.5706	-0.4967
4	4360098	4360498	-0.0535	0.0521	-0.1475	0.0749	0.0504	0.1410
4	4380000	4380400	-0.0185	-0.1559	-0.0207	-0.7359	-0.5012	-0.2235
4	4449499	4449899	1.3557	1.3297	0.9562	1.4813	1.5661	2.1358
4	4500000	4500400	0.2337	-0.5759	0.3523	-0.0248	0.2770	-0.0412
4	4569499	4569899	0.6062	-0.0506	0.3831	-0.4627	-0.2268	0.1254
4	4620000	4620400	-0.1216	0.0693	0.5426	-0.0132	0.0364	0.0854
4	4720098	4720498	-0.6098	-0.1372	0.5532	-0.3030	0.1040	-0.5471
4	4740000	4740400	-0.0237	-0.4342	-0.7491	-0.3401	0.2300	0.1840
4	4809499	4809899	-0.1869	-0.2731	0.3392	-0.3753	-0.1604	0.0372
4	4929499	4929899	0.6057	-0.4232	0.7468	-0.8257	0.5603	0.3423
4	5080098	5080498	-0.1260	-0.4312	-0.1935	-0.0340	-0.5487	-0.1637
4	5169499	5169899	-0.2273	-0.0802	-0.4180	0.4057	0.1548	-0.4756
4	5289499	5289899	-0.4582	0.0802	0.0577	0.5191	0.4462	-0.5600
4	5440098	5440498	-0.0713	0.3098	-0.1472	0.0708	-0.1751	0.4363
4	5529499	5529899	0.3926	0.1513	0.1508	0.2074	0.0717	-0.6189
4	5649499	5649899	-0.8445	0.1926	-0.2080	-0.1421	-0.3080	0.2326
4	5800098	5800498	0.0500	-0.3838	-0.4091	-0.0674	0.3900	0.1057
4	5889499	5889899	1.1819	0.6412	1.4853	0.6633	1.3993	1.1436
4	6009499	6009899	0.0838	-0.5017	-0.6069	0.1960	0.2628	0.1052
4	6160098	6160498	1.0055	1.1850	1.4135	1.4931	1.2026	1.4495
4	6249499	6249899	0.2675	-0.3986	0.2034	0.1860	0.0338	-0.4304
4	6369499	6369899	0.3366	0.2525	0.3603	-0.2437	-0.1632	-0.0980
4	6520098	6520498	-0.3661	0.0280	0.5458	-0.4098	0.1556	-0.6589
4	6609499	6609899	-0.9627	0.1857	-0.0531	-0.4811	-0.2015	0.2093
4	6729499	6729899	0.4137	-0.0388	-0.0928	0.6951	0.1416	0.0693
4	6880098	6880498	-0.2644	-0.2491	-0.3321	-0.0483	-0.0250	-0.2215
4	6969499	6969899	-0.0188	-0.6798	0.3484	0.2191	0.2236	0.2833
4	7089499	7089899	0.7771	0.6027	0.9776	0.9383	0.9674	1.3903
4	7240098	7240498	0.4306	-0.1277	0.4569	0.2370	-0.2684	-0.2216
4	7329499	7329899	-0.7996	-1.4851	-1.0493	-1.3757	-1.7225	-1.4544
4	7449499	7449899	0.5060	0.7916	0.9868	1.9437	1.8642	1.4469
4	7600098	7600498	-0.1819	0.1259	-0.3345	-0.7631	0.4810	-0.4533
4	7689499	7689899	-0.7454	-0.5736	0.0950	-0.4112	0.2490	0.0417
4	7809499	7809899	-0.5609	0.3090	0.2064	-0.0263	-0.2589	-0.1624
4	7960098	7960498	-0.4824	0.3915	0.1682	-0.1382	-0.3075	0.0334
4	8049499	8049899	-0.3332	0.3896	0.2646	0.3245	0.1261	-0.3335
4	8169499	8169899	-0.0172	-0.6052	-0.2216	0.0994	0.6554	-0.3347
4	8320098	8320498	0.4314	-0.2734	-0.0269	0.3650	0.0033	0.0404
4	8409499	8409899	0.6848	1.1276	1.2380	1.3478	2.2297	1.8010
4	8529499	8529899	-0.2040	0.0840	-0.2577	0.4795	-0.3583	0.1636
4	8680098	8680498	-0.6561	-0.8986	-1.4081	-1.9760	-1.9919	-1.8776
4	8769499	8769899	-1.0865	-1.1554	-1.7733	-1.0012	-2.0744	-1.3617
4	8889499	8889899	0.3691	-0.2369	0.3195	-0.6485	0.4942	-0.3292
4	9040098	9040498	0.1713	0.4770	0.2193	-0.1827	0.0847	0.0261
4	9129499	9129899	0.2757	0.0075	0.3262	0.2339	0.1696	0.0987
4	9249499	9249899	-0.4092	0.1813	-0.0094	-0.0738	-0.4320	-0.3372
4	9400098	9400498	-0.0975	0.2006	0.0328	0.4040	0.9109	-0.0132
4	9489499	9489899	0.1154	-0.2566	0.4607	0.6380	0.2976	-0.2238
4	9609499	9609899	-0.2350	-0.3819	-0.0597	-0.1130	0.0964	0.2544
4	9760098	9760498	0.4656	-0.2385	-0.6546	-0.0357	0.1438	-0.2060
4	9849499	9849899	-0.0116	-0.2166	0.3269	-0.0365	0.1076	-0.0047
4	9969499	9969899	-0.9983	-0.6138	-1.6785	-1.6002	-1.5620	-2.2464
4	10120098	10120498	-0.6191	0.2109	-0.2831	-0.2221	0.1350	0.2520
4	10209499	10209899	0.5040	-0.5259	0.6951	0.5720	-0.2391	0.4355
4	10329499	10329899	-0.2790	-0.5405	-0.0923	0.6842	0.2157	-0.3205
4	10480098	10480498	-0.0748	-0.3645	0.4601	0.4099	0.7166	-0.1452
4	10569499	10569899	-0.0820	0.0729	0.0418	-0.1264	0.1938	0.0243
4	10689499	10689899	-0.2291	0.3663	0.0557	0.4017	-0.0830	-0.2452
4	10840098	10840498	0.1170	0.5004	-0.1648	0.5770	0.4099	0.9013
4	10929499	10929899	-0.1381	0.2312	-0.2063	0.0884	-0.0845	0.0046
4	11049499	11049899	-0.2435	0.6156	-0.2928	0.0004	-0.1842	-0.3427
4	11200098	11200498	0.1000	0.3668	0.1989	-0.1032	-0.0388	-0.0062
4	11289499	11289899	0.7261	0.6790	0.8525	1.6746	0.9960	2.6434
4	11409499	11409899	0.3929	-0.4342	0.3851	-0.2908	0.1812	0.0698
4	11560098	11560498	-0.0592	-0.0286	-0.2317	0.1411	0.5080	0.0466
4	11649499	11649899	0.2549	0.2266	-0.0693	-0.0559	-0.2770	0.0201
4	11769499	11769899	-0.1342	-0.4609	-0.4597	-0.0715	0.6333	0.8438
4	11920098	11920498	0.3697	-0.2286	-0.1245	0.3179	-0.0456	-0.0363
4	12009499	12009899	0.4591	0.1706	0.3240	0.0584	-0.1712	0.3196
4	12129499	12129899	-0.1695	-0.4936	0.1948	-0.2588	-0.1825	-0.2604
4	12280098	12280498	-0.1890	0.5255	-0.3667	0.7396	-0.7397	0.6028
4	12369499	12369899	-0.3797	1.0109	-0.2908	0.4124	0.0933	-1.0212
4	12489499	12489899	-0.1163	0.0494	-0.3869	-0.1683	0.3421	0.2563
4	12640098	12640498	0.1397	-0.2247	0.2230	0.1890	-0.3977	0.1554
4	12729499	12729899	0.2719	0.0944	0.1704	0.0521	0.3659	-0.0877
4	12849499	12849899	0.7594	1.5178	1.5221	1.3410	1.0768	1.2362
4	13000098	13000498	-0.5760	-0.0615	0.1929	0.1805	-0.3663	0.4948
4	13089499	13089899	-0.1973	-1.0185	-1.1927	-1.2486	-1.6891	-1.5090
4	13209499	13209899	0.1022	-0.1333	-0.1369	-0.1393	-0.0254	-0.2236
4	13360098	13360498	0.1046	-0.8725	0.4649	-0.6342	-0.0432	-0.4153
4	13449499	13449899	-0.2458	-0.0977	-0.9453	0.5955	0.4534	0.0522
4	13569499	13569899	-0.2662	0.3355	-0.0593	-0.3067	-0.0552	-0.4813
4	13720098	13720498	0.7408	0.0802	-0.0208	0.0364	0.2050	0.3336
4	13809499	13809899	0.3925	1.5728	1.5442	1.5123	1.7772	1.6081
4	13929499	13929899	0.1436	0.5384	0.3473	0.3350	0.1276	0.3178
4	14080098	14080498	0.5167	0.4419	-0.0254	-0.4787	-0.0598	-0.3153
4	14169499	14169899	-0.1504	-0.2112	0.4482	0.3541	0.7593	0.2391
4	14289499	14289899	0.0447	0.1424	-0.1791	0.4683	-0.1524	0.2933
4	14440098	14440498	-0.1183	-0.3248	-0.4704	0.6509	-0.1706	-0.4635
4	14529499	14529899	0.4615	0.0047	-0.4956	0.4595	-0.8369	0.1508
4	14649499	14649899	0.4286	-0.2247	0.1295	-0.3334	-0.3235	-0.0946
4	14800098	14800498	0.4962	0.3846	0.0998	-0.5211	0.1095	0.1501
4	14889499	14889899	0.3971	0.5151	0.2676	-0.0490	-0.0438	-0.1088
4	15009499	15009899	0.5593	0.1026	-0.1067	0.0033	0.6415	0.3315
4	15160098	15160498	0.3548	0.0318	0.3389	0.0184	0.1146	0.5141
4	15249499	15249899	-0.1397	0.0836	-0.1321	-0.0553	-0.0895	0.1946
4	15369499	15369899	-0.3340	0.4779	0.4171	-0.1471	0.2426	0.1061
4	15520098	15520498	0.1815	-0.1947	0.5538	-0.5593	-0.0430	0.0524
4	15609499	15609899	-0.1558	0.4923	-0.1653	-0.2321	0.0312	-0.2721
4	15729499	15729899	0.3416	-0.3549	-0.4776	0.4834	-0.3472	0.0640
4	15880098	15880498	-0.4635	0.2895	-0.6806	-0.2621	0.8360	-0.2127
4	15969499	15969899	0.1071	-0.4858	-0.2477	-0.4557	-0.8451	-0.4129
4	16089499	16089899	0.4304	0.0899	0.1932	-0.2938	-0.3424	-0.3001
4	16240098	16240498	0.0868	0.0203	-0.1983	-0.5731	-0.3604	-0.2289
4	16329499	16329899	-0.0003	-0.1760	0.5825	-0.2897	-0.1796	-0.0902
4	16449499	16449899	0.5121	-0.2047	-0.1067	-0.1863	0.2409	-0.1719
4	16600098	16600498	0.0099	0.3309	0.1246	0.4239	0.0089	-0.1387
4	16689499	16689899	0.7473	0.0654	-0.2379	0.0148	-0.7104	0.3888
4	16809499	16809899	1.2704	0.8496	1.1437	1.6008	1.6291	1.2741
4	16960098	16960498	-0.8183	0.3572	-0.4320	0.0864	0.0035	-0.4660
4	17049499	17049899	-0.7035	0.4737	-0.3032	-0.4443	0.3141	0.0119
4	17169499	17169899	0.1035	-0.2259	0.3837	-0.2844	0.2965	0.0774
4	17320098	17320498	-0.2852	-0.0953	0.3981	0.5882	0.2690	0.1911
4	17409499	17409899	-0.1130	0.1503	0.5059	-0.2578	0.2658	0.0984
4	17529499	17529899	-0.8578	0.8000	-0.8382	-0.1012	-0.7155	0.0138
4	17680098	17680498	0.2731	-0.2440	-0.0394	0.1904	-0.3575	0.0522
4	17769499	17769899	0.3247	-0.1575	-0.8805	0.6378	-0.3137	0.0332
4	17889499	17889899	-0.2164	-0.4816	0.4667	-0.1819	0.1314	-0.0806
4	18040098	18040498	0.5143	0.3008	-0.0069	-0.1326	-0.0278	-0.2347
4	18129499	18129899	-0.0292	-0.0811	-0.6372	-0.5513	-0.0366	-0.2548
4	18249499	18249899	0.1852	-0.0441	0.3084	0.0603	-0.0764	0.0306
4	18400098	18400498	0.4638	-0.0502	0.4008	-0.2439	-0.1516	0.3426
4	18489499	18489899	-0.3514	0.4089	0.0520	0.1265	-0.0161	0.3235
4	18609499	18609899	0.2149	0.0656	-0.1613	0.4273	0.1153	0.1207
4	18760098	18760498	1.3553	1.2952	1.1474	1.4655	1.7888	1.4511
4	18849499	18849899	-0.0648	-0.0413	0.3292	0.0176	-0.1292	-0.3978
4	18969499	18969899	-0.0673	0.4752	0.6352	0.3143	0.0423	-0.2735
4	19120098	19120498	-0.6356	0.1141	-0.7181	0.1038	-0.8978	-0.2247
4	19209499	19209899	-0.4451	-0.4419	0.1465	-0.0175	-0.2117	0.8100
4	19329499	19329899	0.0043	-0.1709	0.2181	0.1743	0.3327	0.2628
4	19480098	19480498	-0.1509	0.7263	0.1461	0.4261	-0.1759	0.0017
4	19569499	19569899	-0.5322	-0.4236	-0.8273	-0.4136	-0.8442	-1.1580
4	19689499	19689899	-0.9199	0.0704	-0.3662	-0.3156	0.2681	-0.1611
4	19840098	19840498	0.6400	0.2824	-0.2555	-0.0040	0.1574	-0.3072
4	19929499	19929899	0.3664	0.1329	-0.2894	0.1809	-0.0954	0.3638
4	20049499	20049899	-0.3783	-0.0673	-0.3532	0.1837	-0.7282	0.0013
4	20200098	20200498	0.9583	0.6846	1.5492	1.0777	1.6695	2.0042
4	20289499	20289899	0.0031	-0.0739	-0.1364	0.2302	0.4887	0.1918
4	20409499	20409899	0.8336	-0.2697	0.4510	0.2246	0.6573	-0.1136
4	20560098	20560498	1.0674	0.7996	1.5504	1.3756	2.2112	1.0514
4	20649499	20649899	0.0977	-0.1450	0.0888	0.0709	-0.4209	0.5042
4	20769499	20769899	1.4078	1.3639	0.8841	1.5099	1.8650	1.9911
4	20920098	20920498	-0.1857	0.1552	-0.3634	-0.4246	0.2718	0.0053
4	21009499	21009899	0.0503	-0.1571	-0.6921	-0.1237	-0.7409	0.6933
4	21129499	21129899	0.1240	0.5270	-0.1341	0.2596	-0.3362	0.2688
4	21280098	21280498	0.2366	0.2008	0.4920	0.0388	-0.2437	-0.5161
4	21369499	21369899	0.3846	0.2119	-0.3194	-0.2064	-0.3169	-0.3599
4	21489499	21489899	0.0199	-0.4306	-0.0817	-0.1095	0.3314	-0.0760
4	21640098	21640498	0.2218	-0.3827	-0.5773	0.4021	0.0455	-0.2791
4	21729499	21729899	-0.3329	-0.7486	-0.6001	-0.9119	-1.3305	-1.4504
4	21849499	21849899	-0.2219	0.3933	0.2234	-0.4645	0.3480	-0.2417
4	22000098	22000498	-0.4022	0.1573	-1.0072	-0.4380	0.4393	0.3910
4	22089499	22089899	-0.2213	-0.1801	-0.0082	-0.4158	0.0872	-0.1895
4	22209499	22209899	-0.2636	-0.2311	0.1862	-0.1325	0.1131	-0.3072
4	22360098	22360498	-0.0819	0.4238	-0.2073	-0.6534	-0.7828	-0.0404
4	22449499	22449899	-0.1893	-0.5789	-0.6215	0.1026	-0.2726	-0.1425
4	22569499	22569899	-0.3622	-1.1008	-1.0118	-0.8673	-0.9646	-0.6509
4	22720098	22720498	0.1906	0.6656	0.2534	0.2500	0.8285	-0.0917
4	22809499	22809899	-0.1017	-0.4840	0.5078	-0.2236	0.0587	0.7705
4	22929499	22929899	-0.7380	-0.4477	0.2246	-0.3886	-0.5094	0.4087
4	23080098	23080498	0.2944	0.4411	0.0231	-0.3317	0.3481	0.7286
4	23169499	23169899	-0.1949	-0.2516	-0.2726	0.0643	0.5282	0.3834
4	23289499	23289899	-0.1051	-0.1337	0.1462	0.0509	-0.3508	0.3989
4	23440098	23440498	0.2366	-1.3052	0.2373	-0.2695	-0.3542	0.4127
4	23529499	23529899	0.0740	0.1542	0.1605	0.0527	0.3736	-0.1941
4	23649499	23649899	0.1456	-0.4881	-0.2452	0.1308	-0.2440	-0.2539
4	23800098	23800498	-0.1554	-0.0283	0.0871	0.1563	-0.0853	-0.0248
4	23889499	23889899	0.3145	0.2587	-0.2830	0.0344	0.1712	0.0823
4	24009499	24009899	-0.0333	-0.3668	0.2462	-0.0397	-0.3177	0.5118
4	24160098	24160498	-0.4495	-0.0912	-0.3227	0.2229	0.1066	0.1488
4	24249499	24249899	0.5995	-0.1300	0.1260	-0.4038	0.5266	-0.2266
4	24369499	24369899	-0.4015	-0.4715	-0.4538	-0.7077	-1.3995	-1.1806
4	24520098	24520498	0.2026	0.5001	-0.3407	-0.5156	0.0391	0.0453
4	24609499	24609899	0.8213	-0.4127	-0.5390	-0.4064	0.2670	-0.2829
4	24729499	24729899	0.1876	-0.0342	0.0149	0.0174	-0.8038	0.3352
4	24880098	24880498	0.3230	-0.5978	0.0327	0.1896	-0.7451	-0.4036
4	24969499	24969899	-0.0561	-0.1257	-0.6250	-0.7783	-0.3400	-1.0415
4	25089499	25089899	0.1352	-0.0347	0.0399	-0.0956	-0.0833	-0.2822
4	25240098	25240498	0.6941	0.9258	1.4436	0.9951	1.1888	1.5304
4	25329499	25329899	0.4003	0.1401	0.6777	-0.6742	-0.0405	0.1097
4	25449499	25449899	-0.1485	0.1912	0.1034	0.0380	0.2480	0.0960
4	25600098	25600498	-0.1821	0.3404	-0.6181	0.9982	-0.3962	-0.0075
4	25689499	25689899	-0.1514	-0.3704	0.2030	0.5448	-0.0693	-0.2273
4	25809499	25809899	-0.0053	-0.4533	-0.4235	-0.2024	0.2551	-0.3477
4	25960098	25960498	-0.0208	-0.3931	0.1074	0.5290	0.0105	0.0251
4	26049499	26049899	0.2177	-0.4224	-0.4429	-0.4613	-0.0230	-0.0538
4	26169499	26169899	-1.2334	-1.5383	-0.8820	-0.8612	-1.2397	-1.9007
4	26320098	26320498	0.3398	-0.3495	-0.1427	0.1961	-0.2366	0.3994
4	26409499	26409899	0.4870	-0.1677	0.2697	0.0600	-0.6437	0.5983
4	26529499	26529899	0.5209	0.5420	-0.3381	-0.0473	-0.2084	-0.4011
4	26680098	26680498	0.1268	0.4314	0.0070	0.1381	0.1344	-0.3196
4	26769499	26769899	0.1797	-0.1854	0.4038	0.3925	0.1293	0.1129
4	26889499	26889899	-0.3811	0.2332	-0.2328	-0.3681	0.3339	0.4992
4	27040098	27040498	0.9181	-0.2165	-0.1251	-0.0672	0.1671	-0.4949
4	27129499	27129899	0.3667	-0.0261	-0.0750	0.0630	-0.1743	-0.0520
4	27249499	27249899	0.0200	0.4335	-0.4626	0.3995	0.1088	-0.0593
4	27400098	27400498	-0.5741	-0.0190	0.3923	0.5267	-0.1541	-0.4664
4	27489499	27489899	0.9288	0.9328	0.8146	1.3720	1.0387	1.6876
4	27609499	27609899	0.9526	0.9710	1.9775	1.4723	0.9171	2.0579
4	27760098	27760498	0.2940	-0.2357	-0.2911	-0.2301	0.3641	0.1411
4	27849499	27849899	0.0501	-0.2995	-0.5345	0.5217	-0.4815	0.1495
4	27969499	27969899	-0.0180	0.1082	0.0009	0.8087	0.1785	-0.0900
4	28120098	28120498	-0.0468	-0.2251	0.1127	0.3067	0.5033	0.0884
4	28209499	28209899	0.1498	0.2060	0.0987	-0.1825	-0.2266	-0.5476
4	28329499	28329899	0.3065	0.8244	-0.2778	-0.2877	-0.0046	-0.4216
4	28480098	28480498	0.4073	-0.1527	-0.1288	0.1364	-0.5350	0.1409
4	28569499	28569899	0.6360	0.4774	0.7345	0.9662	0.5206	2.1159
4	28689499	28689899	0.9148	1.0991	1.3110	1.4430	1.8519	1.5652
4	28840098	28840498	0.4917	0.5073	-0.1566	-0.3454	0.1807	0.1244
4	28929499	28929899	-0.2377	-0.3691	-0.0475	0.1378	0.0364	0.2735
4	29049499	29049899	0.2922	0.7150	1.0202	1.2630	1.7742	1.3882
4	29200098	29200498	1.2659	1.1938	1.1974	1.2278	1.9691	2.0310
4	29289499	29289899	0.1376	-0.4490	-0.3872	0.2125	-0.9589	-0.2589
4	29409499	29409899	1.3153	1.4297	0.6041	1.6771	2.0439	1.9356
4	29560098	29560498	0.8651	1.1100	0.8150	1.5128	1.1957	2.0465
4	29649499	29649899	-0.3087	-0.9128	-0.5190	-0.9821	-0.6101	-1.3188
4	29769499	29769899	0.3418	0.1466	-0.2103	-0.6569	0.5321	0.2495
4	29920098	29920498	-0.0935	-0.6648	0.1669	0.2778	-0.1201	0.1933
4	30009499	30009899	-0.1288	-0.2019	0.1995	0.2779	-0.5159	-0.4415
4	30129499	30129899	0.1066	0.1608	0.3956	-0.0869	-0.4135	0.4091
4	30280098	30280498	-0.4272	0.0735	0.6541	0.4592	0.3169	0.3834
4	30369499	30369899	0.0768	0.3926	-0.2351	0.7057	0.1218	0.3090
4	30489499	30489899	0.0370	-0.1641	-0.0171	0.7759	0.2221	-0.1993
4	30640098	30640498	0.1212	1.8224	1.3331	1.1860	1.9038	1.4977
4	30729499	30729899	-0.1119	-0.1117	-0.0035	0.0502	0.7522	-0.3904
4	30849499	30849899	-0.2938	0.0571	-0.2270	-0.2159	-0.7798	-0.2169
4	31000098	31000498	-0.2229	0.0828	0.1842	-0.1133	-0.0261	-0.2005
4	31089499	31089899	-0.3719	-0.2428	0.5102	-0.4563	0.0155	0.2548
4	31209499	31209899	-0.0142	-0.1809	0.3652	-0.2237	0.1272	-0.2209
4	31360098	31360498	-0.1534	-0.3201	0.9061	-0.3443	-0.1651	-0.0036
4	31449499	31449899	-0.6530	-0.0172	-0.2662	-0.2196	0.1708	-0.1983
4	31569499	31569899	0.4025	-0.0601	-0.0183	0.0641	-0.2606	0.7579
4	31720098	31720498	0.6835	0.1373	-0.1076	0.0286	-0.0376	0.1255
4	31809499	31809899	-0.1433	0.5145	0.4974	0.3141	0.0660	-0.3756
4	31929499	31929899	1.0951	0.7694	1.3143	1.3399	1.9460	1.3382
4	32080098	32080498	0.3133	-0.2629	0.1177	-0.0492	-0.1018	0.3741
4	32169499	32169899	-0.4513	0.0024	0.2076	0.4771	0.1029	0.1540
4	32289499	32289899	-0.2232	-0.1158	-0.3854	0.1067	-0.2302	-0.1667
4	32440098	32440498	-0.1755	0.0583	0.1710	0.2675	0.1068	0.0177
4	32529499	32529899	0.2429	-0.3071	0.1539	-1.0374	0.1642	0.3086
4	32649499	32649899	0.9216	0.8924	1.2597	1.8008	0.9412	1.9912
4	32800098	32800498	-0.1754	-0.3604	-0.5873	0.1684	-0.0627	0.4454
4	32889499	32889899	0.3565	-0.2273	-0.3958	0.2065	-0.1513	-0.0755
4	33009499	33009899	-0.0234	-0.2292	-0.2271	0.4703	-0.6865	-0.0623
4	33160098	33160498	-0.4340	-0.1149	0.0988	0.1892	-0.0496	-0.6843
4	33249499	33249899	0.7041	-0.4193	-0.0231	-0.1224	-0.2339	-0.2512
4	33369499	33369899	-0.0394	-0.0583	-0.1726	-0.2246	0.6321	-0.7569
4	33520098	33520498	0.2615	0.2439	-0.1167	-0.2809	0.3699	-0.0178
4	33609499	33609899	-0.0431	-0.5659	0.0027	-0.1811	0.0292	0.0079
4	33729499	33729899	0.1584	0.0545	0.5754	-0.2282	0.2357	0.1597
4	33880098	33880498	0.9584	0.2069	-0.1428	0.1325	0.3513	-0.6131
4	33969499	33969899	0.3890	0.3615	-0.4904	-0.2339	-0.4023	0.3936
4	34089499	34089899	0.1524	0.2501	0.4272	0.7286	0.0853	0.4392
4	34240098	34240498	-0.6003	0.1862	-0.2343	0.2963	-0.0174	-0.2651
4	34329499	34329899	0.1073	0.6647	-0.3647	-0.0884	-0.1254	0.4314
4	34449499	34449899	0.6184	0.1470	-0.0684	-0.1235	0.4675	0.3292
4	34600098	34600498	0.3455	-0.0892	0.0645	0.3250	-0.1624	-0.7995
4	34689499	34689899	0.1416	-0.1753	-0.0095	0.2143	0.8712	-0.4200
4	34809499	34809899	-0.1939	0.2944	-0.2870	0.2589	0.2404	-0.2195
4	34960098	34960498	0.3163	-0.6407	0.5784	0.1442	-0.2633	-0.0175
4	35049499	35049899	-0.3480	-0.2196	0.0278	-0.5016	0.1350	0.1548
4	35169499	35169899	0.1446	0.1513	-0.7227	-0.0337	-0.0950	0.3066
4	35320098	35320498	0.1866	0.1720	-0.7379	0.0174	0.5108	0.6614
4	35409499	35409899	-0.4911	0.1404	-0.3710	0.1417	0.3378	-0.2694
4	35529499	35529899	-0.5382	0.4978	0.4177	-0.1542	-0.1100	0.0087
4	35680098	35680498	-0.4625	0.0025	-0.3035	-0.2544	-0.2028	-0.0195
4	35769499	35769899	-0.0677	0.3939	-0.7746	-0.2926	-0.2724	0.6607
4	35889499	35889899	0.4324	0.0422	0.0739	0.2014	0.0956	-0.0989
4	36040098	36040498	-0.5992	-0.8762	-0.6075	-0.6415	-1.2625	-1.3314
4	36129499	36129899	0.0926	-0.0729	-0.5803	-0.3754	0.7135	-0.5760
4	36249499	36249899	-0.8384	-0.4139	-1.0601	-0.7345	-0.9761	-1.3740
4	36400098	36400498	-0.6060	-0.3711	-0.6188	0.2709	-0.4543	-0.0262
4	36489499	36489899	-0.4919	0.1014	0.0853	0.2047	0.2346	0.3193
4	36609499	36609899	-0.8712	-1.2069	-1.3972	-1.2695	-1.3607	-2.0541
4	36760098	36760498	0.1371	0.1613	-0.1677	0.2637	0.0596	0.2654
4	36849499	36849899	-0.7611	-0.1926	-0.6320	0.2780	-0.0455	0.0370
4	36969499	36969899	-0.4961	-0.1407	0.0897	-0.5493	0.3888	-0.2142
4	37120098	37120498	0.0463	-0.0949	-0.0785	-0.1242	0.0776	-0.3499
4	37209499	37209899	0.4374	-0.3132	0.2958	0.3282	-0.5933	0.0130
4	37329499	37329899	-0.1462	-0.3626	0.7690	0.1153	0.4709	-0.3512
4	37480098	37480498	0.2873	-0.3546	0.0288	0.7079	-0.0353	-0.1160
4	37569499	37569899	0.6375	-0.0234	-0.0923	0.2344	0.0711	0.0076
4	37689499	37689899	-0.0736	-0.0006	-0.2626	-0.5041	-0.2205	-0.4218
4	37840098	37840498	-0.3209	-0.0233	0.0020	0.1566	0.3014	-0.3108
4	37929499	37929899	0.1447	-0.4150	0.9430	-0.3571	0.2723	0.4780
4	38049499	38049899	-0.3266	0.2544	-0.0128	0.3923	0.2734	-0.1435
4	38200098	38200498	0.1064	0.1294	0.1376	-0.0158	-0.0225	-0.5373
4	38289499	38289899	0.2387	0.2179	-0.0060	0.2289	-0.3127	-0.1253
4	38409499	38409899	0.0818	0.5789	0.1274	-0.3833	-0.1876	-0.1871
4	38560098	38560498	0.7498	0.3541	0.0535	-0.5824	-0.1344	-0.2034
4	38649499	38649899	0.2413	-0.2225	0.1408	0.2748	-0.5551	0.1629
4	38769499	38769899	0.3121	-0.6311	0.0834	0.5684	-0.0022	0.2264
4	38920098	38920498	-0.3943	0.2482	-0.0881	-0.1955	-0.2267	0.1796
4	39009499	39009899	0.0079	0.0104	-0.2551	-0.6723	0.0884	-0.2767
4	39129499	39129899	-0.1179	-0.1833	0.1730	0.4405	-0.4480	0.0292
4	39280098	39280498	-0.0438	-0.2115	-0.3743	0.1481	-0.0396	-0.0139
4	39369499	39369899	-0.0965	-0.8274	-0.2536	-0.2729	0.0908	-0.2808
4	39489499	39489899	-0.3352	-0.5205	-0.3356	-0.4168	0.1419	0.0558
4	39640098	39640498	-0.0542	-0.0687	-0.5726	-0.2718	0.4346	-0.2700
4	39729499	39729899	-0.6119	-0.8171	-0.6497	-0.8463	-1.7550	-1.4610
4	39849499	39849899	0.0520	-0.1606	-0.3377	-0.2668	-0.1072	0.1828
4	40000098	40000498	0.3705	0.5900	0.1266	-0.4644	-0.5561	0.0890
4	40089499	40089899	-0.0955	0.2107	0.7113	0.1100	-0.0343	0.2615
4	40209499	40209899	0.3404	-0.6112	-0.6064	-0.0795	-0.0683	0.5518
4	40360098	40360498	0.0773	-0.2259	-0.2202	0.1521	-0.5389	-0.0589
4	40449499	40449899	0.4478	0.3617	-0.4427	0.1338	0.1610	0.4443
4	40569499	40569899	-0.2340	-0.0908	0.2276	0.2426	0.2481	0.0702
4	40720098	40720498	0.5458	-0.3676	-0.3584	0.1473	-0.1780	-0.0240
4	40809499	40809899	-0.3809	-0.1888	0.1939	-0.4969	0.5910	-0.4975
4	40929499	40929899	0.2065	0.2515	0.1934	0.1219	0.4845	-0.1510
4	41080098	41080498	0.2965	-0.5281	-0.4081	0.0306	0.3908	0.2680
4	41169499	41169899	-0.2709	-0.1842	0.3727	-0.2157	-0.9240	0.4526
4	41289499	41289899	0.1341	0.1638	0.2881	-0.2562	-0.1563	-0.6740
4	41440098	41440498	-0.1273	-0.9070	0.2439	0.3291	0.0998	0.0198
4	41529499	41529899	0.6250	-0.3228	0.4612	-0.2779	-0.3521	-0.0706
4	41649499	41649899	-0.3066	-0.1861	0.1877	0.4435	0.1829	-0.6747
4	41800098	41800498	0.1439	0.2814	-0.5545	0.4193	-0.0674	0.1941
4	41889499	41889899	0.2856	-0.2212	-0.1689	-0.1453	0.0960	-0.5129
4	42009499	42009899	-1.7103	-0.4933	-0.4806	-2.0028	-1.3334	-2.3152
4	42160098	42160498	-0.1640	-0.3113	-0.1611	0.3292	0.2795	-0.0070
4	42249499	42249899	0.3935	0.3310	0.6125	0.3060	0.3136	0.7792
4	42369499	42369899	-0.1351	-0.0790	0.5771	0.1814	0.0241	1.3717
4	42520098	42520498	0.7380	-0.2748	0.1250	-0.5019	-0.0787	0.2385
4	42609499	42609899	0.3231	0.1892	-0.7585	0.5405	0.6045	0.0360
4	42729499	42729899	0.4645	-0.2264	-0.0611	-0.2492	-0.2670	0.0395
4	42880098	42880498	-0.4677	-0.2048	-0.4379	-0.3411	-0.3514	0.3348
4	42969499	42969899	0.8527	0.5464	0.6133	1.7028	1.5473	1.5214
4	43089499	43089899	-0.1113	0.3513	-0.1043	-0.2825	0.7179	0.4129
4	43240098	43240498	0.1833	-0.3689	0.0546	0.4019	-0.2498	0.1254
4	43329499	43329899	0.4537	0.1436	-0.1689	0.6840	0.6993	0.0810
4	43449499	43449899	0.5692	0.3514	-0.0396	0.1413	0.2500	-0.5549
4	43600098	43600498	0.3036	-0.1220	0.5551	0.0936	0.0681	-0.2450
4	43689499	43689899	-0.2274	0.7239	-0.3799	0.3165	-0.0001	-0.5876
4	43809499	43809899	-0.4496	0.1967	0.0561	-0.1083	-0.1464	-0.5194
4	43960098	43960498	0.7131	-0.3494	0.3864	-0.2568	0.0012	0.4169
4	44049499	44049899	-0.2225	-0.2181	-0.3861	-0.0265	-0.7286	-0.4315
4	44169499	44169899	0.4058	-0.2547	0.2779	0.3565	0.2959	0.2886
4	44320098	44320498	-0.0752	-0.1199	-0.3566	-0.2770	-0.4844	-0.7038
4	44409499	44409899	-0.2406	0.0056	0.1121	-0.4501	-0.2504	-0.3298
4	44529499	44529899	0.3103	0.2799	0.1454	-0.5633	-0.4212	0.7885
4	44680098	44680498	-0.4167	-0.2312	-0.6864	-0.7580	-0.1319	-0.0920
4	44769499	44769899	0.1903	-0.2083	-0.6045	0.1160	-0.1036	0.0127
4	44889499	44889899	-0.0965	-0.2481	-0.3400	0.0978	-0.3914	0.2901
4	45040098	45040498	0.2957	0.3284	0.0205	0.2042	0.0740	-0.1354
4	45129499	45129899	0.2716	0.6018	0.0267	0.2411	-0.0609	-0.0053
4	45249499	45249899	-1.2707	-1.0607	-1.3225	-1.2388	-1.6335	-1.7317
4	45400098	45400498	0.3180	-0.4146	-0.1003	0.4098	0.2642	0.2159
4	45489499	45489899	0.6710	-0.6428	0.5936	0.2062	-0.0210	-0.1279
4	45609499	45609899	-0.2684	0.4497	0.3827	-0.1622	0.6553	0.0550
4	45760098	45760498	-0.1610	-0.7176	0.2505	-0.1090	0.0616	-0.1904
4	45849499	45849899	0.1633	-0.5609	0.2209	-0.2484	0.3501	0.5305
4	45969499	45969899	-0.5525	-0.6498	-0.2878	0.1586	-0.2331	0.1464
4	46120098	46120498	0.9418	0.8888	1.3920	1.6390	1.5128	1.9477
4	46209499	46209899	1.4723	1.0282	1.5416	1.5030	1.8064	2.2537
4	46329499	46329899	0.5438	0.7487	1.7875	1.7508	1.5046	2.1330
4	46480098	46480498	0.1116	-0.5451	0.6921	-0.4410	0.2634	-0.0204
4	46569499	46569899	0.1899	-0.6376	0.2337	-0.0414	0.1300	-0.3136
4	46689499	46689899	-0.1223	0.8473	0.0516	0.7767	-0.0384	-0.0023
4	46840098	46840498	0.1423	1.7624	1.1169	1.2456	1.7506	1.5105
4	46929499	46929899	0.3285	0.0784	0.4312	0.1400	-0.0652	-0.0575
4	47049499	47049899	0.7425	1.2119	1.0123	1.1212	1.1529	1.6452
4	47200098	47200498	-0.0842	0.0279	0.6695	-0.0073	-0.0099	0.1226
4	47289499	47289899	0.0417	0.1479	0.3749	-0.1701	-0.4586	0.0860
4	47409499	47409899	0.0871	0.3513	0.2954	-0.2512	-0.1192	0.2381
4	47560098	47560498	0.4637	-0.0771	0.3262	0.4273	0.3009	0.3199
4	47649499	47649899	0.0659	0.3462	-0.0365	-0.0430	-0.3622	0.3643
4	47769499	47769899	0.1326	0.2142	-0.1470	-0.2841	0.0090	-0.0481
4	47920098	47920498	-0.2680	-0.0435	0.0297	0.4268	-0.3992	0.4429
4	48009499	48009899	0.0222	0.2123	-0.0748	-0.5573	0.4976	-0.2149
4	48129499	48129899	0.0528	-0.1301	0.2063	-0.4526	-0.6958	0.0164
4	48280098	48280498	0.1564	-0.1371	0.9897	0.4228	-0.4037	-0.7598
4	48369499	48369899	0.0176	0.7104	0.6106	0.4688	-0.5506	-0.6283
4	48489499	48489899	0.1071	-0.3582	-0.0124	0.4894	-0.2290	-0.5684
4	48640098	48640498	0.4826	0.0741	-0.1649	-0.1290	0.4357	0.0724
4	48729499	48729899	-0.5126	-0.3694	0.4564	0.1632	0.1537	0.3493
4	48849499	48849899	-0.2607	-0.1822	-0.1331	0.3341	0.2062	-0.4124
4	49000098	49000498	0.2866	-0.0055	-0.1214	-0.1010	-0.2560	-0.4307
4	49089499	49089899	0.5056	-0.2166	-0.0131	0.1163	0.4934	0.3582
4	49209499	49209899	0.1067	0.2487	-0.2323	0.5660	0.2893	-0.2630
4	49360098	49360498	-0.4690	0.2979	0.9215	-0.6993	0.2510	0.0149
4	49449499	49449899	-0.4177	0.2989	0.1779	0.2802	0.6806	-0.0024
4	49569499	49569899	0.7237	1.0919	0.9878	1.4211	0.8254	1.4317
4	49720098	49720498	-0.0281	0.1907	0.8267	-0.0428	0.4375	0.2380
4	49809499	49809899	-0.7402	-0.0325	-0.3623	0.2887	-0.2102	0.4112
4	49929499	49929899	-0.5771	-0.5361	0.1816	0.3449	0.0553	-0.2919
4	50080098	50080498	0.6857	-0.3194	0.2332	-0.7574	0.5309	0.2204
4	50169499	50169899	-0.6498	-0.3537	-0.0752	0.3408	0.3712	-0.0364
4	50289499	50289899	-0.3022	0.0245	0.0071	-0.4655	0.3191	-0.4093
4	50440098	50440498	0.6673	1.1205	1.3195	1.4025	1.6980	2.0213
4	50529499	50529899	0.0019	0.1485	-0.0839	0.1047	-0.3197	-0.1349
4	50649499	50649899	-0.3663	-0.3422	0.2214	0.1139	-0.1156	0.1679
4	50800098	50800498	0.3812	-0.4196	0.7646	0.0103	0.0382	-0.1146
4	50889499	50889899	0.0194	0.4965	0.3912	-0.0909	-0.1917	0.2686
4	51009499	51009899	-0.2641	-0.0880	0.1204	-1.0939	0.0293	0.9096
4	51160098	51160498	0.9115	-0.4109	0.1333	0.1068	0.1657	0.4007
4	51249499	51249899	0.1687	-0.0865	0.3888	0.2585	0.2603	-0.2771
4	51369499	51369899	0.4710	0.0349	0.0857	0.2201	-0.0638	0.4723
4	51520098	51520498	-0.5410	0.5048	-0.0385	-0.1152	-0.3187	0.2840
4	51609499	51609899	-0.1326	0.7061	0.1777	0.3285	0.1551	0.4632
4	51729499	51729899	-0.1354	-0.2013	0.4322	-0.6857	-0.3327	0.6600
4	51880098	51880498	-0.0962	-0.1532	-0.3956	-0.3237	0.1207	0.2811
4	51969499	51969899	-0.1523	0.1319	-0.1640	-0.3357	0.0035	-0.0268
4	52089499	52089899	-0.1205	0.1298	-0.0159	-0.4059	0.4903	-0.3381
4	52240098	52240498	-0.3178	0.1750	-0.5156	-0.6152	-0.3559	-0.4887
4	52329499	52329899	0.6829	-0.2720	-0.2169	-0.1228	0.2382	0.1431
4	52449499	52449899	-0.1263	-0.0520	0.0911	-0.4138	-0.0099	-0.0780
4	52600098	52600498	0.5770	1.2122	0.5651	1.3732	2.0809	2.1177
4	52689499	52689899	-0.1145	0.7607	-0.2322	-0.5683	0.0329	-0.7193
4	52809499	52809899	0.3081	0.2415	0.5911	0.3100	-0.0101	-0.5231
4	52960098	52960498	1.0677	0.9048	1.4478	1.0102	1.4145	1.4076
4	53049499	53049899	0.3968	0.3174	0.5848	-0.1511	0.2491	0.1261
4	53169499	53169899	-0.2232	0.4202	0.2105	0.0530	0.0923	-0.0099
4	53320098	53320498	0.1460	0.2606	0.1114	-0.0065	0.5502	0.3003
4	53409499	53409899	0.5483	0.0614	-0.0402	-0.4645	0.2453	-0.0046
4	53529499	53529899	-0.2219	-0.3085	0.3199	-0.1167	-0.1097	-0.5196
4	53680098	53680498	-0.2282	-0.2177	0.0867	0.3181	0.0238	0.4933
4	53769499	53769899	-0.0987	0.2329	0.9293	-0.3242	0.3468	0.2711
4	53889499	53889899	0.0664	1.1981	0.8398	1.3236	1.9092	2.0503
4	54040098	54040498	0.9085	1.0115	1.3475	0.5300	2.0728	1.8285
4	54129499	54129899	0.0128	0.1252	-0.1558	0.6248	0.2979	0.3511
4	54249499	54249899	-0.1563	0.1393	0.0270	-0.2841	0.3311	-0.1309
4	54400098	54400498	-0.0444	-0.1432	0.3497	-0.2084	-0.1099	0.1411
4	54489499	54489899	-0.0726	-0.3185	-0.0044	-0.0074	-0.5473	0.0748
4	54609499	54609899	0.1640	-0.2505	0.7229	0.0853	-0.1971	-0.0972
4	54760098	54760498	-0.0940	0.4365	-0.0727	0.0077	-0.7211	-0.6057
4	54849499	54849899	0.3593	-0.3340	0.1513	-0.0847	-0.6966	0.2245
4	54969499	54969899	0.0785	0.2564	-0.3041	-0.3525	-0.0244	0.2878
4	55120098	55120498	-0.4198	0.6007	-0.6606	-0.1966	0.1791	0.5945
4	55209499	55209899	-0.3298	0.3504	-0.4439	0.0297	0.2182	0.7346
4	55329499	55329899	0.1005	0.1274	-0.3554	0.1567	0.4302	-0.3180
4	55480098	55480498	0.0931	-0.4349	-0.1059	-0.1750	-0.1961	0.4731
4	55569499	55569899	-0.2404	-0.1227	-0.5922	0.1314	0.3328	0.3876
4	55689499	55689899	-0.1742	-0.2671	-0.3764	-0.2870	-0.1814	-0.6149
4	55840098	55840498	-0.0791	0.4571	0.3451	0.6120	-0.7799	0.0447
4	55929499	55929899	0.2932	-0.2851	-0.2892	0.1815	0.0422	0.1943
4	56049499	56049899	0.1867	-0.1484	-0.4755	-0.2766	-0.1233	-0.0413
4	56200098	56200498	-0.1554	0.0256	1.0316	0.2325	0.0028	0.3908
4	56289499	56289899	-0.4136	0.0764	0.7457	-0.3686	0.3585	-0.0835
4	56409499	56409899	-0.2617	0.6855	0.1784	0.4082	0.1280	-0.4440
4	56560098	56560498	0.6067	0.0210	-0.6014	-0.5364	-0.3426	-0.2476
4	56649499	56649899	0.1157	0.3397	-0.1645	-0.2828	-0.2191	-0.1048
4	56769499	56769899	0.1479	0.4021	0.2110	-0.2998	-0.2391	-0.8681
4	56920098	56920498	0.1257	0.2942	0.1900	-0.1701	0.5843	0.1705
4	57009499	57009899	-0.4362	0.2840	-0.4978	0.4993	0.1724	-0.2607
4	57129499	57129899	0.2286	0.3972	-0.1669	-0.1921	-0.3971	-0.0217
4	57280098	57280498	0.2313	0.2287	0.0474	-0.0508	-0.5077	-0.2506
4	57369499	57369899	-0.6073	-1.4823	-0.9595	-1.0929	-1.1763	-1.4167
4	57489499	57489899	-0.0796	-0.1429	-0.5332	-0.3497	-0.2760	0.1223
5	9499	9899	0.2597	0.2655	0.1932	-0.9226	-0.5461	-0.5859
5	60000	60400	0.4761	-0.0658	-0.0800	-0.5067	-0.0992	-0.1871
5	160098	160498	-0.0290	-0.5003	0.2108	0.2573	0.4635	-0.2943
5	180000	180400	0.2827	0.1570	-0.5822	-0.0448	0.1426	-0.4055
5	249499	249899	-0.5309	-1.0193	-0.9882	-0.7773	-1.2892	-2.1351
5	300000	300400	-0.0089	0.2272	-0.8744	0.3232	0.1061	0.1245
5	369499	369899	0.0165	0.0423	0.7209	-0.2552	-0.5536	0.0485
5	420000	420400	-0.0270	0.2940	-0.0475	-0.1380	0.0824	0.7699
5	520098	520498	-0.0712	0.8642	-0.0663	-0.7907	-0.0010	0.2745
5	540000	540400	0.2386	0.0038	-0.0190	-0.3557	0.0766	0.0194
5	609499	609899	-0.1137	-0.0826	-0.4049	0.4260	-0.3728	-0.1171
5	660000	660400	0.1192	-0.0031	-0.3463	0.3597	-0.2285	-0.4454
5	729499	729899	-0.3980	-0.3118	-0.1751	-0.9804	-0.8313	-0.4657
5	780000	780400	0.0266	0.1781	-0.0692	-0.3450	-0.4109	-0.2387
5	880098	880498	0.1450	0.0196	0.5334	-0.1674	-0.1677	-0.1709
5	900000	900400	-0.2134	0.9291	0.4025	0.3947	0.2636	0.2819
5	969499	969899	0.2600	-0.6197	0.4087	0.2002	0.4764	-0.2136
5	1020000	1020400	-0.0474	0.2828	0.4991	-0.3014	0.2378	-0.4899
5	1089499	1089899	0.9829	0.8827	1.1349	1.6742	1.1798	1.3528
5	1140000	1140400	-0.6359	-0.4196	0.1318	-0.2927	-0.7008	-0.4508
5	1240098	1240498	1.3206	1.2111	1.3689	2.0191	1.8873	2.0284
5	1260000	1260400	-0.5272	-0.1540	0.5651	-0.1960	0.3147	0.4387
5	1329499	1329899	0.6176	0.0827	-0.2220	-0.2283	-0.4592	-0.2484
5	1380000	1380400	0.4179	-0.2963	-0.4510	0.1818	0.2507	0.3947
5	1449499	1449899	-0.1693	-0.2734	-0.1330	0.0216	0.4027	0.0324
5	1500000	1500400	-0.0549	-0.1585	0.4125	0.0814	-0.2099	0.2453
5	1600098	1600498	-0.0587	0.5347	-0.0477	0.9384	0.0415	0.2370
5	1620000	1620400	0.2345	0.5305	0.1715	-0.2006	0.3613	-0.3666
5	1689499	1689899	-0.0890	0.1300	0.0955	-0.2812	0.2051	0.2647
5	1740000	1740400	0.1510	0.7383	0.1627	0.1385	-0.0779	0.2820
5	1809499	1809899	-0.0384	-0.1305	-0.4538	0.3243	-0.3294	-0.0761
5	1860000	1860400	0.0784	0.1121	-0.5012	0.3748	-0.1716	-0.4659
5	1960098	1960498	0.2462	-0.0552	-0.0807	-0.1997	-0.1670	-0.5900
5	1980000	1980400	-0.0739	-0.1400	0.7951	-0.5382	-0.1700	0.7571
5	2049499	2049899	0.0845	0.0001	-0.1299	-0.6468	0.4222	0.0014
5	2100000	2100400	-0.1357	0.6675	0.3415	0.1625	-0.3979	0.0345
5	2169499	2169899	0.3310	-0.1756	-0.6513	-0.2750	-0.2325	-0.2572
5	2220000	2220400	0.3618	-0.3733	0.0394	0.0570	-0.0985	0.1072
5	2320098	2320498	-0.1307	-0.0485	0.2663	0.1808	0.4155	-0.4432
5	2340000	2340400	-0.0936	0.0572	0.0700	-0.0571	-0.4499	0.4667
5	2409499	2409899	0.4061	-0.0783	0.2120	-0.2751	0.2990	-0.3673
5	2460000	2460400	-0.0403	-0.0231	0.4543	-0.5087	-0.1297	-0.4274
5	2529499	2529899	-0.0790	-0.6215	-0.2126	0.0354	0.0037	0.2653
5	2580000	2580400	0.0345	0.2384	-0.4365	-0.5947	0.1041	-0.2913
5	2680098	2680498	-0.1847	0.2660	0.1281	0.1609	0.5312	0.1865
5	2700000	2700400	0.0798	-0.5507	-0.1432	0.0187	0.2367	0.6881
5	2769499	2769899	0.2215	-0.1671	-0.0829	0.1498	-0.2617	0.4429
5	2820000	2820400	0.1089	0.3296	0.3194	0.3434	0.0074	-0.6367
5	2889499	2889899	-0.2024	-0.3333	-0.2153	0.1874	0.2602	0.4933
5	2940000	2940400	-0.0944	-0.5261	0.4287	-0.3067	-0.2177	0.4066
5	3040098	3040498	0.1832	0.4844	0.1949	-0.2875	0.2317	-0.5905
5	3060000	3060400	0.4894	-0.1433	0.3895	-0.5464	0.0216	-0.0341
5	3129499	3129899	-1.3921	-0.4913	-1.3903	-1.1148	-2.0682	-1.7876
5	3180000	3180400	-0.1052	-0.4065	-0.4349	0.5334	0.1096	0.4013
5	3249499	3249899	0.5724	1.1252	1.6143	0.7046	1.5507	1.2658
5	3300000	3300400	-0.2168	-0.1556	0.2595	0.0002	0.2405	0.4760
5	3400098	3400498	-0.1811	-0.1611	0.2660	0.0479	-0.4420	-0.1345
5	3420000	3420400	-0.5264	0.2080	-0.1736	-0.3718	0.2362	-0.2304
5	3489499	3489899	0.5108	-0.1456	0.2630	-0.4346	0.4524	-0.0798
5	3540000	3540400	-0.3733	-0.7139	0.3848	0.3881	0.3162	-0.4398
5	3609499	3609899	-0.6903	0.1236	-0.3759	0.3716	0.5469	0.0759
5	3660000	3660400	-0.3291	0.4376	-0.8730	0.0689	0.0435	0.2787
5	3760098	3760498	-0.0062	0.1759	-0.0131	-0.2090	0.7837	0.5124
5	3780000	3780400	0.4258	-0.3574	0.3793	-0.3948	-0.4011	-0.4618
5	3849499	3849899	-0.1556	1.1415	1.4504	1.6249	1.7685	1.3683
5	3900000	3900400	-0.5552	0.3355	-0.3073	-0.4854	-0.0735	-0.0153
5	3969499	3969899	0.1484	-0.2974	0.3078	-0.0121	-0.0122	-0.2289
5	4020000	4020400	-0.2322	-0.0848	-0.1667	0.1125	0.3663	-0.0233
5	4120098	4120498	-0.1766	0.1818	-0.0775	0.5450	0.3471	0.9387
5	4140000	4140400	-0.2503	0.0495	0.0880	-0.1790	0.0958	-0.2996
5	4209499	4209899	0.1439	0.3951	0.1770	-0.6680	0.1807	0.2094
5	4260000	4260400	0.0282	0.0706	0.2393	-0.3527	0.2804	-0.1340
5	4329499	4329899	0.7344	-0.1635	0.1610	0.2304	-0.3365	0.1220
5	4380000	4380400	0.2555	0.3472	0.0497	0.3214	0.4567	0.1395
5	4480098	4480498	0.1251	0.1638	-0.1949	0.0467	0.0341	0.1825
5	4500000	4500400	0.2765	-0.1956	0.3058	-0.2562	0.3591	0.5221
5	4569499	4569899	-0.4523	-0.1060	-0.1470	0.1198	0.6791	0.2269
5	4620000	4620400	-0.2104	-0.1968	0.3739	-0.0135	0.6529	0.6623
5	4689499	4689899	-0.9745	-1.1412	-1.3901	-1.3886	-1.9055	-1.9035
5	4740000	4740400	0.2816	-0.1139	-0.4915	0.4329	0.5503	0.3255
5	4840098	4840498	0.6846	0.1082	-0.4594	0.0277	0.6012	0.4574
5	4929499	4929899	0.0185	0.2504	0.1888	0.5761	-0.3727	-0.9368
5	5049499	5049899	0.4998	-0.1636	0.1969	-0.0440	0.0609	1.1030
5	5200098	5200498	-0.4686	0.1413	-0.2534	-0.1157	0.4241	-0.0809
5	5289499	5289899	-0.4459	0.7941	0.1831	-0.4867	-0.0807	0.0716
5	5409499	5409899	-0.3666	0.1181	-0.4677	0.2352	0.0086	-0.3735
5	5560098	5560498	-0.0503	-0.8642	0.1910	-0.2049	-0.8436	0.0413
5	5649499	5649899	-0.3157	0.4706	0.5053	-0.0682	0.1690	-0.4763
5	5769499	5769899	-0.2968	0.2307	0.1499	-0.7294	0.0230	-0.4896
5	5920098	5920498	-0.3784	-0.2084	0.4126	0.3758	0.2374	0.0616
5	6009499	6009899	-0.3108	-0.1945	-0.1193	-0.4172	0.1354	-0.4111
5	6129499	6129899	-0.7051	-1.0501	-1.5558	-1.2035	-1.4701	-2.0226
5	6280098	6280498	-0.1960	-0.4583	-0.3246	-0.7921	0.4696	0.3858
5	6369499	6369899	-0.5435	-0.7448	-1.2846	-0.8912	-2.0493	-1.5637
5	6489499	6489899	0.2496	-0.2258	-0.2543	-0.0207	0.0416	-0.8833
5	6640098	6640498	-0.1518	0.3236	-0.2269	0.0985	0.1695	0.2235
5	6729499	6729899	0.0419	-0.2373	0.7100	0.2025	0.0644	0.0036
5	6849499	6849899	-0.1902	-0.1859	-0.2555	0.4859	-0.7039	0.0212
5	7000098	7000498	0.0567	-0.8893	0.1570	0.7788	-0.3382	0.0133
5	7089499	7089899	0.8297	0.7120	1.2156	1.7358	1.6558	2.1464
5	7209499	7209899	0.0260	-0.7591	-0.0540	-0.0321	0.1237	0.0142
5	7360098	7360498	-0.0002	-0.3129	0.1288	0.4050	-0.4559	0.4100
5	7449499	7449899	0.3405	0.6745	0.0343	0.5124	0.0851	0.0887
5	7569499	7569899	0.2683	-0.3256	0.2234	-0.0350	-0.4971	0.6077
5	7720098	7720498	0.0535	0.7708	0.2204	-0.2844	-0.3695	0.2510
5	7809499	7809899	-0.2650	-0.4149	0.2490	-0.4037	0.1546	0.3594
5	7929499	7929899	-0.3947	0.1307	-0.2165	-0.3478	-1.0419	0.1994
5	8080098	8080498	0.3740	-0.2433	-0.2841	0.2009	0.0388	0.1042
5	8169499	8169899	0.5375	0.2125	0.7592	0.4834	0.2662	-0.2082
5	8289499	8289899	0.1599	-0.5591	-0.2213	-0.4487	-0.1604	0.2849
5	8440098	8440498	0.3238	0.2744	0.1666	-0.0236	0.0079	-0.2963
5	8529499	8529899	-0.2491	0.3489	0.3255	-0.0324	-0.0454	0.1423
5	8649499	8649899	-0.0313	-0.4927	-0.4827	0.7642	-0.1180	0.3336
5	8800098	8800498	0.6305	1.0589	1.1158	1.0943	1.9846	2.8559
5	8889499	8889899	-0.0430	-0.5040	0.5316	0.2116	-0.1313	-0.5961
5	9009499	9009899	-0.3775	0.2591	-0.3346	-0.2972	0.1295	-0.4181
5	9160098	9160498	-0.2615	-0.0939	-0.4785	-0.4012	-0.0338	0.4003
5	9249499	9249899	0.5706	1.1255	1.0480	1.8355	1.4480	2.0602
5	9369499	9369899	0.4429	0.6522	-0.5282	0.3030	1.1540	-0.0779
5	9520098	9520498	-0.1509	-0.2221	-0.0755	0.0887	0.0799	-0.9412
5	9609499	9609899	0.9322	0.4109	1.2309	1.0157	1.3925	2.6639
5	9729499	9729899	-0.0252	0.2336	0.0564	-0.1275	0.4532	0.5924
5	9880098	9880498	0.1580	-0.2481	0.4817	0.0263	-0.0203	-0.2232
5	9969499	9969899	0.7406	0.2703	-0.6639	-0.0610	-0.5412	0.2180
5	10089499	10089899	0.3793	-0.1372	-0.0911	0.4321	-0.0629	-0.0102
5	10240098	10240498	-0.0284	0.0081	0.1787	0.3364	0.6522	0.2617
5	10329499	10329899	-0.0680	0.5340	-0.2009	0.0845	0.2703	-0.1144
5	10449499	10449899	0.1380	0.3737	0.1434	-0.0585	-0.5643	-0.0236
5	10600098	10600498	0.1188	-0.4067	0.4257	0.1171	0.0908	-0.6455
5	10689499	10689899	1.5610	0.9769	1.6331	1.7628	1.6914	2.0083
5	10809499	10809899	-1.0967	-0.1690	-0.2626	-0.3945	-0.1534	-0.3127
5	10960098	10960498	0.6394	0.2905	0.4519	-0.1936	-0.3897	0.0362
5	11049499	11049899	-0.2796	0.6772	-0.2112	0.3338	-0.1904	0.0105
5	11169499	11169899	-0.5090	-0.0211	0.4558	-0.0279	-0.0866	0.4294
5	11320098	11320498	-0.1723	-0.2478	-0.7273	0.6727	0.4938	-0.3022
5	11409499	11409899	-0.3002	0.3307	0.0932	0.4287	0.5569	-0.2394
5	11529499	11529899	-0.3375	-0.7294	-1.5524	-1.2924	-1.8548	-1.5606
5	11680098	11680498	-0.4350	0.0155	-0.9446	-0.5498	0.5735	0.1818
5	11769499	11769899	0.8023	0.6922	0.9682	1.5151	1.5777	1.9059
5	11889499	11889899	-0.0882	-0.2864	-0.5889	-0.0187	-0.4212	-0.1483
5	12040098	12040498	0.9814	0.5117	1.6286	1.4949	1.2545	1.7138
5	12129499	12129899	0.1009	0.2569	-0.0385	0.0121	0.1251	-0.1369
5	12249499	12249899	-0.4921	-0.2741	0.0871	0.2946	-0.3131	-0.1576
5	12400098	12400498	-0.0292	-0.2139	0.2260	-0.6060	0.1739	0.4039
5	12489499	12489899	0.0881	-0.4739	0.4819	-0.6191	0.3842	-0.8163
5	12609499	12609899	0.4563	-0.4152	0.1925	-0.0444	-0.0550	0.0081
5	12760098	12760498	1.2866	1.2013	1.4087	1.4966	0.8865	1.4675
5	12849499	12849899	-0.6012	-0.8309	-1.8050	-1.9462	-1.9334	-1.5451
5	12969499	12969899	0.7390	-0.2139	-0.0638	0.0643	-0.2528	-0.2180
5	13120098	13120498	-0.3737	0.5054	-0.5034	-0.0399	-0.8944	-0.3653
5	13209499	13209899	-0.4787	0.0398	0.0903	-0.0963	-0.1536	-0.1540
5	13329499	13329899	0.1224	-0.2901	-0.6081	0.3113	0.5002	-0.2063
5	13480098	13480498	0.3883	0.2280	0.4923	-0.1085	-0.1618	-0.5727
5	13569499	13569899	-0.3003	-0.2624	-0.0697	0.5098	-0.4459	0.2291
5	13689499	13689899	0.0210	0.6293	-0.7235	-0.1293	0.6963	-0.1650
5	13840098	13840498	-0.2593	-0.1727	-0.3124	-0.1087	0.6500	-0.2045
5	13929499	13929899	-0.2079	-0.1027	0.0471	0.4441	0.8044	0.3469
5	14049499	14049899	0.3071	0.3450	0.0998	0.4347	-0.6733	-0.3663
5	14200098	14200498	-0.9641	-1.0558	-0.4166	-1.1333	-1.1726	-0.9322
5	14289499	14289899	0.3140	0.0335	0.2559	0.4649	0.3025	0.4075
5	14409499	14409899	-0.8465	-1.1756	-0.4419	-1.3348	-1.0765	-0.9110
5	14560098	14560498	-0.4277	0.2402	0.8394	-0.1153	-0.2093	0.0850
5	14649499	14649899	0.1305	0.1335	-0.5391	-0.5310	-0.2733	-0.3209
5	14769499	14769899	0.2414	-0.3665	-0.1574	0.4289	0.1858	0.0186
5	14920098	14920498	0.3857	0.4234	-0.3369	-0.5997	0.0785	0.3610
5	15009499	15009899	-0.5097	-0.0929	-0.7663	-0.7343	-0.7754	-1.3893
5	15129499	15129899	-0.3827	-0.1234	0.5278	-0.1560	-0.0669	-0.4653
5	15280098	15280498	-0.4655	0.2330	-0.4790	-0.0756	0.0350	0.4747
5	15369499	15369899	-0.0164	0.5567	-0.2790	0.1978	0.1711	0.3476
5	15489499	15489899	0.2237	0.2137	0.3987	0.1069	-0.3843	-0.0996
5	15640098	15640498	-0.6246	0.0440	0.5604	0.0616	-0.4031	-0.5109
5	15729499	15729899	0.1840	0.2548	0.3504	-0.0626	-0.3004	-0.3886
5	15849499	15849899	-0.0053	-0.2534	0.6174	-0.3585	0.2948	0.5042
5	16000098	16000498	0.1996	-0.2393	0.1086	0.0259	0.0621	-0.1261
5	16089499	16089899	-0.1926	-0.1922	-0.2303	-0.4362	0.2000	0.0888
5	16209499	16209899	0.2297	-0.1846	0.6309	0.4025	-0.3831	-0.6213
5	16360098	16360498	-0.2760	-0.1277	-0.3725	0.1996	0.2637	-0.3494
5	16449499	16449899	-0.8943	0.0538	-0.1127	-0.2584	-0.0192	-0.4150
5	16569499	16569899	1.0192	0.8406	0.0633	0.7434	1.5280	0.6317
5	16720098	16720498	-0.9351	-0.7794	-1.1993	-1.2275	-1.2279	-1.1090
5	16809499	16809899	0.3391	0.1547	-0.4787	-0.1742	-0.0721	-0.6332
5	16929499	16929899	0.1746	0.0967	0.4127	0.7753	0.1848	-0.6803
5	17080098	17080498	0.0896	0.3895	0.0203	-0.4958	0.9293	-0.2021
5	17169499	17169899	0.2547	0.9845	0.7349	1.1551	0.6076	1.8845
5	17289499	17289899	-0.1682	0.2320	-0.0133	0.2820	0.6021	-0.5920
5	17440098	17440498	-0.1875	0.4866	0.0427	0.0416	-0.0133	0.2422
5	17529499	17529899	-0.0511	0.4540	-0.1395	0.3767	-0.4775	-0.3458
5	17649499	17649899	-0.2664	-0.2863	0.4172	-0.6864	-0.4333	-0.2968
5	17800098	17800498	0.1088	0.4744	-0.0836	0.1538	-0.1470	0.1538
5	17889499	17889899	-0.4367	-0.0438	0.2454	-0.4229	0.6107	0.1071
5	18009499	18009899	-0.3778	-0.0953	-0.2983	0.3442	0.1151	-0.0215
5	18160098	18160498	-0.1111	-0.0189	-1.0162	-0.3787	0.0395	0.0399
5	18249499	18249899	0.4249	0.1151	0.1283	0.0194	0.2864	0.0430
5	18369499	18369899	-0.1068	-0.0083	-0.0679	-0.2396	0.1657	0.3389
5	18520098	18520498	0.8198	0.1668	0.5179	0.1409	-0.1401	-0.3088
5	18609499	18609899	-0.1865	0.2065	-0.2208	0.0577	0.1750	0.0194
5	18729499	18729899	0.1535	0.0228	0.2015	-0.1298	-0.3112	0.0234
5	18880098	18880498	0.2232	0.2267	-0.2854	-0.0443	-0.3720	-0.3874
5	18969499	18969899	-0.0459	-0.5190	0.0687	-0.1831	0.0770	-0.4494
5	19089499	19089899	-0.0541	0.3132	0.1479	0.1010	-0.2343	-0.1813
5	19240098	19240498	0.2633	0.2726	-0.0878	-0.3636	0.1041	0.0147
5	19329499	19329899	0.2965	0.5740	-0.3531	-0.1530	0.9059	-0.0142
5	19449499	19449899	-0.3680	0.4779	-0.3433	-0.1295	0.2443	-0.3430
5	19600098	19600498	-0.3523	-0.1550	0.0545	0.1548	-0.2420	0.3008
5	19689499	19689899	0.4379	-0.5349	0.2202	-0.5557	0.3012	-0.3333
5	19809499	19809899	0.3196	0.1517	-0.6243	-0.1818	-0.1562	0.2576
5	19960098	19960498	-0.0437	-0.0627	-0.5591	0.1629	-0.3543	-0.2104
5	20049499	20049899	-0.4178	-0.3866	-0.3754	0.4403	-0.0407	0.0687
5	20169499	20169899	0.3249	1.1873	0.6560	2.0968	1.8971	1.7060
5	20320098	20320498	0.1071	0.2310	-0.4430	-0.1756	0.4969	-0.4258
5	20409499	20409899	1.2046	0.9105	1.4588	1.4456	1.4234	2.0496
5	20529499	20529899	1.5246	0.4491	1.3238	1.0374	1.9910	1.0138
5	20680098	20680498	-0.3110	-0.2794	0.4780	-0.0401	0.6188	-0.4059
5	20769499	20769899	0.6383	0.3428	0.3134	-0.6876	0.7126	0.0037
5	20889499	20889899	-0.1242	-0.2909	-0.0441	0.1210	-0.0958	-0.0757
5	21040098	21040498	0.4744	0.0473	-0.6629	-0.2213	0.2289	-0.3951
5	21129499	21129899	-0.2256	-0.1091	-0.0894	-0.2235	0.1250	-0.4088
5	21249499	21249899	0.3283	0.3128	0.2688	-0.3274	0.0433	0.2001
5	21400098	21400498	0.9864	1.1707	1.1810	1.2208	1.3555	1.0589
5	21489499	21489899	-0.2977	0.1795	0.2643	0.0467	-0.1833	0.1405
5	21609499	21609899	0.8466	0.8086	0.9626	1.2798	1.0643	1.6260
5	21760098	21760498	-0.1011	0.1682	0.7108	-0.1066	-0.4525	-0.4999
5	21849499	21849899	1.2322	0.5939	1.6943	1.6178	1.6613	1.7101
5	21969499	21969899	-0.0043	-0.2229	-0.1218	-0.0998	0.2254	0.1926
5	22120098	22120498	0.1560	-0.0512	0.6755	0.6492	0.2249	0.2544
5	22209499	22209899	0.1873	0.3011	-0.5589	-0.1932	0.0573	0.0934
5	22329499	22329899	0.9493	1.9941	1.1305	1.1741	1.9924	1.8837
5	22480098	22480498	-0.1182	0.2175	-0.2916	-0.1173	-0.1814	-0.9696
5	22569499	22569899	1.0129	1.2837	1.7853	1.2912	1.7079	1.7864
5	22689499	22689899	0.4431	0.8185	0.5963	1.1988	2.1711	1.9156
5	22840098	22840498	1.3139	1.2678	1.3048	1.5330	1.8129	1.7171
5	22929499	22929899	-0.2823	0.5143	-0.5855	-0.2495	0.1952	0.4907
5	23049499	23049899	-0.4842	0.3009	-0.3600	-0.0833	0.3827	-0.1232
5	23200098	23200498	0.0822	0.0547	-0.3929	0.2409	0.1537	0.0910
5	23289499	23289899	-0.1295	0.0164	-0.0987	-0.2767	-0.7848	0.1201
5	23409499	23409899	-0.0680	0.1076	-0.3051	-0.0418	0.0590	-0.7396
5	23560098	23560498	-0.5597	0.3495	0.0866	0.0486	0.0964	-0.5796
5	23649499	23649899	0.0442	-1.0656	-0.5290	-1.0920	-1.1724	-1.5682
5	23769499	23769899	0.9281	0.4431	1.3511	1.1767	1.2093	1.6988
5	23920098	23920498	0.1577	0.2542	-0.2428	0.0462	-0.4810	0.0503
5	24009499	24009899	0.1253	0.4232	0.0476	0.0831	0.0384	0.2132
5	24129499	24129899	-0.2385	0.3211	0.1121	-0.0413	-0.2122	0.0243
5	24280098	24280498	0.0168	-0.3720	0.2477	0.0493	0.0674	-0.1074
5	24369499	24369899	-0.0444	-0.9289	-1.0044	-0.8279	-1.4589	-1.5558
5	24489499	24489899	0.5438	0.4531	-0.1818	-0.1876	0.4950	0.0402
5	24640098	24640498	-0.3081	0.1307	-0.0441	0.0647	-0.7737	-0.3691
5	24729499	24729899	-0.1063	0.7705	0.6216	-0.2043	0.0285	-0.1417
5	24849499	24849899	-0.1760	0.1099	-0.5373	-0.1504	0.2137	0.0492
5	25000098	25000498	-0.3107	0.2785	0.4409	0.0007	-0.2228	-0.4863
5	25089499	25089899	-0.3889	-1.2578	-1.5443	-1.5716	-1.6802	-1.4286
5	25209499	25209899	0.2293	0.6770	0.6032	1.1575	1.2207	1.7418
5	25360098	25360498	0.0134	0.1370	0.3472	0.2156	-0.1388	-0.2755
5	25449499	25449899	0.2050	-0.2365	-0.7677	-0.4221	0.2057	0.2344
5	25569499	25569899	0.1596	-0.1595	-0.2839	-0.0769	-0.2884	0.1732
5	25720098	25720498	-0.3633	-0.0915	-0.6645	-0.2970	-0.3610	1.0630
5	25809499	25809899	0.4937	0.1101	-0.2169	0.2209	-0.2018	-0.1613
5	25929499	25929899	-0.0200	0.7793	0.1751	0.4926	-0.0550	-0.2492
5	26080098	26080498	-0.3769	-0.6504	-0.8965	-1.4497	-0.5059	-1.2075
5	26169499	26169899	0.0578	-0.1842	-0.1658	-0.1979	-0.3298	0.4047
5	26289499	26289899	0.2663	-0.0064	0.1008	0.1536	0.3167	0.5267
5	26440098	26440498	0.0860	0.0310	0.4502	-0.1909	-0.0446	0.0589
5	26529499	26529899	0.1202	0.1276	0.0830	0.2855	0.0367	-0.4913
5	26649499	26649899	-0.5274	-0.0596	-0.1020	-0.4487	0.6271	0.0041
5	26800098	26800498	0.7901	1.1456	0.7887	1.2480	1.2703	1.6194
5	26889499	26889899	-0.2029	0.4006	0.0840	0.0754	0.1638	-0.4590
5	27009499	27009899	-0.2949	-0.1172	-0.0754	0.4200	-1.0367	-0.1285
5	27160098	27160498	0.2697	-0.3817	-0.0083	0.4061	-0.0479	0.2483
5	27249499	27249899	0.1454	0.1670	0.3688	0.1107	0.3168	-0.1576
5	27369499	27369899	0.3018	0.1069	0.6727	0.8634	-0.3494	0.0821
5	27520098	27520498	-0.1709	-0.0669	-0.0073	-0.2699	0.2778	0.2910
5	27609499	27609899	-0.6128	0.0037	-0.2196	0.2256	0.4097	0.0510
5	27729499	27729899	-0.6703	-0.0734	-0.2508	-0.0444	0.2515	0.4562
5	27880098	27880498	0.0907	0.7474	0.1479	-0.0139	0.2039	0.2505
5	27969499	27969899	0.1226	-0.2833	0.3502	-0.1233	0.8480	0.0847
5	28089499	28089899	-0.3245	0.0794	0.2731	0.0254	-0.7222	0.4438
5	28240098	28240498	-0.2884	-0.5354	-0.1767	0.0378	0.0605	0.2196
5	28329499	28329899	1.6456	1.0087	1.4857	1.7376	2.1481	2.0492
5	28449499	28449899	-0.7832	-0.2307	0.1862	0.0781	-0.0055	0.0145
5	28600098	28600498	0.0698	-0.3798	-0.3973	0.1055	0.6626	-0.0985
5	28689499	28689899	0.3095	-0.3868	-0.2566	-0.0333	-0.2995	0.1630
5	28809499	28809899	0.0248	0.5997	-0.2236	0.2061	-0.5265	0.6076
5	28960098	28960498	-0.1856	-0.0939	-0.6369	0.2983	0.0614	-0.3248
5	29049499	29049899	0.9616	1.3109	1.1975	0.9057	1.0026	1.2246
5	29169499	29169899	-0.0444	-0.5514	0.0086	-0.1588	0.3615	-0.0875
5	29320098	29320498	-0.6604	-0.5100	-0.6506	-1.4630	-1.8035	-1.5950
5	29409499	29409899	0.2492	-0.0945	-0.5755	0.2446	0.4361	-0.5871
5	29529499	29529899	-0.0434	-0.2763	0.3918	-0.7284	0.3042	-0.6328
5	29680098	29680498	0.4058	-0.0822	0.1871	-0.2469	0.2372	0.6294
5	29769499	29769899	-0.0926	0.7284	0.2137	-0.1701	-0.2549	0.0089
5	29889499	29889899	0.0555	0.4453	-0.0480	-0.0966	-0.2984	-0.0071
5	30040098	30040498	0.1880	0.2719	0.9072	0.2378	-0.0710	0.0284
5	30129499	30129899	-0.0806	-0.6007	-1.4106	-0.1703	0.5241	-0.1684
5	30249499	30249899	0.8580	1.5127	0.8760	0.8051	1.0060	1.7715
5	30400098	30400498	0.2234	0.2194	-0.1035	0.6689	-0.2729	0.1428
5	30489499	30489899	-0.3004	-0.0560	-0.2613	-1.0284	-0.2444	-0.3543
5	30609499	30609899	-0.3998	-0.0319	0.2697	0.1929	-0.0308	-0.0738
5	30760098	30760498	0.2141	-0.2134	-0.3645	0.5277	0.5888	-0.3006
5	30849499	30849899	0.5473	-0.5415	0.0356	0.0744	-0.2524	-0.3998
5	30969499	30969899	0.3403	-0.0415	0.0424	-0.1831	-0.0512	0.5933
5	31120098	31120498	1.0503	0.5973	1.3091	0.7476	1.0896	1.5447
5	31209499	31209899	0.1324	0.3856	-0.1991	0.0737	0.3057	0.3783
5	31329499	31329899	0.5602	0.2763	-0.2852	0.0208	-0.1756	-0.3877
5	31480098	31480498	0.1023	-0.4594	-0.3409	-0.9773	-0.9084	-1.1454
5	31569499	31569899	-0.0914	0.3981	-0.1724	-0.0976	0.4410	0.5231
5	31689499	31689899	-0.3717	0.0170	0.4129	-0.4989	-0.3014	0.1575
5	31840098	31840498	0.0874	0.0647	0.2738	-0.1546	-0.4646	0.4650
5	31929499	31929899	0.6288	1.3562	0.6081	0.9163	2.0866	1.9658
5	32049499	32049899	0.4692	-0.0636	-0.0985	0.1106	0.1548	-0.4490
5	32200098	32200498	-0.0769	0.4144	0.2419	-0.4377	-0.2041	-0.4474
5	32289499	32289899	-1.4921	-1.0302	-1.8749	-1.4381	-1.2419	-1.9074
5	32409499	32409899	-0.3315	-0.7206	0.5449	-0.5746	-0.1557	0.2526
5	32560098	32560498	-0.4049	0.0589	-0.4092	-0.3640	-0.4043	0.2675
5	32649499	32649899	1.3765	1.1627	1.3436	1.3006	1.5322	2.2063
5	32769499	32769899	0.0935	-0.2956	0.2258	0.2085	-0.0081	0.1836
5	32920098	32920498	-0.1790	-0.6255	0.1091	-0.2434	-0.6606	-0.1538
5	33009499	33009899	-0.3969	-0.0158	-0.1810	-0.1530	-0.3207	-0.2127
5	33129499	33129899	-0.5011	0.4870	-0.0029	0.4127	-0.5054	0.3850
5	33280098	33280498	-0.0526	-0.3890	0.0229	0.0836	0.2235	-0.3748
5	33369499	33369899	-0.2042	-0.0620	0.1739	-0.2971	0.5199	-0.1236
5	33489499	33489899	0.5045	-0.0113	0.2096	-0.2887	-0.3136	-0.4502
5	33640098	33640498	-0.4949	-0.1458	0.3072	-0.0880	0.0660	0.3008
5	33729499	33729899	0.0723	0.6400	0.0253	0.3323	0.1782	0.1154
5	33849499	33849899	0.1305	0.2466	-0.5808	-0.1712	-0.0034	0.2413
5	34000098	34000498	-0.5472	0.3643	-0.4153	-0.1780	-0.4036	0.6912
5	34089499	34089899	0.3506	0.5841	0.1284	0.2326	0.2489	0.1744
5	34209499	34209899	-0.3161	0.3340	0.3288	0.4810	-0.3475	0.4888
5	34360098	34360498	0.3702	0.1365	-0.4306	0.3031	0.0027	0.1222
5	34449499	34449899	0.1087	0.1796	-0.6192	0.0275	0.0119	0.2229
5	34569499	34569899	-0.0370	-0.2998	-0.2657	-0.3077	0.2496	-0.0685
5	34720098	34720498	-0.3521	-0.0308	-0.2405	-0.1702	0.1182	0.2618
5	34809499	34809899	-0.0400	-0.3195	-0.1214	0.1381	-0.5609	0.2339
5	34929499	34929899	0.1190	-0.2553	-0.0843	-0.4831	0.2324	-0.0062
5	35080098	35080498	0.1431	-0.5817	-0.2167	-0.2544	-0.2732	0.1856
5	35169499	35169899	0.1937	-0.6397	0.0146	-0.1313	0.1993	-0.6981
5	35289499	35289899	0.5777	0.0695	-0.2653	-0.1685	-0.0281	0.6272
5	35440098	35440498	0.3901	-0.1747	-0.0019	-0.3191	0.0429	-0.3095
5	35529499	35529899	-0.0569	0.1645	-0.3212	0.3531	-0.3609	0.3578
5	35649499	35649899	0.1941	-0.3970	0.3301	-0.0453	-0.2252	0.2540
5	35800098	35800498	0.4824	0.6407	-0.3736	0.0216	-0.2878	0.3588
5	35889499	35889899	0.3947	0.3490	1.1310	0.4735	1.0013	1.1153
5	36009499	36009899	-0.6178	0.1104	-0.4481	-0.4383	0.1913	0.3231
5	36160098	36160498	0.1972	-0.3558	0.1379	0.3727	-0.6224	0.4690
5	36249499	36249899	0.3259	0.1427	0.1800	0.4999	0.0727	-0.0539
5	36369499	36369899	-0.5469	-0.2465	-0.6719	0.8023	-0.3299	-0.0393
5	36520098	36520498	0.2711	-0.0012	0.8610	0.1823	-0.1000	0.1992
5	36609499	36609899	-0.1944	0.1621	-0.3671	0.3292	-0.1878	-0.1556
5	36729499	36729899	-0.0749	-0.0673	0.3517	0.4216	-0.3398	-0.1297
5	36880098	36880498	-0.0943	-0.2608	-0.0646	0.4171	-0.0187	0.8877
5	36969499	36969899	0.8115	-0.0110	-0.1183	0.0936	0.0420	0.2116
5	37089499	37089899	0.1221	0.1910	-0.1446	-0.1762	-0.0032	0.0425
5	37240098	37240498	1.0485	0.9756	1.1135	1.2707	0.9204	1.6018
5	37329499	37329899	0.6990	0.5021	0.6440	1.1879	1.7005	2.0957
5	37449499	37449899	0.1259	-0.8013	0.0364	0.1970	0.2591	0.6913
5	37600098	37600498	0.3011	-0.7796	0.1654	-0.0107	-0.1856	-0.5708
5	37689499	37689899	0.8112	1.0424	1.1782	1.6536	2.1968	1.8468
5	37809499	37809899	0.2509	0.2170	0.3584	-0.2564	-0.3983	-0.3977
5	37960098	37960498	0.3139	-0.1573	-0.8504	-0.1796	-0.1424	0.5495
5	38049499	38049899	0.2753	0.4651	-1.0967	-0.1265	0.0752	-0.1476
5	38169499	38169899	-0.2626	-0.4124	0.2685	0.5128	-0.1609	0.1810
5	38320098	38320498	0.8329	-0.3728	-0.3769	-0.2016	-0.5389	-0.2081
5	38409499	38409899	0.1906	-0.0206	-0.2691	0.2713	-0.6749	-0.2678
5	38529499	38529899	-0.9472	-0.3147	0.1215	0.1265	-0.6233	0.1802
5	38680098	38680498	0.0436	-0.2251	0.6252	0.2445	-0.0803	0.3928
5	38769499	38769899	0.7668	1.4719	1.1377	1.0444	1.3306	1.8198
5	38889499	38889899	-0.1467	0.1147	-0.1591	-0.3130	0.2970	-0.6116
5	39040098	39040498	0.2258	0.2256	0.1699	0.1506	0.3998	0.3998
5	39129499	39129899	0.5365	1.4619	1.1640	0.9603	1.5203	2.4162
5	39249499	39249899	-0.3900	0.0157	0.1347	-0.0417	-0.8245	-0.0400
5	39400098	39400498	-0.1287	0.2547	0.1803	-0.7231	0.0390	0.1770
5	39489499	39489899	0.2796	0.0390	0.3888	-0.2999	0.5481	0.1607
5	39609499	39609899	-0.3028	0.5109	-0.3387	0.2026	0.0623	-0.0251
5	39760098	39760498	0.1245	0.3377	-0.0075	0.6985	0.0243	-0.1296
5	39849499	39849899	-0.2141	0.2319	0.2442	-0.4386	0.2204	-0.3863
5	39969499	39969899	0.0824	0.3042	-0.5639	0.6782	-0.1521	0.0827
5	40120098	40120498	0.1209	0.1416	0.2119	0.2962	-0.5758	-0.4346
5	40209499	40209899	-0.4189	0.1496	0.1220	0.3966	-0.1948	0.4677
5	40329499	40329899	-0.0964	0.8116	1.4971	1.2137	1.8045	1.5064
5	40480098	40480498	-0.6413	0.0020	-0.0705	0.0655	-0.1875	-0.3423
5	40569499	40569899	0.3410	0.0291	-0.5298	-0.5285	-0.0487	0.1885
5	40689499	40689899	0.8128	0.8097	0.9934	1.6558	1.1250	2.0377
5	40840098	40840498	0.4497	0.2871	0.5040	0.0316	0.1670	-0.3986
5	40929499	40929899	-0.1514	-0.1806	0.1692	0.0634	0.2553	-0.3029
5	41049499	41049899	-0.1075	0.7566	0.1285	0.1090	-0.2548	0.5341
5	41200098	41200498	-0.2407	0.1678	0.0153	-0.5537	-0.0171	-0.2869
5	41289499	41289899	0.7433	0.5710	0.8644	1.2111	1.6634	1.6085
5	41409499	41409899	-0.6551	0.3782	0.2420	-0.0521	-0.5647	-0.2874
5	41560098	41560498	-0.3312	-0.1532	0.5435	-0.1113	-0.2562	-0.6759
5	41649499	41649899	-0.3046	0.1531	-0.3977	-0.1718	0.6810	0.5744
5	41769499	41769899	0.1498	0.6091	-0.7867	0.0545	0.4410	0.5228
5	41920098	41920498	-0.4100	-0.2825	0.3748	0.1361	-0.1321	0.3183
5	42009499	42009899	-0.4897	-0.2670	-0.3160	0.1495	0.3706	-0.1741
5	42129499	42129899	0.3889	-0.1535	-0.2347	-0.2345	-0.3066	0.0568
5	42280098	42280498	0.7836	0.9282	0.9172	1.2203	1.4026	1.7520
5	42369499	42369899	-0.3666	0.1790	0.6677	-0.2641	-0.1038	-0.6709
5	42489499	42489899	-0.7226	0.3114	0.2642	0.9871	-0.1224	-0.9503
5	42640098	42640498	-0.0262	-0.2360	0.5024	-0.3715	-0.0976	0.1517
5	42729499	42729899	-0.0925	0.1180	0.2849	-0.2050	-0.1638	-0.3231
5	42849499	42849899	-0.0342	-0.0142	-0.6636	0.2847	0.2323	0.6757
5	43000098	43000498	-0.0438	0.1971	0.5676	0.0913	-0.3512	-0.2641
5	43089499	43089899	-0.0272	-0.1972	-0.5742	-0.0013	0.5566	-0.2438
5	43209499	43209899	0.3011	-0.0540	0.4074	-0.3595	0.0262	0.3929
5	43360098	43360498	0.5020	-0.0996	0.1279	0.4782	-0.0647	0.4343
5	43449499	43449899	0.0902	0.1836	-0.4739	0.0631	-0.0384	0.5218
5	43569499	43569899	0.0700	-0.3050	-0.1762	0.0030	0.3543	0.1017
5	43720098	43720498	-0.4353	0.3680	0.1401	-0.0506	0.6737	-0.0746
5	43809499	43809899	0.0954	0.3269	-0.2108	-0.0901	0.1216	0.3423
5	43929499	43929899	0.1402	0.0496	-0.4465	0.1179	-0.5104	0.1489
5	44080098	44080498	0.2900	0.0298	-0.3440	0.5433	0.0323	0.1114
5	44169499	44169899	0.0537	-0.4885	-0.0296	0.1153	0.1320	0.6319
5	44289499	44289899	0.1291	-0.0400	0.2730	-0.0755	0.0100	0.3059
5	44440098	44440498	0.7562	-0.0803	-0.2127	-0.0162	0.2751	-0.1505
5	44529499	44529899	0.4715	-0.0385	-0.1544	0.2307	-0.2338	-0.2541
5	44649499	44649899	-0.6194	0.2017	-0.3184	-0.2013	0.2934	0.0791
5	44800098	44800498	1.2210	0.9615	0.9567	1.0146	0.2943	1.5619
5	44889499	44889899	-0.4070	-0.1925	0.5081	-0.0420	-0.2051	0.1047
5	45009499	45009899	0.1686	0.9387	-0.1023	-0.2765	0.0441	0.2089
5	45160098	45160498	0.1448	0.6629	0.1686	-0.0622	0.0073	0.6536
5	45249499	45249899	0.3765	0.8409	0.2711	0.0663	-0.2335	-0.3329
5	45369499	45369899	-0.2133	0.5581	0.1738	0.1039	-0.0332	-0.1913
5	45520098	45520498	-0.0071	-0.1197	0.3551	0.4760	0.2517	-0.2761
5	45609499	45609899	-0.4043	0.5775	-0.5925	0.1239	-0.0625	0.2433
5	45729499	45729899	1.0018	0.7068	1.0808	1.4055	1.0037	1.3369
5	45880098	45880498	-0.1914	-0.9365	-0.0541	0.3764	-0.5916	0.1286
5	45969499	45969899	-0.6161	0.3957	-0.1895	-0.3736	0.2963	0.3310
5	46089499	46089899	0.7695	0.6620	1.3860	1.7128	1.7354	2.2930
5	46240098	46240498	0.2090	0.1625	0.3370	-0.1265	0.0626	0.1145
5	46329499	46329899	0.7568	0.9221	1.2183	1.3511	1.4775	1.6673
5	46449499	46449899	-0.1556	0.2117	-0.0052	-0.3393	-0.2498	-0.0589
5	46600098	46600498	0.7094	-0.1289	-0.1586	0.2990	0.4339	-0.1876
5	46689499	46689899	-0.1369	-0.0496	0.0914	0.1277	-0.4300	-0.0028
5	46809499	46809899	-1.0258	-0.7383	-1.6255	-1.6020	-2.6515	-2.1084
5	46960098	46960498	0.3031	0.6457	0.2157	-0.2115	0.1322	-0.7310
5	47049499	47049899	1.4698	1.0418	1.3306	1.5412	1.9891	1.3229
5	47169499	47169899	0.2867	-0.2667	0.0601	0.4379	-0.1140	-0.1289
5	47320098	47320498	-0.1548	-0.1365	-0.0988	-0.1203	-0.2238	-0.0961
5	47409499	47409899	0.2280	-0.1957	0.2941	0.0399	0.3768	0.2216
5	47529499	47529899	-0.0954	0.5699	0.9893	-0.0328	-0.0541	0.2548
5	47680098	47680498	-0.1899	0.4506	-0.6823	0.9814	-0.1906	0.2593
5	47769499	47769899	0.2551	-0.1267	0.0232	-0.1621	-0.3977	-0.1568
5	47889499	47889899	-0.0910	0.4967	0.2284	0.4240	0.2589	-0.0426
5	48040098	48040498	-0.3150	-0.3220	-0.3386	0.1621	-0.0970	0.0008
5	48129499	48129899	-0.5080	0.4021	-0.1899	0.3287	0.1049	-0.0235
5	48249499	48249899	0.3266	0.0365	-0.0081	0.1929	-0.2109	0.2366
5	48400098	48400498	0.3882	0.1307	-0.4333	0.1866	0.1206	0.2196
5	48489499	48489899	0.0906	-0.1988	-0.1719	-0.4687	0.4085	-0.6719
5	48609499	48609899	-0.3925	-0.2887	0.1714	0.3758	-0.0209	0.1826
5	48760098	48760498	-0.1964	-0.5946	-0.1100	0.1751	-0.4997	-0.7855
5	48849499	48849899	-0.0838	-0.2158	0.1561	0.1010	-0.2325	-0.4980
5	48969499	48969899	0.0323	0.3982	0.1982	-0.0506	0.1524	0.0211
5	49120098	49120498	-0.2776	0.2071	0.2846	-0.1250	0.5233	0.1233
5	49209499	49209899	0.1465	0.1611	0.0600	0.2249	0.0512	-0.7287
5	49329499	49329899	-0.1417	0.2748	0.4470	0.4991	0.1605	0.2053
5	49480098	49480498	1.0029	0.7115	1.1650	1.0005	1.2734	0.7088
5	49569499	49569899	0.7517	-0.6501	-0.5398	0.2287	0.0925	-0.1811
5	49689499	49689899	-0.0465	-0.7464	-0.7003	0.4121	-0.0178	-0.1230
5	49840098	49840498	0.2516	-0.4537	-0.1614	0.1882	0.5183	0.2140
5	49929499	49929899	-0.5887	-0.5114	-0.5764	-0.5480	-0.9261	-0.8152
5	50049499	50049899	0.0224	0.5111	0.2282	0.3496	0.2274	-0.2618
5	50200098	50200498	-0.0102	0.0728	-0.3684	-0.2036	-0.1820	-0.0729
5	50289499	50289899	1.1090	0.8747	1.7916	1.2739	1.3308	1.4774
5	50409499	50409899	0.3163	-0.2319	-0.5222	0.2971	0.1113	-0.3415
5	50560098	50560498	-0.3238	-0.0863	0.1823	0.3120	-0.6212	-0.8168
5	50649499	50649899	-0.1791	-0.2325	-0.2292	-0.2316	0.6238	0.0956
5	50769499	50769899	0.1906	-0.3750	0.1077	-0.3503	-0.1090	0.3995
5	50920098	50920498	0.2867	-0.7475	-0.3115	-0.4646	-0.0556	0.5120
5	51009499	51009899	0.6866	0.9306	0.9167	1.4531	1.0947	1.7433
5	51129499	51129899	-0.0204	0.0359	0.1711	0.2431	0.5827	-0.0213
5	51280098	51280498	0.3025	0.3420	-0.0609	-0.2976	0.0811	0.1631
5	51369499	51369899	0.6131	1.4866	1.5525	1.2580	1.7324	1.7367
5	51489499	51489899	0.3222	-0.1039	-0.4237	-0.2453	0.1067	-0.0330
5	51640098	51640498	0.6317	1.4018	1.5264	0.9182	1.9532	1.9101
5	51729499	51729899	0.3212	-0.1088	-0.1232	0.7179	-0.0496	-0.1789
5	51849499	51849899	-0.3553	-0.0709	-0.2727	-0.3461	-0.1019	0.3103
5	52000098	52000498	0.1583	-0.3711	-0.1998	0.3249	-0.0485	0.2012
5	52089499	52089899	0.6629	0.3484	-0.0640	0.2692	-0.1393	0.3570
5	52209499	52209899	-1.5299	-0.6945	-1.2030	-1.7497	-1.9545	-2.3844
5	52360098	52360498	-0.3276	0.3824	-0.6490	-0.4980	-0.6684	-0.6023
5	52449499	52449899	0.8840	1.5872	1.8632	1.5498	1.3113	2.0749
5	52569499	52569899	1.0795	1.1091	1.7840	1.5190	2.0823	1.7847
5	52720098	52720498	0.0301	-0.0090	-0.1039	0.3413	-0.0597	0.2156
5	52809499	52809899	0.6294	0.1686	-0.4772	0.4634	0.0601	0.4956
5	52929499	52929899	1.3991	0.5932	0.7233	1.6190	1.9606	1.5790
5	53080098	53080498	0.5061	-0.1978	-0.2855	-0.4452	-0.2395	0.0402
5	53169499	53169899	-0.3422	-1.2198	-0.4084	0.4466	-0.3024	-0.4295
5	53289499	53289899	0.0783	-0.1954	-0.3610	-0.1041	-0.0078	0.0286
5	53440098	53440498	0.7232	-0.1102	0.1964	0.2430	0.4695	-0.2025
5	53529499	53529899	-0.8742	-0.0684	-0.2011	0.4397	0.1531	-0.1175
5	53649499	53649899	-0.6463	0.0052	0.3836	0.1105	-0.2453	0.2520
5	53800098	53800498	0.8605	0.7423	1.7675	0.8628	1.6319	2.0913
5	53889499	53889899	0.0110	-0.1792	0.5302	0.4679	-0.3791	0.0751
5	54009499	54009899	0.0884	0.3149	0.5116	0.1278	0.4244	0.2474
5	54160098	54160498	-0.2160	-0.3471	0.3344	-0.2091	-0.0323	0.1218
5	54249499	54249899	0.3059	-0.3999	0.1164	0.2133	-0.2942	-0.9576
5	54369499	54369899	-0.2561	-0.3494	-0.2822	0.1542	0.0789	0.0950
5	54520098	54520498	1.1217	0.9072	1.4089	1.6085	1.7865	1.6695
5	54609499	54609899	-0.1306	0.0627	0.7582	0.4010	-0.2427	0.1846
5	54729499	54729899	-0.3111	0.0238	-0.2033	-0.2545	0.2134	0.1142
5	54880098	54880498	-0.2064	0.2053	0.4999	0.3288	0.0354	0.4312
5	54969499	54969899	0.4993	-0.6868	-0.1622	-0.1625	0.3383	-0.0376
5	55089499	55089899	-0.1382	-0.8488	-0.7604	0.4836	-0.1470	-0.2681
5	55240098	55240498	0.3299	0.1179	0.4158	0.2746	-0.4871	0.2728
5	55329499	55329899	-0.0727	0.9575	0.1836	-0.8353	0.1123	-0.4746
5	55449499	55449899	-0.0843	0.6011	0.2605	-0.4614	0.2545	0.0317
5	55600098	55600498	-0.0179	0.0790	0.0178	-0.0777	0.2762	0.1387
5	55689499	55689899	-0.1107	0.1929	-0.5897	-0.6022	-0.2390	-0.2375
5	55809499	55809899	0.2054	-0.2906	-0.0026	0.1324	0.2810	-0.3307
5	55960098	55960498	0.2732	-0.1639	0.2328	0.1414	-0.1644	-0.6190
5	56049499	56049899	0.1263	0.0479	0.3772	0.0522	0.0815	0.1382
5	56169499	56169899	-0.3322	0.9284	0.1170	0.2575	0.0534	-0.3100
5	56320098	56320498	0.2971	-0.5584	-0.6886	-0.0637	-0.1518	0.0200
5	56409499	56409899	-0.6283	0.2239	-0.1790	-0.1780	0.2352	0.5206
5	56529499	56529899	-0.4454	0.0183	-0.0444	-0.2343	0.3440	-0.1333
5	56680098	56680498	-0.0199	0.1387	-0.2839	-0.2510	0.0027	-0.5317
5	56769499	56769899	-0.0716	-0.4850	-0.1646	-0.6758	-0.3891	-0.7155
5	56889499	56889899	0.5448	0.1300	0.0676	0.4112	-0.6881	0.1151
5	57040098	57040498	0.2090	-0.6002	0.3479	-0.0488	0.1231	0.3469
5	57129499	57129899	0.4520	0.6905	-0.5467	-0.2799	-0.4491	-0.2552
5	57249499	57249899	-0.4189	-0.1717	-0.4942	-0.0374	-0.1143	0.2417
5	57400098	57400498	0.1973	0.1508	0.2626	0.0038	-0.3989	0.4151
5	57489499	57489899	-0.2584	-0.4052	-0.2706	0.2662	0.1522	-0.3406
