#geneID	Ikaros/Control_0h	Ikaros/Control_2h	Ikaros/Control_6h	Ikaros/Control_12h	Ikaros/Control_18h	Ikaros/Control_24h
ENSMUSG00000000001	0.044209	-0.082011	0.623569	0.114620	0.665593	0.553714
ENSMUSG00000000028	-0.227702	0.007544	0.111625	0.275575	-0.027788	-1.008999
ENSMUSG00000000031	-0.717082	0.023039	0.413079	-1.513558	-1.803417	-1.787977
ENSMUSG00000000056	0.161541	0.614396	0.709572	1.506421	1.714617	1.514711
ENSMUSG00000000078	0.187193	0.419384	0.708853	2.084011	2.340583	2.720289
ENSMUSG00000000085	0.033399	0.369413	0.000213	0.581923	0.107946	0.292330
ENSMUSG00000000088	-0.246085	-0.726465	-0.873874	-0.087884	-0.898832	-1.720854
ENSMUSG00000000093	-1.110827	-1.030587	0.326273	1.018301	1.987774	2.493700
ENSMUSG00000000131	-0.086794	-0.125927	-0.376943	-0.365390	-1.025066	-1.061593
ENSMUSG00000000134	0.147522	-0.149043	-0.602614	-0.546492	-0.496664	-0.320384
ENSMUSG00000000148	0.031547	0.292241	0.828030	0.541099	0.657880	0.420120
ENSMUSG00000000149	0.340224	0.583449	1.220413	0.988588	1.485464	1.371286
ENSMUSG00000000159	0.572314	0.643713	2.044184	2.708792	1.444981	1.241782
ENSMUSG00000000167	-0.224996	-0.692977	-0.926155	-1.780494	-1.570822	-2.221702
ENSMUSG00000000168	-0.088908	-0.185035	-0.017071	-0.528236	-0.537328	-0.751217
ENSMUSG00000000171	-0.300053	-0.191252	-0.461716	-0.061364	-0.124692	-0.782732
ENSMUSG00000000184	0.697371	-0.662658	-1.911564	-2.535570	-3.402249	-3.247857
ENSMUSG00000000194	0.340991	0.414528	0.435029	0.828455	0.703634	1.133137
ENSMUSG00000000223	-0.475776	0.409092	-0.756798	-0.272878	-0.375103	-1.120130
ENSMUSG00000000244	0.079724	0.228633	-0.058343	0.623735	0.243325	0.583139
ENSMUSG00000000247	0.045102	-0.417993	0.399270	-0.067802	-0.428978	-1.367403
ENSMUSG00000000275	0.103995	-0.424307	0.583297	0.027793	0.569606	0.244932
ENSMUSG00000000276	0.317072	0.411369	-0.013126	-0.105546	-0.476411	-0.786125
ENSMUSG00000000278	0.948038	0.604670	1.218985	0.840252	1.395666	1.873604
ENSMUSG00000000282	-0.197002	-0.449832	0.341586	0.420843	0.616798	0.410442
ENSMUSG00000000290	-0.304733	0.199806	0.743771	0.844427	0.445162	0.523409
ENSMUSG00000000295	0.126951	0.483473	-0.342872	-0.976887	-1.767310	-1.846848
ENSMUSG00000000301	-0.103912	-0.025958	-0.588936	-1.665453	-3.009890	-3.530063
ENSMUSG00000000308	2.530597	1.746610	0.704837	-0.795699	-2.508088	-3.093122
ENSMUSG00000000325	0.602853	1.930347	3.873179	4.295476	4.730330	4.378327
ENSMUSG00000000326	0.036773	0.355751	-0.102714	0.184229	-0.634630	-0.343940
ENSMUSG00000000339	-0.054735	0.065337	0.073677	-0.004624	-0.402485	-0.470699
ENSMUSG00000000340	0.264287	-0.386617	0.043381	-0.778054	-0.047812	-0.074801
ENSMUSG00000000346	-0.077887	0.021082	0.265116	0.699445	0.997890	0.638704
ENSMUSG00000000355	-0.158426	-0.078929	-0.341040	-0.281240	-0.701735	-0.548366
ENSMUSG00000000374	-0.001237	-0.199152	0.303871	0.326095	0.876695	0.682731
ENSMUSG00000000378	-0.483974	0.060804	0.172468	1.150076	1.630604	1.826753
ENSMUSG00000000384	-0.163236	-0.209168	-0.476701	-1.083748	-1.754583	-2.050528
ENSMUSG00000000399	-0.053408	-0.010757	-0.255446	0.223606	-0.094540	-0.636251
ENSMUSG00000000409	0.709472	0.076632	-0.143545	-0.604130	-0.279315	0.019111
ENSMUSG00000000420	-0.063588	0.031623	-0.065207	-0.501173	-0.819068	-1.099113
ENSMUSG00000000439	0.236980	0.352658	0.824708	0.108720	0.464835	0.267325
ENSMUSG00000000441	-0.222166	-0.096940	-0.150454	0.040133	-0.060872	-0.299023
ENSMUSG00000000486	0.527315	1.039758	1.191162	1.655329	2.274547	2.397000
ENSMUSG00000000531	0.211932	0.298857	0.122116	1.347908	2.140409	2.417003
ENSMUSG00000000532	0.154387	0.244337	0.723093	0.208426	0.882898	0.980273
ENSMUSG00000000538	-0.060001	-0.029673	-0.187230	0.069028	0.064444	0.159097
ENSMUSG00000000552	0.868333	0.499989	0.046181	0.809205	0.443024	0.128511
ENSMUSG00000000555	6.124301	4.170082	0.734649	0.908048	0.207340	0.193023
ENSMUSG00000000561	-0.254524	-0.594448	-0.995271	-1.225721	-1.571436	-1.737054
ENSMUSG00000000562	-0.413236	0.534026	1.460880	1.318229	0.502775	0.585396
ENSMUSG00000000563	-0.168826	0.002325	-0.290952	0.220372	-0.338873	-0.586695
ENSMUSG00000000568	-0.026518	0.273686	-0.112767	-0.246279	-1.164755	-1.194116
ENSMUSG00000000579	0.010350	0.191665	0.337469	0.917817	1.300206	1.939856
ENSMUSG00000000581	-0.004114	-0.210927	-0.114225	-0.278049	-0.687726	-0.108668
ENSMUSG00000000594	0.955514	1.277726	1.833919	3.349036	3.759381	2.947358
ENSMUSG00000000600	0.203872	0.646738	0.264733	0.451463	0.719900	1.039794
ENSMUSG00000000605	-0.110900	0.251496	0.399240	0.163305	0.090693	0.376123
ENSMUSG00000000628	0.252727	-0.285538	-0.219214	-1.532741	-2.595894	-3.098787
ENSMUSG00000000631	0.281577	-0.350794	-0.711076	-0.643900	-0.477952	-0.192550
ENSMUSG00000000673	1.019044	0.819653	1.081939	2.568348	1.421831	1.385562
ENSMUSG00000000682	-0.935704	-0.910614	-1.498342	-1.042456	-1.970391	-1.781144
ENSMUSG00000000686	-0.163642	-0.865872	-0.140068	-1.082652	0.039836	1.059564
ENSMUSG00000000690	1.626310	0.291358	-0.258859	0.683941	0.257048	0.113312
ENSMUSG00000000693	-1.171506	-0.121608	-0.017525	-0.596401	-0.782455	-0.471351
ENSMUSG00000000708	0.168050	-0.452862	0.054965	0.568617	1.074677	1.282471
ENSMUSG00000000711	0.170963	0.183429	0.342486	0.825722	1.315558	1.344453
ENSMUSG00000000738	-0.329454	-0.061107	0.091561	0.045094	-0.166073	-0.118029
ENSMUSG00000000740	-0.125245	-0.129827	0.110652	-0.317163	-0.307041	0.027017
ENSMUSG00000000743	0.000759	-0.095014	0.248630	0.359932	0.854640	1.017851
ENSMUSG00000000751	0.224608	0.187194	0.700702	0.288158	0.221055	-0.318491
ENSMUSG00000000753	1.967642	1.563934	-0.797601	-1.811948	-2.462436	-2.132654
ENSMUSG00000000759	0.045464	0.080473	0.167450	0.173750	-0.006259	-0.280988
ENSMUSG00000000776	-0.391048	-0.572300	-0.693713	-1.071165	-1.771973	-2.052910
ENSMUSG00000000782	0.286234	-0.000038	0.094101	-1.520651	-3.176586	-2.255686
ENSMUSG00000000787	0.157722	0.026147	0.243016	-0.197382	0.157943	0.112891
ENSMUSG00000000791	-1.387189	-0.954729	-0.537626	-0.705690	-0.496030	-0.073705
ENSMUSG00000000792	-0.284027	0.482959	-0.427357	0.787043	0.101456	0.715019
ENSMUSG00000000804	0.050005	0.218226	0.368697	0.285890	0.560185	1.114418
ENSMUSG00000000811	1.008730	0.130656	-0.809997	-1.498890	-1.941147	-1.882665
ENSMUSG00000000823	0.249475	0.892046	1.045557	1.253960	1.159315	1.150496
ENSMUSG00000000826	0.109508	0.086282	0.270055	-0.006536	0.297618	0.041126
ENSMUSG00000000827	-0.289607	-0.068953	-0.413645	-0.531484	-0.521827	-0.490907
ENSMUSG00000000838	-0.177518	-0.421942	0.223706	-0.484774	-0.368140	-0.441492
ENSMUSG00000000861	0.425335	-1.150161	-1.263682	-1.533416	-2.030300	-2.036956
ENSMUSG00000000876	0.038621	0.492253	0.128242	1.019817	0.767433	0.714923
ENSMUSG00000000884	-0.491900	-0.225243	-0.838229	-0.690651	-1.810933	-2.530580
ENSMUSG00000000901	0.168604	-0.268161	-0.395455	0.061665	0.186715	0.322689
ENSMUSG00000000902	-0.072996	-0.184664	-0.283129	-0.032423	-0.468166	-0.890461
ENSMUSG00000000903	-0.220863	-0.366667	-0.806496	-0.291022	0.031372	-0.651275
ENSMUSG00000000915	0.219525	0.778524	1.432180	1.464284	1.184940	1.278265
ENSMUSG00000000916	-0.251450	-0.242099	-1.150386	-1.166932	-1.797394	-2.148697
ENSMUSG00000000934	-1.025979	-0.286450	-1.474223	-1.850755	-2.827988	-2.852392
ENSMUSG00000000957	0.028050	-0.417962	-0.609973	-0.616431	-0.096088	-0.196486
ENSMUSG00000000958	0.320518	-0.085179	-0.436463	0.603626	1.900881	2.403926
ENSMUSG00000000959	0.093016	0.256570	-0.117768	0.363448	0.668261	0.634874
ENSMUSG00000000976	-0.126628	-0.053931	-0.289631	0.128316	0.284477	0.262769
ENSMUSG00000000982	1.755697	0.232834	2.274476	3.606118	4.816209	3.946021
ENSMUSG00000001016	-0.068423	-0.156340	-0.339896	-0.369928	-0.562981	-0.759478
ENSMUSG00000001017	-0.091723	0.011684	0.143606	-0.363362	-0.583390	-0.546528
ENSMUSG00000001018	-0.054338	0.038343	0.123961	0.669548	0.746064	1.303515
ENSMUSG00000001027	1.322579	1.210537	0.515168	0.568760	1.021380	1.498661
ENSMUSG00000001029	0.050920	0.562371	0.920494	1.405549	1.376806	1.409430
ENSMUSG00000001034	-0.165633	0.154405	-0.114960	0.119192	-0.044493	-0.031318
ENSMUSG00000001039	-0.040212	0.697606	0.164505	1.115957	0.033737	1.052471
ENSMUSG00000001052	0.382725	0.289263	0.375177	0.411732	0.538920	0.296658
ENSMUSG00000001053	0.689863	0.399240	0.953366	-0.061980	-0.609079	0.134638
ENSMUSG00000001054	-0.123667	0.383699	1.038303	1.164386	0.941170	1.198788
ENSMUSG00000001056	-0.285138	-0.380666	-1.021162	-1.407647	-2.244689	-2.411327
ENSMUSG00000001062	0.018141	0.303982	0.360674	0.636590	0.651662	0.671962
ENSMUSG00000001065	-0.030410	-0.080325	-0.419629	-0.266802	-0.203430	0.076121
ENSMUSG00000001082	0.118658	-0.364456	-0.617474	-0.848934	-0.966216	-1.215182
ENSMUSG00000001089	0.683559	0.062500	-0.340096	-0.286923	-0.323177	-0.087352
ENSMUSG00000001098	0.006958	-0.254603	0.619818	0.200755	1.361659	1.341528
ENSMUSG00000001100	0.034280	0.095196	-0.156578	-0.332543	-0.686510	-0.783476
ENSMUSG00000001105	0.023301	0.019006	-0.351285	0.102656	-0.428925	-0.365638
ENSMUSG00000001123	-0.518911	-0.522559	-1.133429	-1.867395	-1.919153	-2.044614
ENSMUSG00000001127	-0.217033	0.194360	-0.169611	0.445053	-0.001360	-0.118584
ENSMUSG00000001128	0.038357	0.126257	0.341345	0.563140	0.432695	0.127992
ENSMUSG00000001134	-0.237817	0.086411	-0.553944	-0.098157	-1.051088	-0.604579
ENSMUSG00000001138	0.117032	0.037382	0.090497	-0.119084	0.100511	-0.111387
ENSMUSG00000001143	0.161143	0.128770	0.482974	0.825155	0.820285	0.540887
ENSMUSG00000001150	0.040568	-0.080667	0.378853	0.332458	0.940424	0.780214
ENSMUSG00000001151	-0.025538	-0.260617	-0.127498	-0.403723	-0.003185	0.121065
ENSMUSG00000001156	-0.043375	-0.034130	0.076499	1.323346	1.347456	1.385651
ENSMUSG00000001157	0.036256	-0.083483	0.210966	0.069802	0.386667	0.219801
ENSMUSG00000001158	-0.171437	-0.211457	-0.153935	-0.564207	-0.917208	-0.144346
ENSMUSG00000001166	-0.337187	-0.668461	-0.007872	0.485309	0.529266	0.757830
ENSMUSG00000001173	-0.066965	-0.629159	-1.065361	-1.010502	-0.907413	-0.715036
ENSMUSG00000001175	-0.093267	-0.069297	0.166490	0.001027	-0.125406	-0.268947
ENSMUSG00000001211	0.634922	0.931300	0.951658	0.804233	0.456537	0.458330
ENSMUSG00000001227	0.425815	-1.787389	-2.634441	-1.529655	-2.016204	-2.214182
ENSMUSG00000001228	-0.084403	-0.258805	-0.120172	-0.245224	-0.353703	-1.143980
ENSMUSG00000001229	0.042923	-0.149776	0.310914	0.127822	0.343874	0.011263
ENSMUSG00000001240	-0.947553	-0.761213	-2.432034	-2.824905	-4.519058	-4.555993
ENSMUSG00000001247	-0.302171	0.020547	-0.924403	0.358230	-0.478935	0.310089
ENSMUSG00000001248	0.163805	0.133590	0.045662	0.901267	1.576962	2.200807
ENSMUSG00000001280	0.293078	-0.439923	0.159146	-0.471678	0.267816	-0.086218
ENSMUSG00000001281	0.987527	2.386129	5.269181	4.372658	2.949283	1.094786
ENSMUSG00000001285	0.112571	0.319684	0.357164	0.241705	-0.182783	-0.259599
ENSMUSG00000001288	0.810351	0.760550	2.170723	0.169001	0.774460	0.267996
ENSMUSG00000001289	0.243042	0.681101	0.509893	0.326699	0.207205	1.174429
ENSMUSG00000001300	-0.291639	0.052697	-1.826522	-0.828212	-0.485583	-1.022376
ENSMUSG00000001305	-0.022199	0.189156	-0.476004	-1.336135	-2.315823	-1.966045
ENSMUSG00000001313	-0.123202	1.257193	2.006963	1.734880	1.262865	0.679290
ENSMUSG00000001323	0.563193	0.789902	0.618115	0.409157	0.788227	0.833967
ENSMUSG00000001348	-0.374180	-0.488026	-1.704831	-1.235551	-0.585390	0.067166
ENSMUSG00000001366	0.126241	-0.109646	0.158939	-0.322476	-0.179852	-0.213037
ENSMUSG00000001376	-0.008568	0.069014	-0.506686	-0.730114	-0.438857	-0.214911
ENSMUSG00000001379	-0.110910	0.103964	0.150957	0.044714	0.357405	0.134368
ENSMUSG00000001380	-0.127666	-0.218484	0.021167	-0.183892	-0.269279	-0.625404
ENSMUSG00000001383	-0.023749	0.100821	-0.077969	0.240590	0.143903	0.186401
ENSMUSG00000001403	0.066504	0.255827	0.269729	0.137793	0.279344	0.183541
ENSMUSG00000001415	-0.057228	-0.001513	-0.119480	-0.249661	-0.604215	-0.724502
ENSMUSG00000001416	0.038450	0.086942	-0.144838	-0.722324	-1.194699	-1.480972
ENSMUSG00000001418	0.337844	0.187816	-2.541335	-2.270200	-1.933362	-1.966081
ENSMUSG00000001419	-0.390682	-0.294328	0.305716	0.464997	0.923104	0.581234
ENSMUSG00000001420	-0.458204	-0.539547	-1.112385	-1.221720	-1.817867	-2.282256
ENSMUSG00000001424	-0.169046	-0.209774	0.120584	0.004962	-0.052298	-0.520227
ENSMUSG00000001435	0.736546	0.391622	0.198671	-0.036379	-1.257932	-0.710860
ENSMUSG00000001436	-0.085679	-0.579071	-1.395446	-1.898111	-2.295729	-2.648568
ENSMUSG00000001440	0.248139	-0.075554	0.312650	-0.574392	-0.426584	-0.564743
ENSMUSG00000001441	0.334121	0.731627	0.210321	0.629224	-0.320007	-0.078920
ENSMUSG00000001445	-0.214093	-0.096050	-0.079038	0.293778	0.328010	0.069417
ENSMUSG00000001467	0.331111	0.519236	0.636229	0.171640	0.257262	0.565971
ENSMUSG00000001472	0.022713	0.090280	0.211455	0.250729	0.343131	0.553637
ENSMUSG00000001473	0.310620	0.980323	-2.887254	-2.573957	-2.732270	-3.786921
ENSMUSG00000001482	0.075063	0.122486	0.544662	0.263579	0.372370	-0.011977
ENSMUSG00000001494	-4.980219	-4.265542	-5.963780	-5.401811	-5.973227	-5.637365
ENSMUSG00000001496	-0.880052	-0.454691	0.547999	0.606729	0.137478	-0.405796
ENSMUSG00000001517	0.122175	0.312569	0.438307	0.452564	0.470309	-0.006946
ENSMUSG00000001518	-0.252273	-0.074574	-0.017469	0.548836	-0.288914	-0.346287
ENSMUSG00000001521	-0.104858	-0.289757	-0.659774	-1.109283	-1.234583	-1.328997
ENSMUSG00000001524	-0.171631	-0.150581	-0.280388	-0.232429	-0.700633	-1.217542
ENSMUSG00000001525	0.082802	0.146966	0.302922	0.047642	0.397024	0.288349
ENSMUSG00000001542	-0.258404	-0.680626	-0.152697	0.023824	-0.139784	0.030001
ENSMUSG00000001558	0.702160	0.845451	0.634383	1.436989	-0.157644	-0.551713
ENSMUSG00000001569	-0.098004	-0.221345	-0.205089	-0.638009	-0.686446	-0.753418
ENSMUSG00000001576	-0.054217	-0.016475	-0.231393	-0.655336	-1.276146	-2.065790
ENSMUSG00000001588	-0.316672	-0.218511	-0.715699	-0.370894	-0.396266	-0.255165
ENSMUSG00000001627	-0.239375	-0.658834	-0.777571	-1.396268	-1.780946	-2.133999
ENSMUSG00000001630	0.080113	0.251097	-0.310650	0.605306	2.426563	3.245136
ENSMUSG00000001632	-0.091480	0.138556	0.058551	-0.238143	-0.519981	-0.545182
ENSMUSG00000001642	0.111419	0.067474	0.270690	0.399911	0.445477	0.277126
ENSMUSG00000001661	-0.663050	-0.122721	0.611344	0.493678	1.044846	0.518626
ENSMUSG00000001665	-0.241424	-0.742539	-1.042671	-0.962719	-0.132960	-0.336034
ENSMUSG00000001666	0.145029	0.121381	-0.111593	0.736753	0.622109	0.495244
ENSMUSG00000001674	-0.107086	-0.011184	-0.095118	-0.997264	-1.705929	-1.503188
ENSMUSG00000001687	-0.236102	-0.067627	0.210913	0.486131	0.526472	0.609046
ENSMUSG00000001707	-0.310253	-0.446570	-0.439649	-1.156495	-1.661304	-2.117350
ENSMUSG00000001729	0.176747	0.050526	0.441045	0.062865	0.525784	0.479168
ENSMUSG00000001739	0.448799	-0.471184	-0.622142	0.228529	-1.192506	-2.498540
ENSMUSG00000001741	0.659983	0.347080	1.027675	2.265340	3.374845	3.988328
ENSMUSG00000001750	-0.236791	-0.734978	-0.888807	0.057824	0.022187	-0.066854
ENSMUSG00000001751	-0.066304	0.118754	0.597157	1.069342	0.549012	0.601686
ENSMUSG00000001755	0.083236	0.080521	0.629323	0.272398	0.511063	0.644236
ENSMUSG00000001761	0.367836	0.311252	0.094798	-0.057310	-0.226051	-0.455972
ENSMUSG00000001763	-0.222965	1.669331	0.393207	-0.358656	-1.467413	0.055367
ENSMUSG00000001767	-0.027730	-0.453929	0.281654	0.150231	0.393490	0.742583
ENSMUSG00000001774	0.167595	-0.066526	-0.589654	-0.316186	-0.214064	-0.114521
ENSMUSG00000001783	-0.147818	-0.051683	-0.265998	-0.133995	-0.260720	-0.166898
ENSMUSG00000001785	-0.201284	-0.283665	-0.445556	-1.187049	-1.192961	-1.289943
ENSMUSG00000001786	-0.336523	-0.490965	-0.629580	0.006453	-0.626378	-0.693105
ENSMUSG00000001794	-0.035141	0.363635	0.024933	0.673663	0.534167	0.580557
ENSMUSG00000001829	-0.041553	0.069423	0.129539	-0.346084	-1.431886	-1.419409
ENSMUSG00000001833	0.118080	0.249868	0.238961	0.070492	-0.070289	0.069693
ENSMUSG00000001844	0.085577	0.357892	0.037771	0.359302	-0.183309	-0.243420
ENSMUSG00000001847	0.513304	0.217972	-0.018373	0.032914	0.341478	0.395550
ENSMUSG00000001855	-0.112480	-0.243690	-0.459870	-0.317418	-0.262619	-0.612549
ENSMUSG00000001870	0.114861	-0.880206	-0.504455	-0.775573	-1.100819	-1.263551
ENSMUSG00000001891	-0.117485	0.381308	0.534402	0.244587	0.114945	0.416439
ENSMUSG00000001909	-0.276168	0.010125	-0.505011	-0.432575	-1.074140	-1.128633
ENSMUSG00000001910	-0.016992	-0.049201	0.114919	0.027707	0.072219	-0.269221
ENSMUSG00000001911	0.121361	0.070515	-0.537403	-1.292849	-2.264697	-2.236434
ENSMUSG00000001918	-0.163196	-0.172136	-0.671788	-0.662161	-1.102892	-1.477424
ENSMUSG00000001924	0.182610	0.093559	0.263763	0.176055	0.330573	0.093120
ENSMUSG00000001930	-0.282046	-0.169201	-0.784265	-0.368083	-0.464854	-0.173556
ENSMUSG00000001942	1.024920	0.341851	0.131326	0.425289	0.493998	0.584534
ENSMUSG00000001946	0.013065	0.116708	-0.320597	0.151945	0.524402	-0.538398
ENSMUSG00000001948	2.501708	1.960591	0.314622	0.535845	-0.467863	1.419626
ENSMUSG00000001962	0.067007	0.489448	0.084789	-0.005704	-0.384540	0.331577
ENSMUSG00000001964	-0.065967	0.377177	0.401121	0.531367	0.250526	-0.011249
ENSMUSG00000001983	0.049644	-0.128778	0.251368	-0.030987	0.179625	-0.366613
ENSMUSG00000001998	0.160150	-0.233945	-0.068554	-0.612191	-0.143827	-0.119070
ENSMUSG00000001999	0.080696	0.462094	0.095707	-0.322589	-0.551417	-0.071025
ENSMUSG00000002006	0.068874	-0.247527	-0.442032	-0.940992	-1.332701	-1.167443
ENSMUSG00000002007	-0.277261	-0.216683	-0.409886	1.341829	2.078906	2.432914
ENSMUSG00000002010	0.104568	0.167045	-0.061085	0.306926	0.321859	0.211302
ENSMUSG00000002014	0.086342	-0.171175	-0.750487	-0.443051	-1.079029	-1.069251
ENSMUSG00000002015	0.250147	0.432309	0.057935	0.296025	-0.132108	-0.279816
ENSMUSG00000002017	-0.283299	-0.283929	-0.049839	-0.455805	-0.510134	-0.660530
ENSMUSG00000002020	0.357279	-2.018422	0.601306	1.725513	1.117299	1.787457
ENSMUSG00000002028	-0.090821	0.034175	-0.178584	0.184576	0.351429	0.601331
ENSMUSG00000002031	0.204234	0.508021	0.267813	1.065784	1.387254	1.474275
ENSMUSG00000002032	-0.568108	0.870986	1.645157	0.882479	1.563135	0.238145
ENSMUSG00000002043	0.021783	0.416671	0.200156	0.771078	0.498795	0.266030
ENSMUSG00000002052	-0.043475	-0.023376	-0.168146	-0.050323	-0.018625	-0.016919
ENSMUSG00000002055	0.211053	0.335673	0.464109	0.075689	0.443534	0.156541
ENSMUSG00000002058	0.078390	0.050149	-0.025212	-0.461379	-0.475330	-0.077369
ENSMUSG00000002059	0.224964	-0.294875	0.645733	-0.609712	-1.391550	-1.285472
ENSMUSG00000002064	-0.283242	0.156048	0.099335	0.027819	0.407107	0.600655
ENSMUSG00000002068	-0.009879	0.162571	0.433138	-0.536499	-1.048161	-1.733328
ENSMUSG00000002083	-0.192410	-0.905570	-0.732947	-0.473146	-0.381881	0.394265
ENSMUSG00000002100	-0.202769	1.234024	1.263087	1.218385	1.347834	-0.340980
ENSMUSG00000002102	0.001979	0.139432	0.062411	-0.314285	-0.320696	-0.236857
ENSMUSG00000002103	0.219342	0.014949	-0.196342	-0.171314	-0.039827	0.617708
ENSMUSG00000002104	-0.180556	0.892461	1.414585	1.994718	1.528787	1.546431
ENSMUSG00000002105	-0.156847	0.453252	0.475045	0.271222	0.338297	0.564001
ENSMUSG00000002107	-0.272505	-0.338440	-0.454900	-0.160593	0.167570	0.232226
ENSMUSG00000002108	-0.977117	-1.518980	-1.581811	1.636825	-0.382722	0.973585
ENSMUSG00000002109	0.026171	0.424724	0.342547	1.346463	0.273478	-0.094864
ENSMUSG00000002111	-0.067907	0.819274	1.445942	1.409319	0.822828	0.740450
ENSMUSG00000002129	-0.064572	-0.004503	0.019647	0.199432	0.020833	-0.441899
ENSMUSG00000002147	0.173472	0.007901	0.439909	0.513668	0.580227	0.556664
ENSMUSG00000002204	-0.249956	0.104191	-0.123695	0.213471	-0.074516	-0.428730
ENSMUSG00000002205	-0.121540	0.026328	0.204908	0.431145	0.826708	0.995146
ENSMUSG00000002210	-0.167842	-0.084432	-0.555973	-0.265649	-0.428881	-0.484024
ENSMUSG00000002221	-0.084032	0.124363	0.396352	-0.007705	0.012113	-0.423313
ENSMUSG00000002222	-0.010787	-0.067058	0.291158	0.208623	1.051081	0.718003
ENSMUSG00000002227	-0.044863	0.116650	0.106746	0.415329	0.050760	0.078065
ENSMUSG00000002233	-0.246933	-0.523578	-0.382100	0.427413	2.668195	2.989606
ENSMUSG00000002250	0.356192	-0.275584	-0.550180	-0.798445	-0.990859	-1.103038
ENSMUSG00000002257	0.065082	0.383650	0.205275	-0.648181	-0.918516	-0.679171
ENSMUSG00000002274	0.032408	0.132801	0.273508	-0.552253	-1.087013	-1.612280
ENSMUSG00000002279	-0.136959	0.084950	-0.314463	-0.181511	-0.748009	-0.759619
ENSMUSG00000002280	-0.080834	0.162231	0.094115	0.001628	-0.000913	0.201816
ENSMUSG00000002289	-0.340442	0.841421	0.454855	0.517907	-0.503502	-0.876199
ENSMUSG00000002297	0.055261	0.222645	0.239173	-0.382479	-0.371037	-0.561857
ENSMUSG00000002307	-0.090897	0.004762	0.389185	0.158458	0.464788	0.529477
ENSMUSG00000002308	-0.408934	-0.355237	-0.780896	-1.038616	-1.923653	-2.197916
ENSMUSG00000002319	-0.021707	-0.025755	-0.288843	-0.667610	-1.477466	-1.833260
ENSMUSG00000002320	-0.144668	-0.071437	-0.360156	-0.401496	-0.621163	-0.743772
ENSMUSG00000002325	-0.247675	0.177303	0.039135	0.080519	0.339698	0.582140
ENSMUSG00000002326	0.083481	-0.009617	-0.513613	-0.201785	-0.255630	-0.419030
ENSMUSG00000002329	-0.106588	-0.081727	-0.303988	0.500421	0.653721	0.611894
ENSMUSG00000002332	0.113818	0.350773	0.341771	0.946157	1.282926	1.026296
ENSMUSG00000002342	-0.007516	-0.116871	-0.786918	-0.425752	-0.726688	-1.098310
ENSMUSG00000002343	-0.402708	-0.439186	-0.636301	-0.961688	-0.799232	-1.005529
ENSMUSG00000002345	0.192282	0.329020	0.024312	0.645278	0.551834	0.933388
ENSMUSG00000002346	-0.512187	-0.610225	-0.260767	-0.288394	-0.546347	-1.197702
ENSMUSG00000002365	0.185364	-0.088998	0.010421	-0.229848	0.074213	0.233598
ENSMUSG00000002372	-0.016610	0.045293	0.032371	-0.138443	-0.168430	-0.079656
ENSMUSG00000002379	0.026330	0.067630	0.226868	0.322430	-0.018898	-0.116025
ENSMUSG00000002393	0.088713	0.198634	0.629665	0.376365	0.361328	0.347055
ENSMUSG00000002395	0.184187	0.187587	-0.078972	-0.039882	0.373822	0.925638
ENSMUSG00000002396	-0.277026	0.016536	-0.355523	-0.246629	-0.511128	-0.112984
ENSMUSG00000002409	-0.225186	-0.506000	-0.839618	0.886895	0.592353	0.443095
ENSMUSG00000002413	-0.040121	-0.124617	0.224021	-0.260042	0.130243	0.182209
ENSMUSG00000002416	-0.227345	-0.337237	-0.537219	-0.079313	-1.115643	-1.755954
ENSMUSG00000002428	0.088093	0.176186	0.167782	0.367015	0.382464	0.454424
ENSMUSG00000002455	-0.022523	0.181305	0.111027	-0.058339	0.019256	0.306235
ENSMUSG00000002458	0.017381	0.151192	0.179713	0.395672	0.060045	0.153014
ENSMUSG00000002477	-0.087969	0.379641	-0.137533	-0.564952	-1.153319	-1.083444
ENSMUSG00000002486	-0.142159	-0.251048	-0.579150	-0.657740	-0.320906	-0.227786
ENSMUSG00000002496	-0.167716	-0.114672	-0.215299	0.037529	0.092119	0.060012
ENSMUSG00000002500	0.758559	1.034573	-0.304184	1.319659	3.621476	6.066689
ENSMUSG00000002524	0.047480	-0.051741	0.218082	0.040954	0.152472	-0.006474
ENSMUSG00000002546	-0.091169	0.024173	0.075047	0.101035	0.474491	0.565923
ENSMUSG00000002550	0.105262	0.137656	0.523022	0.450026	0.374160	0.438430
ENSMUSG00000002565	-0.666272	-0.831188	-0.951725	-0.423855	-0.429602	-0.671418
ENSMUSG00000002580	0.015139	-0.019960	0.282484	0.085857	0.307176	0.346456
ENSMUSG00000002603	-0.474139	-0.353887	-0.335219	-0.526594	-0.904024	-0.972793
ENSMUSG00000002608	-0.137531	0.282101	0.442389	0.975922	0.957890	0.761727
ENSMUSG00000002617	-0.151686	-0.154421	-0.060540	0.512673	-0.141636	0.399940
ENSMUSG00000002625	-0.031919	0.283587	0.109855	0.508749	0.943453	1.145834
ENSMUSG00000002635	-0.238901	-0.119709	-0.095055	-0.510347	-0.373395	-0.515130
ENSMUSG00000002658	0.098488	0.228158	0.284049	0.103490	0.069266	0.107559
ENSMUSG00000002660	-0.084607	-0.194418	-0.518908	-0.468582	-0.891230	-1.340487
ENSMUSG00000002661	-0.147922	0.057124	0.133161	-0.215458	-0.258111	-0.266352
ENSMUSG00000002668	0.030944	0.578922	1.073173	1.955212	2.275601	2.718717
ENSMUSG00000002679	-0.009073	0.207208	-0.388575	0.024385	-0.295494	-0.047136
ENSMUSG00000002699	-3.535842	-2.914970	-4.748797	-4.035145	-6.041317	-5.697421
ENSMUSG00000002718	0.134277	-0.037515	-0.140541	-0.654506	-0.991995	-1.583540
ENSMUSG00000002728	-0.134788	-0.297113	-0.700590	-0.711856	-1.306754	-1.439084
ENSMUSG00000002731	0.215311	0.339942	-0.011693	-0.077483	0.787139	1.222876
ENSMUSG00000002732	0.085577	0.068751	-0.138821	0.701343	0.705315	0.670765
ENSMUSG00000002733	-0.307642	0.067857	-0.412528	-0.305894	-0.350625	-0.425752
ENSMUSG00000002741	-0.062337	0.080083	0.503112	0.078885	0.354577	0.360837
ENSMUSG00000002748	0.032293	-0.022033	-0.067696	-0.157575	-0.178587	-0.306111
ENSMUSG00000002763	-0.140775	0.174337	0.033235	0.243277	0.047353	0.065311
ENSMUSG00000002767	-0.239462	-0.108029	-0.412076	-0.225172	-0.786648	-1.122528
ENSMUSG00000002768	0.058495	0.156330	0.340479	0.973186	0.860764	0.689440
ENSMUSG00000002769	-0.450228	0.116279	1.122909	-0.628856	-0.678159	-1.689451
ENSMUSG00000002778	0.264044	0.166455	-0.071168	0.815383	0.692169	0.459442
ENSMUSG00000002781	-0.170265	-0.222884	-0.235852	0.175580	0.193998	-0.130745
ENSMUSG00000002791	-0.466131	-0.081712	-1.445047	0.372435	-0.328224	1.031183
ENSMUSG00000002797	-0.809607	-0.152143	0.265767	0.524111	-1.301425	-1.216425
ENSMUSG00000002799	0.724134	0.582528	0.828320	0.407382	0.676996	0.939636
ENSMUSG00000002804	0.361316	0.254936	0.601437	1.508462	1.593019	1.151486
ENSMUSG00000002812	0.296479	0.234848	0.549456	0.730575	1.001572	1.188894
ENSMUSG00000002814	-0.114336	0.308741	0.129611	0.282859	-0.247236	-0.625265
ENSMUSG00000002820	-0.251116	0.231361	0.210756	0.112960	-0.074562	0.042297
ENSMUSG00000002825	-0.269706	-0.359557	-0.624874	-0.570079	-1.077750	-1.285644
ENSMUSG00000002833	0.083889	0.320293	0.231813	0.089622	0.107108	0.242765
ENSMUSG00000002835	-0.055969	0.006622	0.161004	-0.106336	-0.317369	-0.919529
ENSMUSG00000002844	0.187135	0.252656	0.833158	1.060910	0.990979	0.776955
ENSMUSG00000002845	-0.156264	0.105671	-0.312441	-0.029000	-0.596869	-1.106626
ENSMUSG00000002846	-0.018619	0.254486	-0.024461	-0.004972	-0.519498	-0.590009
ENSMUSG00000002870	0.036333	-0.311944	0.284046	-0.024357	0.107104	-0.809084
ENSMUSG00000002871	0.213153	0.057127	-0.046083	0.236916	0.333100	0.675280
ENSMUSG00000002881	0.234864	0.155431	-0.219321	-0.482479	-0.575774	-0.517183
ENSMUSG00000002885	0.243326	0.144248	0.274100	0.590190	1.475299	2.028448
ENSMUSG00000002897	0.056463	-1.130399	-0.794642	-0.341243	0.237804	0.600123
ENSMUSG00000002900	6.636868	4.330550	1.419462	0.820187	2.477209	2.750550
ENSMUSG00000002910	-0.400070	-0.359783	-0.151939	0.046810	0.395370	0.683698
ENSMUSG00000002944	1.619515	0.867543	-0.800017	2.075060	4.596599	4.323300
ENSMUSG00000002948	-0.031200	-0.318122	0.382889	0.090421	0.562072	0.562325
ENSMUSG00000002949	-0.152227	-0.230780	-0.452498	-0.353419	-0.301888	-0.327397
ENSMUSG00000002957	0.366584	0.298975	0.498435	0.688517	0.569232	0.217191
ENSMUSG00000002963	0.026279	0.096564	0.553426	0.556027	0.909776	1.207633
ENSMUSG00000002968	-0.008132	-0.116966	0.027205	0.269498	0.266246	0.089258
ENSMUSG00000002981	0.226153	0.177698	0.071079	0.182613	-0.135265	-0.173530
ENSMUSG00000002983	0.178761	0.265194	-0.292320	0.462436	0.295140	0.743931
ENSMUSG00000002984	-0.035335	0.020555	-0.292175	-0.764813	-1.491424	-1.691682
ENSMUSG00000002985	-0.091889	0.490932	-0.598555	-0.510847	-1.515226	-1.409345
ENSMUSG00000002996	-0.023564	0.382143	0.519065	1.766384	2.123394	2.370448
ENSMUSG00000002997	0.045384	0.085807	-0.105207	-1.205787	-0.362685	-0.820527
ENSMUSG00000003031	0.657367	0.950309	1.780857	2.377228	3.366931	3.139947
ENSMUSG00000003033	0.157925	0.139696	0.167132	0.269153	0.281175	0.208702
ENSMUSG00000003037	-0.028618	0.103588	0.199918	0.134112	-0.085959	0.055741
ENSMUSG00000003038	-0.034260	0.067984	0.379710	0.135676	0.112777	0.266611
ENSMUSG00000003039	0.190388	0.397754	0.329479	0.422738	0.742668	1.001793
ENSMUSG00000003062	-0.122899	-0.126787	0.223615	-0.395158	-0.254488	-0.716798
ENSMUSG00000003068	-0.094003	0.182593	0.014921	0.189784	-0.069065	0.045058
ENSMUSG00000003070	-0.037171	0.405498	-1.237468	2.072893	0.300378	0.520956
ENSMUSG00000003072	-0.059654	0.112960	-0.091429	0.219571	-0.308961	-0.811191
ENSMUSG00000003099	0.025605	0.064839	-0.395422	-0.797307	-1.154413	-1.414742
ENSMUSG00000003119	-0.082649	-0.120452	0.266261	0.016349	0.071272	-0.066393
ENSMUSG00000003123	0.006802	0.482465	0.339041	0.928651	0.565975	1.023151
ENSMUSG00000003131	0.157847	0.004258	0.326943	-0.044737	0.042489	-0.049750
ENSMUSG00000003135	-0.073646	-0.098914	0.362422	-0.023326	0.134814	0.276766
ENSMUSG00000003153	0.360343	0.476356	0.579586	0.312046	0.002427	-0.471740
ENSMUSG00000003161	-0.221886	0.087059	-0.173598	0.719525	0.353586	0.265252
ENSMUSG00000003166	-0.117844	-0.037825	-0.127648	-0.324327	-0.475565	-0.545983
ENSMUSG00000003184	0.003406	0.244231	0.025212	-0.034603	-0.145956	0.296910
ENSMUSG00000003190	0.165095	0.235914	-0.052989	0.532994	0.434323	0.650183
ENSMUSG00000003198	-0.098568	0.323637	-0.562055	-0.526919	-0.142584	0.124696
ENSMUSG00000003199	0.246818	0.609087	0.042995	0.966705	1.537305	1.702361
ENSMUSG00000003200	0.117454	0.381105	0.313916	0.264863	0.304818	-0.000830
ENSMUSG00000003208	0.090202	-0.125775	0.106145	-0.065262	0.284329	0.326549
ENSMUSG00000003226	0.225521	-0.262389	0.335360	-0.247399	0.199689	0.265128
ENSMUSG00000003228	-0.471068	-0.871719	0.002495	-1.307508	-1.129382	-1.069867
ENSMUSG00000003233	-0.048817	0.005634	0.456802	0.655679	1.123003	0.682197
ENSMUSG00000003234	-0.028507	-0.075890	-0.222892	-0.314751	-0.030231	0.220040
ENSMUSG00000003235	-0.035703	0.004359	-0.180440	-0.355017	-0.552634	-0.693253
ENSMUSG00000003269	-0.028614	0.351393	0.193282	0.583899	0.948301	1.328990
ENSMUSG00000003282	0.121258	0.119487	-0.164680	0.241103	1.490647	1.097793
ENSMUSG00000003283	-2.790691	-2.441164	-2.595712	-2.698127	-1.169824	-1.414597
ENSMUSG00000003299	0.064420	0.094874	-0.004101	0.509513	0.421364	0.056474
ENSMUSG00000003308	0.090292	0.074949	0.146312	0.206000	0.033851	-0.152703
ENSMUSG00000003309	-0.332224	-0.366518	-0.350458	1.610988	1.141588	0.852238
ENSMUSG00000003316	0.159565	0.383937	0.482989	0.772840	0.485515	0.554955
ENSMUSG00000003341	-0.271816	-0.620782	0.697795	0.016077	0.599801	-0.743751
ENSMUSG00000003344	0.465989	0.550698	0.662095	0.955580	0.671205	0.198570
ENSMUSG00000003345	0.068898	0.253428	0.359868	0.587534	0.659278	0.731423
ENSMUSG00000003346	0.036313	-0.034176	0.186622	0.586976	0.166509	-0.174407
ENSMUSG00000003348	-0.038115	0.518323	0.739561	0.176786	-0.054128	-0.153015
ENSMUSG00000003355	-0.359635	-0.267541	-1.838163	-3.630710	-3.734671	-4.295024
ENSMUSG00000003360	0.001189	0.146932	0.169074	-0.308832	-0.301551	-0.015692
ENSMUSG00000003363	-0.144274	0.079127	-0.068849	0.898669	0.982340	1.170318
ENSMUSG00000003378	-0.410325	0.232670	-0.778999	0.917679	0.479103	0.578598
ENSMUSG00000003379	-0.473063	-0.405642	-0.586962	-0.198296	-0.089060	-0.154521
ENSMUSG00000003380	0.071281	0.031139	-0.174053	-0.092315	0.109897	-0.582500
ENSMUSG00000003382	-0.146386	-0.811736	-0.354838	-0.262482	0.289262	-0.104296
ENSMUSG00000003402	0.082423	0.100947	0.188650	-0.009328	0.162441	0.235903
ENSMUSG00000003410	-0.223899	0.458047	0.887750	0.432733	0.146269	-1.114541
ENSMUSG00000003421	-0.017760	0.194228	-0.033656	0.372724	0.336702	0.562775
ENSMUSG00000003423	0.081241	0.166147	0.236019	0.382124	0.099679	0.162898
ENSMUSG00000003429	0.013977	-0.073594	-0.170125	-0.116950	-0.035086	-0.041103
ENSMUSG00000003435	-0.113081	0.071132	-0.040661	0.389429	0.387526	0.392163
ENSMUSG00000003436	-0.036022	0.622577	-1.541582	-1.400824	-1.473703	-0.874266
ENSMUSG00000003437	-0.096838	0.151816	0.168647	0.066843	-0.063546	-0.066533
ENSMUSG00000003438	0.049657	-0.168154	-0.359520	-0.475990	-0.959498	-1.348871
ENSMUSG00000003444	0.022112	-0.016534	-0.249270	-0.120003	-0.347142	-0.721194
ENSMUSG00000003452	0.222950	0.118016	-0.649047	0.365131	0.665764	-0.399971
ENSMUSG00000003458	-0.180441	-0.059608	0.214229	0.516715	0.706443	0.843421
ENSMUSG00000003464	0.021019	0.084547	0.112891	-0.157562	0.230118	0.181129
ENSMUSG00000003484	1.564497	3.067054	1.000387	2.790200	1.635650	1.939082
ENSMUSG00000003500	-0.124313	-0.527894	-1.356083	-1.726545	-1.940544	-2.210644
ENSMUSG00000003518	0.320631	-0.239118	-0.509675	-1.509100	-1.709240	-1.087145
ENSMUSG00000003526	-0.042519	0.087619	-1.406004	-2.012899	-2.580019	-2.402493
ENSMUSG00000003527	-0.250094	-0.112548	-0.320691	0.069109	0.345069	0.324573
ENSMUSG00000003528	-0.267301	-0.245582	-0.306961	-0.437898	-0.615067	-0.413174
ENSMUSG00000003531	-0.075152	0.175095	-0.181975	-0.152067	-0.531381	-0.502694
ENSMUSG00000003541	-0.471863	-2.045520	-1.960503	-3.056539	-2.460387	-3.024171
ENSMUSG00000003545	-0.193321	-0.652547	-0.616082	0.918934	-1.539936	-3.040594
ENSMUSG00000003546	-0.098157	0.124630	0.789742	1.392466	2.114736	2.394595
ENSMUSG00000003549	0.163100	0.432638	0.296504	-0.037329	-0.206728	0.185862
ENSMUSG00000003559	0.081823	0.346681	-1.626163	0.410120	-1.370516	-2.105542
ENSMUSG00000003573	0.172568	0.659314	1.054407	1.040195	1.511653	1.469501
ENSMUSG00000003575	-0.341788	-0.512657	-0.592983	-0.021510	-0.143370	-0.224453
ENSMUSG00000003581	0.251244	0.743912	1.059181	1.320861	1.448919	1.726453
ENSMUSG00000003585	0.150407	0.013869	0.197829	0.391858	0.612201	0.734532
ENSMUSG00000003604	-0.026407	0.265186	-0.069132	-0.172368	-1.077606	-0.959047
ENSMUSG00000003623	-0.044014	-0.029002	-0.052531	0.206850	0.227504	0.457150
ENSMUSG00000003644	-0.151475	0.217712	0.824180	0.691569	0.130726	0.005477
ENSMUSG00000003660	0.112410	-0.108117	-0.076540	-0.202403	0.231223	-0.064962
ENSMUSG00000003662	-0.304809	-0.107047	-0.589988	-0.208326	-0.438522	-0.552171
ENSMUSG00000003680	-0.276202	0.217166	0.127955	-0.023370	-0.338070	-0.520516
ENSMUSG00000003721	-0.134328	0.460222	0.315561	0.301680	0.487784	0.596336
ENSMUSG00000003731	-0.005697	-0.197900	-0.226983	-0.403985	0.075379	-0.079384
ENSMUSG00000003746	0.308590	-0.154444	0.686265	0.147120	0.282402	0.390704
ENSMUSG00000003752	0.151710	0.359156	0.232887	0.629334	0.177919	0.507473
ENSMUSG00000003762	-0.054942	0.359595	0.256236	1.085113	0.692819	0.531474
ENSMUSG00000003778	-0.106275	0.037416	-0.133730	0.196297	-0.049396	-0.005421
ENSMUSG00000003779	0.173222	0.084968	0.459015	0.267866	0.496121	0.131240
ENSMUSG00000003808	-0.216539	0.006150	-0.619481	-0.526535	-1.010527	-1.096516
ENSMUSG00000003809	-0.169126	-0.132790	-0.233441	-0.047216	0.192115	0.629530
ENSMUSG00000003810	-0.092290	0.367009	0.090693	0.380703	-0.298380	-0.468407
ENSMUSG00000003812	-0.255285	-0.590733	-0.788141	-0.433256	0.020473	0.450623
ENSMUSG00000003813	0.008513	0.066009	0.102267	-0.018402	-0.350024	-0.684809
ENSMUSG00000003814	-0.098672	0.142266	-0.293032	-0.239673	-0.777878	-0.983175
ENSMUSG00000003824	0.142268	0.406774	-0.111329	-0.074956	-1.228057	-1.730313
ENSMUSG00000003847	-0.264707	-0.221106	-0.761319	-0.489568	-0.376443	-0.274397
ENSMUSG00000003848	-0.189374	-0.355163	-0.826972	-0.913374	-1.252592	-1.441837
ENSMUSG00000003849	-1.118222	-1.258093	-2.083372	-1.784531	-2.387451	-2.954661
ENSMUSG00000003863	-0.089890	0.568019	0.638805	-0.239459	1.350988	1.553902
ENSMUSG00000003865	0.514672	0.411349	0.144382	0.180362	-0.601947	-0.963005
ENSMUSG00000003868	-0.012956	-0.069189	-0.225419	-0.590322	-1.102064	-1.426099
ENSMUSG00000003872	-0.862118	0.028750	-0.940816	0.228197	-0.938940	-0.830706
ENSMUSG00000003873	0.160206	0.059526	-0.231334	-0.143608	-0.169628	-0.508758
ENSMUSG00000003882	-0.400053	-0.536546	-0.846568	0.471109	1.611416	2.152125
ENSMUSG00000003923	-0.035457	0.030709	-0.084565	-0.476061	-0.653803	-0.586212
ENSMUSG00000003929	-0.095723	0.019471	-0.765371	-1.258996	-1.136076	-0.802180
ENSMUSG00000003934	-0.268286	-0.283146	-1.348247	-0.827205	-0.152059	-0.703750
ENSMUSG00000003948	0.257332	0.245955	-0.104434	-0.093010	-0.275958	-0.300371
ENSMUSG00000003955	0.422016	1.003818	0.468459	0.215850	-1.190181	-2.292832
ENSMUSG00000003970	-0.085328	-0.074159	0.019176	-0.315701	-0.170741	-0.232250
ENSMUSG00000003992	0.334525	0.647952	0.229598	0.336566	0.572417	0.966137
ENSMUSG00000004018	0.028424	0.101791	0.024729	-0.158205	-0.457931	-0.677560
ENSMUSG00000004040	-0.104915	-0.084481	0.811600	0.991711	1.421375	1.422408
ENSMUSG00000004043	-0.614384	-0.519911	-0.398256	-0.174249	0.165355	0.361215
ENSMUSG00000004044	-1.533855	-0.173938	-1.599753	-3.088141	-3.237871	-2.754632
ENSMUSG00000004054	-0.072938	-0.133010	0.197854	0.226289	0.583509	0.500466
ENSMUSG00000004056	0.003371	-0.019875	0.283306	-0.132369	0.029838	0.031344
ENSMUSG00000004069	0.007213	0.137767	-0.048310	-0.581630	-0.859254	-1.127570
ENSMUSG00000004070	0.195920	0.273083	0.137829	0.012825	-0.284645	0.117599
ENSMUSG00000004071	0.209705	0.250730	0.481637	0.701292	1.244799	1.185252
ENSMUSG00000004085	0.316935	0.027249	-0.254147	0.062206	0.149630	0.242047
ENSMUSG00000004096	0.074890	0.029650	0.136481	0.367678	0.244718	0.446300
ENSMUSG00000004098	0.104210	0.366220	-1.913457	-2.634372	-2.860898	-2.891584
ENSMUSG00000004099	0.150948	0.114757	0.604169	0.088408	0.223886	-0.225847
ENSMUSG00000004100	-0.270926	-0.350260	-0.647932	-0.472949	-1.365142	-1.596893
ENSMUSG00000004105	-0.162942	-1.362704	-3.087932	-3.111159	-2.618255	-3.106574
ENSMUSG00000004113	0.279884	-1.509364	-2.839591	-2.536386	-2.123532	-1.771689
ENSMUSG00000004127	-0.189061	-0.201714	-0.528616	-0.013498	-0.815617	-0.842257
ENSMUSG00000004187	0.311277	0.350709	0.675984	2.493610	2.921639	3.020274
ENSMUSG00000004207	0.275619	0.203023	0.298410	0.870772	1.721348	1.887153
ENSMUSG00000004221	-0.159062	-0.368878	-0.350785	-0.001244	-0.058890	0.108286
ENSMUSG00000004233	-0.039519	-0.053947	-0.196016	-0.424612	-0.490812	-0.179313
ENSMUSG00000004263	0.338433	0.369432	-0.004655	0.016597	-0.184335	-0.184504
ENSMUSG00000004264	-0.045338	-0.007403	-0.259413	-0.588774	-0.913422	-0.932674
ENSMUSG00000004266	0.285000	-0.338706	-0.869537	-0.781412	-0.925073	-1.179780
ENSMUSG00000004268	0.071799	0.000847	-0.152585	-0.398289	-0.983691	-1.027705
ENSMUSG00000004270	-0.022264	0.242689	0.378412	0.300787	-0.024446	-0.243190
ENSMUSG00000004285	-0.089732	0.214167	-0.122321	0.426137	0.342262	0.397235
ENSMUSG00000004317	1.821365	2.347761	2.580443	2.746309	3.650208	3.515288
ENSMUSG00000004319	0.458276	0.654880	0.418794	0.007021	-0.449351	-0.660227
ENSMUSG00000004356	0.162389	-0.383182	-0.686512	-1.677867	-1.506529	-1.767282
ENSMUSG00000004359	0.018030	0.093745	0.384398	0.473920	-0.179773	-0.218738
ENSMUSG00000004364	-0.012225	0.176212	0.035487	-0.028081	-0.307259	-0.373654
ENSMUSG00000004371	0.393636	-0.707919	-0.443965	-0.554535	-1.245042	-1.292873
ENSMUSG00000004393	-0.076919	-0.273960	-0.598063	-1.008379	-1.316805	-1.520055
ENSMUSG00000004394	0.094273	0.385129	-0.134367	0.591373	0.887405	0.855255
ENSMUSG00000004415	-0.360481	-0.240832	-0.303342	0.214635	-1.356362	-1.403434
ENSMUSG00000004446	-0.334351	0.154351	0.680219	-0.207998	-1.009970	-1.090443
ENSMUSG00000004451	0.115946	-0.082931	-0.100186	-0.130367	-0.241107	-0.060662
ENSMUSG00000004455	0.293391	0.171258	0.297546	0.019566	0.097031	-0.189318
ENSMUSG00000004460	-0.255596	-0.081507	-0.187056	-0.427327	-0.608319	-0.390384
ENSMUSG00000004462	-0.306632	-0.191564	-0.182719	-0.221121	0.344440	-0.130643
ENSMUSG00000004500	-0.035947	0.047990	-0.156407	-0.112764	-0.060331	-0.286674
ENSMUSG00000004508	0.120304	0.040715	0.397398	0.562049	1.257902	1.631058
ENSMUSG00000004530	-0.149878	-0.230779	0.048319	-0.540433	-0.742915	-1.260974
ENSMUSG00000004535	-0.043434	0.247670	0.480367	0.413658	0.545120	0.851874
ENSMUSG00000004552	0.283196	0.541518	0.116686	1.896756	2.885267	2.796292
ENSMUSG00000004561	-0.228408	-0.066808	-0.174719	0.150240	0.133568	-0.051485
ENSMUSG00000004565	-0.073787	0.539788	0.196327	1.010688	1.065140	1.484164
ENSMUSG00000004567	-0.065931	-0.312940	0.056518	0.517393	1.031757	0.838262
ENSMUSG00000004568	-0.818474	0.237153	0.610407	1.083001	1.302633	1.180337
ENSMUSG00000004591	0.033197	0.055344	-0.049879	-0.072489	-0.242399	-0.274114
ENSMUSG00000004609	-0.147519	-0.575605	-1.187436	-0.239874	0.530724	-0.330222
ENSMUSG00000004610	0.491755	0.507831	0.129591	-0.344941	-0.763749	-0.504814
ENSMUSG00000004612	2.697050	1.439703	0.958752	-1.664735	-1.224922	-1.319192
ENSMUSG00000004626	-0.117217	0.000180	-0.060536	0.327235	0.407704	1.119808
ENSMUSG00000004637	0.031985	0.074395	0.482445	0.797355	0.201173	0.283427
ENSMUSG00000004642	-0.066493	0.047803	0.352188	0.171247	-0.227313	-0.346209
ENSMUSG00000004651	-0.310185	-1.774249	-0.951488	0.884146	-0.020340	1.203459
ENSMUSG00000004661	-0.789001	-0.478780	0.336291	0.683740	0.618923	0.460269
ENSMUSG00000004665	-1.595299	-1.429073	-0.499518	-0.107560	0.167744	0.454749
ENSMUSG00000004667	-0.259025	-0.136345	-0.422546	-0.704858	-1.075214	-1.096973
ENSMUSG00000004668	-0.452831	-0.655491	1.833156	-1.130927	-1.270125	-2.792066
ENSMUSG00000004677	-0.119369	-0.392555	-0.032930	-0.351255	0.092720	-0.062250
ENSMUSG00000004698	1.550232	0.579911	1.066316	1.521018	2.569587	2.744787
ENSMUSG00000004707	0.534435	0.721985	0.930647	1.036116	0.775018	1.022531
ENSMUSG00000004709	0.451555	1.645141	0.708003	0.864435	1.321945	0.187397
ENSMUSG00000004748	-0.426672	-0.072136	-0.960681	-1.414738	-2.021925	-2.892122
ENSMUSG00000004768	-0.380947	0.278622	-0.175512	-0.455065	-0.631573	-0.443066
ENSMUSG00000004771	-0.166215	0.189831	-0.103246	0.373581	-0.148108	0.094812
ENSMUSG00000004788	-0.344261	-0.180628	-0.216865	0.093370	0.037762	0.254362
ENSMUSG00000004789	0.005075	0.151756	-0.093367	0.062082	-0.159364	-0.269987
ENSMUSG00000004791	-1.284318	-1.264805	-1.061520	-0.930118	0.249278	-0.076873
ENSMUSG00000004798	0.401866	0.293254	0.599727	1.007118	1.041935	1.215137
ENSMUSG00000004815	-0.183825	0.120039	0.111585	0.410049	0.132000	0.338657
ENSMUSG00000004837	-0.276338	-0.075416	0.107210	0.748607	1.449077	1.740503
ENSMUSG00000004843	-0.011001	0.086827	0.649441	0.370001	0.627298	0.591777
ENSMUSG00000004846	0.090276	0.228633	-0.117275	-0.283246	-0.405654	-0.534075
ENSMUSG00000004849	0.193140	0.320083	0.216659	0.183119	-0.003084	0.119072
ENSMUSG00000004865	0.040874	-0.054826	-0.408340	-0.607855	-1.171362	-1.106848
ENSMUSG00000004880	0.026985	0.057736	0.748120	0.499942	0.896200	0.461401
ENSMUSG00000004885	0.395740	-0.286823	-0.615616	0.061378	-0.917943	-1.755597
ENSMUSG00000004895	-0.042532	0.108059	0.130631	0.214982	0.209851	0.083564
ENSMUSG00000004896	-0.096375	-0.060307	-0.582795	-0.461359	-0.422321	-0.538110
ENSMUSG00000004897	0.074337	0.206972	-0.083792	-0.300759	-0.688694	-0.741443
ENSMUSG00000004902	-1.000429	-0.349544	-0.760222	0.067085	-0.593427	-0.863693
ENSMUSG00000004929	-0.301971	-0.334647	-0.671462	-0.907917	-1.421823	-1.702711
ENSMUSG00000004931	0.034544	0.086632	0.293718	0.263394	0.521432	0.329432
ENSMUSG00000004934	-0.068431	0.404616	0.384936	0.546986	0.442685	0.419635
ENSMUSG00000004936	0.259161	0.459737	0.755009	0.383192	-0.207222	-0.293526
ENSMUSG00000004937	-0.009710	0.077741	0.022093	0.357947	0.500501	0.299192
ENSMUSG00000004945	0.099976	0.330606	-0.119735	0.917888	0.959136	1.270838
ENSMUSG00000004947	-0.263368	-0.154478	-0.167971	0.145197	-0.275183	-0.360431
ENSMUSG00000004952	2.160865	1.832478	-0.161886	0.962326	0.429724	-0.366606
ENSMUSG00000004980	-0.102011	0.121715	-0.000182	-0.080960	-0.431969	-0.494476
ENSMUSG00000004994	-0.065967	-0.049885	0.030459	-0.024193	0.229382	0.661160
ENSMUSG00000004996	-0.204971	-0.446105	-0.786257	-0.969376	-1.836266	-1.585579
ENSMUSG00000005034	0.367145	0.146366	0.879056	0.756630	1.374287	1.313498
ENSMUSG00000005043	-1.310167	-1.235971	-0.334386	0.107823	0.962114	1.026161
ENSMUSG00000005045	0.252764	-0.082224	-0.900341	-0.637370	-1.545854	-0.741461
ENSMUSG00000005054	0.000652	-0.089186	0.136873	0.973447	1.175648	1.015539
ENSMUSG00000005069	0.342981	0.529064	0.241724	0.586802	0.923403	1.380840
ENSMUSG00000005078	0.020702	0.345215	-0.083570	0.624603	-0.156100	0.223265
ENSMUSG00000005087	-0.634785	-1.434777	-1.791830	-2.005080	-1.396148	-1.855480
ENSMUSG00000005102	0.077147	-0.024443	0.341550	0.343599	0.548212	0.586178
ENSMUSG00000005103	-0.106077	-0.169811	0.295824	0.072582	0.489885	0.332015
ENSMUSG00000005107	0.450645	-0.020113	-2.007277	-1.892695	-1.054954	-0.868764
ENSMUSG00000005125	2.786319	1.570779	1.223505	0.265982	-1.136989	-1.406809
ENSMUSG00000005131	1.502874	0.006347	0.998183	2.318446	2.072941	2.076970
ENSMUSG00000005142	-0.026263	0.069365	0.258616	0.685504	0.720554	0.808694
ENSMUSG00000005150	-0.167057	0.001106	-0.455388	-0.729822	-0.701609	-0.679356
ENSMUSG00000005161	0.188019	0.288109	-0.049932	-0.026227	0.003209	0.279047
ENSMUSG00000005198	-0.122310	-0.239235	0.140403	0.535946	0.913259	0.531535
ENSMUSG00000005204	-0.192800	-0.145989	-0.287570	-0.495957	-0.572381	-0.646789
ENSMUSG00000005233	0.019503	0.124495	-0.030627	-0.142151	-0.125588	-0.403593
ENSMUSG00000005262	-0.066535	0.076905	0.171308	0.239290	0.272032	0.385078
ENSMUSG00000005267	0.281335	-0.327169	-1.794121	-1.548711	-2.826777	-1.416564
ENSMUSG00000005268	-0.392938	-1.277475	-0.779532	-0.594680	-0.636904	0.386389
ENSMUSG00000005299	0.120036	0.304224	0.623751	0.038572	-0.152169	-0.018444
ENSMUSG00000005312	0.038093	-0.090952	0.272176	-0.051090	0.054606	-0.227619
ENSMUSG00000005320	0.288143	1.234067	0.188739	1.068669	0.446603	-0.051103
ENSMUSG00000005354	-0.128116	0.064652	-0.107580	0.014654	-0.501708	-0.707164
ENSMUSG00000005362	-0.255553	-0.199789	0.211628	-0.140848	0.188550	0.301809
ENSMUSG00000005370	0.302612	0.446753	0.851357	0.432821	0.441973	0.381570
ENSMUSG00000005371	0.187936	0.633678	0.228223	0.489474	1.100056	1.288189
ENSMUSG00000005374	0.270331	0.416112	-0.147909	-0.942860	-1.626148	-2.307390
ENSMUSG00000005378	-0.423484	-0.080033	-0.122584	-0.325030	-0.672845	-0.922212
ENSMUSG00000005410	-0.138946	-0.122732	0.470415	0.258629	0.272745	-0.534521
ENSMUSG00000005413	0.186071	-0.232310	0.123077	-0.247546	0.216316	0.662475
ENSMUSG00000005417	0.159495	0.242397	0.068087	0.028705	0.349694	0.792888
ENSMUSG00000005442	0.027725	0.274285	0.593651	0.843305	0.680236	0.534261
ENSMUSG00000005447	-0.249051	-0.265779	-0.812879	0.299534	0.605574	0.149762
ENSMUSG00000005465	1.199018	0.847342	0.564839	0.207165	0.485848	0.714844
ENSMUSG00000005469	0.046087	0.278128	0.593448	0.593393	0.855739	0.641863
ENSMUSG00000005470	0.145837	-0.346077	0.483901	0.183310	0.478775	-0.091534
ENSMUSG00000005474	-1.025147	-1.119497	-0.868260	-0.186711	-0.306014	-0.627930
ENSMUSG00000005481	-0.218636	-0.165257	-0.172155	-0.516713	-0.782349	-1.012343
ENSMUSG00000005483	0.245223	0.206324	0.866081	0.549717	0.961424	0.484210
ENSMUSG00000005493	-0.797186	-0.923928	0.528396	-0.581880	-0.721823	-0.192644
ENSMUSG00000005501	0.657739	0.479627	0.026498	-0.161182	0.071440	-0.067127
ENSMUSG00000005505	-0.037897	0.048479	0.469998	0.408942	0.596886	0.449885
ENSMUSG00000005506	-0.112832	-0.184237	-0.196324	-0.313147	-0.141742	-0.381518
ENSMUSG00000005510	-0.051025	-0.000068	-0.084042	0.602940	0.237894	0.107982
ENSMUSG00000005514	0.085048	0.233151	0.358583	0.420774	-0.153108	-0.033449
ENSMUSG00000005534	-0.307632	-0.438912	-0.277844	-0.692143	-0.083606	0.135858
ENSMUSG00000005566	0.090545	0.026912	0.068254	-0.200281	0.010179	-0.437238
ENSMUSG00000005575	0.122636	0.219466	0.012496	-0.040919	-0.598165	-0.597375
ENSMUSG00000005580	1.344078	1.975913	1.119382	0.912312	0.796440	1.721379
ENSMUSG00000005583	0.458144	0.479547	0.423988	0.918839	0.690844	0.391824
ENSMUSG00000005609	0.181581	-0.134188	-0.071510	-0.990082	-0.780492	-0.612150
ENSMUSG00000005610	0.074163	-0.152555	0.184229	-0.378354	-0.105910	-0.294094
ENSMUSG00000005611	0.111312	-0.793103	-1.136207	-0.850131	-0.321082	-0.142660
ENSMUSG00000005615	-0.639221	-0.826435	0.097075	0.542907	2.669878	2.715516
ENSMUSG00000005621	-0.215120	-0.097194	0.000821	0.229850	0.332370	0.291432
ENSMUSG00000005625	-0.076754	0.052520	-0.059970	-0.144358	-0.159515	-0.100904
ENSMUSG00000005628	-0.005193	0.734338	-0.996070	-1.266101	-0.201725	0.586940
ENSMUSG00000005640	-1.024590	-0.464274	-0.952014	-0.452743	-2.502536	-3.159472
ENSMUSG00000005656	0.280125	0.319297	0.631004	0.353005	0.467138	0.428414
ENSMUSG00000005667	0.046635	0.111118	0.287356	-0.790036	-1.748037	-2.212314
ENSMUSG00000005674	-0.136737	0.064466	-0.369138	-0.311466	-0.666562	-0.618947
ENSMUSG00000005682	0.269931	0.037073	-0.022714	0.332525	0.473335	0.632045
ENSMUSG00000005683	-0.105770	-0.050307	0.134456	0.228987	0.328809	-0.189055
ENSMUSG00000005686	-0.222649	-1.446887	-0.816625	-0.801183	-0.254896	-0.654184
ENSMUSG00000005687	0.007778	0.098870	0.110023	-0.134180	-0.701776	-0.578848
ENSMUSG00000005698	-0.066569	0.082642	0.573801	0.305163	0.716031	0.710446
ENSMUSG00000005699	-0.038956	0.016846	0.580735	0.848586	1.081248	0.896189
ENSMUSG00000005718	-0.033859	-0.720411	-0.577752	-1.040089	-1.656982	-2.563872
ENSMUSG00000005732	0.057398	0.028729	0.151906	-0.443006	-1.296647	-1.666629
ENSMUSG00000005774	0.332014	-0.342524	-0.022594	0.606932	1.827097	2.451488
ENSMUSG00000005779	-0.120584	-0.110689	0.027471	0.157201	-0.107443	-0.233486
ENSMUSG00000005800	4.463812	4.398302	2.433929	4.114751	2.936016	2.155398
ENSMUSG00000005802	0.534661	0.408201	0.641889	0.170235	0.133524	0.015065
ENSMUSG00000005804	0.071137	0.099118	0.105757	0.063404	0.192542	0.170894
ENSMUSG00000005813	0.107690	0.120086	-0.062290	-0.405815	-0.408842	-0.651003
ENSMUSG00000005823	-0.096330	0.028909	0.237813	0.879398	0.811173	0.854018
ENSMUSG00000005846	-0.143705	-0.068484	-0.420734	-0.817700	-1.647804	-1.520280
ENSMUSG00000005871	0.060785	-0.168543	-0.146526	-0.162758	-0.098421	0.185147
ENSMUSG00000005873	0.189623	0.460365	0.588773	0.646237	1.456921	1.730805
ENSMUSG00000005881	-0.095356	0.177798	0.303352	0.551979	0.429654	0.582621
ENSMUSG00000005882	-0.326891	-0.288138	-0.605121	-0.771047	-1.548600	-1.291241
ENSMUSG00000005883	0.337450	0.046443	0.032220	0.179796	1.331271	1.705998
ENSMUSG00000005886	0.052293	-0.106336	0.669192	0.320273	1.119823	1.079846
ENSMUSG00000005893	0.121698	-0.304193	-0.138086	-0.305370	0.073661	-0.012308
ENSMUSG00000005897	-0.317933	-0.227715	-0.338728	-0.076127	0.386862	0.045667
ENSMUSG00000005899	-0.119841	-0.098987	-0.405461	-0.371704	-0.984573	-1.403880
ENSMUSG00000005907	0.019524	-0.517115	-0.495646	-0.584039	-0.326622	-0.081681
ENSMUSG00000005936	0.150978	-0.038972	0.131504	-0.418983	-0.048927	-0.093167
ENSMUSG00000005947	-0.509005	0.873664	1.188046	1.675998	0.972065	0.803378
ENSMUSG00000005949	-0.003139	-0.120597	-0.033791	0.948587	1.924976	1.981091
ENSMUSG00000005951	-0.046124	0.003465	0.698506	0.517016	1.333006	0.836475
ENSMUSG00000005968	-0.662221	-0.532660	-0.324807	-1.470842	-1.265786	-1.388558
ENSMUSG00000005973	0.288038	0.265991	0.279643	-0.333619	-0.728767	-0.374545
ENSMUSG00000005981	-0.001720	0.072717	-0.148310	-0.377312	-0.815210	-1.307250
ENSMUSG00000005982	-0.226374	-0.243170	-0.419497	-0.129219	-0.126090	-0.315107
ENSMUSG00000005983	-0.307048	-0.067767	-0.843424	0.255920	-0.410729	0.380789
ENSMUSG00000005986	-0.909370	-0.111410	-0.031173	0.563669	0.939084	1.362650
ENSMUSG00000006005	-0.390815	-0.095916	-0.275478	0.065916	-0.090690	-0.002768
ENSMUSG00000006010	0.045016	-0.104192	-0.738848	-0.265098	-0.374900	-0.177637
ENSMUSG00000006019	-0.135608	-0.093095	-0.005949	0.290785	0.278002	0.228238
ENSMUSG00000006021	-0.398197	-0.077126	0.171845	0.117561	-0.124862	0.011332
ENSMUSG00000006024	0.024553	0.180038	0.080157	0.042970	0.012759	0.151350
ENSMUSG00000006050	-0.118148	-0.049314	0.372287	0.506214	-0.149114	0.411666
ENSMUSG00000006057	-0.039758	-0.058471	-0.380831	-0.802635	-1.569126	-2.016199
ENSMUSG00000006058	0.328483	0.137970	-0.410588	-0.240238	-1.014740	-0.504225
ENSMUSG00000006095	-0.210243	-0.155860	-0.412024	-0.226502	-0.032636	0.140920
ENSMUSG00000006127	0.010217	0.259362	0.205416	1.216681	1.288808	1.705982
ENSMUSG00000006134	0.075830	-0.138266	0.511614	0.362566	1.264615	0.707193
ENSMUSG00000006169	0.063840	-0.002955	0.511080	0.792358	1.565626	1.669541
ENSMUSG00000006179	0.585682	1.210809	1.621586	2.495783	2.002404	2.154070
ENSMUSG00000006191	-0.026013	0.150385	-0.510764	-0.108814	-0.432009	-0.592563
ENSMUSG00000006215	-0.195048	-0.134948	-0.032054	0.064518	0.170473	0.311933
ENSMUSG00000006235	0.185512	0.159306	0.085653	-0.763715	0.020097	0.285103
ENSMUSG00000006262	0.013285	-0.088452	-0.064169	-0.254091	-0.189374	-0.176480
ENSMUSG00000006273	-0.091406	-0.145203	0.116839	0.252813	0.581025	0.498356
ENSMUSG00000006276	0.332067	0.297630	0.243192	0.290480	0.785437	0.991035
ENSMUSG00000006281	0.359909	0.102039	0.172909	0.442521	0.802666	1.096681
ENSMUSG00000006288	-0.160471	-0.165313	0.260995	0.561725	1.352942	1.698399
ENSMUSG00000006289	-0.333315	-0.238685	-0.676647	-0.860154	-1.282785	-1.574419
ENSMUSG00000006299	0.081599	0.147161	0.258059	0.241993	0.352609	0.393550
ENSMUSG00000006301	0.592954	0.642166	0.384128	0.276673	0.194732	0.324345
ENSMUSG00000006304	0.050002	0.238087	0.142039	0.451372	-0.160438	-0.500416
ENSMUSG00000006307	-0.137893	0.145445	0.125835	0.257866	0.166639	0.176907
ENSMUSG00000006310	-0.091961	-0.586660	-1.384811	-0.734193	-1.408570	-1.987276
ENSMUSG00000006313	-0.172910	0.331923	-0.951901	0.740701	0.080739	-0.409103
ENSMUSG00000006315	0.274076	-0.047115	-0.464137	-0.153339	0.299393	-0.638175
ENSMUSG00000006333	-0.135290	0.108298	-0.105800	-0.113155	-0.120125	0.102889
ENSMUSG00000006335	-0.138957	0.101637	-0.238648	-0.113073	-0.559667	-0.040629
ENSMUSG00000006342	0.426332	-0.146524	-1.215618	0.793647	0.488426	-1.108419
ENSMUSG00000006345	0.076517	-0.191206	-1.145042	-0.531772	-1.032552	-1.082470
ENSMUSG00000006356	-1.658748	0.366482	2.045150	0.945051	-0.557556	-1.305693
ENSMUSG00000006360	-0.824606	-0.239431	0.401568	0.729261	0.371243	-0.125553
ENSMUSG00000006362	1.008446	0.740465	1.438209	1.424886	1.076620	1.129117
ENSMUSG00000006373	0.011411	0.227717	0.480037	0.164839	-0.027002	-0.497969
ENSMUSG00000006378	-0.509783	-0.267379	-0.648640	-1.412472	-2.300276	-2.728067
ENSMUSG00000006390	-0.026582	-0.036692	-0.544298	-0.253263	-0.736604	-0.857228
ENSMUSG00000006392	-0.044858	0.191826	-0.210166	-0.240902	-0.263931	-0.174596
ENSMUSG00000006395	-0.296903	-0.565397	-0.593955	0.018601	-0.379876	0.003678
ENSMUSG00000006398	0.003953	0.038281	0.312051	0.031690	0.132056	-0.295062
ENSMUSG00000006403	-0.461286	0.396668	-1.252142	1.157738	1.370750	1.643993
ENSMUSG00000006412	-0.088354	0.280986	-0.348084	-0.635328	-1.007450	-0.807757
ENSMUSG00000006418	0.049615	0.100052	0.351774	0.485976	0.933915	1.108013
ENSMUSG00000006423	-0.177833	-0.518984	-0.642865	-0.705307	0.107013	0.076601
ENSMUSG00000006442	-0.330971	-0.405145	-0.969954	-1.552194	-2.768479	-3.361173
ENSMUSG00000006445	3.973134	1.869265	-0.346838	0.737496	3.302235	1.952876
ENSMUSG00000006456	-0.178654	-0.268838	-0.012645	0.198664	-0.145837	-0.950152
ENSMUSG00000006457	-0.190675	0.249533	0.272753	1.108674	0.503184	1.090934
ENSMUSG00000006463	-0.150452	-0.236748	0.317430	1.023540	1.376224	0.740175
ENSMUSG00000006464	-0.130055	0.770766	-0.052794	-0.686955	0.694552	1.007716
ENSMUSG00000006471	-0.356528	-0.224486	-0.671660	-0.465291	-0.730172	-0.863418
ENSMUSG00000006476	0.030245	0.587124	0.731000	0.491677	0.725642	1.055921
ENSMUSG00000006494	0.739896	0.821444	0.608105	0.227998	-0.860719	-1.855038
ENSMUSG00000006498	0.000865	-0.307171	0.154078	0.021134	0.325884	-0.253808
ENSMUSG00000006517	0.141501	0.320583	0.486326	0.583268	1.261518	1.516023
ENSMUSG00000006519	-0.274773	-0.151456	0.024037	0.445235	-0.137839	-0.673182
ENSMUSG00000006526	-0.028348	0.528257	0.616929	0.678382	0.323462	0.184311
ENSMUSG00000006527	-0.099561	0.053660	0.017486	-0.481938	-0.602599	-0.028462
ENSMUSG00000006538	-0.886520	0.818938	-0.298475	0.195069	-0.238973	1.169356
ENSMUSG00000006567	0.616725	1.272136	1.032421	1.029541	-1.170565	-3.462638
ENSMUSG00000006585	-0.151234	-0.246763	0.209718	0.536071	0.644355	-0.144889
ENSMUSG00000006589	0.333387	0.041115	-0.111679	0.060830	-0.455797	-1.254679
ENSMUSG00000006599	-0.182949	-0.024554	-0.231023	-0.645391	-0.847831	-0.428968
ENSMUSG00000006611	2.194207	1.263969	-1.117275	-1.107936	-2.195509	-2.821492
ENSMUSG00000006638	-0.080164	0.401552	-0.072835	0.640301	0.428471	0.380690
ENSMUSG00000006641	-0.308192	-0.439247	-1.565645	-1.550035	-2.091225	-2.459860
ENSMUSG00000006673	-0.150672	-0.133087	0.093627	0.069153	0.468972	0.205242
ENSMUSG00000006676	0.040062	-0.001404	0.089163	0.148139	0.588873	0.682698
ENSMUSG00000006678	0.563565	0.293182	0.130041	-0.037611	-0.223518	-0.830607
ENSMUSG00000006699	-0.044706	0.129149	0.055987	0.089723	0.014422	0.072644
ENSMUSG00000006705	0.015535	-0.096784	-0.155712	-0.488654	0.098760	-0.234224
ENSMUSG00000006715	-0.239226	0.113925	0.192137	-0.087994	-0.513428	-0.577732
ENSMUSG00000006717	-0.271045	-0.101784	-0.130865	0.980842	0.842166	0.643882
ENSMUSG00000006720	0.671677	0.381664	0.275081	-0.446085	0.106853	0.448455
ENSMUSG00000006724	-0.031912	0.654564	-0.697686	0.156974	-0.688196	-2.011110
ENSMUSG00000006728	0.265801	0.176537	0.128288	-0.263193	-0.100922	-0.262797
ENSMUSG00000006731	0.625560	0.567101	0.764349	0.539569	0.285518	0.232463
ENSMUSG00000006732	-0.096241	0.195367	-0.806638	-1.108674	-2.871036	-2.967248
ENSMUSG00000006736	0.093105	-0.157290	-0.881083	-0.656776	-0.482764	-0.905830
ENSMUSG00000006740	0.193944	0.162897	0.407346	-0.612531	-0.448594	-0.307368
ENSMUSG00000006763	-0.199841	-0.064051	0.039360	-0.166119	-0.476178	-0.674744
ENSMUSG00000006782	-0.308526	-0.268122	0.589179	1.112212	1.897590	2.234779
ENSMUSG00000006784	-1.131546	-1.107441	-0.167499	-0.020425	0.547737	-0.265993
ENSMUSG00000006818	-0.290834	-0.036508	-0.423889	-0.671466	-1.584962	-1.894337
ENSMUSG00000006850	-0.117841	-0.095032	0.496129	0.945172	1.343417	0.964852
ENSMUSG00000006906	0.289676	-0.055511	0.311346	0.277564	0.858615	0.991081
ENSMUSG00000006920	-0.178409	-0.450095	-0.668962	-0.130257	-0.523630	-0.187864
ENSMUSG00000006932	0.365210	0.031974	0.415691	-0.131535	0.463717	0.251428
ENSMUSG00000006941	0.077428	0.248495	0.210345	0.876545	1.225050	0.444655
ENSMUSG00000006998	0.100558	0.051767	0.180482	-0.070754	-0.117311	-0.196857
ENSMUSG00000007021	-0.220322	-0.440532	1.717515	1.707107	0.700238	2.250544
ENSMUSG00000007029	0.004612	0.039216	0.454196	0.319305	-0.161747	-0.222049
ENSMUSG00000007030	0.419702	-0.333327	0.421013	1.016842	-0.987867	1.374792
ENSMUSG00000007034	-1.028566	-0.287103	0.799928	1.708571	2.055185	0.904326
ENSMUSG00000007035	-0.367595	0.069006	0.162258	0.721031	0.430136	0.489974
ENSMUSG00000007036	-0.237213	0.086257	0.174649	-0.182383	-0.349181	-0.515418
ENSMUSG00000007038	-0.207871	0.661239	0.811016	1.634752	1.488544	1.684815
ENSMUSG00000007039	-0.487537	0.091842	0.380766	0.105601	0.238469	0.412873
ENSMUSG00000007041	-0.073416	0.170660	0.294036	0.261325	0.297980	0.469883
ENSMUSG00000007050	-0.061162	0.008502	-0.503486	-0.336520	-1.241895	-1.907197
ENSMUSG00000007080	-0.270327	0.030006	-0.022560	-0.029867	-0.276808	-1.126057
ENSMUSG00000007097	-0.991136	-0.793216	-0.675877	0.247484	-0.672049	0.543285
ENSMUSG00000007207	-0.332891	-0.561379	-1.423889	-0.237382	-0.487707	-0.472793
ENSMUSG00000007216	-0.077315	0.254979	-0.028923	0.243772	0.672904	1.153800
ENSMUSG00000007338	-0.016490	-0.245166	-0.294922	-0.012347	0.099206	-0.126334
ENSMUSG00000007379	0.951345	0.139533	1.015730	0.072918	-1.070933	-2.188490
ENSMUSG00000007411	0.115828	0.315110	0.063268	0.207699	0.461531	0.675046
ENSMUSG00000007415	0.005045	0.198085	-0.160408	-0.150595	-0.640503	-0.346192
ENSMUSG00000007458	-0.166041	-0.310059	-0.308219	-0.443415	-0.402690	-0.426096
ENSMUSG00000007476	0.282265	0.133935	-0.597510	-0.211101	0.525930	0.497310
ENSMUSG00000007564	-0.121486	-0.139131	-0.280184	-0.163121	-0.140384	-0.061627
ENSMUSG00000007570	-0.459881	-0.523372	-1.024106	-1.429844	-1.506100	-1.553988
ENSMUSG00000007589	0.048437	0.183076	1.144245	0.503357	0.652029	0.704427
ENSMUSG00000007591	0.013452	-0.627191	-0.780653	0.047061	0.668384	0.643515
ENSMUSG00000007603	-0.169551	-0.119398	0.040416	-0.104543	0.081943	0.180884
ENSMUSG00000007610	-0.208527	-0.642879	-0.634795	-0.706839	-0.262354	-0.031873
ENSMUSG00000007613	0.066732	0.226411	0.238965	0.578953	0.876291	0.713161
ENSMUSG00000007617	-0.023338	0.052787	0.552798	0.025330	-0.622355	-0.940587
ENSMUSG00000007646	-0.535369	0.112347	1.284331	0.668827	0.207527	-0.790458
ENSMUSG00000007656	0.241156	0.232064	-0.372310	-0.367430	-1.189794	-0.648548
ENSMUSG00000007659	-0.445612	-1.949607	-1.399234	-0.817770	-0.001684	0.041962
ENSMUSG00000007670	-0.160885	-0.282122	0.050135	0.020403	0.217704	-0.152005
ENSMUSG00000007682	0.235091	-0.181125	-0.724363	-0.601357	-1.026010	-1.262873
ENSMUSG00000007721	0.143629	0.031230	-0.212801	-0.364327	-0.432712	-0.257677
ENSMUSG00000007739	-0.161440	-0.187019	-0.262834	-0.646189	-0.708718	-0.665367
ENSMUSG00000007777	-0.041104	-0.150648	0.487936	0.050230	0.232895	0.688434
ENSMUSG00000007783	0.052573	0.986457	0.593688	0.053890	-0.707928	-2.199637
ENSMUSG00000007812	0.065396	-0.136128	0.236137	0.242830	0.754683	0.961279
ENSMUSG00000007815	-0.038759	0.021145	-0.008703	0.106009	-0.006669	-0.194548
ENSMUSG00000007817	0.252897	-0.492197	-0.016755	-1.207661	-0.456140	-0.694337
ENSMUSG00000007827	0.164853	0.231580	0.184434	-0.332382	-0.168180	-0.046838
ENSMUSG00000007833	-0.323786	-0.331275	-0.267202	-0.217371	-0.214357	-0.470230
ENSMUSG00000007836	-0.039197	-0.276176	0.533355	-0.007865	0.430782	0.285516
ENSMUSG00000007837	-0.142522	0.054189	0.148364	0.710650	0.610074	0.821428
ENSMUSG00000007850	-0.014820	0.158779	0.129102	0.238928	0.321199	0.133841
ENSMUSG00000007872	1.304060	1.136013	1.037485	0.239061	1.801950	0.543158
ENSMUSG00000007880	-0.003248	0.134644	0.219492	0.350409	0.451881	0.366214
ENSMUSG00000007888	-3.062227	-2.376079	-2.196223	-2.211606	-3.341614	-2.988637
ENSMUSG00000007891	0.319975	0.128046	0.282169	0.228026	0.714172	0.997509
ENSMUSG00000007892	0.262381	-0.066555	0.061751	0.225132	0.276152	-0.306124
ENSMUSG00000007908	0.232290	0.064416	0.200528	0.978240	1.630846	1.600387
ENSMUSG00000007950	0.334295	0.570757	0.853480	0.789357	1.011292	0.708945
ENSMUSG00000007987	0.316946	0.292279	0.420081	0.791007	1.030319	0.845113
ENSMUSG00000008028	-1.097028	-1.263283	-0.945984	0.467469	-0.127311	0.289865
ENSMUSG00000008035	-0.033058	-0.003648	0.143200	-0.329757	-0.100800	-0.269878
ENSMUSG00000008036	0.010094	0.174050	-0.313116	-0.170243	-0.035986	-0.205458
ENSMUSG00000008090	-0.376787	-0.046087	0.121513	0.542252	1.122407	1.340057
ENSMUSG00000008129	-0.174263	-0.093870	-0.082127	0.343006	-0.010177	-0.094262
ENSMUSG00000008140	-0.066865	0.052916	-0.174577	0.165555	-0.234551	-0.865406
ENSMUSG00000008153	-0.031373	-0.574184	-1.137055	-0.696950	-1.060486	-1.165769
ENSMUSG00000008167	0.070516	0.367425	-0.385939	0.169092	-0.096859	-0.169820
ENSMUSG00000008193	-0.476367	0.629089	2.617596	5.618691	5.808055	6.057746
ENSMUSG00000008200	-0.053940	0.135292	-0.196468	0.140835	-0.207408	-0.434645
ENSMUSG00000008206	0.097507	0.582963	0.324712	0.553176	0.189585	0.607272
ENSMUSG00000008226	0.106956	-0.120734	-0.886235	0.403583	-0.001137	-0.179255
ENSMUSG00000008301	0.193004	-0.500873	-0.696316	-0.990177	-0.738880	-0.100634
ENSMUSG00000008307	0.642953	-0.818356	-1.176508	-1.444262	-1.853896	-1.451329
ENSMUSG00000008318	-0.859563	-1.039212	-0.841138	-1.465173	-2.149538	-2.140382
ENSMUSG00000008333	-0.003220	0.259111	0.164602	-0.202287	-0.776514	0.036355
ENSMUSG00000008348	0.072603	0.214369	1.046408	0.330796	1.078646	1.527199
ENSMUSG00000008373	-0.097676	-0.000903	-0.540006	-0.715183	-1.117751	-1.249573
ENSMUSG00000008384	0.111345	-0.170004	-0.151397	0.785360	0.978106	0.949098
ENSMUSG00000008393	-0.216724	-0.148638	0.402386	0.951320	1.401912	1.074675
ENSMUSG00000008398	0.640845	-0.408990	0.052767	0.664543	1.408962	1.499746
ENSMUSG00000008429	0.010774	0.418329	0.446693	0.882713	0.984502	0.576806
ENSMUSG00000008435	-0.171009	-0.851460	-1.123489	-1.063241	-1.026741	-1.142490
ENSMUSG00000008450	-0.065860	0.020696	-0.597811	-0.163755	-0.740912	-1.619930
ENSMUSG00000008475	-0.565530	-0.574011	-0.088777	-0.877356	-0.338172	0.017083
ENSMUSG00000008482	0.467553	0.392710	-1.343079	-0.775224	-0.371077	-1.918621
ENSMUSG00000008496	-0.286150	0.680110	0.720489	1.090284	0.014442	0.053691
ENSMUSG00000008540	-1.781585	-1.894245	-0.207252	1.233676	1.142008	2.123521
ENSMUSG00000008601	-1.611244	-1.489529	-1.456844	-0.039806	-0.963878	-1.134095
ENSMUSG00000008604	-0.072763	-0.323657	-0.798228	-0.711534	-0.830606	-1.141579
ENSMUSG00000008668	-0.373825	0.039768	-0.233197	-0.374289	-0.622534	-0.262573
ENSMUSG00000008682	-0.542114	-0.078834	-0.082905	-0.301440	-0.319246	-0.077458
ENSMUSG00000008683	0.006970	-0.036659	-0.033974	-0.438799	-0.389884	-0.055497
ENSMUSG00000008690	-0.068207	0.214232	0.225414	0.049945	-0.105931	-0.371859
ENSMUSG00000008730	0.100619	-0.240107	0.131123	0.044699	0.704215	0.412055
ENSMUSG00000008763	0.027336	-0.240403	0.047600	-0.419716	-0.899766	-1.008060
ENSMUSG00000008822	-0.340434	0.200867	-0.187607	0.895488	1.043812	0.942113
ENSMUSG00000008845	1.634912	1.323320	-0.082371	-0.101177	0.480261	1.077559
ENSMUSG00000008855	0.404841	-0.077372	-0.088258	0.409624	1.603285	2.141507
ENSMUSG00000008859	-0.000003	0.126069	0.104088	0.625457	0.501212	0.718934
ENSMUSG00000008892	0.015636	0.102849	-0.012344	-0.020380	-0.277431	-0.395163
ENSMUSG00000008958	-0.227390	0.105597	-0.155811	0.246245	0.040052	0.335897
ENSMUSG00000008976	0.042017	0.050722	0.539510	0.078782	0.411902	0.390878
ENSMUSG00000009013	-0.100694	0.372823	0.294413	-0.170927	-0.845659	-0.765648
ENSMUSG00000009030	-0.302998	-0.129195	0.587581	0.338120	1.144039	0.834963
ENSMUSG00000009035	-0.048485	0.227365	-0.051181	0.182098	0.084627	-0.231346
ENSMUSG00000009073	0.007012	0.028236	0.184893	-0.197070	-0.375059	-0.374767
ENSMUSG00000009076	-0.147288	0.369227	0.640823	0.540838	0.339103	0.397164
ENSMUSG00000009079	-0.198646	-0.196860	-0.095853	0.014557	-0.112026	-0.481412
ENSMUSG00000009090	0.007736	0.162362	0.423242	0.480530	0.692102	0.548754
ENSMUSG00000009092	-0.353741	-0.152273	-1.067233	0.688136	1.152830	0.739233
ENSMUSG00000009097	0.050951	-0.020987	1.599135	1.421192	2.132667	1.513960
ENSMUSG00000009108	-1.517995	-1.873114	-2.678186	-2.705806	-3.442356	-3.353338
ENSMUSG00000009112	-0.125445	-0.291038	-0.091934	-0.029284	0.193971	-0.105908
ENSMUSG00000009145	0.034699	0.153212	-0.717826	-0.546498	-1.417464	-0.970029
ENSMUSG00000009207	-0.134098	0.126975	0.219315	-0.577668	-1.036665	-1.378692
ENSMUSG00000009291	0.237801	0.333958	0.014727	0.296589	0.353172	0.652629
ENSMUSG00000009292	-0.409766	-2.329976	-0.837108	0.448783	-1.556112	-2.181380
ENSMUSG00000009293	-0.196159	0.131709	-0.287482	-0.005650	-0.308615	-0.454139
ENSMUSG00000009406	-0.293697	-0.425578	0.445678	0.142764	0.774101	0.498527
ENSMUSG00000009470	0.246668	-0.220663	0.131702	-0.271132	0.154928	0.010918
ENSMUSG00000009535	-0.140775	-0.474183	-0.715804	-0.425936	-0.294565	-0.535597
ENSMUSG00000009549	-0.094851	-0.050764	-0.015992	-0.077784	-0.370061	-0.036262
ENSMUSG00000009555	0.103154	0.083883	-0.051250	-0.079526	-0.191280	0.083195
ENSMUSG00000009563	0.182767	0.146450	0.278867	0.424374	0.429647	0.396677
ENSMUSG00000009566	-0.593706	-0.421952	-1.010649	-1.447863	-2.462470	-2.999003
ENSMUSG00000009569	0.044648	-0.212135	0.249519	0.011664	0.456447	0.462028
ENSMUSG00000009575	0.455027	0.118045	0.248289	-0.113293	-0.060523	-0.848098
ENSMUSG00000009585	0.003491	0.007054	0.010677	0.515212	0.510203	0.791560
ENSMUSG00000009621	-0.258789	-0.421934	0.384957	-0.072249	0.515508	0.116146
ENSMUSG00000009630	-0.079489	-0.081149	-0.233200	0.178762	0.238731	0.072332
ENSMUSG00000009640	-0.089334	0.107625	0.028681	-0.132688	-0.015103	0.385651
ENSMUSG00000009647	0.069118	0.011028	-0.192742	-0.134674	-0.596207	-0.844878
ENSMUSG00000009681	0.707721	0.491078	0.450623	-0.010135	0.434523	0.591268
ENSMUSG00000009687	1.937218	1.782911	0.495166	-0.607318	-1.852334	-2.180830
ENSMUSG00000009731	0.194410	0.069588	0.141005	0.710987	-1.099153	-1.359510
ENSMUSG00000009733	-0.105133	0.107886	0.291866	0.169050	0.175864	0.580878
ENSMUSG00000009739	0.981998	1.765937	1.777145	2.455949	2.523665	2.389931
ENSMUSG00000009741	0.017379	0.043008	-0.076000	0.004183	-0.009789	0.044299
ENSMUSG00000009772	-0.146832	-0.428350	-0.253320	-0.369422	-0.464489	-0.300298
ENSMUSG00000009828	0.053827	0.039351	-0.467822	-0.273327	-0.483586	-0.215880
ENSMUSG00000009863	0.000309	-0.100107	-0.244980	-0.495877	-0.651602	-0.625216
ENSMUSG00000009894	-0.052183	0.220879	-0.265670	-0.814790	-0.561356	-0.449115
ENSMUSG00000009905	-0.355426	-0.490820	-0.268224	0.344197	0.314910	0.277308
ENSMUSG00000009907	-0.026037	-0.136574	0.188749	-0.060256	0.033589	0.003916
ENSMUSG00000009927	0.181167	0.065343	0.188823	-0.250511	0.008161	0.403297
ENSMUSG00000009995	-0.017656	0.050925	-0.076583	0.281957	0.293060	0.506657
ENSMUSG00000010025	0.330519	0.284847	1.063811	0.868832	1.338709	1.324690
ENSMUSG00000010044	-1.001026	-0.221779	-0.414850	2.003101	4.028845	3.133238
ENSMUSG00000010045	0.078611	-0.150427	0.041792	-0.005726	0.332182	0.123483
ENSMUSG00000010047	-0.291365	-0.351808	-0.756858	-0.881821	-0.648544	-1.307778
ENSMUSG00000010048	-0.111962	-0.347287	-0.802665	-1.326702	-2.214069	-3.118366
ENSMUSG00000010051	-0.567779	-1.281229	-0.473512	0.441554	0.185836	-0.071424
ENSMUSG00000010054	-0.138095	-0.157036	-0.203850	-0.163833	-0.423981	-0.257648
ENSMUSG00000010057	0.041633	-0.024427	-0.066210	0.477925	1.262758	1.416064
ENSMUSG00000010067	-0.062690	0.080376	-0.237371	-0.301930	-0.339608	-0.190513
ENSMUSG00000010095	0.057815	0.080657	-0.239900	-0.564696	-1.369683	-1.448243
ENSMUSG00000010097	0.078903	0.370172	0.049650	0.176898	-0.017570	0.243866
ENSMUSG00000010110	-0.295547	-0.001664	-0.001496	0.768430	0.590851	0.860155
ENSMUSG00000010142	-0.249460	-0.643907	0.234343	0.209200	0.247899	0.149373
ENSMUSG00000010205	-0.047628	-0.032493	0.197089	0.277407	0.284801	0.049387
ENSMUSG00000010277	-0.016096	0.054756	0.183710	0.088615	0.113316	-0.126438
ENSMUSG00000010290	0.053072	0.177175	-0.037479	0.012693	-0.095138	0.158944
ENSMUSG00000010307	-1.094989	-0.242216	-0.132320	-0.470767	-1.035667	-1.354766
ENSMUSG00000010342	0.562009	0.199086	-0.601714	-1.120354	-0.725289	-1.082262
ENSMUSG00000010358	-0.449682	-0.336796	-0.510331	-0.403947	-0.642516	-0.267990
ENSMUSG00000010362	0.022131	0.453322	0.216646	0.610323	0.754306	0.378558
ENSMUSG00000010376	-0.174569	0.031245	-0.643133	-0.171628	-0.568910	-0.632300
ENSMUSG00000010392	-0.096378	-0.232867	0.092320	0.468032	0.797839	1.059304
ENSMUSG00000010406	-0.072626	-0.557337	-0.949634	-1.624472	-1.957878	-2.274794
ENSMUSG00000010453	-0.134547	-0.144974	-0.087221	0.024757	0.216952	0.259991
ENSMUSG00000010492	-0.216514	0.152690	0.352348	1.214048	0.208104	0.545017
ENSMUSG00000010517	-0.035329	0.000378	-0.175249	-0.186504	-0.655669	-0.607131
ENSMUSG00000010538	-0.011019	-0.108849	-1.050970	-0.457199	-1.161642	-0.630114
ENSMUSG00000010554	-0.085142	0.029344	-0.288617	-1.065018	-1.666813	-1.707382
ENSMUSG00000010607	-0.323732	0.249587	0.910008	0.548734	0.897411	1.005152
ENSMUSG00000010608	-0.143292	0.209161	-0.383572	-0.022762	-0.923692	-0.823335
ENSMUSG00000010609	0.354346	0.577976	0.573898	0.834578	0.873914	1.059943
ENSMUSG00000010651	-0.078744	-0.164797	0.514306	0.373775	0.254381	0.843007
ENSMUSG00000010663	0.475867	0.123426	0.250232	-0.315337	0.150076	-0.122040
ENSMUSG00000010721	-0.469179	-0.218186	0.197681	0.451130	0.089939	-0.428621
ENSMUSG00000010755	0.260519	0.420220	0.164576	-0.689136	-1.680187	-1.583335
ENSMUSG00000010911	0.003759	-0.004052	0.136207	0.126854	-0.196436	-0.320038
ENSMUSG00000010914	-0.134781	-0.003803	0.004901	-0.209238	-0.527058	-0.643353
ENSMUSG00000010936	0.037357	0.016769	-0.042687	-0.121688	-0.185332	-0.234785
ENSMUSG00000011096	-0.010860	0.019036	0.010787	0.131363	-0.085270	-0.192583
ENSMUSG00000011114	-0.063538	-0.405752	-1.210709	-0.859895	-1.130234	-0.834201
ENSMUSG00000011148	1.623898	1.036783	0.907809	0.397207	2.215898	2.829000
ENSMUSG00000011158	0.021271	0.358566	0.150378	-0.059327	0.053130	0.525345
ENSMUSG00000011171	0.213799	-0.767815	-1.900677	-1.915416	-1.552029	-1.216699
ENSMUSG00000011179	0.252365	0.332078	-0.278659	-0.994109	-1.737074	-2.243351
ENSMUSG00000011254	-0.265706	-0.167364	-0.341109	-0.068621	-0.961574	-1.004346
ENSMUSG00000011257	-0.324390	-0.037980	-0.419481	-0.671926	-1.120420	-1.234938
ENSMUSG00000011263	0.345114	-0.620983	-1.436723	-2.480559	-3.442371	-3.419538
ENSMUSG00000011267	-0.196957	-0.520286	0.187618	1.070643	0.377917	0.064596
ENSMUSG00000011306	-0.033316	-0.080280	0.151804	0.143663	0.392830	0.578654
ENSMUSG00000011427	-0.138162	-0.582083	-0.233385	-0.425603	0.562070	0.670190
ENSMUSG00000011658	-0.256183	-0.157537	-0.180161	0.204668	0.190692	0.589763
ENSMUSG00000011751	-0.469334	-0.362720	0.802480	0.663658	-0.658775	-0.008496
ENSMUSG00000011752	0.347612	0.658477	0.881581	0.404315	-0.377726	-1.615664
ENSMUSG00000011831	1.693677	1.554995	1.564644	1.688684	1.556281	1.666832
ENSMUSG00000011832	0.089114	0.575509	0.718996	0.834474	0.528873	0.520260
ENSMUSG00000011837	-0.011290	0.102084	0.320163	0.245999	0.343951	0.196796
ENSMUSG00000011877	-0.014731	-0.190717	-0.286421	-0.369971	-0.257494	-0.318190
ENSMUSG00000011884	-0.128964	0.054823	0.440501	0.379264	0.239455	-0.045395
ENSMUSG00000011958	0.022279	0.056781	0.077855	-0.208262	-0.080371	0.113904
ENSMUSG00000011960	0.094927	0.119663	-0.404521	-0.294197	-0.652786	-0.586432
ENSMUSG00000012017	-0.516532	0.301437	-1.381539	-1.449422	-0.738019	0.087818
ENSMUSG00000012076	-0.152660	-0.009593	0.600944	0.601187	0.581574	0.546324
ENSMUSG00000012114	-0.210075	-0.192966	-0.119940	0.338079	0.353968	0.225026
ENSMUSG00000012117	-0.109304	0.122371	0.107130	-0.093963	-0.350802	-0.328305
ENSMUSG00000012123	-0.669677	-0.890578	-2.201810	-1.818574	-2.058386	-2.137029
ENSMUSG00000012126	-0.182047	0.010264	-1.173985	-1.453664	-2.365591	-2.182757
ENSMUSG00000012296	-0.319930	0.136153	-0.073569	0.521149	0.303218	0.322339
ENSMUSG00000012405	-0.146680	-0.238771	-0.184808	-0.496603	-0.386264	-0.444368
ENSMUSG00000012422	-0.139636	-0.136063	-0.595571	-0.069979	-0.564177	-1.032097
ENSMUSG00000012429	-0.204196	-0.558159	-0.621206	0.610550	-0.028853	-0.475893
ENSMUSG00000012443	0.221615	-0.085180	0.468303	0.032376	0.451510	0.330987
ENSMUSG00000012483	-0.199309	-0.285310	-0.027360	0.377110	0.015681	-0.008847
ENSMUSG00000012519	-0.184470	-0.449204	-0.540118	-0.989193	-1.644239	-1.459078
ENSMUSG00000012535	-0.157801	-0.163396	-0.545136	-0.529578	-0.903366	-1.098508
ENSMUSG00000012609	-0.308731	-0.237104	-0.242374	-0.174833	-0.489367	-0.574459
ENSMUSG00000012640	0.376243	-0.209550	-0.716653	-0.268846	-0.272516	-0.223091
ENSMUSG00000012819	1.032611	-0.760202	0.344144	1.874247	1.898372	0.923453
ENSMUSG00000012848	-0.241993	-0.033380	-0.342746	-0.150331	-0.306983	-0.237944
ENSMUSG00000013033	-0.229707	0.222126	0.141283	-0.010296	-0.667797	-1.007258
ENSMUSG00000013076	-1.171094	-0.191974	0.668115	0.476958	0.536145	0.765655
ENSMUSG00000013083	0.942317	2.639721	1.300963	3.776210	5.340326	5.840066
ENSMUSG00000013089	0.342282	-0.391852	-0.130764	-1.040962	-2.009977	-2.271170
ENSMUSG00000013150	-0.231693	-0.308648	-0.502375	-0.495602	-0.947692	-0.559213
ENSMUSG00000013155	-0.111636	0.392484	0.106485	0.378288	-0.092579	-0.676600
ENSMUSG00000013160	-0.069716	-0.023034	0.203963	0.850976	1.252084	1.225257
ENSMUSG00000013236	0.067623	0.064155	0.217577	-0.093266	0.048486	-0.080915
ENSMUSG00000013275	0.154733	0.056097	0.165319	-0.084181	0.112609	0.060147
ENSMUSG00000013419	-0.013700	0.180715	-0.186601	0.740881	-1.045239	0.033102
ENSMUSG00000013465	-0.106138	-0.017305	0.108769	-0.212841	0.087040	0.176462
ENSMUSG00000013495	-0.099565	-0.047059	-0.073104	0.723802	0.377882	0.053687
ENSMUSG00000013539	-0.071793	0.329305	0.025645	0.275223	-0.462986	-0.136565
ENSMUSG00000013562	0.032037	-0.516791	0.276229	0.300945	0.610503	1.122548
ENSMUSG00000013593	0.069412	0.202538	0.193270	0.307413	0.423344	0.680798
ENSMUSG00000013622	0.083627	0.265070	-0.391906	0.756323	0.425421	0.544815
ENSMUSG00000013629	-0.092468	-0.191759	-0.143829	-0.758706	-1.370727	-1.871697
ENSMUSG00000013646	-0.321701	-0.104794	-0.155046	-0.105839	-0.025670	0.235932
ENSMUSG00000013662	0.290950	-0.155904	-0.224692	-0.516348	-0.082663	-0.318915
ENSMUSG00000013663	0.222957	-0.180662	-0.136139	-0.388286	0.053473	-0.045622
ENSMUSG00000013701	-0.539358	-0.478689	-0.556146	-0.546001	-1.537271	-1.766694
ENSMUSG00000013707	0.450085	0.597575	0.832102	2.136581	1.965959	2.143291
ENSMUSG00000013736	-0.475559	-0.465719	-0.976338	-0.996996	-1.440279	-1.341669
ENSMUSG00000013787	-0.102061	0.225424	0.185548	0.431949	0.378999	0.330247
ENSMUSG00000013822	0.055638	0.102866	0.033742	0.077371	0.481982	0.534345
ENSMUSG00000013833	-0.014822	-0.349723	0.150728	-0.142363	-0.087430	-0.273433
ENSMUSG00000013846	0.092636	-0.608519	-0.895897	-1.717226	-1.996884	-2.308310
ENSMUSG00000013858	-0.148437	0.004924	-0.247042	0.008516	-0.322917	-0.485407
ENSMUSG00000013878	0.392482	0.054620	-0.107888	0.210922	-0.088646	0.422562
ENSMUSG00000013973	-0.031603	0.103614	-0.023454	0.224460	0.212290	0.154172
ENSMUSG00000013997	0.072089	0.208557	0.439820	0.957797	1.167375	1.180819
ENSMUSG00000014030	-0.120873	0.261734	-0.008569	1.269087	0.974660	1.137465
ENSMUSG00000014039	-0.178508	-0.132274	-0.312603	-0.480592	-0.547859	-0.336560
ENSMUSG00000014074	0.112084	-0.602201	-0.873653	-0.772741	-1.252018	-1.225238
ENSMUSG00000014075	-0.708796	-0.663805	-0.440995	-0.317164	-1.161077	0.030659
ENSMUSG00000014077	-0.002434	0.006277	0.545701	0.759357	1.094564	0.815250
ENSMUSG00000014158	-0.009923	-0.700341	-0.727004	-0.265428	-0.993278	-1.456966
ENSMUSG00000014177	-0.041181	0.261782	0.457927	-0.276476	0.206976	0.021015
ENSMUSG00000014195	0.023889	0.248371	0.111471	-0.111242	0.078653	0.132917
ENSMUSG00000014226	0.062695	0.044285	-0.364587	-1.024370	-1.798907	-1.862876
ENSMUSG00000014232	0.210067	0.113486	-0.157479	-0.142108	-0.404891	-0.530635
ENSMUSG00000014243	-0.616203	-0.487118	-0.331114	0.245036	-0.790674	-1.164025
ENSMUSG00000014245	-0.345539	-0.208860	-0.508410	-0.439664	-0.889108	-0.515476
ENSMUSG00000014294	-0.054598	-0.234103	-0.389754	0.404899	0.270125	-0.192944
ENSMUSG00000014301	-0.376338	-0.463068	-0.112645	-0.106720	-0.044475	-0.422984
ENSMUSG00000014303	0.325906	1.579061	-0.094473	-0.130119	0.117775	0.356207
ENSMUSG00000014313	-0.105844	-0.031239	-0.451737	0.176645	-0.413087	-0.478824
ENSMUSG00000014349	0.103337	0.262454	0.313612	0.216205	0.390149	0.136080
ENSMUSG00000014351	-1.365774	-1.733918	-0.641487	-0.516660	-0.305914	-0.722978
ENSMUSG00000014353	-0.128096	-0.016095	0.144461	0.581204	0.753008	1.070224
ENSMUSG00000014355	0.016669	-0.152630	-0.310801	-0.270666	-0.415421	-0.690202
ENSMUSG00000014402	-0.162797	0.045547	0.366197	0.670787	0.582050	0.468807
ENSMUSG00000014418	0.022469	0.260828	0.266919	0.337970	0.047465	0.013705
ENSMUSG00000014426	0.033785	0.176691	0.014643	0.114201	0.201269	0.427132
ENSMUSG00000014444	-0.163391	-0.303104	-0.572881	-0.739321	-1.513681	-2.176844
ENSMUSG00000014470	0.291848	0.152671	0.001456	0.173272	0.546690	0.804416
ENSMUSG00000014496	-0.173527	-1.089142	-1.337004	-1.148880	-0.329768	-0.222609
ENSMUSG00000014498	0.299306	-0.227818	0.468441	-0.081585	0.804462	0.405355
ENSMUSG00000014503	-0.163696	-0.067206	-0.659771	0.358002	1.624956	1.800458
ENSMUSG00000014504	-0.069237	-0.218565	-0.646684	-0.095798	-0.693415	-1.316479
ENSMUSG00000014547	0.915411	0.483343	1.915283	0.934720	1.869348	1.051208
ENSMUSG00000014550	-0.132767	-0.185756	0.254539	0.089584	0.250620	0.225922
ENSMUSG00000014551	-0.177929	-0.266889	-1.423126	-1.642634	-2.094036	-2.065927
ENSMUSG00000014554	0.070006	0.261524	0.192800	0.656291	0.335257	0.667027
ENSMUSG00000014592	-0.264245	-0.239651	-0.630340	-0.850449	-1.474676	-1.011279
ENSMUSG00000014599	-2.386906	-1.402077	-2.126361	-1.227768	-0.578204	-0.651504
ENSMUSG00000014601	0.070127	-0.533091	-0.454186	-0.401279	0.370736	0.463879
ENSMUSG00000014606	-0.110174	-0.217879	0.276536	0.167709	0.458611	0.550825
ENSMUSG00000014633	-0.141434	-0.047899	-0.369267	0.055439	-0.381572	-0.320095
ENSMUSG00000014668	-0.079147	-0.061919	0.102117	0.441291	0.808536	0.799748
ENSMUSG00000014686	-0.176349	-0.289618	-0.317779	1.230783	1.369137	1.574418
ENSMUSG00000014725	-0.830754	-0.014405	-0.532525	-0.217213	-1.990517	-0.124397
ENSMUSG00000014748	0.201728	-0.066552	-0.039488	0.150826	0.056075	0.047370
ENSMUSG00000014763	0.030519	0.197285	0.285876	0.805262	1.035284	1.013523
ENSMUSG00000014767	-0.317396	-0.187096	-0.156744	-0.048673	-0.185318	-0.746422
ENSMUSG00000014769	-0.027967	0.041408	-0.063605	0.084015	0.175846	0.050058
ENSMUSG00000014771	-0.285157	-0.068622	-0.468127	-0.183798	-0.614993	-0.639592
ENSMUSG00000014778	0.485401	-0.345725	-0.074754	-0.096848	0.172003	0.350969
ENSMUSG00000014786	0.484440	-0.043447	-0.492199	-0.026276	-0.080669	-1.327832
ENSMUSG00000014791	-0.260499	0.147860	-0.483280	-0.823936	-0.980135	-0.981950
ENSMUSG00000014837	-0.142062	0.333024	0.132312	0.312240	0.054349	0.162956
ENSMUSG00000014846	0.144425	1.182163	0.892257	0.270355	0.198737	1.055348
ENSMUSG00000014850	0.055888	0.301965	0.398868	0.157633	0.279594	0.482141
ENSMUSG00000014856	-0.040271	0.031459	-0.282348	-0.320700	-0.730548	-0.491051
ENSMUSG00000014859	-0.069247	-0.083258	-0.149289	-0.156141	-0.466045	-0.931648
ENSMUSG00000014867	0.185085	0.191490	0.321055	0.344924	0.177437	-0.069758
ENSMUSG00000014873	-0.381942	-0.310643	-0.936423	-0.738635	-1.322902	-1.223199
ENSMUSG00000014905	-0.114836	-0.151452	-0.398257	1.052794	0.414449	0.145275
ENSMUSG00000014907	-0.267797	-0.533380	-0.356117	-0.594411	-1.134600	-1.323619
ENSMUSG00000014956	0.140687	-0.200150	-0.084770	-0.761827	-0.341924	-0.562532
ENSMUSG00000014959	0.014792	-0.127335	-0.276440	-0.157512	-0.349817	-0.586611
ENSMUSG00000014980	-0.003704	0.162111	-0.227365	-0.232792	-1.025631	-1.131621
ENSMUSG00000015002	-0.011551	0.018309	-0.080570	0.206421	-0.133847	0.025162
ENSMUSG00000015013	0.019623	-0.022608	0.172816	0.482740	0.734428	0.853314
ENSMUSG00000015016	-0.206734	-0.137985	-0.188387	0.064402	-0.287763	-0.166216
ENSMUSG00000015023	-0.027057	0.140184	0.395328	0.104151	0.074606	0.054771
ENSMUSG00000015027	0.478221	0.660788	1.106338	1.714865	1.959352	1.590324
ENSMUSG00000015083	0.206491	0.326544	-0.529413	1.943464	1.166707	1.944535
ENSMUSG00000015087	-0.082426	0.218742	-0.135616	-0.064650	-0.506282	-0.735550
ENSMUSG00000015092	-0.041252	-0.103571	0.067510	-0.260700	-0.431210	-0.096144
ENSMUSG00000015095	0.153020	0.115194	0.329180	0.437167	0.534060	0.467062
ENSMUSG00000015112	0.094080	-0.113695	-0.105651	-0.760879	-1.399004	-1.870036
ENSMUSG00000015120	0.193369	0.203690	0.388061	-0.261343	-0.009064	0.137967
ENSMUSG00000015126	0.451321	0.207821	0.135049	0.017688	0.139251	0.233354
ENSMUSG00000015127	0.717582	0.013131	0.112412	0.263505	0.754732	0.559618
ENSMUSG00000015133	-0.008138	-0.273474	-0.125077	-0.319325	-0.513206	-0.768168
ENSMUSG00000015134	-0.489815	-0.005153	-2.361155	-1.019430	-2.625222	-1.861187
ENSMUSG00000015143	-0.375653	0.184936	-1.156482	0.276133	-0.326911	-1.081360
ENSMUSG00000015149	-0.110118	0.010784	-0.248974	-0.092516	0.444711	0.819344
ENSMUSG00000015165	-0.043999	0.035931	0.103254	-0.169786	-0.256283	-0.403643
ENSMUSG00000015176	-0.041441	-0.207610	-0.611350	-1.728587	-2.050960	-2.003288
ENSMUSG00000015189	0.018992	0.088768	-0.117527	-0.044939	0.726110	0.287886
ENSMUSG00000015202	-0.760308	-0.391672	-0.810953	-1.016118	-0.369130	0.451174
ENSMUSG00000015214	0.336202	0.212172	0.158977	0.444029	-0.050511	0.017742
ENSMUSG00000015217	0.308120	-0.101794	0.639180	-0.108422	0.011153	0.193585
ENSMUSG00000015222	0.138557	-0.176254	-0.700249	0.157325	0.853145	0.761906
ENSMUSG00000015243	5.115303	3.294869	0.368483	2.342496	4.251850	4.134269
ENSMUSG00000015247	0.019798	-0.123761	0.033220	-0.022041	-0.194531	-0.233386
ENSMUSG00000015289	0.032218	0.221697	-0.175135	0.223177	-0.458498	-0.608153
ENSMUSG00000015290	0.239738	0.427514	-0.084261	-0.598855	-0.729074	-0.713070
ENSMUSG00000015291	-0.000443	0.386097	0.547345	0.982254	1.229655	1.669655
ENSMUSG00000015305	2.901670	1.213198	2.016594	2.427748	3.344114	4.089676
ENSMUSG00000015312	4.459967	3.645632	4.256119	4.076250	5.251685	5.227442
ENSMUSG00000015316	-0.840165	-2.616157	-2.362044	-1.009618	0.200465	-1.896043
ENSMUSG00000015335	-0.228963	0.112326	0.328266	0.333550	-0.114677	-0.098765
ENSMUSG00000015337	-0.231100	-0.543272	-0.959789	-1.160422	-1.797426	-2.396160
ENSMUSG00000015341	0.005624	0.085447	-0.087581	0.225852	0.124500	-0.041523
ENSMUSG00000015355	-0.120127	-0.066882	-0.003992	0.083412	-0.198752	-0.169493
ENSMUSG00000015357	0.021607	0.387858	0.206062	0.097300	-0.019937	0.094154
ENSMUSG00000015363	-0.100765	0.283217	0.274723	0.461620	0.297483	0.114191
ENSMUSG00000015377	-0.176027	-0.052546	0.042854	0.118344	-0.093294	-0.182886
ENSMUSG00000015451	0.038314	-0.114135	-1.132394	0.347177	0.063998	0.371208
ENSMUSG00000015452	0.175191	1.173544	0.948407	1.102354	0.362419	0.527401
ENSMUSG00000015461	-0.057977	-0.204057	0.093677	-0.223793	-0.038610	-0.137314
ENSMUSG00000015468	-0.880150	-0.749857	-1.626953	-0.273391	-0.376774	0.496923
ENSMUSG00000015478	-0.151460	-0.049478	0.028932	-0.104137	0.110530	-0.227032
ENSMUSG00000015488	0.508607	0.785210	0.695756	0.892883	0.948074	0.815055
ENSMUSG00000015501	0.539256	0.548278	1.225223	1.276241	2.216089	2.337160
ENSMUSG00000015522	-0.029448	0.165898	0.279295	0.489490	0.680359	0.643720
ENSMUSG00000015536	-0.113868	0.362018	0.033316	-0.150736	-0.594719	-0.247534
ENSMUSG00000015542	-0.045684	-0.004803	-0.258887	0.032366	-0.249488	0.392134
ENSMUSG00000015568	0.168785	0.002777	-1.399705	0.030493	-0.281493	0.040660
ENSMUSG00000015575	-0.254557	-0.030223	0.199169	0.313808	-0.053153	-0.188766
ENSMUSG00000015597	0.656573	0.944027	1.104835	0.236880	0.035657	0.187731
ENSMUSG00000015605	-0.013253	-0.080353	0.204763	0.090745	0.033708	-0.369208
ENSMUSG00000015619	0.390801	0.299919	1.316444	1.623018	1.488529	1.909953
ENSMUSG00000015656	0.103415	-0.249127	-0.013402	0.248450	0.483502	-0.036854
ENSMUSG00000015659	-0.089009	-0.006977	0.494254	-0.452644	0.637025	0.551323
ENSMUSG00000015668	0.173797	0.210258	-0.058105	0.134571	-0.096038	0.104660
ENSMUSG00000015671	-0.054162	-0.159236	-0.447328	0.205045	0.232538	0.017169
ENSMUSG00000015672	-0.417573	-0.407024	-0.467105	0.289292	0.053098	-0.167911
ENSMUSG00000015697	-0.166487	0.119088	-0.293638	-0.243721	-0.548737	-0.805540
ENSMUSG00000015702	-0.202880	-0.012719	-0.479784	0.124817	-0.606676	-0.781096
ENSMUSG00000015711	-0.136179	-0.030885	0.720748	0.850099	1.500669	1.862714
ENSMUSG00000015714	0.200081	0.157162	-0.268333	-0.128991	-0.371308	-0.455758
ENSMUSG00000015733	0.150672	-0.017620	-0.386118	-0.174316	-0.083156	-0.107554
ENSMUSG00000015745	0.518062	1.114796	1.531203	2.251808	2.232372	2.801085
ENSMUSG00000015747	-0.017050	0.104480	0.099985	1.210335	0.727295	1.088364
ENSMUSG00000015748	-0.135526	0.192517	0.039716	-0.521794	-0.798639	-0.653259
ENSMUSG00000015749	0.111152	0.147635	0.291730	0.215026	0.463510	0.002826
ENSMUSG00000015750	-0.104091	0.099499	0.085001	0.358966	0.604565	0.171588
ENSMUSG00000015755	0.091734	0.208654	0.439535	0.438319	0.887609	0.857615
ENSMUSG00000015757	0.080014	0.143125	-0.243083	-0.135080	-0.493445	-0.345978
ENSMUSG00000015759	-0.139755	-0.097583	-0.252591	0.376234	-0.008326	-0.394570
ENSMUSG00000015776	0.093368	-0.283639	-0.428296	-0.600238	-0.294700	-0.225000
ENSMUSG00000015790	0.046714	0.218604	0.148538	0.586324	0.525510	0.682153
ENSMUSG00000015804	-0.018662	-0.112790	-0.292713	0.270884	-0.045440	-0.112052
ENSMUSG00000015806	-0.180359	0.025496	-0.001966	0.088571	-0.222233	-0.410147
ENSMUSG00000015812	0.023396	0.319967	0.113934	0.598945	0.939913	1.476356
ENSMUSG00000015837	0.176463	0.418544	0.707712	0.829263	1.006835	1.356183
ENSMUSG00000015839	0.040055	0.248930	0.240383	0.089423	0.796215	1.576538
ENSMUSG00000015846	0.853846	0.231804	0.004818	-1.121851	-1.030958	-1.387143
ENSMUSG00000015869	0.094113	0.060591	-0.259884	-0.043928	-0.027514	0.060166
ENSMUSG00000015880	0.094144	0.114001	0.164138	-0.167472	-0.480333	-0.694640
ENSMUSG00000015882	-0.321037	-0.404334	-0.082829	-0.310544	0.351460	0.558481
ENSMUSG00000015889	0.055692	-0.093694	0.344622	0.000574	0.356963	0.243765
ENSMUSG00000015890	-1.566815	-1.020258	-0.420952	2.173446	2.489607	2.924149
ENSMUSG00000015932	0.295774	0.265670	0.357324	0.397044	0.581796	0.635835
ENSMUSG00000015937	0.275837	0.193932	-0.178490	-0.304401	-0.285635	-0.339483
ENSMUSG00000015942	-0.279898	-0.033250	0.056045	0.477656	0.471111	0.544710
ENSMUSG00000015943	-0.426285	-0.246993	-0.382217	-0.395149	-0.780101	-0.863636
ENSMUSG00000015947	0.666865	0.211935	0.613004	0.220964	-0.360648	-1.176330
ENSMUSG00000015950	0.758055	1.194698	2.267347	1.768994	0.837177	1.109546
ENSMUSG00000015961	-0.202863	-0.357057	-0.504358	-0.276424	-0.467326	-0.462177
ENSMUSG00000015971	0.222099	0.257900	0.504275	0.030200	0.579662	0.646532
ENSMUSG00000015994	-0.042074	0.188152	0.304861	0.161478	0.097332	0.166437
ENSMUSG00000016018	0.111081	0.104177	0.060630	-0.555744	-0.622832	-0.420886
ENSMUSG00000016028	-1.332749	-1.524933	-1.611788	-2.378555	-2.552744	-2.502139
ENSMUSG00000016087	0.081761	-0.597136	-0.043428	0.054090	1.278332	1.196680
ENSMUSG00000016179	1.442547	0.108176	-0.841455	-0.913880	-0.164506	-0.058507
ENSMUSG00000016181	0.070102	-0.235413	-0.366419	-0.720724	-1.193153	-1.155364
ENSMUSG00000016206	-0.065158	0.075747	0.656759	0.945639	1.026024	0.793426
ENSMUSG00000016252	-0.112891	-0.033348	-0.020468	-0.072447	-0.457659	-0.199008
ENSMUSG00000016253	0.029634	0.021935	0.341210	0.243310	0.572214	0.445978
ENSMUSG00000016256	0.033031	0.065135	0.052910	-0.078113	-0.086291	-0.228517
ENSMUSG00000016257	-0.133672	0.062526	0.133517	-0.580498	-0.642852	-0.809434
ENSMUSG00000016308	-0.286084	-0.468558	-0.871889	-0.105069	-0.415602	-0.914775
ENSMUSG00000016319	-0.082791	0.068255	0.006807	-0.207340	-0.184388	-0.649514
ENSMUSG00000016344	0.441336	0.552368	0.546066	0.255737	-0.122174	0.402415
ENSMUSG00000016356	-0.235276	0.183018	0.587526	0.265462	0.081427	0.530746
ENSMUSG00000016409	0.084858	0.126893	-0.076193	-0.018233	-0.071035	-0.330397
ENSMUSG00000016427	0.071644	0.164707	-0.303471	0.934644	0.641870	0.104436
ENSMUSG00000016477	0.028216	-0.204212	0.144340	-0.626821	-0.332499	-0.924934
ENSMUSG00000016481	-0.093159	-0.319601	-0.483663	-0.205684	-0.496363	-0.695223
ENSMUSG00000016487	0.402157	-0.211653	0.533709	0.343026	0.490546	0.066586
ENSMUSG00000016493	-0.029257	0.078636	-0.446400	-0.765202	0.407098	0.563126
ENSMUSG00000016495	-0.106332	0.117876	0.130286	0.982705	1.136357	1.898399
ENSMUSG00000016496	-0.947002	-0.802155	1.523826	0.197854	0.184950	0.194274
ENSMUSG00000016503	0.348958	0.378482	0.076500	-0.153543	-0.405259	-0.132882
ENSMUSG00000016510	0.107568	0.373787	0.420798	0.165445	0.290008	0.969316
ENSMUSG00000016520	-0.252663	-0.834646	-0.147210	0.552456	1.151111	0.960388
ENSMUSG00000016526	0.468345	0.288024	0.682703	0.893887	0.737296	0.640996
ENSMUSG00000016528	0.387759	-0.122132	-0.287798	-0.269279	0.289811	0.233831
ENSMUSG00000016534	0.174116	-0.200255	0.262085	0.380388	0.990144	0.863804
ENSMUSG00000016541	-0.034499	-0.091475	0.061946	0.399020	0.305963	0.170796
ENSMUSG00000016552	0.029562	-0.126308	-0.383268	-0.697967	-0.803130	-1.175352
ENSMUSG00000016554	-0.005318	-0.058883	-0.139738	-0.518186	-0.406881	-0.377831
ENSMUSG00000016559	-0.053216	0.095015	0.754140	-0.012704	0.255261	0.881814
ENSMUSG00000016619	0.159086	0.136179	0.210162	-0.167257	-0.045971	-0.130932
ENSMUSG00000016624	-0.346618	-0.430710	-0.329934	0.002236	0.131006	-0.272856
ENSMUSG00000016637	-0.286218	-0.371964	-0.315963	0.288294	-0.344474	-1.124520
ENSMUSG00000016664	-0.024501	-0.004462	0.235397	-0.137736	-0.239010	-0.461166
ENSMUSG00000016756	0.149839	0.476559	0.738711	1.087682	1.298376	1.602597
ENSMUSG00000016757	-0.126175	-0.330590	-0.607826	-0.415919	-0.271931	-0.612077
ENSMUSG00000016831	-0.175170	-0.282687	-0.198314	0.204644	0.335841	0.222685
ENSMUSG00000016833	-0.281608	-0.001276	-0.473950	0.187903	-0.590598	-0.683098
ENSMUSG00000016921	0.085929	0.058188	0.216488	-0.233145	-0.115717	-0.135558
ENSMUSG00000016933	-0.357086	-0.332483	-0.802719	-0.951151	0.226077	0.759427
ENSMUSG00000016940	-0.076357	0.096508	-0.175480	0.243429	0.207584	0.759870
ENSMUSG00000016946	0.012537	0.036799	0.276323	0.322133	0.286600	-0.001044
ENSMUSG00000016984	-0.079977	-0.173185	0.128106	-0.585865	-0.736646	-0.990547
ENSMUSG00000017002	-0.958875	0.221908	0.994645	2.322469	2.473907	2.131120
ENSMUSG00000017007	1.227926	2.537936	3.437388	4.396370	3.797579	3.917735
ENSMUSG00000017009	0.199428	0.637034	1.531900	0.761973	1.209534	1.354061
ENSMUSG00000017057	-0.783600	-1.289425	-1.329848	-0.589439	-1.159331	-2.074286
ENSMUSG00000017119	-0.120055	-0.078160	0.359717	0.685747	1.077837	1.486589
ENSMUSG00000017132	-0.101786	0.242088	0.558984	0.829328	1.254841	1.570679
ENSMUSG00000017146	0.257700	-0.116819	0.109852	-0.155133	-0.296072	-0.560162
ENSMUSG00000017176	0.112549	0.280578	0.236564	0.164473	-0.165829	-0.233254
ENSMUSG00000017188	-0.087513	-0.183949	-0.402307	-0.147449	-0.224479	-0.506251
ENSMUSG00000017195	-0.266857	-1.006815	-0.262104	-0.666702	-0.261157	-0.531503
ENSMUSG00000017210	-0.069782	0.034531	0.017631	0.371213	0.645849	0.610572
ENSMUSG00000017221	-0.217048	-0.110062	-0.112399	-0.533866	-0.825941	-1.081004
ENSMUSG00000017264	0.087999	-0.004336	0.030798	-0.250312	-0.458216	-0.355684
ENSMUSG00000017286	-0.054783	0.142812	-0.057081	-0.643715	-0.505464	-0.138538
ENSMUSG00000017288	-0.117493	0.016582	-0.250934	-0.063653	-0.170444	0.273090
ENSMUSG00000017291	0.285588	0.246473	0.275464	-0.104917	0.220720	0.484748
ENSMUSG00000017299	0.075801	0.383703	0.336332	0.341233	0.321862	0.659696
ENSMUSG00000017307	-0.286061	-0.102328	-0.229758	0.572379	0.228620	0.267469
ENSMUSG00000017376	0.052498	-0.027110	0.125499	0.691204	0.272328	0.354781
ENSMUSG00000017386	0.261346	0.311525	-0.133445	-0.322982	-0.038132	-0.144991
ENSMUSG00000017390	0.005578	0.588148	-0.175642	0.284695	-0.605384	-1.105226
ENSMUSG00000017404	-0.056866	0.102566	0.123503	-0.429573	-0.223714	0.374874
ENSMUSG00000017405	0.105778	0.364516	0.212200	0.716157	0.571579	0.376252
ENSMUSG00000017418	0.314986	0.564290	-0.135482	0.115682	0.547744	0.715838
ENSMUSG00000017421	-0.198991	-0.030020	-0.222431	0.327384	-0.051305	-0.217904
ENSMUSG00000017428	-0.135067	-0.044361	-0.080297	-0.324789	-0.687449	-0.641539
ENSMUSG00000017446	-1.394625	-0.971223	-1.011785	0.139016	-1.332180	-0.760406
ENSMUSG00000017453	-0.399207	-0.160894	-0.433378	-0.346720	-0.575463	-0.598633
ENSMUSG00000017478	-0.252928	-0.187193	-0.165832	-0.294527	-0.432050	-0.449636
ENSMUSG00000017485	-0.165122	-0.140604	0.634776	0.524005	1.253856	1.678884
ENSMUSG00000017493	3.392984	2.765573	1.052577	-0.877325	-1.762015	-1.354189
ENSMUSG00000017499	-0.022086	0.206893	0.156431	-0.471427	-0.903603	-1.663267
ENSMUSG00000017548	0.095070	-0.165659	0.155119	-0.284226	0.171732	-0.026638
ENSMUSG00000017550	-0.028814	-0.097192	0.085005	-0.232685	-0.444596	-0.940839
ENSMUSG00000017561	-0.119622	0.160317	0.235360	0.304823	0.373904	0.607268
ENSMUSG00000017615	0.646937	0.564995	0.265342	0.841810	0.968536	0.540373
ENSMUSG00000017631	0.457961	-0.364167	-0.381265	-0.615349	0.083572	0.238569
ENSMUSG00000017652	0.219395	-0.199760	-0.454934	0.826334	-0.409150	0.828102
ENSMUSG00000017664	-0.314272	-0.290385	-0.514901	-0.611088	-1.391318	-1.578573
ENSMUSG00000017670	-0.042186	0.191108	0.490138	0.417836	0.409492	0.067553
ENSMUSG00000017677	0.080483	-0.032689	0.186335	0.285762	0.761260	0.548344
ENSMUSG00000017679	0.042997	0.337540	0.772519	0.433018	0.642817	0.483166
ENSMUSG00000017686	-0.069201	-0.208866	-0.573105	-0.500422	-0.549602	-0.942259
ENSMUSG00000017697	-0.630446	-0.593633	-0.354633	-0.334205	-0.664225	-0.550388
ENSMUSG00000017707	-0.241355	0.038239	0.573897	1.645361	2.247003	2.058473
ENSMUSG00000017715	-0.071903	0.131856	0.026850	-0.336499	-0.515401	-0.507113
ENSMUSG00000017716	0.035052	0.021599	-0.128129	0.011890	-0.349759	-0.691507
ENSMUSG00000017718	-0.499107	-0.081760	0.315535	0.152280	0.532855	0.724628
ENSMUSG00000017721	-0.076128	0.212333	0.329451	0.878624	0.308796	-0.242006
ENSMUSG00000017724	-0.184665	-0.050340	-0.123946	-1.853187	-4.086093	-4.259850
ENSMUSG00000017734	-0.260286	1.713073	0.315090	1.546101	0.016134	0.482183
ENSMUSG00000017737	-0.954031	-1.394448	0.011838	-1.194436	-0.494276	-1.809451
ENSMUSG00000017747	-0.002868	0.444759	0.518515	1.412581	1.265647	1.343482
ENSMUSG00000017754	0.961432	1.038663	0.347238	2.294646	1.454493	2.942178
ENSMUSG00000017756	0.062797	0.084039	-0.467663	0.097531	0.221178	0.289946
ENSMUSG00000017760	0.011108	0.057513	0.008943	0.463001	0.979735	1.118037
ENSMUSG00000017764	0.109227	-0.200389	0.060481	-0.356312	-0.286072	-0.654145
ENSMUSG00000017765	0.079778	0.184427	0.271995	-0.285703	-0.158883	0.297231
ENSMUSG00000017774	-0.064800	0.114501	0.839825	0.989111	0.819591	0.493975
ENSMUSG00000017776	0.184972	-0.210447	0.045490	-0.024726	-0.028537	-0.248784
ENSMUSG00000017778	-0.354583	0.157620	-0.389004	0.042946	-0.368546	-0.528115
ENSMUSG00000017781	0.052773	0.116264	0.169649	0.012434	-0.220833	-0.209492
ENSMUSG00000017801	-0.236105	-0.020710	-0.202377	-0.417913	0.033079	0.382244
ENSMUSG00000017802	-0.179058	-0.114208	0.342639	0.633784	1.097633	0.985565
ENSMUSG00000017830	-0.194663	-0.244071	0.033330	-0.584742	-0.343449	0.090166
ENSMUSG00000017831	-0.136945	-0.063254	0.221985	-0.015738	0.133230	0.338948
ENSMUSG00000017837	0.099066	0.266378	0.732215	0.817649	0.998008	1.224921
ENSMUSG00000017843	0.079093	-0.140882	0.327495	0.213103	0.799532	1.004666
ENSMUSG00000017858	0.065465	0.024911	-0.034922	0.553834	0.437807	0.658785
ENSMUSG00000017861	-0.089581	-0.428282	-0.655026	-0.979824	-1.377468	-1.907101
ENSMUSG00000017929	-0.065476	0.185234	0.176782	-0.295563	-0.487047	-0.434018
ENSMUSG00000017999	-0.135530	-0.187202	-0.383814	-0.789073	-1.173538	-1.215618
ENSMUSG00000018001	0.172314	0.523078	0.781777	0.726343	2.382969	2.363930
ENSMUSG00000018008	0.511685	-0.410352	0.013060	0.027950	-0.261614	-0.240013
ENSMUSG00000018012	-0.068837	-0.179349	-0.991745	-0.688166	-0.843468	-0.306623
ENSMUSG00000018040	0.075152	-0.071721	-0.355415	-0.719037	-0.755201	-0.837337
ENSMUSG00000018042	0.058822	0.284823	0.663162	0.645783	0.473569	0.067630
ENSMUSG00000018068	0.083039	-0.224840	-0.517774	-0.540700	-0.543484	-0.703166
ENSMUSG00000018076	-0.857573	-1.730384	-0.798353	-1.120611	-0.057750	-0.339252
ENSMUSG00000018102	0.314118	0.071485	-0.819505	-0.996748	0.332709	0.907724
ENSMUSG00000018126	-0.329440	-0.498515	-2.308117	-0.786303	-1.162874	-0.676861
ENSMUSG00000018143	-0.444969	-0.701140	-0.240681	0.244091	0.888806	0.932323
ENSMUSG00000018160	0.004986	-0.303908	-0.186806	-0.710662	-0.646624	-0.352986
ENSMUSG00000018166	-0.045229	0.123651	0.095855	-0.060714	0.068259	-0.154220
ENSMUSG00000018167	-0.031078	-0.593289	-0.673005	-0.161076	0.005507	0.096493
ENSMUSG00000018168	2.220002	0.493853	0.177167	1.342878	-1.425473	-1.585278
ENSMUSG00000018169	-0.043513	-0.183641	-0.442544	-0.378243	-0.637600	-0.509649
ENSMUSG00000018171	-0.499970	-0.036394	-0.292137	0.912306	0.129280	0.397554
ENSMUSG00000018189	-0.261828	-0.145260	-0.692631	-0.485540	-1.556703	-2.121382
ENSMUSG00000018196	0.277610	0.408650	0.166100	0.433914	-0.005384	0.289459
ENSMUSG00000018199	0.419620	0.173323	-0.154544	-0.234112	-0.233453	-0.157044
ENSMUSG00000018209	0.124102	0.037692	0.585270	0.589992	1.722048	1.852727
ENSMUSG00000018238	-0.299694	-1.612819	-1.156796	-0.910319	1.018192	0.343765
ENSMUSG00000018239	-0.084294	-0.318304	-0.297895	-0.966675	-0.787423	-0.544269
ENSMUSG00000018286	0.068214	0.029087	-0.108629	0.094319	-0.117226	-0.335578
ENSMUSG00000018287	0.035859	0.307150	0.075012	-0.668338	-0.788193	-0.173637
ENSMUSG00000018293	-0.149266	-0.224783	0.202842	0.200664	-0.301104	-0.647904
ENSMUSG00000018322	-0.155779	0.123388	-0.044868	0.379759	0.086919	0.131805
ENSMUSG00000018326	0.113100	0.154369	0.055073	-0.000117	0.047995	0.103018
ENSMUSG00000018334	-0.486327	-0.279918	-0.503265	-0.735762	-0.676846	-0.764839
ENSMUSG00000018340	1.315584	1.250792	0.895229	1.355504	2.094440	3.098326
ENSMUSG00000018347	-0.094590	-0.260783	0.260691	0.398485	0.182772	0.673611
ENSMUSG00000018362	-0.039220	-0.261847	0.341255	-0.206282	0.121102	-0.455185
ENSMUSG00000018363	0.377533	0.358857	0.429193	0.552975	0.410615	0.427023
ENSMUSG00000018372	-0.069828	0.510898	0.671860	0.764404	0.795002	1.260219
ENSMUSG00000018377	0.166656	-0.063946	0.242267	0.440625	1.240639	1.210453
ENSMUSG00000018378	1.505288	1.599078	0.493069	-0.880609	-0.683453	-0.151216
ENSMUSG00000018379	-0.021132	-0.009975	0.188441	-0.365559	-0.579771	-0.670863
ENSMUSG00000018381	0.377842	0.917546	1.118539	1.115487	0.904786	0.952351
ENSMUSG00000018395	0.611809	-0.443252	-0.663436	-2.112438	-2.996815	0.010876
ENSMUSG00000018398	0.745921	0.324848	-0.238683	-0.851950	-0.526945	-0.119047
ENSMUSG00000018401	-0.068338	-0.286676	-0.409892	-0.133802	0.342091	-0.028421
ENSMUSG00000018405	-0.315091	-0.337220	-0.424103	-0.943409	-1.424650	-1.587735
ENSMUSG00000018411	0.819027	1.423419	1.086053	2.231000	1.646459	1.501199
ENSMUSG00000018412	-0.211734	-0.201971	-0.039896	0.589852	0.786044	0.626805
ENSMUSG00000018415	0.098525	-0.030859	-0.012093	-0.013975	-0.317681	-0.523039
ENSMUSG00000018425	-1.082081	-0.565024	0.246052	0.465393	0.652771	0.915537
ENSMUSG00000018427	-1.040228	-0.838542	-0.264820	1.210245	2.028516	2.560835
ENSMUSG00000018428	0.012513	-0.728899	-1.189908	-1.823708	-2.627742	-2.873311
ENSMUSG00000018433	-0.109663	-0.265625	-0.575112	-1.112123	-1.302342	-1.161139
ENSMUSG00000018442	0.028210	-0.057555	-0.490165	-0.029219	-0.333373	-0.433545
ENSMUSG00000018446	-0.005473	-0.111576	-0.499734	-0.567694	-1.388683	-1.774997
ENSMUSG00000018449	-0.132036	-0.093498	0.051366	0.397924	0.550176	0.778483
ENSMUSG00000018470	-1.088526	-0.586471	-0.103455	-0.363744	0.738769	-0.355443
ENSMUSG00000018474	0.247072	0.714205	1.133827	1.238114	1.477012	1.798262
ENSMUSG00000018476	-0.081115	-0.328302	0.160168	0.622557	1.150942	1.246103
ENSMUSG00000018481	0.038238	-0.586906	-0.186966	-0.356148	0.098609	0.032665
ENSMUSG00000018501	-0.096133	-0.046265	-0.236802	-0.195699	-0.462255	-0.301404
ENSMUSG00000018507	0.019666	0.661321	1.307133	1.253709	1.365933	1.330809
ENSMUSG00000018509	0.230317	0.651777	0.199833	0.603169	0.506625	0.640476
ENSMUSG00000018537	0.186663	-0.028814	-0.218714	-0.364722	-1.194426	-1.608165
ENSMUSG00000018541	0.029651	0.335369	0.624864	0.499203	0.599465	0.858273
ENSMUSG00000018543	-0.078780	-0.246863	-1.689312	-1.373298	-1.460178	-0.625177
ENSMUSG00000018547	0.127245	-0.172288	0.001249	-0.461991	-0.439178	-0.499390
ENSMUSG00000018548	-0.035963	-0.154639	-0.174949	-0.735985	-0.760365	-1.216911
ENSMUSG00000018554	-0.729424	0.404058	0.414629	2.411094	3.846372	4.544109
ENSMUSG00000018559	0.085245	0.080590	-0.134174	0.396118	0.235835	0.093879
ENSMUSG00000018565	-0.156804	-0.079761	-0.485733	-0.639201	-0.832816	-0.866805
ENSMUSG00000018567	-0.013700	0.123303	0.313775	0.643703	0.801255	1.478028
ENSMUSG00000018570	0.172819	0.390745	0.767975	1.592384	2.018479	1.988277
ENSMUSG00000018572	0.124861	0.305013	0.221113	-0.288266	0.089131	0.339395
ENSMUSG00000018574	0.204882	0.067948	0.407948	-0.112449	0.318224	0.747779
ENSMUSG00000018581	1.303386	1.367722	1.190514	1.054270	1.889166	2.377837
ENSMUSG00000018583	0.135118	-0.275659	-0.238161	-0.925753	-1.044028	-1.333724
ENSMUSG00000018585	-0.060124	-0.012567	-0.220077	0.274765	0.121340	-0.019246
ENSMUSG00000018593	4.616953	4.790684	3.589694	0.178744	-0.196597	-0.005694
ENSMUSG00000018599	0.211088	-0.053988	0.707560	0.694888	1.178580	1.569389
ENSMUSG00000018648	0.653338	0.968097	0.716258	1.859656	0.950463	0.786819
ENSMUSG00000018651	-0.177847	0.007414	-0.465099	-0.575497	-1.189568	-1.660055
ENSMUSG00000018654	5.190809	5.385035	6.263957	6.118616	6.202841	6.095047
ENSMUSG00000018659	-0.405827	-0.549507	-0.573939	-0.402970	-0.497151	-0.748083
ENSMUSG00000018661	-0.085763	0.043797	0.434992	0.334290	0.407556	0.512907
ENSMUSG00000018666	-0.136059	-0.026218	0.161416	-0.059467	-0.173812	-0.108589
ENSMUSG00000018669	-0.286203	-0.143335	0.158899	0.115594	0.162078	0.294402
ENSMUSG00000018672	0.509759	1.612621	1.537060	1.602307	1.134438	2.648892
ENSMUSG00000018677	0.233374	0.206091	0.149086	-0.013502	-0.471282	-0.636927
ENSMUSG00000018678	-0.109637	-0.092026	0.417104	-0.119463	0.400566	0.046570
ENSMUSG00000018697	-0.190570	0.091390	-0.718861	-1.131211	-1.819650	-1.613356
ENSMUSG00000018707	0.154560	0.062046	0.338739	0.084141	0.644575	0.728236
ENSMUSG00000018733	-0.201654	-0.055168	-0.058124	-0.709735	-0.782806	-0.953077
ENSMUSG00000018736	-0.087985	-0.125620	-0.246000	-0.034603	0.000125	-0.088681
ENSMUSG00000018740	-0.271104	-0.039048	0.602246	1.309537	2.594028	2.744928
ENSMUSG00000018750	0.420661	2.409271	2.343803	2.140687	2.436028	2.524516
ENSMUSG00000018761	0.163586	0.304302	-0.021192	0.150869	0.090216	0.092874
ENSMUSG00000018765	-0.269676	0.049422	-0.183270	0.002923	-0.470045	-0.279789
ENSMUSG00000018770	0.347100	0.248010	-0.105706	0.440643	-0.473448	-1.112169
ENSMUSG00000018774	0.536952	1.113873	0.337499	0.922413	-0.084730	-0.333525
ENSMUSG00000018796	0.632281	-0.357877	-0.349218	-0.466630	-0.749495	-0.723779
ENSMUSG00000018809	0.306590	0.437820	0.878409	0.753627	0.318173	0.084884
ENSMUSG00000018819	0.249311	0.275898	-0.229293	-0.166373	0.234135	0.822696
ENSMUSG00000018820	-0.263413	-0.138569	0.041472	0.088894	0.390752	0.455695
ENSMUSG00000018821	0.232745	-0.424452	-0.348936	-0.858989	-2.070594	-1.745105
ENSMUSG00000018841	0.046970	-0.069895	0.337395	0.536287	0.483567	0.518667
ENSMUSG00000018846	0.088179	-0.284390	0.486054	-0.567440	0.525239	0.144103
ENSMUSG00000018848	-0.111524	0.066251	-0.200540	-0.480462	-1.053890	-0.960067
ENSMUSG00000018858	-0.139077	0.152550	-0.261724	-0.526386	-0.794813	-0.456619
ENSMUSG00000018861	-0.298148	-0.268094	0.038579	0.100552	0.178120	0.000116
ENSMUSG00000018882	-0.199591	0.015769	-0.405122	-0.513286	-0.771141	-0.642856
ENSMUSG00000018899	-0.588166	0.500648	0.814780	1.099823	1.638939	2.074466
ENSMUSG00000018900	-0.048095	-0.390783	-0.825592	-0.413448	0.020964	-0.102129
ENSMUSG00000018909	0.810643	0.661311	0.759675	0.130814	-0.122043	-0.480238
ENSMUSG00000018921	-0.207652	-0.170689	-0.524687	-0.224814	-0.560688	-0.901257
ENSMUSG00000018923	-0.207662	0.072259	0.262917	0.124982	-0.290070	-0.047497
ENSMUSG00000018931	0.440075	0.242841	0.998360	1.721404	3.255714	3.014203
ENSMUSG00000018932	-0.113729	-0.459399	-0.351213	-0.943704	-1.219993	-1.578276
ENSMUSG00000018965	0.138137	0.150026	-0.044880	0.213558	-0.035600	-0.246939
ENSMUSG00000018974	0.090901	0.055055	0.215373	-0.326098	-0.222379	-0.202156
ENSMUSG00000018983	0.037773	0.564462	0.807490	0.911781	0.875676	0.338837
ENSMUSG00000018986	0.022340	-0.120662	0.446614	-0.327644	-0.435017	-0.949797
ENSMUSG00000018995	-0.417263	-0.733279	-0.747212	-0.660095	-1.280254	-1.796724
ENSMUSG00000018999	0.372699	0.116705	0.151663	0.068532	0.069407	-0.173047
ENSMUSG00000019027	-0.374544	-0.408117	-0.837154	-0.067924	0.165379	0.334065
ENSMUSG00000019039	-0.142405	-0.253308	-0.157535	0.152634	0.126714	-0.067103
ENSMUSG00000019054	0.011012	0.314773	0.176094	0.661952	0.928191	1.311577
ENSMUSG00000019055	-0.235632	0.317622	-0.037385	-0.910543	-0.997312	-0.824442
ENSMUSG00000019066	0.301525	0.397319	0.703830	0.554274	0.420052	0.629632
ENSMUSG00000019080	-0.270129	-0.078427	-0.331280	-0.127613	-0.332309	-0.568557
ENSMUSG00000019082	-0.148445	-0.191669	-0.965924	-1.463832	-2.010140	-2.117337
ENSMUSG00000019087	0.005026	0.309006	0.289988	0.787183	1.159649	0.911851
ENSMUSG00000019088	-0.077215	-0.386289	-1.235096	0.157761	0.204636	0.379538
ENSMUSG00000019122	2.718654	1.897496	-0.662897	0.093000	1.944311	1.704914
ENSMUSG00000019132	0.056894	0.025292	-0.012371	0.078552	0.254006	0.158187
ENSMUSG00000019139	-0.338754	-0.289471	-0.294375	-0.343289	-0.654664	-1.135756
ENSMUSG00000019143	-0.071338	0.204677	-0.021461	0.128866	0.236174	0.186423
ENSMUSG00000019158	0.014956	-0.131185	-0.155752	0.598189	0.485824	0.174130
ENSMUSG00000019173	-0.229252	-0.175583	0.084403	0.291369	0.372042	0.331085
ENSMUSG00000019178	0.230641	0.155417	-0.517321	0.987013	1.074726	0.914284
ENSMUSG00000019179	-0.183033	-0.013403	-0.119788	0.002979	-0.445726	-0.781126
ENSMUSG00000019188	0.040923	0.077678	-0.322686	0.119473	0.298652	0.316388
ENSMUSG00000019189	-0.367973	0.586495	1.179525	0.264710	0.945486	1.062107
ENSMUSG00000019210	-0.408568	-0.173074	-0.136143	-0.012718	0.242727	0.335400
ENSMUSG00000019214	-0.233921	-0.222210	-0.156296	-0.409132	-0.539924	-1.070900
ENSMUSG00000019230	-0.494286	-1.333254	-2.044541	-1.803731	-1.620756	-2.174927
ENSMUSG00000019254	-0.109748	0.113989	-0.267887	-0.170242	-0.347883	-0.300387
ENSMUSG00000019261	-0.157277	-0.211183	-0.305861	-0.132321	-0.171396	-0.402307
ENSMUSG00000019295	0.009144	0.425670	0.337821	0.542057	0.594205	0.327592
ENSMUSG00000019297	-0.247115	-0.083228	-0.469573	-0.676367	-0.728401	-0.778424
ENSMUSG00000019301	0.199131	1.486946	-0.655927	0.777184	1.292242	1.426468
ENSMUSG00000019302	-0.242877	-0.234602	0.008091	0.305961	-0.852223	-0.600752
ENSMUSG00000019303	0.016939	0.312330	0.466678	-0.003066	-0.511681	-0.745744
ENSMUSG00000019320	0.482359	0.206305	0.151385	0.654223	0.737690	0.930733
ENSMUSG00000019326	0.210034	0.532368	0.201531	-0.293356	-1.751629	-1.085168
ENSMUSG00000019338	0.005226	-0.146311	0.596906	0.445155	0.695217	0.706972
ENSMUSG00000019362	-0.226405	0.079915	0.002503	0.011604	-0.068857	0.259378
ENSMUSG00000019370	0.110741	0.001742	0.220107	0.156588	0.326356	0.331489
ENSMUSG00000019373	0.009169	0.148440	0.126254	-0.055678	-0.487978	-0.549078
ENSMUSG00000019428	-0.146622	-0.021150	0.147541	0.198285	0.040077	0.023932
ENSMUSG00000019432	0.052167	0.148507	0.138040	0.085081	-0.270064	-0.491444
ENSMUSG00000019433	0.033299	-0.033552	-0.029683	0.260241	1.044934	1.222249
ENSMUSG00000019437	-0.090071	0.125367	-0.134262	-0.020124	-0.993451	-1.329813
ENSMUSG00000019461	0.296671	0.157667	0.008189	-0.256952	0.617330	0.701614
ENSMUSG00000019467	-0.590820	0.609530	0.704874	2.144334	1.207780	1.106802
ENSMUSG00000019470	-0.298725	-0.015955	-0.222252	-0.049036	-0.016349	-0.104822
ENSMUSG00000019471	-0.006786	0.057132	-0.050728	-0.094647	-0.208379	-0.002095
ENSMUSG00000019487	-0.433788	-0.079384	-0.848350	-0.349092	-0.387201	-0.277548
ENSMUSG00000019494	0.021375	0.441131	0.154368	0.348712	0.030350	-0.116740
ENSMUSG00000019505	0.050276	0.052569	0.500462	-0.161013	0.746268	0.656251
ENSMUSG00000019518	0.043718	0.112303	-0.283398	0.474949	0.476347	0.150386
ENSMUSG00000019528	0.055527	0.639280	0.801969	1.201426	1.405769	1.772339
ENSMUSG00000019539	-1.399389	-1.474105	-0.694488	1.276267	0.973727	0.363132
ENSMUSG00000019564	0.068261	0.086529	0.687213	0.462480	0.499680	0.146871
ENSMUSG00000019578	0.190824	0.374762	0.244191	0.164313	0.452550	0.791354
ENSMUSG00000019579	-0.175916	0.002171	-0.302815	-0.630002	-1.300801	-1.301200
ENSMUSG00000019659	0.163564	0.253759	0.173336	0.150303	0.086292	0.602448
ENSMUSG00000019689	-0.288724	0.037365	0.134363	-0.181698	-0.788294	-1.738365
ENSMUSG00000019699	0.233283	0.047765	-0.034925	0.311455	0.864017	0.555802
ENSMUSG00000019710	-0.026046	-0.227871	-1.151220	-1.581488	-1.637680	-1.124309
ENSMUSG00000019715	-0.227332	-0.105561	-0.194343	-0.270567	-0.461158	-0.652585
ENSMUSG00000019726	-0.166496	0.241728	0.917992	0.425644	1.036333	0.993795
ENSMUSG00000019731	-0.009293	0.126944	0.436406	0.049664	0.315539	-0.239721
ENSMUSG00000019732	-0.479974	-0.564667	-0.455861	-0.281645	-2.315630	-2.767503
ENSMUSG00000019734	0.020755	1.014736	0.242349	0.374271	0.006224	0.907222
ENSMUSG00000019737	0.581758	0.764634	-0.531672	-0.291793	-0.484947	1.001402
ENSMUSG00000019738	-0.074616	0.071352	-0.197969	-0.229870	-0.537474	-0.121475
ENSMUSG00000019756	0.151604	0.262646	-0.609976	0.050122	-1.511242	-0.660538
ENSMUSG00000019761	-0.027767	-0.106439	-0.402949	-0.299610	-0.244453	0.044430
ENSMUSG00000019763	-0.143604	0.136065	-0.094594	-0.078211	-0.688891	-0.639315
ENSMUSG00000019768	0.459233	0.276144	-1.665635	0.368660	0.560243	0.283660
ENSMUSG00000019769	-0.570827	-0.388779	0.455629	0.929730	1.457108	2.078635
ENSMUSG00000019773	0.114929	0.198273	0.492774	0.323185	0.238511	-0.089584
ENSMUSG00000019774	-0.255301	-0.105856	0.033536	-0.051892	-0.221012	-0.118922
ENSMUSG00000019777	0.074737	0.157419	0.230399	-0.331922	-0.800593	-0.559767
ENSMUSG00000019782	0.279886	0.167534	-0.467092	-0.566507	-1.165067	-1.322560
ENSMUSG00000019790	0.081817	-0.079385	0.068663	-0.100049	-0.588981	-0.652043
ENSMUSG00000019791	-0.338673	-0.004422	-0.650579	1.181832	0.115173	0.887152
ENSMUSG00000019792	-0.294226	-0.639534	-1.427345	-1.290121	-1.346021	-1.500854
ENSMUSG00000019794	-0.300847	0.061845	0.157509	0.513366	0.433703	0.829444
ENSMUSG00000019795	-0.064586	0.092555	-0.040954	-0.431814	-0.739521	-0.472684
ENSMUSG00000019797	0.261591	0.151578	-0.751395	-0.859437	-1.324536	-0.630660
ENSMUSG00000019802	-0.132907	0.065511	-0.192580	-0.030459	0.528868	0.946775
ENSMUSG00000019804	0.268584	0.352067	0.192427	0.537048	0.170241	-0.172350
ENSMUSG00000019808	-0.056598	-0.491007	-0.388394	-0.609610	-0.353666	-0.038196
ENSMUSG00000019809	-0.389142	-0.259426	-0.015565	-0.052976	-0.177593	-0.484743
ENSMUSG00000019810	0.100601	0.071822	0.424742	0.566186	0.763136	1.087636
ENSMUSG00000019813	0.218217	0.269650	-0.132302	-0.324483	-0.192802	-0.192584
ENSMUSG00000019814	-0.115229	-0.075205	-0.222236	-0.667085	-1.024162	-1.259589
ENSMUSG00000019818	0.029253	-0.206093	0.624300	0.327725	0.910419	0.223588
ENSMUSG00000019820	-0.074675	-0.410458	-0.829536	-0.088071	0.762559	1.266472
ENSMUSG00000019822	0.070431	-0.076391	-0.377575	-0.207969	0.264930	0.633710
ENSMUSG00000019823	-0.031768	0.003469	0.495672	0.737732	1.184535	1.518768
ENSMUSG00000019826	0.088204	0.256937	0.172686	0.264346	0.436493	1.011304
ENSMUSG00000019837	0.186986	0.194235	0.196821	-0.243834	-0.034540	-0.110812
ENSMUSG00000019841	0.107035	0.038698	-0.074206	-0.240697	-0.496447	-0.188018
ENSMUSG00000019842	0.301096	0.442877	0.878813	1.330425	1.132389	1.369262
ENSMUSG00000019843	0.240671	0.059324	-0.025472	-0.883918	-0.180814	0.312769
ENSMUSG00000019845	0.215410	0.364467	0.091293	0.096948	-0.434597	-0.893789
ENSMUSG00000019849	-0.166239	-0.192981	-0.433869	-0.564871	-0.919918	-1.305051
ENSMUSG00000019850	0.151476	-1.299431	-1.678571	-1.747138	-0.618682	0.857033
ENSMUSG00000019854	-0.090083	-0.029320	-0.273055	0.174411	-0.192276	-0.130303
ENSMUSG00000019857	-0.045330	0.352891	0.009771	-0.155470	0.005289	0.327652
ENSMUSG00000019861	-0.089122	0.748022	1.591532	1.853909	2.834637	2.815446
ENSMUSG00000019863	-0.153526	-0.220845	-0.051035	0.219230	0.249300	0.102549
ENSMUSG00000019864	-0.141001	-0.155483	0.170894	0.235602	-0.111306	-0.592195
ENSMUSG00000019866	-0.215995	-0.213251	0.664059	0.343108	1.657818	2.277939
ENSMUSG00000019868	-0.389520	0.174278	-0.192793	0.204093	-0.080087	-0.186484
ENSMUSG00000019873	0.249902	0.098758	0.635809	0.270571	0.296776	-0.047948
ENSMUSG00000019876	-0.596373	-0.861913	-1.220605	-1.189460	-1.415295	-1.299664
ENSMUSG00000019877	0.188061	0.202192	-0.012251	0.587939	0.277756	0.552202
ENSMUSG00000019878	0.199319	0.523047	0.220320	0.123707	0.258697	0.342112
ENSMUSG00000019883	0.072451	0.242917	0.232420	0.576962	0.140398	-0.151184
ENSMUSG00000019891	0.680047	1.354651	1.117494	1.133149	0.963576	0.307520
ENSMUSG00000019897	-0.039904	0.108318	0.340570	-0.219844	-0.586170	-0.019488
ENSMUSG00000019907	-0.019901	-0.026671	-0.434576	-0.100210	-0.425870	-0.178352
ENSMUSG00000019916	0.510780	0.995759	0.229199	0.244108	-0.782434	-1.284910
ENSMUSG00000019917	1.321570	0.991664	1.333290	0.212400	0.693170	1.382465
ENSMUSG00000019920	0.547661	0.310298	0.669478	0.311200	0.803022	0.810878
ENSMUSG00000019923	-0.128836	0.155632	-0.251776	-0.245093	-0.735801	-1.012681
ENSMUSG00000019927	-0.031151	-0.676697	-0.946870	-0.469501	-0.174294	-0.206785
ENSMUSG00000019935	-4.691634	-4.313172	-3.851718	-3.642353	-3.029696	-3.645347
ENSMUSG00000019942	0.120724	-0.073968	0.014957	-0.385778	-0.599775	-0.858193
ENSMUSG00000019943	-0.092221	0.195650	0.450597	0.007439	0.204445	0.271751
ENSMUSG00000019945	0.535998	0.584687	0.675466	0.268902	-0.088093	-0.636995
ENSMUSG00000019947	1.507820	0.403073	1.222950	3.507136	4.970200	4.045065
ENSMUSG00000019948	0.055051	0.028076	-0.219082	-0.393087	-0.150039	-0.246473
ENSMUSG00000019951	-0.095558	-0.146655	0.572699	0.214116	0.400282	0.287414
ENSMUSG00000019952	-0.083335	0.043388	0.209451	-0.198081	-0.344063	-0.787818
ENSMUSG00000019960	-0.499170	-1.331626	-0.527268	-1.776995	-1.098748	-1.174227
ENSMUSG00000019961	0.069656	-0.159036	0.143929	-0.250795	0.013531	-0.481614
ENSMUSG00000019969	0.049178	-0.171998	0.118254	0.163583	0.245301	-0.033329
ENSMUSG00000019970	-0.944453	-1.754223	-1.484086	-0.510152	0.905835	0.653731
ENSMUSG00000019971	-0.550531	-0.684992	-1.600921	-1.020114	-1.385335	-0.738541
ENSMUSG00000019975	0.080848	0.572864	0.284731	-0.285688	-0.632015	-0.207977
ENSMUSG00000019977	0.127865	0.284871	-0.308066	-0.191968	0.043075	0.688555
ENSMUSG00000019978	0.284411	0.187107	0.379375	0.507501	1.137812	1.005829
ENSMUSG00000019979	-0.170034	-0.746307	-0.092743	-0.024715	0.221109	-0.062782
ENSMUSG00000019982	0.001772	-0.536119	-0.378190	0.171418	1.756509	2.223832
ENSMUSG00000019984	0.048147	-0.049344	-0.261582	0.041714	0.273539	0.099411
ENSMUSG00000019986	0.122854	0.327017	0.591384	0.129298	0.139048	-0.028336
ENSMUSG00000019988	0.156116	-0.030003	0.123296	0.074457	0.395705	0.048578
ENSMUSG00000019989	-1.679848	-1.016835	-1.189336	2.043576	4.109404	3.842492
ENSMUSG00000019990	1.063780	-0.072948	1.501871	0.622088	1.172877	1.535598
ENSMUSG00000019992	-0.165066	0.288872	0.230434	-0.069421	-0.146044	-0.600951
ENSMUSG00000019996	0.113974	-0.574949	-0.361175	0.283493	0.346465	0.638303
ENSMUSG00000019998	0.092823	-0.165010	0.236705	0.318074	0.944594	1.095523
ENSMUSG00000020003	-0.498353	-0.406183	-0.114950	0.648571	0.282435	0.419815
ENSMUSG00000020009	-0.146169	0.649396	0.666575	1.254592	1.268369	1.458138
ENSMUSG00000020014	-0.472310	-0.684422	-0.633135	-0.133171	0.335172	0.760378
ENSMUSG00000020015	-0.125108	-0.127123	-0.075402	0.459894	0.973415	1.334683
ENSMUSG00000020017	-0.661027	0.371868	-0.239322	0.091880	0.053863	0.348454
ENSMUSG00000020018	-0.311256	-0.049571	-0.410469	-0.057390	-0.316119	-0.677399
ENSMUSG00000020020	0.398186	0.653890	2.440293	1.780265	2.965275	2.109337
ENSMUSG00000020021	-1.287379	-0.750320	-0.144638	0.251693	1.395358	1.844852
ENSMUSG00000020022	0.129103	0.132703	-0.237297	-0.192480	-0.819812	-1.093998
ENSMUSG00000020024	-0.130686	-0.255514	-0.392109	-0.656382	-0.917625	-0.726881
ENSMUSG00000020027	-0.995857	-1.750154	-2.139323	-1.637094	-1.400396	-1.051616
ENSMUSG00000020029	3.544099	2.354316	1.333676	0.333124	0.871058	0.797492
ENSMUSG00000020032	0.402631	0.998547	1.381897	0.762826	0.419326	0.754546
ENSMUSG00000020034	0.449220	0.591712	0.658262	3.048193	3.932821	4.113123
ENSMUSG00000020037	0.837784	1.209335	1.348026	1.321797	2.382506	1.255027
ENSMUSG00000020048	0.016482	0.218251	-0.542274	-0.488638	-0.985897	-1.183874
ENSMUSG00000020056	0.206558	0.282771	-0.131770	0.288338	-0.120387	-0.028075
ENSMUSG00000020061	1.325058	3.270395	3.332292	4.086644	5.885751	7.309064
ENSMUSG00000020063	0.268805	0.153801	0.062823	-0.181620	-0.658084	-0.215035
ENSMUSG00000020064	0.103367	-0.228370	0.090643	0.034990	0.041402	0.236057
ENSMUSG00000020067	-0.233608	-0.259552	-0.386711	-0.868547	-1.339839	-0.224506
ENSMUSG00000020068	-0.013848	-1.141256	-0.457473	-0.160877	1.028183	0.367000
ENSMUSG00000020069	-0.103226	0.088488	-0.013771	0.441345	0.391939	0.587601
ENSMUSG00000020070	0.130939	0.204164	0.224328	0.619959	0.734813	1.132075
ENSMUSG00000020072	0.069134	-0.817366	-1.905379	-2.151076	-3.566733	-3.461595
ENSMUSG00000020074	-0.059962	0.098924	-0.179957	0.281547	0.325972	0.018461
ENSMUSG00000020075	-0.023666	-0.231070	-0.060181	-0.956416	-0.866049	-0.889424
ENSMUSG00000020076	-0.099454	0.060635	-0.205077	-0.222900	-0.497251	-0.161646
ENSMUSG00000020077	-0.297139	0.202366	0.352182	0.970339	1.260360	1.573435
ENSMUSG00000020078	0.019336	0.190686	0.172454	0.104128	0.388638	0.744373
ENSMUSG00000020079	-0.137119	-0.010563	-0.547868	-0.697760	-1.105158	-1.160975
ENSMUSG00000020085	-1.127507	-0.226018	0.378689	1.248806	1.451334	1.418281
ENSMUSG00000020087	-0.168972	-0.293716	-0.443396	-0.425941	-0.571545	-1.062581
ENSMUSG00000020088	-0.160500	-0.123535	0.117132	-0.381914	-0.241022	-0.132083
ENSMUSG00000020089	0.049082	0.072070	-0.096496	-0.765738	-1.721045	-2.422320
ENSMUSG00000020091	0.095826	-0.141537	0.492159	0.501401	0.896641	0.425598
ENSMUSG00000020097	0.634131	-0.074512	-0.391699	0.118721	0.620995	0.514999
ENSMUSG00000020098	0.428483	0.422993	0.327392	-0.028705	0.081314	0.365380
ENSMUSG00000020100	0.404728	0.141961	1.313696	0.433653	1.566276	1.176849
ENSMUSG00000020101	-0.667605	-1.140734	-0.508129	-0.022924	-0.070071	-0.012836
ENSMUSG00000020107	-0.093254	-0.009276	-0.229814	-0.055097	-0.304679	0.040211
ENSMUSG00000020108	0.238482	-0.370683	0.056279	-0.080998	0.795788	0.746176
ENSMUSG00000020109	-0.029209	-0.245081	-0.384260	-0.217199	-0.248300	-0.154958
ENSMUSG00000020111	0.005915	0.092873	0.005033	0.152352	0.612589	1.111836
ENSMUSG00000020114	0.312832	-0.207906	0.043231	-0.258948	0.033447	-0.208153
ENSMUSG00000020115	-0.044880	-0.092948	0.425602	0.207165	0.622826	0.742419
ENSMUSG00000020116	-0.204204	-0.163672	-0.169784	-1.010221	-1.555226	-1.592565
ENSMUSG00000020120	1.360871	1.017465	1.518610	0.214234	-0.080712	-0.519797
ENSMUSG00000020124	0.079081	-0.306512	-0.025122	-0.674758	-0.648606	-0.505095
ENSMUSG00000020128	0.058599	0.541271	0.345088	0.747416	1.180667	1.638245
ENSMUSG00000020130	-0.014392	-0.423280	-0.023759	-0.514419	0.165632	-0.077978
ENSMUSG00000020131	-0.142351	-0.278405	-0.779486	-1.558621	-2.867389	-2.893119
ENSMUSG00000020132	0.205796	0.047779	0.183239	0.257948	0.342144	0.822085
ENSMUSG00000020133	-0.168477	-0.278733	0.180927	-0.005209	0.161632	0.226970
ENSMUSG00000020134	-0.036150	0.900395	1.332137	1.807583	2.191725	2.486098
ENSMUSG00000020137	-0.069324	0.416631	-0.257385	0.047191	0.085197	-0.341892
ENSMUSG00000020142	0.445583	0.015604	-0.228236	-1.383293	-2.817290	-2.924105
ENSMUSG00000020143	0.017398	-0.026539	0.315992	0.459961	0.359827	0.573688
ENSMUSG00000020149	0.076721	0.092181	0.183926	0.510224	0.278596	-0.136056
ENSMUSG00000020150	0.986387	1.344927	2.489406	1.427974	0.397665	0.138656
ENSMUSG00000020152	-0.038774	-0.116124	0.181485	-0.009800	0.315326	0.246171
ENSMUSG00000020153	0.041608	0.268297	0.026006	0.302606	0.029327	0.357264
ENSMUSG00000020155	-2.748259	-2.287217	-3.531150	-4.055243	-3.966932	-4.245012
ENSMUSG00000020156	-0.182145	0.015189	-0.359079	-0.445403	-0.622179	-0.570445
ENSMUSG00000020163	0.048083	0.203777	-0.023903	-0.175417	-0.632151	-1.008220
ENSMUSG00000020166	-0.220100	-0.057574	-0.149286	0.061701	-0.260634	-0.155096
ENSMUSG00000020167	-0.070664	0.004291	0.378634	0.158466	0.346791	0.250322
ENSMUSG00000020170	0.247394	-0.190945	-0.030612	-0.087150	0.605513	0.629840
ENSMUSG00000020171	0.178076	-0.280641	0.314273	0.274521	0.373878	0.448879
ENSMUSG00000020175	1.407274	1.897600	1.647422	3.197981	2.219594	2.504731
ENSMUSG00000020176	-0.283438	-0.603153	-0.883045	-0.666730	-0.685343	-1.668680
ENSMUSG00000020178	-1.419075	-2.713357	-2.670260	-0.286162	-2.732115	-2.994907
ENSMUSG00000020180	-0.159095	0.121514	0.000899	-0.288027	-0.893157	-0.955051
ENSMUSG00000020182	-0.352566	-0.426998	-1.530493	-1.409635	-2.163150	-2.568583
ENSMUSG00000020183	0.856494	0.611039	1.087476	1.835719	4.558069	5.203923
ENSMUSG00000020184	-0.055358	0.128202	0.484048	-0.121916	0.315756	0.659894
ENSMUSG00000020185	0.027285	-0.661081	0.176686	-0.131483	-0.066245	-0.821367
ENSMUSG00000020186	0.311467	0.146792	0.245833	-0.000800	0.180014	0.708137
ENSMUSG00000020189	-0.367869	-1.051047	-0.192804	-1.426311	-0.121451	0.070355
ENSMUSG00000020190	-0.184406	-0.337456	0.202187	-0.283782	0.152194	0.253440
ENSMUSG00000020191	0.088550	0.036923	-1.253587	-0.716932	-1.556076	-1.603297
ENSMUSG00000020193	-0.779159	-0.313781	0.720683	0.768113	0.416541	0.555534
ENSMUSG00000020196	-0.101497	0.025807	0.000587	-0.157406	-0.262653	-0.291736
ENSMUSG00000020198	0.229082	0.369533	0.351260	0.511656	0.927951	1.059463
ENSMUSG00000020205	0.390839	-1.198965	-0.690583	-2.557092	-3.733262	-3.602257
ENSMUSG00000020211	-0.202255	0.014357	-0.195427	0.111122	-0.532699	-0.640357
ENSMUSG00000020212	0.256186	0.656203	0.769301	0.799126	0.837665	0.671668
ENSMUSG00000020219	-0.049077	-0.207868	-0.036977	-0.445250	-0.551657	-0.494614
ENSMUSG00000020220	0.242753	-0.135756	0.168908	-0.173210	-0.035184	0.145426
ENSMUSG00000020224	-0.072998	-0.019902	-0.319844	-0.899095	-1.282103	-1.023884
ENSMUSG00000020225	-0.395290	-0.049855	-0.242728	0.736186	0.266389	0.108095
ENSMUSG00000020227	-0.117314	-0.147034	-0.108953	-0.288949	-0.099062	-0.352853
ENSMUSG00000020228	0.199097	0.366300	0.561774	0.404568	0.514010	0.032393
ENSMUSG00000020230	0.263140	0.972946	0.849743	1.075352	1.498777	1.770727
ENSMUSG00000020231	0.059071	0.490303	1.469343	0.871512	1.248606	1.629887
ENSMUSG00000020232	-0.268631	-0.396835	-0.485815	-0.282091	-0.151671	0.210990
ENSMUSG00000020234	0.123928	0.843055	0.797395	1.049610	-0.045750	0.295885
ENSMUSG00000020235	0.155757	0.118142	0.241059	0.258411	0.317564	0.139805
ENSMUSG00000020238	-0.080208	-0.166190	-0.415765	-0.594996	-1.042933	-1.328282
ENSMUSG00000020246	0.054345	0.332873	0.476840	0.479715	0.483183	0.360441
ENSMUSG00000020248	-0.003379	0.396974	0.702720	0.380229	0.291669	0.271402
ENSMUSG00000020250	-0.441857	-0.881859	-0.541321	-0.673797	-0.407668	-0.627091
ENSMUSG00000020253	0.083431	0.336358	0.231573	0.342307	0.338592	0.614830
ENSMUSG00000020255	-0.124381	-0.697583	-0.382099	-0.399496	0.083373	0.126593
ENSMUSG00000020257	0.026043	-0.322732	-0.099819	-0.019792	0.285006	-0.231987
ENSMUSG00000020258	-0.093750	-0.367716	0.815516	0.136404	0.571470	0.366481
ENSMUSG00000020260	0.007562	0.093136	0.135474	-0.146826	-0.301873	-0.326036
ENSMUSG00000020261	-0.376399	-0.123442	0.247566	0.398507	0.901274	0.972758
ENSMUSG00000020263	-0.275761	-0.434500	-0.297511	0.959865	1.466052	1.588103
ENSMUSG00000020265	-0.027162	0.177871	0.448872	0.186388	-0.002960	-0.278359
ENSMUSG00000020267	0.365964	0.136384	-0.027478	0.061841	-0.419170	-0.886508
ENSMUSG00000020268	-0.180640	-0.271986	-0.101698	-1.220686	-1.682131	-1.672499
ENSMUSG00000020271	0.107429	-0.038500	0.437268	0.207564	0.911379	0.397727
ENSMUSG00000020272	0.658773	-0.386048	0.065178	-0.258547	0.276139	0.093205
ENSMUSG00000020273	0.030077	0.511294	0.931348	0.246082	0.630352	0.709154
ENSMUSG00000020275	0.295682	0.197001	1.508742	2.565487	3.876772	3.470459
ENSMUSG00000020277	0.414896	0.857097	0.467277	0.115425	-1.296379	-2.637642
ENSMUSG00000020280	-0.024648	-0.357528	-0.787471	-0.961881	-0.524709	-0.421278
ENSMUSG00000020282	-0.303138	1.298492	-1.432920	-0.063504	0.363036	-1.169031
ENSMUSG00000020283	-0.176033	0.032004	0.215238	0.542704	0.947252	0.757249
ENSMUSG00000020284	0.026819	0.187157	0.310577	0.132761	-0.064523	0.089106
ENSMUSG00000020287	0.167227	0.092532	0.031424	0.469003	0.336102	0.454797
ENSMUSG00000020288	0.266043	0.903967	0.993206	0.325900	0.402406	0.536986
ENSMUSG00000020289	-0.173601	0.150667	-0.057492	0.181133	0.077384	-0.088781
ENSMUSG00000020290	0.106008	-0.119167	-0.345388	-0.746606	-1.029532	-1.571694
ENSMUSG00000020297	2.082775	1.655691	0.596232	1.036635	2.525762	2.115014
ENSMUSG00000020300	-0.088540	-0.198887	0.759485	0.623607	1.160955	1.015600
ENSMUSG00000020303	1.055354	1.167759	0.770123	0.640295	-0.437684	-0.776877
ENSMUSG00000020305	-0.241696	-0.081510	0.003756	0.284052	0.328644	0.018307
ENSMUSG00000020307	-0.056956	0.016467	-0.254066	-0.416230	-0.771268	-1.174333
ENSMUSG00000020308	0.129425	0.217038	0.359344	0.917718	0.989616	0.921630
ENSMUSG00000020309	-0.035747	0.382889	0.132011	-0.213172	-0.470943	0.397325
ENSMUSG00000020311	0.054011	0.346933	-0.018705	0.665897	0.150528	0.288420
ENSMUSG00000020315	0.366100	0.053945	0.222724	0.327098	0.890763	1.090571
ENSMUSG00000020319	0.147111	-0.115291	0.190512	-0.394684	0.294903	0.483373
ENSMUSG00000020321	0.055612	0.261853	0.214278	0.222735	0.292445	0.300228
ENSMUSG00000020323	0.809653	-0.717131	-1.254092	-1.196186	-3.262050	-3.910367
ENSMUSG00000020326	0.107459	0.062567	-0.049359	-0.343488	-0.459187	-0.304007
ENSMUSG00000020328	-0.313959	-0.285757	-0.317566	-0.748861	-1.614598	-1.972502
ENSMUSG00000020329	-0.198879	-0.026257	-0.222521	-0.105353	-0.212874	-0.478754
ENSMUSG00000020330	-0.026442	-0.008873	0.018060	0.052311	0.005388	-0.348666
ENSMUSG00000020340	-0.041105	0.053639	0.857516	1.091735	2.007672	2.087562
ENSMUSG00000020346	0.075363	0.556245	1.063712	1.617829	1.270316	1.072882
ENSMUSG00000020349	-0.077882	0.029630	0.088893	0.000061	-0.276681	-0.359105
ENSMUSG00000020358	0.092522	0.108577	0.043220	-0.526322	-0.915522	-0.907910
ENSMUSG00000020359	-0.455636	-0.475200	-0.810562	-1.150037	-1.247458	-0.918742
ENSMUSG00000020361	0.026338	-0.269206	-0.265719	-0.791399	-0.968776	-1.150456
ENSMUSG00000020362	-0.002259	-0.394977	-0.108248	-0.326378	0.117964	-0.126095
ENSMUSG00000020366	0.283554	0.141272	0.195832	-0.148732	-0.192195	0.186516
ENSMUSG00000020368	0.177524	0.201769	-0.169021	-0.386059	-0.585892	-1.027024
ENSMUSG00000020372	-0.157812	-0.145397	-0.077602	-0.173736	-0.188529	-0.430540
ENSMUSG00000020375	0.266842	0.397750	0.579144	1.322371	1.123889	1.248365
ENSMUSG00000020376	0.162185	0.572425	0.297745	0.613539	0.449708	0.371534
ENSMUSG00000020380	0.057305	0.126460	0.099822	-0.415416	0.308511	0.944923
ENSMUSG00000020381	-0.102105	0.187027	1.009792	1.203812	0.659542	0.257206
ENSMUSG00000020385	0.011630	0.561034	0.114401	0.309137	0.121058	0.905686
ENSMUSG00000020386	0.236363	0.318068	0.121961	-0.121917	-0.358296	-0.310375
ENSMUSG00000020387	-0.887826	-1.293362	-1.037278	-1.720961	-1.849595	-2.262838
ENSMUSG00000020389	-0.354721	-0.051366	0.454481	-0.041467	-0.286554	0.252681
ENSMUSG00000020390	-0.033885	0.130513	0.416834	0.912357	1.159641	1.239088
ENSMUSG00000020392	-0.225954	-0.101536	-0.174119	-0.272016	-0.309640	-0.366784
ENSMUSG00000020393	0.214934	0.258998	1.003203	0.241530	0.789938	1.145768
ENSMUSG00000020395	-1.081066	-0.608545	-0.384564	0.314038	0.731991	0.221502
ENSMUSG00000020396	0.193438	0.451672	0.487872	-0.596078	-1.906677	-1.712841
ENSMUSG00000020397	-0.047263	0.355121	-0.059405	-0.074012	-0.152603	0.183608
ENSMUSG00000020399	0.414568	0.648322	-0.935983	-1.137901	-0.214072	-0.244980
ENSMUSG00000020400	-0.221978	0.380882	0.893809	1.110257	0.633990	1.059460
ENSMUSG00000020402	0.222895	0.244531	0.164965	0.014426	-0.101834	-0.193729
ENSMUSG00000020409	0.007050	0.204382	0.305825	0.113534	0.128199	0.771337
ENSMUSG00000020412	-0.073760	-0.279023	-0.358178	-0.422552	-0.614607	-0.774952
ENSMUSG00000020413	0.015008	-0.803542	-0.713272	-1.495030	-1.097931	-1.769228
ENSMUSG00000020415	0.183664	0.511912	0.201107	0.257223	-0.181458	-0.019900
ENSMUSG00000020420	0.239377	-1.048009	-0.076159	-0.237045	0.187060	0.769682
ENSMUSG00000020422	-0.034870	-1.126769	-1.039876	-1.574588	-1.176240	-1.517482
ENSMUSG00000020423	1.188973	0.588707	1.758948	2.974167	3.140496	3.522170
ENSMUSG00000020424	-0.144668	0.232287	0.418271	0.582444	0.873245	1.210140
ENSMUSG00000020430	-0.013147	-0.129448	-0.103787	-0.256407	-0.637558	-0.823519
ENSMUSG00000020432	-0.060729	-0.204091	-0.185267	0.406008	1.937302	3.074104
ENSMUSG00000020437	-0.275241	-0.067780	0.259470	0.614517	0.518331	0.497851
ENSMUSG00000020439	-0.248288	-0.773568	-1.374620	-2.827263	-2.854598	-2.805141
ENSMUSG00000020440	0.058103	0.174935	0.244311	0.711266	0.783625	0.693634
ENSMUSG00000020441	0.098355	0.247162	-0.159054	0.284753	0.091766	0.356631
ENSMUSG00000020444	-0.404458	-0.284726	-0.405234	-0.893234	-1.265655	-1.379486
ENSMUSG00000020448	0.022015	0.388001	0.418771	0.948959	1.199207	1.317712
ENSMUSG00000020451	-0.387448	-0.288550	-0.068913	0.113641	0.334490	0.786693
ENSMUSG00000020453	-0.097280	-0.720028	-0.542685	-0.636008	0.039721	-0.039994
ENSMUSG00000020454	-0.170642	0.049544	-0.011947	0.294379	-0.052822	-0.258750
ENSMUSG00000020455	-0.196604	0.451698	0.456196	0.954870	1.481801	1.484035
ENSMUSG00000020456	-0.123347	0.073090	0.201137	0.111985	-0.178175	-0.374176
ENSMUSG00000020457	0.021760	-0.040304	-0.289237	-0.395519	-0.938458	-0.785207
ENSMUSG00000020458	-0.123659	0.105893	0.149872	0.502522	0.163579	0.068771
ENSMUSG00000020459	-0.109116	-0.234511	-0.924566	-0.682148	-0.763218	-0.636135
ENSMUSG00000020460	0.021977	-0.065261	0.073356	-0.553328	-0.643470	0.015580
ENSMUSG00000020461	-0.806027	-0.860119	-1.489364	0.122621	0.930548	0.743301
ENSMUSG00000020462	-0.039638	0.361577	0.413926	0.515208	0.605628	1.055965
ENSMUSG00000020463	0.045195	0.013540	0.187569	-0.144661	0.127291	0.368448
ENSMUSG00000020464	-0.282163	-0.386120	-0.257333	0.061163	-0.294898	-1.042491
ENSMUSG00000020471	-0.169696	-0.263989	-0.410738	-0.719831	-1.142416	-1.987041
ENSMUSG00000020472	0.129764	0.236416	0.470498	0.949737	1.601475	1.755816
ENSMUSG00000020474	-1.160628	-0.870018	-0.611141	0.431211	0.321552	0.235712
ENSMUSG00000020476	-0.018760	0.070635	0.292801	0.013450	-0.362542	-0.242967
ENSMUSG00000020477	0.045224	-0.447606	-0.206603	-0.616043	-0.717922	-0.795941
ENSMUSG00000020482	0.200618	-0.081739	0.068236	0.109326	0.770389	0.656798
ENSMUSG00000020483	0.636245	0.058198	0.280559	-0.293918	-0.722782	-0.706697
ENSMUSG00000020484	0.617905	0.915385	0.658116	0.896307	1.138425	1.600792
ENSMUSG00000020485	-0.259319	0.025550	-0.126713	0.431046	0.313390	0.580040
ENSMUSG00000020491	-0.082902	-0.047243	0.153469	-0.312306	0.329249	0.729006
ENSMUSG00000020492	-0.119608	-0.185950	-0.428586	-0.312887	-0.511880	-0.509579
ENSMUSG00000020493	0.282582	0.276367	0.729220	0.030300	0.124666	0.375503
ENSMUSG00000020495	-0.198634	-0.118713	-0.358127	-0.401807	0.011476	0.003747
ENSMUSG00000020496	0.181908	0.041020	0.159556	0.010021	-0.146480	-0.653890
ENSMUSG00000020513	-0.323522	-0.084688	0.457635	0.497683	0.635552	1.041204
ENSMUSG00000020514	0.180039	0.256682	-0.147298	-0.287431	-0.691819	-0.527075
ENSMUSG00000020515	-0.188188	-0.072128	-0.007918	0.287146	0.567767	0.544979
ENSMUSG00000020516	-0.014557	0.365871	-0.034250	-0.321481	-0.043653	0.033599
ENSMUSG00000020519	-0.011641	0.171387	-0.540290	-0.234420	-0.171445	0.016134
ENSMUSG00000020520	0.913445	0.888524	0.682328	1.046664	1.002982	-0.564622
ENSMUSG00000020521	0.081635	0.173993	0.043052	-0.432707	-0.470095	-0.779339
ENSMUSG00000020522	0.106072	-0.000496	0.064331	0.193099	0.685698	0.478308
ENSMUSG00000020523	0.012965	0.354310	-0.057768	0.396863	-0.180591	-0.075665
ENSMUSG00000020525	-0.113996	-0.079834	0.065062	0.425663	0.777447	0.804824
ENSMUSG00000020526	-0.260457	-0.140520	-0.640207	-0.565405	-0.714273	-0.862624
ENSMUSG00000020527	-0.181216	0.034707	-0.476928	-1.320154	-2.001985	-2.513898
ENSMUSG00000020528	0.096049	0.590498	0.607717	0.374340	0.331112	0.599581
ENSMUSG00000020530	-0.092020	0.402159	-0.120459	-0.016822	-0.547054	-0.301261
ENSMUSG00000020532	-0.050578	-0.043090	-0.232682	-0.494947	-0.953184	-1.223161
ENSMUSG00000020534	-0.450399	-0.453584	-0.993461	-1.533735	-2.243458	-2.842965
ENSMUSG00000020536	0.112347	-0.051053	0.873139	0.125179	0.969347	0.400610
ENSMUSG00000020537	0.214979	0.068757	0.059795	-0.597857	-0.511130	-0.638826
ENSMUSG00000020538	0.163725	0.529562	0.990461	0.784168	0.627815	0.373238
ENSMUSG00000020544	-0.303726	-0.519488	-0.714964	-0.325673	-1.141531	-0.803907
ENSMUSG00000020546	0.051038	0.341174	-0.228450	0.162138	0.044631	1.063271
ENSMUSG00000020547	0.021622	-0.074116	-0.272115	-0.720862	-0.972092	-1.350431
ENSMUSG00000020549	-0.138832	-0.265573	-0.649626	-0.913051	-1.539692	-1.618118
ENSMUSG00000020553	-0.370365	-0.264494	0.110180	-0.036094	-0.264550	-0.367140
ENSMUSG00000020561	0.072049	-0.025900	-0.618234	-0.688976	-1.305102	-0.886876
ENSMUSG00000020564	-0.182703	-0.497617	-0.451138	0.687721	0.786982	1.147250
ENSMUSG00000020570	0.009354	-0.058801	-0.514245	-0.854729	-0.818180	-1.122083
ENSMUSG00000020571	-0.095616	0.241992	-0.341125	-0.304663	-0.938538	-1.196346
ENSMUSG00000020572	0.495194	0.414753	0.276186	-0.520608	-1.550802	-2.114871
ENSMUSG00000020573	-0.052272	-0.667786	-0.140751	-0.528701	0.155998	-0.058054
ENSMUSG00000020576	-0.091625	-0.078967	-0.159719	-0.329762	-0.497422	-0.565248
ENSMUSG00000020577	0.091039	0.419215	0.606389	1.230200	1.621749	1.629605
ENSMUSG00000020580	0.291680	0.083608	-0.079522	0.080340	0.135720	0.410414
ENSMUSG00000020585	0.190946	0.208261	0.407024	0.302478	0.654488	0.728661
ENSMUSG00000020589	-0.599334	-0.191486	0.332793	-0.103521	0.244473	0.550347
ENSMUSG00000020590	0.273759	-0.044866	0.637663	0.997044	1.260446	1.158221
ENSMUSG00000020593	0.606206	0.208410	0.395695	0.839871	0.998075	0.944017
ENSMUSG00000020594	-0.077806	-0.361217	-0.281983	-0.231083	0.054827	-0.546757
ENSMUSG00000020604	-0.027616	-0.165144	0.566974	0.113882	-0.032443	-0.763075
ENSMUSG00000020605	-0.196598	-0.455101	0.155495	-0.116379	1.136988	1.401716
ENSMUSG00000020608	0.134181	0.084309	0.335143	-0.217448	0.053339	-0.098800
ENSMUSG00000020610	0.108692	0.528402	1.024807	0.589239	-0.232585	-0.427196
ENSMUSG00000020611	0.007676	0.010717	0.678527	-0.178906	0.354367	0.133917
ENSMUSG00000020612	0.015463	-0.081312	0.581202	0.139599	0.661602	0.551143
ENSMUSG00000020621	0.014029	0.021637	0.531757	0.489673	0.692623	0.536758
ENSMUSG00000020623	0.076244	0.504807	0.045395	0.513827	-0.146137	0.122204
ENSMUSG00000020628	0.036742	-0.059614	0.242042	-0.049162	0.336998	0.402691
ENSMUSG00000020629	0.131957	0.374066	0.329973	0.048182	0.282093	0.463534
ENSMUSG00000020630	-0.268871	-0.225658	-0.255726	-0.680242	-0.321086	-0.592878
ENSMUSG00000020634	-0.013094	0.212995	-0.176129	-0.434403	-0.770160	-0.566816
ENSMUSG00000020635	1.375134	0.582862	-1.605094	-0.447802	0.105512	-0.720190
ENSMUSG00000020640	0.210900	0.555673	0.724242	0.673751	1.024890	1.090794
ENSMUSG00000020644	1.535045	0.307569	0.074243	0.579103	1.114200	1.007352
ENSMUSG00000020647	0.121361	0.305659	0.197964	0.727579	0.540816	1.064906
ENSMUSG00000020648	0.058063	0.091211	-1.398313	-1.814694	-2.703734	-2.846799
ENSMUSG00000020649	-0.094757	-0.712721	0.023273	-0.049535	-0.086041	-1.024890
ENSMUSG00000020650	-0.081267	-0.046259	-0.572380	-1.217705	-1.426436	-1.557697
ENSMUSG00000020652	-0.082892	-0.450185	-0.526887	-0.449488	-0.284823	-0.295469
ENSMUSG00000020653	-0.042142	-0.801616	-0.162730	0.447532	0.898824	-0.286835
ENSMUSG00000020656	-1.104053	-0.130912	0.203882	-0.211909	-0.914237	-1.384919
ENSMUSG00000020657	-0.092140	-0.135289	-0.243581	-0.359554	-0.343891	-0.577246
ENSMUSG00000020658	-1.336390	-3.233354	-1.122622	-1.330790	-1.239815	-0.788400
ENSMUSG00000020659	-0.072215	-0.118106	-0.374883	0.611416	0.473931	0.502194
ENSMUSG00000020660	-0.633089	-0.073206	0.789596	2.207013	0.029041	1.210527
ENSMUSG00000020661	0.096013	-0.080614	0.210385	-0.080584	0.331392	0.445830
ENSMUSG00000020664	0.959314	0.617062	0.348425	-0.235816	-0.265053	-0.315055
ENSMUSG00000020668	0.157263	0.236302	0.927187	0.744607	1.245099	1.510050
ENSMUSG00000020669	-0.032377	0.831919	1.349960	1.108331	0.472376	0.927777
ENSMUSG00000020671	-0.127597	-0.281048	0.216863	-0.263822	-0.159736	-0.245382
ENSMUSG00000020677	0.095602	-0.091771	0.101126	-0.144438	0.149515	0.730552
ENSMUSG00000020679	0.384414	-1.294586	-1.683502	-1.305363	-1.508615	-1.485777
ENSMUSG00000020680	-0.089091	0.240727	0.119705	0.137229	-0.525782	-0.615569
ENSMUSG00000020687	0.175177	0.021946	0.642814	0.506144	1.197595	0.863796
ENSMUSG00000020689	3.443629	3.672027	6.117019	7.147374	8.356612	5.970535
ENSMUSG00000020691	-0.130521	0.006214	-0.388652	-0.796121	-1.262855	-1.221477
ENSMUSG00000020692	-0.177389	-0.207136	-0.625017	-1.039757	-1.953159	-1.893068
ENSMUSG00000020694	-0.020430	0.262096	0.198606	0.174925	-0.279292	0.045565
ENSMUSG00000020697	0.046025	-0.238936	-0.276631	-0.758810	-0.857808	-0.744996
ENSMUSG00000020698	-0.160196	-1.196896	0.464927	1.558742	0.867468	0.881035
ENSMUSG00000020700	0.068516	0.117637	0.432481	0.684274	0.933405	0.684087
ENSMUSG00000020705	0.033379	-0.004619	-0.035876	0.038694	0.151086	0.258182
ENSMUSG00000020706	-0.122522	-0.165457	-0.484154	-1.183552	-1.570253	-1.420596
ENSMUSG00000020707	-0.100858	-0.186734	0.154967	0.629796	1.345686	1.048046
ENSMUSG00000020708	0.137542	0.119016	0.004904	-0.091267	-0.392520	-0.195823
ENSMUSG00000020712	-1.784869	-1.356485	-2.079990	-3.170388	-3.901763	-4.267025
ENSMUSG00000020713	-0.371318	-0.789541	0.941462	0.499367	2.924112	3.070039
ENSMUSG00000020715	0.316435	0.137830	0.663660	0.944695	1.916076	1.526366
ENSMUSG00000020716	0.328384	-0.021576	-0.454051	-0.388930	-0.643812	-0.170643
ENSMUSG00000020717	0.190083	-0.838060	-0.530381	0.097807	1.322994	1.290146
ENSMUSG00000020718	-0.058965	-0.354472	-0.028144	-0.316752	-1.206412	-1.116882
ENSMUSG00000020719	0.023307	-0.374924	0.092294	0.517401	0.894024	0.143008
ENSMUSG00000020720	0.016815	0.093243	0.018371	-0.627602	-0.936934	-0.608402
ENSMUSG00000020721	-0.269373	0.097584	0.098149	0.571140	0.262879	0.282559
ENSMUSG00000020732	-0.746024	0.565137	1.717602	0.378667	1.418611	1.244193
ENSMUSG00000020733	-0.093930	0.089583	0.591612	0.675056	0.791709	1.004891
ENSMUSG00000020736	-0.277783	0.018303	0.128812	0.130717	-0.017018	0.425968
ENSMUSG00000020737	-0.065656	-0.041923	-0.233856	0.085078	0.038055	-0.246119
ENSMUSG00000020738	-0.082411	0.141592	0.079945	0.059646	-0.286741	-0.179616
ENSMUSG00000020739	-0.122484	-0.210661	-0.252836	-0.697847	-0.942574	-1.771465
ENSMUSG00000020740	-0.034854	-0.015708	-0.282091	-0.274470	-0.098476	-0.155154
ENSMUSG00000020741	0.102906	-0.156733	-0.699877	-1.482284	-2.228930	-2.547805
ENSMUSG00000020743	-0.198435	0.329397	0.308825	0.242757	-0.245884	-0.448777
ENSMUSG00000020744	-0.295475	-0.059236	-0.540742	-0.135152	-0.268769	-0.464600
ENSMUSG00000020745	-0.082577	-0.069446	-0.172844	-0.258976	-0.238618	-0.198274
ENSMUSG00000020747	0.137418	0.302905	0.201173	0.573484	0.936959	0.885912
ENSMUSG00000020752	-0.061862	-0.027926	0.210888	-0.022498	0.172726	0.423849
ENSMUSG00000020755	0.021698	0.069256	-0.172120	0.079686	0.006708	0.126308
ENSMUSG00000020758	-0.186313	-0.209362	-0.817770	-0.277488	-0.712752	-0.808075
ENSMUSG00000020766	0.058343	0.050755	0.336751	0.357065	-0.251744	-1.369599
ENSMUSG00000020770	0.158360	-0.081951	0.015481	-0.006801	0.364508	0.022707
ENSMUSG00000020774	-2.489812	-2.226869	-1.936134	-1.110443	-0.639484	-0.638208
ENSMUSG00000020775	-0.043654	0.131019	-0.374756	-0.278627	-0.903124	-1.154960
ENSMUSG00000020776	0.189414	0.209271	-0.249208	-0.213459	-0.130137	0.289174
ENSMUSG00000020777	0.187306	-0.241869	0.023266	-0.075876	0.474380	0.661583
ENSMUSG00000020778	-0.127333	0.180027	0.440725	0.359154	0.478393	0.959492
ENSMUSG00000020780	0.102690	-0.024894	-0.415470	-0.719852	-0.647439	-0.624723
ENSMUSG00000020781	-0.228898	-0.380462	-1.058029	-0.992519	-1.331407	-1.360272
ENSMUSG00000020782	1.519131	3.201582	2.695861	4.528682	1.936432	2.842624
ENSMUSG00000020783	-0.012431	-0.071326	0.191456	-0.092444	0.067178	0.160020
ENSMUSG00000020785	-0.520582	-1.240343	-1.303657	-1.302926	-1.529238	-1.626715
ENSMUSG00000020788	0.463956	0.214405	0.399273	0.596050	0.538780	0.332004
ENSMUSG00000020790	0.125294	-0.243804	-0.214802	-0.023467	0.078902	-0.016213
ENSMUSG00000020792	0.029179	0.048343	0.434651	-0.168540	0.719518	0.937639
ENSMUSG00000020794	0.004425	-0.032244	-0.205793	-0.189207	-0.314529	-0.486769
ENSMUSG00000020798	3.797972	4.044165	3.192582	4.537103	3.368202	3.827425
ENSMUSG00000020801	-0.413449	-0.135497	-0.528214	-0.019262	-0.300967	-0.129251
ENSMUSG00000020802	0.250713	0.138108	0.333902	-0.266578	-0.223317	-0.345333
ENSMUSG00000020803	-0.117505	0.184487	-0.228632	-0.278082	-0.824593	-0.619445
ENSMUSG00000020806	0.367836	0.554115	0.570559	0.589667	0.689221	0.639479
ENSMUSG00000020807	0.085292	0.216053	0.079124	-0.125414	-0.006747	0.047949
ENSMUSG00000020808	0.131149	-0.299760	-0.283486	-0.258734	-0.228856	-0.518255
ENSMUSG00000020812	-0.303246	-0.756884	-1.367741	-2.007839	-2.359435	-2.267973
ENSMUSG00000020817	-0.248591	-0.138223	-0.839327	-1.261775	-1.129855	-1.018123
ENSMUSG00000020818	0.373477	0.068609	-0.995200	0.043744	-0.678085	-0.335143
ENSMUSG00000020821	-0.516834	-0.393223	-0.272356	-0.854955	-0.949882	-0.766850
ENSMUSG00000020823	0.038979	0.322034	0.547537	0.698457	0.953146	0.927030
ENSMUSG00000020827	-0.270492	-0.470865	-0.820864	-0.666561	-1.399394	-1.306692
ENSMUSG00000020829	0.845884	1.312516	2.208028	1.224766	2.343910	1.987769
ENSMUSG00000020831	-0.495179	-0.424274	-0.263134	-0.319876	-0.165509	-0.206026
ENSMUSG00000020832	-0.203354	0.030787	-0.048958	0.235332	-0.105344	-0.401462
ENSMUSG00000020834	0.155960	-0.254297	-1.430717	-1.432665	-3.114765	-2.325369
ENSMUSG00000020836	-0.530668	0.432211	0.018051	-0.391123	-0.079499	-0.845230
ENSMUSG00000020840	0.203819	0.075946	0.507580	-0.065547	0.118142	0.423429
ENSMUSG00000020841	0.729794	-0.036190	0.286231	-0.151574	0.619778	0.059477
ENSMUSG00000020843	-0.099905	0.098555	-0.065653	-0.353042	-0.846545	-0.592367
ENSMUSG00000020844	-0.015996	0.022654	-0.545135	-0.605073	-1.362911	-1.435891
ENSMUSG00000020849	0.132251	0.162699	0.060441	-0.022370	-0.216765	-0.219657
ENSMUSG00000020850	0.261093	-0.020815	0.085965	-0.145763	0.036105	-0.077908
ENSMUSG00000020857	-0.364371	-0.240851	-0.003496	-0.092846	-0.704957	-1.154495
ENSMUSG00000020859	0.009579	0.066093	0.262818	-0.271903	-0.000656	0.250915
ENSMUSG00000020863	0.029814	0.285369	-0.094940	-0.165640	-0.834849	-0.284231
ENSMUSG00000020864	0.326599	0.528019	0.457089	0.694306	0.391417	0.461194
ENSMUSG00000020868	0.194279	0.825091	0.647988	0.107249	-0.006813	0.224185
ENSMUSG00000020869	0.153496	0.169355	0.139149	-0.129344	-0.384823	-0.579659
ENSMUSG00000020872	-0.094028	-0.090606	-2.165972	-4.455591	-5.618497	-5.938894
ENSMUSG00000020873	-0.024004	0.158160	-0.385166	0.047584	-0.349543	-0.619419
ENSMUSG00000020876	0.154302	-0.088988	-0.193937	-0.753885	-0.207165	0.005403
ENSMUSG00000020877	-0.327603	0.003073	-0.406055	-0.097030	-1.098960	-1.128880
ENSMUSG00000020878	0.498302	0.067400	-0.563750	1.622190	2.512455	1.567543
ENSMUSG00000020882	-1.289529	-1.339182	-0.288152	-0.260064	1.259005	1.638601
ENSMUSG00000020883	-0.063520	-0.032404	0.081349	1.123570	1.476569	1.333853
ENSMUSG00000020886	0.450166	0.213338	-0.320212	-0.879178	-1.128819	-1.132375
ENSMUSG00000020888	0.071744	0.355365	0.258327	0.430871	0.907711	0.659560
ENSMUSG00000020889	-0.307747	-4.471622	-5.093764	-4.359324	-4.559618	-5.039586
ENSMUSG00000020891	0.499894	-1.561100	-1.580686	-0.889807	-1.718694	-0.857502
ENSMUSG00000020893	0.269496	-0.282359	0.275446	0.051896	0.172364	0.198086
ENSMUSG00000020894	0.171777	0.192856	0.455445	0.858849	0.887074	1.111716
ENSMUSG00000020895	0.177465	0.362722	0.106650	-0.266274	-0.958673	-1.486985
ENSMUSG00000020897	0.004097	0.231843	0.575721	0.410850	0.363820	-0.275621
ENSMUSG00000020898	-0.089603	0.214776	0.033031	0.515257	0.317920	-0.206954
ENSMUSG00000020899	-0.186767	-0.396711	-0.527569	-1.355433	-1.574634	-1.852645
ENSMUSG00000020901	1.280810	1.489115	1.537318	1.491781	2.258914	2.046213
ENSMUSG00000020903	-0.327808	-0.112942	-0.164445	-0.347569	-0.431883	0.294010
ENSMUSG00000020905	0.611311	-0.480544	-1.568594	-0.834881	-1.290939	-1.042534
ENSMUSG00000020910	-0.380152	-0.303744	-0.104302	0.173304	0.467002	0.286541
ENSMUSG00000020914	0.375135	0.097708	0.519853	-0.018085	0.193321	0.141047
ENSMUSG00000020917	0.087485	-0.026197	0.535802	-0.149078	0.390536	0.476327
ENSMUSG00000020918	-0.006173	-0.172906	-0.634685	-0.991864	-1.603954	-1.959406
ENSMUSG00000020919	-0.494519	-0.177592	0.664259	0.438788	0.890651	0.810183
ENSMUSG00000020921	-0.397354	-0.770955	-0.701460	-1.445042	-1.490855	-1.667898
ENSMUSG00000020922	-0.100318	-0.010714	-0.266027	0.029068	-0.510557	-0.575574
ENSMUSG00000020923	-0.099940	-0.224458	0.080698	-0.796256	-0.725559	-0.402773
ENSMUSG00000020925	-0.183885	-0.133770	0.162717	-0.216122	-0.364237	-0.239118
ENSMUSG00000020929	-0.208470	-0.115206	-0.201204	-0.254915	-0.693526	-1.132007
ENSMUSG00000020935	0.133302	0.527430	0.183084	0.481286	-0.052619	-0.414519
ENSMUSG00000020936	-0.016227	0.364623	0.155763	0.113103	-0.369422	0.127474
ENSMUSG00000020941	0.036512	0.671553	-0.042497	0.416741	0.641734	1.120605
ENSMUSG00000020946	-0.016910	-0.099566	0.155435	0.276258	0.457577	0.408931
ENSMUSG00000020948	0.109095	0.070822	0.394772	-0.679489	0.963033	0.842545
ENSMUSG00000020949	0.228594	0.122134	-0.246634	-0.191396	-0.610470	-0.624141
ENSMUSG00000020952	-0.070213	0.109608	0.210848	-0.230295	-0.085090	0.156015
ENSMUSG00000020954	-0.016175	0.039318	-0.035161	0.083124	0.121913	0.163561
ENSMUSG00000020955	-0.141598	-0.318050	-0.456317	-0.500313	-1.218260	-0.953656
ENSMUSG00000020956	-0.239311	-0.004001	0.005874	0.071244	-0.677650	-0.492945
ENSMUSG00000020962	-0.119671	0.021350	-0.098347	0.749916	0.286802	0.097455
ENSMUSG00000020964	-0.116550	-0.005578	-0.007637	0.095725	0.144540	0.189294
ENSMUSG00000020973	-0.106893	0.242384	0.140161	-0.382796	-0.847612	-0.601104
ENSMUSG00000020974	-0.186969	-0.515416	-0.632660	-0.711527	-0.827881	-1.572165
ENSMUSG00000020978	-0.230146	0.115143	0.196500	0.523999	0.636997	0.798678
ENSMUSG00000020982	0.066876	0.456421	-0.142707	-0.437928	-0.794683	-0.108248
ENSMUSG00000020986	-0.012307	-0.346706	0.796625	0.484509	1.014018	0.730118
ENSMUSG00000020988	-0.078219	-0.028260	-0.056482	-0.774415	-1.016753	-1.552803
ENSMUSG00000020993	-0.154467	-0.046455	-0.042912	0.250243	0.104916	0.091783
ENSMUSG00000020994	-0.201218	-0.017755	0.285489	-0.076793	-0.248335	0.035180
ENSMUSG00000021000	-0.091341	0.174020	-0.341119	-0.247206	-1.342827	-1.570794
ENSMUSG00000021007	0.146044	0.617118	0.209793	-0.673964	-0.622172	-0.120110
ENSMUSG00000021009	-0.930427	-0.383255	0.185545	0.900046	0.149225	0.383945
ENSMUSG00000021012	0.074989	0.210775	0.140727	0.176416	-0.079528	0.060107
ENSMUSG00000021018	-0.294394	-0.383472	-0.867145	-0.968758	-1.520780	-2.197653
ENSMUSG00000021020	-0.135167	0.275925	0.090300	-0.617707	-0.392208	0.063380
ENSMUSG00000021022	-0.192885	0.180632	0.143038	0.178349	0.414659	0.776482
ENSMUSG00000021023	0.011797	0.147461	-0.360653	-0.434651	-0.444815	-0.281067
ENSMUSG00000021024	-0.391578	-0.161566	-0.174268	-0.211937	-0.533134	-0.667641
ENSMUSG00000021025	-0.824074	-0.270075	-0.775425	-0.069004	0.419601	1.398586
ENSMUSG00000021027	-0.053399	0.179933	-0.196692	0.203163	-0.136430	-0.242461
ENSMUSG00000021028	-0.201042	0.000888	0.481449	0.398753	0.351667	0.277824
ENSMUSG00000021032	0.028547	0.481267	-0.280369	-0.671917	-0.146184	0.551138
ENSMUSG00000021033	0.009818	0.176392	0.076378	0.189663	0.094574	0.231583
ENSMUSG00000021036	-0.027457	-0.132969	-0.236011	-0.182214	-0.306311	0.179265
ENSMUSG00000021037	0.099261	0.006125	-0.295669	-0.422996	-0.452801	-0.790577
ENSMUSG00000021038	-0.017053	0.234793	0.392124	0.655639	0.748644	1.070429
ENSMUSG00000021039	0.109998	-0.005577	-0.352950	-0.386034	-0.284247	0.048171
ENSMUSG00000021040	0.262896	0.324970	-0.495531	-0.416332	-1.204581	-0.855021
ENSMUSG00000021041	-0.414569	-0.268387	-0.984077	-0.675641	-1.871906	-2.318431
ENSMUSG00000021044	-0.267569	-0.030453	-0.233321	-0.261378	-0.352035	-0.364239
ENSMUSG00000021048	0.002669	-0.064394	-0.004915	-0.691429	-1.451328	-2.109654
ENSMUSG00000021051	0.106515	0.060960	0.440844	0.099458	0.364608	0.078233
ENSMUSG00000021054	1.460366	1.448730	1.531012	1.512977	1.527159	0.892354
ENSMUSG00000021057	-0.377901	-0.829344	-0.992115	-1.209806	-2.115211	-1.339107
ENSMUSG00000021065	-0.247368	-0.109064	-0.271610	0.107331	0.524716	0.483179
ENSMUSG00000021067	-0.039569	-0.286614	-0.657373	-1.045768	-0.718034	-0.740249
ENSMUSG00000021068	-0.021144	0.028009	0.242597	-0.748116	-0.342248	0.223708
ENSMUSG00000021071	-0.167211	-0.691069	-0.685375	-0.162672	0.142018	0.309562
ENSMUSG00000021072	-0.062978	-0.061069	0.007652	-0.009743	-0.385442	-0.690780
ENSMUSG00000021076	0.106691	0.320605	-0.227448	-0.253330	-0.299492	0.061737
ENSMUSG00000021079	-0.085983	-0.329206	-1.120154	-1.497497	-2.400225	-2.664661
ENSMUSG00000021094	0.127229	0.160945	0.714184	0.943733	1.130113	0.720025
ENSMUSG00000021096	-0.057624	0.012793	0.274480	-0.046029	0.053286	0.451823
ENSMUSG00000021102	-0.017193	-0.096590	-0.598963	-0.137366	-0.514635	-1.126035
ENSMUSG00000021103	-0.155606	0.074721	0.545634	0.116996	0.021722	0.635997
ENSMUSG00000021108	-1.491061	-2.338574	-3.806721	-3.656403	-3.127555	-2.385533
ENSMUSG00000021109	0.282621	0.246103	1.029060	0.226967	0.760881	0.539421
ENSMUSG00000021111	-0.119074	-0.142280	-0.107355	-0.237806	-0.424313	-0.708075
ENSMUSG00000021112	-0.066813	0.181454	0.116117	0.437946	0.402411	0.756251
ENSMUSG00000021113	-0.058897	-0.161938	0.116659	0.226629	0.138501	-0.034556
ENSMUSG00000021114	-0.106329	-0.069081	0.552084	0.337144	0.867387	1.437894
ENSMUSG00000021115	-0.142429	-0.335885	-0.084702	-0.969084	-0.405290	0.277154
ENSMUSG00000021116	-0.153956	-0.323784	-0.358428	-0.531996	-1.183991	-1.692884
ENSMUSG00000021120	0.127557	0.326105	0.625588	0.614999	0.186166	0.409311
ENSMUSG00000021123	0.428457	0.703744	0.972055	2.536976	2.234924	2.265177
ENSMUSG00000021124	-0.107789	0.090620	-0.007125	0.004636	-0.836874	-0.694152
ENSMUSG00000021127	1.404862	0.085077	1.135529	1.064937	2.172911	2.264360
ENSMUSG00000021131	-0.363544	-0.097069	-0.614931	0.011927	-0.185775	-1.159438
ENSMUSG00000021133	-0.094264	0.102785	0.501233	0.698031	1.220890	1.605107
ENSMUSG00000021134	-0.076502	0.132348	0.104286	-0.141081	-0.161411	-0.053861
ENSMUSG00000021136	-0.531026	-0.196448	-0.509941	-0.467575	-0.685097	-0.520957
ENSMUSG00000021139	-1.198903	-0.091167	-0.773711	-0.910038	-1.830564	-0.530573
ENSMUSG00000021140	0.017588	0.378495	0.323328	0.771551	0.901447	1.378480
ENSMUSG00000021143	0.413228	0.325876	0.557206	0.143094	0.046687	-0.351926
ENSMUSG00000021144	0.316940	0.548017	0.362261	0.432150	0.250415	0.071376
ENSMUSG00000021147	-0.032027	0.052117	-0.094132	0.348079	0.442516	0.453467
ENSMUSG00000021149	-0.181820	-0.205071	-0.766430	-1.025400	-1.414844	-1.301572
ENSMUSG00000021156	0.004637	0.275808	0.058607	0.185765	-0.034481	0.483522
ENSMUSG00000021171	0.152658	-0.094204	0.334813	0.199329	0.712102	0.586379
ENSMUSG00000021175	0.189791	0.004820	-0.179904	-0.388928	-0.783649	-0.778280
ENSMUSG00000021176	0.001979	0.240416	0.601339	0.133706	0.193667	0.053689
ENSMUSG00000021177	0.030339	0.028296	-0.196171	-0.621046	-0.685248	-0.923156
ENSMUSG00000021178	0.113685	-0.005571	0.134546	-0.609414	-0.196663	-0.152388
ENSMUSG00000021179	-0.001470	-0.262547	-0.144406	0.018712	0.203506	0.416762
ENSMUSG00000021180	0.036589	-0.089767	0.482584	0.480128	1.129768	1.501160
ENSMUSG00000021182	-0.162307	0.184515	0.421730	-0.393358	-0.552975	-0.170898
ENSMUSG00000021185	0.480740	0.559345	-0.015900	0.114771	-0.044694	-0.823128
ENSMUSG00000021187	-0.790659	-1.133221	-2.596996	-0.963417	-2.212499	-1.436224
ENSMUSG00000021188	-0.022035	0.228356	0.322474	-0.271139	0.024227	0.142446
ENSMUSG00000021189	0.062304	-0.369935	-0.521307	-0.531182	0.214745	0.343884
ENSMUSG00000021190	0.334059	0.359017	-0.156935	0.518272	0.818760	0.382418
ENSMUSG00000021192	-0.033809	0.063566	0.556914	0.395094	0.680312	1.147180
ENSMUSG00000021193	-0.073256	-0.318491	-0.250100	-0.692999	-0.697795	-0.954167
ENSMUSG00000021196	0.181261	0.606128	0.591390	-0.064449	-1.913590	-2.773487
ENSMUSG00000021200	0.624049	-0.569173	0.717888	4.307093	4.996401	5.606863
ENSMUSG00000021203	-0.686628	0.756074	1.447840	3.482158	4.599498	4.395973
ENSMUSG00000021211	-0.306162	-0.079432	0.006394	1.067425	1.125548	0.979580
ENSMUSG00000021213	-0.193999	0.237569	0.140539	0.667361	0.676893	0.746251
ENSMUSG00000021215	-0.165286	-0.057763	0.307274	-0.170859	0.231298	-0.096321
ENSMUSG00000021218	0.117773	0.227670	0.318784	0.573541	0.477194	0.399855
ENSMUSG00000021221	-0.820599	0.029748	-0.508872	-0.449598	-0.931009	-1.435122
ENSMUSG00000021222	-0.173078	0.084898	-0.092844	0.159622	0.185172	0.221236
ENSMUSG00000021224	-0.055043	0.117304	-0.109424	0.342147	0.497349	0.230428
ENSMUSG00000021226	-0.128929	-0.316566	0.362880	-0.125745	0.563085	0.668596
ENSMUSG00000021234	-0.400500	-0.067182	0.495359	0.053725	-0.731039	-0.219933
ENSMUSG00000021235	-0.327627	-0.103574	-0.231479	-0.335633	-0.831890	-1.501454
ENSMUSG00000021236	-0.634289	-0.231283	0.225141	0.954642	1.630040	1.859086
ENSMUSG00000021238	-0.043070	-0.247039	0.076046	0.276755	0.821268	1.299858
ENSMUSG00000021240	-0.249289	0.070471	-0.133559	0.264068	0.513305	0.558799
ENSMUSG00000021241	-0.007030	0.070792	0.109372	0.534553	0.600096	0.462250
ENSMUSG00000021242	-0.331980	-0.164422	-0.320281	0.196507	0.780847	1.079904
ENSMUSG00000021243	-0.006888	0.171848	-0.440244	-0.756328	-0.972396	-0.688655
ENSMUSG00000021244	-0.011718	-0.099510	-0.161045	-0.182123	-0.803049	-0.621755
ENSMUSG00000021245	0.156016	-0.033396	-0.536606	-0.090785	0.212415	0.793272
ENSMUSG00000021248	0.053310	0.026490	0.160904	-0.028513	-0.045379	-0.444086
ENSMUSG00000021250	0.185844	-0.362696	0.629356	1.159793	0.376819	-0.240473
ENSMUSG00000021252	-0.133475	0.270224	0.106404	-0.088258	-0.049091	-0.400326
ENSMUSG00000021253	0.948074	0.566330	-0.693219	-1.380889	-0.957234	-0.803337
ENSMUSG00000021254	-0.118429	-0.355293	0.691515	0.553200	1.022602	0.935029
ENSMUSG00000021257	-0.522091	0.544518	0.951334	0.932555	1.568013	1.433525
ENSMUSG00000021258	-0.206155	-0.052239	0.053300	0.250101	0.255901	0.334405
ENSMUSG00000021262	-0.057710	0.406907	0.638537	0.940767	1.229059	1.590007
ENSMUSG00000021264	0.203108	0.080802	0.386258	-0.210293	0.232942	0.321812
ENSMUSG00000021265	-0.226543	-1.019498	-0.728297	-0.171440	0.820171	0.469657
ENSMUSG00000021266	0.054878	0.081882	-0.123788	-0.304652	-0.822656	-0.887828
ENSMUSG00000021270	0.388805	0.625536	0.398510	-0.563286	-1.038296	-1.138598
ENSMUSG00000021271	0.147667	0.081514	-0.132669	0.534906	0.644916	1.321251
ENSMUSG00000021273	0.379673	0.768218	0.845907	0.800011	1.353425	1.573765
ENSMUSG00000021275	-0.007253	-0.121129	-0.239584	-0.263131	-0.725884	-1.110295
ENSMUSG00000021276	-0.050601	-0.054909	-0.318019	-0.699575	-1.124526	-1.386233
ENSMUSG00000021277	-0.323161	-0.268446	-0.347407	-0.742003	-1.486096	-1.897701
ENSMUSG00000021278	-1.398471	-0.502758	-0.979718	-1.267908	-2.206775	-2.206622
ENSMUSG00000021282	0.176298	0.196104	0.141599	-0.650214	-0.761208	-0.614212
ENSMUSG00000021285	1.785672	2.608347	2.605438	2.028790	2.611500	1.531126
ENSMUSG00000021286	-0.159125	0.164358	-0.265017	-0.366061	0.002248	-0.624636
ENSMUSG00000021287	-0.208558	0.017177	-0.107428	-0.343920	-0.442853	-1.210535
ENSMUSG00000021288	-0.161745	-0.222626	-0.219698	-0.527673	0.012530	0.371780
ENSMUSG00000021290	-0.111040	0.258780	0.134563	-0.026893	0.033164	0.299828
ENSMUSG00000021298	-0.703451	0.096217	-0.346916	-0.519193	-0.941446	-1.154760
ENSMUSG00000021302	-0.131481	-0.013175	-0.354877	-0.124242	0.097045	0.299654
ENSMUSG00000021306	0.364666	0.441053	0.978188	0.794260	1.611562	1.626455
ENSMUSG00000021311	0.033407	-0.153216	0.035400	-0.195901	-0.165178	-0.358819
ENSMUSG00000021314	-0.910655	-1.357194	-2.237795	-2.737992	-2.653389	-2.679994
ENSMUSG00000021326	0.020567	-0.003725	-0.183121	-0.119074	-0.291912	-0.362781
ENSMUSG00000021327	0.082757	0.487197	0.408459	0.464618	1.059822	1.073008
ENSMUSG00000021336	-2.173062	-0.954430	-1.388034	-0.752477	-0.905464	-0.824984
ENSMUSG00000021338	3.597953	2.323761	1.013547	1.055706	1.018630	1.438142
ENSMUSG00000021339	0.060418	-0.314599	0.722572	-0.457728	0.910325	0.730888
ENSMUSG00000021356	-0.528752	-5.015819	-4.564796	-3.116629	-1.461355	0.106052
ENSMUSG00000021357	0.015979	-0.166288	0.415372	0.193962	0.849175	0.923499
ENSMUSG00000021361	-0.095820	0.016382	-0.334737	0.569959	0.199919	-0.199516
ENSMUSG00000021365	0.122248	-1.758730	-0.624084	-1.284439	-0.482428	-0.554515
ENSMUSG00000021366	0.125093	0.009615	0.414357	0.630551	0.983895	1.937683
ENSMUSG00000021368	0.199504	0.422815	0.467935	0.988440	0.550533	0.369749
ENSMUSG00000021371	0.374830	0.117117	0.926279	0.471158	1.278163	1.835878
ENSMUSG00000021374	0.004613	-0.517718	-0.389575	-0.466985	-0.229808	-0.736475
ENSMUSG00000021375	0.193933	-0.161133	0.108749	-0.485649	-0.116893	0.125129
ENSMUSG00000021376	-1.110933	-0.839522	0.326810	0.899337	0.556940	0.933291
ENSMUSG00000021377	0.085156	0.129163	-0.001363	-0.092299	-0.466310	-0.464849
ENSMUSG00000021384	1.068391	1.939320	2.605225	2.512298	3.342880	3.653903
ENSMUSG00000021385	-0.548485	-1.155827	-0.552119	-1.186601	-0.651951	-0.883740
ENSMUSG00000021391	-0.176290	-0.132776	0.265602	0.419352	0.049433	-0.331880
ENSMUSG00000021392	-0.104434	-0.327107	-0.297611	-0.788517	-1.257608	-0.583563
ENSMUSG00000021395	-0.053566	-0.057972	0.670565	0.637611	1.360879	0.985792
ENSMUSG00000021400	-0.266729	0.035018	0.208316	0.105913	0.159707	0.025165
ENSMUSG00000021408	0.154027	-0.053232	-0.045814	-0.439930	-0.211559	-0.064825
ENSMUSG00000021413	0.322445	0.056278	0.301207	-0.283418	0.046682	0.526566
ENSMUSG00000021416	0.118733	-0.060418	-0.141433	0.791336	0.202507	-0.104093
ENSMUSG00000021417	0.201572	0.515301	0.416730	0.611148	0.490894	0.402017
ENSMUSG00000021418	-0.534106	-0.294044	-1.056090	-1.120945	-2.187741	-2.752941
ENSMUSG00000021420	-0.047206	0.171182	-0.018123	0.522405	0.316703	0.277751
ENSMUSG00000021427	0.296088	0.224767	0.025738	-0.494552	-0.658478	-0.884831
ENSMUSG00000021428	-0.043376	-0.008127	-0.222849	-0.208645	-0.613831	-0.228550
ENSMUSG00000021431	-0.060084	0.100795	-0.270431	-0.233847	-0.285329	0.040621
ENSMUSG00000021432	-0.303262	-0.000046	0.205966	0.401948	0.533881	0.450951
ENSMUSG00000021451	0.274550	-0.391847	-0.358754	-1.007406	-1.222525	-1.288385
ENSMUSG00000021453	0.242714	0.917382	1.546082	1.460488	1.720516	2.162159
ENSMUSG00000021457	-0.421934	-0.251221	0.109457	1.294896	2.070708	2.325384
ENSMUSG00000021458	0.062906	0.083221	-0.175595	0.043962	-0.402860	-0.233995
ENSMUSG00000021460	0.056641	0.254626	-0.110461	-0.098360	-0.348450	0.021813
ENSMUSG00000021461	-0.247843	-0.395863	-0.945318	-0.944628	-1.695247	-1.624647
ENSMUSG00000021466	0.388269	-0.115928	0.432641	0.614155	1.483959	1.203179
ENSMUSG00000021468	-0.020094	-0.004463	0.196152	-0.331751	0.191688	0.167912
ENSMUSG00000021470	-0.114480	0.090472	-0.178596	-0.087830	-0.694850	-0.975048
ENSMUSG00000021474	0.006419	-0.091246	-0.021795	-0.755867	-0.924674	-1.446933
ENSMUSG00000021476	0.415605	0.753505	0.331083	-0.519987	-1.156272	-1.015302
ENSMUSG00000021481	-0.146254	-0.151595	-0.119224	-0.082207	0.153510	0.243910
ENSMUSG00000021482	0.355490	0.557210	0.737154	0.976172	0.838893	1.546830
ENSMUSG00000021484	-0.057984	0.007229	-0.043436	-0.154038	-0.042208	-0.306611
ENSMUSG00000021485	-0.060409	0.095155	0.474838	0.624401	0.964607	0.500292
ENSMUSG00000021486	0.229848	0.182830	0.219853	0.266943	-0.112168	-0.803474
ENSMUSG00000021488	0.030100	0.067223	0.362767	-0.415348	0.699339	0.689032
ENSMUSG00000021493	-0.609037	0.299402	0.973936	0.824613	1.210461	1.635171
ENSMUSG00000021494	-0.168208	0.076301	0.039201	-0.187346	0.527475	0.904064
ENSMUSG00000021495	-0.052487	0.421477	-0.028046	0.861246	0.824179	1.237266
ENSMUSG00000021496	-0.092069	-0.133499	-0.821670	-0.402857	-0.754538	-1.363217
ENSMUSG00000021497	0.043213	0.317447	0.271122	0.608793	0.712984	0.618404
ENSMUSG00000021500	-0.040872	0.020406	-0.058770	-0.392511	-0.138226	-0.042387
ENSMUSG00000021501	-0.080351	0.173318	-0.384103	-0.053720	-0.003820	0.027203
ENSMUSG00000021504	-0.182947	-0.183862	-0.682401	-0.418964	0.292150	0.379059
ENSMUSG00000021510	-0.076622	-0.507612	0.037590	-0.391734	0.475765	0.140060
ENSMUSG00000021514	0.338026	-0.128121	-0.171698	0.088038	0.830465	1.407536
ENSMUSG00000021518	-0.089147	-0.263815	-0.319529	-0.303901	-0.579742	-0.900327
ENSMUSG00000021519	0.105561	-0.102417	-0.137177	-0.489500	-0.446341	-0.100128
ENSMUSG00000021520	0.146224	0.324436	-0.366568	-0.438349	-1.075144	-0.753768
ENSMUSG00000021532	-0.031980	-1.303590	-0.785147	-1.273494	-1.009718	-1.217583
ENSMUSG00000021537	-0.003253	-0.068514	0.237458	-0.735213	-0.647739	-0.151796
ENSMUSG00000021540	0.114099	0.008368	0.237465	0.041011	0.581038	0.648185
ENSMUSG00000021541	-0.618054	-1.534753	-3.179166	-0.889836	0.941572	0.989444
ENSMUSG00000021546	0.075816	-0.041020	0.177028	-0.286942	-0.387683	-0.408435
ENSMUSG00000021548	-0.373337	-0.220701	-0.411899	-0.357147	-1.139532	-1.387083
ENSMUSG00000021549	0.315270	-0.033958	0.190981	0.040782	0.337508	0.175567
ENSMUSG00000021550	-1.264439	-0.075379	0.248505	0.360710	-0.626214	-1.292632
ENSMUSG00000021555	0.038268	0.091330	0.021617	0.115061	0.043389	0.294815
ENSMUSG00000021556	-0.240066	-0.611104	-0.401991	-0.730691	-0.463310	-0.586966
ENSMUSG00000021557	-0.057915	-0.115657	-0.599525	-0.913726	-0.811745	-0.915304
ENSMUSG00000021569	-0.050422	-0.096872	0.049019	-0.668192	-1.040387	-1.502445
ENSMUSG00000021572	0.199925	0.225222	0.520895	0.156046	0.564095	0.566256
ENSMUSG00000021576	-0.124125	-0.481761	-1.250827	-0.631793	-0.490662	-0.957227
ENSMUSG00000021577	0.023804	0.123880	0.132431	0.336478	0.134466	-0.020287
ENSMUSG00000021578	0.122275	0.127314	-0.119157	-0.528599	-0.513664	-0.452467
ENSMUSG00000021583	-0.228684	-0.209074	0.289433	0.003807	-0.081888	-0.390724
ENSMUSG00000021585	0.177843	-0.035919	0.915767	0.547767	0.912790	1.459040
ENSMUSG00000021589	-0.327333	0.065840	1.218834	2.077677	2.491809	0.634134
ENSMUSG00000021591	-0.262362	-0.336964	-0.177454	0.762213	1.853635	1.897422
ENSMUSG00000021592	-0.128003	-0.059103	-0.291552	0.621940	0.464396	-0.038613
ENSMUSG00000021594	0.250557	0.143931	0.076402	-0.580521	-0.615586	-1.197116
ENSMUSG00000021595	-0.024464	-0.212177	-0.375770	-1.264466	-1.761923	-2.168751
ENSMUSG00000021596	-0.242284	-0.061663	-0.167749	0.329602	1.041892	1.464344
ENSMUSG00000021597	-0.101719	0.093988	-0.001928	0.543522	0.268757	-0.276971
ENSMUSG00000021598	0.177462	0.177212	0.244255	0.226378	0.511043	0.212718
ENSMUSG00000021606	0.217358	0.245935	-0.254236	0.049510	-0.649083	-0.628014
ENSMUSG00000021607	0.198780	-0.039173	-0.176216	-0.296729	-0.231823	-0.368048
ENSMUSG00000021608	0.183880	-0.094459	-0.471205	-0.599325	-0.274758	-0.312887
ENSMUSG00000021610	-0.054103	-0.033252	-0.271988	-0.354975	-0.427026	-0.460457
ENSMUSG00000021611	-0.904065	0.104227	-0.172752	1.268057	1.800159	1.188055
ENSMUSG00000021614	-0.162854	0.111441	0.493220	-0.391756	0.677941	0.008902
ENSMUSG00000021615	0.148065	0.678303	0.414996	-0.092489	0.077712	0.743230
ENSMUSG00000021619	-0.224191	-0.263761	-0.663956	-0.570664	0.258667	0.672366
ENSMUSG00000021621	-0.022205	0.262172	0.241891	0.017889	0.116306	0.516413
ENSMUSG00000021624	1.227414	0.209286	0.293505	0.718724	1.736200	1.568538
ENSMUSG00000021629	0.069036	-0.047389	-0.045503	0.212529	0.605614	0.446236
ENSMUSG00000021631	-0.218787	0.043162	1.584016	-0.505347	-1.150100	-1.895468
ENSMUSG00000021635	-0.226106	-0.100570	0.019372	-0.446344	-0.354581	-0.212339
ENSMUSG00000021639	-0.233057	-0.311869	-0.659380	-0.867115	-1.186477	-1.379375
ENSMUSG00000021640	-1.034842	0.125363	-0.119162	0.480377	1.091341	1.043864
ENSMUSG00000021643	-0.079412	-0.021831	0.002954	0.171544	-0.194153	0.217899
ENSMUSG00000021645	-0.278068	0.025978	-0.526329	-0.500743	-1.222453	-1.058804
ENSMUSG00000021646	-0.192790	-0.009039	-0.039462	0.224370	0.529072	0.479449
ENSMUSG00000021650	-0.002470	0.012286	0.169739	-0.507756	-0.509908	-0.706740
ENSMUSG00000021660	-0.118717	0.269522	-0.186558	-0.366766	-0.784729	-0.395559
ENSMUSG00000021661	-0.273091	-0.316099	0.205025	0.348747	0.288683	0.722395
ENSMUSG00000021665	0.274886	0.422209	1.130452	1.270919	1.573525	1.119485
ENSMUSG00000021666	-0.005896	0.082002	-0.085822	-0.221939	-0.750816	-0.435671
ENSMUSG00000021668	0.179227	-0.489745	-0.964404	-0.611751	-0.563469	-0.381832
ENSMUSG00000021669	-0.168420	-0.588521	0.489458	0.302614	0.709546	0.697070
ENSMUSG00000021670	0.174662	0.522519	0.807791	-0.068055	0.461157	0.535578
ENSMUSG00000021671	-0.213870	-0.187319	0.201956	-0.088985	0.000373	-0.292314
ENSMUSG00000021676	0.900645	0.923551	1.028555	-0.510972	-0.329422	-0.003263
ENSMUSG00000021681	-0.231153	-0.174129	-0.410056	-0.402053	-0.199136	0.025455
ENSMUSG00000021686	0.098169	-0.153488	0.246536	0.395456	0.804877	0.917417
ENSMUSG00000021690	0.363656	0.182614	0.010746	-0.050335	0.507482	0.580557
ENSMUSG00000021692	-0.188597	-0.262857	-0.714506	-0.938978	-1.615299	-1.701882
ENSMUSG00000021693	0.179479	0.149825	-0.072136	-0.743326	-0.831849	-0.559184
ENSMUSG00000021694	-0.414265	-0.394617	-0.823036	-1.193471	-1.897436	-1.999055
ENSMUSG00000021696	1.535124	0.437673	-0.760488	-0.627859	-1.191610	-2.180479
ENSMUSG00000021697	0.364712	-0.173491	0.678876	-0.018227	0.779217	0.334518
ENSMUSG00000021699	-0.377225	0.162242	-0.610945	-0.016114	-0.155586	0.043402
ENSMUSG00000021703	-0.050936	-0.220921	0.889322	1.383040	3.637806	4.051948
ENSMUSG00000021704	0.138871	-0.207117	-0.210347	-0.442974	-0.408666	-0.070704
ENSMUSG00000021706	0.473022	0.205698	0.527634	0.026200	0.863108	0.951982
ENSMUSG00000021707	-0.004853	0.228883	0.271968	-0.187839	-0.835252	-1.203732
ENSMUSG00000021708	-0.030229	0.345691	1.015205	1.285266	1.298768	1.750322
ENSMUSG00000021709	0.072909	-0.222056	0.789223	0.425459	1.139057	1.223915
ENSMUSG00000021710	0.407340	0.330724	0.589247	0.435599	0.460671	0.669451
ENSMUSG00000021711	-0.074741	-0.026293	-0.280420	-0.804741	-1.035249	-0.816505
ENSMUSG00000021712	-0.020224	0.175584	0.495581	0.078482	0.507347	0.253359
ENSMUSG00000021713	-0.041200	0.213624	0.213349	0.429143	0.119884	0.034574
ENSMUSG00000021714	-0.252253	0.174827	-0.251684	0.273893	-0.632144	-0.939091
ENSMUSG00000021715	-0.382997	0.069410	0.169666	-0.037838	-0.021253	0.299047
ENSMUSG00000021716	-0.079797	0.160106	-0.857294	0.088630	-0.193399	0.137618
ENSMUSG00000021718	1.473434	2.196502	2.868496	3.217337	3.604214	3.262164
ENSMUSG00000021719	1.968654	2.144860	2.492596	2.615551	3.328267	3.906219
ENSMUSG00000021725	0.901052	0.483335	-0.285132	0.774956	0.849442	1.461720
ENSMUSG00000021731	-0.109809	-0.152021	-0.304617	-0.308777	-0.650944	-0.681760
ENSMUSG00000021733	0.549764	-0.302935	-0.328625	-0.511403	-0.597379	-0.725889
ENSMUSG00000021737	0.061564	-0.010481	0.112906	-0.414711	-0.871874	-0.691275
ENSMUSG00000021738	-0.006341	-0.189308	0.737703	0.017443	0.727214	0.869122
ENSMUSG00000021748	0.086132	0.147519	0.032651	0.013593	-0.100114	-0.242240
ENSMUSG00000021752	0.061536	0.368783	-0.221879	-0.210594	-0.523352	-0.272528
ENSMUSG00000021754	0.629086	0.272507	1.175396	1.448659	2.557907	2.502674
ENSMUSG00000021756	1.382896	0.598425	0.524081	0.043644	0.155092	0.470029
ENSMUSG00000021764	-0.256613	-0.210475	0.018063	0.118651	-0.061537	0.045654
ENSMUSG00000021767	-0.175601	-0.403054	-0.369560	-0.356552	-0.411812	-0.457270
ENSMUSG00000021770	0.236891	0.208085	0.232929	0.007009	0.359504	0.311521
ENSMUSG00000021771	-0.126483	-0.142784	-0.242721	-0.122636	-0.350668	-0.661542
ENSMUSG00000021772	-0.086923	-0.148065	-0.443279	-1.174673	-0.599834	0.371962
ENSMUSG00000021773	-0.607459	-0.754563	-0.785374	-1.435698	-2.169164	-1.682227
ENSMUSG00000021774	-0.362422	-0.127049	-0.164252	-0.022907	-0.458789	-0.806596
ENSMUSG00000021775	0.031166	-0.864431	-1.047150	-2.448831	-1.831581	-2.504900
ENSMUSG00000021779	-0.243481	-1.231074	-1.876953	-2.462075	-3.166271	-3.680019
ENSMUSG00000021785	-1.146210	-1.257484	-0.363472	0.094293	-0.255826	-0.207297
ENSMUSG00000021786	-0.599851	-0.625856	0.343092	-0.116507	0.326836	0.469819
ENSMUSG00000021794	0.038431	-0.060170	-0.106362	0.136496	0.233627	0.137527
ENSMUSG00000021807	-0.040252	-0.043809	-0.448756	0.555259	0.154717	0.264829
ENSMUSG00000021809	-0.192378	0.056250	-0.127617	0.114634	0.005679	0.364744
ENSMUSG00000021810	-0.102761	0.058649	-0.138488	-0.079657	-0.458979	-0.503519
ENSMUSG00000021811	-0.020908	-0.020714	0.124869	0.172202	-0.002637	-0.580503
ENSMUSG00000021814	-0.073401	-0.137814	-0.228515	0.496908	0.140992	0.273633
ENSMUSG00000021815	0.172636	0.509977	-0.507222	-0.117540	-1.033513	-0.846471
ENSMUSG00000021816	-0.327157	-0.244229	-0.092960	-0.130354	-0.178298	-0.473906
ENSMUSG00000021819	0.226201	0.643917	0.625572	1.239232	1.928537	2.185971
ENSMUSG00000021820	0.204049	0.516676	0.362391	0.002432	-0.029953	-0.054572
ENSMUSG00000021823	0.608455	0.480020	0.560495	0.507541	-0.031187	-0.572058
ENSMUSG00000021824	0.070533	0.051410	0.064036	0.121207	-0.034380	0.011888
ENSMUSG00000021830	-0.063657	0.373140	0.154937	0.124774	0.053248	0.488519
ENSMUSG00000021831	0.324592	0.851468	1.135615	-0.355660	-1.140793	-1.698849
ENSMUSG00000021832	-0.008144	-0.055581	-0.231591	-0.252545	-0.332807	-0.395318
ENSMUSG00000021838	0.726235	-0.507467	-0.813620	-2.260097	-2.737546	-2.735269
ENSMUSG00000021840	-0.087748	-0.362688	0.073515	-0.284930	-0.083695	-0.615170
ENSMUSG00000021843	0.376593	0.645840	0.657710	0.028124	0.184091	1.102942
ENSMUSG00000021846	0.789610	1.687045	1.173583	2.377219	0.309300	1.767199
ENSMUSG00000021866	-0.072685	-0.012076	0.380365	-0.004905	0.050360	0.286854
ENSMUSG00000021867	0.292048	-0.109099	0.642360	0.453713	0.292193	0.700512
ENSMUSG00000021868	-0.119482	-0.455136	-0.509492	-0.692391	-0.974735	-1.095946
ENSMUSG00000021870	-0.080549	-0.195176	-0.064754	-0.521982	-0.417466	-0.371310
ENSMUSG00000021871	-0.845032	-1.419702	-2.580811	-3.150857	-3.239146	-3.337854
ENSMUSG00000021876	-0.545987	-1.165603	-2.540234	-2.145375	-1.188236	-1.776929
ENSMUSG00000021877	-0.064382	0.078615	0.109665	0.256199	-0.122888	-0.428037
ENSMUSG00000021884	0.250864	0.422283	0.114130	0.721567	0.627609	0.818428
ENSMUSG00000021890	0.728393	-0.281739	0.262550	-0.681658	0.425251	0.244556
ENSMUSG00000021891	0.590667	0.380345	-0.077944	-0.785872	-0.287729	-0.586147
ENSMUSG00000021892	1.576302	1.062581	0.211827	-0.040964	0.051075	0.293365
ENSMUSG00000021893	-0.051500	-0.223674	-0.204774	-0.186696	-0.545871	-0.557037
ENSMUSG00000021895	0.742476	0.845726	0.965822	1.013146	1.025765	0.644326
ENSMUSG00000021900	-0.074039	-0.213133	-0.227243	0.050968	-0.100228	-0.319677
ENSMUSG00000021901	-0.031779	-0.051731	-0.017221	-0.075060	0.278640	0.089618
ENSMUSG00000021902	-0.082938	-0.180870	0.146589	0.744968	0.818699	0.497497
ENSMUSG00000021904	0.448199	-0.186452	-0.035776	-0.350820	-1.302194	-1.896874
ENSMUSG00000021905	-0.062775	-0.326063	-0.609020	-0.592421	-1.288313	-0.837773
ENSMUSG00000021906	0.071356	-0.061398	-0.241740	-0.819653	-1.064667	-1.423441
ENSMUSG00000021908	-1.313177	-1.190232	1.651150	0.349395	0.160491	0.797360
ENSMUSG00000021910	0.195749	0.415545	-0.056728	0.372843	-0.045148	-0.204314
ENSMUSG00000021911	-0.035895	-0.286962	0.126943	-0.348287	-0.198966	-0.133355
ENSMUSG00000021916	-0.044720	0.092327	-0.059941	-0.051552	0.139875	0.285627
ENSMUSG00000021917	0.048915	0.098717	0.075461	0.335992	-0.370175	-0.442319
ENSMUSG00000021918	0.127777	0.083044	0.033510	-0.472664	-0.142996	0.036800
ENSMUSG00000021928	-0.226374	0.188836	0.075311	0.465021	0.284499	0.883261
ENSMUSG00000021929	0.049207	-0.020736	0.302498	0.177416	0.592829	0.724300
ENSMUSG00000021930	0.125316	-0.001592	-0.579706	-0.783081	-1.789105	-1.492798
ENSMUSG00000021932	-0.199582	-0.028110	0.078862	-0.001532	-0.695095	-0.510403
ENSMUSG00000021936	-0.089909	-0.054675	0.091422	-0.173781	-0.215827	-0.175441
ENSMUSG00000021938	0.034889	-0.121935	0.404706	-0.509591	-0.480140	-0.409003
ENSMUSG00000021939	0.410502	0.411377	0.475547	1.009814	0.993151	0.798123
ENSMUSG00000021945	0.393354	0.733613	0.753346	0.081547	0.976526	0.866600
ENSMUSG00000021947	0.045027	-0.064439	-0.261819	-0.443431	-0.132564	-0.727107
ENSMUSG00000021948	0.338615	0.403850	0.411248	0.842266	0.630550	0.619137
ENSMUSG00000021951	-0.069892	0.062749	-0.583271	-0.244859	-0.337987	-0.937293
ENSMUSG00000021952	0.015624	-0.711691	-1.197275	-1.250475	-1.254313	-1.778805
ENSMUSG00000021957	-0.073245	-0.003392	-0.025056	-0.156542	-0.249497	-0.685181
ENSMUSG00000021958	-0.219102	-0.127361	-0.759686	-0.729123	-1.377879	-1.602169
ENSMUSG00000021959	-0.052848	-0.205312	-0.448361	-0.800874	0.149010	-0.149137
ENSMUSG00000021962	-0.029384	-0.125003	-0.071592	0.124535	0.347969	0.475352
ENSMUSG00000021963	0.117299	0.102042	0.046136	-0.430656	-1.035957	-0.594551
ENSMUSG00000021965	-0.062195	-0.177398	0.008054	-0.150586	-0.206462	-0.602109
ENSMUSG00000021967	-0.386035	-0.295663	-0.357286	-0.021644	-0.731589	-1.013830
ENSMUSG00000021969	0.053327	0.345985	0.317366	0.688611	0.679394	0.904244
ENSMUSG00000021972	-0.051162	-0.186520	-0.417357	-0.200976	-0.083729	-0.053837
ENSMUSG00000021973	0.332082	0.265803	0.166209	0.171407	0.302554	0.594136
ENSMUSG00000021974	1.659420	0.480277	-0.667353	-1.892215	-2.426500	-2.578762
ENSMUSG00000021975	-0.079932	-0.044258	-0.095366	0.307458	0.468326	0.590458
ENSMUSG00000021978	0.090381	0.143298	0.465635	0.311524	0.418175	0.481141
ENSMUSG00000021981	-0.214188	0.321872	0.371167	0.596941	-0.017217	-0.187147
ENSMUSG00000021982	0.075031	0.322204	-0.213960	-0.244649	-0.400304	0.055716
ENSMUSG00000021987	0.242904	0.292834	0.902099	1.025485	1.472761	1.087613
ENSMUSG00000021990	-0.347629	-0.515468	0.024555	-0.054536	1.500225	1.675252
ENSMUSG00000021993	0.203526	0.217206	0.285208	0.135160	-0.400192	-1.006607
ENSMUSG00000021996	0.318166	0.473349	0.138428	0.390305	0.045392	0.141712
ENSMUSG00000021998	0.156264	0.240165	0.795670	0.534415	0.143124	-0.208117
ENSMUSG00000022000	-0.164403	0.264598	0.045802	-0.079217	-0.403679	0.014609
ENSMUSG00000022003	-0.074088	-0.478965	0.435530	0.398698	1.585633	1.043579
ENSMUSG00000022008	0.048175	0.033537	0.295060	-0.137156	0.140967	0.291360
ENSMUSG00000022009	-0.079463	-0.362444	-0.404749	-0.818113	-1.464495	-1.598466
ENSMUSG00000022013	-0.116263	-0.004741	-0.407820	0.050923	0.857432	1.372715
ENSMUSG00000022014	-0.464300	-0.721196	0.023026	1.452926	4.036821	5.444513
ENSMUSG00000022015	2.378495	0.561418	-1.062691	-0.685739	0.660264	0.400097
ENSMUSG00000022016	0.233172	-0.126185	-0.187021	-0.266269	-0.157350	-0.322387
ENSMUSG00000022018	1.119489	0.021026	-0.530626	-0.960405	-2.967041	-4.569990
ENSMUSG00000022019	-0.015705	0.376570	-0.067294	0.063363	-0.286007	0.347518
ENSMUSG00000022020	-0.035080	0.073337	-0.277308	-0.675855	-1.141375	-0.803873
ENSMUSG00000022021	0.137883	0.024112	0.461787	-0.065271	0.130454	-0.270962
ENSMUSG00000022022	-0.287481	-0.771835	-0.831014	-0.804584	-0.609396	-0.904323
ENSMUSG00000022023	0.186674	0.436646	0.031655	-0.176592	-0.703708	0.007902
ENSMUSG00000022024	-0.065615	-0.040199	0.001274	0.419893	0.466339	0.505542
ENSMUSG00000022031	0.162796	0.079987	0.042931	-0.190624	-0.107518	-0.217439
ENSMUSG00000022033	-0.283342	-0.056699	-0.011822	-0.393235	-0.695014	-1.396245
ENSMUSG00000022034	-0.079391	0.180888	0.277595	-0.154067	-0.064425	-0.939802
ENSMUSG00000022035	0.059499	0.281980	0.010815	-0.112023	-0.426055	-0.313955
ENSMUSG00000022043	0.324093	-0.208256	0.248544	-0.174912	0.348410	0.080619
ENSMUSG00000022048	-0.120296	0.215714	0.768524	1.296718	1.256768	1.155450
ENSMUSG00000022051	0.352354	0.685416	0.469214	0.693930	0.149682	0.033856
ENSMUSG00000022052	-0.140223	-0.046717	-0.427661	-0.315551	-0.687484	-0.724808
ENSMUSG00000022064	-0.084233	-0.115149	-0.683945	-0.577325	-0.605410	-0.104438
ENSMUSG00000022066	-0.210590	0.065565	-0.684710	-0.152147	-0.736611	-0.770181
ENSMUSG00000022070	-0.148005	-0.011670	-0.100432	-0.033521	-0.675272	-0.873955
ENSMUSG00000022074	0.210036	0.453209	0.775233	-0.369101	-0.189522	0.120511
ENSMUSG00000022075	-0.222859	0.431371	0.838377	0.570803	1.189172	1.376257
ENSMUSG00000022089	-0.039588	-0.044097	0.327645	0.344884	0.666364	0.420819
ENSMUSG00000022090	-0.009293	0.538963	1.081421	1.448733	1.158606	1.147491
ENSMUSG00000022091	3.249150	0.849308	0.116322	1.221495	0.720064	-0.060837
ENSMUSG00000022092	-0.782669	-0.233337	0.019616	0.593272	0.572222	0.788841
ENSMUSG00000022094	0.392676	0.266437	0.175626	-0.731417	-1.092731	-1.512459
ENSMUSG00000022095	-0.190093	-0.158426	0.123302	0.280428	0.567894	0.456950
ENSMUSG00000022096	-0.394086	1.132864	-0.314069	0.913741	0.911936	-0.779032
ENSMUSG00000022100	0.086542	-0.263441	-0.180295	-0.356531	-0.116528	-0.621165
ENSMUSG00000022102	0.221780	-0.326104	-0.931728	-0.836249	-0.866928	-0.533748
ENSMUSG00000022103	-0.055812	-1.188509	-1.959916	-2.411625	-1.714074	-1.939304
ENSMUSG00000022105	0.116230	0.054661	0.992725	1.207017	1.230659	1.359965
ENSMUSG00000022106	0.290678	-0.082567	-0.645603	-0.106610	-0.713709	-0.903819
ENSMUSG00000022108	-0.092215	0.226036	0.579166	1.487048	1.537190	1.669066
ENSMUSG00000022109	-0.124610	0.207948	-0.000935	0.179181	-0.083440	0.116269
ENSMUSG00000022110	0.010370	0.090688	0.071796	-0.131819	-0.177945	0.258339
ENSMUSG00000022111	-0.204472	-0.134139	-0.162458	-0.209747	-0.894604	-1.014513
ENSMUSG00000022119	-0.051061	-0.121457	-0.097247	-0.226094	-0.508187	-0.600827
ENSMUSG00000022120	0.273398	-0.601765	-0.517003	-0.937447	-0.901561	-0.789229
ENSMUSG00000022123	-1.634658	-1.977882	-1.635711	0.508590	0.674379	1.684585
ENSMUSG00000022124	-0.231346	-0.188829	0.401966	0.305305	0.742186	0.847880
ENSMUSG00000022125	-0.065451	-0.232495	0.285423	-0.014255	0.318416	0.401064
ENSMUSG00000022130	-0.198962	-0.084036	0.332461	-0.188313	0.090529	-0.038631
ENSMUSG00000022131	0.063048	0.183281	0.114211	0.066195	-0.330887	-0.892783
ENSMUSG00000022136	-0.044163	-0.006593	0.124638	-0.106992	-0.115028	-0.016273
ENSMUSG00000022139	0.062724	-0.054326	0.220813	0.755087	1.600416	1.864328
ENSMUSG00000022141	0.131569	0.157148	0.288281	0.051705	0.717220	1.252409
ENSMUSG00000022142	-0.164976	-0.397169	-0.354884	-0.426457	-0.509716	-1.145108
ENSMUSG00000022151	-0.030831	-0.294220	0.208809	-0.164586	0.021670	0.588931
ENSMUSG00000022159	-0.292944	-0.258411	-0.038330	0.666465	0.802428	0.697506
ENSMUSG00000022160	-0.313901	-0.324025	-0.463125	-0.293915	-0.699875	-0.544807
ENSMUSG00000022174	-0.025665	0.166910	-0.361836	0.267887	-0.714924	-1.071273
ENSMUSG00000022175	-0.213485	0.078234	0.471742	0.320265	0.496731	0.276457
ENSMUSG00000022176	-0.135713	-0.573191	-0.502782	-1.158073	-2.274990	-2.355148
ENSMUSG00000022177	-0.014743	-0.229458	-0.113911	-0.645624	-0.333489	-0.835613
ENSMUSG00000022178	0.267582	-2.218560	-2.051440	-2.388274	-2.009276	-2.469668
ENSMUSG00000022179	-0.044282	0.161885	-0.350836	0.516333	0.542574	0.774312
ENSMUSG00000022184	0.021642	-0.207463	-0.425170	0.262113	-0.182586	-0.076689
ENSMUSG00000022185	-0.106884	0.076315	-0.151284	-0.131721	-0.400865	-0.059971
ENSMUSG00000022186	-0.003271	0.150901	0.181965	0.067130	-0.035141	-0.345230
ENSMUSG00000022191	-0.078586	-0.241056	-0.660790	-0.655488	-0.956732	-1.015502
ENSMUSG00000022193	0.010402	0.072422	0.249709	-0.000396	0.001538	-0.380486
ENSMUSG00000022194	0.092822	0.381036	-0.347517	-0.036333	-0.479094	-0.168881
ENSMUSG00000022195	-0.144256	-0.786625	-0.631718	-0.359413	-0.232121	-0.352433
ENSMUSG00000022200	0.062983	-0.660966	0.373085	0.345382	0.951743	0.618448
ENSMUSG00000022201	0.009710	-0.090840	-0.031750	0.071334	0.251799	0.011011
ENSMUSG00000022204	-0.189425	-0.068670	-0.244081	-0.138651	0.065461	0.079045
ENSMUSG00000022205	0.087907	0.467356	0.218364	-0.162330	-0.801709	-0.219371
ENSMUSG00000022210	-0.043774	-0.350492	-0.457224	-0.180693	-0.424711	-0.386909
ENSMUSG00000022211	-0.677113	0.667416	0.689602	0.795592	-0.415995	0.235236
ENSMUSG00000022214	0.012780	0.045002	0.225837	0.046142	0.158071	0.326019
ENSMUSG00000022216	-0.024543	-0.185120	-0.490837	-0.384434	-0.845544	-0.429296
ENSMUSG00000022218	-0.346716	0.402967	-1.749291	0.699368	0.164250	0.116039
ENSMUSG00000022221	-0.021261	-0.099913	-0.209332	-0.271821	-0.460152	-0.661726
ENSMUSG00000022228	0.438257	0.484464	-0.229752	0.474650	0.832638	1.223831
ENSMUSG00000022231	-1.562237	-2.399172	-3.551939	-1.679048	-1.292105	-0.889557
ENSMUSG00000022234	0.117595	-0.057005	0.048606	-0.363357	-0.404580	-0.346143
ENSMUSG00000022236	-0.221429	0.325138	0.713289	1.472686	2.131961	0.897905
ENSMUSG00000022237	-0.348638	-1.450702	-1.257899	-0.399406	1.600351	1.865536
ENSMUSG00000022241	0.069901	0.013147	0.093628	-0.367743	-0.736266	-0.625961
ENSMUSG00000022244	-0.658038	-0.252809	0.038281	0.115808	0.456879	-0.062174
ENSMUSG00000022246	0.296368	-0.689294	-2.218971	-3.235301	-3.469804	-2.547996
ENSMUSG00000022247	-0.176798	0.107775	-0.623437	-0.995692	-1.568667	-0.759617
ENSMUSG00000022248	-0.427897	-0.407462	-0.368476	-0.238086	-0.299305	-0.610017
ENSMUSG00000022253	0.036996	-0.214354	-0.223376	-0.428351	0.584168	0.833429
ENSMUSG00000022255	-0.060445	0.157444	-0.276093	-0.698429	-1.472548	-1.128497
ENSMUSG00000022263	0.010191	-0.090571	1.146891	1.486964	2.145412	2.745865
ENSMUSG00000022280	0.177620	0.332112	-0.017194	0.710877	0.903680	0.969405
ENSMUSG00000022283	-0.123256	-0.012895	-0.125956	0.016992	-0.254357	-0.367944
ENSMUSG00000022285	-0.182156	-0.122310	-0.038635	-0.557065	-0.642587	-0.750559
ENSMUSG00000022292	-0.396339	-0.339520	0.246285	0.480407	1.786157	1.771392
ENSMUSG00000022295	0.103660	0.055932	0.371761	-0.006926	0.221021	0.244711
ENSMUSG00000022299	-0.409988	-0.632635	-0.587242	-1.596074	-1.689976	-2.046799
ENSMUSG00000022300	0.073636	0.028771	-0.531930	-0.842482	-1.108089	-0.632388
ENSMUSG00000022307	0.027026	0.073912	0.070417	0.794726	0.708766	0.704206
ENSMUSG00000022309	-0.237945	-0.558914	-0.745083	-1.305972	-0.543203	-0.159629
ENSMUSG00000022312	-0.289562	-0.131516	-0.216556	-0.078701	0.151676	0.228838
ENSMUSG00000022313	-0.283223	-0.378335	-0.154201	-0.548396	-0.368827	-0.011025
ENSMUSG00000022314	0.063149	0.062510	0.542427	0.291193	0.568482	0.476546
ENSMUSG00000022322	0.018764	0.084107	0.313386	0.157226	-0.105257	-0.930500
ENSMUSG00000022323	-0.291479	-0.076987	-0.319681	0.127389	-0.185099	0.018544
ENSMUSG00000022325	-0.050905	-0.245618	-0.567555	-1.018389	-1.382885	-1.255345
ENSMUSG00000022329	-0.060465	-0.283306	-0.325288	0.077128	0.672479	1.464443
ENSMUSG00000022330	-0.480050	-0.134357	-0.162403	1.537149	3.965833	4.064614
ENSMUSG00000022335	0.289161	0.090342	-0.574318	0.311455	0.188309	0.055924
ENSMUSG00000022336	-0.188660	-0.071744	-0.234317	-0.051780	-0.174506	-0.250851
ENSMUSG00000022337	-0.178928	-0.049707	-0.457948	0.056088	-0.294920	0.081216
ENSMUSG00000022338	0.008144	0.201352	-0.226894	0.109435	-0.590788	-0.546209
ENSMUSG00000022339	-0.284315	-0.129144	-0.014652	0.123898	-0.434841	-0.792520
ENSMUSG00000022346	-0.071115	-1.627168	-1.254717	-1.945714	-2.316624	-2.523245
ENSMUSG00000022350	0.143190	-0.356090	0.436054	0.322564	1.149901	1.079355
ENSMUSG00000022351	0.143810	0.188074	0.596228	-0.310478	0.322833	0.181928
ENSMUSG00000022353	0.515075	0.279650	0.948623	1.153401	2.233608	2.050744
ENSMUSG00000022354	-0.025697	0.006375	-0.228679	0.746785	0.153176	-0.210862
ENSMUSG00000022358	-0.081219	-0.192217	0.429384	1.655713	2.091711	3.143358
ENSMUSG00000022359	-0.187567	-0.337958	-0.355085	0.296423	-0.260605	-0.546256
ENSMUSG00000022360	0.158445	-0.628457	0.121982	-0.553403	-0.056000	-0.746976
ENSMUSG00000022361	-0.206331	0.120046	0.673550	0.193556	0.445921	0.616274
ENSMUSG00000022362	-0.199671	-0.044825	-0.063004	-0.888197	-0.996859	-1.122671
ENSMUSG00000022364	0.017409	0.202559	-0.132198	0.374437	0.774176	0.699820
ENSMUSG00000022365	-0.053136	-0.004799	0.131106	0.477874	0.941487	1.002457
ENSMUSG00000022369	-0.033786	-0.118468	-0.088862	-0.564408	-1.013377	-1.223048
ENSMUSG00000022370	-0.137332	0.191498	-0.689789	-0.553119	-1.494139	-1.412326
ENSMUSG00000022372	0.112406	-0.815057	-0.245715	-0.296930	-0.087135	-0.458675
ENSMUSG00000022377	0.031557	-0.136797	0.074437	-0.229356	-0.344923	-0.311695
ENSMUSG00000022378	0.082187	0.136949	0.665486	-0.151146	-0.006261	-0.081211
ENSMUSG00000022385	0.010336	-0.184233	0.354529	0.155287	0.513890	0.002411
ENSMUSG00000022386	-0.021907	0.180330	0.039680	-0.048869	-0.260273	-0.436808
ENSMUSG00000022387	0.107460	0.268398	0.474553	0.147111	0.788247	0.727766
ENSMUSG00000022389	0.296841	0.424412	0.335768	0.375787	0.455610	0.586484
ENSMUSG00000022390	0.322189	0.188133	0.348668	-0.201834	0.274523	0.215782
ENSMUSG00000022391	0.131206	-0.097706	-0.088927	-0.511275	-0.383698	-0.565227
ENSMUSG00000022394	-0.179864	-0.258494	-0.189020	-0.739195	-0.460788	-0.610478
ENSMUSG00000022400	-0.091079	0.147251	-0.129632	0.084036	-0.353429	-0.305757
ENSMUSG00000022401	0.139036	-0.045245	-0.241917	-0.105749	-0.455061	-0.529793
ENSMUSG00000022403	-0.029838	-0.120164	-0.078343	-0.258747	-0.266769	-0.066845
ENSMUSG00000022404	-0.213910	-0.076841	0.119938	-0.157423	-0.201185	-0.167615
ENSMUSG00000022407	-0.003514	0.110212	-0.174823	-0.672500	-1.220158	-1.432440
ENSMUSG00000022412	-0.221409	-0.112297	0.016678	-0.335842	-0.108667	-0.391022
ENSMUSG00000022414	-0.197584	-0.134419	-0.489499	-0.311565	-0.260764	-0.523722
ENSMUSG00000022415	-1.045643	0.514079	0.393874	0.282665	-1.477674	-2.052631
ENSMUSG00000022416	-0.432767	1.027344	1.019526	2.731792	1.153831	1.341321
ENSMUSG00000022419	-0.623865	-1.055918	-2.688153	-3.595634	-4.264080	-4.311533
ENSMUSG00000022420	0.068587	0.264193	-0.095807	0.041449	0.216492	0.180424
ENSMUSG00000022421	-0.430574	-0.454862	1.310975	1.009377	0.450485	-0.565999
ENSMUSG00000022422	-0.520065	-0.533784	-0.450727	-0.340299	-0.724040	-1.211367
ENSMUSG00000022426	0.063664	-0.442164	-0.542707	-1.016613	-0.932315	-0.889747
ENSMUSG00000022427	-0.043613	-0.178213	0.207642	-0.259484	-0.105312	0.038399
ENSMUSG00000022428	-0.079413	0.250626	0.204906	0.744093	1.044675	1.036755
ENSMUSG00000022433	0.002957	0.470630	0.330998	0.583455	1.117306	1.368862
ENSMUSG00000022434	0.046337	-0.158613	0.047163	-0.776016	0.281263	-0.000514
ENSMUSG00000022436	-0.159960	-0.118787	-0.026413	-0.050381	-0.255859	-0.330341
ENSMUSG00000022437	-0.202475	-0.118374	0.026637	-0.173177	-0.449537	-0.747215
ENSMUSG00000022438	-1.329722	-1.263960	-1.219550	-1.577543	-3.070107	-3.069263
ENSMUSG00000022439	0.142940	0.113997	0.230858	0.014056	-0.192547	-0.538809
ENSMUSG00000022440	0.357221	-0.524426	-1.341018	-2.001769	-1.646335	-1.555063
ENSMUSG00000022442	0.122720	0.353321	0.361627	0.863497	0.716225	0.565204
ENSMUSG00000022443	0.143675	-0.071005	0.443578	-0.099711	0.186905	0.246151
ENSMUSG00000022450	0.072431	0.101262	0.177258	0.371961	0.454592	0.875178
ENSMUSG00000022451	0.074108	0.244563	0.065188	-0.396053	-0.201060	-0.064023
ENSMUSG00000022452	-0.346939	-0.081758	-0.448902	-0.138131	-0.309468	-0.483358
ENSMUSG00000022453	0.275629	-0.058274	-0.305977	0.459798	0.911348	0.924486
ENSMUSG00000022462	0.007028	-0.186429	0.247704	0.097514	0.613764	0.408939
ENSMUSG00000022463	-0.041946	0.028445	0.565055	0.411013	0.729179	0.600855
ENSMUSG00000022466	0.112474	0.121782	0.304339	-0.417385	-0.489477	-0.306415
ENSMUSG00000022468	0.151300	0.668142	0.888591	1.241004	0.426840	0.154036
ENSMUSG00000022469	-0.702890	-1.503819	-1.814809	-2.228929	-1.777815	-1.642858
ENSMUSG00000022471	-0.179912	0.030278	-0.181798	0.285110	1.319151	1.864141
ENSMUSG00000022472	0.107014	0.360480	0.579002	1.060064	2.182287	2.576434
ENSMUSG00000022474	-0.050552	0.080438	-0.331834	-0.320270	-0.525297	-0.413772
ENSMUSG00000022475	-1.089640	-0.795692	-0.212757	-0.642813	-1.119888	-1.352341
ENSMUSG00000022476	-0.137065	-0.158000	-0.640165	-0.922631	-1.431146	-1.786895
ENSMUSG00000022477	-0.047594	0.098701	0.044898	0.205368	0.169649	0.062441
ENSMUSG00000022479	1.509705	1.409153	0.505939	-1.226796	-2.177008	-2.657045
ENSMUSG00000022488	0.177576	0.268838	0.392024	0.865003	1.382594	1.761750
ENSMUSG00000022489	-0.063211	0.479270	0.131043	0.893903	1.219490	2.062289
ENSMUSG00000022498	0.038870	0.438141	-0.308992	0.433235	0.623917	1.052239
ENSMUSG00000022500	0.254104	-0.220901	-0.729241	-0.203789	-0.100940	-0.400002
ENSMUSG00000022503	-0.095031	-0.183752	-0.006290	-0.410692	-0.519864	-0.500961
ENSMUSG00000022507	-0.069464	0.092130	-0.084722	0.029561	0.016024	0.037345
ENSMUSG00000022508	2.002762	2.056965	3.147603	3.500345	4.333653	4.359420
ENSMUSG00000022510	-0.527260	-0.696585	0.084739	0.188515	0.429109	-0.493138
ENSMUSG00000022514	-0.387689	-0.500395	-0.315177	-0.333035	-1.103257	-1.217353
ENSMUSG00000022515	0.069461	0.041129	-0.177222	0.128491	0.331975	0.665451
ENSMUSG00000022516	0.441678	0.056249	0.391222	0.237314	0.553233	0.014057
ENSMUSG00000022517	-0.552702	-1.482904	-1.828500	-0.900368	-0.981009	-1.423676
ENSMUSG00000022519	0.027157	-0.564146	-0.222835	-0.839684	-0.874524	-1.563482
ENSMUSG00000022521	0.057002	0.113576	0.101967	0.792486	0.949222	0.889576
ENSMUSG00000022526	-0.117088	-0.033709	0.868239	0.775956	1.365428	0.890886
ENSMUSG00000022528	-0.372209	0.402442	0.390080	-0.291614	-1.026300	-0.844478
ENSMUSG00000022529	0.174213	0.059484	-0.015122	0.059496	0.087673	0.302473
ENSMUSG00000022533	-0.248808	-0.670308	-0.071543	-1.333011	-0.622830	-1.205262
ENSMUSG00000022536	0.100158	0.028311	0.385136	0.328257	0.736713	0.841339
ENSMUSG00000022538	-0.189829	-0.285371	-0.839104	-0.812652	-1.340507	-1.049055
ENSMUSG00000022540	0.406713	0.259945	0.025449	0.783086	0.418744	0.310073
ENSMUSG00000022543	-0.194711	0.637109	1.185088	0.751024	1.419915	1.362327
ENSMUSG00000022544	0.040101	0.368368	-0.445778	-0.377128	-0.758799	-1.019463
ENSMUSG00000022545	0.182719	0.457699	0.217734	0.219698	0.019601	0.078002
ENSMUSG00000022546	-0.381745	-0.332831	0.295837	0.345946	0.416921	0.436633
ENSMUSG00000022550	-0.188174	0.128429	-0.139730	-0.163861	0.004250	0.326737
ENSMUSG00000022551	-0.008804	-0.019610	-0.004204	-0.339499	-0.382046	-0.878288
ENSMUSG00000022552	-0.122794	0.062082	-0.175182	0.393132	0.344805	0.553112
ENSMUSG00000022553	0.078143	0.181035	0.326608	0.506762	0.885321	1.096369
ENSMUSG00000022554	-0.194745	-0.360687	-0.586228	-1.140271	-1.481972	-1.662613
ENSMUSG00000022555	0.088575	0.225630	0.104699	0.131215	0.245378	0.404210
ENSMUSG00000022556	-0.206434	-0.123830	-0.328280	-0.164032	-0.478084	-0.989351
ENSMUSG00000022557	-0.176099	-0.336374	-0.332395	-0.873689	-1.143408	-1.570687
ENSMUSG00000022558	-0.244931	-0.220853	-0.199670	0.068091	0.398902	0.552738
ENSMUSG00000022559	-0.017656	0.008813	0.119450	-0.151122	0.083957	-0.008176
ENSMUSG00000022560	-0.380233	-0.524994	-0.660151	-0.790971	-0.846479	-0.902339
ENSMUSG00000022561	-0.189676	-0.484604	-0.844169	-1.113708	-1.301553	-1.929526
ENSMUSG00000022562	-0.550944	-0.262587	-0.246661	0.429134	-0.034459	0.244122
ENSMUSG00000022564	0.098148	0.279994	0.277534	0.972011	1.622962	2.047554
ENSMUSG00000022565	0.028699	-0.338594	-0.393618	-0.718599	-0.214239	0.159279
ENSMUSG00000022568	0.009497	0.070522	0.242539	0.112351	0.277090	0.206986
ENSMUSG00000022570	-0.043384	-0.289415	-0.492208	-0.866587	-0.358041	-0.449980
ENSMUSG00000022571	-0.129600	-0.065351	-0.188729	-0.092857	-0.455167	-1.058997
ENSMUSG00000022574	-0.210605	0.096196	-0.264477	-0.572327	-1.239003	-1.029351
ENSMUSG00000022575	0.138751	-0.075499	-0.400545	-0.364364	0.052672	0.872001
ENSMUSG00000022587	-0.224998	-0.065377	-0.417973	0.199621	-0.062522	-0.243123
ENSMUSG00000022601	-0.385173	0.175090	-0.069667	-0.579788	-1.025456	-0.321268
ENSMUSG00000022604	-0.255087	0.138121	-0.093060	0.225633	0.501749	0.543686
ENSMUSG00000022614	0.109051	0.222312	0.341110	0.442558	0.212624	-0.198414
ENSMUSG00000022615	-0.867541	-1.429839	-0.555417	-0.987034	-0.937557	-1.498858
ENSMUSG00000022617	-0.206858	0.229310	0.310233	0.791520	0.796232	1.347572
ENSMUSG00000022620	0.069601	-0.054101	0.256148	0.859837	1.229796	1.468403
ENSMUSG00000022621	0.104050	0.177742	0.069793	0.028079	-0.056908	-0.191094
ENSMUSG00000022634	-0.249923	0.202706	0.036373	-0.698505	-1.104678	-0.797792
ENSMUSG00000022635	0.135549	0.299292	0.192585	-0.319213	-0.623115	0.005369
ENSMUSG00000022637	-0.110889	0.139460	0.813920	1.796152	2.017454	1.725135
ENSMUSG00000022639	0.198590	1.615953	2.903635	1.750322	0.863868	0.039523
ENSMUSG00000022641	-0.002659	0.016162	-0.118556	-0.127115	-0.229920	-0.085196
ENSMUSG00000022659	-0.455063	1.152196	-0.138203	0.617926	0.866927	1.137546
ENSMUSG00000022663	-0.101112	-0.178916	-0.558525	-0.272532	-0.474442	-0.331693
ENSMUSG00000022664	0.007070	0.018554	-0.377674	1.023471	1.245776	0.617342
ENSMUSG00000022668	-0.265672	-0.702871	-1.595969	-0.921270	-1.214066	-0.798684
ENSMUSG00000022671	-0.199204	-0.286297	-0.441429	-0.142800	-0.437332	-0.490171
ENSMUSG00000022672	0.000461	0.005934	-0.276725	-0.176861	-0.565727	-0.571945
ENSMUSG00000022673	-0.068963	-0.275154	0.258458	0.152234	0.322753	-0.591461
ENSMUSG00000022674	-0.030628	-0.222389	-0.290541	-0.449271	-1.002551	-0.857511
ENSMUSG00000022677	-0.041701	0.154221	0.185659	-0.138626	-0.069201	0.299969
ENSMUSG00000022678	-0.080536	0.093777	0.307991	0.130730	0.423807	0.309573
ENSMUSG00000022679	-0.582954	-0.312879	-1.108251	-1.074948	-2.073347	-2.325520
ENSMUSG00000022680	-0.132764	0.066190	-0.105355	0.222763	-0.063835	0.229531
ENSMUSG00000022681	-0.047519	0.148382	-0.007698	0.407297	-0.255000	-0.201740
ENSMUSG00000022682	0.009633	-0.118900	-0.249923	-0.359162	-0.635373	-0.911969
ENSMUSG00000022684	-0.122056	0.281635	-0.083971	0.394678	0.137130	0.270995
ENSMUSG00000022685	0.302299	0.070510	0.149823	0.435112	0.509145	0.250764
ENSMUSG00000022686	1.357192	0.522116	0.443559	1.235732	2.122758	1.941637
ENSMUSG00000022696	-0.405287	-0.424549	-1.907603	-0.108668	-0.148770	-0.990723
ENSMUSG00000022698	-0.098737	-0.136068	-0.195359	-0.950563	-1.113043	-1.599606
ENSMUSG00000022701	0.023668	0.248965	0.040452	-0.198785	-0.912948	-0.375770
ENSMUSG00000022702	-0.130073	-0.157193	-0.000789	-0.188181	-0.309429	-0.648241
ENSMUSG00000022704	-0.121637	-0.312384	-1.037280	-1.581182	-1.935086	-2.597154
ENSMUSG00000022706	-0.054912	0.101048	0.141990	-0.436858	-0.734412	-0.488902
ENSMUSG00000022707	0.544127	0.640657	0.389711	0.941141	-0.738232	-1.438707
ENSMUSG00000022708	-0.418477	-0.000675	-0.803810	0.180342	0.409599	1.267542
ENSMUSG00000022710	0.187226	0.130602	0.313349	-0.410942	-0.373745	-0.518920
ENSMUSG00000022711	-0.166279	-0.207606	-0.685556	-0.051350	-0.466758	-0.593302
ENSMUSG00000022718	-0.008037	0.286348	-0.129632	-0.136364	-0.487946	-1.084136
ENSMUSG00000022721	-0.035638	0.091954	-0.223655	-0.133855	-0.569561	-0.843226
ENSMUSG00000022722	-0.061776	0.058331	0.276083	-0.928899	-1.174565	-0.616981
ENSMUSG00000022724	-0.437367	-0.002442	-0.130021	-0.646022	-1.266547	-1.392195
ENSMUSG00000022742	0.193156	0.231205	0.598979	-0.190563	-0.510771	-1.027768
ENSMUSG00000022744	-0.086335	0.111261	-0.111801	-0.459567	-0.354284	-0.718052
ENSMUSG00000022747	-0.185863	-0.107655	-0.159351	0.212198	0.389184	0.328091
ENSMUSG00000022748	-0.128784	-0.243275	-0.119695	0.009030	-0.612454	-1.053414
ENSMUSG00000022749	0.057178	0.117734	0.385950	0.469918	0.815445	1.107187
ENSMUSG00000022750	-0.036119	0.120033	-0.022917	-0.084905	-0.298836	-0.438306
ENSMUSG00000022751	0.106245	-0.003289	-0.410622	0.035683	-0.277603	-0.621076
ENSMUSG00000022752	-0.013756	-0.257698	-0.186161	-0.596157	-0.663598	-0.667823
ENSMUSG00000022753	1.057880	-0.173938	-1.612057	-1.737683	-2.844481	-1.625565
ENSMUSG00000022757	-0.394888	-0.055640	-0.579413	0.359834	-0.020240	-0.290355
ENSMUSG00000022760	-0.241465	-0.214323	-0.373388	-0.054328	-0.436484	-0.416829
ENSMUSG00000022761	-0.155273	-0.130028	-0.439997	-0.159803	0.031413	0.200621
ENSMUSG00000022765	-0.064998	-0.028847	0.345666	0.668330	1.163893	1.566830
ENSMUSG00000022768	-0.736946	-0.454797	-1.770055	-0.888653	-2.479171	-2.347280
ENSMUSG00000022769	-0.307865	-0.660413	-0.832190	-0.317647	-0.864186	-1.407613
ENSMUSG00000022770	-0.116216	-0.011122	-0.600148	-0.384869	-0.852134	-0.551838
ENSMUSG00000022771	0.089957	-0.058474	-0.294273	-0.067034	0.203922	0.346505
ENSMUSG00000022772	0.208799	-0.022322	0.047692	-0.799496	-0.601242	-0.215744
ENSMUSG00000022773	-0.288965	0.824917	0.910157	2.008505	3.565227	4.585557
ENSMUSG00000022774	-0.108190	-0.364831	-0.628805	0.130927	0.018277	-0.561177
ENSMUSG00000022779	-0.236589	-0.341987	-0.809280	-0.505693	-0.893806	-0.777821
ENSMUSG00000022781	0.097493	-0.398330	-0.173553	-0.305335	0.121664	-0.011175
ENSMUSG00000022783	-0.954604	1.195622	-0.417912	1.344321	0.757862	1.423050
ENSMUSG00000022787	-0.268925	-0.027304	-0.267200	-0.026695	-0.030155	-0.274833
ENSMUSG00000022788	-0.180485	0.137482	-0.732179	-0.399552	-1.578395	-0.637298
ENSMUSG00000022789	0.205756	0.271924	-0.113997	-0.050757	-0.146108	-0.086160
ENSMUSG00000022791	0.194042	0.305073	0.489622	-0.387487	-1.035672	-1.327769
ENSMUSG00000022792	-0.144464	-0.390732	-0.764661	-1.127651	-1.872960	-2.198323
ENSMUSG00000022793	0.719550	-0.151278	-0.184940	-1.589334	-2.359946	-1.865959
ENSMUSG00000022797	-0.228071	-0.169817	-0.013522	-0.258463	0.775846	0.906830
ENSMUSG00000022799	1.630730	0.165362	-1.125363	-2.031376	-2.574762	-2.566998
ENSMUSG00000022800	0.182781	0.220597	0.096102	-0.112937	-0.449154	-0.421962
ENSMUSG00000022801	-0.002734	-0.225240	0.298016	0.217827	0.333413	0.363236
ENSMUSG00000022802	-0.226742	-0.485273	-0.980770	-1.580656	-1.221787	-2.089718
ENSMUSG00000022803	-0.788433	1.152397	0.144049	0.795740	0.794027	0.775495
ENSMUSG00000022805	0.528325	0.368836	0.202315	0.011727	0.004342	0.306686
ENSMUSG00000022807	0.199119	0.249782	0.628052	0.694070	1.565252	1.517333
ENSMUSG00000022808	0.134818	0.264183	0.438933	0.454159	0.766045	0.772090
ENSMUSG00000022811	0.147724	-0.064219	-0.102041	-0.166586	0.104355	0.022065
ENSMUSG00000022812	0.228982	-0.123224	0.205569	0.431956	0.992138	0.832280
ENSMUSG00000022814	-0.091646	-0.216598	-0.551479	-1.020583	-1.670092	-2.136321
ENSMUSG00000022816	-0.596059	-0.556377	-0.046654	0.177027	0.581474	0.330635
ENSMUSG00000022820	-0.354575	0.098708	-0.207211	-0.245700	-0.900087	-1.078392
ENSMUSG00000022822	-0.149229	-0.094779	-0.332426	-0.130356	-0.242684	0.281205
ENSMUSG00000022827	-0.074787	-0.105024	0.205557	-0.351807	-0.066521	-0.094950
ENSMUSG00000022828	-0.334780	-0.464084	-0.277527	-0.632316	-0.643352	-0.644136
ENSMUSG00000022831	-0.035197	0.209668	0.264820	0.786776	0.596409	0.721866
ENSMUSG00000022833	0.038413	-0.404878	-0.670692	-0.309831	-0.224795	-0.762066
ENSMUSG00000022837	0.011941	0.971004	0.036404	0.709883	0.402314	0.666518
ENSMUSG00000022838	0.052839	-0.068631	-0.590983	1.331190	1.952594	2.227619
ENSMUSG00000022841	-0.055998	0.044674	0.002958	0.391305	0.468737	0.209356
ENSMUSG00000022842	-0.524827	-0.477586	-1.452857	-1.189154	-1.883202	-2.351150
ENSMUSG00000022843	-0.127788	-0.012698	-0.869511	-0.594290	-0.869483	-0.535767
ENSMUSG00000022848	0.528473	0.631943	0.845301	1.836625	2.305983	2.161690
ENSMUSG00000022849	-0.241053	0.141934	-0.082508	0.415643	1.193664	1.438439
ENSMUSG00000022855	0.160337	0.234862	-0.023247	0.034592	-0.080080	0.328354
ENSMUSG00000022856	0.050995	0.081187	-0.742646	-0.886976	-1.561329	-1.869846
ENSMUSG00000022858	-0.100708	0.121888	-0.054016	-0.112586	-0.523593	-0.773859
ENSMUSG00000022861	-0.913655	-0.575645	-0.248850	-0.194143	-0.050101	0.289265
ENSMUSG00000022863	-0.693319	-0.025076	-1.128650	-1.463349	-1.289421	-1.252264
ENSMUSG00000022864	-0.128074	-0.400227	-0.337224	-0.907868	-1.292169	-1.098034
ENSMUSG00000022867	0.063502	0.272832	0.604899	0.218304	0.891625	0.798574
ENSMUSG00000022871	-1.459974	-0.910066	-1.450730	1.601245	2.032874	1.751967
ENSMUSG00000022876	-0.158277	-0.044595	-0.275545	-1.045367	-1.068271	-0.651747
ENSMUSG00000022881	-0.072090	-0.021873	-0.098003	0.069301	-0.923083	-0.955777
ENSMUSG00000022884	-0.138413	0.009225	-0.220051	-0.401166	-0.685407	-0.732933
ENSMUSG00000022885	0.697345	0.466478	1.165215	1.849756	2.440202	2.344777
ENSMUSG00000022889	0.248719	0.023967	0.243470	-0.231436	-0.374685	-0.254403
ENSMUSG00000022890	0.124621	0.189796	-0.321319	-0.204012	-0.549235	-0.413159
ENSMUSG00000022895	-0.007894	-0.110009	0.360049	0.185775	1.803496	2.047779
ENSMUSG00000022897	0.050978	0.243278	0.298848	0.138295	0.185623	0.221752
ENSMUSG00000022898	0.078958	0.297814	0.754424	0.769487	1.112674	0.875331
ENSMUSG00000022905	0.090429	0.084417	0.123487	-0.652006	-0.462362	-0.608828
ENSMUSG00000022906	0.036458	0.300614	0.816258	0.659885	0.909984	1.030417
ENSMUSG00000022911	0.263348	0.223842	0.426852	0.045651	0.657564	0.609797
ENSMUSG00000022912	-0.175769	-0.630311	-1.684861	-2.512115	-2.134056	-1.839819
ENSMUSG00000022913	0.080243	0.392321	-0.164160	0.062766	-0.832422	-1.407266
ENSMUSG00000022940	-0.257506	-0.195272	-0.040859	0.119438	0.004821	0.230985
ENSMUSG00000022941	1.215916	0.116627	0.011660	-0.274417	-0.978361	-1.662368
ENSMUSG00000022945	0.014316	0.230594	0.200170	-0.090870	-0.647821	-0.822174
ENSMUSG00000022946	0.068216	-0.180535	1.455455	0.583681	1.820544	1.791502
ENSMUSG00000022948	0.089755	0.440625	0.069179	-0.354135	-0.815122	-0.423534
ENSMUSG00000022951	-0.076183	0.262160	0.445016	0.448498	0.592854	0.597376
ENSMUSG00000022952	0.265406	-1.289044	-1.659438	-0.478813	0.432483	0.397599
ENSMUSG00000022956	0.006500	0.098506	-0.327557	0.148208	-0.460884	-0.696815
ENSMUSG00000022957	0.802245	0.324675	1.025266	1.801780	2.104119	1.937999
ENSMUSG00000022960	-0.395282	-0.160834	0.093077	-0.104644	-0.840593	-1.534367
ENSMUSG00000022961	-0.220422	0.075662	-0.221561	-0.029431	-0.098885	0.416571
ENSMUSG00000022962	-0.097858	-0.129032	-0.424453	-0.888525	-1.853221	-2.230154
ENSMUSG00000022964	0.152881	0.770742	0.946809	0.881315	1.460858	1.745016
ENSMUSG00000022965	0.164071	-0.335562	-0.199921	0.057052	0.261790	0.461161
ENSMUSG00000022967	0.157876	0.652841	0.604641	0.910577	1.064480	1.316183
ENSMUSG00000022969	0.240218	0.372293	0.129455	2.041839	1.639154	2.571085
ENSMUSG00000022971	0.374926	-0.192058	-0.761749	-0.173082	-0.287816	0.286914
ENSMUSG00000022972	-0.117676	-0.519197	-0.453026	-0.952017	-1.751816	-1.500810
ENSMUSG00000022973	-0.508537	-0.120684	0.435177	0.752880	0.785569	0.570387
ENSMUSG00000022974	0.044858	0.012487	-0.234746	-0.310702	-0.393567	0.008086
ENSMUSG00000022978	-0.087194	-0.120365	0.281259	0.049968	0.240269	0.573804
ENSMUSG00000022982	0.022828	0.056075	0.165576	0.151755	0.337629	0.225508
ENSMUSG00000022983	-0.224083	-0.037516	-0.038741	0.044696	-0.312573	-0.779908
ENSMUSG00000022992	-0.332829	-0.309148	-0.435169	-0.541840	-0.615734	-0.776305
ENSMUSG00000022994	2.238467	1.144571	0.782459	0.925128	1.222482	1.436949
ENSMUSG00000022999	0.083604	0.416233	0.339003	1.687147	2.062576	2.065569
ENSMUSG00000023004	-0.283014	-0.209159	0.250619	-0.488967	-0.460130	-1.166830
ENSMUSG00000023007	-0.221711	0.473793	-0.097850	-0.280219	-0.503803	-0.172515
ENSMUSG00000023008	0.744302	0.708351	1.325092	0.959477	1.202174	1.495230
ENSMUSG00000023009	-0.838417	-0.506481	-0.512871	0.226666	0.667533	0.887471
ENSMUSG00000023010	0.181577	0.287531	0.626586	0.576596	0.544717	0.587277
ENSMUSG00000023015	-0.018026	0.073746	0.485803	0.105049	0.129062	-0.078742
ENSMUSG00000023018	0.058330	0.133543	0.583011	0.618714	1.068645	0.994164
ENSMUSG00000023019	0.465144	0.617552	0.875347	1.593782	0.329505	0.986369
ENSMUSG00000023020	0.032744	-0.200108	-0.522640	-0.296233	-0.176927	-0.344809
ENSMUSG00000023021	0.300868	0.355533	0.036459	0.000248	0.086192	0.188138
ENSMUSG00000023022	2.167697	1.073401	0.315306	0.374361	-0.169185	0.249146
ENSMUSG00000023025	-0.035296	-0.574065	-0.210583	-1.092527	-0.817107	-1.433276
ENSMUSG00000023026	0.017396	-0.312072	-0.197092	0.182089	0.581560	0.706042
ENSMUSG00000023027	-0.128632	-0.363562	0.285540	-0.291885	-0.327111	-0.435060
ENSMUSG00000023030	0.364608	-0.218185	-0.522091	-1.509822	-1.102784	-1.085430
ENSMUSG00000023031	-1.225475	-0.850339	-0.262763	-0.571576	-1.099928	-2.221331
ENSMUSG00000023032	-0.694105	-0.393064	0.332702	0.797742	1.603511	1.946479
ENSMUSG00000023034	0.764594	0.119196	-0.424279	0.364188	0.443278	0.157187
ENSMUSG00000023036	0.388806	0.232643	-0.087515	-0.545884	-1.091997	-1.135405
ENSMUSG00000023044	0.427731	0.496615	0.600663	1.784384	1.991592	1.873696
ENSMUSG00000023045	0.813402	-0.339989	-0.911472	-0.314457	-0.351925	-1.385347
ENSMUSG00000023048	0.177706	0.718056	1.102930	1.925438	1.673470	1.697050
ENSMUSG00000023050	1.491460	1.293181	0.917701	0.997001	2.246839	1.716576
ENSMUSG00000023051	0.100571	0.145530	-0.109094	0.006586	-0.244308	-0.533932
ENSMUSG00000023052	0.329673	1.240433	0.044199	0.533619	0.578483	0.722734
ENSMUSG00000023055	0.501572	0.699005	0.558557	2.176825	3.215297	3.785955
ENSMUSG00000023066	0.128590	0.066710	-0.268092	0.309571	0.446310	-0.116485
ENSMUSG00000023067	-0.394016	0.538517	0.771459	0.128550	-0.191967	-0.610916
ENSMUSG00000023068	-0.043436	-0.266895	-0.832738	-0.908307	-1.402796	-1.261185
ENSMUSG00000023072	0.015969	0.501975	0.419344	-0.038599	-0.341177	-0.618800
ENSMUSG00000023074	-0.247311	-0.063797	-0.137086	-0.319769	0.753701	0.647421
ENSMUSG00000023075	0.171450	0.099633	0.668054	0.727907	1.018648	0.922191
ENSMUSG00000023079	-0.635362	-0.672354	-0.411814	1.013875	0.717512	1.784558
ENSMUSG00000023087	0.146660	0.266565	0.810569	1.223226	2.157317	2.626000
ENSMUSG00000023088	-0.137142	-0.530524	-0.986154	-1.207146	-1.651622	-1.833202
ENSMUSG00000023089	-0.015669	0.179340	-0.614016	-1.423162	-2.284909	-1.965306
ENSMUSG00000023094	0.197594	0.021182	0.181721	0.166725	0.423164	0.600889
ENSMUSG00000023104	-0.026498	0.001989	0.241219	0.225447	0.084693	-0.177920
ENSMUSG00000023106	-0.061407	0.252140	-0.308455	-0.586917	-1.322335	-0.682820
ENSMUSG00000023110	0.080022	-0.011541	-0.638427	-1.009044	-1.667111	-1.902867
ENSMUSG00000023118	-0.035935	-0.079076	-0.081718	-0.076345	-0.225720	-0.441239
ENSMUSG00000023143	-0.399589	-0.353990	-0.332402	-0.750511	-0.782529	-1.015979
ENSMUSG00000023147	-0.295321	-0.511950	-0.486066	-0.498047	-1.098120	-1.440288
ENSMUSG00000023150	-0.065295	-0.233489	-0.513128	-0.355019	-0.042256	-0.308280
ENSMUSG00000023156	-0.200209	-0.444042	-0.494519	-0.991649	-1.246616	-1.877452
ENSMUSG00000023169	0.172567	0.226827	0.724971	0.400332	0.629588	0.470310
ENSMUSG00000023170	-0.264368	-0.090873	-0.004136	0.451049	0.411607	0.359867
ENSMUSG00000023175	0.080527	0.625856	0.463929	0.242937	-0.706218	-1.196182
ENSMUSG00000023186	-0.013260	-0.376857	-0.600862	-0.753982	-0.468813	0.103512
ENSMUSG00000023191	0.350305	0.895754	-0.827758	-1.703291	-2.693836	-2.943810
ENSMUSG00000023206	-0.554499	-1.036013	-1.577722	-0.864765	-0.554413	-0.431201
ENSMUSG00000023232	-0.340407	0.124794	0.438853	1.332794	1.196967	0.451223
ENSMUSG00000023235	-0.562146	0.210851	-0.216968	-0.491370	-0.544032	-0.403581
ENSMUSG00000023249	0.738058	0.635029	0.697041	1.023115	1.725100	2.185368
ENSMUSG00000023259	0.304343	-0.106619	-0.961836	-1.048454	-0.780745	-0.784780
ENSMUSG00000023262	-0.088759	-0.139844	-0.331123	-0.147605	-0.218761	-0.690862
ENSMUSG00000023266	-0.120671	0.793735	0.398935	1.125605	0.436314	0.902084
ENSMUSG00000023272	-0.218136	0.008078	-0.284409	-0.417642	-0.716568	-0.924371
ENSMUSG00000023277	0.066431	-0.075195	0.223211	0.202772	0.462253	0.433740
ENSMUSG00000023284	0.330695	0.270694	-0.429997	-0.220143	-1.187676	-0.060763
ENSMUSG00000023286	-0.234530	0.005452	-0.509435	-0.563073	-0.999369	-0.709690
ENSMUSG00000023307	0.150368	-0.051160	-0.320117	0.001443	-0.010426	0.178024
ENSMUSG00000023328	1.713939	1.217620	0.159061	-0.551624	-0.653245	-0.141316
ENSMUSG00000023330	0.290780	-0.282410	-0.463749	-0.519026	-1.196715	-1.158047
ENSMUSG00000023345	0.051660	0.120257	-0.135858	0.348726	0.145162	-0.452278
ENSMUSG00000023348	-0.380356	-0.809156	-0.823463	0.214088	0.254421	0.071877
ENSMUSG00000023353	0.021861	0.169311	0.000885	-0.327116	-0.388399	-0.441237
ENSMUSG00000023391	-1.035707	-1.362063	-1.466768	-1.051574	0.075484	0.053496
ENSMUSG00000023393	-0.275007	-0.948428	-2.190902	-2.224971	-3.660889	-4.070303
ENSMUSG00000023443	-0.914560	-0.838230	-1.103777	-1.415853	-2.245517	-3.059860
ENSMUSG00000023452	0.060437	-0.604716	-0.935387	-0.214449	-0.270621	0.369849
ENSMUSG00000023456	0.459213	0.874903	0.486439	0.704937	-0.722312	-1.984328
ENSMUSG00000023460	0.295195	0.167860	-0.053842	0.060214	0.397557	0.695863
ENSMUSG00000023495	0.277429	0.579245	0.936330	0.799882	0.867891	0.776444
ENSMUSG00000023505	-0.199296	0.085746	-0.028874	0.369143	0.335620	-0.244452
ENSMUSG00000023571	-0.480751	-0.333013	-1.108761	-0.642848	-0.444162	0.455340
ENSMUSG00000023572	-0.264479	0.097752	0.458424	1.467067	1.322224	1.509904
ENSMUSG00000023707	-0.216275	-0.082870	0.090212	0.213766	0.262284	0.346928
ENSMUSG00000023723	0.359099	0.349868	0.197458	-0.175413	-0.352409	-0.088114
ENSMUSG00000023755	-0.200234	-1.037731	-1.008004	-0.836173	-1.316697	-1.550075
ENSMUSG00000023764	-0.279002	0.160073	-0.063021	0.439126	0.082353	0.301718
ENSMUSG00000023781	1.923296	-0.149827	-1.043682	-0.769472	-0.786547	-1.449390
ENSMUSG00000023791	0.083151	0.269426	-0.071202	0.349835	0.011772	-0.021587
ENSMUSG00000023795	0.077067	-0.081878	-0.182814	0.130951	0.437886	1.242651
ENSMUSG00000023800	1.704060	0.111251	0.708128	0.485322	0.371017	0.795690
ENSMUSG00000023805	0.456040	1.515080	1.194068	0.159150	-0.669440	-0.950106
ENSMUSG00000023806	-0.099060	-0.139731	0.045478	1.130815	1.203826	0.807931
ENSMUSG00000023809	-0.309320	-0.653635	-0.590274	0.126104	1.033223	1.115522
ENSMUSG00000023827	-0.441564	-0.795533	-0.867576	-0.755417	-0.493160	-0.258517
ENSMUSG00000023830	0.552144	-0.681312	-1.301580	-1.587741	0.115833	-0.331982
ENSMUSG00000023832	0.213031	0.546609	0.743855	0.304093	0.344834	0.523609
ENSMUSG00000023845	0.326163	-0.129576	0.583698	0.141296	0.662470	0.553645
ENSMUSG00000023846	-0.045576	-0.210872	-0.348771	-0.764364	-1.022792	-0.550634
ENSMUSG00000023852	0.094431	0.052531	0.044834	-0.519841	-0.283343	-0.325637
ENSMUSG00000023861	-0.227387	-0.075563	-0.329987	0.039763	-0.522366	-0.810227
ENSMUSG00000023873	0.119026	0.084312	0.009982	0.374178	0.609312	1.578385
ENSMUSG00000023882	0.281013	0.105064	-1.264229	0.647347	-0.474237	0.765653
ENSMUSG00000023883	0.161322	0.371786	0.203535	-0.277079	-1.187330	-1.102581
ENSMUSG00000023892	-0.696187	-0.122326	0.660089	0.577171	0.346881	0.797873
ENSMUSG00000023904	0.216668	0.333888	0.280327	0.512502	0.243005	0.429196
ENSMUSG00000023905	-0.298614	-0.609117	-0.310692	-1.135233	-0.656676	-0.235324
ENSMUSG00000023908	-0.251137	-0.101063	-0.210862	0.163495	-0.257495	-0.801456
ENSMUSG00000023909	-1.143789	-1.423992	-1.214170	-0.908851	0.135891	-1.166011
ENSMUSG00000023915	0.282614	-0.380078	-0.321530	-1.076653	-0.809818	-1.208709
ENSMUSG00000023919	-0.210428	-0.161685	0.307356	-0.576573	-0.488112	-0.205987
ENSMUSG00000023921	0.065732	-0.733025	-0.365755	-0.171860	0.149961	-0.494789
ENSMUSG00000023923	0.228881	0.150100	0.475872	0.979568	0.889652	0.631772
ENSMUSG00000023927	1.193771	2.255146	1.893251	2.281102	2.263292	2.244820
ENSMUSG00000023932	0.164293	0.079741	0.333397	-0.099223	0.076411	0.494046
ENSMUSG00000023938	0.093654	0.261154	0.442943	0.095744	0.012598	-0.115038
ENSMUSG00000023939	-0.032405	0.317504	0.384537	0.750774	0.518751	0.367127
ENSMUSG00000023940	0.180683	0.168172	0.283496	0.036000	-0.075597	-0.178086
ENSMUSG00000023942	0.151943	0.008646	-0.776458	-0.898709	-1.686291	-2.050416
ENSMUSG00000023944	0.386296	0.278062	0.389361	-0.071862	-0.023880	0.021818
ENSMUSG00000023947	0.254825	-0.451774	0.346280	0.532975	0.803297	1.803252
ENSMUSG00000023951	-0.133307	-0.344006	-0.417614	-1.349133	-2.879306	-3.154509
ENSMUSG00000023952	0.118998	0.226906	0.610316	1.107692	1.395774	1.350906
ENSMUSG00000023953	-0.138692	0.330016	0.540574	0.245315	1.349841	1.287914
ENSMUSG00000023959	0.784210	-0.363216	-0.754694	-1.654464	-1.101915	-0.788020
ENSMUSG00000023961	0.049311	-0.022040	0.941014	-0.460754	-0.081302	-0.540835
ENSMUSG00000023965	-0.045975	0.248694	0.237033	0.447380	-0.141971	0.008696
ENSMUSG00000023966	-0.646280	-0.656512	-1.268673	-0.231946	0.909645	1.490576
ENSMUSG00000023967	-0.027148	-0.059303	-0.659383	-0.838488	-0.865559	-0.548249
ENSMUSG00000023971	-0.085259	-0.004300	-0.000652	0.056553	0.310436	0.270434
ENSMUSG00000023973	0.086076	0.032574	-0.289683	-0.230251	-0.808848	-0.968430
ENSMUSG00000023977	0.286198	0.147911	0.262459	0.498339	0.870881	1.045834
ENSMUSG00000023979	-0.182953	-0.360719	-2.053917	-0.916501	-0.598748	-0.208175
ENSMUSG00000023980	-0.287173	-0.081893	-0.094940	0.375375	0.884762	0.720489
ENSMUSG00000023982	-0.000366	0.096549	-0.446797	-0.124204	-0.355270	0.108192
ENSMUSG00000023984	-0.112383	0.950818	-0.329617	-0.302533	-0.947774	-0.314132
ENSMUSG00000023988	-0.033585	-0.028746	-0.445187	-0.840201	-1.542431	-1.612792
ENSMUSG00000023990	0.097050	1.120959	1.252616	0.914536	0.014458	-0.072056
ENSMUSG00000023991	-0.185517	0.007012	-0.368850	-0.303587	-0.525716	-0.288154
ENSMUSG00000023994	-0.019063	-0.057595	-0.255989	-0.525245	-0.158161	-0.559863
ENSMUSG00000024002	-0.216710	0.198242	0.012039	0.478598	-0.000484	0.043991
ENSMUSG00000024006	-0.177248	0.232614	0.035972	0.535608	0.720564	0.906057
ENSMUSG00000024007	-0.150022	-0.099438	-0.160053	-0.334679	-1.097580	-1.643407
ENSMUSG00000024008	-0.953786	-0.246851	1.011658	1.019942	0.250336	-0.265965
ENSMUSG00000024012	0.002094	0.240758	0.098174	0.635075	0.492447	0.130108
ENSMUSG00000024013	-0.074605	-0.739379	-2.834874	-1.758310	-3.194392	-3.932011
ENSMUSG00000024014	-1.618035	-1.985326	-0.986746	-0.921998	0.253105	0.383586
ENSMUSG00000024018	-0.108023	-0.242115	-0.428672	-0.169993	-0.339695	0.047362
ENSMUSG00000024019	0.032510	-0.526006	-0.038083	-0.286037	-0.016423	-0.010938
ENSMUSG00000024026	0.223895	0.126494	-0.008383	-0.035354	-0.028317	-0.200904
ENSMUSG00000024030	-0.463980	0.188081	0.937507	2.229987	2.425277	2.229340
ENSMUSG00000024037	-0.220684	-0.366215	-0.637987	-1.110762	-1.278033	-1.196587
ENSMUSG00000024038	0.054056	0.464568	0.416256	0.294591	-0.080094	0.031983
ENSMUSG00000024042	-0.186892	-1.090353	-1.123584	-0.978505	-1.529841	-2.165669
ENSMUSG00000024045	-0.105065	0.057844	-0.041054	-0.194325	-0.115479	-0.323988
ENSMUSG00000024048	-0.316983	-0.034090	0.076690	0.028125	-0.153674	0.040955
ENSMUSG00000024049	1.311939	0.785456	-1.082344	-3.073191	-2.692034	-3.230353
ENSMUSG00000024050	-0.129374	-0.009188	-0.275655	-0.196563	-0.662993	-0.635174
ENSMUSG00000024052	0.009226	0.119324	0.167642	0.214871	0.169882	0.001388
ENSMUSG00000024054	0.288968	-0.035683	0.154851	-0.167845	-0.074369	-0.152630
ENSMUSG00000024055	-0.200874	-0.370114	-1.184247	-0.362375	0.223644	0.458805
ENSMUSG00000024056	0.275169	0.179671	0.355288	0.140224	0.229751	0.225587
ENSMUSG00000024063	0.764885	0.663316	1.137259	1.681720	1.496258	1.122424
ENSMUSG00000024064	0.278832	-0.093940	-0.533104	-0.377753	-0.316004	-0.553352
ENSMUSG00000024066	0.711694	1.660195	0.105445	1.370852	1.197770	1.889208
ENSMUSG00000024067	-0.165848	-0.184217	-0.590156	-0.541701	-1.218802	-1.465489
ENSMUSG00000024068	0.246409	-0.014195	0.184749	0.310080	0.918776	0.884190
ENSMUSG00000024069	-0.061382	0.073570	-0.224867	-0.071929	-0.180880	-0.775071
ENSMUSG00000024070	0.409053	0.475888	0.712932	0.613664	0.691511	0.794090
ENSMUSG00000024072	-0.127049	-0.163489	-0.046842	0.404552	0.282062	0.328224
ENSMUSG00000024073	-0.003344	-0.501832	-0.636637	-0.750544	-0.787498	-1.013139
ENSMUSG00000024077	0.211267	-0.238087	0.291735	0.084865	0.523769	0.194988
ENSMUSG00000024078	-0.076557	-0.255693	-0.654223	-1.380584	-2.008716	-2.214928
ENSMUSG00000024079	0.228477	-0.541282	-0.706084	-1.981412	-1.951965	-1.349294
ENSMUSG00000024081	-0.048631	-0.401940	-0.511109	-0.713719	-1.156432	-1.063673
ENSMUSG00000024082	0.021092	0.153086	0.020844	-0.068428	-0.526398	-0.347998
ENSMUSG00000024083	0.198151	0.353949	0.633263	0.365198	0.940536	0.723241
ENSMUSG00000024085	0.179711	-0.737092	-0.044037	-0.464017	0.281200	0.162928
ENSMUSG00000024091	0.098367	-0.295791	-0.165973	-0.460135	-0.445119	-0.262280
ENSMUSG00000024096	-0.178419	0.018250	0.087527	0.253632	0.275107	0.745963
ENSMUSG00000024097	0.001285	0.060846	-0.236233	-0.483699	-0.795850	-1.073550
ENSMUSG00000024098	0.597275	0.577746	1.021845	0.613687	1.059568	1.290115
ENSMUSG00000024099	0.103893	0.328962	-0.245362	0.027130	-0.798979	-0.630260
ENSMUSG00000024101	-0.164955	-0.198138	-0.207597	-0.087826	-0.059285	0.269977
ENSMUSG00000024104	0.223628	0.286502	0.639273	0.485414	1.229317	1.638537
ENSMUSG00000024109	-0.293807	-0.074368	-1.004290	-0.191012	0.281500	0.624639
ENSMUSG00000024118	-0.132296	0.295726	0.325383	0.082219	0.072686	0.156072
ENSMUSG00000024120	0.042317	-0.263962	-0.212993	-1.272505	-1.123152	-1.341322
ENSMUSG00000024121	-0.432456	-0.291742	-0.099381	0.613013	0.799369	0.445396
ENSMUSG00000024122	0.011218	-0.284832	0.481613	-0.167957	0.279047	0.078048
ENSMUSG00000024127	0.120130	0.082800	0.360769	0.219705	0.133060	0.204022
ENSMUSG00000024130	-0.116008	0.098136	-0.002845	0.334748	0.239729	0.213289
ENSMUSG00000024131	-0.421692	0.320022	-0.036486	2.070205	-0.017598	-0.592828
ENSMUSG00000024132	0.203024	-0.055228	1.406781	2.007491	1.614502	-0.322798
ENSMUSG00000024135	0.055121	0.136106	-0.376801	-0.034202	0.013657	-0.025223
ENSMUSG00000024136	-0.041491	0.716407	-0.538311	-0.020319	0.571758	-0.138779
ENSMUSG00000024137	-0.022709	0.261932	0.211110	0.348471	0.446312	0.464164
ENSMUSG00000024142	-0.119367	-0.084054	-0.063465	0.003740	0.108507	-0.109114
ENSMUSG00000024143	1.246851	1.230716	1.385446	1.427268	2.827975	1.986249
ENSMUSG00000024145	-0.017696	0.465948	-0.258403	-0.107108	-0.898089	-1.211765
ENSMUSG00000024146	0.098122	0.313100	0.038161	0.000352	-0.185106	0.677421
ENSMUSG00000024150	0.201925	0.269407	0.171394	-0.121541	0.022541	-0.129806
ENSMUSG00000024151	-0.070792	-0.100878	0.257046	0.079497	0.135182	-0.040821
ENSMUSG00000024155	1.587752	1.898843	0.560799	1.023099	1.721797	1.527208
ENSMUSG00000024158	-0.553685	0.045933	0.056372	-0.013419	0.028344	0.183312
ENSMUSG00000024160	-0.186930	0.085191	0.350996	0.290100	0.331225	0.316882
ENSMUSG00000024163	-0.226096	0.165022	-0.427250	-0.116469	-0.656783	-0.690633
ENSMUSG00000024165	0.142172	-0.117663	0.091308	-0.406204	-0.529172	-0.819656
ENSMUSG00000024169	0.047031	0.036887	0.513414	0.791586	1.084637	1.060231
ENSMUSG00000024170	-0.170702	-0.244952	-0.808869	-1.077240	-1.697644	-2.021600
ENSMUSG00000024174	-0.271633	-0.103682	-0.055600	0.557137	0.417601	0.914063
ENSMUSG00000024177	0.152404	0.426612	0.160325	0.818918	0.555564	0.085679
ENSMUSG00000024180	-0.247143	-0.447728	-0.502077	0.156437	0.337683	0.094320
ENSMUSG00000024181	0.028346	-0.106813	0.113425	0.056237	0.051496	-0.376888
ENSMUSG00000024182	-0.087382	0.154417	0.369835	0.224161	0.308806	0.244248
ENSMUSG00000024186	0.832225	2.829717	2.159307	3.076333	0.517306	-1.688865
ENSMUSG00000024187	-0.705742	-0.259235	-0.126274	0.530480	2.124112	2.553296
ENSMUSG00000024188	-0.111066	-0.555402	-1.050891	-0.652802	-0.949211	-1.146479
ENSMUSG00000024190	-0.472149	-0.090474	0.756263	1.421002	1.329317	0.854471
ENSMUSG00000024191	-0.157488	0.181930	-0.304257	-0.386984	-0.799489	-0.910453
ENSMUSG00000024193	-0.034662	0.214670	-0.058727	0.433771	0.135644	-0.191653
ENSMUSG00000024194	-0.125379	-0.181589	-0.140356	0.195452	0.234415	0.048202
ENSMUSG00000024197	-1.616997	-0.254288	1.406936	2.107206	2.996824	3.227920
ENSMUSG00000024201	0.493349	0.599575	1.096057	0.765657	0.604453	0.566828
ENSMUSG00000024206	-0.162378	0.221179	0.274989	0.420193	0.620275	-0.041051
ENSMUSG00000024208	-0.147176	-0.133201	-0.040771	-0.305289	-0.932637	-1.044984
ENSMUSG00000024212	-0.212878	0.077134	0.637410	0.378005	0.686299	0.663878
ENSMUSG00000024213	0.030049	0.005308	-0.294012	-0.076750	0.000521	0.192751
ENSMUSG00000024217	-0.195355	0.149194	-0.273360	-0.137579	-0.813668	-0.762975
ENSMUSG00000024218	-0.234029	-0.098135	-0.053383	0.103520	-0.001953	0.324432
ENSMUSG00000024219	0.213167	-2.092915	-2.601066	-2.399197	-2.096190	-2.106666
ENSMUSG00000024220	0.000003	0.287466	0.362211	0.206241	0.063215	-0.049669
ENSMUSG00000024222	-0.505013	-0.371320	-0.307768	-0.781419	-1.283328	-2.045781
ENSMUSG00000024231	-0.050308	-0.182303	-0.119222	-0.524627	-0.775616	-0.947415
ENSMUSG00000024232	-0.002460	-0.104842	-0.456234	-0.626846	-1.784940	-1.865027
ENSMUSG00000024234	-0.043702	-0.167340	-0.142681	-0.491470	-0.549244	-0.321775
ENSMUSG00000024235	-0.472628	-1.966389	-1.161533	-0.597688	-0.993972	-1.358632
ENSMUSG00000024236	0.336309	0.441850	0.171644	-0.658236	-0.320884	0.236200
ENSMUSG00000024238	0.145965	0.444013	0.357445	0.209037	-0.219034	0.007586
ENSMUSG00000024240	0.054582	0.096895	0.409887	0.807807	1.215827	1.088469
ENSMUSG00000024241	0.420280	0.673207	0.807514	0.988903	1.180651	0.879042
ENSMUSG00000024242	-0.052721	-0.626662	0.788981	-0.588123	-0.446478	-0.268040
ENSMUSG00000024246	-0.241415	-0.008545	0.161594	-0.670888	-0.150562	0.094105
ENSMUSG00000024248	0.184115	0.202408	-0.156122	0.687180	1.317991	1.356394
ENSMUSG00000024251	0.041612	0.058623	-0.171405	-0.252178	-0.561855	-0.931928
ENSMUSG00000024258	-0.111648	0.119868	-0.072110	-0.235766	-0.316301	-0.725608
ENSMUSG00000024259	-0.038977	-0.085157	0.526478	0.532585	0.328339	0.185048
ENSMUSG00000024260	-0.190187	0.010237	-0.048345	0.377636	0.374309	-0.025175
ENSMUSG00000024269	-0.132369	0.186993	-0.563439	0.079585	-0.549921	-0.325282
ENSMUSG00000024270	0.050031	0.005694	0.050833	-0.616271	-0.102646	-0.473291
ENSMUSG00000024271	-0.024942	0.092376	-0.098631	-0.084849	-0.053838	-0.354597
ENSMUSG00000024273	0.054872	0.068288	0.080367	-0.026734	-0.116676	0.058000
ENSMUSG00000024276	0.097447	-0.018665	-0.247198	-0.434480	-0.068026	0.324368
ENSMUSG00000024277	0.020214	-0.149606	-0.218103	0.467995	0.250814	0.015987
ENSMUSG00000024283	-0.197777	0.023648	0.213344	0.245088	0.237965	0.131923
ENSMUSG00000024286	0.258785	0.022761	0.255392	-0.083541	-0.216876	-0.350919
ENSMUSG00000024287	-0.031543	0.158456	-0.097168	-0.576173	-0.777727	-0.162966
ENSMUSG00000024290	0.073276	0.681845	0.905558	0.370581	-0.041818	0.607260
ENSMUSG00000024293	-0.100546	0.040828	0.064269	-0.570361	-0.232025	0.224745
ENSMUSG00000024294	0.243213	-0.191917	-0.212177	-0.581964	-0.292462	-0.571186
ENSMUSG00000024295	0.073068	-0.758982	-0.129640	-0.093061	-0.107608	-0.576921
ENSMUSG00000024298	0.448742	-0.503685	0.108543	-0.197602	1.014219	0.345961
ENSMUSG00000024299	-0.209904	0.440814	-0.033091	0.393745	0.090144	0.228081
ENSMUSG00000024300	-0.866517	-0.709733	-1.341967	-1.385105	-1.363737	-1.516559
ENSMUSG00000024301	-0.177857	-0.147388	0.266398	-0.122697	0.186124	-0.150190
ENSMUSG00000024308	-0.315818	-0.299776	0.035088	0.311083	0.557097	0.817836
ENSMUSG00000024309	-0.156180	0.034954	-0.042958	-0.477883	-1.020636	-0.764988
ENSMUSG00000024312	-0.388575	-0.235087	-0.426758	-0.653984	-1.082283	-1.126277
ENSMUSG00000024317	-0.250326	-0.255322	-0.500826	0.021485	-0.421192	-0.243208
ENSMUSG00000024319	0.018824	0.154790	0.225780	0.537153	0.507689	0.519456
ENSMUSG00000024325	-0.031161	-0.008022	0.345614	0.172327	0.094811	0.470604
ENSMUSG00000024327	-0.282001	-0.221380	0.128731	-0.646227	-0.467548	-0.326329
ENSMUSG00000024330	0.326548	0.757460	0.576368	0.356060	0.079748	0.299353
ENSMUSG00000024334	1.091451	1.459389	2.166033	5.044005	5.252894	5.078746
ENSMUSG00000024335	0.063632	-0.087714	0.386310	0.266160	0.357459	0.318102
ENSMUSG00000024338	-0.247919	-0.198612	0.021356	-0.065958	-0.277525	-0.205460
ENSMUSG00000024339	-0.139337	-0.059783	-0.155384	-0.355087	0.095103	0.401025
ENSMUSG00000024346	0.089034	0.135139	-0.221487	0.083481	-0.176809	-0.002746
ENSMUSG00000024347	0.659843	1.031602	0.681639	1.587796	2.211427	2.001009
ENSMUSG00000024349	0.677062	0.661553	0.861354	1.336369	1.595849	1.521174
ENSMUSG00000024350	0.327785	0.561556	0.567993	0.754449	0.827618	0.848626
ENSMUSG00000024352	0.532106	0.505021	0.645710	0.710677	0.718314	1.408101
ENSMUSG00000024353	-0.484856	-0.509262	-0.349036	-0.227136	0.147019	-0.396152
ENSMUSG00000024354	0.025138	0.212413	-0.839249	-1.259612	-1.199886	-0.738572
ENSMUSG00000024357	0.132902	0.395975	0.485578	0.684282	0.419872	0.239512
ENSMUSG00000024359	0.285146	0.265644	-0.368029	-0.993707	-1.618953	-1.801620
ENSMUSG00000024360	-0.040169	-0.233325	-0.235399	-0.850571	-1.034413	-1.150005
ENSMUSG00000024369	0.082364	0.383232	0.434391	0.353025	-0.287467	-0.228260
ENSMUSG00000024370	-0.132680	-0.088392	0.147690	-0.208290	0.010192	-0.191522
ENSMUSG00000024371	-0.037607	0.425226	-0.149510	-0.223057	-2.236672	-2.175682
ENSMUSG00000024378	-0.428540	-0.680462	-0.635519	-0.786782	-0.594411	-0.508673
ENSMUSG00000024381	0.391014	0.215676	0.166256	-0.158265	0.014119	0.630793
ENSMUSG00000024382	-0.132761	-0.008664	0.291077	0.392793	0.428433	0.611112
ENSMUSG00000024383	0.124319	-0.134711	-0.230874	-0.038334	0.863977	0.462643
ENSMUSG00000024384	-0.036108	-0.057266	0.362050	-0.255790	0.032846	0.093379
ENSMUSG00000024387	-0.038073	0.259161	-0.128471	0.461789	0.025378	-0.070530
ENSMUSG00000024391	-0.195481	-0.111009	-1.025035	1.281938	-0.439426	-0.740901
ENSMUSG00000024392	-0.134977	-0.027888	0.121743	0.186908	-0.017954	-0.133602
ENSMUSG00000024393	-0.039458	-0.029536	0.202166	-0.081006	-0.012465	-0.057388
ENSMUSG00000024397	-0.978411	0.233004	0.105893	-0.045997	-0.857819	0.642436
ENSMUSG00000024399	-0.704897	0.428892	1.638452	1.180094	0.024651	0.945663
ENSMUSG00000024400	-0.131630	0.098231	0.271368	-0.093840	-0.183075	-0.072590
ENSMUSG00000024401	-0.307843	-0.615254	-1.044475	-3.113368	-3.865634	-4.192187
ENSMUSG00000024402	-0.697063	-1.041176	-1.232900	-2.246689	-3.588156	-3.723539
ENSMUSG00000024403	-0.082500	0.030532	-0.529442	0.649902	-0.178559	-0.158866
ENSMUSG00000024404	-0.068998	0.067727	0.049930	0.201390	0.478211	1.101285
ENSMUSG00000024409	0.071662	-0.984239	-1.223457	-0.590742	-1.861449	-2.672729
ENSMUSG00000024410	-0.161011	0.206608	-0.117689	0.394407	0.145751	0.093088
ENSMUSG00000024413	-0.164966	0.104603	0.234261	0.089998	0.334087	0.683316
ENSMUSG00000024414	-0.001898	-0.091245	-0.304575	0.074822	-0.175140	-0.048584
ENSMUSG00000024422	-0.245964	-0.108882	-0.050412	-0.037080	-0.079125	-0.182737
ENSMUSG00000024423	0.036517	0.026681	0.363859	0.002469	-0.148031	-0.178644
ENSMUSG00000024425	0.051439	0.003093	0.597449	1.016239	1.263124	0.496568
ENSMUSG00000024426	-0.436477	0.255061	-0.715176	-0.699908	-2.323861	-2.640322
ENSMUSG00000024427	0.797340	-0.849579	-1.082900	-2.336766	-3.719245	-4.261624
ENSMUSG00000024429	0.036094	-0.008663	0.057034	-0.243481	-0.441068	-0.351339
ENSMUSG00000024431	0.195222	0.337119	0.538202	0.571830	1.114547	1.075469
ENSMUSG00000024436	-0.132640	0.180331	-0.649328	-0.718445	-2.093969	-2.000229
ENSMUSG00000024442	-0.001694	0.503047	0.714536	0.790126	0.709278	0.606659
ENSMUSG00000024446	-0.366982	0.053113	-0.141256	-0.010264	-0.504762	-0.459259
ENSMUSG00000024454	-0.065140	0.317955	0.235701	0.417187	0.292783	-0.035093
ENSMUSG00000024456	-0.206880	-0.106547	0.178872	0.497278	0.028965	-0.090097
ENSMUSG00000024457	-0.134403	0.270324	0.498216	1.164570	1.379176	1.575688
ENSMUSG00000024472	0.092797	-0.200542	0.055518	-0.541086	-0.267526	-0.463882
ENSMUSG00000024474	0.241108	0.234649	0.550912	0.378567	0.556212	0.859900
ENSMUSG00000024477	0.050617	-0.394568	0.261743	-0.637921	0.240913	-0.138991
ENSMUSG00000024480	-0.180216	-0.110551	-0.205188	-0.217644	-0.265652	-0.478166
ENSMUSG00000024483	-0.171285	0.047703	-0.602638	0.007107	-0.637209	-0.567589
ENSMUSG00000024487	-0.036771	0.192011	0.015442	0.178047	0.022398	-0.131078
ENSMUSG00000024491	-0.130057	-0.224311	-0.142386	-0.339419	-0.347813	-0.645409
ENSMUSG00000024493	0.082297	-0.001744	0.122771	-0.550202	-0.848960	-0.928017
ENSMUSG00000024498	-0.095074	-0.117260	-0.204379	-0.212433	-0.576012	-0.955515
ENSMUSG00000024505	-0.108668	-0.379003	-0.274928	-0.316729	-0.742746	-1.221842
ENSMUSG00000024507	0.107828	0.092399	0.317388	0.247391	0.445654	0.462573
ENSMUSG00000024513	-0.081221	0.215501	0.483773	1.083112	1.405597	1.701953
ENSMUSG00000024515	-0.002533	0.146492	0.127378	0.467732	0.781459	0.465641
ENSMUSG00000024516	-0.092680	0.144373	0.310318	0.228189	0.563625	1.115803
ENSMUSG00000024524	-0.261910	0.564477	-1.315583	-0.151637	0.940048	0.073099
ENSMUSG00000024525	0.041793	0.056779	-0.264474	-0.372721	-1.236810	-2.164413
ENSMUSG00000024527	0.021968	0.073925	-0.132118	-0.437321	-0.827780	-0.886303
ENSMUSG00000024528	-0.157694	-0.938529	-1.704009	-2.393416	-2.905941	-2.250774
ENSMUSG00000024535	0.908734	1.368363	0.486796	0.914288	0.362556	0.424942
ENSMUSG00000024537	-0.153934	0.102535	-0.574875	-0.161959	-0.797044	-1.094485
ENSMUSG00000024539	0.022306	0.333047	0.217019	-0.374324	-0.876211	-0.762561
ENSMUSG00000024542	0.118370	0.108715	0.132946	0.183834	0.356163	0.246627
ENSMUSG00000024544	-0.218110	0.865032	0.687116	1.841009	1.747569	1.467116
ENSMUSG00000024556	0.194180	0.257703	0.568276	0.362154	-0.319377	-0.865666
ENSMUSG00000024560	-0.066546	-0.092728	0.186697	0.119750	0.386721	0.403972
ENSMUSG00000024561	-0.226421	-0.197959	0.122607	0.371041	0.948026	0.976270
ENSMUSG00000024563	-0.040762	-0.059778	0.290735	-0.211942	-0.344816	-0.059083
ENSMUSG00000024565	-0.264137	-1.056299	-0.303816	-1.471644	-1.677341	-2.129027
ENSMUSG00000024566	-0.187077	0.132362	-0.203739	0.321217	0.035579	0.144706
ENSMUSG00000024570	-0.054214	-0.112107	-0.347312	-0.256032	-0.451737	-0.613822
ENSMUSG00000024571	-0.136896	-0.023242	-0.326129	-0.474982	-0.668465	-0.708656
ENSMUSG00000024576	0.198699	-0.177428	0.029016	-0.316540	-0.290175	-0.328141
ENSMUSG00000024579	-0.782022	-0.118958	-0.548352	-0.620705	-0.536315	-1.380833
ENSMUSG00000024580	-0.276399	-0.364370	-0.570135	-0.998681	-0.566248	-0.828679
ENSMUSG00000024581	-0.207541	-0.250784	0.107119	-0.173999	0.141385	0.191968
ENSMUSG00000024583	-0.280962	-0.178761	-0.325653	-0.075517	-0.813987	-1.021667
ENSMUSG00000024587	0.130115	0.041317	0.192940	-0.485876	-0.975291	-1.099847
ENSMUSG00000024588	-0.061000	-0.616833	-0.879730	-1.006561	-0.743386	-1.074926
ENSMUSG00000024589	-0.506731	-0.370681	-0.140489	0.121044	0.218456	0.573595
ENSMUSG00000024590	0.009029	-0.091545	0.866456	0.188708	0.665093	0.264923
ENSMUSG00000024592	-0.036176	0.415991	0.142825	0.254307	-0.307704	0.096724
ENSMUSG00000024593	-0.319118	-2.864687	-1.162695	-1.109433	0.066057	-0.523600
ENSMUSG00000024594	0.045160	0.149798	0.200845	0.750405	0.694308	0.356659
ENSMUSG00000024597	-0.014968	0.320569	0.392778	-0.295507	-0.023096	-0.191219
ENSMUSG00000024601	-0.043710	-0.318377	0.331744	-1.247240	-0.825923	-2.018242
ENSMUSG00000024603	0.089411	0.079149	0.278626	0.318431	0.685708	0.968011
ENSMUSG00000024604	-0.096725	0.036601	-0.009629	-0.070450	-0.105889	0.012890
ENSMUSG00000024608	-0.062442	-0.132475	-0.091742	-0.646665	-0.922050	-0.116846
ENSMUSG00000024610	-0.558075	0.125879	0.176945	1.647941	1.380937	1.698700
ENSMUSG00000024613	0.037792	-0.132752	-0.517351	-1.234441	-1.331913	-1.364587
ENSMUSG00000024614	-0.015818	-0.154468	0.356637	0.185955	0.310028	0.467159
ENSMUSG00000024617	1.150255	1.390788	1.075251	0.544487	2.091955	1.243880
ENSMUSG00000024622	-0.158859	-0.232145	-0.573969	-0.502131	-0.705673	-0.667414
ENSMUSG00000024639	-0.063835	-0.007306	-0.185412	-0.151851	0.007399	0.260947
ENSMUSG00000024640	0.080078	0.001949	-0.161412	-0.617846	-0.492069	-0.908119
ENSMUSG00000024642	-0.040929	-0.256205	0.420628	0.286794	0.984447	0.292099
ENSMUSG00000024644	0.011480	0.213240	0.431675	0.097124	0.225150	0.268840
ENSMUSG00000024645	0.040876	-0.095634	-0.395130	-0.476761	-0.628923	-0.534100
ENSMUSG00000024646	-1.242545	-0.563268	-0.349529	-0.480759	-0.433945	-0.270871
ENSMUSG00000024654	-0.069026	0.141268	0.201633	0.372867	0.429361	0.415394
ENSMUSG00000024658	-0.530125	-0.232052	-0.286695	0.497909	-0.993821	0.205176
ENSMUSG00000024659	1.634699	1.223447	0.884661	1.183564	1.053110	1.242306
ENSMUSG00000024660	-0.037642	0.147688	0.213820	0.027358	-0.039893	-0.111487
ENSMUSG00000024661	-0.483658	-0.483081	-0.428360	0.096656	-0.407394	-0.191182
ENSMUSG00000024663	0.765070	0.064747	0.049492	0.479091	0.189595	0.351087
ENSMUSG00000024665	0.655233	0.284938	-0.319725	-0.721129	-0.649625	-1.442933
ENSMUSG00000024666	-0.242382	-0.623166	-0.198789	-0.294020	-0.481073	-0.707470
ENSMUSG00000024667	-0.043838	-0.355873	-1.137318	-0.240326	-1.306358	-1.645173
ENSMUSG00000024668	-0.315058	-0.417861	-0.485406	-0.245407	0.112607	0.567314
ENSMUSG00000024669	-0.124310	-0.253633	0.732390	1.623895	0.348480	0.023738
ENSMUSG00000024683	-0.128032	-0.669767	-0.155812	-0.252595	-0.507000	-0.511378
ENSMUSG00000024687	0.108211	0.051239	0.694058	0.178254	0.533862	0.724809
ENSMUSG00000024691	-0.373148	-0.901759	-0.479654	-0.241258	-0.152201	-0.258649
ENSMUSG00000024695	0.052972	0.213187	-0.117278	-0.197498	-0.468302	-0.273883
ENSMUSG00000024696	-1.381375	-0.421076	0.412205	1.982831	1.141831	0.196826
ENSMUSG00000024712	0.099386	0.200785	0.632382	0.407075	-0.000053	-0.048840
ENSMUSG00000024725	-0.415247	-0.661314	-0.521590	0.525731	0.300419	0.368606
ENSMUSG00000024726	-0.055473	-0.086442	-0.430903	-0.589526	-0.946271	-1.140724
ENSMUSG00000024730	0.747864	0.231147	-1.595986	-0.436915	-1.537876	-1.667028
ENSMUSG00000024732	-0.128497	-0.148379	-0.990571	-1.645962	-2.039400	-2.037119
ENSMUSG00000024735	-0.202780	-0.175378	-0.221770	-0.395332	-0.821231	-1.204111
ENSMUSG00000024736	-0.641654	-1.035058	-1.949706	-1.263802	-0.565936	-0.606737
ENSMUSG00000024737	0.414059	0.004319	-0.311053	-0.045961	-0.313948	-1.101220
ENSMUSG00000024740	-0.061464	-0.315892	-0.130773	-0.234844	0.256296	-0.149515
ENSMUSG00000024742	-0.072397	0.016079	0.092559	-0.351519	-0.360402	-0.904282
ENSMUSG00000024750	0.000569	-0.056106	-0.230305	-0.117143	-0.154321	0.159321
ENSMUSG00000024754	2.404679	1.393214	0.568928	1.648549	1.048535	2.139877
ENSMUSG00000024758	-0.189838	-0.073749	0.075478	0.641756	0.533968	-0.017135
ENSMUSG00000024759	0.418068	-0.555698	0.142041	-0.397884	0.209522	-0.058238
ENSMUSG00000024764	0.025199	-0.000561	0.300242	0.138164	0.427297	0.090972
ENSMUSG00000024766	0.310557	0.133896	-0.368843	-0.653477	-0.503058	-0.644103
ENSMUSG00000024767	-0.043147	0.106764	-0.007509	0.232244	0.150363	0.239213
ENSMUSG00000024772	0.040738	0.096947	0.023187	-0.029573	-0.087467	-0.234709
ENSMUSG00000024773	0.032975	0.195923	0.415933	0.682860	1.025876	0.866805
ENSMUSG00000024776	-0.448842	-0.710057	-0.589769	0.327381	1.039108	1.137808
ENSMUSG00000024777	0.101648	-0.087245	-0.014411	-0.133982	0.445841	0.752118
ENSMUSG00000024778	0.250186	0.231616	0.867875	0.715215	0.895802	2.855026
ENSMUSG00000024780	0.443315	-0.192920	-0.228786	0.046831	0.350465	0.675669
ENSMUSG00000024781	0.667997	0.451789	-0.341741	1.317362	1.604495	1.439414
ENSMUSG00000024782	0.178241	0.157792	0.600442	0.528131	0.995215	1.254464
ENSMUSG00000024785	-0.280583	-0.429813	-0.586028	-0.871698	-1.406096	-1.903145
ENSMUSG00000024787	-0.107206	0.246853	0.371276	-0.363062	-0.015857	0.300510
ENSMUSG00000024789	0.304337	0.245364	0.423760	0.601209	1.128866	1.444015
ENSMUSG00000024790	0.227456	-0.347021	0.125428	-0.144116	-0.260516	-1.194468
ENSMUSG00000024791	-0.075675	-0.244484	0.289931	0.053407	-0.052144	-0.703714
ENSMUSG00000024792	-0.116499	0.185431	-0.441072	0.435404	0.250668	0.357924
ENSMUSG00000024795	-0.081046	0.240417	-0.029190	-0.537243	-0.591731	-0.091090
ENSMUSG00000024797	-0.258485	-0.109340	-0.233752	0.063613	0.380304	0.391062
ENSMUSG00000024799	-0.270062	0.173885	-0.383038	0.363465	0.084770	0.240024
ENSMUSG00000024800	-0.079336	-0.132837	-0.207670	-0.734958	-1.160257	-1.210838
ENSMUSG00000024805	0.232713	0.158615	0.404216	-0.172675	0.082488	0.037996
ENSMUSG00000024807	0.021774	-0.072487	0.050198	0.835835	1.211550	0.982774
ENSMUSG00000024810	3.629781	1.656598	1.558057	1.545398	3.407459	3.804384
ENSMUSG00000024811	0.233718	0.003127	0.775442	0.691827	1.097336	0.993829
ENSMUSG00000024812	0.167706	-0.229640	0.419928	0.178816	0.470766	0.490713
ENSMUSG00000024816	-0.003963	-0.057153	0.449153	0.332255	0.958932	0.792245
ENSMUSG00000024817	0.211530	0.617806	0.159820	0.416998	-0.001435	0.127080
ENSMUSG00000024818	0.233761	-0.079594	-0.535385	-0.135402	0.358577	0.615749
ENSMUSG00000024824	-0.302835	-0.195849	-0.290452	-0.357715	-0.239092	-0.372177
ENSMUSG00000024826	0.195282	0.202079	0.418163	0.403650	0.619749	0.634458
ENSMUSG00000024829	-0.155409	-0.144320	-0.296675	-0.239515	-0.538353	-0.640932
ENSMUSG00000024830	-0.031540	0.288598	-0.158688	-0.079697	-0.177087	-0.130848
ENSMUSG00000024831	-0.224470	-0.403125	-0.235849	-0.242498	-0.439444	-0.499122
ENSMUSG00000024833	-0.016690	0.131273	0.106773	0.096235	0.077639	-0.369626
ENSMUSG00000024835	-0.341499	-0.396181	-0.122353	-0.408226	0.206305	0.572386
ENSMUSG00000024841	0.016117	-0.098620	0.063065	-0.502285	-0.278898	-0.219945
ENSMUSG00000024842	-0.163545	-1.740098	-2.591071	-2.973162	-3.029565	-3.721887
ENSMUSG00000024843	-0.304766	-0.177450	-0.403260	-0.279790	-0.713482	-0.884506
ENSMUSG00000024844	0.054839	0.063076	-0.049379	-0.000083	-0.346357	-0.962126
ENSMUSG00000024845	-0.310928	-0.083305	0.024837	0.019807	-0.236943	-0.432302
ENSMUSG00000024847	-0.060094	0.059423	-0.350631	-0.376722	-0.765794	-0.603204
ENSMUSG00000024851	-0.317371	-0.896866	-1.134291	-1.890843	-2.012374	-1.926610
ENSMUSG00000024853	0.111300	-0.004273	0.445393	0.080000	0.502128	0.497270
ENSMUSG00000024854	-0.025203	-0.339477	-0.721836	0.105551	0.035161	-0.152919
ENSMUSG00000024855	0.003216	0.363502	0.594960	0.767442	0.386285	0.471792
ENSMUSG00000024856	-0.378381	-0.333316	-0.150903	-0.349490	-0.407135	-0.564686
ENSMUSG00000024858	-0.753577	-0.348449	0.035846	0.214475	0.861999	1.189983
ENSMUSG00000024862	-0.459334	0.194763	0.028879	-0.005734	0.290102	0.745246
ENSMUSG00000024866	1.904400	1.474460	-0.928718	0.232311	0.553749	1.605264
ENSMUSG00000024867	-0.057020	0.071561	0.132575	-0.242089	-0.131214	-0.379463
ENSMUSG00000024869	-0.173438	-0.037234	-0.625673	-0.601703	-1.387453	-1.555867
ENSMUSG00000024870	-0.066394	-0.071765	0.145404	0.166247	0.513060	0.351431
ENSMUSG00000024871	-0.256188	-0.456712	-1.615852	-0.748418	-1.280968	-1.905283
ENSMUSG00000024873	0.451068	1.128153	0.813071	0.454357	0.432416	-0.714501
ENSMUSG00000024875	0.057035	-0.075724	0.205105	0.032914	0.064095	-0.259282
ENSMUSG00000024878	-0.325937	-0.158592	-0.132006	-0.124935	-0.440651	-0.786474
ENSMUSG00000024883	0.246364	-0.575788	-0.820245	-0.131222	-0.768428	0.239195
ENSMUSG00000024885	0.301945	0.076623	0.416233	1.827437	2.538788	3.096869
ENSMUSG00000024887	0.308440	-0.068036	-0.176669	0.114191	0.573744	0.622659
ENSMUSG00000024889	0.019029	0.124177	0.031472	0.200102	0.191332	-0.301616
ENSMUSG00000024891	-0.235200	-0.793811	-2.114080	-2.144097	-2.724177	-3.123770
ENSMUSG00000024892	-0.030572	0.062886	0.421191	0.283501	-0.403438	-1.425909
ENSMUSG00000024896	-0.159910	-0.334371	-0.021497	-0.110184	-0.160638	-0.522491
ENSMUSG00000024897	1.298232	1.067744	-0.804557	-0.939186	-2.270170	-1.914250
ENSMUSG00000024899	-1.176147	-1.433662	-1.873477	-0.968678	-0.810728	1.206565
ENSMUSG00000024900	-0.299041	0.002537	0.974453	0.571492	1.503578	1.570580
ENSMUSG00000024901	-1.043073	0.907996	-0.723357	-0.823174	0.284040	1.468451
ENSMUSG00000024902	0.170095	0.314496	-0.239315	-0.642104	-0.754141	-0.794828
ENSMUSG00000024905	-0.923210	-0.013544	0.912543	0.070247	-0.072322	-0.701249
ENSMUSG00000024906	0.217263	0.328659	0.396593	0.233457	0.291694	0.516288
ENSMUSG00000024908	0.013448	-0.061656	0.368306	0.211671	0.730217	0.802835
ENSMUSG00000024909	1.203947	0.741916	-0.074672	-0.425910	-1.002426	-0.088907
ENSMUSG00000024911	0.041870	0.049664	0.159023	0.315308	0.725971	0.964775
ENSMUSG00000024913	0.643195	0.646465	0.833236	0.572714	0.669469	0.352204
ENSMUSG00000024914	0.127192	0.196829	0.094605	0.184495	-0.446201	-0.166628
ENSMUSG00000024921	-0.038648	0.063235	0.322673	0.573691	0.540111	0.682092
ENSMUSG00000024925	0.268975	-0.011356	0.105517	0.602703	0.288525	0.379186
ENSMUSG00000024926	0.175553	0.056836	0.393660	0.135766	0.827550	1.033956
ENSMUSG00000024927	0.047823	-0.064530	0.327255	0.469609	0.591033	0.667803
ENSMUSG00000024937	-0.098353	-0.113034	0.266392	-0.105963	0.327139	0.295300
ENSMUSG00000024939	-1.102263	0.047687	-0.274575	-0.596125	-0.882788	-1.039023
ENSMUSG00000024941	0.063342	0.185872	0.489850	-0.014254	0.135134	0.310119
ENSMUSG00000024942	0.018668	0.154265	0.708479	0.906198	1.427498	1.650705
ENSMUSG00000024943	0.253697	0.387015	0.560052	-0.136475	-0.146101	0.311020
ENSMUSG00000024944	0.043724	0.070552	-0.589380	-0.522243	-0.902610	-1.002398
ENSMUSG00000024947	0.096048	0.217028	0.054184	0.125109	-0.152638	-0.363857
ENSMUSG00000024948	-0.162373	0.644538	1.165380	1.748744	0.818142	0.334359
ENSMUSG00000024949	-0.113959	0.065477	0.113930	0.270068	-0.008904	-0.291002
ENSMUSG00000024952	0.387489	0.315769	0.281519	-0.333735	-0.556775	-0.497959
ENSMUSG00000024953	-0.026525	0.184646	0.327683	0.436781	-0.389904	-0.429522
ENSMUSG00000024955	-0.255335	-0.144675	-0.426193	-0.674755	-0.671345	-0.532148
ENSMUSG00000024957	-0.290438	-0.054781	-1.892224	-1.174211	-2.609962	-2.662345
ENSMUSG00000024958	0.001388	0.063459	-0.041330	0.663917	0.731688	0.855932
ENSMUSG00000024959	0.030470	0.251625	0.100750	0.217322	-0.080035	-0.063676
ENSMUSG00000024960	0.456188	0.391744	0.565993	0.001000	0.088325	0.304880
ENSMUSG00000024962	-0.137039	0.410586	0.083447	0.712040	-0.127889	-0.334938
ENSMUSG00000024963	-0.423232	-0.137699	-0.225143	0.450226	0.362342	0.713379
ENSMUSG00000024965	-0.333333	0.055242	0.118531	0.497147	0.058077	0.131505
ENSMUSG00000024966	0.278622	0.443722	0.270930	-0.203022	-0.418731	-0.787565
ENSMUSG00000024968	0.136173	0.773315	0.778635	0.497957	-0.442357	-1.087291
ENSMUSG00000024969	-0.341624	-0.113835	-0.050690	0.407947	-0.061019	0.077114
ENSMUSG00000024970	-0.027871	0.205395	0.174822	0.685358	0.840732	0.854969
ENSMUSG00000024974	0.087974	0.191046	0.349573	-0.034731	-0.147888	-0.123927
ENSMUSG00000024975	0.248105	0.514806	0.445767	1.181189	1.839035	2.875262
ENSMUSG00000024976	0.061078	0.024787	0.029742	0.132067	-0.067916	0.184410
ENSMUSG00000024978	0.066863	-0.042207	0.649373	1.514763	3.961222	4.137490
ENSMUSG00000024981	-0.044071	-0.204440	-0.290593	-0.905712	-0.896933	-1.198185
ENSMUSG00000024982	0.034261	-0.098178	-0.128904	-0.211289	-0.286597	-0.663527
ENSMUSG00000024983	-0.136320	-0.041708	0.017298	-0.573605	-0.523007	-0.090695
ENSMUSG00000024985	-0.286398	-0.664907	-1.125825	-0.003826	-0.491984	-0.195995
ENSMUSG00000024986	0.582385	1.262408	1.578071	1.934979	1.964008	1.890752
ENSMUSG00000024987	-0.064715	1.022892	0.947226	2.369231	2.425998	1.319985
ENSMUSG00000024989	0.254529	0.070873	0.342928	0.098602	0.143725	-0.123895
ENSMUSG00000024991	-0.075624	-0.106535	0.064306	-0.288019	-0.291485	-0.156782
ENSMUSG00000024993	0.179024	0.507802	0.044598	-0.166791	0.034570	0.157667
ENSMUSG00000024997	-0.065111	-0.239420	-0.190935	-0.271398	-0.580639	-1.077822
ENSMUSG00000024999	-0.169593	-0.060895	-0.400222	-0.471801	-0.769299	-1.049627
ENSMUSG00000025001	-0.136910	-0.054880	-0.158616	-0.551814	-1.288154	-2.234310
ENSMUSG00000025002	-0.808750	-0.164259	-0.352519	0.465075	0.522117	0.498300
ENSMUSG00000025006	-0.308673	-1.209307	-1.087644	0.111094	0.564435	-0.028861
ENSMUSG00000025007	0.168593	0.038219	-0.026276	-0.576372	-1.318310	-1.510225
ENSMUSG00000025008	-1.144374	-1.888786	-1.839016	-1.520529	-0.188188	-2.986677
ENSMUSG00000025010	-0.185634	-0.749834	-0.688955	-0.381991	-0.461775	-0.858559
ENSMUSG00000025014	1.169799	1.065779	1.376508	0.399208	0.673061	0.217772
ENSMUSG00000025016	0.139408	0.121551	0.355473	-0.193207	0.091789	-0.202181
ENSMUSG00000025017	-0.117251	-1.024528	0.474191	-0.636988	-0.085519	-0.455482
ENSMUSG00000025019	0.120454	0.014771	0.503087	-0.090119	-0.033928	-0.119404
ENSMUSG00000025020	0.478961	0.253497	1.528090	2.917350	2.591797	1.095359
ENSMUSG00000025024	-0.139476	-0.142811	-0.428625	0.250726	0.050385	-0.229824
ENSMUSG00000025025	-0.016616	0.375448	0.628760	0.511724	0.459169	0.504187
ENSMUSG00000025026	0.655546	0.519495	1.107628	0.386502	1.167407	1.118241
ENSMUSG00000025027	0.114253	0.031769	0.384817	0.061746	-0.061249	-0.187164
ENSMUSG00000025034	-0.183044	-0.883023	-0.547504	-0.289105	-0.140446	-0.213713
ENSMUSG00000025035	0.429681	0.739394	0.653421	1.061459	0.762332	0.926460
ENSMUSG00000025036	0.140123	0.073261	-0.234260	-0.445516	-0.427244	-0.383175
ENSMUSG00000025037	-1.200743	1.215797	-0.404446	0.529696	0.443849	0.444039
ENSMUSG00000025040	-0.031244	-0.089282	-0.028744	0.312777	0.645544	0.607430
ENSMUSG00000025041	-0.114568	0.008184	-0.264099	0.023461	0.321092	0.368167
ENSMUSG00000025047	-0.119015	-0.253798	-0.402482	-0.801770	-0.828786	-0.810285
ENSMUSG00000025049	-0.089880	-0.144979	-0.348786	-0.300268	-0.614293	-0.857303
ENSMUSG00000025050	0.155569	0.082354	-0.619695	-0.383265	-0.670829	-0.606933
ENSMUSG00000025058	0.318116	0.972250	0.908198	1.721617	0.883909	1.641088
ENSMUSG00000025059	-0.277009	-0.309814	-0.194883	-0.422921	-0.817889	-0.699465
ENSMUSG00000025060	0.139344	-0.314371	-0.300669	-0.585452	-0.494532	-0.276653
ENSMUSG00000025066	-0.069749	-0.026615	-0.075055	-0.049522	-0.289377	-0.009574
ENSMUSG00000025068	-0.416453	-0.424623	-0.927646	-1.277472	-0.950881	-0.603739
ENSMUSG00000025069	-0.615223	-0.036395	0.687945	1.155885	-0.260058	0.671719
ENSMUSG00000025076	-0.321116	-0.954114	-0.792878	-0.762647	-0.554618	-0.753134
ENSMUSG00000025077	-0.453400	-0.689811	-0.370404	-0.106446	-0.407462	-0.266424
ENSMUSG00000025078	-0.012396	-0.192497	-0.104481	-0.478880	-0.152519	-0.078169
ENSMUSG00000025085	0.170146	-0.035425	1.095249	0.672044	1.369773	1.625089
ENSMUSG00000025086	-0.070350	-0.049824	-0.396041	-0.704781	-1.680674	-1.978663
ENSMUSG00000025089	1.822211	1.208280	1.605670	0.409177	0.124530	-0.570259
ENSMUSG00000025102	-0.207953	0.074903	0.298809	0.761171	0.488226	0.653663
ENSMUSG00000025103	-0.010150	0.009045	-0.237134	-0.200425	-0.364366	-0.467207
ENSMUSG00000025127	3.413293	2.912623	3.479325	2.770422	3.020827	1.770084
ENSMUSG00000025130	0.508838	0.600760	0.394022	0.150602	-0.206814	-0.589988
ENSMUSG00000025132	0.258929	0.457887	0.789215	0.657333	0.398037	0.411519
ENSMUSG00000025133	-0.014548	-0.135960	-0.548802	-0.335294	-0.483154	-0.463723
ENSMUSG00000025134	-0.076751	0.147760	0.134381	-0.350933	-0.772716	-1.046433
ENSMUSG00000025135	-0.091487	0.267502	-0.021971	0.646907	-0.314872	-0.728217
ENSMUSG00000025137	0.096436	0.893484	0.855947	0.598797	0.852872	1.134167
ENSMUSG00000025138	-0.299641	-0.258185	-0.070909	0.168557	0.155572	0.672791
ENSMUSG00000025139	-0.071377	-0.200158	0.318052	0.212208	0.706773	0.564808
ENSMUSG00000025140	0.236942	0.463681	-0.002513	-0.244639	-1.540447	-2.551219
ENSMUSG00000025141	1.355709	0.460253	1.739492	1.524281	1.806089	2.132703
ENSMUSG00000025142	-0.148015	0.024822	0.180694	0.076648	-0.325710	-0.099529
ENSMUSG00000025144	-0.114212	0.022551	-0.329981	-0.468381	-1.051877	-1.411696
ENSMUSG00000025145	-0.108191	-0.311977	-0.531250	-0.315782	0.202753	0.315939
ENSMUSG00000025147	-0.055764	0.033912	-0.212608	0.388768	0.472945	0.253394
ENSMUSG00000025153	0.157477	-0.009339	0.688284	-0.380948	0.232632	0.321040
ENSMUSG00000025154	-0.010607	-0.016062	0.591175	0.022963	0.213500	-0.463869
ENSMUSG00000025155	-0.105146	-0.179501	-0.231697	-0.477817	-0.761072	-0.734575
ENSMUSG00000025156	0.097289	0.110222	0.125923	-0.571210	-0.441900	-0.532390
ENSMUSG00000025157	-0.024083	0.100488	-0.238968	0.086092	-0.016904	-0.581239
ENSMUSG00000025158	-0.265202	0.036961	0.290414	0.003023	-0.454902	-0.518742
ENSMUSG00000025159	-0.154250	0.130042	-0.154604	0.235720	-0.098034	-0.052338
ENSMUSG00000025161	0.972409	2.566982	1.225480	0.803028	-2.603330	-4.774065
ENSMUSG00000025162	0.162628	0.260745	0.314692	0.182560	0.395624	0.486051
ENSMUSG00000025169	-0.094811	0.026424	-0.137144	-0.469560	-1.287693	-1.923849
ENSMUSG00000025171	-0.362705	-0.077957	-0.238587	0.550317	0.525230	0.460184
ENSMUSG00000025173	-0.048243	0.072142	-0.044026	-0.064183	-0.141010	-0.112590
ENSMUSG00000025176	0.959021	0.701325	0.005155	0.213083	0.635520	0.838302
ENSMUSG00000025178	-0.008600	0.091737	0.199529	0.246377	0.554603	0.440917
ENSMUSG00000025184	-0.419955	-0.029118	-0.460297	0.071552	-0.134531	-0.003556
ENSMUSG00000025188	-0.080757	0.237436	0.306234	0.603502	0.680342	0.832446
ENSMUSG00000025190	-0.295708	-0.227080	-0.340999	-0.506527	-0.683555	-0.858089
ENSMUSG00000025192	-0.002365	-0.036104	0.242119	1.336031	1.559817	1.334921
ENSMUSG00000025193	-0.277661	-0.261694	-0.617916	-0.485355	-0.567553	-0.219218
ENSMUSG00000025195	0.358779	0.729012	0.126567	0.149761	1.449041	1.223386
ENSMUSG00000025198	-0.130395	-0.156475	0.093383	-0.021256	-0.245879	-0.697637
ENSMUSG00000025199	0.031717	-0.206618	-0.389144	-0.434381	-0.254032	0.184677
ENSMUSG00000025200	-0.226794	-0.019185	-0.001393	-0.445299	-0.695914	-0.689839
ENSMUSG00000025203	0.883987	0.685196	1.272246	0.677250	1.448724	1.081849
ENSMUSG00000025204	-0.342453	-0.176211	-0.218287	0.078452	-0.313816	-0.542888
ENSMUSG00000025207	0.349109	2.886116	0.925564	1.353413	0.649259	1.016199
ENSMUSG00000025208	-0.167014	0.001293	0.356852	0.472584	0.537412	0.597176
ENSMUSG00000025209	0.115575	-0.473639	-0.212343	-0.829502	-1.310229	-1.432202
ENSMUSG00000025212	-0.033833	-0.646567	-1.134124	-1.172468	-0.048584	0.271594
ENSMUSG00000025213	-0.985028	-0.933188	-1.503498	-0.769488	-0.591384	-0.809221
ENSMUSG00000025217	0.133638	0.637563	0.808481	1.516532	1.966059	2.253395
ENSMUSG00000025218	-0.085513	-0.085614	0.524822	0.504578	0.471338	0.355260
ENSMUSG00000025220	-0.152644	-0.101095	0.444803	0.529313	0.869864	1.056679
ENSMUSG00000025223	-0.213056	-0.078503	-0.245545	-0.338424	-0.332843	-0.257135
ENSMUSG00000025224	-0.161140	0.064440	-0.028487	0.531020	0.107267	0.082360
ENSMUSG00000025225	0.090194	-0.611244	-0.716986	-0.780581	0.002105	0.787404
ENSMUSG00000025226	-0.369899	-0.216703	0.443735	-0.021968	0.047195	0.065942
ENSMUSG00000025228	-0.001983	0.104255	0.240286	0.553897	0.942146	0.805011
ENSMUSG00000025231	0.169048	-0.162531	0.157631	0.171747	0.220751	0.156104
ENSMUSG00000025234	-0.009931	-0.250260	-0.292336	-0.393222	-0.200343	-0.423250
ENSMUSG00000025235	0.012761	-0.556026	-0.569661	-1.358580	-0.937788	-0.625314
ENSMUSG00000025236	-0.044741	-0.016955	-0.679810	-0.567644	-1.185738	-1.244661
ENSMUSG00000025237	0.143339	0.593229	-0.059323	0.750643	0.633185	1.213823
ENSMUSG00000025239	0.509830	0.242568	0.099256	0.083514	0.343381	0.233532
ENSMUSG00000025240	0.078525	0.172183	0.219388	0.131122	0.202531	0.201584
ENSMUSG00000025241	-0.026733	0.211595	0.137470	0.730599	0.659498	1.002482
ENSMUSG00000025245	-0.132283	0.195600	-0.023006	-0.111854	-0.017490	0.111771
ENSMUSG00000025246	0.200198	0.059879	-0.071804	0.026125	0.190652	0.044548
ENSMUSG00000025257	-0.048967	0.603759	0.226473	0.256106	0.539270	0.607614
ENSMUSG00000025260	0.056706	0.107761	-0.283604	-0.009760	-0.391425	-0.454025
ENSMUSG00000025261	-0.116178	-0.211432	-0.495030	-0.173387	-0.506952	-0.894494
ENSMUSG00000025262	0.185296	-0.564764	-1.138597	-0.689090	-0.460094	-0.583861
ENSMUSG00000025264	-0.045218	-0.245392	-0.740418	-1.209814	-1.645959	-1.906268
ENSMUSG00000025266	-0.046898	-0.253224	0.268928	-0.478433	-0.015434	-0.251045
ENSMUSG00000025269	-0.114112	-0.705489	-0.347855	-0.169700	-0.572085	-0.778214
ENSMUSG00000025271	0.006883	-0.319629	-0.692398	-0.474570	-0.450613	-0.806538
ENSMUSG00000025277	-1.465189	-0.477224	0.898369	0.220568	-0.083223	1.254409
ENSMUSG00000025278	-1.477337	-1.490718	-2.445567	-0.454866	-0.241321	-1.808234
ENSMUSG00000025280	-0.096320	-0.114975	0.009316	-0.333459	0.087220	0.095907
ENSMUSG00000025283	-0.145096	0.241345	0.519186	1.279901	1.832753	2.817344
ENSMUSG00000025287	-0.455504	-0.741484	-0.322568	-0.079910	-0.373363	-0.368886
ENSMUSG00000025289	-0.547803	-0.069835	-0.177048	0.108456	-0.444608	-1.200520
ENSMUSG00000025290	0.101019	0.167752	0.080302	-0.179977	-0.268602	0.267004
ENSMUSG00000025314	1.115670	0.503448	0.762197	2.115650	2.084544	1.468278
ENSMUSG00000025316	-0.172142	0.046058	-0.659803	-0.082672	-0.543563	-0.434358
ENSMUSG00000025317	-0.365602	-0.915102	-0.699309	-0.250551	-0.529950	-0.114720
ENSMUSG00000025323	0.152630	0.743735	1.545546	1.433641	2.766093	2.099720
ENSMUSG00000025326	-0.137796	-0.204873	-0.448775	-0.297434	-0.589197	-1.084410
ENSMUSG00000025332	-0.142359	-0.080287	0.167312	-0.020415	-0.105281	-0.351489
ENSMUSG00000025337	-0.048221	-0.237028	-0.269969	0.011853	-0.275122	-0.213160
ENSMUSG00000025340	-0.104398	0.087354	-0.006603	-0.497593	-0.344752	-0.357905
ENSMUSG00000025350	-0.756374	0.261694	0.078969	0.848265	0.627952	1.202944
ENSMUSG00000025352	-0.202506	0.232346	0.075457	-0.464662	-0.473717	-0.114824
ENSMUSG00000025353	-0.293441	-0.293649	-0.610288	-0.526411	-0.559631	-0.779764
ENSMUSG00000025354	-0.074636	0.209497	0.450659	0.360980	0.555016	0.677859
ENSMUSG00000025357	-0.852675	-0.461941	-0.433051	0.567265	1.192426	1.405863
ENSMUSG00000025358	-0.274758	-0.278566	0.241976	-0.114342	0.060881	-0.524408
ENSMUSG00000025359	-0.899913	-1.025572	-1.174190	-0.203412	-1.262667	-1.539586
ENSMUSG00000025362	0.096922	0.086729	0.024298	-0.125260	0.038319	-0.109816
ENSMUSG00000025364	0.084768	-0.043411	-0.399371	-0.893908	-1.592607	-1.458251
ENSMUSG00000025366	-0.336689	-0.377532	0.183733	-0.020037	-0.064939	-0.201783
ENSMUSG00000025369	0.042652	0.137551	0.412594	0.763800	0.955391	0.991822
ENSMUSG00000025371	0.085357	0.076454	0.225892	-0.279343	-0.159790	0.076701
ENSMUSG00000025372	-0.076459	0.079633	0.083944	0.214319	-0.282333	-0.651941
ENSMUSG00000025373	-0.004818	-0.286207	-0.407783	-0.030539	-0.220160	-0.126529
ENSMUSG00000025374	0.170405	0.471986	0.211540	0.477556	-0.224792	-0.084989
ENSMUSG00000025375	0.286970	0.577495	-1.774662	1.055114	-0.765280	0.845194
ENSMUSG00000025377	-0.061647	0.335782	-0.242095	0.209621	0.419544	0.153797
ENSMUSG00000025381	0.082402	0.131963	-0.338957	-0.645155	-0.379606	-0.475777
ENSMUSG00000025384	-0.007888	0.149861	-0.120336	-0.766305	-0.841152	-0.704858
ENSMUSG00000025386	-0.336233	1.097037	-0.907929	0.194224	-0.088507	-0.186565
ENSMUSG00000025393	-0.050906	0.143943	0.028235	-0.137534	-0.635271	-1.127697
ENSMUSG00000025395	-0.443592	-0.225798	-0.353887	-0.136151	-0.313707	-0.936066
ENSMUSG00000025401	0.123362	1.381219	-0.964496	-0.900511	-0.840476	-1.199607
ENSMUSG00000025402	-0.852630	-0.501534	-0.182863	-1.958680	-2.248874	-2.742914
ENSMUSG00000025403	0.122147	-0.042907	0.147628	-0.356959	-1.176559	-1.908613
ENSMUSG00000025404	-0.236185	-0.019846	0.186289	0.651253	0.389126	0.491376
ENSMUSG00000025408	-0.157145	-0.491647	-1.029696	-0.145972	-1.036166	-0.651024
ENSMUSG00000025409	-0.138566	-0.051928	0.211041	0.680064	0.707686	0.887494
ENSMUSG00000025410	0.083417	0.074202	-0.051674	0.311537	0.581208	0.718812
ENSMUSG00000025413	-0.076233	-0.221762	-0.221443	-0.446221	-0.128346	0.132461
ENSMUSG00000025417	0.057121	0.562035	0.786412	0.660782	1.229545	1.303983
ENSMUSG00000025421	-0.303548	-0.063500	-0.358360	-0.448850	-0.608503	-0.789885
ENSMUSG00000025422	-0.181575	-0.213627	0.448561	0.763843	0.785523	0.907526
ENSMUSG00000025423	-0.090152	0.026828	-0.047421	0.336787	0.001711	0.162723
ENSMUSG00000025428	-0.079428	0.057396	0.257954	0.075103	-0.010687	-0.164953
ENSMUSG00000025429	-0.778105	-1.455828	-1.233789	-1.313801	-0.736958	-0.612230
ENSMUSG00000025431	-2.976741	-1.020830	-0.491755	0.547893	-0.580663	-0.484985
ENSMUSG00000025433	-2.810100	-0.819793	-3.251100	-0.643799	-2.569134	-2.549554
ENSMUSG00000025436	-0.206096	-0.443458	-1.616665	-1.091241	-1.993355	-1.982932
ENSMUSG00000025437	0.238407	-0.152010	0.158780	0.009285	0.703605	0.751984
ENSMUSG00000025439	-0.138906	-0.233484	-0.405164	-0.494406	-1.022160	-1.264839
ENSMUSG00000025451	-0.009362	0.064782	-0.080692	-0.109550	0.062074	0.186447
ENSMUSG00000025453	-0.129215	-0.165792	-0.188013	-0.115217	1.038608	1.364500
ENSMUSG00000025464	-0.347972	-0.449081	-0.760505	-1.213642	-1.459812	-1.690399
ENSMUSG00000025465	0.389517	0.245266	-0.033798	-0.351481	-0.585965	-0.231650
ENSMUSG00000025466	-0.512599	0.301362	-0.949059	-1.024813	-0.039788	-0.607808
ENSMUSG00000025470	-0.077331	0.043429	-0.196204	0.365886	0.287541	0.042920
ENSMUSG00000025473	-0.038008	1.149024	0.220054	0.394154	0.044538	0.224629
ENSMUSG00000025474	0.160585	0.167674	0.639695	0.398659	0.359639	0.062073
ENSMUSG00000025477	0.113145	-0.544719	-1.339734	-1.399841	-0.964098	-0.825671
ENSMUSG00000025479	-0.273881	-1.408304	-1.462110	-0.549638	-2.257492	-1.672020
ENSMUSG00000025484	-0.020296	-0.127869	-0.263888	0.048168	0.377000	0.466182
ENSMUSG00000025485	-0.048256	-0.239688	-0.154824	-0.451294	-0.128008	-0.115420
ENSMUSG00000025486	-0.249643	-0.327858	-0.509285	-0.161163	-0.681409	-0.564509
ENSMUSG00000025487	-0.250804	0.050902	-0.098504	-0.091545	-0.355193	-0.452801
ENSMUSG00000025489	0.887177	-2.670539	-3.898103	-1.424149	-0.601041	-1.097260
ENSMUSG00000025491	1.777130	2.682976	0.871475	2.193616	0.331255	-0.041684
ENSMUSG00000025494	-0.554108	-0.249349	-0.425383	-0.296855	0.190735	0.310403
ENSMUSG00000025495	0.027450	0.113335	-0.221190	-0.345218	-0.148732	-0.155563
ENSMUSG00000025498	-0.475439	0.633442	1.677709	2.195432	2.362462	2.838291
ENSMUSG00000025499	0.053742	0.289853	-0.030214	-0.588257	-1.341760	-1.256400
ENSMUSG00000025500	-0.544506	-0.354720	0.760288	3.266863	2.525134	2.694735
ENSMUSG00000025503	-0.066246	-0.028722	0.142232	0.271838	0.205840	0.396739
ENSMUSG00000025505	0.020855	-0.010557	-0.125959	0.690041	0.365265	0.998289
ENSMUSG00000025507	-0.406284	-0.979714	-0.906072	-0.636595	-1.405940	-1.990412
ENSMUSG00000025508	-0.219780	-0.106439	-0.542195	0.089111	-0.176248	-0.318966
ENSMUSG00000025509	-0.189958	-0.006209	0.484184	0.844665	1.065582	1.437929
ENSMUSG00000025510	0.433261	0.816892	0.728287	0.754738	1.050394	0.939504
ENSMUSG00000025511	0.133765	-0.567697	-2.393858	-2.889272	-3.957442	-4.488717
ENSMUSG00000025512	0.041712	0.036046	-0.453676	-0.380730	-1.140020	-1.158865
ENSMUSG00000025521	-0.203083	-0.160694	-0.262672	0.290508	0.537253	0.213790
ENSMUSG00000025525	0.220735	0.140467	-0.009946	0.430238	0.076650	0.674705
ENSMUSG00000025531	0.218156	0.270953	0.466651	0.655865	1.116016	1.544120
ENSMUSG00000025532	-0.229461	0.178851	-0.164704	-0.025136	-0.233910	0.337069
ENSMUSG00000025533	-0.361285	-0.019862	-0.152823	0.189320	0.447164	0.810338
ENSMUSG00000025534	-0.320231	-0.334432	-0.448369	-0.261157	-0.724012	-1.270996
ENSMUSG00000025537	0.330203	0.387467	-0.689098	-0.200764	-1.459918	-1.583747
ENSMUSG00000025538	-0.477348	0.104239	-0.349618	-0.294609	-0.526240	-1.057762
ENSMUSG00000025544	-0.048897	-0.257384	0.139311	0.022913	0.116630	0.231120
ENSMUSG00000025545	-0.105358	0.020284	-0.264130	0.543154	-1.203002	-1.457302
ENSMUSG00000025555	-0.076691	-0.098801	-0.348576	0.373920	0.337635	0.447173
ENSMUSG00000025571	-0.032700	0.022515	0.012496	0.060628	0.473733	0.547265
ENSMUSG00000025572	-0.449638	-0.568402	-0.391433	-0.603977	-0.233648	-0.234340
ENSMUSG00000025574	0.047952	-0.391796	-0.648473	-0.709270	-1.059523	-1.639342
ENSMUSG00000025575	0.089265	0.026930	0.198769	0.257849	0.233574	0.131619
ENSMUSG00000025577	0.063656	0.213800	0.524791	0.173060	0.424368	0.080167
ENSMUSG00000025578	-0.373147	0.052732	0.401363	-0.144493	-0.164595	0.093321
ENSMUSG00000025580	0.184177	0.255183	0.358088	-0.131087	0.032460	-0.075165
ENSMUSG00000025583	-0.140872	-0.273187	-0.078211	-0.615991	-0.707747	-0.976374
ENSMUSG00000025584	-2.388066	-2.641191	-3.075465	-2.562156	-2.514150	-2.961376
ENSMUSG00000025586	0.740811	0.162273	0.130446	-0.669507	-1.107113	-0.422870
ENSMUSG00000025591	-0.233158	-0.267803	-1.264123	-1.526193	-2.446045	-2.125542
ENSMUSG00000025602	-0.094483	-0.135315	-0.723920	-0.816594	-1.250807	-1.259765
ENSMUSG00000025607	0.222177	0.142932	0.039782	-0.147734	0.090672	-0.013738
ENSMUSG00000025609	0.139995	0.353026	0.162084	0.241432	-0.173084	-0.056855
ENSMUSG00000025612	0.015968	-0.394136	0.910286	0.120392	1.808532	1.697363
ENSMUSG00000025613	0.131179	-0.141398	-0.083820	-0.598314	-0.886083	-1.101944
ENSMUSG00000025616	-0.078463	-0.003406	-0.620590	-0.587045	-0.872695	-0.610576
ENSMUSG00000025626	0.252454	0.140035	0.361480	0.430729	0.851992	0.527269
ENSMUSG00000025630	-0.013521	0.086464	-0.049506	0.120797	-0.525448	-1.177180
ENSMUSG00000025645	-0.088792	-0.480339	-0.256330	-0.857295	-0.746930	-0.712839
ENSMUSG00000025646	-0.152103	-0.154785	-0.167557	-0.527126	-0.678342	-0.610555
ENSMUSG00000025647	-0.007654	-0.161212	-1.168795	-0.405967	-0.799583	-0.799556
ENSMUSG00000025648	0.825986	1.587680	1.782445	1.406816	2.112431	1.628076
ENSMUSG00000025650	0.170369	0.687946	0.386332	0.468168	0.149388	0.973378
ENSMUSG00000025651	-0.051054	0.146756	0.052245	0.161928	-0.033449	-0.546186
ENSMUSG00000025656	0.136911	-0.022957	-1.197885	-0.647737	-1.248350	-0.852990
ENSMUSG00000025702	-0.227453	0.287763	0.558555	0.655369	1.562938	1.119539
ENSMUSG00000025722	-0.223887	-0.176803	-0.824648	-0.961476	-1.289571	-1.261272
ENSMUSG00000025723	-0.389518	0.172746	-0.391777	0.498779	-0.044871	-0.120304
ENSMUSG00000025724	-0.275442	0.032658	-0.109009	0.030883	-0.411397	-0.686714
ENSMUSG00000025728	0.034466	-0.008743	-0.089548	-0.036844	-0.125054	-0.559090
ENSMUSG00000025730	-0.326950	0.164638	-0.220804	0.038569	-0.364768	-0.456389
ENSMUSG00000025731	-0.031565	0.226391	-0.116787	0.418473	0.277146	0.297176
ENSMUSG00000025732	-0.052773	-0.339863	-1.020010	-1.879972	-3.072473	-3.668581
ENSMUSG00000025733	-0.126642	-0.023324	0.264129	0.047529	0.159582	0.071698
ENSMUSG00000025735	0.001851	-0.191398	0.709753	-0.093674	-0.475264	-0.078496
ENSMUSG00000025736	-0.064705	-0.332682	-1.108505	0.622996	0.492502	-0.550936
ENSMUSG00000025737	0.020253	0.090813	0.176118	0.192357	0.326377	0.114054
ENSMUSG00000025742	-0.075312	-0.230890	-0.040238	-0.342981	-0.467365	-0.694494
ENSMUSG00000025745	0.068549	0.119170	0.007798	0.220939	0.253985	0.292968
ENSMUSG00000025747	0.056443	-0.413672	-1.277580	-1.438944	-2.407568	-2.971749
ENSMUSG00000025757	0.250081	-0.151323	-0.124942	-0.428551	-0.129962	-0.538678
ENSMUSG00000025758	-0.238139	-0.462346	-0.740558	-1.186932	-1.341840	-1.900373
ENSMUSG00000025759	-0.501130	0.355967	-0.074828	0.728185	0.540386	1.538580
ENSMUSG00000025762	-0.287534	1.036940	-1.214766	-1.078562	-0.851602	-1.292958
ENSMUSG00000025764	0.019970	-0.133250	-0.017017	-0.998710	-1.224860	-1.414222
ENSMUSG00000025766	-0.459801	-0.720669	0.190772	-0.240779	-0.165632	-0.396550
ENSMUSG00000025779	0.441896	0.238579	-0.122608	1.643085	1.393136	2.925651
ENSMUSG00000025780	0.178844	-0.444539	0.185224	-0.924084	-1.183387	-1.498990
ENSMUSG00000025781	-0.014714	0.314741	-0.066647	0.085464	-0.455230	-0.302269
ENSMUSG00000025782	-0.113921	0.060958	-0.263222	-0.301887	-1.193172	-0.984095
ENSMUSG00000025785	-0.205267	-0.031365	-0.493604	-0.719983	-1.200122	-1.262658
ENSMUSG00000025786	0.028027	-0.156788	-0.117838	-0.481937	-0.809460	-1.129517
ENSMUSG00000025791	0.487414	0.813197	0.725207	0.652855	-0.455705	-0.880168
ENSMUSG00000025792	0.010230	0.189864	0.410701	0.319632	-0.146775	-0.818580
ENSMUSG00000025793	0.071357	0.149822	0.396391	0.571903	0.676226	0.432302
ENSMUSG00000025794	-0.090908	-0.066862	-0.136767	0.012425	0.053332	0.056261
ENSMUSG00000025795	-0.041279	-0.303668	-0.097651	-0.345992	0.200799	0.301278
ENSMUSG00000025809	0.437369	0.055436	-0.192869	-0.549953	-0.728276	-0.888764
ENSMUSG00000025815	-1.006369	-1.308676	0.557547	0.014866	0.964731	-0.135736
ENSMUSG00000025816	-0.008939	0.299297	-0.362841	0.424675	-0.064696	-0.191427
ENSMUSG00000025817	-0.240358	-0.191079	-0.407194	-0.758457	-1.483920	-1.903223
ENSMUSG00000025821	-0.001314	-0.592382	0.043788	0.136523	0.576389	0.583346
ENSMUSG00000025823	-0.092884	0.055223	-0.105363	0.209506	-0.101944	-0.305333
ENSMUSG00000025825	-0.022860	-0.335874	-0.739213	-0.675070	-1.145208	-0.875469
ENSMUSG00000025857	0.129149	0.184063	0.377817	-0.194123	-0.017466	-0.285274
ENSMUSG00000025858	0.001932	0.193759	-0.082426	-0.057369	-0.392427	-0.672768
ENSMUSG00000025860	0.096249	-0.102878	0.391942	0.243351	0.486275	0.589642
ENSMUSG00000025862	0.069214	-0.316171	-0.156785	-0.276039	0.148003	-0.009000
ENSMUSG00000025868	-0.110256	-0.160652	-0.276051	0.456290	0.958914	0.503763
ENSMUSG00000025869	-0.063832	0.012751	-0.882863	-1.233421	-2.170973	-2.282477
ENSMUSG00000025870	0.136167	-0.529460	-0.017600	-0.561546	0.344881	0.799505
ENSMUSG00000025871	-0.038197	0.138916	0.533907	0.445817	0.871108	0.694036
ENSMUSG00000025872	-0.086610	-0.216573	-0.365836	-0.474360	-0.752262	-0.901745
ENSMUSG00000025873	0.069830	0.145859	0.289138	0.422061	0.410041	0.447931
ENSMUSG00000025875	-0.175945	-0.083196	0.810852	1.150682	2.093016	2.792623
ENSMUSG00000025877	-0.710223	-0.524022	-0.087912	-0.575091	-0.991920	-0.805127
ENSMUSG00000025878	-0.276371	0.179111	0.145405	-0.095036	-0.464193	0.072557
ENSMUSG00000025880	0.290782	0.420363	0.724715	0.894764	1.270511	1.271630
ENSMUSG00000025888	0.502847	0.646938	0.682690	1.746128	1.415504	1.417813
ENSMUSG00000025893	-0.485164	-0.321398	-0.519320	0.126381	-0.450446	0.525728
ENSMUSG00000025894	-0.108301	-0.050206	-0.584215	-0.290925	-0.897075	-0.942356
ENSMUSG00000025898	0.028570	0.442857	-0.243143	0.226513	-0.712588	0.363150
ENSMUSG00000025899	-0.069274	-0.030618	0.029087	0.357070	0.209580	0.589138
ENSMUSG00000025903	-0.066432	-0.423866	0.005535	-0.021421	0.250645	-0.089089
ENSMUSG00000025907	0.122841	0.232869	0.560322	0.264382	0.434786	0.737049
ENSMUSG00000025911	-1.580221	0.273852	-1.897434	-0.425949	0.684396	1.356035
ENSMUSG00000025912	0.222218	0.534076	1.069600	-0.747478	0.120638	-0.161368
ENSMUSG00000025915	2.015159	2.196629	2.056943	0.482704	1.883162	2.092598
ENSMUSG00000025917	-0.248567	-0.053803	-0.166488	-0.244470	-0.551974	-0.271091
ENSMUSG00000025921	0.487362	0.314174	-0.083895	-0.504703	-0.119321	-0.071847
ENSMUSG00000025925	-0.326869	-0.542828	-0.052862	-0.066425	0.228901	-0.207932
ENSMUSG00000025927	-0.411066	-0.148339	-2.678813	-3.162553	-2.366929	-3.046667
ENSMUSG00000025933	-0.084668	-0.049519	-0.650234	0.140444	0.357281	0.402576
ENSMUSG00000025935	0.087517	0.189095	0.357194	0.265871	1.248067	1.396514
ENSMUSG00000025937	0.234590	0.288435	0.647440	0.239526	0.721646	0.649123
ENSMUSG00000025939	0.181642	-0.006677	-0.082863	-0.375759	-0.195654	0.271533
ENSMUSG00000025940	-0.021803	-0.417519	-0.018626	-0.471076	-0.878076	-0.859314
ENSMUSG00000025949	0.104905	-0.644469	-0.056634	0.052685	0.673988	0.827802
ENSMUSG00000025950	0.490480	0.662558	0.223476	0.837686	1.647154	2.268512
ENSMUSG00000025956	-0.085021	-0.443457	-0.377260	0.018936	-0.510407	-0.727253
ENSMUSG00000025958	0.122043	0.152736	0.223553	0.321923	0.656072	0.557124
ENSMUSG00000025959	-0.357192	-0.401637	-0.128793	0.063133	0.030363	0.081902
ENSMUSG00000025962	-0.229404	-0.384994	-0.990246	-1.421377	-1.801144	-2.210472
ENSMUSG00000025967	-0.023128	-0.062452	-0.303195	-0.277203	-0.532862	-0.270990
ENSMUSG00000025968	-0.053206	-0.043682	-0.179406	-0.319274	-0.564718	-0.564997
ENSMUSG00000025971	-0.297678	-0.335994	-0.491729	0.015680	-0.543547	-0.676493
ENSMUSG00000025978	0.075051	0.456574	0.296680	0.875850	0.835255	1.049570
ENSMUSG00000025979	-0.019544	0.109617	-0.100096	0.131730	-0.074995	-0.029954
ENSMUSG00000025980	0.166713	-0.164156	0.070413	-0.856365	-1.323419	-1.947262
ENSMUSG00000025981	-0.532247	-0.413010	0.832619	-1.086799	-0.090405	0.686225
ENSMUSG00000025982	0.197176	0.247743	0.183557	0.119677	0.171148	0.252346
ENSMUSG00000025983	1.497790	2.095283	0.450547	0.633810	1.567732	1.554801
ENSMUSG00000025986	0.276580	-0.229560	-0.250222	-1.338666	-1.121542	-1.585385
ENSMUSG00000025995	-0.213279	-0.387321	-0.765017	-1.266102	-1.802387	-2.213717
ENSMUSG00000026000	-0.207361	0.122354	-0.164537	0.593877	0.377186	0.250886
ENSMUSG00000026003	-0.396231	-0.165405	0.157231	0.554738	0.824239	1.071780
ENSMUSG00000026004	0.170790	-0.816522	-1.124788	-0.487909	0.956213	1.215104
ENSMUSG00000026005	-0.264320	-0.416772	0.160298	-0.150105	-0.180893	-0.454133
ENSMUSG00000026012	1.389846	0.461025	-0.168582	-0.125198	0.108550	-0.051202
ENSMUSG00000026014	0.524589	-0.554839	-0.608329	0.566677	1.348381	1.082591
ENSMUSG00000026017	0.194984	-0.422288	0.298216	-0.426454	0.859438	1.531412
ENSMUSG00000026018	-0.654013	-0.260176	-0.776869	0.880959	1.474449	2.604779
ENSMUSG00000026019	-0.376817	-0.349931	-0.955949	-1.332915	-1.418686	-0.924810
ENSMUSG00000026020	-0.192207	-0.003844	-0.708341	-1.072002	-2.129307	-2.283855
ENSMUSG00000026021	0.026276	0.115610	-0.267046	-0.108568	-0.526428	-0.269436
ENSMUSG00000026024	-0.674063	-0.562755	-0.363468	-0.569445	-0.067809	0.517457
ENSMUSG00000026027	-0.356701	-0.497292	-0.817792	-0.361236	-0.376790	-0.443605
ENSMUSG00000026028	-0.321714	-0.923516	-0.597962	-0.920179	-0.308143	-0.379934
ENSMUSG00000026029	-0.021506	-0.181283	-0.151996	0.146985	-0.317955	0.069057
ENSMUSG00000026031	0.060436	-0.371509	-1.289541	-0.857927	-1.504902	-1.228590
ENSMUSG00000026032	-0.310977	-0.166383	-0.338537	-0.013634	-0.425556	-0.372386
ENSMUSG00000026034	0.182639	0.474031	-0.191348	0.953342	0.723124	1.014602
ENSMUSG00000026035	-0.117421	-0.239688	-0.993090	-0.740322	-1.497134	-1.857933
ENSMUSG00000026036	-0.068845	-0.320390	-0.666057	-0.905664	-1.012097	-1.116394
ENSMUSG00000026037	-0.246377	-0.176424	-0.522637	-0.747899	-1.486349	-1.662255
ENSMUSG00000026039	0.060405	0.115066	0.468520	0.011235	0.487153	0.126372
ENSMUSG00000026047	-0.275394	-1.016182	-2.713135	-3.422199	-3.771724	-4.810153
ENSMUSG00000026048	0.150410	0.040618	-0.316562	-0.370234	-0.137097	0.335831
ENSMUSG00000026049	-0.347650	-0.449494	-0.915338	-1.225667	-1.127153	-1.416263
ENSMUSG00000026064	-0.019834	-0.174069	-0.347221	-0.897199	-0.893422	-1.033327
ENSMUSG00000026068	0.996101	-0.154763	-0.817309	-0.712707	-1.595375	-2.455726
ENSMUSG00000026074	0.351939	0.346769	0.686049	0.676304	1.184798	1.416779
ENSMUSG00000026078	0.171896	0.311794	0.268687	-0.313259	0.043390	0.075484
ENSMUSG00000026082	0.023579	0.397055	-0.212640	0.071394	-0.152499	-0.243559
ENSMUSG00000026083	0.038617	0.313866	-0.315174	-0.343994	-1.104811	-0.694893
ENSMUSG00000026087	-0.110417	-0.157429	-0.617569	-0.332011	-1.057375	-0.863371
ENSMUSG00000026088	-0.414692	-0.455416	-0.328645	-0.467050	-0.900023	-0.415456
ENSMUSG00000026090	0.817050	-0.372477	-1.385689	-1.804971	-1.254196	-1.363646
ENSMUSG00000026094	-0.303955	0.488105	1.210163	0.553804	1.105749	1.190671
ENSMUSG00000026095	-0.022745	0.025821	-0.032640	0.355444	-0.001483	0.070076
ENSMUSG00000026096	0.052994	0.065654	-0.594663	-0.225145	-0.691241	-0.552590
ENSMUSG00000026097	-0.224337	0.383030	0.620830	0.256227	-0.128019	-0.177330
ENSMUSG00000026098	-0.260086	-0.290451	0.086297	-0.321447	-0.399089	-0.089409
ENSMUSG00000026102	0.110375	0.433256	0.381711	0.173049	-0.435114	-0.772006
ENSMUSG00000026103	0.083990	-0.068746	-0.612638	-0.402878	-0.813893	-1.013473
ENSMUSG00000026104	0.073356	-0.043972	1.029084	0.449200	0.764833	1.082271
ENSMUSG00000026107	0.663167	-0.108770	-0.257319	-1.053740	-1.526893	-2.005082
ENSMUSG00000026110	1.601650	1.435353	1.090017	0.864649	0.765895	0.808589
ENSMUSG00000026111	-0.187044	-0.350408	0.004482	0.093969	0.256926	0.398649
ENSMUSG00000026112	0.131033	-0.197951	-0.161838	-0.100570	0.283516	-0.013117
ENSMUSG00000026113	0.261105	0.594895	-0.495579	0.804195	0.872062	2.588391
ENSMUSG00000026116	0.377505	0.148825	0.243346	0.376528	0.422863	0.264788
ENSMUSG00000026117	0.139065	0.051027	0.583131	0.140508	-0.922431	-1.056620
ENSMUSG00000026123	0.283079	0.034755	0.013059	0.195545	0.205528	0.334851
ENSMUSG00000026126	0.018010	-0.125872	-0.458705	-0.090106	-0.669965	-0.746960
ENSMUSG00000026127	-0.209005	-0.429097	-0.959479	-0.905093	-1.290084	-1.638972
ENSMUSG00000026134	-0.292749	-0.215979	-0.518138	0.001355	0.157518	-0.171576
ENSMUSG00000026135	-0.167711	0.005194	-0.606467	-0.347453	-0.756538	-0.672239
ENSMUSG00000026142	0.001281	-0.106384	0.233097	-0.063054	0.002877	-0.235638
ENSMUSG00000026150	0.055796	-0.091916	-0.025244	0.047623	-0.143799	0.194197
ENSMUSG00000026154	-0.010420	-0.206782	0.282301	0.147765	0.804796	1.077497
ENSMUSG00000026155	0.008476	0.340580	0.118770	0.410394	-0.137702	0.068707
ENSMUSG00000026158	0.166423	-0.248061	-1.038708	-0.408179	-0.730013	-0.608637
ENSMUSG00000026159	-0.216980	-0.349964	-0.604372	-0.424652	-0.232239	-0.697893
ENSMUSG00000026162	-0.241331	0.323199	0.151463	0.056939	0.499120	0.511276
ENSMUSG00000026167	-0.391635	-0.643501	-0.988910	-2.359664	-1.951007	-2.284495
ENSMUSG00000026171	-0.162368	-0.771264	-1.344838	-0.347468	-0.465908	-0.016313
ENSMUSG00000026172	-0.135922	0.303737	-0.102896	-0.288035	-0.252937	-0.514947
ENSMUSG00000026174	-0.102691	-0.079447	0.004050	-0.126808	-0.558430	-0.979472
ENSMUSG00000026176	0.466577	0.520084	0.998843	0.349194	0.485551	0.329584
ENSMUSG00000026177	0.642221	0.934936	0.712507	0.467389	-0.913186	-1.909757
ENSMUSG00000026179	0.690758	1.117556	1.017091	-0.034749	-0.750673	-1.065376
ENSMUSG00000026180	0.592448	-0.131771	-1.260849	-1.462270	-2.953212	-2.415542
ENSMUSG00000026181	0.063404	-0.740113	-0.910554	-0.948080	-0.620696	-0.851159
ENSMUSG00000026187	-0.014457	-0.292054	-0.695708	-0.969864	-0.776352	-0.731376
ENSMUSG00000026189	0.129796	0.187618	-0.251723	-0.615679	-1.876913	-2.267844
ENSMUSG00000026192	0.087043	0.040733	-0.250893	-0.754120	-1.542708	-2.230834
ENSMUSG00000026196	-0.201850	-0.113077	0.247326	0.371014	0.331105	-0.467866
ENSMUSG00000026197	-0.129503	0.332408	0.138900	0.209918	-0.219215	-0.152058
ENSMUSG00000026198	-0.111384	0.104487	-0.199495	-0.523337	-1.305735	-1.807886
ENSMUSG00000026199	0.278529	0.460954	-0.116284	0.591715	0.439547	0.239501
ENSMUSG00000026200	0.201279	0.225017	0.388038	1.022131	1.831268	0.927197
ENSMUSG00000026201	0.458886	0.311876	-0.208316	-0.523763	-0.692211	-0.793290
ENSMUSG00000026202	0.237728	-0.014042	-0.423963	-0.751194	-1.493270	-1.892102
ENSMUSG00000026203	0.186229	0.319624	0.470952	0.762221	1.118726	0.434230
ENSMUSG00000026204	2.208165	1.650711	2.540107	2.663699	3.437166	3.438930
ENSMUSG00000026205	-0.234096	0.623250	0.669551	0.556169	0.214630	0.185571
ENSMUSG00000026209	0.178972	0.347091	0.849937	0.951828	1.099984	1.202235
ENSMUSG00000026213	0.021465	-0.048528	0.250525	0.327258	0.608547	0.523185
ENSMUSG00000026219	0.146924	-0.031039	0.305188	0.199728	0.513540	0.694322
ENSMUSG00000026222	-0.056583	0.904566	1.512106	2.699770	2.705290	3.819303
ENSMUSG00000026223	0.456548	-0.529091	-1.546041	-1.573656	-0.579328	-0.624493
ENSMUSG00000026229	-0.039117	0.108192	-0.179712	-0.410222	-0.842579	-0.975259
ENSMUSG00000026234	-0.157798	-0.303308	-0.147799	-1.431912	-1.902686	-1.638735
ENSMUSG00000026238	-0.086741	-0.479546	0.237161	0.010843	0.540894	-0.094864
ENSMUSG00000026239	-0.465763	0.050921	0.026251	0.077608	0.039828	0.301693
ENSMUSG00000026240	-0.246434	-0.409928	-0.261293	-0.288368	-0.197484	-0.164377
ENSMUSG00000026245	0.064842	0.072281	-0.177769	-0.942741	-1.796308	-2.087614
ENSMUSG00000026248	-0.174337	-0.157310	0.062692	0.331581	0.424211	0.086051
ENSMUSG00000026249	-0.598356	0.245103	0.240834	0.944029	1.363655	0.849606
ENSMUSG00000026254	-0.010252	0.366061	-0.023477	0.089417	-0.213412	-0.167188
ENSMUSG00000026255	0.206491	0.056801	0.662957	0.292116	0.416441	-0.095118
ENSMUSG00000026260	0.105944	0.151699	-0.003733	-0.105903	-0.429767	-0.270889
ENSMUSG00000026269	-0.041546	0.233212	0.132036	0.334789	0.456765	0.474470
ENSMUSG00000026270	0.065553	-0.053378	-0.188768	-0.316151	0.103248	0.011598
ENSMUSG00000026273	0.138307	0.123974	-0.111706	0.109340	0.493726	1.001982
ENSMUSG00000026274	-0.036043	-0.054100	0.301067	0.378343	0.421602	-0.536476
ENSMUSG00000026275	0.109662	0.098385	0.056225	-0.416221	-0.420985	-0.558773
ENSMUSG00000026276	0.059721	0.033313	-0.123415	-0.348945	-0.273255	-0.549761
ENSMUSG00000026277	0.163148	0.433753	0.233395	0.393263	0.530695	0.524031
ENSMUSG00000026278	0.540536	-0.148469	-2.167573	-2.756105	-4.432973	-4.848470
ENSMUSG00000026279	-0.022739	-0.010377	-0.241291	-0.422096	-0.285066	-0.311076
ENSMUSG00000026280	0.114820	0.235298	0.132142	0.031509	0.257312	0.174332
ENSMUSG00000026281	-0.141879	-0.093318	-0.374399	-0.753850	-1.239621	-1.271303
ENSMUSG00000026283	-0.067249	-0.194616	-0.670934	-0.929488	-1.058932	-1.427382
ENSMUSG00000026288	-0.007514	-0.589152	-0.730464	-0.958082	-0.624750	-0.415713
ENSMUSG00000026289	-0.255370	-0.026445	-0.224897	-0.199455	-0.623499	-0.588927
ENSMUSG00000026305	0.274661	-0.506437	-0.664376	-1.089244	-0.954029	-0.413545
ENSMUSG00000026307	-0.162319	-0.105964	-0.124884	-0.310425	-0.204294	0.087444
ENSMUSG00000026308	-0.694190	-0.074549	0.139224	0.236375	-0.656178	1.596475
ENSMUSG00000026309	-0.071727	-0.042854	-0.326840	0.126548	-0.102499	-0.146037
ENSMUSG00000026311	-0.316616	0.302214	0.411053	-0.292917	-0.013213	-0.059280
ENSMUSG00000026313	0.081071	-0.180855	0.581782	-0.245906	1.097975	0.914057
ENSMUSG00000026319	-0.341841	-0.394954	-0.176199	-0.013838	0.047543	0.058224
ENSMUSG00000026333	0.059861	-0.002376	-0.312338	-0.224313	-0.187789	0.184282
ENSMUSG00000026335	0.211450	0.200560	-0.597149	-0.999243	-1.012268	-0.543649
ENSMUSG00000026339	-0.009203	-0.129120	0.244546	-0.189220	0.280340	0.458665
ENSMUSG00000026341	-0.217905	-0.245187	0.202476	0.075950	0.092862	-0.319537
ENSMUSG00000026342	0.036532	0.379953	0.580998	0.315599	0.705426	0.467610
ENSMUSG00000026344	-0.149453	-0.167280	-1.953289	-1.185843	-1.744316	-1.283716
ENSMUSG00000026349	-0.221998	-0.062121	-0.302151	0.229044	-0.037001	0.022007
ENSMUSG00000026353	-0.050786	-0.020392	-0.210195	0.176841	0.034185	0.084605
ENSMUSG00000026354	-0.332879	0.934623	3.400645	5.069999	5.103904	4.063218
ENSMUSG00000026355	0.017932	-0.179982	0.234574	-0.116883	-0.185450	-0.742539
ENSMUSG00000026356	-0.016655	0.029479	-0.169195	-0.524452	-1.314675	-1.468978
ENSMUSG00000026357	0.526837	0.821709	1.493682	1.956592	0.566508	0.565656
ENSMUSG00000026358	0.009566	0.642556	0.159858	0.528577	0.044609	0.299337
ENSMUSG00000026360	0.290322	0.380171	1.247675	0.951491	1.480277	1.864098
ENSMUSG00000026361	0.032023	-0.063132	-0.158948	-0.424959	-0.741144	-0.735906
ENSMUSG00000026374	-0.185826	-0.096940	-0.251782	-0.588288	-0.797317	-0.816089
ENSMUSG00000026377	0.031332	-0.145081	-0.441308	-1.391792	-1.647383	-1.382702
ENSMUSG00000026383	0.140755	0.282473	0.901370	0.489586	0.882233	0.385268
ENSMUSG00000026384	0.283762	0.039997	0.216439	-0.294108	-0.226484	-0.436716
ENSMUSG00000026385	0.206466	0.475237	0.275224	0.128855	0.021027	0.149234
ENSMUSG00000026388	0.040511	0.662866	0.802093	0.345920	0.201858	0.063644
ENSMUSG00000026389	-0.193589	-0.401065	-0.649868	-0.739716	-1.385646	-2.234262
ENSMUSG00000026393	0.069256	-0.368708	-0.317128	-0.483367	0.117179	0.276724
ENSMUSG00000026395	-0.184329	0.072693	0.564279	0.638091	1.001850	1.089742
ENSMUSG00000026404	-0.173146	0.473175	0.566359	0.360550	0.677787	1.330208
ENSMUSG00000026409	0.103422	-0.363160	0.516688	0.352781	0.561702	0.161549
ENSMUSG00000026411	0.122092	0.371877	0.777441	0.441922	0.635021	0.654616
ENSMUSG00000026414	-0.754209	-1.015441	-2.271220	-2.959643	-2.451243	-2.166827
ENSMUSG00000026417	0.030747	0.424645	-1.851206	-1.726062	-2.899839	-2.972879
ENSMUSG00000026421	-0.188761	-0.061277	0.122862	0.406090	0.441817	0.121023
ENSMUSG00000026425	0.154720	-0.147210	-0.651474	-0.094097	0.027121	0.215866
ENSMUSG00000026426	-0.061277	0.342800	0.452481	0.721730	1.365023	1.526641
ENSMUSG00000026427	-0.019833	0.025602	0.061795	0.311281	-0.211213	-0.136972
ENSMUSG00000026429	-0.017829	0.114988	0.476229	0.060709	-0.463974	-0.737937
ENSMUSG00000026430	1.191914	1.131551	1.492936	1.474499	1.335714	1.546476
ENSMUSG00000026433	0.115341	0.471165	0.515010	0.914816	0.943937	1.216386
ENSMUSG00000026434	0.235003	0.099774	0.228643	0.116587	0.011181	-0.309964
ENSMUSG00000026436	-0.075373	-0.099364	0.090911	-0.092246	0.181916	1.123379
ENSMUSG00000026439	-0.012687	-0.134698	-0.028151	-0.073392	-0.115118	-0.126008
ENSMUSG00000026447	0.028573	-0.305100	0.710473	-0.296305	0.087426	-0.218111
ENSMUSG00000026455	-0.071118	0.007998	-0.212054	0.077808	0.158160	0.260653
ENSMUSG00000026456	-0.265299	-0.157364	-0.687507	-1.474633	-1.596797	-1.374428
ENSMUSG00000026457	-0.039463	-0.122839	-0.290375	0.264035	0.502523	0.353259
ENSMUSG00000026458	0.330108	0.089234	0.255314	-0.482605	-0.139391	0.020005
ENSMUSG00000026463	2.435545	1.184523	0.329037	-1.321860	-1.847374	-2.447475
ENSMUSG00000026464	0.685743	0.233207	0.397706	-0.149849	0.208481	0.967435
ENSMUSG00000026466	-0.002348	0.016595	0.337160	0.212490	-0.043547	0.236409
ENSMUSG00000026469	0.121915	0.018541	0.308203	0.362773	0.610158	0.220079
ENSMUSG00000026470	0.195699	0.022047	0.247156	0.184386	0.831487	0.651812
ENSMUSG00000026471	-0.241155	-0.121265	-0.126929	0.364644	1.204144	1.544041
ENSMUSG00000026473	0.315161	0.115800	0.434763	0.975091	1.492561	1.442752
ENSMUSG00000026478	0.562307	0.077798	0.191085	0.227507	0.722712	0.500948
ENSMUSG00000026480	0.180309	-0.214121	-0.606675	-0.132485	0.229295	0.415846
ENSMUSG00000026482	0.178026	-0.671921	-1.588054	-2.019545	-1.468509	-1.357671
ENSMUSG00000026484	0.092274	-0.035583	0.030788	-0.476716	0.219224	0.294189
ENSMUSG00000026489	0.638803	0.118105	0.365254	1.183012	2.399334	3.130337
ENSMUSG00000026490	-0.744393	-1.166959	-3.288127	-0.752196	-1.101736	-2.050206
ENSMUSG00000026491	0.129673	-0.306644	-0.507624	-0.927154	-0.822868	-0.675760
ENSMUSG00000026492	-0.118181	-0.208568	-0.237393	-0.498227	-0.161496	-0.637565
ENSMUSG00000026495	-0.217926	-0.020050	0.259721	-0.267366	-1.168252	-0.155942
ENSMUSG00000026496	0.191236	-0.058498	0.306302	-0.083753	0.461985	0.639923
ENSMUSG00000026499	-0.136499	-0.000374	0.318265	0.775491	2.650395	3.042419
ENSMUSG00000026500	0.385874	0.542171	-0.104445	-0.054815	-0.500817	-0.171287
ENSMUSG00000026502	0.038727	-0.199666	-0.189083	-0.436206	0.031672	-0.272490
ENSMUSG00000026504	-0.147443	-0.149996	0.057306	0.119172	0.572701	0.858070
ENSMUSG00000026510	0.192078	0.640765	0.850533	0.995569	1.315464	1.552448
ENSMUSG00000026511	-0.072953	0.152726	-0.094321	0.052477	-0.238694	0.005040
ENSMUSG00000026516	0.136616	-0.240785	-0.344868	-1.061490	-0.695381	-0.677953
ENSMUSG00000026519	0.400329	0.489910	0.507307	0.995605	0.145146	0.157854
ENSMUSG00000026520	0.070370	-0.065166	0.152764	-0.291420	-0.400478	-0.569241
ENSMUSG00000026525	0.549837	0.556675	-0.338234	0.142325	0.148403	-0.626712
ENSMUSG00000026526	0.013821	0.079628	-0.249306	-0.368146	-0.713767	-0.689728
ENSMUSG00000026532	-0.909838	-1.350716	-1.185716	-1.747848	-0.780241	-0.555361
ENSMUSG00000026536	0.413344	-1.736843	0.635997	1.440871	1.324529	1.740647
ENSMUSG00000026547	0.087996	0.093787	0.148632	-0.043728	-0.513393	-1.258092
ENSMUSG00000026548	1.692111	1.210845	0.796279	-0.268398	-1.413712	-3.751597
ENSMUSG00000026553	0.062947	-0.035339	-0.093617	0.029715	0.211671	0.355302
ENSMUSG00000026554	-0.010497	0.034502	0.185603	0.586492	0.944421	1.262017
ENSMUSG00000026556	0.951634	0.325333	0.340053	0.974407	1.221152	1.398125
ENSMUSG00000026558	-0.046260	-0.482224	-0.852744	-1.037724	-1.445689	-1.894101
ENSMUSG00000026563	0.145237	-0.187338	0.192783	0.119877	0.620986	0.392546
ENSMUSG00000026565	0.130936	0.100950	-0.263246	0.369586	0.546065	0.065137
ENSMUSG00000026566	2.373681	0.899232	-0.671823	0.541425	0.287086	0.760490
ENSMUSG00000026568	0.031509	0.296234	-0.100408	0.267942	-0.847135	-0.692845
ENSMUSG00000026571	0.307530	0.628544	0.824413	1.124300	1.208999	1.537762
ENSMUSG00000026572	0.729153	-0.365297	-2.158223	-1.782790	-3.174044	-3.886196
ENSMUSG00000026575	0.099196	-0.017529	-0.279229	-0.179931	0.196982	-0.558527
ENSMUSG00000026576	-2.808758	-2.369824	-0.139149	-3.072438	-2.446744	-3.439378
ENSMUSG00000026577	-0.092602	0.110949	0.147999	-0.351937	-1.077650	-0.484208
ENSMUSG00000026578	-0.051392	0.335027	0.426864	0.234340	0.254155	0.667877
ENSMUSG00000026584	-0.160469	-0.122891	-0.027213	-0.279827	-0.070762	-0.150895
ENSMUSG00000026585	0.452186	0.277746	-0.622932	-0.148506	-0.175156	0.032489
ENSMUSG00000026594	0.325525	0.326233	0.283300	0.745414	1.592637	1.783951
ENSMUSG00000026596	-0.075588	-0.368188	-0.251147	-0.721157	0.008813	0.013654
ENSMUSG00000026600	-0.140775	-0.441563	-0.204276	-0.834383	-0.784850	-0.665924
ENSMUSG00000026601	-0.308435	-1.021685	-0.187750	-0.113481	0.305963	-0.072168
ENSMUSG00000026603	0.065140	0.241544	-0.302699	-0.698473	-1.849411	-2.153521
ENSMUSG00000026604	1.171438	0.530143	1.210257	1.103380	-0.037707	-0.021453
ENSMUSG00000026605	0.157503	0.530202	0.852387	0.135741	0.207545	-0.005639
ENSMUSG00000026608	0.017754	0.219047	0.121233	0.162710	0.182974	0.043046
ENSMUSG00000026615	0.188839	0.249686	-0.083233	-0.578829	-1.149307	-1.180162
ENSMUSG00000026616	0.015429	-0.040132	-0.593617	-0.792574	-1.743363	-2.092620
ENSMUSG00000026617	-0.269183	-0.140742	0.897188	0.454213	0.819904	0.407013
ENSMUSG00000026618	0.170400	0.165375	0.055740	-0.183451	-0.248102	-0.228923
ENSMUSG00000026622	0.053408	0.035372	0.731790	0.099162	0.781194	0.531715
ENSMUSG00000026623	0.037214	0.000893	0.469088	-0.450046	0.106451	-0.067569
ENSMUSG00000026626	-0.171650	-0.053869	0.016985	0.355543	0.755753	0.974109
ENSMUSG00000026627	0.304807	0.201583	0.235919	0.035093	0.991806	0.488730
ENSMUSG00000026628	0.866005	-0.021281	-0.808435	-1.197899	-3.686056	-4.470210
ENSMUSG00000026632	0.120660	0.190480	-0.132442	-0.044894	-0.079491	0.322821
ENSMUSG00000026634	-0.156817	-0.074203	-0.198569	0.063721	-0.015497	0.018041
ENSMUSG00000026637	-0.149144	-0.268604	-0.432707	-0.294926	-0.707525	-0.109993
ENSMUSG00000026639	-1.292176	-0.405590	-0.915318	-1.038915	-0.984273	-0.953498
ENSMUSG00000026640	-0.469658	-0.838768	-0.938538	0.094883	-0.161107	-0.550694
ENSMUSG00000026641	0.009127	0.349817	0.522470	0.801154	1.196645	1.377662
ENSMUSG00000026643	0.004213	0.211997	-0.530535	-0.112178	-1.057289	-1.161761
ENSMUSG00000026646	-0.031849	0.038555	-0.021443	-0.414338	-1.149059	-1.612459
ENSMUSG00000026648	-0.123974	-0.362257	-0.060124	0.282613	0.771664	1.650857
ENSMUSG00000026649	-1.063183	0.464126	0.669342	1.640605	1.477429	0.573252
ENSMUSG00000026655	-0.051851	-0.387303	-0.088459	-0.147791	0.610404	0.346665
ENSMUSG00000026656	2.081415	2.503842	4.851753	5.119735	7.250376	7.075989
ENSMUSG00000026657	0.184134	-2.933032	-1.768330	-1.492444	-1.740704	-2.419601
ENSMUSG00000026659	-0.403868	-0.895045	-1.902578	-2.327821	-2.661498	-3.056311
ENSMUSG00000026662	0.111566	0.129735	0.243117	-0.150741	-0.149824	-0.304672
ENSMUSG00000026663	0.378391	0.052216	0.542502	0.580278	1.153271	0.836760
ENSMUSG00000026664	0.007992	-0.036973	0.123325	0.522563	0.755270	1.015494
ENSMUSG00000026667	0.175763	-0.251534	-0.211351	-0.518088	0.291500	0.367478
ENSMUSG00000026669	-0.194650	0.038770	0.106016	-0.574672	-0.753860	-1.402674
ENSMUSG00000026670	-0.201863	-0.033420	-0.151510	-0.408860	-0.653035	-1.114802
ENSMUSG00000026672	-0.913935	-0.688121	0.105930	-0.792033	-0.505084	0.118601
ENSMUSG00000026675	-0.045930	0.032382	0.323632	-0.713377	0.565866	0.352635
ENSMUSG00000026683	0.117075	0.189548	-0.204736	-0.090433	-0.407501	-0.646410
ENSMUSG00000026687	-0.031299	0.062478	0.208202	0.676210	0.367528	-0.149210
ENSMUSG00000026688	-0.087574	0.220335	-0.130611	0.585601	0.188618	-0.293234
ENSMUSG00000026694	-0.543319	-0.768322	-1.124845	-1.451166	-1.785800	-2.163559
ENSMUSG00000026696	-0.042005	0.001961	-0.394332	0.015302	0.088110	0.038479
ENSMUSG00000026698	-0.183667	-0.164981	-0.289597	0.743856	0.327937	0.286367
ENSMUSG00000026701	-0.029415	-0.181282	-0.785854	-0.960765	-1.434014	-1.473534
ENSMUSG00000026705	-0.055861	-0.284109	-0.080153	-0.077244	0.177963	0.119354
ENSMUSG00000026707	-0.121542	-0.014302	0.328575	0.175936	0.158657	0.262571
ENSMUSG00000026708	-0.063768	-0.154349	0.122667	-0.086766	-0.109363	0.228294
ENSMUSG00000026709	-0.220150	-0.060678	-0.168528	-0.149561	-0.597945	-1.181995
ENSMUSG00000026712	-0.420983	-0.844579	-2.333603	-1.746976	-0.992681	-0.581184
ENSMUSG00000026715	-0.879487	0.757135	-0.534260	0.106243	-1.222207	-0.703680
ENSMUSG00000026718	0.080598	-0.063524	-0.352339	0.314211	-0.322363	-0.315766
ENSMUSG00000026721	-0.259707	-0.585972	-0.914016	-0.844069	-0.473230	0.025700
ENSMUSG00000026723	-0.450196	-0.306378	-0.298264	-0.482185	-0.805650	-1.370153
ENSMUSG00000026727	0.039192	-0.125685	-0.715356	-1.752776	-1.754068	-1.754641
ENSMUSG00000026728	0.608849	0.535256	0.111609	0.917292	0.980199	0.967888
ENSMUSG00000026730	0.335215	-0.863897	-1.039889	-1.726875	-2.110242	-2.446759
ENSMUSG00000026736	0.578769	-1.075786	0.169492	0.616896	0.616284	0.394230
ENSMUSG00000026737	0.248355	-0.591768	-0.617744	-0.828984	-0.490263	-0.512166
ENSMUSG00000026739	0.379848	0.088835	0.130897	-0.075001	0.597887	0.362829
ENSMUSG00000026740	0.096017	0.573073	0.057636	0.499838	-0.089834	0.168460
ENSMUSG00000026743	-0.097327	0.193688	-0.215114	0.181584	0.196737	0.070518
ENSMUSG00000026749	0.849883	0.665038	0.462293	-0.458201	-1.065718	-1.471088
ENSMUSG00000026750	-0.046555	-0.003241	-0.175382	0.201155	-0.080480	-0.312944
ENSMUSG00000026753	-0.124016	-0.152443	-0.068063	0.002388	0.029915	-0.203545
ENSMUSG00000026754	0.166403	0.391735	-0.089708	0.257331	0.113105	0.498896
ENSMUSG00000026755	0.342565	0.495299	0.761048	0.848561	0.961660	1.202041
ENSMUSG00000026761	-0.171126	0.058955	-0.428002	-0.189172	-0.614732	-0.423110
ENSMUSG00000026766	-0.272143	-0.100718	-0.289137	-0.005839	-0.336615	-0.700981
ENSMUSG00000026767	-0.375534	-0.050477	0.151223	-0.104063	-0.744333	-0.811221
ENSMUSG00000026770	-2.401156	-1.968625	-1.529933	-0.076145	1.831614	2.429817
ENSMUSG00000026771	-0.089135	-0.393636	-0.498384	-0.117861	0.153719	-0.193883
ENSMUSG00000026773	-0.228447	-0.963441	-0.756397	-0.812422	-0.445357	-0.551437
ENSMUSG00000026775	0.075691	0.043313	-0.091075	-0.438341	-0.365004	-0.305719
ENSMUSG00000026778	-0.299764	-0.677502	-0.021695	0.073889	0.164524	0.328997
ENSMUSG00000026779	0.080994	0.380121	-0.220106	0.162539	0.069910	-0.219096
ENSMUSG00000026781	-0.038504	0.480941	0.639702	1.971745	2.584255	2.512181
ENSMUSG00000026782	0.770377	-0.249134	-0.299209	-0.530701	0.204996	0.333645
ENSMUSG00000026784	-0.270568	-0.315882	-1.032419	-1.487843	-2.642706	-3.268738
ENSMUSG00000026785	-0.067356	-0.604906	-3.121913	-2.829492	-3.487892	-3.699657
ENSMUSG00000026786	-0.154895	0.148122	0.047221	0.699843	0.110935	-0.168854
ENSMUSG00000026788	-0.084116	-0.268128	0.141246	0.023556	0.363750	0.433074
ENSMUSG00000026790	-0.058795	0.347964	0.522097	0.318075	0.213169	0.132610
ENSMUSG00000026791	0.069425	0.363003	0.402535	0.971476	1.171490	0.955667
ENSMUSG00000026792	-0.017407	0.045061	0.291550	0.704953	0.926129	1.361457
ENSMUSG00000026796	1.050313	0.937090	0.750990	-0.335012	0.812214	0.535193
ENSMUSG00000026797	-0.504104	-0.334165	0.411683	0.537332	1.576495	1.666593
ENSMUSG00000026798	-0.121302	-0.183946	-0.910249	-0.369173	-1.251138	-1.743147
ENSMUSG00000026799	-0.286930	-0.003290	-0.062296	-0.129028	-0.591749	-0.588180
ENSMUSG00000026803	-0.005320	0.403229	0.042245	0.011448	-0.071381	0.291121
ENSMUSG00000026806	-0.153857	-0.203814	-0.546321	-1.064690	-1.030591	-0.782065
ENSMUSG00000026807	-0.566093	0.820570	-0.543299	0.512709	0.865636	0.095030
ENSMUSG00000026809	1.275574	1.185656	1.831591	3.999964	3.228471	3.928109
ENSMUSG00000026810	0.153948	0.150391	-0.092936	0.585280	0.414172	0.053546
ENSMUSG00000026811	0.224453	0.122835	-0.178510	-0.307811	-0.315820	-0.038715
ENSMUSG00000026812	-1.219065	-1.372563	-1.340244	-1.653453	-0.828592	-0.573115
ENSMUSG00000026814	1.588264	2.705182	1.758647	1.668555	1.009071	-0.048004
ENSMUSG00000026815	-0.507855	-1.687569	-2.246859	-3.096986	-1.260595	-1.710596
ENSMUSG00000026816	-0.853142	-1.797254	-2.006694	-3.028560	-2.614513	-2.736686
ENSMUSG00000026817	-1.135042	-1.698069	-2.708334	-1.921305	-1.879104	-2.164512
ENSMUSG00000026819	-0.226536	-0.229438	-0.165908	-0.432257	-0.602651	-1.149920
ENSMUSG00000026820	0.210356	0.309280	0.006333	-0.668175	-1.019655	-1.041985
ENSMUSG00000026821	-0.481286	-0.557894	-0.737666	-1.162405	-0.007219	0.096280
ENSMUSG00000026826	-0.018629	-0.165359	-0.880031	-1.582384	-0.756513	-1.260331
ENSMUSG00000026827	-0.140988	-0.222633	0.418543	-0.242490	-0.566654	-0.909936
ENSMUSG00000026832	-0.217040	-0.082759	0.394709	1.512654	2.169147	2.501185
ENSMUSG00000026841	-0.429638	-0.381831	-0.752742	-1.610282	-1.142131	-2.278957
ENSMUSG00000026842	0.260720	-0.004942	0.335425	0.405105	0.787746	0.667026
ENSMUSG00000026843	-0.100689	-0.494998	0.430292	-0.264359	0.482681	0.226436
ENSMUSG00000026848	-0.128910	-0.180202	-0.308681	-0.500919	-0.578540	-0.491144
ENSMUSG00000026849	0.013820	0.173040	0.178248	0.240191	-0.036125	0.053301
ENSMUSG00000026851	-0.081445	0.140811	0.123175	0.223450	0.154893	0.553413
ENSMUSG00000026853	0.270002	0.230564	0.638386	0.769863	1.189879	1.089628
ENSMUSG00000026854	0.189132	0.571032	0.238998	0.266471	0.306996	0.515542
ENSMUSG00000026856	-0.037516	0.195931	0.066499	0.209843	0.322013	0.106332
ENSMUSG00000026857	-0.199064	-0.093575	-0.896104	-0.964250	-1.536422	-1.549583
ENSMUSG00000026858	-0.147122	-0.435487	-0.748097	-1.203664	-1.029671	-1.052883
ENSMUSG00000026860	-0.025359	0.152960	0.002335	0.347071	0.040881	0.013773
ENSMUSG00000026864	0.077346	0.116720	-0.394908	-0.273707	-0.720393	-1.027607
ENSMUSG00000026866	0.162877	-1.052441	-0.624605	0.959896	3.045512	5.105022
ENSMUSG00000026867	-0.088081	-0.040822	-0.412760	-0.464412	-0.719843	-0.928433
ENSMUSG00000026869	-0.151752	-0.226571	-0.166097	-0.470449	-0.209612	-0.292370
ENSMUSG00000026872	-0.144448	-0.664439	-0.631335	1.174649	1.893302	1.858778
ENSMUSG00000026873	-0.171486	0.388134	0.601444	-0.161674	-0.072930	-0.522383
ENSMUSG00000026878	0.041694	-0.157910	-0.146388	-0.109846	-0.172502	-0.341658
ENSMUSG00000026879	1.594043	1.455406	1.582018	1.124207	1.577816	2.128844
ENSMUSG00000026880	1.279258	1.562681	1.625559	1.574716	3.613345	4.465058
ENSMUSG00000026883	0.722045	-0.881409	0.005201	-0.043614	-0.529026	-0.917698
ENSMUSG00000026885	1.924821	0.843069	-2.110749	-1.453221	-1.775183	-2.153388
ENSMUSG00000026887	0.057431	0.169080	-0.376767	-0.125264	-0.829895	-0.459376
ENSMUSG00000026889	0.093831	-0.217072	-0.314469	-0.329169	-0.136974	0.468863
ENSMUSG00000026893	-0.915264	-1.301011	0.270144	1.426455	0.856015	0.218156
ENSMUSG00000026894	1.079993	0.555771	-2.893682	2.475118	-0.526452	-0.258724
ENSMUSG00000026895	0.094321	0.123758	-0.162008	-0.135773	-0.277590	-0.420795
ENSMUSG00000026896	0.388622	-0.990830	-1.040239	-0.538275	-1.193563	-0.907314
ENSMUSG00000026914	-0.184739	-0.092758	-0.451688	-0.145147	-0.582177	-0.618475
ENSMUSG00000026915	-0.265900	0.048264	0.139024	0.576885	0.556098	0.874242
ENSMUSG00000026917	0.047182	-0.179791	-0.183593	-0.971546	-1.012568	-1.401806
ENSMUSG00000026918	0.083993	0.148475	0.112390	0.220149	-0.156422	-0.028902
ENSMUSG00000026919	-0.340087	-0.333744	-0.826597	-2.138771	-1.766927	-2.668828
ENSMUSG00000026921	1.453198	1.479488	0.798026	0.282259	-1.731955	-2.186952
ENSMUSG00000026922	0.357441	0.455641	-0.091717	0.073232	-0.887191	-0.752910
ENSMUSG00000026923	0.497011	0.142986	0.514878	0.481561	-0.028506	-0.182411
ENSMUSG00000026924	0.304916	0.141449	0.279616	0.095456	0.418217	0.477425
ENSMUSG00000026925	-0.206157	-0.046790	0.010590	-0.171437	0.298796	0.079996
ENSMUSG00000026926	0.062736	-0.053072	0.022436	0.003777	-0.097329	-0.365829
ENSMUSG00000026927	0.068650	0.282963	0.070986	-0.344189	-0.257064	0.080032
ENSMUSG00000026928	0.095951	-0.696061	-0.851548	-0.969502	-0.870914	-0.352227
ENSMUSG00000026930	0.309100	1.174311	1.115366	1.178815	1.474521	1.473164
ENSMUSG00000026932	-0.076249	0.190088	-0.488053	-0.653595	-0.154465	-0.536383
ENSMUSG00000026933	0.093026	0.512793	0.285944	0.074999	0.192366	0.310096
ENSMUSG00000026941	-0.448393	-0.060755	-0.418294	-0.372672	-0.682329	-0.781167
ENSMUSG00000026942	-0.128648	0.142760	0.123833	0.064611	0.075733	-0.095191
ENSMUSG00000026944	0.372740	0.347604	0.507227	-0.007169	-0.307218	-0.583467
ENSMUSG00000026946	-0.157734	0.246941	0.273891	0.395984	0.193574	1.054367
ENSMUSG00000026955	-0.391446	-0.476163	-0.307997	-0.805397	-0.857219	-1.259832
ENSMUSG00000026956	-0.190124	-0.349300	-0.217571	0.014122	0.048111	0.941760
ENSMUSG00000026958	-0.694801	0.065026	-0.069168	0.586733	1.393991	1.743496
ENSMUSG00000026960	-0.309771	-0.278403	0.487720	0.185233	0.137195	-0.481013
ENSMUSG00000026965	-0.036778	0.195017	0.215516	0.509632	0.646241	0.774050
ENSMUSG00000026966	0.034751	0.116937	0.155240	-0.299334	-0.153636	-0.161948
ENSMUSG00000026969	-0.760175	-0.818357	-0.015127	-0.654983	0.979532	0.103948
ENSMUSG00000026970	0.277772	0.250211	0.591714	1.385378	1.246878	1.379752
ENSMUSG00000026972	-0.024641	0.302899	0.211561	0.823342	0.854906	0.756288
ENSMUSG00000026974	0.082599	0.190307	-0.368599	-0.953142	-1.534092	-1.856786
ENSMUSG00000026975	-0.364476	-0.666312	-0.762281	-0.632564	-0.754482	-0.846995
ENSMUSG00000026977	-0.033857	0.014745	0.272074	0.170823	0.541641	0.728325
ENSMUSG00000026979	0.053555	-0.154003	-0.029090	-0.365007	-0.336986	-0.498718
ENSMUSG00000026980	-0.223166	-0.527637	-0.857413	-1.467576	-1.734236	-1.833212
ENSMUSG00000026987	0.080970	-0.078883	-0.464029	0.357726	0.659219	1.109431
ENSMUSG00000026988	-0.228022	0.478684	-0.243547	-0.157633	-0.096977	-0.479330
ENSMUSG00000026991	0.195582	0.340289	-0.228900	-1.009523	-1.147987	-1.378374
ENSMUSG00000026999	-0.399099	-0.286051	-0.653042	-0.406667	-0.848763	-1.167794
ENSMUSG00000027001	0.105160	0.012525	-0.695660	0.119047	-0.696241	-0.482963
ENSMUSG00000027006	0.156082	-0.065775	0.155181	0.207122	0.585175	0.440855
ENSMUSG00000027007	0.282280	0.299225	0.782341	-0.022868	0.125840	0.227937
ENSMUSG00000027009	-0.445223	-0.498240	-0.459217	0.454141	0.708761	0.565302
ENSMUSG00000027010	-0.149177	-0.179819	-0.340633	-0.167614	-0.496454	-0.478065
ENSMUSG00000027011	-0.233190	0.037743	-0.055773	0.594494	0.637890	0.421789
ENSMUSG00000027012	0.005909	0.280928	-0.278253	0.098909	-0.441076	0.300054
ENSMUSG00000027014	-0.069604	0.008499	-0.032676	-0.311915	-0.478024	-0.242095
ENSMUSG00000027015	-0.286237	-0.504473	-1.105230	0.574444	-0.296975	0.113935
ENSMUSG00000027018	0.061764	0.172433	0.048686	-0.254423	-0.855357	-1.055991
ENSMUSG00000027067	0.184360	0.092619	0.414004	-0.024385	-0.094378	-0.463036
ENSMUSG00000027071	1.034999	1.310877	0.984869	-0.274959	-0.558436	-1.004806
ENSMUSG00000027074	-0.043591	-0.239841	-0.584582	-0.309124	-0.786150	-1.617609
ENSMUSG00000027075	-0.074007	-0.631310	-0.858695	-0.736363	-1.032172	-1.059350
ENSMUSG00000027076	-0.306925	-0.514879	-1.403447	-1.060386	-1.655703	-2.055761
ENSMUSG00000027078	-0.263919	-0.395193	-1.112095	-1.572923	-1.263865	-1.229599
ENSMUSG00000027079	-0.463715	0.127867	0.149561	0.164791	0.020146	-0.287351
ENSMUSG00000027080	-0.031562	0.064120	-0.341410	0.084974	-0.261584	-0.124902
ENSMUSG00000027086	-0.001131	0.323909	-0.618353	-0.785118	-1.088247	-0.924703
ENSMUSG00000027087	0.247868	-0.313327	-0.139794	-0.371630	-0.159980	0.237594
ENSMUSG00000027088	-0.029912	0.321970	0.455142	0.219961	0.179495	0.554019
ENSMUSG00000027091	-0.088061	0.058197	-0.181866	-0.698343	-1.276772	-0.790200
ENSMUSG00000027099	-0.252970	-0.111960	-0.612887	0.149321	-0.705488	-0.694327
ENSMUSG00000027104	-0.149693	-0.106163	-0.159990	-0.070981	-0.393882	-0.858072
ENSMUSG00000027107	0.746906	-1.179763	0.200796	1.210177	0.262288	-0.100532
ENSMUSG00000027108	0.005420	0.152457	-0.198313	-0.105754	-0.582358	-0.427834
ENSMUSG00000027109	0.188176	-0.184803	0.299299	0.133646	0.829809	0.508772
ENSMUSG00000027111	1.717446	0.875811	1.434820	0.764486	1.441886	1.681084
ENSMUSG00000027115	0.006586	-0.151403	0.027082	0.063752	-0.096005	-0.150963
ENSMUSG00000027122	0.086151	-0.301605	0.177525	-0.257826	-0.030429	0.078859
ENSMUSG00000027130	-0.049157	0.308533	0.298666	1.439176	1.596357	1.655703
ENSMUSG00000027131	-0.369003	-0.178671	-0.377359	-0.320096	-0.692884	-1.116324
ENSMUSG00000027132	0.044632	0.281227	-0.192612	-0.561231	-0.193130	-0.238110
ENSMUSG00000027133	-0.120145	-0.123663	-0.724995	-0.240330	-0.596910	-1.812292
ENSMUSG00000027134	0.129067	0.376098	-0.481752	-0.613617	-2.263579	-2.407987
ENSMUSG00000027160	-0.170399	0.311583	-0.167871	0.428872	-0.729710	-1.105177
ENSMUSG00000027162	-0.096995	-0.413815	0.226343	0.075697	0.792963	0.333623
ENSMUSG00000027163	-0.171003	-0.157624	-0.277778	0.100104	0.421038	0.496295
ENSMUSG00000027164	0.173205	0.153621	0.471399	0.748203	1.696526	1.862015
ENSMUSG00000027165	-0.695519	0.273298	-0.579279	1.001486	2.120636	3.078860
ENSMUSG00000027166	-0.085260	0.021931	-0.257673	-1.382547	-1.022628	-0.544389
ENSMUSG00000027167	-0.067335	0.153336	-0.375828	-0.387603	-0.587599	-0.563958
ENSMUSG00000027168	-0.318949	-0.984037	-0.924629	0.969217	-0.019853	-0.867423
ENSMUSG00000027170	-0.383084	-0.108660	0.020039	-0.385780	-0.593269	-0.305070
ENSMUSG00000027171	-0.239369	-1.333886	-0.065298	1.320165	1.414315	1.678832
ENSMUSG00000027173	-0.484901	-0.293145	0.076039	-1.017581	-1.047570	-1.385358
ENSMUSG00000027175	-0.499330	-1.564425	-1.558423	-1.728657	-1.167472	-1.494717
ENSMUSG00000027176	0.016086	0.331612	-0.196198	0.131472	-0.171085	0.163028
ENSMUSG00000027177	0.391777	-0.048595	0.171917	0.141749	1.126296	1.348360
ENSMUSG00000027180	0.028223	0.060953	0.349212	0.425247	0.650934	0.310091
ENSMUSG00000027184	-0.144341	-0.309290	-0.265856	-0.336032	-0.174202	-0.474391
ENSMUSG00000027185	-0.332608	-0.549283	-1.019211	-1.508852	-2.303761	-2.766933
ENSMUSG00000027187	-0.205518	-0.017449	-0.019917	0.338270	0.568442	0.708141
ENSMUSG00000027189	0.229786	0.310285	0.674905	0.591940	0.687719	0.647955
ENSMUSG00000027193	0.044837	-0.199608	0.065693	-0.350244	-0.120842	-0.309418
ENSMUSG00000027194	0.024158	0.156656	0.166989	0.475099	0.279053	0.518400
ENSMUSG00000027195	0.003906	0.017600	-0.176076	-0.210110	-0.894638	-1.285340
ENSMUSG00000027198	0.170281	0.095501	0.447431	0.053535	0.043371	-0.093813
ENSMUSG00000027201	0.174372	0.427342	0.070608	0.005839	-0.355810	-0.142741
ENSMUSG00000027203	-0.260530	-0.192480	-0.151862	-0.024264	-0.706243	-1.484788
ENSMUSG00000027206	0.089113	0.061318	-0.355125	-0.363446	-0.733507	-0.365852
ENSMUSG00000027207	0.068345	-0.096863	-0.762524	-0.808005	-0.767517	-0.861718
ENSMUSG00000027208	-0.433686	0.920334	-1.671778	-0.435914	-0.822642	-0.851742
ENSMUSG00000027215	1.146581	0.837268	0.417693	1.739380	1.462335	1.887834
ENSMUSG00000027217	-0.634801	-1.750210	-2.245472	-2.263206	-1.998641	-2.700309
ENSMUSG00000027219	-1.291108	-0.910247	0.582117	0.511938	1.236257	2.656701
ENSMUSG00000027222	-0.221888	0.041732	0.137108	-0.062899	0.091704	0.110804
ENSMUSG00000027223	1.066157	0.258334	-0.121842	-0.911405	-0.583227	-1.880495
ENSMUSG00000027227	-0.419349	-0.481584	-0.407055	-0.229425	0.532732	0.904289
ENSMUSG00000027230	-0.786522	0.112740	-0.435589	1.025537	-0.318612	-0.560612
ENSMUSG00000027236	-0.208153	-0.055488	-0.695164	-1.152924	-1.853834	-1.869933
ENSMUSG00000027239	0.250724	-0.253268	-0.170675	0.206517	-0.598441	-1.054164
ENSMUSG00000027242	-0.042859	-0.299586	-0.086062	-0.214027	-0.167260	-0.934220
ENSMUSG00000027243	-0.294321	-0.049088	-0.123771	0.572874	0.749396	0.990436
ENSMUSG00000027244	-0.228231	0.029097	0.174033	0.326278	0.598766	0.496799
ENSMUSG00000027245	0.396754	0.360104	-0.163301	0.303491	0.021196	0.739801
ENSMUSG00000027246	-1.223703	2.383278	4.726795	7.464133	5.593231	5.985488
ENSMUSG00000027247	-0.068828	0.036485	0.113106	0.338549	0.598169	0.441248
ENSMUSG00000027248	0.121818	0.176830	0.003904	-0.214175	-0.525150	-0.393929
ENSMUSG00000027253	-0.053788	-0.563892	-2.021613	-3.210067	-3.389623	-3.193293
ENSMUSG00000027255	0.080080	0.035630	0.064682	0.019815	0.393721	0.253286
ENSMUSG00000027257	0.778157	0.712288	1.505682	1.120920	1.698343	0.548327
ENSMUSG00000027259	-0.054859	-0.000994	-0.106379	-0.304573	-0.062215	-0.354834
ENSMUSG00000027263	-0.013860	-0.092488	-0.197926	0.200624	0.059768	-0.121802
ENSMUSG00000027272	0.042258	-0.402396	-0.224121	-0.504777	0.049500	-0.291444
ENSMUSG00000027274	-0.245272	0.181845	-0.264291	-0.697333	-1.085383	-1.020216
ENSMUSG00000027281	-0.002045	0.088082	0.214280	0.197224	0.444976	0.179816
ENSMUSG00000027282	0.003805	0.151770	-0.344953	0.045201	-0.357068	-0.654789
ENSMUSG00000027284	-0.384352	-0.032860	-0.204921	-0.146604	-0.444409	-0.564831
ENSMUSG00000027285	-0.169188	-0.419902	-0.115619	-0.508753	0.756252	0.789890
ENSMUSG00000027286	-0.082177	0.723789	0.690352	0.894851	0.818340	1.274661
ENSMUSG00000027287	0.003985	0.095751	0.450553	-0.150340	-0.147778	0.133128
ENSMUSG00000027288	0.158488	0.007374	0.187519	-0.334579	-0.447542	-0.820723
ENSMUSG00000027291	-0.016348	0.384312	0.559156	0.633802	0.882590	0.892072
ENSMUSG00000027293	-0.101184	-0.022287	-0.069585	-0.595168	-0.361028	0.095075
ENSMUSG00000027296	-0.708278	-0.539696	-1.350477	-2.205261	-1.109235	-2.405698
ENSMUSG00000027297	0.283219	0.997115	1.244009	1.546884	1.524564	1.829357
ENSMUSG00000027298	0.285037	0.667413	0.559911	-0.206428	-0.195471	-0.417300
ENSMUSG00000027300	-0.265665	0.068043	-0.685236	-0.436637	-0.765032	-1.370444
ENSMUSG00000027303	-0.075995	0.141703	0.363564	0.304192	0.285572	0.347685
ENSMUSG00000027304	-0.011810	0.228566	0.063459	-0.053032	-0.313752	0.119188
ENSMUSG00000027305	-0.009732	-0.038382	-0.228329	-0.178931	-0.731605	-0.717951
ENSMUSG00000027306	0.366403	0.352253	0.923064	0.595082	1.200998	1.160734
ENSMUSG00000027309	0.137117	0.851524	0.322946	1.036208	1.547377	1.946412
ENSMUSG00000027312	0.142357	-0.196495	0.163825	-0.482392	-0.112797	-0.282164
ENSMUSG00000027313	0.961714	0.012409	-0.114009	-1.969878	-3.492770	-3.273833
ENSMUSG00000027314	-0.146552	0.220486	1.310347	1.108501	1.632440	1.965365
ENSMUSG00000027318	1.000756	0.194764	1.184154	-0.455920	-1.130517	-0.689479
ENSMUSG00000027322	-0.154555	-0.236306	-1.022556	-1.487518	-2.749863	-3.085283
ENSMUSG00000027323	-0.107949	0.005919	-0.211070	-0.118924	-0.710644	-1.502610
ENSMUSG00000027324	-0.196495	-0.664398	-0.583687	-1.476451	-1.298543	-1.662250
ENSMUSG00000027326	0.089207	0.066702	0.399031	-0.420602	-0.512883	-0.473721
ENSMUSG00000027327	-0.335157	-0.141222	-0.527748	-0.240485	-0.688917	-0.915194
ENSMUSG00000027329	-1.128271	-1.205616	-1.673897	-1.713808	-2.318124	-2.184112
ENSMUSG00000027330	0.070194	0.139712	0.963839	0.968818	1.657631	1.424616
ENSMUSG00000027331	0.200611	0.254087	0.100976	0.192928	0.267459	0.466678
ENSMUSG00000027332	0.230305	0.117183	-0.336487	0.225285	0.956388	1.080132
ENSMUSG00000027339	-0.123536	-0.052635	0.458483	-0.075464	0.358083	0.408828
ENSMUSG00000027340	-0.195129	-0.497467	0.200871	-0.488143	0.024748	-0.268598
ENSMUSG00000027341	-0.376237	-0.240804	-0.104977	0.129986	-0.019440	-0.300861
ENSMUSG00000027342	-0.286193	-0.640333	0.007547	0.318287	0.111815	-1.238108
ENSMUSG00000027346	-0.115177	-0.386496	-0.200240	0.481604	1.414144	1.731967
ENSMUSG00000027349	0.150779	0.051187	-0.436875	-0.552621	-0.736495	-0.499254
ENSMUSG00000027351	0.755816	-0.076600	0.192203	-0.315145	-0.640725	-0.523546
ENSMUSG00000027353	-0.188118	-0.067431	-0.401830	-0.053953	-0.732770	-1.498119
ENSMUSG00000027357	-0.068193	-0.161880	-0.469478	-0.442936	-1.283643	-1.311113
ENSMUSG00000027359	-0.089219	-0.388840	-1.391394	-1.333281	-1.118260	-2.268517
ENSMUSG00000027360	0.120255	-0.164067	0.698480	0.257748	-0.058385	0.726670
ENSMUSG00000027361	0.210022	0.849163	0.721449	0.047041	-0.101065	0.110341
ENSMUSG00000027363	-0.126669	-0.024813	-0.043968	0.143890	0.264694	0.380697
ENSMUSG00000027364	-0.322663	-0.440774	-0.670949	-0.111519	-1.354461	-1.156729
ENSMUSG00000027365	0.065029	0.105861	-0.159612	-0.189157	0.074177	0.128872
ENSMUSG00000027366	0.216457	0.131867	0.312953	0.479847	0.992904	0.802585
ENSMUSG00000027367	0.180742	0.073904	-0.008893	-0.382169	-0.414999	-0.729240
ENSMUSG00000027368	0.675204	0.187168	0.479748	0.288083	0.966895	1.170070
ENSMUSG00000027371	-0.097227	0.105574	0.354548	0.433606	0.735439	0.913457
ENSMUSG00000027374	-0.140526	-0.095638	-0.252845	-0.705598	-1.089315	-1.001097
ENSMUSG00000027378	0.397540	0.291287	0.678952	0.593390	0.182478	0.586110
ENSMUSG00000027379	0.189044	0.137253	0.062058	0.021577	-0.104703	-0.594940
ENSMUSG00000027381	-0.003887	0.067315	0.660256	1.462425	1.855632	1.551600
ENSMUSG00000027384	-0.122230	-0.068699	-0.235198	-0.727487	-1.501395	-0.995807
ENSMUSG00000027387	0.001982	-0.612977	0.181990	-0.848514	-1.479688	-1.914326
ENSMUSG00000027394	0.305802	0.373367	0.483318	-0.118839	-0.614261	-0.590911
ENSMUSG00000027395	-0.227240	-0.749032	-1.530150	-1.929122	-2.560900	-3.055860
ENSMUSG00000027397	-0.294187	-0.475609	-0.744237	-1.531334	-1.963531	-2.618670
ENSMUSG00000027404	-0.382868	-0.172624	-0.169832	-0.422099	-0.608498	-0.934029
ENSMUSG00000027405	0.090040	0.054690	-0.438901	-1.051462	-1.923860	-2.239182
ENSMUSG00000027406	-0.020851	-0.005297	-0.246987	-0.129989	-0.420914	-0.219609
ENSMUSG00000027408	-0.667842	0.235956	-0.740744	-0.516392	0.272195	1.681065
ENSMUSG00000027411	-0.154591	0.241935	-0.085236	0.100241	0.014101	0.060374
ENSMUSG00000027422	0.261042	0.369915	0.016923	-0.428492	-0.971979	-0.666599
ENSMUSG00000027423	0.025638	-0.283647	-0.560494	-0.610591	-0.818593	-0.869682
ENSMUSG00000027424	-0.085479	-0.406334	-0.538604	-0.302214	-0.853935	-0.873664
ENSMUSG00000027425	-0.009690	-0.422313	-0.446527	-0.773576	-0.949048	-0.987935
ENSMUSG00000027427	-0.208275	-0.368409	-0.661666	-0.570517	-0.631156	-0.499751
ENSMUSG00000027429	-0.307292	-0.206471	-0.073697	0.044873	0.002082	-0.331614
ENSMUSG00000027430	-0.353365	-0.114114	-0.284097	-0.547239	-1.606379	-2.152604
ENSMUSG00000027433	-0.040629	0.054886	-0.158045	-0.097548	-0.034167	-0.196586
ENSMUSG00000027435	0.414340	-0.630706	-1.501322	-1.038359	0.477348	0.518473
ENSMUSG00000027438	0.182491	-0.610507	-0.923479	1.818477	3.104135	2.473765
ENSMUSG00000027439	0.241177	0.241980	0.617368	0.498518	1.208519	1.784179
ENSMUSG00000027447	0.246655	0.268288	0.198687	1.117464	1.322475	1.388183
ENSMUSG00000027452	-0.377098	-0.255860	0.760465	1.329828	1.943694	1.958059
ENSMUSG00000027454	-0.341458	-0.231227	-0.576370	-0.271477	-1.301165	-1.483886
ENSMUSG00000027455	-0.084545	0.134976	-0.547918	-0.608953	-1.041237	-0.870442
ENSMUSG00000027456	-0.072193	0.190509	-1.414460	0.066897	-0.600100	-1.268208
ENSMUSG00000027459	-0.182808	-0.409154	-0.124241	0.148353	0.200974	-0.032666
ENSMUSG00000027463	0.457554	-0.681091	0.732776	0.743078	0.485500	1.081691
ENSMUSG00000027465	-0.079888	-0.017885	0.440645	0.724781	1.842564	2.257976
ENSMUSG00000027466	-0.224438	-0.134640	-0.129526	-0.094988	-0.335007	-0.516226
ENSMUSG00000027469	0.095406	0.066675	0.135928	-0.063834	-0.207615	-0.419081
ENSMUSG00000027472	-0.084676	-0.561609	-1.489558	-1.294044	-1.582213	-1.449583
ENSMUSG00000027475	0.206998	-0.037536	1.100960	0.034879	0.640348	1.031721
ENSMUSG00000027478	0.151533	0.220602	0.100875	-0.878897	-0.916888	-1.076378
ENSMUSG00000027479	0.177161	0.156211	0.223280	-0.087396	0.035288	0.108683
ENSMUSG00000027487	-0.263625	-0.254575	-0.123156	-0.387096	-0.572965	-0.806223
ENSMUSG00000027489	-0.141370	0.312581	-0.126988	0.209781	-0.441934	-1.061429
ENSMUSG00000027490	-0.078133	0.097131	0.319888	0.394505	0.110967	-0.695898
ENSMUSG00000027495	-0.408741	-0.668146	-0.075628	-0.739335	0.755872	0.942156
ENSMUSG00000027496	-0.073344	-0.250219	0.221207	-0.146977	-0.171487	-0.658347
ENSMUSG00000027498	-0.165035	-0.276527	-0.192114	-0.297277	-0.367147	-0.615787
ENSMUSG00000027502	-0.022798	0.093311	0.056896	-0.103188	0.318297	0.773299
ENSMUSG00000027505	-0.293295	-0.068599	-0.752057	0.425004	0.349664	0.034091
ENSMUSG00000027508	1.735102	0.334128	0.577070	-0.250728	-0.259387	-0.752636
ENSMUSG00000027509	0.028520	0.026375	-0.297471	-0.443013	-0.806708	-0.768840
ENSMUSG00000027510	0.202573	-0.193181	0.022402	0.815412	0.849884	0.869174
ENSMUSG00000027514	-1.098308	-1.279228	2.651752	0.909676	3.113314	4.042921
ENSMUSG00000027519	0.171606	0.157233	0.361027	0.303340	0.879587	0.922971
ENSMUSG00000027522	0.019438	-0.118088	-0.267702	0.057028	0.811613	1.191271
ENSMUSG00000027523	-0.001795	0.254592	0.157246	0.352933	0.219228	0.491061
ENSMUSG00000027531	-0.197974	0.017379	0.069248	-0.010861	0.092195	-0.057096
ENSMUSG00000027533	-0.809143	-0.601527	-1.138148	-1.120833	-1.801669	-1.745384
ENSMUSG00000027534	-0.652568	-0.298432	0.498699	-0.067368	0.417296	-0.160460
ENSMUSG00000027540	-0.011556	0.071156	0.441270	0.499073	0.686319	0.545602
ENSMUSG00000027550	0.312112	0.071935	0.278658	0.245588	0.222006	0.727890
ENSMUSG00000027551	-0.225299	-0.693760	-0.674959	-0.256281	-0.215919	-0.553513
ENSMUSG00000027552	0.776437	0.591063	0.482724	0.707696	0.120583	0.509712
ENSMUSG00000027555	0.455770	0.393056	0.581820	0.662759	1.107859	0.702364
ENSMUSG00000027559	0.479448	-0.213633	-0.359423	0.297413	0.903699	0.949605
ENSMUSG00000027562	-0.180511	-0.125577	-0.321451	1.005254	0.634516	-0.385254
ENSMUSG00000027566	-0.073632	-0.085210	0.112041	-0.016632	-0.161833	-0.350698
ENSMUSG00000027569	-0.168779	0.120333	0.289831	-0.129640	-0.321761	-0.109216
ENSMUSG00000027570	0.560703	0.823595	0.473653	-1.065944	0.207895	0.577676
ENSMUSG00000027573	0.012230	-0.230309	-0.641417	-0.508993	-0.418510	-0.504929
ENSMUSG00000027575	-0.084034	-0.127430	-0.311538	0.121849	-0.200576	-0.163039
ENSMUSG00000027580	0.130088	0.101831	0.449685	0.392896	0.614355	0.519623
ENSMUSG00000027582	-0.222512	-0.028936	-0.127100	-0.168920	-0.136574	0.085311
ENSMUSG00000027589	0.206842	0.230493	0.212010	0.862825	1.525382	1.511439
ENSMUSG00000027593	-0.126129	0.070921	-0.195632	0.009211	-0.339925	-0.449294
ENSMUSG00000027596	-0.032363	0.194629	-0.276520	0.985324	0.734080	1.544571
ENSMUSG00000027597	-0.057558	-0.165816	0.153422	0.042529	0.273255	-0.236786
ENSMUSG00000027598	0.215826	0.264809	0.281946	0.371964	0.415031	0.565861
ENSMUSG00000027599	-0.050646	-0.057603	0.079923	-0.949796	-0.679779	-0.663833
ENSMUSG00000027601	-0.249086	0.052577	0.039098	-0.504915	-0.656465	-0.598757
ENSMUSG00000027602	0.222610	0.059106	0.778693	1.069995	0.346134	0.897109
ENSMUSG00000027605	-0.166550	0.524881	0.367577	0.822126	-0.103255	-0.436948
ENSMUSG00000027610	0.595965	0.535553	-0.020185	-0.093579	-0.447392	-0.214501
ENSMUSG00000027613	-0.077377	-0.071500	-0.560353	-0.407768	-1.007772	-1.157707
ENSMUSG00000027615	-0.136383	-0.197552	-0.573273	-0.613996	-1.065663	-1.317291
ENSMUSG00000027618	-0.275219	-0.091239	0.491411	0.465978	0.290483	0.475829
ENSMUSG00000027620	-0.161727	0.206709	-0.289930	-0.071718	-0.890510	-0.497440
ENSMUSG00000027628	-0.227756	-0.109551	0.170228	-0.203609	-0.166537	-0.228334
ENSMUSG00000027630	0.139728	-0.220101	0.036209	0.083804	0.237959	-0.008767
ENSMUSG00000027634	0.335271	0.273161	-0.138831	-0.252785	-0.627506	-0.670664
ENSMUSG00000027635	0.115137	0.277134	0.247654	-0.331117	0.049311	-0.333839
ENSMUSG00000027636	0.842536	1.468661	0.914237	0.990476	0.694412	0.096272
ENSMUSG00000027637	-0.099510	0.042334	-0.721471	-0.671860	-1.213152	-1.314745
ENSMUSG00000027639	-0.021551	0.152491	-0.372142	0.789648	0.393611	1.288623
ENSMUSG00000027641	0.104564	-0.201373	0.493282	-0.217146	0.483658	-0.223395
ENSMUSG00000027642	0.078547	-0.027667	-0.257256	-0.747307	-1.032709	-1.789026
ENSMUSG00000027649	-0.071969	0.089109	0.191474	0.012311	-0.085185	0.029734
ENSMUSG00000027650	-0.263898	0.424179	0.198570	0.444482	0.467435	0.093187
ENSMUSG00000027651	0.006834	-0.357914	-0.025377	-0.303871	-0.421252	-0.866955
ENSMUSG00000027652	0.074145	0.005576	-0.032529	-0.049360	-0.216233	-0.025474
ENSMUSG00000027654	0.017119	0.393418	0.903665	0.446721	0.663481	0.104173
ENSMUSG00000027655	-0.034411	0.042562	0.310012	0.427999	0.478572	0.314193
ENSMUSG00000027660	0.047405	-0.269865	1.060985	-0.754375	0.027500	0.657253
ENSMUSG00000027663	0.522117	0.526019	0.261086	0.437495	-0.355562	-0.498898
ENSMUSG00000027665	0.134668	0.266878	0.234714	0.037153	0.247512	0.472746
ENSMUSG00000027667	-0.066888	0.153139	-0.248865	-0.316567	-0.560586	-0.829605
ENSMUSG00000027668	0.113398	0.174877	0.314925	-0.251686	-0.303845	-0.205719
ENSMUSG00000027669	0.308299	-0.257648	-0.170386	-0.337778	0.098808	0.311801
ENSMUSG00000027671	-0.146331	-0.210095	0.013946	-0.198713	-0.330725	-0.655147
ENSMUSG00000027673	0.066929	0.136531	-0.181913	-0.174403	-0.660529	-0.463475
ENSMUSG00000027677	0.003242	-0.161030	0.035749	-0.169503	-0.209512	0.402811
ENSMUSG00000027678	0.251747	0.044082	0.381002	0.639702	1.145613	0.972100
ENSMUSG00000027679	-0.592487	-0.031596	-0.365615	-0.103974	-1.302750	-1.110569
ENSMUSG00000027680	0.086299	0.001650	-0.027829	-0.107322	-0.006109	0.154859
ENSMUSG00000027695	-0.041660	-0.359448	-0.421579	-0.564176	-1.118332	-0.170338
ENSMUSG00000027698	-0.231019	-1.105071	-0.802062	-1.657833	-0.664154	-0.772355
ENSMUSG00000027699	0.177576	0.294906	0.990449	0.385517	0.540800	0.079781
ENSMUSG00000027706	-0.183143	0.455240	-0.140318	0.446676	-0.290134	-0.016311
ENSMUSG00000027708	0.018646	0.287328	0.504554	0.621913	0.951665	0.908541
ENSMUSG00000027709	-0.292337	-0.382617	-0.178345	0.001173	0.020135	0.231334
ENSMUSG00000027710	0.036256	-0.078489	0.020971	-0.680522	-0.483422	-0.508052
ENSMUSG00000027712	1.862868	1.030755	0.769308	1.464949	1.315330	2.481486
ENSMUSG00000027714	-0.000355	-0.011971	0.156128	-0.523901	-0.553180	-0.203400
ENSMUSG00000027715	0.085229	-0.073764	0.273084	-0.133743	0.060045	-0.500174
ENSMUSG00000027722	-0.293159	-0.463067	-0.500581	-1.110052	-1.776316	-1.686863
ENSMUSG00000027737	0.026556	-0.770101	-0.799384	-1.323587	-2.855817	-3.237006
ENSMUSG00000027739	-0.221702	0.065710	0.867118	0.752145	1.287709	1.259554
ENSMUSG00000027742	-0.109597	0.157207	0.556883	0.704478	1.086076	1.200819
ENSMUSG00000027746	-0.250966	0.068396	-0.224714	-0.189963	-0.458367	0.001689
ENSMUSG00000027751	-0.229086	-0.030754	0.132185	0.129514	0.516208	0.597696
ENSMUSG00000027752	-0.160218	0.117955	-0.182847	-0.627068	-1.240778	-1.516748
ENSMUSG00000027763	0.141865	-0.235210	-0.292927	-0.137703	0.073354	-0.012708
ENSMUSG00000027770	-0.070689	0.097073	-0.170140	-0.482399	-0.316738	-0.250594
ENSMUSG00000027774	-0.017763	-0.144819	-0.029613	-0.439663	-0.819646	-0.788522
ENSMUSG00000027775	0.056545	-0.257247	0.211710	0.339330	0.920087	0.483673
ENSMUSG00000027776	0.625472	0.057689	-1.191038	-1.494011	-0.374315	0.450746
ENSMUSG00000027778	0.097938	0.384467	0.589546	0.394164	0.671840	0.712254
ENSMUSG00000027782	-0.005752	-0.150307	-0.074936	-0.369078	-0.472010	-0.673203
ENSMUSG00000027784	0.111947	-0.095570	0.227669	-0.290455	0.634410	0.483672
ENSMUSG00000027787	-0.233363	-0.322392	-0.497716	-0.729518	-1.599481	-1.628426
ENSMUSG00000027790	-1.776704	-1.532844	-0.643028	0.778717	-0.149961	-0.503831
ENSMUSG00000027804	-0.037229	-0.033169	-0.865101	-1.226373	-1.929205	-1.690260
ENSMUSG00000027806	-0.260276	-0.343970	0.046477	0.981122	1.410199	1.202537
ENSMUSG00000027808	0.334768	0.401402	1.045764	1.400874	2.443263	2.716663
ENSMUSG00000027809	-0.093336	-0.296280	-0.259702	0.102023	0.445119	0.284172
ENSMUSG00000027810	0.007944	0.175760	-0.087084	-0.194243	-0.035800	0.402153
ENSMUSG00000027811	0.010563	0.167973	0.676244	0.558291	0.774637	0.029649
ENSMUSG00000027822	-0.105719	-0.643350	-0.619449	-0.088555	0.122949	0.197712
ENSMUSG00000027823	-0.074923	-0.120068	-0.174733	-0.502881	-0.794090	-0.920033
ENSMUSG00000027828	0.054607	0.075211	-0.104103	0.146909	0.181625	-0.186598
ENSMUSG00000027829	-0.168555	0.172434	-0.755031	-0.077069	-0.768798	-0.665509
ENSMUSG00000027831	0.615573	0.392099	-0.038142	-1.177043	-1.254884	-1.299885
ENSMUSG00000027834	-1.799765	-0.405794	-0.255628	0.802820	2.611906	1.637404
ENSMUSG00000027835	-0.206133	-0.010775	0.312011	-0.399831	-0.404785	-0.158390
ENSMUSG00000027843	0.054051	0.010605	-0.251601	0.348916	-0.699815	-0.984511
ENSMUSG00000027845	-0.083336	-0.396703	-0.467267	-1.034527	-1.519959	-2.077436
ENSMUSG00000027852	-0.092527	-0.064679	-0.412197	0.189331	0.231178	0.338142
ENSMUSG00000027854	0.210211	0.187473	-0.096708	0.207053	0.227193	0.742092
ENSMUSG00000027865	-0.200683	0.017236	0.073549	0.907624	0.708127	0.552915
ENSMUSG00000027878	0.287927	-0.081665	0.303466	0.346741	0.885618	0.738094
ENSMUSG00000027879	-0.148705	0.065357	-0.278013	-0.057286	-0.393624	-0.058531
ENSMUSG00000027881	-0.081754	-0.000692	-0.230481	-0.551475	-0.516364	-0.518867
ENSMUSG00000027882	-0.233019	0.195536	0.008665	0.724875	0.902088	1.061164
ENSMUSG00000027883	0.211486	0.218179	0.739951	0.276479	0.642758	0.169895
ENSMUSG00000027884	0.036584	0.108596	-0.322998	-0.030814	-0.696688	-0.683408
ENSMUSG00000027889	-0.267449	-0.425371	-0.468599	-0.460299	-0.709255	-0.695481
ENSMUSG00000027890	-0.085930	-0.228628	0.123742	0.753548	0.853876	1.162079
ENSMUSG00000027893	0.057154	0.022517	-0.048420	-0.397981	-0.037676	-0.335816
ENSMUSG00000027900	0.059023	0.368084	-0.377156	0.174105	0.297246	0.609422
ENSMUSG00000027901	-0.206861	-0.177831	-0.605180	-0.011323	-0.540105	-0.347853
ENSMUSG00000027905	-0.003967	0.038898	-0.275088	-0.439213	-0.977924	-1.231860
ENSMUSG00000027931	2.578584	2.444234	0.118172	-1.776296	-1.365595	-1.149196
ENSMUSG00000027932	0.078753	0.542144	0.116868	0.581877	0.216510	0.335595
ENSMUSG00000027933	0.010626	-0.210676	-0.082936	-0.000056	0.063118	-0.167571
ENSMUSG00000027935	-0.435017	0.334172	-0.059320	-0.410073	-0.473016	1.107764
ENSMUSG00000027936	-0.182216	0.041640	-0.370336	0.722538	0.401415	0.083583
ENSMUSG00000027937	-0.049108	-0.121331	0.041183	-0.127733	-0.454859	-0.241377
ENSMUSG00000027939	-0.209205	0.356662	-0.520745	0.374316	-0.310644	-0.231756
ENSMUSG00000027940	-0.018205	-0.158880	-0.408409	-0.452694	-0.939423	-0.963503
ENSMUSG00000027942	-0.262190	-0.017813	-0.514318	-0.243833	-0.254747	0.040385
ENSMUSG00000027944	-0.012839	0.199573	0.126560	-0.220287	-0.619920	-1.149280
ENSMUSG00000027950	0.175403	0.037712	-0.640856	-0.224926	-0.187431	-0.632854
ENSMUSG00000027951	-0.146183	-0.193915	-0.451007	-0.154399	-0.000906	0.235662
ENSMUSG00000027952	0.025857	0.812553	0.608641	0.734164	0.304165	0.120954
ENSMUSG00000027953	0.121133	0.464625	0.271162	1.178473	0.880550	1.125538
ENSMUSG00000027957	0.294293	-0.259879	-0.301285	-0.580519	-0.131063	-0.037153
ENSMUSG00000027959	0.161937	-0.167266	0.080698	0.231901	0.507345	0.568332
ENSMUSG00000027961	-1.956104	-2.314986	-2.050013	-2.308884	-0.934980	-0.577913
ENSMUSG00000027963	-0.581454	-1.675755	-1.257129	-0.950060	-0.307072	-0.441856
ENSMUSG00000027968	-0.092774	0.324349	-0.011411	-0.821173	-1.129996	-0.662181
ENSMUSG00000027981	-0.499077	-0.812055	-0.457795	-0.904183	-1.133662	-1.115636
ENSMUSG00000027984	-0.120997	-0.007667	0.043745	-0.474169	-1.023979	-1.308048
ENSMUSG00000027985	-0.570879	-1.893543	-1.903137	-1.782138	-1.459819	-1.493520
ENSMUSG00000027993	0.610307	0.689055	0.509972	0.931809	2.461821	2.764036
ENSMUSG00000027995	0.450992	0.178705	0.493490	0.774014	-0.206755	0.071530
ENSMUSG00000027997	0.394501	0.605816	0.902839	1.556923	1.964962	2.446497
ENSMUSG00000027998	-0.055781	-0.030361	0.304780	0.112701	0.025897	-0.162688
ENSMUSG00000027999	0.637258	0.585943	0.154421	0.240558	-0.599499	-0.428667
ENSMUSG00000028010	-0.285192	-0.058975	-0.700663	-0.795991	-1.956622	-2.250819
ENSMUSG00000028013	0.129182	0.247917	-0.237198	-0.121094	-0.700743	-0.623152
ENSMUSG00000028015	-0.257916	0.100827	0.323182	0.608124	0.557070	0.819476
ENSMUSG00000028016	-0.303837	-0.237725	0.143476	0.111510	0.250967	0.959573
ENSMUSG00000028017	-0.313097	-0.212911	-0.355227	-0.495887	-1.002439	-0.935748
ENSMUSG00000028018	-0.013817	-0.074210	0.137033	-0.071127	-0.797317	-1.075418
ENSMUSG00000028023	-0.349730	-0.288807	-0.742274	-0.087030	-0.476886	-0.145586
ENSMUSG00000028024	0.086669	-0.560915	-0.499119	-0.609588	0.047211	-0.263933
ENSMUSG00000028028	0.093914	-0.650660	-1.004592	-0.513117	0.959129	1.683285
ENSMUSG00000028029	-0.011001	0.067392	-0.322436	-0.074617	-0.057670	-0.061406
ENSMUSG00000028030	0.243481	-0.120903	0.929250	0.088789	0.907538	0.798280
ENSMUSG00000028032	0.240920	0.330548	0.789159	0.723412	0.817236	0.561473
ENSMUSG00000028033	0.093497	0.077605	0.082002	0.054921	-0.170983	-0.330938
ENSMUSG00000028034	-0.173722	-0.021497	-0.060772	0.229560	-0.239556	-0.560670
ENSMUSG00000028035	-0.155671	-0.584213	-0.047566	-0.019968	0.103995	0.117655
ENSMUSG00000028040	0.586810	0.702214	1.600294	1.818198	3.827413	3.655298
ENSMUSG00000028041	0.452448	0.487007	-0.063444	-0.216022	-1.210121	-1.439794
ENSMUSG00000028042	0.080228	0.560325	0.763686	0.697118	0.826892	1.172165
ENSMUSG00000028044	0.045778	-0.125930	0.035117	-0.374419	-0.472410	-1.166005
ENSMUSG00000028047	0.931652	0.047089	-1.187036	-0.330090	-0.250682	0.973246
ENSMUSG00000028048	-0.090987	0.042321	0.227332	0.818658	0.759855	0.812541
ENSMUSG00000028049	-0.361922	-0.424603	-0.870771	-0.719330	-0.942351	-0.777396
ENSMUSG00000028051	-0.300316	0.284857	-0.273333	-0.000383	-0.649156	-0.743383
ENSMUSG00000028053	-0.015648	-0.131592	0.492881	-0.310534	0.346482	0.556965
ENSMUSG00000028057	-0.025990	0.416823	0.456662	0.846619	0.738161	1.002344
ENSMUSG00000028059	-0.095004	-0.339235	-0.400460	-0.942211	-0.977771	-0.667587
ENSMUSG00000028060	0.059941	-0.273130	-0.027965	0.211851	0.333418	0.247234
ENSMUSG00000028062	-0.082554	0.206054	-0.535153	-0.203053	-0.468145	-0.405020
ENSMUSG00000028063	0.850133	1.087989	0.814223	0.428443	-0.657672	-0.533967
ENSMUSG00000028064	-1.527429	-2.732789	-3.702004	-5.102286	-4.037742	-4.441206
ENSMUSG00000028066	-0.165318	-0.116654	-0.455620	0.123439	-0.308849	-0.920513
ENSMUSG00000028068	-0.029894	-0.775929	-0.934668	-1.159023	-0.485917	-1.134447
ENSMUSG00000028069	-0.348231	-0.188591	-0.664447	-1.635884	-2.504261	-2.455675
ENSMUSG00000028070	0.246367	0.119984	0.317608	0.993872	1.014094	0.741896
ENSMUSG00000028071	0.077779	0.063118	0.377515	0.564175	0.876206	1.169692
ENSMUSG00000028073	2.689619	2.421711	4.160493	2.112943	2.872052	1.361921
ENSMUSG00000028076	-0.044551	0.038867	0.002401	0.971729	1.478479	1.682496
ENSMUSG00000028078	-0.692884	-0.342846	-0.532787	-0.558075	-0.889516	-0.814813
ENSMUSG00000028080	0.588877	0.536896	0.534147	0.876985	0.807018	0.508350
ENSMUSG00000028081	0.156351	0.096521	0.106374	-0.148577	-0.082656	0.089784
ENSMUSG00000028085	-0.045998	-0.033341	-0.284940	-0.388194	-0.419326	-0.350685
ENSMUSG00000028086	-0.261251	-0.115605	-0.949430	-0.294063	-0.528070	-0.358040
ENSMUSG00000028088	-0.374533	0.286264	-0.544118	0.863436	1.879576	2.508130
ENSMUSG00000028089	-0.214226	-0.130534	-0.000345	-0.357201	-0.580129	-0.596367
ENSMUSG00000028093	0.077923	-0.238276	-0.891275	-0.445369	-0.717727	-1.493113
ENSMUSG00000028096	-0.133065	-0.132951	-0.523324	-0.704892	-1.165831	-1.165298
ENSMUSG00000028098	-0.073458	-0.143224	0.115125	0.442851	0.501553	0.698181
ENSMUSG00000028099	-0.077560	0.295734	0.122706	0.367008	0.231281	0.517666
ENSMUSG00000028100	0.212966	-0.031602	0.344845	0.155519	0.795174	0.814147
ENSMUSG00000028101	0.010783	0.447338	0.837604	0.916624	1.316743	1.318705
ENSMUSG00000028102	-0.030082	-0.127696	-0.281932	-0.553930	-0.285379	-0.585071
ENSMUSG00000028104	0.040538	0.402665	0.150749	0.627008	0.388778	0.683726
ENSMUSG00000028106	0.151456	0.203749	0.319395	0.471465	0.596748	0.492494
ENSMUSG00000028107	-0.090422	-0.520732	-1.316722	-1.346039	-1.664537	-1.582638
ENSMUSG00000028108	-0.604822	-0.597768	-1.116395	-0.563500	-0.937678	-1.082197
ENSMUSG00000028114	-0.284794	-0.173662	-0.225003	-0.107876	-0.013682	-0.227149
ENSMUSG00000028121	2.392007	2.490351	3.965735	3.083831	4.268561	4.556405
ENSMUSG00000028124	-0.255342	-0.226490	-0.127288	-0.769454	-0.867172	-1.143847
ENSMUSG00000028126	-0.159330	0.053721	-0.130433	0.133617	0.112977	-0.028303
ENSMUSG00000028127	-0.045098	0.066838	0.083006	0.204613	0.031788	0.402635
ENSMUSG00000028133	-0.132859	-0.000137	-0.560371	-0.414518	-0.353756	0.786044
ENSMUSG00000028134	-0.140501	-0.001350	0.021016	0.106453	0.124209	0.104934
ENSMUSG00000028136	-0.007544	-0.060420	-0.149534	-0.465913	-0.298399	-0.369826
ENSMUSG00000028138	0.138616	0.184175	0.454040	-0.299047	-0.247602	-0.125869
ENSMUSG00000028139	-0.307032	0.769759	0.498097	0.109125	-0.046571	1.384729
ENSMUSG00000028140	-0.155261	-0.016382	-0.022915	0.080984	0.365212	0.635332
ENSMUSG00000028145	-0.198157	-0.831820	0.012723	-0.327277	0.046806	-0.418014
ENSMUSG00000028149	0.676098	0.491911	-0.051118	0.273810	-0.131437	-0.004931
ENSMUSG00000028152	0.433093	0.241362	-0.358400	-0.125713	-0.962512	-1.341011
ENSMUSG00000028156	-0.127335	0.020484	-0.272972	-0.515864	-1.341387	-1.774456
ENSMUSG00000028158	0.477329	0.579269	0.970662	-0.358611	0.847374	0.271824
ENSMUSG00000028159	-0.364929	-0.324852	-0.298631	0.265880	0.225767	0.194346
ENSMUSG00000028161	-0.002823	0.252976	0.027537	0.155649	0.207207	0.521658
ENSMUSG00000028163	0.045663	-0.254332	0.023963	0.068637	0.491207	0.355619
ENSMUSG00000028164	-0.323065	-0.387226	-0.309264	-0.113688	0.015568	0.349734
ENSMUSG00000028165	-0.146806	0.017851	0.184955	0.294664	-0.041537	-0.305028
ENSMUSG00000028173	0.327320	-0.245981	-0.505096	-0.186568	0.297045	0.088630
ENSMUSG00000028175	-0.028675	0.109143	0.617288	0.376057	0.349093	-0.364959
ENSMUSG00000028179	-0.050258	0.171949	0.472721	-0.757078	-1.811342	-1.806243
ENSMUSG00000028180	-0.039068	0.041573	-0.182690	-0.460806	-0.610829	-0.393378
ENSMUSG00000028182	-0.401514	0.318607	1.182738	0.535311	1.357102	0.591936
ENSMUSG00000028184	0.031262	-0.039544	-0.911313	-0.233516	-0.480202	-0.586376
ENSMUSG00000028187	-0.106210	-0.166557	-0.093483	-0.550415	-0.670593	-0.673889
ENSMUSG00000028188	-0.501400	-0.123598	0.600928	-0.948236	-0.673851	0.315345
ENSMUSG00000028189	-0.298306	-0.843348	-1.180633	-0.082186	-0.707935	-1.776993
ENSMUSG00000028191	-0.031536	0.080453	0.625471	0.490834	0.648437	0.997862
ENSMUSG00000028199	-0.199847	-0.357644	-0.806822	-1.103999	-1.284811	-1.320101
ENSMUSG00000028211	0.502478	0.189175	1.337088	3.107996	5.343054	5.634479
ENSMUSG00000028212	0.215633	0.279091	0.600384	-0.152056	-0.911067	-1.784389
ENSMUSG00000028214	7.605772	7.170190	5.804445	4.333288	4.839654	4.240033
ENSMUSG00000028217	5.561113	5.397958	4.134657	4.489002	2.960279	1.757478
ENSMUSG00000028218	0.304761	0.552145	0.570414	0.107113	-0.258352	0.155488
ENSMUSG00000028221	0.313086	-0.453409	-0.784970	-0.367402	-0.582982	-1.120340
ENSMUSG00000028223	0.066974	0.088898	0.029166	0.227987	-0.001852	0.027130
ENSMUSG00000028224	0.070476	-0.921763	-1.505223	-2.367261	-2.875901	-2.545564
ENSMUSG00000028228	0.306019	-0.168251	0.694099	0.582636	1.795756	1.432382
ENSMUSG00000028229	-0.103257	-0.101364	0.192368	0.260006	-0.007445	0.623013
ENSMUSG00000028232	-0.169817	0.038798	0.345607	-0.523566	-0.390656	-0.315745
ENSMUSG00000028233	0.105861	-0.394246	-0.157101	-0.445741	-0.438235	-0.356731
ENSMUSG00000028234	-0.173708	0.019101	-0.292707	0.095689	-0.423636	-0.101689
ENSMUSG00000028243	-0.143694	-0.184101	-0.395179	-0.383534	-0.171956	-0.681187
ENSMUSG00000028245	-0.068604	0.233747	0.024137	0.250069	0.182202	0.053170
ENSMUSG00000028247	0.257052	-0.279780	-0.883342	-1.325387	-1.914973	-2.214919
ENSMUSG00000028248	-0.091881	0.157649	0.189014	0.334361	0.334412	0.868080
ENSMUSG00000028249	-0.200587	-0.488655	-0.038667	-0.356076	0.260208	0.302665
ENSMUSG00000028251	0.094436	0.205633	-0.178879	0.090887	0.319005	0.945552
ENSMUSG00000028252	-0.010343	-0.083857	-0.318377	-0.100520	-0.601217	-0.797449
ENSMUSG00000028256	0.065926	0.222128	0.640323	0.350283	0.362653	1.023113
ENSMUSG00000028261	-0.195828	-0.290179	-0.928091	-1.534788	-2.351111	-2.192558
ENSMUSG00000028266	0.238582	0.235250	-0.391749	-0.083693	0.015982	0.609931
ENSMUSG00000028268	-2.636707	-1.618052	-0.637147	-0.237224	0.392372	0.394325
ENSMUSG00000028270	-0.364248	-1.074530	0.570379	1.463099	2.922459	4.953112
ENSMUSG00000028271	-0.187877	0.074599	0.375485	0.744847	1.145499	0.916735
ENSMUSG00000028273	-0.453061	-0.729061	-0.913201	-0.928156	-0.666960	-1.241101
ENSMUSG00000028274	-0.182808	0.005685	-0.253131	-0.239097	-0.764216	-1.117987
ENSMUSG00000028277	0.255398	0.329587	0.302242	0.555656	0.487837	0.486852
ENSMUSG00000028282	0.094996	0.019271	0.183911	-0.488974	-0.507805	-0.532310
ENSMUSG00000028284	0.008282	0.109667	-0.028062	0.032294	-0.051863	-0.239340
ENSMUSG00000028291	0.035706	0.363766	0.075718	0.185973	0.011394	-0.323756
ENSMUSG00000028292	-0.131075	0.351004	-0.430041	-0.077506	-0.668202	-0.764099
ENSMUSG00000028293	-0.256909	-0.288842	0.279840	0.528411	0.353213	0.655813
ENSMUSG00000028295	-0.127991	0.420137	0.798892	0.902394	0.105937	1.156258
ENSMUSG00000028300	0.709746	0.614180	0.194083	-0.159769	-0.061414	0.557023
ENSMUSG00000028309	-0.007875	0.112268	0.073453	-0.293287	-0.436455	-0.082903
ENSMUSG00000028312	0.139782	0.159207	0.192353	-0.309233	0.073115	-0.349144
ENSMUSG00000028318	-0.174297	-0.083091	-0.158809	-0.564952	-0.749621	-0.535982
ENSMUSG00000028322	-0.356570	-0.002840	0.570095	0.136201	-0.417426	-0.678379
ENSMUSG00000028328	1.877031	0.554244	-1.149060	0.311205	-1.493099	-1.207295
ENSMUSG00000028329	0.099176	0.111304	0.414033	-0.129445	0.199873	1.183652
ENSMUSG00000028330	0.159841	0.121383	0.213860	-0.222475	-0.391424	-0.466709
ENSMUSG00000028331	-0.392025	-0.235167	0.053074	-0.126114	-0.727765	-1.134450
ENSMUSG00000028332	-0.418129	0.107332	1.032018	-0.441980	-1.823720	-1.442874
ENSMUSG00000028333	0.219322	0.052513	0.017785	-0.773367	-1.145643	-1.350681
ENSMUSG00000028334	-0.092084	0.093583	-0.295352	-0.129317	-0.582185	-0.537910
ENSMUSG00000028337	0.739966	-0.301326	-1.081641	-1.251403	-2.085906	-2.757411
ENSMUSG00000028343	-0.311095	-0.268749	-0.425348	0.404720	-0.333143	-0.437144
ENSMUSG00000028344	0.362231	0.231590	-0.282169	-0.188177	-0.148316	0.423571
ENSMUSG00000028345	-0.121849	-0.301327	0.045345	-0.283612	-0.684926	-0.879102
ENSMUSG00000028354	-0.126793	-0.211600	0.700117	0.988817	1.466927	1.388951
ENSMUSG00000028367	0.082437	-0.158460	-0.097389	0.008903	0.020138	-0.458249
ENSMUSG00000028378	0.564138	0.425973	0.260676	-0.057148	1.519994	1.349037
ENSMUSG00000028381	0.023612	0.244921	0.111346	0.444693	1.032823	0.680060
ENSMUSG00000028382	-0.026650	-0.013313	0.425955	0.247040	0.476662	0.174553
ENSMUSG00000028383	0.365306	0.398568	1.372169	1.312330	1.777304	2.032857
ENSMUSG00000028385	-0.078344	-0.646648	-0.412824	-0.888690	0.699944	0.657189
ENSMUSG00000028391	0.031118	0.572857	0.611247	0.940298	0.988164	1.393870
ENSMUSG00000028393	-0.179651	-0.304720	-0.588439	-0.585560	-1.336183	-2.234670
ENSMUSG00000028394	0.080710	-0.031129	-0.100039	-0.241034	-0.302065	-0.686429
ENSMUSG00000028397	0.158047	0.271964	0.840828	0.452460	0.550518	0.658563
ENSMUSG00000028398	0.006046	-0.297485	-0.500249	0.077245	-0.052184	-0.439210
ENSMUSG00000028403	-0.044229	-0.019133	0.250935	-0.347887	-0.174635	-0.519395
ENSMUSG00000028405	0.162039	-0.175305	-0.162577	0.182068	0.414564	0.898513
ENSMUSG00000028407	-0.080254	0.094073	0.037109	1.019320	0.676210	0.566160
ENSMUSG00000028409	-0.027959	0.095491	-0.005018	-0.129372	-0.227175	-0.185853
ENSMUSG00000028410	0.511367	0.277552	0.343075	-0.043923	-0.208193	-0.262820
ENSMUSG00000028411	0.080197	0.133453	-0.037466	0.079724	-0.020415	0.615120
ENSMUSG00000028412	0.887060	0.785743	0.520394	-0.064974	-0.085807	-0.333050
ENSMUSG00000028413	-0.153126	-0.557993	0.143260	0.588456	1.200516	1.111783
ENSMUSG00000028414	0.105951	-0.012296	0.081305	-0.375624	0.047396	-0.095490
ENSMUSG00000028416	0.063652	0.161384	-0.164604	-0.171079	-0.637563	-0.432806
ENSMUSG00000028419	-0.198592	-0.492514	0.599718	0.443945	0.790095	0.985401
ENSMUSG00000028420	-0.089670	-0.222197	-0.269773	0.091314	0.321441	0.258608
ENSMUSG00000028423	-0.048644	-0.006219	-0.203059	-0.528406	-0.655222	-0.592937
ENSMUSG00000028426	-0.093398	-0.043790	0.070433	-0.103082	-0.495898	-0.719370
ENSMUSG00000028430	-0.119688	-0.326827	-0.138610	-0.488197	-0.609167	-1.216114
ENSMUSG00000028431	-0.003318	-0.140884	-0.508192	-0.818838	-0.900505	-1.128359
ENSMUSG00000028433	-0.338125	-0.381894	-0.730126	-0.121507	-0.326511	-0.908702
ENSMUSG00000028434	-1.282932	-2.224006	-3.954443	-3.449138	-2.317331	-1.414834
ENSMUSG00000028436	-0.020371	-0.772139	-0.334653	-0.351599	0.126560	-0.340355
ENSMUSG00000028437	-0.172685	0.066704	-0.090508	0.401633	0.511247	0.451155
ENSMUSG00000028438	0.001088	0.089381	0.265403	-0.492685	-0.117596	-0.805393
ENSMUSG00000028439	0.233140	0.129508	0.168432	-0.052344	0.127203	0.681407
ENSMUSG00000028443	-0.115304	-0.043287	-0.174124	-0.149343	-0.322153	-0.660575
ENSMUSG00000028447	-0.081693	0.046862	-0.031903	0.199103	0.044470	0.195953
ENSMUSG00000028452	0.109832	0.137540	0.399132	0.231152	0.577765	0.781899
ENSMUSG00000028453	-0.236615	-0.180191	-0.155335	0.383575	0.586839	0.156621
ENSMUSG00000028454	-0.206863	0.100587	0.532938	0.541212	0.403585	0.428228
ENSMUSG00000028455	-0.105763	0.021735	-0.171825	-0.542674	-0.916454	-1.211551
ENSMUSG00000028458	0.207378	0.419298	0.896075	0.586413	1.174445	1.393671
ENSMUSG00000028459	-0.470646	-0.483674	-0.256250	-0.172343	1.019851	1.574897
ENSMUSG00000028460	-0.249257	-1.807513	-1.225170	-1.451161	-1.012010	-0.794732
ENSMUSG00000028461	-0.156331	0.307564	-0.078136	-0.119068	-1.242877	-1.180168
ENSMUSG00000028463	-0.230416	-0.577914	-1.175894	-0.236280	-0.555593	-0.816980
ENSMUSG00000028464	-0.761788	0.931014	3.244668	2.618005	1.676105	1.855722
ENSMUSG00000028465	0.031330	-0.107644	0.309862	0.316988	1.038704	1.177758
ENSMUSG00000028466	-0.128811	0.400314	0.447424	0.690764	0.814135	0.883295
ENSMUSG00000028467	0.047812	0.403156	0.307090	0.477166	0.533224	0.335739
ENSMUSG00000028468	0.046655	-0.165788	0.475564	0.324969	1.097849	1.104009
ENSMUSG00000028478	-0.128906	0.232722	0.438178	0.492955	0.377880	0.671762
ENSMUSG00000028479	-0.221035	-0.250049	-0.351756	-0.672943	-0.860459	-0.850428
ENSMUSG00000028480	0.185853	0.103401	0.495434	-0.794248	-1.920557	-1.613380
ENSMUSG00000028483	-0.302974	-0.135952	-0.280728	0.152685	0.226970	0.748201
ENSMUSG00000028484	0.220214	0.592545	0.507258	0.066615	-0.113737	-0.163529
ENSMUSG00000028494	-0.238606	0.161385	0.478084	0.948731	1.588360	1.563941
ENSMUSG00000028495	-0.009304	0.317692	0.353090	-0.326142	-0.289365	0.470644
ENSMUSG00000028496	-0.715040	-0.739336	-0.348836	-0.427909	-0.015562	0.365069
ENSMUSG00000028514	0.062680	-0.121701	-0.296888	-0.298561	-0.465194	-0.540136
ENSMUSG00000028521	-0.032951	-0.055063	-0.268269	-0.189856	-0.902502	-1.400822
ENSMUSG00000028522	0.041852	0.071926	0.354571	0.356049	0.487240	0.409499
ENSMUSG00000028524	-0.114252	0.093279	0.278198	0.261806	-0.696553	-0.372615
ENSMUSG00000028525	-0.308471	-0.528926	0.476646	1.989110	2.085589	2.945388
ENSMUSG00000028530	-0.100068	-0.319519	-0.341315	-0.516352	0.037393	0.198478
ENSMUSG00000028538	-0.201487	0.003562	-0.153976	0.537206	0.178370	0.098799
ENSMUSG00000028540	-0.343952	-0.515960	-0.598099	-0.523302	-0.745966	-1.079248
ENSMUSG00000028541	0.242634	0.105720	-1.270666	-0.217001	0.223642	2.787776
ENSMUSG00000028542	0.499694	0.383465	0.036784	-1.346261	-3.513334	-4.067500
ENSMUSG00000028549	0.092839	0.243098	0.292334	0.119294	-0.662541	0.399399
ENSMUSG00000028550	0.411042	0.322089	0.518708	-0.430850	-0.002920	-0.276911
ENSMUSG00000028551	0.394645	0.595624	1.393721	0.907974	1.774927	1.999727
ENSMUSG00000028552	0.301103	0.188257	0.537520	0.071427	0.609157	0.606706
ENSMUSG00000028553	-0.470538	-0.322618	-1.430801	0.626659	-0.350352	-0.358697
ENSMUSG00000028556	-0.797359	-1.398099	-0.331165	1.476087	0.081608	-0.248710
ENSMUSG00000028557	0.196271	0.217191	0.563966	0.285087	0.832007	1.438274
ENSMUSG00000028559	-0.181511	0.140795	0.465814	0.593907	0.561527	0.690713
ENSMUSG00000028560	0.010213	-0.124764	0.049553	-0.363831	-0.472329	-0.793446
ENSMUSG00000028563	-0.221273	-0.239787	-0.582672	-0.494405	-0.082476	-0.103504
ENSMUSG00000028565	0.178012	0.473892	0.570288	1.251291	1.292532	1.513727
ENSMUSG00000028567	0.211820	0.207942	0.249001	0.625080	0.422192	0.233615
ENSMUSG00000028568	-0.194176	0.029723	0.030665	0.432215	0.138399	0.167464
ENSMUSG00000028573	0.257270	0.339306	0.095302	0.016784	-0.105774	-0.282053
ENSMUSG00000028575	-0.809866	-0.386272	0.709656	0.125791	2.097183	3.996373
ENSMUSG00000028576	0.460139	0.505102	0.748517	0.427902	0.835104	0.875215
ENSMUSG00000028577	-0.107471	-0.154368	0.117545	-0.022618	-0.089830	-0.037023
ENSMUSG00000028578	-0.277466	-0.072023	0.019890	-0.114065	0.013126	0.322223
ENSMUSG00000028580	0.095721	-0.158862	-0.112612	-0.165537	0.188412	-0.099917
ENSMUSG00000028581	0.943619	1.036599	1.276360	1.947607	1.736503	1.922313
ENSMUSG00000028582	0.022657	0.163807	0.195760	0.153682	0.429741	0.577533
ENSMUSG00000028587	-0.313788	-0.489373	-0.695220	-0.924089	-0.993305	-1.028027
ENSMUSG00000028599	0.516954	0.082741	-0.483635	-1.240622	-1.267253	-2.403527
ENSMUSG00000028603	-0.150587	0.121681	0.157145	0.098507	0.088935	0.326463
ENSMUSG00000028607	0.069048	0.278152	0.316617	0.659899	0.618025	0.554037
ENSMUSG00000028608	0.125995	0.290233	0.082531	-0.609918	-1.090875	-0.809974
ENSMUSG00000028609	-0.052813	0.120541	-0.525182	0.005110	-0.563626	-0.950247
ENSMUSG00000028613	-0.212981	-0.296945	-0.772987	-2.313231	-3.173029	-3.318803
ENSMUSG00000028614	-0.056751	-0.324516	-0.675330	-0.857093	-1.166213	-2.076701
ENSMUSG00000028617	-0.236544	0.149099	0.325830	0.446644	0.140656	0.473486
ENSMUSG00000028618	-0.083024	0.280286	-0.124609	0.662364	0.343521	0.416530
ENSMUSG00000028619	-0.059977	0.113795	0.015283	0.293010	0.132906	0.358882
ENSMUSG00000028621	-0.326056	-0.391393	-0.948910	-1.288027	-1.697234	-2.357667
ENSMUSG00000028622	-0.072803	0.086769	-0.056863	-0.475891	-0.798490	-0.677451
ENSMUSG00000028629	-0.109664	-0.011377	-0.472853	-0.026951	-0.181301	0.208359
ENSMUSG00000028630	0.151946	-1.008873	-0.924821	-1.072090	-0.366463	-0.138798
ENSMUSG00000028633	-0.125102	-0.243141	-0.286567	-0.740908	-1.276241	-1.894200
ENSMUSG00000028636	0.118844	0.089917	0.567815	0.221597	-0.091003	0.054198
ENSMUSG00000028637	-0.291842	0.359275	0.053304	-0.494759	0.474639	0.268808
ENSMUSG00000028639	-0.218088	0.021575	-0.226269	-0.002326	-0.798446	-1.184872
ENSMUSG00000028641	0.305446	0.347082	0.058919	-0.361532	-0.739851	-0.312986
ENSMUSG00000028643	0.188659	0.200379	0.459763	0.379077	0.216502	0.388730
ENSMUSG00000028645	0.376661	1.035926	0.651661	0.225974	-1.322474	-2.564837
ENSMUSG00000028646	0.115878	0.119411	0.095820	0.096799	0.499607	1.086696
ENSMUSG00000028647	-0.176894	-0.471826	-0.546255	-0.994826	-1.614547	-1.750665
ENSMUSG00000028648	-0.123392	0.134854	0.155800	0.061245	-0.421063	0.008915
ENSMUSG00000028649	0.095520	-0.400563	-0.385319	-0.807096	-0.566224	-0.688723
ENSMUSG00000028651	-0.109104	0.111257	-0.087053	-0.501878	-1.010072	-0.973215
ENSMUSG00000028653	-0.251883	-0.352945	-0.413205	-0.212876	-0.614808	-0.288106
ENSMUSG00000028656	-0.142182	0.092907	0.411780	0.198667	0.236304	0.310613
ENSMUSG00000028657	-0.027993	0.139685	0.198157	0.300968	0.200701	0.681846
ENSMUSG00000028668	-0.091792	0.097601	0.073298	-0.161943	-0.208798	0.067003
ENSMUSG00000028669	0.006508	0.171242	-0.253810	-0.342961	-0.696715	-0.783531
ENSMUSG00000028670	-0.375310	-0.456149	-0.421880	-0.264444	-0.204626	-0.019033
ENSMUSG00000028671	-0.067038	0.419433	0.629846	-0.091883	-0.575450	-0.834237
ENSMUSG00000028672	0.189372	0.169118	0.329553	0.094221	0.127206	0.665835
ENSMUSG00000028673	0.126261	0.131938	0.184466	0.521570	0.529044	1.101165
ENSMUSG00000028675	-0.014270	-0.013028	0.213870	0.478459	1.101101	1.374408
ENSMUSG00000028676	-0.139221	-0.235463	-0.218783	-0.390178	-0.637530	-1.080627
ENSMUSG00000028677	-0.222378	-0.169858	-0.466113	-0.058470	-0.252509	-0.306888
ENSMUSG00000028678	0.228797	0.318693	0.367212	0.174290	0.481459	0.007062
ENSMUSG00000028680	-0.584074	-0.872058	-0.889273	-1.829140	-3.850858	-3.812111
ENSMUSG00000028683	-0.320760	-0.080241	-1.216248	-1.837182	-2.576360	-2.624884
ENSMUSG00000028684	-0.036203	0.074824	-0.097092	0.154395	0.280780	0.129953
ENSMUSG00000028687	0.007753	0.322184	0.114469	0.018074	-0.080081	-0.390764
ENSMUSG00000028688	-0.321866	-0.366933	-0.578595	-0.458017	-0.593897	-0.870215
ENSMUSG00000028689	-0.015600	0.112719	-0.468290	0.255421	-0.346839	-0.699093
ENSMUSG00000028690	-0.039258	0.039694	-0.435420	-0.446806	-1.221055	-1.536182
ENSMUSG00000028691	0.047829	-0.059645	-0.286097	-0.289154	-0.648968	-0.883995
ENSMUSG00000028692	-0.138007	0.091073	0.147996	0.109610	0.114274	0.061011
ENSMUSG00000028693	-0.038692	0.161184	-0.192063	-0.236815	-0.707453	-0.599935
ENSMUSG00000028696	0.214143	0.078544	0.152365	0.411698	0.355103	0.636842
ENSMUSG00000028698	0.713889	0.550293	2.437862	1.609069	3.353147	3.061668
ENSMUSG00000028700	0.117579	0.246339	0.081539	-0.250218	-0.526780	-0.484134
ENSMUSG00000028701	0.730373	-0.136079	0.078486	-0.134523	-0.865310	0.756936
ENSMUSG00000028702	-0.211826	-0.128272	0.069745	0.018018	-0.135159	-0.861735
ENSMUSG00000028703	0.262534	0.343010	0.385803	0.204940	0.212734	0.142689
ENSMUSG00000028706	-0.071046	-0.615431	-0.147441	-0.526743	-0.063174	0.150838
ENSMUSG00000028708	-0.132589	0.123127	0.352604	0.124204	0.350771	0.332777
ENSMUSG00000028709	-0.018235	0.009292	-0.397543	-0.148502	-0.338692	0.235041
ENSMUSG00000028710	0.141547	0.114695	-0.243921	-0.253217	-0.428433	-0.534608
ENSMUSG00000028717	-0.003957	-1.998298	-3.706324	-3.911693	-4.782937	-4.469264
ENSMUSG00000028718	0.147936	0.579865	0.383127	0.473105	0.210160	-0.527547
ENSMUSG00000028719	-0.181731	-0.087255	-0.007559	0.271868	0.166693	0.008502
ENSMUSG00000028729	-0.117801	0.155781	-0.333167	-1.146561	-1.748581	-1.408707
ENSMUSG00000028736	-0.133463	-1.943073	-1.660349	-2.598087	-3.196176	-3.454370
ENSMUSG00000028737	-0.056150	-0.383020	-0.903638	-0.886760	-1.014747	-0.795300
ENSMUSG00000028738	-1.934087	-1.744073	-2.090672	-1.466068	-2.359515	-2.245830
ENSMUSG00000028741	0.051668	-0.062461	-0.559831	-1.204510	-1.981079	-1.872003
ENSMUSG00000028743	0.499798	0.221272	0.116297	0.364446	-0.107187	-0.582832
ENSMUSG00000028744	0.313200	-0.331175	-0.564175	0.248447	0.344947	0.297501
ENSMUSG00000028745	-0.084616	0.075723	0.179856	0.080517	-0.045661	0.009970
ENSMUSG00000028756	0.324833	0.527851	0.877189	1.879888	2.350966	2.492148
ENSMUSG00000028757	0.031872	0.022532	-0.058256	-0.094146	-0.280251	-0.721168
ENSMUSG00000028758	0.018973	-0.067350	-1.804931	-3.459370	-2.119608	-1.059190
ENSMUSG00000028759	0.036160	-0.012694	0.187469	0.116059	0.337161	0.412673
ENSMUSG00000028760	-0.187549	-0.028510	-0.124984	-0.301458	-0.408522	-0.160543
ENSMUSG00000028766	-1.001500	-1.131752	-1.851138	-2.007002	-2.243092	-2.775237
ENSMUSG00000028771	0.021587	-0.460867	-0.314867	-0.400067	-0.686671	-0.712936
ENSMUSG00000028772	0.001980	0.269315	-0.042868	0.050759	-0.472515	-0.296832
ENSMUSG00000028776	-1.741092	-0.793424	-0.400824	0.117661	0.919589	1.369859
ENSMUSG00000028779	-0.088885	-0.037106	0.131140	0.488554	0.615650	0.629898
ENSMUSG00000028788	0.198305	0.164442	0.185448	-0.136437	-0.179182	-0.145483
ENSMUSG00000028789	-0.683829	0.593571	1.414689	0.795888	-0.857709	-2.398242
ENSMUSG00000028790	-0.101048	-0.255559	-0.083040	0.077708	0.327294	-0.032467
ENSMUSG00000028792	-0.004951	-0.153875	-0.578158	-0.819008	-1.388918	-1.387377
ENSMUSG00000028793	0.035519	0.442310	0.040660	0.197920	-0.147201	-0.428188
ENSMUSG00000028794	-0.274678	1.293180	0.570812	0.736562	0.672914	-0.589872
ENSMUSG00000028795	0.335100	-0.195401	-1.332900	-1.000987	-0.070207	0.030604
ENSMUSG00000028796	0.076534	0.325254	0.374862	0.313012	0.487857	0.355418
ENSMUSG00000028797	-0.061601	0.129732	-0.233921	-0.020223	-0.080630	0.326632
ENSMUSG00000028798	-0.089566	0.060093	-0.090176	-0.057985	-0.296121	-0.415054
ENSMUSG00000028799	0.082562	0.187995	0.289706	0.467288	0.924603	1.048818
ENSMUSG00000028800	0.187194	0.272665	0.271395	0.376537	0.323437	0.334632
ENSMUSG00000028803	-0.379041	-0.483077	-0.195959	0.614335	0.939060	1.481021
ENSMUSG00000028807	-1.549997	-1.309693	0.082333	-0.394005	-0.491269	-1.465558
ENSMUSG00000028809	-0.106123	-0.021477	-0.046524	-0.188333	-0.547321	-0.478942
ENSMUSG00000028811	0.155516	0.181262	0.052477	-0.887567	-1.602493	-1.434435
ENSMUSG00000028820	-0.040524	-0.042941	0.164361	-0.102086	-0.192051	-0.529674
ENSMUSG00000028821	-0.015777	0.251954	0.322297	0.321113	0.465526	1.140320
ENSMUSG00000028822	-0.121404	0.207508	0.134405	0.625161	0.727571	0.599972
ENSMUSG00000028825	-0.106653	-0.120271	-0.770256	-1.474731	-1.609793	-2.214079
ENSMUSG00000028826	-0.050591	0.235347	0.061162	-0.036058	0.071744	0.246760
ENSMUSG00000028830	-0.069861	0.093278	0.420226	0.497290	0.602081	1.004050
ENSMUSG00000028832	0.294633	0.557386	0.599763	1.138687	1.409975	0.942629
ENSMUSG00000028833	-0.086423	-0.256436	0.021203	-0.191426	-0.374793	-0.523486
ENSMUSG00000028837	-0.315426	-0.038430	-0.430772	0.338636	-0.148651	-0.736719
ENSMUSG00000028840	-0.191953	-0.745503	-0.463870	-0.543996	-0.760966	-0.879825
ENSMUSG00000028841	-0.641911	-0.507104	-0.044026	1.287709	-1.053837	-0.465288
ENSMUSG00000028842	-0.246361	-0.725642	-0.768359	-0.333670	-0.571273	-0.366225
ENSMUSG00000028843	0.009699	-0.094015	-0.102806	0.002010	-0.241614	-0.118570
ENSMUSG00000028845	0.112082	0.243604	-0.432442	-0.484059	-0.979154	-0.917194
ENSMUSG00000028847	0.096436	0.312727	0.094094	0.248453	0.731698	0.674698
ENSMUSG00000028848	-0.212569	0.097746	-0.059392	-0.066038	-0.173425	-0.268027
ENSMUSG00000028849	0.974825	1.199295	1.504768	1.201054	1.688669	2.038203
ENSMUSG00000028850	-0.219669	0.181745	-0.261404	0.001647	-0.104194	0.352500
ENSMUSG00000028851	0.085613	0.085731	-0.142642	-0.437248	-0.679437	-0.809425
ENSMUSG00000028854	0.119268	0.155512	0.047835	0.745757	0.477764	0.262559
ENSMUSG00000028857	0.129357	-0.163644	-0.393504	-0.389272	-0.677094	-0.589044
ENSMUSG00000028860	-0.909606	-0.439700	-1.007248	-0.314167	-0.556747	-0.194770
ENSMUSG00000028861	-0.158864	0.042378	-0.055368	-0.453496	-1.003134	-1.149955
ENSMUSG00000028863	0.067583	0.340417	-0.161955	-0.112430	-0.473223	-0.640063
ENSMUSG00000028868	-0.005235	-0.505722	-0.115581	0.095592	0.750633	0.731177
ENSMUSG00000028869	-0.026043	0.049537	-0.077919	-0.895650	-0.932325	-0.519952
ENSMUSG00000028871	-0.522097	-0.494853	-1.445111	-2.042871	-3.237144	-3.818681
ENSMUSG00000028873	-0.066860	-0.129063	-0.003710	-0.111800	-0.146678	-0.711631
ENSMUSG00000028874	0.736469	1.618186	1.208725	2.993074	2.895238	1.770630
ENSMUSG00000028878	-0.023297	0.079411	0.452948	0.348294	0.575163	0.776909
ENSMUSG00000028879	-0.127260	-0.367116	-0.035155	-0.068834	0.239276	-0.002045
ENSMUSG00000028882	-0.207013	0.000645	-0.287059	-0.216180	-0.726578	-1.009882
ENSMUSG00000028883	-0.766293	-0.657353	-1.516941	-1.614293	-2.214493	-1.664753
ENSMUSG00000028884	-0.199815	0.004477	0.212013	-0.264663	-0.475058	-0.873853
ENSMUSG00000028885	1.102562	0.311428	-2.425363	-1.890285	-1.737411	-2.334357
ENSMUSG00000028886	-0.295496	-0.243697	-0.352828	-0.297082	-0.401038	-0.732025
ENSMUSG00000028889	-0.130611	0.028902	-0.178063	-1.113115	-1.502560	-1.662290
ENSMUSG00000028890	-0.244157	0.036301	-0.203279	-0.232729	-0.623151	-0.649258
ENSMUSG00000028893	0.567475	0.466354	0.404770	-0.563887	-0.357343	-0.311875
ENSMUSG00000028894	0.149519	-0.004730	0.094195	-0.167733	-0.014094	-0.069627
ENSMUSG00000028896	-0.170196	-0.160858	-0.476797	-1.057702	-1.530624	-2.054546
ENSMUSG00000028898	0.064564	-0.129850	-0.582854	-0.547481	-0.930017	-0.845870
ENSMUSG00000028899	-0.442330	-0.011108	-0.193866	-0.487692	-1.044508	-0.624593
ENSMUSG00000028901	-0.040997	-0.087636	-0.154846	-0.276817	-0.437154	-0.161069
ENSMUSG00000028902	0.069313	0.171213	0.239670	-0.671934	-0.561939	-0.177357
ENSMUSG00000028906	-0.279244	-0.294094	0.151298	0.160299	0.311065	0.281381
ENSMUSG00000028907	-0.192066	-0.008724	-0.623194	-1.149339	-1.739286	-1.453525
ENSMUSG00000028909	0.713489	0.457476	-0.101744	0.165088	0.374323	0.466658
ENSMUSG00000028910	-0.313625	-0.010289	-0.590723	-0.529595	-1.603718	-1.735767
ENSMUSG00000028911	-0.034094	0.268600	-0.098334	-0.044670	-0.188618	0.056664
ENSMUSG00000028914	-0.119658	-0.161091	0.926486	1.596474	2.071258	2.108898
ENSMUSG00000028917	0.334738	0.461165	0.142802	0.407066	0.760286	1.032907
ENSMUSG00000028920	0.050203	0.186723	0.125714	-0.196785	-0.279689	-0.269318
ENSMUSG00000028923	0.004205	-0.031743	0.030545	0.421704	0.572210	0.640496
ENSMUSG00000028927	-1.145069	-1.196812	-1.595023	-1.748814	-2.920140	-3.189449
ENSMUSG00000028931	-0.095071	-0.412321	-0.427958	-0.815450	-1.261256	-1.540044
ENSMUSG00000028932	0.127200	0.009298	-0.298081	-0.558449	-0.895185	-0.520990
ENSMUSG00000028933	-0.163061	-0.098945	-0.428754	-0.465593	-0.602189	-1.253007
ENSMUSG00000028936	-0.008631	-0.021503	-0.216876	-0.866596	-0.875001	-0.111423
ENSMUSG00000028937	-0.034322	0.051683	-0.384545	-0.481833	-1.315169	-1.959677
ENSMUSG00000028944	0.886831	0.912959	0.544738	0.018867	-0.077852	0.273872
ENSMUSG00000028945	0.111622	-0.094338	0.159161	-0.575911	-0.765808	-0.931467
ENSMUSG00000028946	-0.185372	-1.247513	-2.550971	-2.892385	-3.425317	-2.767747
ENSMUSG00000028948	-0.319131	-0.692226	-1.138611	-1.499818	-2.253428	-2.428193
ENSMUSG00000028950	-0.804765	-1.074357	-1.168119	-2.253578	-2.814244	-3.070633
ENSMUSG00000028952	-0.404540	-0.475925	-0.399741	-0.775634	-0.995387	-1.215561
ENSMUSG00000028953	-0.083509	-0.134434	-0.322016	-0.618489	-0.574004	-0.895567
ENSMUSG00000028954	0.302260	0.432851	0.641513	0.969076	0.958632	1.396819
ENSMUSG00000028955	-0.399048	-0.250422	-0.803234	-0.704789	-0.881967	-1.128582
ENSMUSG00000028957	-1.084799	-0.947719	-0.743278	-0.917151	-0.831644	-0.990462
ENSMUSG00000028958	-0.289736	0.131034	-0.038495	0.340674	0.023521	0.109174
ENSMUSG00000028959	-0.072054	0.146126	-0.072292	-0.256964	-0.534489	-0.790723
ENSMUSG00000028960	0.198790	-0.030216	0.093992	0.098177	0.598346	0.706236
ENSMUSG00000028961	0.003787	0.276373	0.287142	0.411455	0.048568	-0.353761
ENSMUSG00000028962	-0.102397	0.224919	0.584548	0.408766	0.536156	0.374162
ENSMUSG00000028964	0.017048	0.120934	-0.356945	-0.603684	-1.282516	-1.358140
ENSMUSG00000028965	-2.228909	-2.404495	-2.766619	-1.819706	-1.573059	-1.134725
ENSMUSG00000028969	0.276668	0.369139	-0.402319	-0.097611	0.144711	0.546239
ENSMUSG00000028970	0.061587	-0.051469	-1.402184	-1.783585	-2.306476	-2.319696
ENSMUSG00000028971	-0.711882	-0.339067	0.771095	0.892584	0.828676	-0.016741
ENSMUSG00000028973	-0.005949	0.014624	-0.192481	-0.464024	-0.523516	-0.569564
ENSMUSG00000028974	-0.089234	0.151858	0.729292	0.335641	0.537313	0.545156
ENSMUSG00000028975	-0.209716	0.119101	0.012836	-0.098199	-0.429004	-0.506791
ENSMUSG00000028976	-1.043771	-0.339183	0.230450	0.961748	2.751045	1.456758
ENSMUSG00000028977	0.462113	1.409701	2.431407	2.229804	1.856373	2.462549
ENSMUSG00000028979	-0.993519	-0.735911	-1.429624	-0.205955	-1.173089	-1.154927
ENSMUSG00000028980	-0.085858	-0.238935	-0.139861	-0.322820	-0.428860	-0.378613
ENSMUSG00000028982	-0.446223	-0.171893	-1.084540	-1.735579	-2.246525	-2.391920
ENSMUSG00000028986	-0.273219	-1.201753	-1.676215	-1.054998	-3.136227	-3.034676
ENSMUSG00000028988	0.320780	0.682975	0.821254	0.603693	0.651311	1.062302
ENSMUSG00000028990	0.053803	0.097264	0.312350	0.136967	-0.193811	-0.367978
ENSMUSG00000028991	0.276327	-0.011627	0.049930	-0.417212	0.007300	-0.205115
ENSMUSG00000028992	0.092168	0.723574	0.648596	0.904175	0.344089	1.185709
ENSMUSG00000028995	0.012710	0.145857	0.113087	0.237440	0.329563	0.081013
ENSMUSG00000028998	-0.035005	0.047332	-0.716270	0.188653	0.016266	-0.996961
ENSMUSG00000028999	-0.065665	0.100593	0.238548	-0.669416	-0.375751	-0.467778
ENSMUSG00000029001	0.276347	0.994819	1.034075	1.122869	1.041801	1.205559
ENSMUSG00000029003	-0.302150	0.245056	-0.020344	0.121246	-0.730194	-0.832741
ENSMUSG00000029004	-0.096048	0.248968	0.172969	0.981434	0.754277	0.605053
ENSMUSG00000029007	0.184753	-0.024498	0.148945	-0.088028	0.517702	0.675013
ENSMUSG00000029009	0.126092	0.337467	0.406146	-0.378413	-0.521582	-0.421474
ENSMUSG00000029012	-0.127056	-0.038216	-0.197698	0.275985	-0.343452	-0.863766
ENSMUSG00000029014	0.122657	-0.099247	-0.327062	-1.204253	-1.658541	-1.047772
ENSMUSG00000029016	0.230399	0.535373	0.370607	0.340826	0.786314	0.668213
ENSMUSG00000029017	-0.054964	0.016304	-0.060729	-0.057613	-0.425103	-0.266274
ENSMUSG00000029020	0.022868	0.107747	0.038051	-0.144690	-0.241501	-0.340500
ENSMUSG00000029022	-0.236728	-0.268160	-0.543520	-0.136328	0.017620	0.140790
ENSMUSG00000029027	-0.446074	-0.556580	-0.727175	-0.535530	-0.280934	0.003063
ENSMUSG00000029028	-0.262244	-0.386989	-0.646597	-0.500514	-0.431152	-0.642732
ENSMUSG00000029029	-0.411912	-0.319339	-0.305798	-0.581430	-0.423617	-0.546911
ENSMUSG00000029030	-0.088953	-0.099651	-0.308240	0.019242	0.670086	0.856884
ENSMUSG00000029033	-0.529912	-0.147063	-0.141756	-0.306207	-0.601710	-0.684899
ENSMUSG00000029034	-0.317740	-0.413815	-0.503589	-0.554214	-0.819828	-1.025184
ENSMUSG00000029036	-0.325772	-0.442766	-1.109936	-1.685615	-2.556803	-2.881033
ENSMUSG00000029038	-0.445448	-0.398223	-0.328478	-0.546605	-0.149777	0.160852
ENSMUSG00000029047	-0.091232	-0.333928	-0.589098	-0.628757	-1.016404	-1.035707
ENSMUSG00000029048	-0.274724	-0.179418	-0.343281	-0.593300	-1.069711	-1.031122
ENSMUSG00000029049	-0.030295	0.155498	0.238281	0.379113	0.526452	0.566825
ENSMUSG00000029050	-0.611424	-0.675392	-0.202936	-0.361337	-0.579161	-0.329325
ENSMUSG00000029053	-0.999931	-1.035991	-2.289886	-1.523599	-2.971415	-1.922002
ENSMUSG00000029056	-0.359906	-0.315725	-0.815226	-0.966487	-0.946904	-0.977301
ENSMUSG00000029060	0.055318	0.001150	-0.308930	-0.916571	-0.845279	-0.693945
ENSMUSG00000029061	-0.132628	0.287063	-0.886665	-0.545668	-0.705314	-0.830758
ENSMUSG00000029062	-0.220629	0.103874	-0.554613	-0.376863	-1.057836	-0.839226
ENSMUSG00000029063	-0.246085	-0.506528	-0.630821	-0.840711	-1.029509	-1.320747
ENSMUSG00000029064	-0.382761	-0.372817	-0.641105	-0.469619	-0.765548	-1.077520
ENSMUSG00000029066	-0.318880	-0.168727	-0.551318	-0.755073	-1.671727	-1.287714
ENSMUSG00000029068	-0.342716	-0.064052	-0.458819	-0.242339	-0.398579	-0.052429
ENSMUSG00000029071	-0.329012	-0.119662	-0.539054	-0.592812	-1.144935	-1.189322
ENSMUSG00000029072	-0.343931	-0.414248	-1.148603	0.356666	1.157794	1.181551
ENSMUSG00000029073	-0.038962	-0.545405	-0.584340	-1.122862	-0.570595	-0.603801
ENSMUSG00000029075	-0.550830	0.106086	-0.539954	-0.140280	-0.523135	-0.050558
ENSMUSG00000029076	-0.257315	-0.134499	-0.067074	-0.340932	-0.474854	-0.298132
ENSMUSG00000029084	-0.223138	0.244396	0.076820	0.847738	0.156482	1.782203
ENSMUSG00000029089	-0.395587	-0.417791	-0.076477	0.168286	0.269720	-0.471203
ENSMUSG00000029093	-2.992086	-2.512691	-1.169394	-0.719898	-1.073541	-0.583871
ENSMUSG00000029094	-0.491436	-2.144540	-1.370529	0.088032	0.802396	2.070426
ENSMUSG00000029097	-0.103429	0.000128	-0.017759	-0.224227	0.225311	0.016747
ENSMUSG00000029098	0.112629	0.005763	0.488694	1.787068	2.035918	1.926643
ENSMUSG00000029101	-0.067511	0.230682	0.505288	0.470023	1.196499	1.218664
ENSMUSG00000029103	0.343011	0.464170	0.395330	0.319620	0.417001	0.617952
ENSMUSG00000029104	-0.102123	-0.145453	-0.218069	-0.088055	-0.352585	-0.615599
ENSMUSG00000029106	0.247180	0.258591	0.602088	0.856889	0.893128	0.875949
ENSMUSG00000029110	-0.087370	-0.072008	-0.018636	-0.593611	-0.428958	-0.803404
ENSMUSG00000029111	-0.087224	-0.085750	0.028840	-0.087496	-0.290508	-0.478200
ENSMUSG00000029119	-0.158013	-0.010365	0.307621	0.763852	0.890447	0.975334
ENSMUSG00000029125	0.225770	0.267524	-0.055269	-0.091713	-0.231742	0.134717
ENSMUSG00000029127	-0.475080	-0.168406	-0.004895	-0.203353	0.245614	0.080261
ENSMUSG00000029128	0.020774	-0.030130	0.329111	0.607052	0.163510	-0.182466
ENSMUSG00000029131	-0.158843	-0.003989	0.120967	0.106364	-0.003679	0.100965
ENSMUSG00000029135	0.183769	-0.379924	-0.443134	0.867625	0.308199	0.645017
ENSMUSG00000029136	-0.580887	-0.275055	0.017306	-0.128889	-0.416288	-0.552771
ENSMUSG00000029138	-1.149693	-0.029737	0.561325	-0.511282	-0.145105	-0.876559
ENSMUSG00000029141	-0.176818	-0.068381	-0.011566	-0.551388	-0.261041	-0.346231
ENSMUSG00000029142	-0.030956	0.091789	-0.150660	-0.106043	-0.551334	-0.173480
ENSMUSG00000029144	-0.244097	-0.123274	-0.118592	-0.210933	-0.256553	-0.415794
ENSMUSG00000029145	-0.098441	-0.167070	-0.254984	-0.577759	-0.622241	-0.388764
ENSMUSG00000029146	-0.002696	0.028859	-0.030889	-0.336274	-0.202781	-0.045965
ENSMUSG00000029147	-0.031308	0.076364	-0.085521	-0.292497	-0.594865	-0.735179
ENSMUSG00000029148	-0.062690	0.453974	0.277801	0.889937	0.990880	0.855093
ENSMUSG00000029149	-0.825635	-0.557321	-0.004647	1.163892	1.909179	1.977097
ENSMUSG00000029152	-0.086571	-0.101691	-0.235881	0.066742	-0.498902	-0.491124
ENSMUSG00000029156	0.287323	0.530217	0.690144	-0.173551	0.013387	0.158503
ENSMUSG00000029162	0.754836	0.532718	0.501564	0.245651	-0.050765	-0.068467
ENSMUSG00000029163	-0.374438	-1.219561	-1.059168	-1.364672	-0.679702	-1.617202
ENSMUSG00000029165	-0.038640	0.299767	0.601567	0.983666	0.771973	0.835063
ENSMUSG00000029169	-0.076613	-0.144565	-0.154019	-0.188286	-0.395325	-0.705414
ENSMUSG00000029171	0.252313	0.085081	0.238157	0.150597	0.086109	-0.120303
ENSMUSG00000029173	-0.221863	-0.198127	-0.494820	-0.564657	-0.533340	-1.002846
ENSMUSG00000029174	0.095486	0.203763	0.935420	0.475964	0.391101	0.422491
ENSMUSG00000029175	0.073436	0.169699	0.703834	0.971203	1.415505	0.917364
ENSMUSG00000029176	0.047601	0.175787	0.213366	0.196883	-0.220464	-0.107689
ENSMUSG00000029177	-0.077268	0.045724	0.205096	0.025201	0.096953	-0.077511
ENSMUSG00000029179	-0.152195	0.008038	-0.286770	-0.107231	-0.269378	0.319600
ENSMUSG00000029186	-0.310596	-0.336999	-0.431089	-0.220566	-0.116025	-0.120446
ENSMUSG00000029190	-0.034476	-0.101651	0.001104	-0.182670	-0.128081	-0.462356
ENSMUSG00000029191	-0.068897	-0.068387	0.188443	-0.181433	0.047270	0.178380
ENSMUSG00000029192	-0.114509	-0.838169	-0.335799	-0.995483	-0.835895	-0.770970
ENSMUSG00000029196	0.113293	0.329156	0.497785	0.370789	0.738212	0.828589
ENSMUSG00000029198	-0.058623	-0.111719	-0.428152	-0.427167	-0.719488	-0.808712
ENSMUSG00000029199	0.129010	0.228398	-0.188728	-0.190487	-0.536686	-0.017963
ENSMUSG00000029201	0.319754	0.557057	1.013704	0.639245	0.940225	1.331756
ENSMUSG00000029202	0.324775	0.205457	0.758742	-0.287046	0.216324	0.034783
ENSMUSG00000029203	0.041713	0.036823	-0.414642	-0.238805	-0.739417	-0.828388
ENSMUSG00000029204	-0.250378	0.369132	1.019202	2.439324	3.302817	3.541600
ENSMUSG00000029207	-0.578089	-1.166908	-0.879947	-2.069489	-1.222344	-0.818750
ENSMUSG00000029208	-0.147850	-0.100490	-0.487746	-0.762202	-1.207609	-1.273656
ENSMUSG00000029213	-0.037050	0.037875	-0.388294	0.033482	0.018314	0.171217
ENSMUSG00000029217	0.266644	1.062994	0.717756	0.802861	2.047447	2.099180
ENSMUSG00000029221	0.108893	0.337076	0.030980	0.187048	-0.189517	-0.541636
ENSMUSG00000029223	0.840752	-0.074839	0.248692	0.966312	1.241150	1.123757
ENSMUSG00000029227	-0.263457	0.109398	-0.089106	0.192358	-0.324198	-0.127560
ENSMUSG00000029229	-0.096642	-0.039214	-0.173286	0.259956	0.123213	0.836823
ENSMUSG00000029233	-0.063445	-0.107328	0.179077	0.012517	-0.085052	-0.380998
ENSMUSG00000029234	0.100472	0.127531	-0.344398	-0.410350	-0.338302	-0.451210
ENSMUSG00000029238	0.160977	-0.061008	0.513166	-0.030322	0.230714	0.037261
ENSMUSG00000029246	0.023823	-0.461583	-0.421664	-1.543565	-1.647453	-2.080060
ENSMUSG00000029247	0.019824	-0.157946	-0.342531	-0.545954	-1.058130	-1.184703
ENSMUSG00000029249	0.387818	0.355153	0.873533	0.033903	0.922520	0.940567
ENSMUSG00000029250	0.028131	-0.227142	0.108010	0.129703	0.276561	0.161003
ENSMUSG00000029253	0.228281	0.079299	0.297982	0.015185	0.403775	0.494158
ENSMUSG00000029254	0.222893	0.525306	0.572521	-0.137858	-0.424191	0.067667
ENSMUSG00000029263	0.081603	-0.617169	0.505493	-0.442658	-0.255380	-1.093368
ENSMUSG00000029265	0.047014	-0.305962	0.283102	-0.208007	-0.171636	-0.261346
ENSMUSG00000029267	-0.233632	-0.154993	-0.654612	-0.014969	-0.196874	-0.221789
ENSMUSG00000029270	-0.315614	0.021544	-0.013647	-0.128705	-0.670132	-1.037971
ENSMUSG00000029275	1.428696	1.284935	0.234450	0.307400	1.564266	2.698023
ENSMUSG00000029276	-0.050858	0.181631	-0.805643	-0.993300	-1.122685	-0.651696
ENSMUSG00000029283	-0.220398	0.242430	0.041545	0.312553	-0.092277	-0.769942
ENSMUSG00000029290	0.384029	0.237471	0.111862	-0.147707	-0.108638	-0.355181
ENSMUSG00000029291	-0.182556	-0.054115	-0.141938	0.232840	0.671920	1.119118
ENSMUSG00000029298	-1.384773	-1.364853	1.457829	1.680804	2.755548	3.658587
ENSMUSG00000029299	-0.091977	0.765750	0.247278	-0.088811	1.136363	0.353152
ENSMUSG00000029304	-0.707179	-0.420604	-0.541450	-0.437511	-1.283022	-1.922438
ENSMUSG00000029310	0.113451	0.254256	-0.130890	-0.036458	-0.606346	-0.512755
ENSMUSG00000029311	-0.085299	-0.964447	-1.600691	0.319140	0.887725	1.052397
ENSMUSG00000029312	0.102003	0.286015	0.054372	-0.381758	-0.378682	-0.029438
ENSMUSG00000029313	-0.049347	-0.536788	0.166855	0.644042	1.715090	1.767644
ENSMUSG00000029314	0.176056	0.817139	2.206323	2.838852	3.547057	3.831233
ENSMUSG00000029319	-0.194581	0.031066	-0.223856	-0.167181	-1.302471	-1.510702
ENSMUSG00000029322	-0.082516	-0.433194	-0.651704	0.358065	0.778524	0.907671
ENSMUSG00000029326	0.066422	-0.083617	-0.527660	-0.987553	-1.536036	-1.848437
ENSMUSG00000029328	0.227497	0.186933	0.226753	-0.106997	-0.227202	-0.451599
ENSMUSG00000029338	0.304363	0.630805	1.226061	0.917761	1.211417	1.320000
ENSMUSG00000029344	0.102464	-0.077092	-0.144758	-0.550585	-1.207549	-1.038872
ENSMUSG00000029345	-0.138284	-0.078721	-0.072062	-0.014964	0.048474	0.136522
ENSMUSG00000029346	-0.207164	0.045959	-0.415743	0.003882	-0.285762	-0.176532
ENSMUSG00000029352	-0.368589	-0.162640	-1.455653	-1.668279	-1.820857	-0.077566
ENSMUSG00000029361	0.067341	-0.010475	0.414109	0.671580	0.784628	0.547025
ENSMUSG00000029363	0.325711	0.009364	0.380745	-0.145679	-0.215851	-0.779279
ENSMUSG00000029364	0.400703	0.521389	0.944647	1.277441	1.876472	1.619168
ENSMUSG00000029366	-0.445284	-0.716983	-0.150206	0.075697	0.561260	0.045788
ENSMUSG00000029384	-1.409735	1.145609	-1.716769	0.241184	0.676624	-0.449986
ENSMUSG00000029385	0.692389	1.239264	1.677936	2.547286	3.374132	3.278723
ENSMUSG00000029386	-0.226956	-0.558849	0.067308	0.307280	-0.074490	0.389048
ENSMUSG00000029387	-0.240024	-0.108368	-0.301084	-0.156997	-0.302836	-0.611285
ENSMUSG00000029388	-0.111340	-0.196913	-0.404321	-0.899827	-0.861658	-0.904073
ENSMUSG00000029389	-0.154333	-0.128990	-0.438333	-0.514866	-0.749997	-0.525162
ENSMUSG00000029390	-0.029099	0.105713	0.215068	-0.212233	-0.326760	-0.439975
ENSMUSG00000029392	0.254731	0.902729	0.660422	0.990429	1.632468	1.987709
ENSMUSG00000029394	0.019733	0.219967	0.158488	-0.271045	-0.518030	-0.825051
ENSMUSG00000029397	0.083432	0.496529	0.075059	1.069039	0.681959	1.200471
ENSMUSG00000029401	-0.266831	-0.473216	-0.579145	-0.046942	-0.322967	-0.931808
ENSMUSG00000029402	0.049404	-0.141675	0.092419	-0.359587	-0.150503	0.121666
ENSMUSG00000029404	0.101507	0.224831	0.284476	-0.351737	-0.503232	0.060220
ENSMUSG00000029405	0.088515	-0.208107	0.262067	-0.195266	-0.054874	-0.255658
ENSMUSG00000029406	-0.081873	0.053182	-0.065815	-0.090383	-0.806958	-1.294433
ENSMUSG00000029407	0.071925	0.118372	0.160865	0.030101	0.204914	0.220939
ENSMUSG00000029408	-0.429032	-0.958908	-0.985634	0.122846	-0.434007	0.769905
ENSMUSG00000029413	-0.368814	-0.049237	0.656640	0.778717	-0.056958	-0.639197
ENSMUSG00000029414	0.036360	-0.103679	0.135316	-0.064679	0.105402	-0.670788
ENSMUSG00000029415	-0.130191	-0.474996	-0.472179	-0.843996	-1.212453	-1.723450
ENSMUSG00000029416	0.155719	0.244064	0.321593	0.672722	1.026048	1.068177
ENSMUSG00000029419	-0.259530	0.223704	0.136709	0.278045	-0.231583	0.257610
ENSMUSG00000029422	-0.170514	0.241982	0.053301	-0.248470	-0.894055	-0.244808
ENSMUSG00000029426	0.154030	-0.068181	0.639868	-0.071115	0.828074	1.199637
ENSMUSG00000029427	-0.066927	-0.131485	-0.115656	0.143115	-0.125785	0.092212
ENSMUSG00000029428	0.493204	0.333873	-0.302595	0.037504	0.144774	0.481259
ENSMUSG00000029430	-0.157394	-0.076332	0.148793	-0.610810	-1.203475	-1.408900
ENSMUSG00000029432	-0.217475	-0.354793	0.452617	-0.111670	0.365741	0.369556
ENSMUSG00000029433	-0.086021	0.151457	-0.114889	-0.111658	-0.350035	-0.429080
ENSMUSG00000029434	-0.128008	-0.039080	0.526892	0.275042	0.782419	0.898305
ENSMUSG00000029438	-0.073681	-0.116344	0.085321	0.371032	1.669842	1.871645
ENSMUSG00000029439	0.027142	0.244222	0.254101	0.191963	0.264936	0.604241
ENSMUSG00000029440	-0.215001	0.147138	0.116565	0.120870	-0.145985	-0.059942
ENSMUSG00000029442	0.427740	1.026738	-0.690075	-1.034113	-0.899984	-0.231479
ENSMUSG00000029446	0.172834	0.138978	0.193654	-0.091977	-1.030061	-1.332414
ENSMUSG00000029447	0.027154	-0.045804	0.188909	-0.761309	-0.947427	-1.192331
ENSMUSG00000029449	0.273329	1.109091	1.042445	0.182470	-0.865790	-1.570671
ENSMUSG00000029452	-0.565164	-0.768930	0.440556	1.117937	1.531816	0.714473
ENSMUSG00000029454	-0.015080	0.117598	-0.093382	-0.152739	-0.291711	-0.094451
ENSMUSG00000029455	0.375423	0.453854	0.221116	0.437975	0.745301	0.865311
ENSMUSG00000029456	-0.356983	-0.373444	-0.180338	0.169978	0.609202	0.720244
ENSMUSG00000029458	-0.035297	0.061739	0.030634	0.215578	0.202581	0.269431
ENSMUSG00000029461	0.045701	-0.036543	0.178754	0.215753	0.393176	0.210986
ENSMUSG00000029462	-0.222798	0.182434	-0.166227	-0.368072	-0.691045	-0.549048
ENSMUSG00000029463	0.205735	0.059319	0.121690	0.360716	0.533779	0.492328
ENSMUSG00000029464	-0.233744	-0.202443	-0.363819	-0.500674	-0.360333	-0.456129
ENSMUSG00000029465	0.105977	0.096482	-0.045921	0.711288	0.599794	0.969088
ENSMUSG00000029466	0.009703	0.113742	-0.150092	0.180176	0.024701	0.081232
ENSMUSG00000029467	-0.069541	-0.156151	-0.092418	-0.370722	-0.470031	-1.002921
ENSMUSG00000029468	3.521653	1.359055	0.093730	0.679383	0.796083	1.896536
ENSMUSG00000029469	1.245460	1.812782	1.442412	1.060653	1.080078	1.573251
ENSMUSG00000029470	0.247779	0.232640	-0.150066	0.146755	0.155039	0.463908
ENSMUSG00000029471	0.819425	-0.061273	-0.336951	-0.725128	-0.946839	-0.988254
ENSMUSG00000029472	0.012525	0.142441	0.366162	0.333562	0.544421	-0.057059
ENSMUSG00000029474	-0.120231	0.099897	0.389540	0.269330	0.549907	0.591589
ENSMUSG00000029475	-0.058265	-0.135449	0.054665	-0.292624	-0.395622	-0.486133
ENSMUSG00000029478	2.761113	2.360259	2.380908	2.934377	1.806895	1.709823
ENSMUSG00000029480	-0.117737	-0.345205	-0.286917	-0.474235	-0.268737	-0.342513
ENSMUSG00000029482	0.354185	0.500157	1.085800	0.132708	0.685085	0.956856
ENSMUSG00000029486	-0.117251	0.101630	-0.152265	0.318655	-0.032132	0.221761
ENSMUSG00000029499	-0.898440	-0.225821	-0.905970	-0.655443	-1.233997	-1.799757
ENSMUSG00000029500	-0.349002	-0.400495	-0.090214	-0.664187	-0.390790	-0.746821
ENSMUSG00000029501	-0.040898	0.013389	-0.006483	-0.047492	0.047260	0.299790
ENSMUSG00000029502	-0.096059	0.199144	0.065349	-0.536478	-0.323865	-0.151728
ENSMUSG00000029504	-0.014409	-0.232180	-0.125112	-1.073546	-0.986056	-1.290639
ENSMUSG00000029505	-0.237550	-0.152701	-0.239253	-0.024879	-0.205390	-0.507613
ENSMUSG00000029507	-0.309178	-0.479014	-0.603218	-1.020752	-1.890927	-1.805983
ENSMUSG00000029512	0.274793	0.413263	0.533579	0.837654	1.573494	1.202637
ENSMUSG00000029513	-0.134963	-0.303975	-0.036685	-0.348810	-0.196164	-0.090602
ENSMUSG00000029516	-0.144918	-0.045910	-0.214544	-0.009420	-0.273838	-0.632022
ENSMUSG00000029518	-0.127904	-0.115230	-0.056249	-0.324535	-0.068724	-0.251262
ENSMUSG00000029521	-0.041226	0.174570	-0.370397	-0.148065	0.071583	-0.432821
ENSMUSG00000029524	0.023348	0.005279	-0.398007	0.327161	0.102993	0.598604
ENSMUSG00000029528	0.244156	-0.697280	-0.891430	-0.926080	-1.045696	-0.922166
ENSMUSG00000029534	-0.372714	-0.310848	-1.041267	-1.146871	-1.823894	-2.144261
ENSMUSG00000029535	-0.150332	-0.194037	-0.474882	-0.745895	-0.437822	-0.548680
ENSMUSG00000029536	-0.002788	0.026569	-0.099356	-0.269734	-0.547611	-0.883195
ENSMUSG00000029538	-0.043489	0.073599	-0.197930	-0.519788	-0.739632	-0.903587
ENSMUSG00000029544	0.115678	-0.382357	-1.538277	-1.470150	-2.599041	-2.771376
ENSMUSG00000029545	-0.061891	-0.071953	-0.270960	0.017255	0.337406	0.613273
ENSMUSG00000029547	0.104922	0.035848	0.653125	0.724109	0.855473	0.527092
ENSMUSG00000029550	-0.052265	0.108633	-0.011178	0.485742	0.480855	0.183689
ENSMUSG00000029551	-0.167405	-0.374399	-0.641039	-0.653658	-0.875263	-0.703725
ENSMUSG00000029554	0.091880	0.409283	0.176404	0.263661	0.150174	-0.027527
ENSMUSG00000029557	-0.026682	0.287178	0.205259	0.130316	0.099211	0.309064
ENSMUSG00000029559	0.071375	0.364837	0.161393	0.107360	0.097757	0.675963
ENSMUSG00000029560	-0.302893	0.258280	0.606222	0.458552	0.939375	0.920809
ENSMUSG00000029569	0.096834	-0.151364	0.078027	-0.084835	0.022612	-0.571274
ENSMUSG00000029570	-0.371829	-2.124835	-2.350066	-1.915447	-1.549854	-1.392105
ENSMUSG00000029571	0.190430	0.021715	0.339402	0.620979	1.080217	1.395366
ENSMUSG00000029575	0.094737	-0.109866	0.115187	0.277097	0.477567	0.574776
ENSMUSG00000029577	0.232650	0.021782	0.197581	0.031377	0.670138	0.628614
ENSMUSG00000029578	0.205489	0.139210	0.214679	0.158092	0.518099	0.535658
ENSMUSG00000029580	0.090372	-0.051954	0.412289	0.329945	0.244559	-0.030535
ENSMUSG00000029587	0.343029	0.091438	0.172147	0.233032	0.436713	0.706197
ENSMUSG00000029591	-0.161267	-0.133558	-0.034691	-0.186439	-1.044621	-2.014959
ENSMUSG00000029592	0.043853	0.279788	0.254920	0.488290	0.898433	1.067563
ENSMUSG00000029594	-0.057611	-0.271703	0.234623	-1.043381	-0.776870	-0.918055
ENSMUSG00000029598	0.017401	0.074739	0.404436	0.007114	-0.128650	-0.541390
ENSMUSG00000029599	0.026540	-0.038434	0.070073	-0.312094	-0.347071	-0.301170
ENSMUSG00000029600	-0.474415	-0.336691	-0.534814	-1.245837	-1.697829	-1.483729
ENSMUSG00000029601	-0.008833	-0.097540	0.296878	0.864773	1.459858	1.798972
ENSMUSG00000029602	-0.279969	-0.281605	-0.989353	-2.344565	-2.263866	-2.007460
ENSMUSG00000029605	-0.316558	-0.422554	-0.808420	0.296976	0.842301	0.623204
ENSMUSG00000029607	0.255156	0.164514	-0.115430	-1.574975	-2.061319	-0.478352
ENSMUSG00000029610	-0.004573	0.204424	-0.015986	-0.422340	-1.515845	-1.942204
ENSMUSG00000029613	0.081734	0.235529	0.631349	0.509127	0.861793	0.916858
ENSMUSG00000029614	-0.147786	-0.072192	-0.126991	-0.353067	-0.506173	-0.213365
ENSMUSG00000029616	0.261260	0.569170	0.283375	0.838916	0.455235	0.152312
ENSMUSG00000029617	0.345547	0.339009	0.456808	0.355006	0.722360	0.865814
ENSMUSG00000029621	0.241604	0.569364	0.487023	0.855529	0.997574	0.905672
ENSMUSG00000029622	-0.006898	0.199728	0.344939	0.344377	0.289756	0.158178
ENSMUSG00000029623	0.352624	0.581014	0.001864	-0.358213	-1.029469	-0.771977
ENSMUSG00000029624	0.174771	0.409015	-0.056254	0.444924	0.647957	0.747203
ENSMUSG00000029625	0.025784	0.060570	-0.229682	-0.052020	-0.015882	-0.116478
ENSMUSG00000029627	-0.155157	0.106883	0.247651	0.459873	0.959454	1.370429
ENSMUSG00000029629	-0.022804	0.265392	0.221451	0.417459	0.185628	0.482758
ENSMUSG00000029632	-0.160656	-0.172419	-0.289576	0.117619	-0.011234	-0.477798
ENSMUSG00000029633	0.623683	-1.539222	1.687940	-0.436692	0.305409	0.609530
ENSMUSG00000029634	-0.090636	0.144583	0.754395	0.182539	0.579923	0.479103
ENSMUSG00000029635	-0.100966	-0.003907	-0.410816	-0.469732	-0.607698	-0.820612
ENSMUSG00000029638	-0.057439	0.481712	-0.033243	1.514225	3.129671	3.136033
ENSMUSG00000029640	0.393201	0.348848	0.516169	-0.141539	-0.177887	0.019757
ENSMUSG00000029642	-0.081271	0.107975	0.151255	0.393355	0.148332	0.405987
ENSMUSG00000029647	0.218378	0.282838	0.185164	0.247214	0.302175	0.309468
ENSMUSG00000029649	0.193282	0.226944	0.274128	0.087250	-0.243299	-0.088914
ENSMUSG00000029650	-0.040111	1.146971	2.469513	3.470624	3.942896	3.376904
ENSMUSG00000029655	0.270263	0.396688	0.298183	0.034922	-0.032744	0.173615
ENSMUSG00000029657	0.667144	0.592703	0.446308	-0.255148	-0.363368	-0.965509
ENSMUSG00000029670	-0.088533	0.079427	0.244037	0.014435	-0.074171	-0.088887
ENSMUSG00000029672	0.069649	-0.138596	-0.715160	-1.151746	-0.458840	0.197812
ENSMUSG00000029674	0.020505	-0.535371	-0.469920	-0.567929	-0.775993	-0.951944
ENSMUSG00000029676	-0.207443	-0.331452	-0.453158	-0.270778	-0.555390	-0.672974
ENSMUSG00000029681	-0.191476	0.294749	0.062538	0.648737	0.442516	0.369456
ENSMUSG00000029684	-0.013821	-0.027359	-0.186766	0.320876	0.277312	0.261823
ENSMUSG00000029686	0.046213	0.113798	-0.159796	-0.189291	-0.665171	-0.469765
ENSMUSG00000029687	-0.399854	0.179972	-0.025689	0.302917	0.900544	1.417451
ENSMUSG00000029699	0.049273	-0.177499	-0.446220	1.988919	2.098583	2.899542
ENSMUSG00000029700	-0.177901	-0.549212	-1.654987	-0.278817	-0.414775	-0.826585
ENSMUSG00000029701	0.017327	-0.152629	-0.353694	-0.693621	-0.636288	0.177101
ENSMUSG00000029703	0.084608	0.129554	0.243004	-0.028683	0.092623	-0.204261
ENSMUSG00000029705	-0.495171	-0.352389	0.082895	0.535829	0.298601	0.171762
ENSMUSG00000029708	-0.151249	-0.375329	0.583032	0.160860	0.793464	1.209402
ENSMUSG00000029710	-0.308509	-1.035621	-2.900883	-3.199026	-3.343330	-4.052555
ENSMUSG00000029713	-0.029563	0.014001	0.115789	0.070288	0.253299	0.168324
ENSMUSG00000029714	0.102994	0.507182	0.919602	0.979512	1.335247	1.639377
ENSMUSG00000029715	0.205586	0.140713	0.358695	-0.276055	-0.317023	0.085084
ENSMUSG00000029716	0.501608	0.457758	0.678734	1.470117	1.026416	1.029140
ENSMUSG00000029720	0.248810	0.338317	0.393815	0.906246	1.148244	1.886643
ENSMUSG00000029722	0.052665	1.678953	1.976059	2.147756	2.186780	1.701695
ENSMUSG00000029723	0.005906	0.461381	0.572692	0.573535	0.356154	0.168377
ENSMUSG00000029725	0.451490	0.644679	0.705995	-0.048794	-0.355506	0.501927
ENSMUSG00000029726	0.287617	0.465001	0.728304	0.578449	0.505361	0.608580
ENSMUSG00000029729	0.393528	0.346169	0.067103	0.137543	0.456955	0.180712
ENSMUSG00000029730	0.102486	0.317134	0.432732	0.349861	0.323335	-0.174809
ENSMUSG00000029735	0.135044	-0.022167	-0.315733	0.393228	0.021924	0.122441
ENSMUSG00000029752	0.225900	0.381510	0.079386	-0.454944	-2.216110	-2.796408
ENSMUSG00000029759	-0.179512	-0.389436	-1.201634	-1.362072	-1.173826	-1.116676
ENSMUSG00000029763	0.007782	0.152039	0.061462	0.201065	0.032654	0.104237
ENSMUSG00000029767	-0.041416	0.036870	-0.155028	-0.360547	-0.525781	-0.865234
ENSMUSG00000029771	-0.342743	-0.767752	-0.413564	0.840201	0.318823	0.640777
ENSMUSG00000029772	-0.190660	-0.404422	-0.413177	-0.845585	-0.767251	-0.728317
ENSMUSG00000029775	0.010744	-0.112305	-0.054667	-0.287704	-0.186396	-0.306109
ENSMUSG00000029776	-0.389256	0.038887	-0.407437	0.380365	0.748446	0.675804
ENSMUSG00000029777	0.089460	0.099975	0.024481	-0.454735	-1.018155	-1.242008
ENSMUSG00000029780	-0.059146	0.030254	-0.086505	-0.774765	-1.380101	-1.181873
ENSMUSG00000029782	-0.027626	0.058840	-0.066074	-0.004755	-0.578526	-1.377300
ENSMUSG00000029787	-0.116869	0.060136	0.518857	0.261814	0.938181	0.876003
ENSMUSG00000029790	-0.032566	-0.093939	-0.519577	-1.360154	-1.822418	-2.083144
ENSMUSG00000029798	-0.191749	-0.285464	-0.048992	0.602982	0.253804	0.276677
ENSMUSG00000029804	-0.858434	-1.507431	-0.526296	-0.237025	0.024856	-0.537734
ENSMUSG00000029814	0.437368	0.359815	0.214110	0.038396	-0.006605	0.335979
ENSMUSG00000029815	-0.110710	-0.333337	-0.629574	-0.282090	-0.973903	-0.653860
ENSMUSG00000029817	-0.199115	-0.042900	-0.319902	-0.072136	-0.026969	-0.415123
ENSMUSG00000029823	-0.160085	-0.162084	-0.635006	-0.470667	-1.251662	-1.119318
ENSMUSG00000029826	0.171054	-0.292307	0.019671	-0.136172	0.199798	0.305607
ENSMUSG00000029828	-0.533300	-1.218900	-0.532894	-1.306503	-1.607996	-2.518817
ENSMUSG00000029833	0.246395	0.183109	-0.076213	0.015351	0.024724	0.192222
ENSMUSG00000029836	0.104887	0.157696	0.393710	-1.069707	-0.709962	-0.340427
ENSMUSG00000029840	-0.119589	-0.385004	0.240263	0.269814	0.861200	0.217629
ENSMUSG00000029847	0.188803	-0.034525	-1.800498	0.916250	-0.828449	-0.347857
ENSMUSG00000029862	-0.296443	-0.805422	0.361516	-0.556137	-1.368059	-0.472169
ENSMUSG00000029863	-0.172126	-0.127088	0.254267	0.136789	0.473896	-0.093553
ENSMUSG00000029864	-0.924383	-0.839951	-0.521281	0.222488	0.450395	0.229931
ENSMUSG00000029910	0.106794	0.032284	-0.293729	0.029180	-0.270307	-0.912277
ENSMUSG00000029911	-0.148400	0.201054	-0.265393	-0.132616	-1.016340	-0.516364
ENSMUSG00000029916	-0.037890	-0.333465	-0.612184	-0.664805	-0.628056	-1.198756
ENSMUSG00000029918	-0.082572	-0.047232	-0.408706	-0.585966	-0.978012	-0.478738
ENSMUSG00000029920	-0.039089	-0.143069	0.064379	0.164272	0.355589	0.292333
ENSMUSG00000029922	-0.334442	-0.043556	0.148089	0.600044	0.745296	1.008021
ENSMUSG00000029923	-1.314604	-0.162628	1.459785	2.416010	2.732479	3.193786
ENSMUSG00000029924	-0.444841	0.485167	0.821329	2.037552	2.356666	2.228278
ENSMUSG00000029992	-0.065374	0.044076	0.197143	-0.302575	0.066364	-0.545062
ENSMUSG00000029993	-0.378229	-0.057008	-0.181079	0.134145	-0.400042	-0.598983
ENSMUSG00000029994	0.627076	0.705364	0.387040	-1.387832	-0.679889	-0.534557
ENSMUSG00000029998	0.086672	0.258490	0.030624	0.086852	0.483567	0.375826
ENSMUSG00000030002	0.066536	-0.216140	-0.197128	-0.047959	0.123717	0.199328
ENSMUSG00000030007	-0.111164	-0.092661	0.054151	-0.559769	-0.760530	-1.067982
ENSMUSG00000030008	-0.163278	-0.123864	-0.432309	-0.325555	-0.784583	-1.192888
ENSMUSG00000030016	0.131297	-0.043073	0.392207	0.115662	0.479036	0.543925
ENSMUSG00000030019	-0.219840	-0.331619	0.183504	-0.232350	0.275054	-0.405254
ENSMUSG00000030031	-0.307287	-0.228189	-0.056196	-0.878233	-1.098724	-1.684782
ENSMUSG00000030032	2.885653	1.854488	0.818115	1.375003	1.168451	0.015968
ENSMUSG00000030034	-0.032785	0.199197	-0.417352	0.349445	-0.193928	0.244364
ENSMUSG00000030035	0.162149	0.504049	0.341274	1.351119	1.925958	2.168848
ENSMUSG00000030036	-0.120911	-0.429787	-0.503696	-1.215845	-1.629299	-2.368535
ENSMUSG00000030037	-0.945723	-0.189718	-0.776758	-1.242013	0.659806	-0.364778
ENSMUSG00000030041	-0.037749	-0.105635	-2.288785	-1.183604	-1.769516	-2.122351
ENSMUSG00000030042	-0.061601	-0.053286	0.027688	-0.037076	-0.556329	-0.566318
ENSMUSG00000030045	-0.048857	-0.259610	-0.399364	-0.647272	-0.839936	-0.930958
ENSMUSG00000030047	-0.838680	-0.107689	0.850836	1.283923	1.778331	2.035516
ENSMUSG00000030051	-0.137875	-0.147533	-0.096805	0.011464	-0.206899	-0.102373
ENSMUSG00000030054	1.929760	1.412905	0.340036	0.177738	-0.547793	-0.969834
ENSMUSG00000030055	-0.280985	0.389761	0.738436	1.974015	3.117134	3.269074
ENSMUSG00000030056	-0.158516	-0.205399	0.063876	-0.690580	-0.899080	-0.765079
ENSMUSG00000030057	-0.086089	-0.015981	-0.509702	-0.936078	-1.502447	-1.763065
ENSMUSG00000030058	-0.076954	-0.071815	0.033945	-0.222091	-0.150462	-0.443711
ENSMUSG00000030059	-0.202962	-0.257343	0.105624	-1.315029	-0.830896	-0.718719
ENSMUSG00000030060	0.508682	1.092573	1.007997	1.698468	2.322480	2.318607
ENSMUSG00000030061	-0.017574	0.231556	-0.141181	-0.050960	-0.412696	-0.386025
ENSMUSG00000030062	-0.135789	0.064921	-0.037148	-0.410051	-0.758942	-1.263379
ENSMUSG00000030064	-1.688752	-2.636194	-1.491040	-0.744019	-0.061468	0.372909
ENSMUSG00000030067	-0.260302	-0.085417	-0.362200	0.614456	1.269317	1.688117
ENSMUSG00000030068	-0.712040	-0.702632	1.053318	-0.143740	1.313704	0.794935
ENSMUSG00000030079	-0.055944	0.075650	-0.184696	-0.384197	-0.692468	-1.025458
ENSMUSG00000030082	0.019809	0.053263	-0.127584	-0.163322	-0.291608	-0.465511
ENSMUSG00000030083	0.570254	0.485034	0.702974	1.342495	2.116305	2.114941
ENSMUSG00000030084	0.518211	0.022061	0.134996	-0.836351	-0.048962	-0.070736
ENSMUSG00000030086	0.209839	0.451085	-0.138784	-0.504071	-1.172154	-2.048998
ENSMUSG00000030091	0.269308	-0.162027	-0.169293	-0.202694	-0.090433	-0.383663
ENSMUSG00000030094	0.085525	0.168160	0.234894	-0.260558	0.205440	0.477779
ENSMUSG00000030095	0.236998	-0.101403	0.044442	0.346872	0.741632	0.481023
ENSMUSG00000030096	0.161737	-0.220496	-0.279793	-0.369439	-0.009157	-0.266492
ENSMUSG00000030101	0.159855	0.252451	0.896294	0.643722	0.885710	1.132076
ENSMUSG00000030102	0.412939	0.384295	0.832516	0.560086	1.018200	1.023430
ENSMUSG00000030103	-0.331904	-0.584787	-0.631191	-0.431478	-1.406760	-1.558163
ENSMUSG00000030104	-0.110267	0.103410	0.340538	0.691382	0.443741	0.343471
ENSMUSG00000030105	-0.021986	-0.018650	-0.108436	-0.116616	-0.186261	-0.232467
ENSMUSG00000030110	3.400522	3.876892	2.901615	5.764822	5.904530	5.875551
ENSMUSG00000030120	0.068270	0.154503	0.218513	0.026983	-0.037488	-0.213734
ENSMUSG00000030122	0.668719	1.218592	0.060005	0.635730	0.133822	-0.376361
ENSMUSG00000030123	0.003166	-0.842512	-1.051184	-1.962275	-1.916440	-1.876457
ENSMUSG00000030126	-0.235779	-0.435564	-0.862326	-0.324755	-0.552323	-0.299452
ENSMUSG00000030127	0.095638	0.186315	-0.064006	-0.119210	-0.698109	-1.320041
ENSMUSG00000030137	0.695479	-0.437273	-3.014125	-5.752089	-6.063094	-6.175588
ENSMUSG00000030138	-0.059310	-0.209554	-0.276390	-0.533613	-0.514415	-0.117042
ENSMUSG00000030144	-5.016976	-5.505272	-5.370305	-5.216791	-5.286687	-5.865636
ENSMUSG00000030145	-0.291385	-0.606896	0.028929	-0.966948	-0.453125	-0.769449
ENSMUSG00000030156	-0.025975	0.160281	-0.636967	-1.634482	-0.801958	-0.630249
ENSMUSG00000030157	-0.811851	-1.846325	-2.649046	-0.439771	0.327084	0.894584
ENSMUSG00000030161	0.669810	-0.005822	0.376434	0.437854	0.463003	0.397327
ENSMUSG00000030165	1.931880	3.300456	2.748228	3.832056	5.349366	4.574030
ENSMUSG00000030166	-0.438422	-0.253509	-1.003272	-0.701596	-0.574014	-0.260945
ENSMUSG00000030168	0.030513	0.159503	-0.017581	0.532721	0.629724	0.379512
ENSMUSG00000030172	-0.162436	-0.384080	-0.274958	-0.281161	-0.579437	-0.678202
ENSMUSG00000030177	-0.133811	0.266953	-0.106002	0.020512	-0.327516	-0.264393
ENSMUSG00000030180	0.013800	0.005585	0.008424	0.176345	-0.047115	-0.030926
ENSMUSG00000030188	-0.276864	0.114545	-0.656714	-0.647274	-1.406147	-1.084253
ENSMUSG00000030189	-0.050104	0.030709	-0.467996	-0.982681	-1.443277	-1.376885
ENSMUSG00000030199	0.528654	-0.705184	-1.083736	-1.003891	-0.725473	-0.986189
ENSMUSG00000030201	0.144135	-0.106519	0.076779	-0.090915	0.092156	0.046995
ENSMUSG00000030203	-0.013916	-0.298737	0.286923	0.393977	1.239746	0.898571
ENSMUSG00000030204	-0.228317	0.219165	-0.168801	0.119919	-0.115978	-0.210518
ENSMUSG00000030207	0.445745	0.111881	0.583497	0.344887	0.433252	0.213778
ENSMUSG00000030208	2.284063	1.392487	0.741261	0.670454	0.621503	0.410193
ENSMUSG00000030213	0.046364	0.512739	0.545092	1.215929	1.399934	1.281137
ENSMUSG00000030216	-0.089819	0.075204	0.123484	0.253557	0.062958	-0.356974
ENSMUSG00000030219	0.497637	1.164188	-0.626923	0.221234	0.936541	0.757372
ENSMUSG00000030220	0.108033	0.163477	0.009906	0.371646	0.205198	0.352010
ENSMUSG00000030224	-0.031784	-0.077798	-0.133410	-0.802916	-0.965485	-1.116754
ENSMUSG00000030225	-0.085211	-0.060832	0.189009	0.298832	0.370564	0.172247
ENSMUSG00000030231	-0.044078	0.279121	-0.023521	-0.475246	0.369674	0.888388
ENSMUSG00000030232	0.098541	-0.161375	0.195595	-0.628144	-0.733617	-0.801370
ENSMUSG00000030243	-0.132428	-0.079658	0.026084	-0.031830	-0.026317	-0.049584
ENSMUSG00000030244	-0.208098	-0.627527	-1.915065	-1.492965	-2.305816	-2.094187
ENSMUSG00000030245	0.077392	-0.202541	-0.094640	-0.201237	-0.703508	-1.240511
ENSMUSG00000030254	-0.094774	-0.364111	-0.121219	-0.502007	-0.403003	-0.981050
ENSMUSG00000030256	3.197991	3.670025	3.815663	4.470254	4.246390	3.539414
ENSMUSG00000030263	-0.266825	-0.242156	-0.426402	-0.498451	0.265470	0.808745
ENSMUSG00000030264	-0.114869	-0.240934	-0.506114	-0.613795	-0.843888	-0.791221
ENSMUSG00000030265	0.031568	0.018951	-0.244406	-0.241205	-0.195635	-0.358715
ENSMUSG00000030268	-0.149858	-0.130642	-0.771993	-1.627463	-2.877237	-3.578513
ENSMUSG00000030269	-0.003200	-0.003535	0.058517	0.546003	0.499713	0.660791
ENSMUSG00000030270	0.395682	0.516408	-0.002653	-0.094818	-0.098256	0.262188
ENSMUSG00000030271	-0.223902	-0.218852	-0.434801	0.142539	-0.456410	-0.408833
ENSMUSG00000030275	0.113265	-0.206824	0.397753	-0.050419	0.852170	0.653761
ENSMUSG00000030276	-0.463763	0.360392	-0.171470	-0.089764	-0.152707	0.183449
ENSMUSG00000030279	-0.045235	-0.036958	0.224274	0.046416	0.088387	-0.002380
ENSMUSG00000030282	0.023167	-0.081081	0.016051	0.075156	0.966712	1.672967
ENSMUSG00000030284	0.312832	-0.008858	-0.976689	-0.195155	-0.259224	-0.318199
ENSMUSG00000030286	0.020690	0.010482	0.185199	0.309603	0.417684	0.245635
ENSMUSG00000030287	0.230154	0.244461	0.567087	0.855583	0.668199	1.069412
ENSMUSG00000030291	0.148645	0.233907	-0.178549	0.439017	0.153732	0.056154
ENSMUSG00000030298	-0.193306	-0.040746	0.059271	-0.121545	-0.155720	-0.405595
ENSMUSG00000030304	0.322191	0.250822	-0.346663	-0.534560	-0.477232	-0.323200
ENSMUSG00000030306	3.961440	0.532094	2.297240	3.481200	6.167494	6.998686
ENSMUSG00000030309	0.321195	0.551302	-0.257461	0.731453	-0.270020	-0.172401
ENSMUSG00000030313	0.463744	0.004350	-0.444232	0.131346	-0.016109	0.222449
ENSMUSG00000030314	-0.207045	-0.093252	-0.214434	-0.239188	-0.802165	-0.939405
ENSMUSG00000030315	-0.068133	-0.428133	0.093710	-0.288235	0.965901	0.926113
ENSMUSG00000030316	-0.303352	-0.152531	-0.658243	-0.699482	-1.044458	-1.305667
ENSMUSG00000030322	0.000134	0.753528	0.860836	0.499726	0.576535	0.197991
ENSMUSG00000030323	0.279510	0.378911	0.386780	0.307623	1.092028	1.216837
ENSMUSG00000030325	0.237375	-1.282785	-1.717468	0.530246	1.981018	0.937801
ENSMUSG00000030327	0.140981	0.460060	0.171537	0.296909	-0.058850	-0.171839
ENSMUSG00000030329	1.165400	1.064455	1.523023	2.236010	2.067099	2.094330
ENSMUSG00000030330	0.159577	0.139254	0.144901	0.738760	0.930805	1.557654
ENSMUSG00000030335	0.007216	0.181164	-0.317476	-0.113683	-0.804474	-1.182782
ENSMUSG00000030337	-0.257473	0.002765	0.880581	1.413055	1.840936	1.826277
ENSMUSG00000030342	0.417349	0.678350	0.195184	-0.388905	-2.134942	-1.550251
ENSMUSG00000030345	0.166341	0.144899	-0.622920	0.305495	0.390298	0.813296
ENSMUSG00000030346	-0.016893	-0.139956	-0.048880	-0.051695	-0.515582	-0.763935
ENSMUSG00000030347	-0.115765	-0.466006	-0.094934	-0.154235	-0.265121	-0.374085
ENSMUSG00000030357	0.271745	0.296189	0.104968	-0.416797	-0.782864	-1.097764
ENSMUSG00000030365	-1.638799	-1.702221	-2.006362	-1.000592	-2.041564	-0.792781
ENSMUSG00000030374	-0.117093	0.221679	0.427537	0.077115	-0.054725	-0.029124
ENSMUSG00000030380	-0.597996	0.622301	-0.210581	0.713279	1.227549	1.261029
ENSMUSG00000030386	-0.082910	-0.058657	-0.660394	0.645342	0.765466	0.698514
ENSMUSG00000030393	0.132428	0.518619	0.027623	0.076579	0.528085	-0.650892
ENSMUSG00000030397	-0.087541	-0.078372	0.086287	0.040955	0.379277	0.488772
ENSMUSG00000030399	2.451343	2.838859	2.849326	3.071235	4.430792	5.354003
ENSMUSG00000030400	-0.084629	-0.158423	-0.417505	-0.335478	-0.458855	-0.685843
ENSMUSG00000030403	-0.131774	-0.236564	0.130736	-0.639465	-0.621175	-0.711511
ENSMUSG00000030407	0.082776	0.116580	0.576773	0.728393	0.665972	0.795020
ENSMUSG00000030409	-1.570382	-1.344869	1.342448	-0.265560	-0.561084	-1.932342
ENSMUSG00000030410	1.674517	1.596542	0.941800	3.203463	2.389337	2.768521
ENSMUSG00000030417	-0.007344	0.222272	0.269271	-0.691993	-1.372618	-0.559616
ENSMUSG00000030421	0.053486	-0.004550	0.037021	-0.156636	-0.131799	0.172667
ENSMUSG00000030423	0.044053	0.036999	0.209321	-0.092267	-0.233446	0.101356
ENSMUSG00000030431	-0.153043	0.026833	-0.816808	-0.562732	-2.278195	-3.177586
ENSMUSG00000030432	0.048982	-0.038307	-0.158302	-0.125655	-0.119708	0.241902
ENSMUSG00000030435	-0.211036	-0.161620	0.010603	0.078137	-0.100889	-0.275667
ENSMUSG00000030446	-0.335463	0.195282	0.274623	0.209587	-0.563728	0.160730
ENSMUSG00000030447	0.338855	-0.120399	-0.056369	-0.228852	-0.111494	0.157395
ENSMUSG00000030451	0.043265	0.352258	0.674886	0.524398	0.700274	0.601852
ENSMUSG00000030452	0.108967	0.149863	-0.169318	-0.136428	-0.699569	-0.782899
ENSMUSG00000030465	-0.024941	0.060191	-0.249212	0.048193	0.119793	0.595796
ENSMUSG00000030468	0.115074	0.254607	0.037371	1.497726	0.442739	0.670043
ENSMUSG00000030469	-0.084909	0.189596	0.009679	-0.187243	-0.091825	-0.313920
ENSMUSG00000030471	-0.055835	-0.938297	-1.136392	-1.042412	-1.198354	-1.483810
ENSMUSG00000030493	-0.186394	0.247995	-0.295977	-0.593025	-1.315112	-1.681177
ENSMUSG00000030498	-0.380830	-0.298988	-1.128025	-1.042518	-1.873200	-2.366995
ENSMUSG00000030505	-0.019685	-0.166502	-0.594549	-0.519764	-1.286016	-1.723846
ENSMUSG00000030509	0.037872	-0.182041	0.032910	-0.489943	0.682319	0.661702
ENSMUSG00000030512	0.031539	0.212824	-0.435272	-0.684723	-1.380597	-1.214608
ENSMUSG00000030515	0.163900	0.020924	0.475631	-1.310467	-0.951429	-0.932916
ENSMUSG00000030518	2.933934	1.834880	3.030066	4.408397	4.861258	4.631207
ENSMUSG00000030521	0.048054	-0.164177	-0.429519	-1.409420	-1.816839	-1.230699
ENSMUSG00000030527	0.264445	0.528380	0.357607	0.750172	0.613162	0.839441
ENSMUSG00000030528	0.369881	0.009690	0.385860	-0.725762	-0.504102	-0.937752
ENSMUSG00000030530	0.600207	0.818538	0.905583	1.154887	1.134003	1.269696
ENSMUSG00000030532	0.214448	0.144794	0.307260	0.179624	0.465046	0.338871
ENSMUSG00000030533	-0.137086	0.220192	0.256513	0.280125	0.239735	0.446992
ENSMUSG00000030534	-0.472635	-0.304425	-0.228048	0.000638	0.153579	0.477585
ENSMUSG00000030536	0.095065	-0.217219	0.531264	0.279812	1.345296	1.656998
ENSMUSG00000030538	-0.239499	0.020656	0.155001	0.604659	0.445131	0.675291
ENSMUSG00000030539	-0.345886	-1.414504	-0.702844	-0.097625	1.051915	1.846181
ENSMUSG00000030541	0.311593	0.440421	0.085048	0.122382	0.192730	0.257131
ENSMUSG00000030555	0.492800	-0.151783	-0.486502	0.171622	-0.335440	0.379425
ENSMUSG00000030556	0.236286	-0.006485	-0.136301	0.150815	0.131997	0.112885
ENSMUSG00000030557	0.094615	0.100419	0.552684	0.248385	0.797904	0.567928
ENSMUSG00000030560	-0.322541	-0.186652	0.244814	1.008792	0.944552	0.393530
ENSMUSG00000030577	5.308162	5.116088	5.620476	6.079550	4.488598	4.739134
ENSMUSG00000030579	-1.174422	0.175744	1.110888	4.804223	6.129290	5.873198
ENSMUSG00000030583	-0.370172	-0.286515	-0.177739	0.369490	0.850791	1.002544
ENSMUSG00000030584	-0.169676	-0.230673	-0.498350	-0.989317	-2.159513	-2.505171
ENSMUSG00000030588	-0.386184	-0.022159	-0.396743	-0.426283	-1.269674	-1.964872
ENSMUSG00000030589	0.175027	-0.442747	-1.188054	-0.515455	-0.311122	-0.321808
ENSMUSG00000030590	-0.010855	-0.324641	-0.940018	-0.932559	-0.863698	-0.606808
ENSMUSG00000030591	0.028883	0.043421	-0.094740	-0.101306	-0.181942	0.039401
ENSMUSG00000030592	-0.546800	-0.634107	-2.066653	-3.724007	-3.274672	-4.373715
ENSMUSG00000030595	-0.305690	-0.026242	-0.497942	-0.106045	-0.417262	-0.335320
ENSMUSG00000030598	-0.317093	0.568218	-1.137349	-0.449621	0.175788	-0.204036
ENSMUSG00000030600	0.157282	1.376518	0.809566	0.119748	0.166906	-0.262828
ENSMUSG00000030602	0.230295	0.555696	0.861977	0.754910	0.853183	0.550603
ENSMUSG00000030603	0.123791	0.202822	0.338576	-0.130159	-0.355718	-0.266470
ENSMUSG00000030604	-0.240118	-1.889073	1.004473	-1.048628	1.320153	0.641901
ENSMUSG00000030605	0.321498	0.253372	0.267072	1.197771	1.959900	1.819119
ENSMUSG00000030609	-0.227996	-0.341228	-0.793701	-1.560122	-2.067703	-2.220016
ENSMUSG00000030610	-0.092806	-0.128146	-0.472323	-0.122943	-0.439456	-0.584518
ENSMUSG00000030611	-0.327389	-0.039390	-0.371477	-0.045242	-0.475712	-0.408357
ENSMUSG00000030612	-0.168359	0.113253	0.039656	-0.061648	-0.457123	-0.303952
ENSMUSG00000030613	1.109334	0.365590	0.184611	0.344723	0.558657	0.597596
ENSMUSG00000030614	-0.061046	0.184339	0.150795	-0.176860	0.237329	0.467140
ENSMUSG00000030615	0.022431	0.324697	-0.354234	0.359842	-0.414295	-0.217423
ENSMUSG00000030616	-3.582580	-3.070443	-3.891094	-2.230202	-1.659385	-1.654898
ENSMUSG00000030619	0.196877	-0.099352	-0.045053	-0.470631	-0.650027	-0.797593
ENSMUSG00000030621	0.774277	0.911431	0.565620	0.990976	0.631939	0.931910
ENSMUSG00000030629	-0.299329	-0.004758	-0.279558	1.137799	1.453717	1.273049
ENSMUSG00000030641	-0.151541	-0.402957	-0.698627	-0.557281	-0.283919	-1.135730
ENSMUSG00000030647	0.083480	-0.079642	0.260196	-0.260683	-0.427820	-0.593078
ENSMUSG00000030649	-0.210622	0.029906	0.044754	-0.038858	-0.938001	-1.189685
ENSMUSG00000030652	-0.311368	-0.097110	-0.221898	-0.886970	-1.237615	-1.583973
ENSMUSG00000030653	0.048081	-0.599943	-1.590007	-2.653970	-1.722824	-1.625921
ENSMUSG00000030654	0.243662	0.387230	0.512894	0.758104	0.989315	0.832152
ENSMUSG00000030655	0.046511	-0.233194	0.045230	-0.306105	-0.392369	-0.347172
ENSMUSG00000030659	0.456047	0.816830	0.833396	0.364683	0.122177	1.209535
ENSMUSG00000030660	0.197596	0.366643	0.503597	0.291897	1.267347	1.192151
ENSMUSG00000030662	0.094945	-0.082723	0.012963	-0.473990	-0.624170	-1.126208
ENSMUSG00000030663	0.076614	0.088292	-0.327357	0.189602	-0.403966	-0.277846
ENSMUSG00000030671	0.025507	0.509541	0.500847	1.458188	2.124152	1.907134
ENSMUSG00000030672	-0.185176	0.354711	-0.265511	0.367065	0.348661	1.304787
ENSMUSG00000030674	-1.033260	-1.527491	-0.027953	1.149391	2.237883	2.679120
ENSMUSG00000030677	0.091041	0.407230	0.686321	0.402565	0.863969	0.583384
ENSMUSG00000030678	0.085156	0.125332	0.646865	0.447370	0.924292	1.002216
ENSMUSG00000030680	0.086521	0.411267	0.622817	0.314507	0.141460	0.381819
ENSMUSG00000030681	-0.330397	0.128407	0.133741	-0.357258	0.537569	0.302222
ENSMUSG00000030682	0.102803	0.070591	0.161365	0.249907	0.360986	0.175187
ENSMUSG00000030683	-0.205870	0.329415	-0.520026	-0.256766	-0.477370	-0.513420
ENSMUSG00000030685	-0.391583	-0.200516	-0.407911	-0.284622	-0.661741	-0.870908
ENSMUSG00000030688	-0.498198	-0.021168	-0.514762	-1.388164	-2.729389	-2.802624
ENSMUSG00000030689	-0.086829	-0.061619	-0.624708	-0.583927	-1.211868	-1.368471
ENSMUSG00000030691	0.185272	-1.023331	-1.370208	-0.813688	-0.908067	-0.934018
ENSMUSG00000030695	0.315109	0.609082	0.352241	0.492584	-0.494199	-1.777660
ENSMUSG00000030697	-0.049094	-0.046194	0.047802	-0.003886	0.192261	0.011792
ENSMUSG00000030699	-0.507259	0.607740	0.538012	4.253653	4.043762	4.521655
ENSMUSG00000030703	-0.213503	0.757501	0.465523	0.787870	2.255513	1.807071
ENSMUSG00000030704	-0.077806	-0.137911	0.097809	-0.202009	-0.188264	-0.294437
ENSMUSG00000030706	0.032616	0.140705	-0.511711	-0.414345	-1.132116	-0.906358
ENSMUSG00000030707	-0.032204	-0.006580	0.705456	1.204412	0.800391	0.394309
ENSMUSG00000030708	-0.133030	0.737684	-0.157019	2.642319	2.277943	2.807947
ENSMUSG00000030714	-0.170240	-0.158641	-0.890533	-0.889080	-1.769816	-2.116456
ENSMUSG00000030717	0.081614	-0.033210	-0.946327	-2.360407	-4.545275	-2.386098
ENSMUSG00000030718	-0.082491	0.133389	-0.037095	0.182313	-0.303664	-0.889102
ENSMUSG00000030720	-0.261299	-0.204101	-0.595131	0.233936	0.030094	0.170746
ENSMUSG00000030722	-0.259764	-0.417367	0.067179	-0.041864	0.453991	-0.119686
ENSMUSG00000030724	-1.175226	-0.144944	-0.609890	0.869230	0.794056	0.988700
ENSMUSG00000030725	0.132497	-0.206596	-0.407845	-1.025777	-1.454852	-1.807589
ENSMUSG00000030726	0.044445	0.235172	0.033498	0.167154	-0.362135	-0.433884
ENSMUSG00000030727	-0.208312	0.086728	-0.009914	0.243085	0.692366	1.204465
ENSMUSG00000030729	-1.177163	-1.257608	-0.662571	-0.701065	-0.076249	0.241193
ENSMUSG00000030730	0.495401	-0.368653	-0.143744	0.823479	0.936959	0.161846
ENSMUSG00000030733	0.307967	0.248219	0.136717	0.350983	0.454594	0.517403
ENSMUSG00000030735	-0.863099	-0.108263	0.978696	-0.771002	-1.131104	-1.138247
ENSMUSG00000030738	-0.012790	0.017870	0.132879	-0.189804	-0.209631	-0.129183
ENSMUSG00000030741	0.011036	0.042219	-0.078757	0.161420	0.424462	0.346697
ENSMUSG00000030742	0.663337	0.373741	-0.127047	-1.080926	-2.753186	-2.338287
ENSMUSG00000030744	-0.045090	0.109823	0.082380	-0.385732	-0.361789	0.185619
ENSMUSG00000030745	-0.357866	0.202729	0.805673	-0.469178	-0.313813	-0.267733
ENSMUSG00000030747	-1.897341	-1.060624	-1.527679	-2.235199	-2.471834	-2.171020
ENSMUSG00000030748	0.550655	-0.005085	0.319287	-0.493619	-0.541186	-0.140267
ENSMUSG00000030750	0.120504	0.181683	0.148591	-0.111547	-0.334232	-0.239699
ENSMUSG00000030751	-0.032248	0.079794	-0.286466	0.176099	-0.399425	-0.363857
ENSMUSG00000030752	-0.089331	0.316757	0.374743	-0.048750	0.097121	0.077452
ENSMUSG00000030753	-0.086174	-0.041014	-0.075397	-0.748230	-0.873076	-1.020155
ENSMUSG00000030754	0.091166	-0.044635	0.179069	0.229689	0.515663	0.677773
ENSMUSG00000030759	-0.175532	-0.299005	0.468437	0.424397	0.315764	-0.038630
ENSMUSG00000030760	-0.128758	0.033787	-0.122853	0.148546	0.551817	0.891550
ENSMUSG00000030761	0.760802	0.322163	0.024663	-0.358886	-0.346784	-0.375344
ENSMUSG00000030763	-0.248760	-0.091874	-0.023729	0.119623	0.062608	-0.383116
ENSMUSG00000030766	-0.180624	0.416425	0.740516	1.743585	2.277554	2.463775
ENSMUSG00000030768	-0.159114	0.549676	0.328205	0.720554	0.674647	0.672938
ENSMUSG00000030769	0.242855	-0.210825	-2.154551	-0.936129	-1.403751	-2.585886
ENSMUSG00000030770	0.513006	-0.088416	-0.595274	-0.580800	-0.897871	-0.762233
ENSMUSG00000030779	0.011774	0.461901	0.131023	-0.099865	-0.413238	-0.242388
ENSMUSG00000030780	-0.250578	-0.455611	-1.000912	-0.822141	-1.048675	-1.271199
ENSMUSG00000030782	0.290256	1.221354	0.172398	1.224164	-0.223191	1.682653
ENSMUSG00000030785	1.135383	1.308160	1.367123	2.597986	1.902803	0.408836
ENSMUSG00000030786	-0.782210	1.194454	2.647479	3.653227	4.522598	4.237472
ENSMUSG00000030788	-0.053274	-0.306857	-0.096698	-0.557763	-0.035676	-0.340408
ENSMUSG00000030792	1.390439	0.496873	-0.508148	-1.032578	-1.803624	-1.829850
ENSMUSG00000030793	-0.184860	-0.455859	-0.300309	-0.734448	-0.495351	-0.480743
ENSMUSG00000030795	-0.093141	0.016135	0.387124	0.027108	-0.313637	-0.526757
ENSMUSG00000030798	-0.527964	-0.245450	-0.425105	-0.113058	-0.379324	-0.365130
ENSMUSG00000030801	0.061429	0.311665	0.612092	0.552744	0.449449	0.654889
ENSMUSG00000030802	0.347813	0.133766	0.222056	0.387752	0.398718	0.089090
ENSMUSG00000030805	-0.030777	0.081117	-0.572812	-0.303124	-0.399460	-0.071063
ENSMUSG00000030811	0.258115	-0.171413	-0.367326	-0.232531	0.303790	0.441780
ENSMUSG00000030814	0.067463	0.228110	-0.081622	0.068060	-0.678717	-0.566204
ENSMUSG00000030815	-0.219771	-0.006872	-0.191146	0.333693	0.161221	0.203943
ENSMUSG00000030816	0.046112	0.243123	0.229205	0.134209	0.371326	0.802748
ENSMUSG00000030822	-0.100371	0.382582	0.604234	0.776552	0.840173	1.076779
ENSMUSG00000030823	-0.133079	0.073251	0.175659	0.260828	0.218964	-0.022297
ENSMUSG00000030824	-0.323833	-0.487547	-1.083056	-1.525242	-1.316533	-1.194937
ENSMUSG00000030825	0.361955	-0.942680	-0.391130	-0.882733	-1.372459	-2.305494
ENSMUSG00000030826	-0.139248	-0.201409	-1.096583	-1.174101	-1.881482	-1.984798
ENSMUSG00000030830	2.017516	1.485000	1.258526	1.149045	0.808990	0.580955
ENSMUSG00000030835	0.015891	-0.031849	-0.304269	-1.105634	-1.458833	-1.707883
ENSMUSG00000030839	-0.076719	0.148890	0.044390	0.000120	-0.695156	-1.271754
ENSMUSG00000030842	0.122828	0.000156	0.167959	0.526687	0.586111	0.426779
ENSMUSG00000030846	0.205548	0.351299	0.149002	0.316650	-0.293601	-0.723011
ENSMUSG00000030850	0.027206	0.098860	0.456215	-0.142297	0.072149	0.052826
ENSMUSG00000030861	0.513788	0.310295	0.030782	0.077582	0.325484	1.095767
ENSMUSG00000030867	0.110498	0.076682	0.252270	0.061179	0.205252	-0.402780
ENSMUSG00000030868	-0.244271	0.116665	-0.327786	0.502911	0.299127	0.341165
ENSMUSG00000030869	-0.037505	-0.450506	-0.269338	-0.589105	-1.426652	-1.715424
ENSMUSG00000030870	0.015161	-0.265825	0.108142	0.321824	0.155308	-0.229591
ENSMUSG00000030871	0.086724	0.034760	0.021667	-0.295429	-0.536002	-0.650443
ENSMUSG00000030872	-0.065296	-0.325232	-0.621501	-1.164173	-0.931910	-1.002340
ENSMUSG00000030876	0.161745	0.059784	-0.334673	-0.213875	-0.315865	-0.367609
ENSMUSG00000030878	-0.115595	-0.036350	-1.145500	-1.197722	-1.894567	-1.586103
ENSMUSG00000030879	-0.060565	0.092161	-0.341376	-0.665992	-1.377218	-1.312412
ENSMUSG00000030880	-0.169602	-0.328271	-0.545912	-0.991219	-1.377858	-1.870714
ENSMUSG00000030881	0.096887	0.206905	0.017467	0.100488	-0.022227	-0.123675
ENSMUSG00000030882	0.225710	0.487223	0.177756	0.414069	0.123609	0.535082
ENSMUSG00000030884	-0.056358	0.112765	0.090623	-0.012484	-0.313009	-0.239678
ENSMUSG00000030888	0.188731	0.160143	0.047262	-0.498081	-0.458654	-0.423384
ENSMUSG00000030890	0.161439	0.258401	0.271251	0.502220	0.401341	0.346149
ENSMUSG00000030894	-0.129156	0.146959	0.392445	0.954686	1.958404	2.253780
ENSMUSG00000030921	-0.038294	-0.646880	0.023748	0.306894	0.681795	0.928747
ENSMUSG00000030922	0.055390	0.649155	0.022057	-0.621924	-0.526069	-0.043976
ENSMUSG00000030924	-0.010229	-0.180054	-0.342732	-0.767087	-0.747599	-0.749272
ENSMUSG00000030929	0.122884	0.163446	-0.191241	0.063928	0.222169	-0.314717
ENSMUSG00000030930	-1.167374	-0.150699	2.359063	3.381055	3.135044	4.296762
ENSMUSG00000030934	-0.022811	-0.210086	-0.278069	-0.319359	-0.037707	-0.623313
ENSMUSG00000030942	0.005254	-0.372761	-0.097147	-0.730386	-0.867294	-1.039459
ENSMUSG00000030946	-0.236613	-0.583997	-1.741880	-2.308674	-2.300657	-2.643259
ENSMUSG00000030956	-0.407429	-0.375162	-0.067266	0.785113	1.955071	2.103894
ENSMUSG00000030960	-0.218085	0.339171	-0.070363	0.095535	0.049622	0.632103
ENSMUSG00000030965	-0.045040	-0.270366	-0.272977	0.560073	1.014992	1.402740
ENSMUSG00000030966	-0.482895	-0.204069	0.199452	-0.409605	0.362420	0.550484
ENSMUSG00000030967	-0.156070	0.278497	-0.263257	0.636499	0.311765	0.698877
ENSMUSG00000030978	0.257665	-0.025543	0.062614	-0.349092	-0.364473	-0.581081
ENSMUSG00000030979	0.107509	-0.231844	-0.250978	-0.454177	-0.658166	-0.458195
ENSMUSG00000030980	0.024475	0.063723	-0.386625	-0.923101	-1.272651	-1.073947
ENSMUSG00000030982	-0.082662	-0.452988	-0.191639	-0.299093	0.085983	0.406093
ENSMUSG00000030983	0.089645	0.348223	0.198569	-0.553232	-0.850190	-0.391863
ENSMUSG00000030986	-0.029664	0.558094	0.713293	0.566837	0.922015	0.768498
ENSMUSG00000030987	-0.105927	-0.181144	0.835949	0.617692	0.829932	0.463395
ENSMUSG00000030990	-0.207338	0.642286	0.852453	1.137397	1.130984	1.213868
ENSMUSG00000030996	-0.112850	-0.377293	0.188997	0.610048	1.885516	0.884793
ENSMUSG00000031004	0.129375	0.378333	0.890956	0.061707	0.390462	0.616662
ENSMUSG00000031007	-0.157203	-0.199583	0.509864	-0.041386	0.674486	0.602785
ENSMUSG00000031010	0.305598	0.103229	-0.105433	-0.216881	-0.072962	-0.345273
ENSMUSG00000031015	0.303797	-0.013719	0.029837	0.063865	-0.205806	-0.475447
ENSMUSG00000031016	0.259403	-0.173210	0.489400	-0.071647	-0.093568	-0.504881
ENSMUSG00000031021	0.021734	0.226246	0.265625	0.884152	0.712851	1.038151
ENSMUSG00000031023	0.755178	0.766623	0.168891	0.187995	-0.322713	-0.074101
ENSMUSG00000031024	2.606444	1.360881	0.397544	1.233862	1.452514	1.244443
ENSMUSG00000031026	1.465722	0.781259	1.267375	1.331106	1.063050	0.882636
ENSMUSG00000031029	-0.007431	-0.295646	-0.495419	0.307161	0.342634	0.364863
ENSMUSG00000031059	0.184615	0.248648	0.365790	0.549213	0.428278	0.437156
ENSMUSG00000031060	-0.162280	0.069089	0.093421	0.131386	-0.146474	-0.522335
ENSMUSG00000031065	0.028728	0.172017	-0.117227	0.231331	0.132114	-0.269549
ENSMUSG00000031066	-0.088049	0.425553	0.217570	0.706342	0.878178	0.947324
ENSMUSG00000031068	0.221046	0.057280	0.058801	-0.207381	-0.329043	-0.350132
ENSMUSG00000031072	0.188667	0.255751	0.470890	-0.031196	0.535090	0.868878
ENSMUSG00000031077	0.139271	-0.343021	-0.635069	-0.366709	-0.171172	-0.461268
ENSMUSG00000031078	-0.146139	1.106779	0.979217	0.945372	0.232351	0.337830
ENSMUSG00000031090	-0.300148	0.006885	0.105995	0.172211	0.378750	0.347293
ENSMUSG00000031093	0.298178	0.136167	0.356764	-0.330351	0.310858	0.801970
ENSMUSG00000031095	0.101352	0.583726	0.405166	0.067580	0.479952	0.267783
ENSMUSG00000031097	0.449584	0.467985	-0.318806	-1.864073	-1.657706	-0.515748
ENSMUSG00000031101	0.356346	0.476536	1.207919	1.409354	2.117594	2.451517
ENSMUSG00000031103	-0.200609	-0.035007	0.462527	-0.114361	0.127165	-0.025789
ENSMUSG00000031104	-1.140662	-1.360285	-1.698575	0.473512	1.610840	1.078169
ENSMUSG00000031105	-0.175077	0.209837	0.408539	1.163542	0.694189	0.194329
ENSMUSG00000031107	-0.163629	0.535761	0.279004	-0.461527	-0.486127	-0.450361
ENSMUSG00000031109	0.129714	0.183025	0.505960	0.071444	0.409135	0.596294
ENSMUSG00000031112	-0.199057	0.175029	0.314004	-0.510118	-0.365876	-0.112440
ENSMUSG00000031129	0.586455	0.733441	0.847617	2.335154	2.815380	3.137076
ENSMUSG00000031133	-0.049559	-0.085153	-0.346654	0.214721	0.532557	0.339156
ENSMUSG00000031134	0.177843	0.329961	0.503504	0.316814	0.447153	0.642098
ENSMUSG00000031138	0.717546	1.315622	-0.349466	1.939681	1.703703	2.044044
ENSMUSG00000031142	-1.606935	-1.893282	-2.700632	-1.623141	-0.682591	-0.897131
ENSMUSG00000031143	-0.210170	-0.065947	-0.847732	-0.451088	-0.726145	-0.688504
ENSMUSG00000031144	-0.413046	-0.825328	-0.688731	1.348702	0.266909	-0.609756
ENSMUSG00000031145	-0.823755	-1.354020	-3.337710	-2.419980	-3.575976	-3.306946
ENSMUSG00000031146	0.212021	0.208389	-0.315955	0.136583	-0.293302	-0.716276
ENSMUSG00000031148	0.061768	-0.150537	0.294101	0.212249	0.880778	0.930176
ENSMUSG00000031149	-0.117884	0.256161	-0.384994	0.375168	0.518432	-0.070864
ENSMUSG00000031153	-0.336065	-0.057081	0.111279	0.192405	-0.063927	0.233548
ENSMUSG00000031154	-0.283322	0.090061	-0.134971	0.341497	0.184281	0.200903
ENSMUSG00000031155	0.089730	0.775904	0.984500	1.455214	1.299447	0.777644
ENSMUSG00000031156	-0.138178	-0.025598	0.041427	-0.131100	0.038915	-0.166863
ENSMUSG00000031157	-0.026265	0.262486	-0.221268	0.649805	0.120820	0.196216
ENSMUSG00000031158	-0.250889	0.135110	-0.292515	0.284281	-0.113215	-0.074366
ENSMUSG00000031161	0.044446	0.097586	0.171492	0.250435	0.276653	0.605567
ENSMUSG00000031165	0.010879	0.104553	0.399107	0.469683	0.214370	0.166145
ENSMUSG00000031166	0.007303	-0.281158	-0.124419	-0.202565	-0.096196	0.116915
ENSMUSG00000031167	-0.106886	-0.018897	0.183536	0.049708	-0.410553	-0.537990
ENSMUSG00000031168	0.174379	-0.044995	-0.635702	-0.330427	-0.495215	-1.001913
ENSMUSG00000031171	-0.344084	-0.088266	-0.564826	-0.380446	-0.848120	-1.311430
ENSMUSG00000031176	0.304496	0.542085	0.429461	0.459529	0.464635	0.769786
ENSMUSG00000031196	-0.400305	-0.133242	-0.561338	-0.918628	-0.794738	-0.378179
ENSMUSG00000031197	-0.398936	-0.039400	-0.030410	0.009932	0.171284	0.582731
ENSMUSG00000031198	0.050906	-0.039494	-0.631085	-0.052951	0.021344	0.097655
ENSMUSG00000031200	-0.364413	-0.186536	0.007523	-0.008384	1.364902	0.707454
ENSMUSG00000031201	-0.217147	0.110319	-0.365432	0.071609	-0.611399	-0.624554
ENSMUSG00000031207	0.086672	0.079299	0.570198	0.898451	1.076024	0.874280
ENSMUSG00000031216	1.060648	-0.194421	-0.623485	-0.994628	-0.739356	-1.086330
ENSMUSG00000031220	-0.106971	0.319131	-1.331781	-0.129289	-0.622060	-0.357009
ENSMUSG00000031221	0.065220	0.046084	-0.085630	0.006544	0.219941	0.422566
ENSMUSG00000031226	-0.254732	-0.203506	-0.514355	-0.327603	-1.293828	-1.366784
ENSMUSG00000031227	-0.234990	0.247815	0.834287	-0.994933	-0.614594	-1.341885
ENSMUSG00000031229	0.013054	0.158736	0.318422	0.040732	0.438679	0.634223
ENSMUSG00000031231	-0.354366	-0.070340	-0.410189	0.069960	-0.528515	-1.009672
ENSMUSG00000031232	0.187320	0.015942	-0.505606	-0.521854	-0.887527	-1.402470
ENSMUSG00000031239	0.105038	0.006425	0.248463	0.489582	0.358423	-0.155176
ENSMUSG00000031242	-0.062524	-0.243433	-0.760703	-0.016552	-0.355133	-0.363903
ENSMUSG00000031245	0.078875	0.235959	0.306186	-0.220529	-0.589367	-0.467996
ENSMUSG00000031246	-0.173273	-0.203708	-0.079419	0.399461	0.844088	0.829809
ENSMUSG00000031256	-0.253447	-0.381259	0.020311	-0.364099	-0.640904	-1.007846
ENSMUSG00000031258	0.115588	0.314325	0.136644	0.698499	0.025561	1.295658
ENSMUSG00000031262	0.157197	0.228314	-0.047829	-0.338140	-0.646956	-1.270161
ENSMUSG00000031264	-0.091793	-0.460700	-0.379225	-0.596681	-0.091064	0.141329
ENSMUSG00000031266	-0.373625	-0.274564	-0.961891	-0.020769	-0.168479	-0.318920
ENSMUSG00000031278	0.375410	0.186707	0.245792	-0.207365	-0.155055	0.084605
ENSMUSG00000031292	0.891169	-0.658179	0.038319	0.531009	-0.212251	-0.136748
ENSMUSG00000031295	-0.096886	0.062598	-0.073176	0.156787	0.338345	0.639721
ENSMUSG00000031297	1.097275	1.448947	0.861807	-1.055639	-3.281725	-2.654541
ENSMUSG00000031299	0.188477	0.240873	0.636853	0.580527	0.934528	1.443428
ENSMUSG00000031304	-0.335846	0.597739	0.619342	1.643292	1.207309	1.591659
ENSMUSG00000031309	0.381626	-0.127237	-0.130561	-0.482034	-0.481263	-0.684739
ENSMUSG00000031310	0.065021	0.024577	-0.197589	-0.219894	0.007648	0.075743
ENSMUSG00000031311	-0.076017	0.063749	0.408914	0.088639	0.317236	0.355962
ENSMUSG00000031312	-0.370466	0.080658	0.105899	-0.804844	-0.431485	-1.492165
ENSMUSG00000031314	0.121686	0.064605	0.175735	-0.256065	-0.438130	-0.396353
ENSMUSG00000031320	-0.075394	0.021867	-0.110669	-0.161833	-0.170473	-0.005669
ENSMUSG00000031327	-0.077402	0.080066	0.327225	-0.016277	0.323354	1.652323
ENSMUSG00000031328	0.432944	0.326947	0.519315	0.370350	0.574392	0.254309
ENSMUSG00000031329	-1.007582	0.318567	0.926134	-1.776801	-0.521792	0.067401
ENSMUSG00000031333	-0.002192	-0.198328	-0.226417	-0.188216	0.071883	-0.050704
ENSMUSG00000031337	-0.074620	0.432149	0.037503	0.060078	-0.164608	0.491449
ENSMUSG00000031347	0.122579	0.453131	0.483203	0.405709	0.135062	0.952366
ENSMUSG00000031349	0.104727	0.481753	0.551557	0.976960	1.076683	1.267349
ENSMUSG00000031352	-0.294794	-0.628316	0.232963	-0.324788	-0.391938	-0.541388
ENSMUSG00000031353	0.043016	0.064005	-0.026572	-0.401508	-0.770071	-1.136324
ENSMUSG00000031355	-0.427241	-0.765446	-0.025923	-0.206967	-0.730994	-0.312694
ENSMUSG00000031357	-0.050129	-0.032064	0.384099	0.365667	0.642000	1.300286
ENSMUSG00000031358	-0.028819	0.059777	0.319062	-0.060644	0.148388	-0.037575
ENSMUSG00000031360	-0.064854	0.208287	0.139993	0.839445	1.033084	1.582662
ENSMUSG00000031365	0.211593	-0.039000	-0.217043	-0.713605	-0.322454	-0.517744
ENSMUSG00000031367	-0.207604	-0.045280	0.390663	1.194546	1.618820	1.204637
ENSMUSG00000031370	-0.213469	0.029195	-0.412452	-0.614632	-0.989765	-0.614288
ENSMUSG00000031371	0.027040	0.264783	0.020179	0.217188	-0.270072	-0.160380
ENSMUSG00000031378	-0.106035	0.164349	0.589933	1.529327	1.514650	1.382506
ENSMUSG00000031381	-0.163364	-0.071863	-0.308755	-0.336337	-0.733690	-1.242994
ENSMUSG00000031385	0.578544	-0.278558	-0.123019	0.342134	1.561563	2.503471
ENSMUSG00000031386	-0.035428	-0.357224	0.353541	0.104215	0.638120	0.127383
ENSMUSG00000031387	0.023739	0.018892	-0.588023	-0.347666	-0.498604	0.307216
ENSMUSG00000031388	-0.205556	-0.014951	-0.669008	-0.529346	-1.602938	-1.773106
ENSMUSG00000031389	-0.493950	-0.239920	-0.157534	0.084424	-0.564894	-0.334340
ENSMUSG00000031391	-0.749792	0.320609	0.548517	0.698210	0.324773	0.766489
ENSMUSG00000031392	0.215541	0.402233	0.361421	0.713049	0.066844	-0.126702
ENSMUSG00000031393	0.014260	-0.246445	0.000362	-0.164085	0.069269	0.387621
ENSMUSG00000031398	0.161596	0.864385	0.591925	0.445335	0.021568	0.104799
ENSMUSG00000031399	0.063404	0.335637	0.374030	1.220869	0.870702	0.754768
ENSMUSG00000031400	-0.116759	0.257005	0.041036	0.534623	-0.141411	-0.619688
ENSMUSG00000031402	-0.136030	-0.215788	-0.022481	0.318705	0.942499	1.217568
ENSMUSG00000031403	-0.048072	-0.065646	-0.608918	-1.244912	-2.170692	-2.328848
ENSMUSG00000031422	-0.018371	0.016835	-0.380980	-0.745832	-1.351005	-1.365861
ENSMUSG00000031425	-0.410636	-0.716870	-1.686910	-1.016464	-1.425379	-1.930358
ENSMUSG00000031429	-0.181068	0.192838	-0.023619	0.334419	0.322642	0.279576
ENSMUSG00000031431	-0.478417	-0.178602	-0.015720	0.457395	0.175212	0.043591
ENSMUSG00000031432	-0.261705	-0.238945	-0.401446	-0.692139	-1.437841	-2.229050
ENSMUSG00000031433	0.039093	-0.212329	0.585061	-0.220876	0.200922	1.009459
ENSMUSG00000031441	-2.013300	-0.792063	-2.785404	-1.363823	-2.431565	-3.704581
ENSMUSG00000031446	0.416347	0.380075	0.686143	-0.153196	0.190425	0.306921
ENSMUSG00000031447	0.220088	0.371094	0.637184	0.417687	0.489216	0.461450
ENSMUSG00000031450	-0.295264	-0.562227	-0.967780	0.046054	-0.975316	0.187509
ENSMUSG00000031451	-0.163489	-0.710116	-1.864152	-1.710425	-2.592184	-1.266815
ENSMUSG00000031452	-0.051727	-0.484932	-1.040413	-0.294234	-1.536057	-1.408572
ENSMUSG00000031453	0.164246	-0.332441	0.059863	-0.011063	0.205247	-0.032490
ENSMUSG00000031458	-0.006978	0.225546	0.728527	-0.033065	1.075722	1.047261
ENSMUSG00000031467	0.062308	-0.182795	-0.734264	-0.929006	-2.105155	-2.601215
ENSMUSG00000031478	-0.481249	-0.493834	-0.543060	-0.351546	-0.660853	-0.489118
ENSMUSG00000031479	-0.142423	-0.107714	0.132770	-0.112792	-0.305168	-0.300578
ENSMUSG00000031480	-0.353969	-0.279119	-0.687293	0.111772	1.065256	1.320967
ENSMUSG00000031482	0.107380	-0.028387	-0.115673	-0.888870	-1.245248	-1.523655
ENSMUSG00000031483	0.052332	-0.030744	0.470630	0.320630	0.653721	0.590567
ENSMUSG00000031485	-0.170224	-0.196467	-0.272619	-0.503073	-0.253058	-0.333634
ENSMUSG00000031487	-0.354726	-0.135935	0.121127	-0.032568	0.407461	-0.134564
ENSMUSG00000031488	-0.164358	0.388156	0.708920	-0.315116	-0.224116	-0.489303
ENSMUSG00000031490	-0.043755	-0.120350	-0.833186	-0.868675	-2.274434	-2.863940
ENSMUSG00000031497	-1.870997	0.834626	-0.876389	-0.324223	0.652762	0.175740
ENSMUSG00000031505	-0.015709	0.228707	0.080742	0.261747	0.273911	0.374709
ENSMUSG00000031506	-0.051730	-0.407459	-0.642782	-1.115781	-1.017237	-0.962973
ENSMUSG00000031508	-0.113403	0.036996	-0.046324	-0.227983	-0.173903	-0.412480
ENSMUSG00000031511	-0.107956	-0.206279	0.085063	-0.151868	-0.157105	-0.169141
ENSMUSG00000031513	-0.356119	0.231034	0.426656	0.658086	0.187772	0.328619
ENSMUSG00000031516	-0.269870	0.012937	-0.303038	-0.353358	-0.324067	-0.023510
ENSMUSG00000031519	-0.075178	0.309873	0.161845	0.755085	0.188155	0.405123
ENSMUSG00000031520	-1.758563	-2.103957	-2.925610	-3.529078	-3.533022	-3.441131
ENSMUSG00000031521	-0.156863	-0.167431	-0.095389	0.236990	-0.001453	-0.164446
ENSMUSG00000031527	-0.024583	-0.254716	0.235256	-0.193310	-0.099261	-0.357345
ENSMUSG00000031529	0.236379	-0.138784	0.295976	0.067248	0.968691	0.836767
ENSMUSG00000031530	1.054647	-1.289738	-0.176307	-1.466356	-1.279478	-1.496830
ENSMUSG00000031532	-0.340749	-0.046064	0.405440	0.579538	0.788675	0.653119
ENSMUSG00000031533	-0.062758	-0.564249	-0.810483	-0.629006	-0.451531	-0.493451
ENSMUSG00000031534	0.120590	0.223639	0.332262	1.095465	0.846555	1.085308
ENSMUSG00000031536	-0.193785	0.055510	0.254868	0.281206	0.208248	0.460186
ENSMUSG00000031537	-0.250678	-0.016422	-0.048191	0.148062	-0.026039	0.054591
ENSMUSG00000031539	-0.325827	0.701533	1.441164	2.078313	2.690757	2.596585
ENSMUSG00000031540	0.075375	-0.160936	0.502211	0.202311	0.812091	0.635446
ENSMUSG00000031545	0.116439	0.090202	-0.190718	-0.190842	-0.387522	-0.545625
ENSMUSG00000031546	-0.107637	0.024724	0.155647	0.246781	0.033144	-0.317991
ENSMUSG00000031555	0.263135	0.912010	1.400932	0.965806	0.732844	0.422591
ENSMUSG00000031556	0.156925	0.669533	0.679184	0.761336	0.835532	0.245107
ENSMUSG00000031557	-0.083497	0.884495	1.569093	1.265060	1.915012	1.838902
ENSMUSG00000031562	-0.195412	-0.130531	-0.982547	-1.353596	-3.019009	-3.186655
ENSMUSG00000031563	0.099796	-0.166812	0.277974	-0.418974	0.078998	0.306480
ENSMUSG00000031568	-0.172212	-0.574450	-0.774774	-1.264564	-1.759607	-1.733231
ENSMUSG00000031570	0.070211	-0.014903	-0.244547	-0.189118	-1.003356	-1.350875
ENSMUSG00000031574	-0.890392	0.702246	0.427332	0.399983	0.150116	0.669010
ENSMUSG00000031575	0.012107	-0.013868	-0.630392	-1.170216	-1.203665	-1.231748
ENSMUSG00000031577	-0.226096	-0.355309	-0.663104	-0.491541	-0.743994	-0.642314
ENSMUSG00000031578	-0.054115	-0.363418	-0.532833	-0.872092	-1.038252	-0.919720
ENSMUSG00000031583	0.109282	0.108708	0.234517	0.512939	0.779593	0.959582
ENSMUSG00000031584	0.260673	0.046926	0.549505	-0.279204	-0.603340	-1.010657
ENSMUSG00000031585	0.017452	0.310623	0.224254	-0.360845	-0.854186	-0.320754
ENSMUSG00000031590	-0.143502	-0.270712	-0.045208	-0.119301	0.060484	0.451941
ENSMUSG00000031591	0.156637	0.204690	0.424846	0.501876	0.630550	0.481782
ENSMUSG00000031592	0.204536	0.157076	0.387914	0.104655	0.240812	-0.004142
ENSMUSG00000031600	0.092672	0.048839	0.052779	0.783436	0.972332	0.928625
ENSMUSG00000031601	-0.041256	0.072934	-0.032531	-0.081653	-0.202488	-0.452093
ENSMUSG00000031604	0.308575	0.871742	0.883307	0.145198	0.607187	0.784177
ENSMUSG00000031605	-0.071663	0.339475	0.254960	-0.193750	-0.118151	-0.240126
ENSMUSG00000031608	0.227575	0.160009	0.066151	-0.800271	-0.212423	-0.309328
ENSMUSG00000031609	0.075217	-0.071862	-0.177169	-0.002960	-0.050146	-0.563033
ENSMUSG00000031617	-0.112375	0.443404	0.329191	0.608461	0.850724	0.943296
ENSMUSG00000031622	-0.145743	0.149724	0.157455	0.552459	0.574634	0.529921
ENSMUSG00000031627	-0.194993	-0.732968	-0.061890	0.582432	0.757364	0.714275
ENSMUSG00000031628	0.163209	0.185047	0.534202	0.235051	0.551517	0.295795
ENSMUSG00000031629	-0.036171	0.253806	0.109971	-1.234401	-0.827675	-0.529238
ENSMUSG00000031631	0.161337	0.080912	0.492899	0.294474	0.307855	0.287168
ENSMUSG00000031633	0.186284	0.393794	0.434482	0.284670	0.324979	0.148372
ENSMUSG00000031634	-0.000576	0.496739	-0.118558	0.656171	0.054182	-0.166088
ENSMUSG00000031641	0.185029	-0.073192	0.147500	0.246243	0.558994	0.265586
ENSMUSG00000031642	-0.293578	-0.485264	0.335250	0.011630	0.020894	-0.469457
ENSMUSG00000031644	0.151531	0.408055	0.420371	-0.578227	-0.975070	-1.412582
ENSMUSG00000031652	0.146053	0.335339	-0.039164	0.085949	0.132459	-0.027499
ENSMUSG00000031657	-0.347108	-0.236627	-1.106386	-1.300821	-2.014435	-2.367476
ENSMUSG00000031659	0.342070	0.376369	0.773693	1.154915	1.361628	1.319946
ENSMUSG00000031660	0.119300	0.294986	-0.162747	-0.397425	-0.581274	-0.234907
ENSMUSG00000031662	0.291635	0.736559	1.342936	1.907512	2.000335	2.012003
ENSMUSG00000031666	0.180775	0.335236	0.439424	0.252294	0.436882	0.507290
ENSMUSG00000031667	0.063081	0.465833	0.065633	0.474821	0.435714	0.460143
ENSMUSG00000031668	0.032433	0.318265	0.358458	0.993161	1.224346	1.106197
ENSMUSG00000031669	-0.163118	0.047028	0.127039	-0.397428	-0.363732	-0.646689
ENSMUSG00000031671	-0.154973	-0.065279	-0.542395	-0.879652	-1.597767	-1.853203
ENSMUSG00000031672	-0.111819	-0.066094	-0.039910	-0.034020	-0.309092	-0.482861
ENSMUSG00000031683	-0.120842	0.242880	-0.176002	-0.090917	-0.557250	-0.639164
ENSMUSG00000031684	-0.030316	-0.454653	0.044838	0.006890	0.123330	-0.162236
ENSMUSG00000031691	-0.183219	-0.549642	-0.267840	-0.654238	-0.198148	-0.484780
ENSMUSG00000031696	-0.028468	-0.005731	0.163935	-0.398119	-0.080055	0.266570
ENSMUSG00000031697	-0.109366	0.128936	0.035317	-0.111178	-0.625984	-0.987969
ENSMUSG00000031700	0.743855	0.406122	0.382171	-0.752959	-0.769925	-0.711078
ENSMUSG00000031701	0.031585	-0.336626	-0.157241	-0.415648	-0.487759	-0.501311
ENSMUSG00000031703	0.005645	-0.107921	0.206639	0.193137	-0.056995	-0.217864
ENSMUSG00000031706	-0.094730	0.156865	0.227232	0.396271	0.475182	0.204310
ENSMUSG00000031708	0.175157	0.413872	0.192330	0.483007	0.132367	-0.006967
ENSMUSG00000031711	-0.436945	-0.382741	-0.193400	-0.643205	-0.450856	-0.119131
ENSMUSG00000031714	-0.127347	-0.009943	0.929558	0.339973	1.247016	1.239489
ENSMUSG00000031715	0.155451	0.062322	0.178224	-0.380874	-0.352802	-0.275872
ENSMUSG00000031723	0.046903	0.047952	-0.211183	-0.086872	-0.181951	0.306687
ENSMUSG00000031728	-0.343480	0.728317	0.348447	1.261675	1.866197	1.851248
ENSMUSG00000031729	-0.020272	0.175520	0.006332	0.542333	0.947702	0.977049
ENSMUSG00000031730	-0.349549	-0.185839	-0.526173	-0.909082	-2.079453	-2.088263
ENSMUSG00000031731	0.168815	0.068427	0.020075	-0.083225	0.098600	-0.091421
ENSMUSG00000031732	0.231753	0.543404	0.853743	0.636311	0.120900	0.310934
ENSMUSG00000031736	0.099681	0.104380	-0.013501	0.011112	-0.001041	-0.092147
ENSMUSG00000031737	0.283767	0.362772	1.364504	1.155818	1.227286	-0.007898
ENSMUSG00000031749	0.268252	0.549680	0.594645	-0.431275	-0.223822	-0.062807
ENSMUSG00000031751	0.088145	0.342874	0.626235	0.484160	0.567599	0.808548
ENSMUSG00000031753	-0.030088	0.164344	0.036633	0.497347	0.047029	0.506473
ENSMUSG00000031754	-0.574077	-0.081725	-0.150481	-0.086366	-0.182044	-0.681806
ENSMUSG00000031755	0.121221	0.295833	0.453031	1.193446	1.291769	1.055082
ENSMUSG00000031756	0.112135	0.193142	0.062740	0.117870	0.375747	-0.335296
ENSMUSG00000031766	-0.295068	-1.244636	-0.187271	0.358032	5.071924	6.228313
ENSMUSG00000031767	-0.264235	-0.157676	0.040501	0.375029	0.370480	0.859667
ENSMUSG00000031770	-0.134117	0.384914	-0.040157	0.317786	1.139685	1.537825
ENSMUSG00000031774	-0.137547	-0.200784	0.098280	0.511441	0.604485	0.539677
ENSMUSG00000031776	0.199148	1.040009	0.904832	0.319135	0.395957	0.507911
ENSMUSG00000031781	-0.159613	0.081078	-0.283959	-0.316065	-0.575821	-0.611434
ENSMUSG00000031782	-0.207016	0.125653	0.174356	0.064464	0.024271	-0.024698
ENSMUSG00000031783	-0.150627	0.088142	0.011054	-0.142334	-0.107926	-0.482370
ENSMUSG00000031785	0.336213	-0.860754	-1.055648	-1.782287	-1.091425	-0.892997
ENSMUSG00000031786	-0.513067	-0.635549	-0.936003	-1.123901	-0.987639	-0.592301
ENSMUSG00000031787	-0.381330	-0.489181	-0.452123	-0.901613	-0.581383	-0.759727
ENSMUSG00000031791	-0.457091	0.123676	0.505550	2.246227	2.540926	1.805834
ENSMUSG00000031792	-0.316864	0.038554	0.242296	0.332035	0.049581	-0.008813
ENSMUSG00000031796	-0.206134	-0.017544	-0.024002	0.070625	-0.008492	-0.158555
ENSMUSG00000031799	0.923875	1.020747	1.781042	2.216408	2.609086	2.240124
ENSMUSG00000031803	0.369471	-0.987719	0.073288	-1.529249	-0.205949	-0.538527
ENSMUSG00000031805	-0.075736	-0.227977	-0.516609	-0.851586	-1.019794	-1.155687
ENSMUSG00000031807	0.150431	0.267058	0.043870	0.691754	1.042096	1.283729
ENSMUSG00000031808	0.710799	0.577672	0.363347	0.864626	3.102926	3.165242
ENSMUSG00000031812	-0.052562	0.093928	0.284031	0.738257	1.290637	1.562622
ENSMUSG00000031813	0.048311	-0.025374	0.230204	0.358472	0.583105	0.498958
ENSMUSG00000031816	-0.265232	-0.261979	-0.736468	-0.637530	-0.635998	-0.633175
ENSMUSG00000031818	0.143151	0.275766	0.024235	-0.096522	-0.222002	-0.134951
ENSMUSG00000031819	0.003002	0.044548	-0.203915	-0.490191	-0.716657	-0.999796
ENSMUSG00000031820	0.096250	0.136526	0.115860	0.458089	0.396221	0.179987
ENSMUSG00000031821	-0.375396	-0.156751	0.064829	-0.472793	-0.409265	-0.883921
ENSMUSG00000031822	-0.255707	-0.450566	0.382367	0.497628	1.379712	1.479361
ENSMUSG00000031823	0.025002	0.073877	0.220213	-0.001319	0.246786	0.127627
ENSMUSG00000031824	0.432072	1.088514	0.530611	0.719787	0.684961	0.405986
ENSMUSG00000031826	-0.029593	-0.194771	-0.306059	-0.673770	-0.894485	-1.212501
ENSMUSG00000031827	0.232989	0.261705	0.696950	1.410251	1.407677	1.563930
ENSMUSG00000031828	0.063316	0.214182	0.305609	0.797593	0.946220	1.280817
ENSMUSG00000031832	-0.397070	-0.452360	-0.683759	-0.480802	-0.194108	0.016455
ENSMUSG00000031833	-0.080206	0.098728	0.153921	0.284245	0.327476	0.356525
ENSMUSG00000031834	-0.045323	0.069447	0.583075	-0.123066	0.446183	0.724935
ENSMUSG00000031835	-0.008471	0.045430	0.260542	0.062875	0.184729	0.148441
ENSMUSG00000031838	0.076887	0.695696	-0.131663	-0.061394	0.305615	0.211737
ENSMUSG00000031839	0.083850	0.103310	0.089809	0.352149	0.236933	0.458580
ENSMUSG00000031840	-0.611271	-0.327163	-0.439007	-0.047368	-0.051258	0.228327
ENSMUSG00000031842	-0.468869	0.125469	-0.007149	0.635197	0.818995	1.451493
ENSMUSG00000031843	0.048314	0.031988	-0.384984	-0.447384	-0.745085	-1.071602
ENSMUSG00000031847	-0.358969	0.315224	0.156872	-0.164127	0.442514	0.259160
ENSMUSG00000031848	-0.027380	-0.025047	-0.281513	0.092451	-0.303266	-0.717050
ENSMUSG00000031851	-0.138115	0.205860	-0.243836	-0.398062	-0.967833	-0.649804
ENSMUSG00000031858	-0.004506	0.093638	0.094184	0.507365	0.998173	1.079346
ENSMUSG00000031860	-0.712894	0.413914	0.237677	0.922347	1.229371	1.324707
ENSMUSG00000031861	-0.688034	-0.448777	-0.697643	0.180712	-0.140559	-0.253801
ENSMUSG00000031862	-0.005787	-0.004121	-0.187629	-0.226113	-0.460181	-0.545409
ENSMUSG00000031864	-0.129163	0.026791	0.090891	-0.118573	-0.497266	-0.928792
ENSMUSG00000031865	-0.113421	0.041296	0.216506	-0.025043	-0.033971	-0.030526
ENSMUSG00000031875	0.543707	0.201535	0.076721	0.441943	0.803210	0.869478
ENSMUSG00000031878	0.114541	0.243784	0.123485	-0.752285	-0.640206	-0.161201
ENSMUSG00000031879	-0.193141	-0.367556	-0.491506	-0.446268	-0.470033	-0.842768
ENSMUSG00000031880	0.088833	0.234577	1.614045	1.903483	1.733882	2.019302
ENSMUSG00000031883	-1.374340	-0.358196	-0.407400	1.099926	0.313648	1.490381
ENSMUSG00000031885	-0.028528	-0.027965	0.295930	-0.346941	0.114774	0.019567
ENSMUSG00000031887	-0.251018	0.025298	0.231629	0.419845	0.189780	0.490059
ENSMUSG00000031889	-0.217716	-0.057637	-0.322493	0.145043	0.585178	0.419151
ENSMUSG00000031896	-0.742098	0.035425	-1.367747	-1.049432	-0.837861	-0.424855
ENSMUSG00000031897	-0.411967	-0.504507	-0.555512	-0.646516	-0.585957	-0.356324
ENSMUSG00000031901	0.012644	0.378612	0.344811	-0.068005	-0.738753	-0.847036
ENSMUSG00000031902	-0.143142	-0.261304	0.356710	0.492752	1.301364	1.209554
ENSMUSG00000031903	-0.082432	0.151706	0.020156	0.361638	0.768587	0.821434
ENSMUSG00000031904	-0.139568	-0.638516	-0.756172	-0.839378	-1.045222	-1.471333
ENSMUSG00000031906	-0.342977	0.036830	0.759520	1.869792	0.474256	-0.639411
ENSMUSG00000031907	0.106548	0.470806	0.556093	0.298209	0.884468	1.293896
ENSMUSG00000031913	0.274052	0.359914	0.558640	0.248355	0.430675	0.460821
ENSMUSG00000031916	-0.161729	0.014383	0.045809	0.167602	0.079386	0.069619
ENSMUSG00000031917	-0.021851	-0.511314	-0.413212	-1.253033	-1.606868	-1.495854
ENSMUSG00000031918	-0.014418	0.066087	0.097425	-0.070833	0.050569	-0.448350
ENSMUSG00000031919	-1.215106	1.977973	-0.572619	-0.747883	0.418121	-0.977441
ENSMUSG00000031921	0.036454	0.204591	-0.063479	-0.027693	-0.044914	0.599706
ENSMUSG00000031922	-0.166998	0.120764	0.088263	-0.021543	-0.255488	-0.399428
ENSMUSG00000031924	0.006059	0.108763	0.281983	0.012963	0.054837	-0.007875
ENSMUSG00000031925	-0.170865	-1.194518	-2.836219	-1.770064	-0.574441	-0.630736
ENSMUSG00000031928	-0.052441	-0.337301	-0.422506	-0.857417	-0.923432	-0.992328
ENSMUSG00000031930	-0.162089	-0.102071	0.224852	0.366730	0.521751	0.835497
ENSMUSG00000031931	0.204916	0.106083	-0.458803	-0.683517	-0.878403	-0.776821
ENSMUSG00000031933	-1.495218	-1.534929	-1.564553	-1.320848	-1.149396	-1.636499
ENSMUSG00000031934	-0.131230	0.005869	-0.410543	-0.540509	-0.988811	-1.670363
ENSMUSG00000031935	-0.171602	-0.205780	-0.016336	-0.074663	0.164233	0.113560
ENSMUSG00000031938	0.052692	-0.089073	-0.190854	-0.299436	-0.236435	-0.342346
ENSMUSG00000031939	0.129647	0.187657	-0.319035	-1.102917	-1.961768	-1.524305
ENSMUSG00000031948	-0.028328	0.116088	-0.211259	-0.430418	-0.652617	-0.566871
ENSMUSG00000031949	-0.311753	-0.440550	-0.828291	-0.292784	-0.809653	-0.904905
ENSMUSG00000031950	-0.100948	0.103375	0.520698	0.502881	0.500930	1.152136
ENSMUSG00000031953	-0.197007	-0.005708	0.565088	1.046289	1.268282	1.691697
ENSMUSG00000031954	-0.047285	0.019261	0.108791	-0.583652	-0.704516	-0.261987
ENSMUSG00000031959	-0.057786	0.061020	-0.026392	0.094345	0.497760	0.365360
ENSMUSG00000031960	0.101959	0.069220	0.201547	-0.411150	-0.852949	-0.809228
ENSMUSG00000031967	-0.119473	-0.081613	0.170140	-0.091601	-0.387496	-0.708658
ENSMUSG00000031969	0.247677	0.289701	0.080217	0.038588	-0.249471	-0.233261
ENSMUSG00000031971	0.304921	0.322688	0.367667	0.490912	0.507979	0.543571
ENSMUSG00000031972	-1.319186	0.101366	-1.443373	-0.078435	0.007516	-0.962975
ENSMUSG00000031974	-0.376696	0.348419	1.128833	0.059625	1.321240	1.627389
ENSMUSG00000031976	0.026364	-0.403003	-0.280378	-1.060514	-0.815380	-1.182486
ENSMUSG00000031979	-0.043023	0.033564	-0.048378	-0.026662	0.090290	0.120578
ENSMUSG00000031982	-0.233317	-0.751305	-0.332068	-0.676131	-1.269161	-1.364065
ENSMUSG00000031983	0.453739	0.562389	0.733090	0.110511	-0.160333	-0.419693
ENSMUSG00000031984	-0.109235	-0.247735	-0.143125	-0.944926	-1.157023	-1.441259
ENSMUSG00000031985	0.083429	0.185556	0.190648	0.042319	0.204183	0.107931
ENSMUSG00000031986	-0.067653	-0.302232	-0.315565	-0.444804	0.809270	0.359301
ENSMUSG00000031987	0.606922	1.125101	1.328712	0.748725	0.333769	-0.274169
ENSMUSG00000031988	0.172380	-0.061041	0.203967	0.365398	0.238183	0.307583
ENSMUSG00000031993	0.052262	0.093236	0.436542	0.076486	0.625826	0.624237
ENSMUSG00000031995	1.284966	1.204460	0.823482	0.286079	-1.652101	-1.960358
ENSMUSG00000031996	0.250691	0.052448	0.571938	0.656919	0.524092	0.718080
ENSMUSG00000032000	0.032976	0.289172	0.533319	1.045717	1.443536	1.498440
ENSMUSG00000032002	-0.150737	-0.237786	-0.443425	0.019184	-0.382159	-0.181494
ENSMUSG00000032009	3.909973	3.194998	3.286355	3.928506	4.855867	5.051094
ENSMUSG00000032010	-0.283778	0.042347	-0.087651	0.289436	0.917037	1.118066
ENSMUSG00000032017	-0.378649	-1.477405	-2.025247	-2.853204	-2.384533	-2.222117
ENSMUSG00000032018	0.233147	0.434081	0.813205	0.283437	0.684946	0.264652
ENSMUSG00000032020	0.128507	-0.661689	-0.489938	-1.116607	-1.320967	-1.540266
ENSMUSG00000032023	-0.289636	-0.531584	-0.741671	-0.110867	0.209997	0.902548
ENSMUSG00000032026	-0.116524	0.057253	-0.452047	-0.185660	-0.700560	-1.304086
ENSMUSG00000032030	0.021274	0.219744	-0.170821	-0.617957	-0.513272	-0.363218
ENSMUSG00000032035	4.933772	3.575921	4.690089	5.808575	8.243013	7.843852
ENSMUSG00000032038	-0.221293	-0.630305	-1.045247	-1.995842	-2.003829	-2.017600
ENSMUSG00000032040	-0.267712	-0.089678	-0.295123	-0.319572	-0.375898	-0.517260
ENSMUSG00000032041	-0.701188	-0.254061	-0.255627	0.365283	-0.212214	-0.266820
ENSMUSG00000032042	-0.142738	-0.204524	-0.035609	-0.122905	-0.250785	-0.348682
ENSMUSG00000032044	-0.184542	-0.159987	-0.661193	0.028658	0.111938	-0.027405
ENSMUSG00000032046	-0.123628	0.063917	-0.092166	0.033884	-0.510650	-0.518198
ENSMUSG00000032047	0.029681	0.193056	0.274160	0.228135	0.001551	-0.191125
ENSMUSG00000032050	0.233675	0.293111	0.306971	-0.204058	-0.183611	-0.189063
ENSMUSG00000032051	-0.263148	-0.438032	-0.263816	0.342350	0.114538	-0.302058
ENSMUSG00000032053	-0.006536	-0.007820	0.439944	1.588830	2.368000	1.789861
ENSMUSG00000032058	-0.178123	-0.249857	-0.222873	-0.221701	-0.510419	-0.763482
ENSMUSG00000032059	-0.020939	-0.166520	-0.409501	-0.248114	-0.744272	-1.242011
ENSMUSG00000032066	-0.816361	0.453183	0.532552	0.048603	0.624450	-0.211219
ENSMUSG00000032067	-0.273706	-0.121652	0.239551	0.307521	0.491161	0.688645
ENSMUSG00000032077	-0.212455	0.312325	-0.032665	-0.068989	-0.414779	-0.147646
ENSMUSG00000032078	-0.179915	-0.106833	-0.666969	-1.040869	-1.605647	-1.274441
ENSMUSG00000032086	-0.244915	-1.088789	-1.706898	-1.744804	-1.526402	-0.583645
ENSMUSG00000032089	2.195988	1.156855	0.551380	2.219888	1.878950	0.904432
ENSMUSG00000032091	-1.129431	-1.419695	-2.173120	-1.493675	-2.211055	-2.219672
ENSMUSG00000032092	-0.992715	-2.228368	-1.507574	0.583931	2.630251	2.274977
ENSMUSG00000032096	0.063323	-0.029117	0.011488	0.016554	-0.214758	-0.186877
ENSMUSG00000032097	0.361398	0.198783	0.600617	0.347471	1.035988	1.167428
ENSMUSG00000032101	-0.921947	-0.419649	0.272132	2.948097	3.184222	4.678996
ENSMUSG00000032103	0.137793	-0.124038	-0.222661	-0.767078	-0.994271	-0.643222
ENSMUSG00000032112	-0.078821	0.000028	0.055613	-0.199420	-0.167884	-0.607479
ENSMUSG00000032113	-0.085122	0.146028	-0.329874	-0.117126	-1.114583	-1.903533
ENSMUSG00000032114	0.296273	0.316346	-0.133169	-0.549584	-0.850313	-1.071149
ENSMUSG00000032115	-0.107666	0.007159	-0.532872	-0.724085	-1.270653	-1.673197
ENSMUSG00000032116	-0.131810	-0.036417	-0.358879	-0.437587	-0.953605	-1.332852
ENSMUSG00000032119	0.015085	-0.370359	0.041843	-0.430183	0.012379	-0.186111
ENSMUSG00000032120	0.169208	0.433164	0.267534	-0.116252	-0.464334	-0.711891
ENSMUSG00000032121	-0.250284	0.237407	-0.338850	1.228148	1.002769	0.653281
ENSMUSG00000032122	1.843074	1.020091	1.433604	1.262937	0.854254	1.839081
ENSMUSG00000032123	-0.144877	-0.102961	-0.203507	-0.049433	-0.373046	-1.401417
ENSMUSG00000032126	-0.081562	-0.128153	-0.184305	-0.338425	-0.742007	-1.008906
ENSMUSG00000032127	0.079207	0.036959	0.032609	0.419678	0.935809	1.312559
ENSMUSG00000032131	-0.347864	0.711749	-0.862974	-0.047706	-1.180514	-0.306787
ENSMUSG00000032135	4.996480	6.184793	6.219066	5.372980	5.521536	4.543568
ENSMUSG00000032171	-0.244335	-0.056496	-0.422229	-0.571647	-1.011634	-1.158799
ENSMUSG00000032174	-0.308847	-0.381937	0.779612	-0.010014	0.555120	0.485652
ENSMUSG00000032175	-0.154610	0.126246	0.508670	1.007702	1.230003	1.391369
ENSMUSG00000032177	1.366907	1.418211	2.011031	2.188276	1.573577	0.595676
ENSMUSG00000032178	0.109259	0.032459	0.380099	0.247638	0.738555	0.750854
ENSMUSG00000032180	-0.189779	-0.107441	-0.313194	-0.863240	-1.218027	-1.723561
ENSMUSG00000032182	-0.184607	-0.343681	-0.183596	0.562030	1.283768	1.311453
ENSMUSG00000032185	-0.053836	0.121901	-0.326831	-0.308137	-0.853876	-1.095181
ENSMUSG00000032187	-0.086951	0.188472	0.479605	0.702642	1.342108	1.604756
ENSMUSG00000032193	0.079401	0.053573	0.305557	-0.379034	0.351529	0.167775
ENSMUSG00000032194	1.419292	1.922710	2.469849	0.354801	1.241710	1.748313
ENSMUSG00000032199	0.054029	0.074626	0.120367	-0.069040	-0.021092	-0.070652
ENSMUSG00000032202	-0.010027	0.164651	0.874218	0.418956	0.315889	0.338815
ENSMUSG00000032203	-0.136977	0.082112	-0.438456	0.184535	0.093031	-0.780471
ENSMUSG00000032212	0.156653	0.485799	0.240475	-0.011504	-0.490881	0.354625
ENSMUSG00000032215	-0.148782	-0.107877	-0.390796	-1.209539	-1.332811	-1.034982
ENSMUSG00000032216	0.354838	0.337966	0.594140	0.130732	0.224929	0.161329
ENSMUSG00000032217	-0.273868	-0.036134	0.244548	0.822499	1.207219	0.897974
ENSMUSG00000032218	0.071971	0.185574	0.661691	0.731901	1.353535	1.058859
ENSMUSG00000032220	3.348263	0.962194	2.005733	-0.055415	0.658457	-0.500254
ENSMUSG00000032221	-0.127012	0.244201	1.201962	0.158622	0.055285	0.522065
ENSMUSG00000032228	0.089419	0.047247	-0.045542	0.130848	0.722456	0.584526
ENSMUSG00000032235	0.106978	0.445231	-0.281525	0.105260	-0.223234	-0.484617
ENSMUSG00000032239	0.171281	-0.056833	0.212623	0.130356	0.228687	0.771101
ENSMUSG00000032244	0.196213	-0.113669	-0.115895	-0.130373	-0.024908	-0.384010
ENSMUSG00000032245	0.103699	-0.102406	-1.008296	-0.595604	-0.970845	-1.323967
ENSMUSG00000032249	0.227382	0.224308	0.121447	0.147387	-0.005662	0.217379
ENSMUSG00000032251	0.187569	0.186118	-0.415324	0.281185	-0.738480	-0.974292
ENSMUSG00000032252	0.066547	-0.455581	-0.361851	-1.272722	-0.617483	-0.476089
ENSMUSG00000032253	-0.182126	0.009099	-0.286581	0.228353	0.760886	0.886303
ENSMUSG00000032254	0.355712	0.361963	0.578928	0.632918	0.544027	0.213850
ENSMUSG00000032258	0.048039	0.248318	0.792798	0.331708	0.623235	0.882089
ENSMUSG00000032263	0.031995	0.100221	-0.175288	-0.269994	-0.945159	-1.385748
ENSMUSG00000032264	0.007693	-0.067675	-0.249447	-0.135622	-0.351136	-0.563139
ENSMUSG00000032267	0.333650	0.370347	0.410537	0.015593	0.224490	0.230178
ENSMUSG00000032279	-0.102264	0.052091	-0.101086	-0.617363	-1.261324	-1.702130
ENSMUSG00000032280	0.065705	0.105293	0.732225	0.157863	-0.010118	0.002530
ENSMUSG00000032281	-0.392283	-0.195506	0.044446	0.481647	0.621930	0.754347
ENSMUSG00000032288	-0.148608	-0.988080	-0.920703	-0.498619	-0.236669	-0.493551
ENSMUSG00000032290	0.559986	0.248355	0.575937	0.331690	0.642789	0.586822
ENSMUSG00000032293	0.170527	-0.099418	-0.010994	0.124631	0.497619	0.396448
ENSMUSG00000032294	0.201952	0.375807	0.521768	0.364732	-0.256965	-1.469611
ENSMUSG00000032295	-0.113710	-0.344590	-0.641286	-0.867907	-0.827543	-1.601422
ENSMUSG00000032298	-0.136217	1.490998	2.895082	4.176753	5.523449	4.970180
ENSMUSG00000032299	-0.198386	-0.144318	0.152601	0.958086	1.592170	1.499251
ENSMUSG00000032300	0.145422	0.373183	0.756708	0.176845	-0.083306	-0.560531
ENSMUSG00000032301	0.005394	0.159872	-0.097602	0.110437	-0.132868	-0.360740
ENSMUSG00000032305	0.001900	-0.244055	-0.259054	-0.644950	-1.066414	-0.955436
ENSMUSG00000032306	0.059001	-0.081927	-0.738030	-0.311663	-0.521261	-0.181496
ENSMUSG00000032307	-0.092391	0.216954	-0.090845	0.124563	0.099546	-0.065090
ENSMUSG00000032308	-0.306284	0.367490	1.077304	0.883913	1.369827	1.552889
ENSMUSG00000032309	0.160448	0.295031	-0.088844	0.125306	-0.584443	-0.283218
ENSMUSG00000032311	0.998195	0.631885	-0.029637	0.531434	-1.164971	-1.500534
ENSMUSG00000032312	-0.122427	-0.149653	0.322602	0.214301	0.368679	0.370178
ENSMUSG00000032314	-0.205587	-0.119866	-0.011402	0.364557	-0.232118	-0.547564
ENSMUSG00000032316	0.035305	0.321331	0.407752	0.638875	0.824196	0.844123
ENSMUSG00000032320	0.257766	0.047102	-0.221763	-0.935551	-1.062087	-0.914956
ENSMUSG00000032322	0.428334	1.000729	1.081975	1.500401	1.356822	1.287381
ENSMUSG00000032324	0.380686	0.583487	0.700366	0.863253	0.666678	-0.017644
ENSMUSG00000032328	-0.073008	0.221545	0.371902	0.391615	0.599579	0.226396
ENSMUSG00000032329	0.102938	0.142987	0.476868	0.461096	0.838707	1.050644
ENSMUSG00000032330	-0.298465	-0.343156	-0.582447	0.053967	0.042127	-0.734145
ENSMUSG00000032333	-0.064319	-0.238945	-0.251862	0.442990	1.083588	1.121991
ENSMUSG00000032336	-0.244652	-0.248128	-0.288249	-0.098280	-0.283464	-0.352153
ENSMUSG00000032342	-0.128135	-0.152425	-0.058129	-0.037438	-0.321842	-0.625722
ENSMUSG00000032344	0.117392	0.018865	-0.400647	-0.273199	-1.087461	-1.806395
ENSMUSG00000032348	-0.222809	0.090285	0.611689	1.277700	1.568201	0.303173
ENSMUSG00000032349	0.254677	0.393059	0.825297	0.716578	1.224215	1.087301
ENSMUSG00000032350	-0.069504	-0.060384	-0.004014	0.104803	0.299981	0.160048
ENSMUSG00000032352	-0.466007	-0.807927	-1.044862	-0.478204	-0.322900	-0.368160
ENSMUSG00000032353	0.014492	0.359750	0.277928	0.575561	0.796788	0.534309
ENSMUSG00000032366	0.121995	0.604775	0.355620	-0.003905	-0.794049	-0.163304
ENSMUSG00000032369	-0.635481	-1.823904	-1.838814	-1.552963	-1.102631	-0.797766
ENSMUSG00000032370	0.501044	1.007688	1.257071	0.834762	0.730119	1.369997
ENSMUSG00000032372	-0.693473	-0.819851	-1.955452	-0.585252	-1.367734	0.026041
ENSMUSG00000032373	-0.650838	-0.892745	-1.176688	-1.652511	-2.970466	-1.728876
ENSMUSG00000032375	0.430751	0.813481	1.588119	2.771982	2.640181	2.783367
ENSMUSG00000032376	-0.125001	0.421848	0.187461	0.948411	1.113125	1.500505
ENSMUSG00000032377	-1.256456	-1.335011	-1.514892	-0.395609	0.461165	0.977414
ENSMUSG00000032381	-0.037793	-0.194592	-0.302188	-0.147029	-0.323613	-0.366637
ENSMUSG00000032382	-0.106823	-0.126755	0.025102	-0.050873	-0.014747	0.070393
ENSMUSG00000032383	0.035283	0.028406	-0.205868	0.619060	0.626109	0.387633
ENSMUSG00000032384	-0.021508	0.207082	-0.131171	-0.092816	-0.331261	-0.020258
ENSMUSG00000032386	-0.113900	0.243002	0.345488	0.344518	0.597853	1.366122
ENSMUSG00000032387	0.206627	-0.455271	-1.287120	-1.260826	-1.824238	-2.243844
ENSMUSG00000032388	0.199917	0.099179	0.343370	0.923457	1.839101	1.475631
ENSMUSG00000032392	-0.581520	-1.682691	-2.080405	-2.621743	-3.270369	-2.997893
ENSMUSG00000032393	0.180007	0.072948	0.365243	0.196743	0.678377	0.931082
ENSMUSG00000032396	-0.345831	0.423952	0.628288	0.302439	0.431460	0.748431
ENSMUSG00000032397	-0.021176	0.069970	-0.032333	-0.445126	-0.818688	-1.270129
ENSMUSG00000032398	-0.430767	-0.092588	-0.689644	-0.140345	-0.403206	0.112719
ENSMUSG00000032399	-0.049744	0.035156	-0.027466	-0.313569	-0.198433	-0.149520
ENSMUSG00000032400	-0.163545	0.408721	-0.158785	-0.128695	-0.558351	-1.003308
ENSMUSG00000032402	0.153381	-0.732137	-0.357924	-0.249870	1.017889	1.132084
ENSMUSG00000032403	-0.280229	-0.049508	-0.682733	0.987022	0.246782	-1.131571
ENSMUSG00000032405	0.019014	-0.149653	-0.288289	0.541863	0.718486	0.649322
ENSMUSG00000032407	0.178286	0.115922	-0.212970	-0.573093	-0.696256	-0.640855
ENSMUSG00000032409	0.116513	0.243139	-0.507490	-0.324284	-1.252688	-1.177900
ENSMUSG00000032410	-0.370722	-0.831037	-0.846921	-0.798680	0.001451	0.488837
ENSMUSG00000032411	-0.135378	-0.325922	-0.021516	0.266321	0.670798	0.529744
ENSMUSG00000032412	-0.614210	-0.715409	-0.304161	1.041164	1.704067	1.833204
ENSMUSG00000032413	-0.082105	0.428098	0.026975	-0.057195	0.515676	0.899957
ENSMUSG00000032415	-0.589905	-0.674329	-2.169950	-1.590776	-2.081127	-2.007042
ENSMUSG00000032417	-0.728178	0.373444	1.268810	0.150986	0.517713	0.608516
ENSMUSG00000032422	0.049473	0.132083	0.251431	1.103307	0.936287	0.996554
ENSMUSG00000032423	-0.067150	-0.217968	-0.450995	-1.063426	-1.460943	-1.378891
ENSMUSG00000032425	-0.232321	0.427928	0.602565	0.633094	0.893961	0.564745
ENSMUSG00000032431	0.446188	0.143760	0.141611	-0.122770	-0.694089	-1.294703
ENSMUSG00000032434	-0.309289	-0.023565	0.788179	0.200446	1.019377	1.211101
ENSMUSG00000032435	0.107044	-0.289937	0.144898	-0.062889	0.723748	0.836049
ENSMUSG00000032436	-0.210887	-0.469822	-0.063389	-0.151685	0.230838	-0.060331
ENSMUSG00000032437	-0.019554	-0.059129	-0.155294	-0.270073	-0.390008	-0.738178
ENSMUSG00000032440	0.725551	0.254448	1.149001	0.990903	1.678201	2.080684
ENSMUSG00000032449	0.308321	0.238121	0.152045	0.182797	0.245485	0.145331
ENSMUSG00000032458	0.124130	0.027971	0.057200	-0.052967	-0.073156	0.184681
ENSMUSG00000032459	-0.103266	-0.228889	-0.080371	-0.312109	-0.822685	-1.252569
ENSMUSG00000032463	-0.061829	-0.012356	0.232786	-0.121513	-0.261788	0.175962
ENSMUSG00000032468	-0.140256	-0.060028	-0.246570	-0.283208	-0.397920	-0.110950
ENSMUSG00000032469	-0.122917	-0.140502	-0.157877	-0.309785	-0.752064	-0.864948
ENSMUSG00000032475	-0.240926	-0.004752	0.396045	-0.186853	0.312114	0.775091
ENSMUSG00000032477	0.085085	-0.383362	-0.580009	-1.142477	-0.938125	-1.143751
ENSMUSG00000032478	-0.151016	0.217243	-0.063727	-0.454822	-1.165067	-1.193400
ENSMUSG00000032479	-0.001515	0.028135	0.877771	1.012743	0.917982	0.793768
ENSMUSG00000032480	-0.251956	-0.141977	-0.214241	-0.410570	-0.631553	-0.530826
ENSMUSG00000032481	-0.026444	-0.155466	0.098563	-0.157645	0.037630	-0.224999
ENSMUSG00000032482	-0.617315	0.709467	0.178329	-1.889680	-1.362743	-1.508253
ENSMUSG00000032485	-0.167540	-0.161735	-0.407769	-0.325244	-0.424561	-0.415504
ENSMUSG00000032489	-0.150669	-0.207869	0.308455	1.912433	2.849115	1.953644
ENSMUSG00000032491	-0.795529	0.834477	-0.288528	-1.153838	-1.071195	-1.016873
ENSMUSG00000032492	3.438489	4.548038	4.049920	4.687706	4.885398	5.312738
ENSMUSG00000032495	0.568104	0.220882	-0.438856	-1.250302	-1.794978	-1.828909
ENSMUSG00000032497	-0.007414	0.375497	0.653112	0.515639	0.146032	0.628180
ENSMUSG00000032498	-0.049548	-0.256857	-0.164392	-0.385796	-0.813698	-0.721271
ENSMUSG00000032501	0.729929	-0.962416	-0.640311	-0.813940	0.703583	1.178454
ENSMUSG00000032503	2.216557	2.833956	2.955686	2.524226	3.380653	3.351027
ENSMUSG00000032504	-0.139097	0.142031	0.042868	0.321614	0.179454	0.041655
ENSMUSG00000032507	-1.154462	-1.101404	-2.982884	-1.606125	-2.498773	-2.386381
ENSMUSG00000032508	-0.006032	-0.176727	-0.461811	-0.375467	-0.072702	0.202789
ENSMUSG00000032512	0.080959	-0.194458	0.025407	0.095576	0.565973	0.366995
ENSMUSG00000032513	0.315213	0.238896	-0.233527	-0.379451	-0.612048	-0.504754
ENSMUSG00000032515	-0.013441	-0.616563	0.302134	0.657003	0.982234	0.866763
ENSMUSG00000032518	-0.215382	-0.050462	0.002923	-0.064121	-0.113277	-0.293095
ENSMUSG00000032519	-0.146307	-0.001944	-0.460833	-0.432718	0.008904	-0.035149
ENSMUSG00000032525	-0.138064	-0.234072	-0.129913	-0.297329	-0.070088	-0.022406
ENSMUSG00000032526	-0.119193	-0.038720	-0.656156	-0.098485	-0.466525	-0.571696
ENSMUSG00000032527	0.016305	0.091608	0.110691	-0.030240	-0.489336	-0.334559
ENSMUSG00000032528	-0.767472	-1.071867	-1.530440	-2.136522	-1.714088	-1.237065
ENSMUSG00000032534	0.108973	0.374993	0.141123	-0.990246	-0.685483	-0.387134
ENSMUSG00000032536	0.047406	-0.041060	0.188857	0.314769	1.146244	1.016452
ENSMUSG00000032548	-1.920542	-2.799283	-2.016763	-0.885030	-0.894559	-1.348074
ENSMUSG00000032551	-0.160000	-0.096151	0.026642	-0.236044	-0.267541	-0.083312
ENSMUSG00000032553	-0.269915	0.065443	-0.615230	-0.312717	-1.211385	-1.626860
ENSMUSG00000032555	0.127406	0.199700	0.335182	0.388417	0.599667	0.452914
ENSMUSG00000032556	0.739753	0.867363	0.353145	0.004919	-0.625936	-0.704574
ENSMUSG00000032557	-0.231465	0.094676	-0.384779	-0.348842	-0.352811	0.184267
ENSMUSG00000032558	0.467331	0.820625	0.559125	-0.230368	-0.798548	-1.265854
ENSMUSG00000032560	0.270448	-0.006649	0.285903	0.256457	0.843852	1.158433
ENSMUSG00000032561	-0.534364	-0.737172	-0.319522	0.118316	-0.284743	0.710405
ENSMUSG00000032562	0.203440	0.270755	0.500247	0.641857	0.909336	1.015279
ENSMUSG00000032563	0.081327	0.002699	0.029487	-0.591912	-1.187967	-0.804076
ENSMUSG00000032565	-0.006109	0.034596	0.465141	0.658580	0.881334	1.461683
ENSMUSG00000032567	-0.023469	0.216138	-0.256867	0.206434	-0.479954	-0.292185
ENSMUSG00000032570	0.035486	0.071329	0.048905	-0.305270	-0.368651	-0.489845
ENSMUSG00000032571	0.097035	0.116122	0.412319	0.626304	1.041327	0.976757
ENSMUSG00000032575	-0.165626	0.189223	-0.596323	-0.067535	-1.098505	-1.170155
ENSMUSG00000032578	-2.045888	-2.211187	-1.721324	-1.290038	-1.309393	-1.232706
ENSMUSG00000032579	-0.510206	-0.560584	-0.685997	-0.519583	-0.760720	-0.542330
ENSMUSG00000032580	-0.124282	0.474914	0.184676	0.742815	0.457241	0.870699
ENSMUSG00000032582	0.112550	0.037570	-0.281224	-0.251240	-0.386906	-0.098205
ENSMUSG00000032583	-0.372111	-0.413805	-1.015171	-0.299965	-0.569519	-0.558087
ENSMUSG00000032586	0.339048	-0.219114	-0.084518	-0.527517	-0.356860	-0.715440
ENSMUSG00000032589	-0.633938	-0.697958	-1.206412	-1.285614	-2.270015	-2.632773
ENSMUSG00000032590	0.087709	-0.141533	0.264760	0.182222	0.367886	0.417070
ENSMUSG00000032593	-0.333470	-0.342980	-0.233266	0.368774	0.095011	0.270708
ENSMUSG00000032594	0.358479	0.458543	0.222367	1.149905	1.428556	1.581310
ENSMUSG00000032595	0.949013	0.362474	-0.537931	0.473484	0.448784	0.441139
ENSMUSG00000032596	-0.208552	-0.515442	-0.339828	0.443958	0.560004	1.027766
ENSMUSG00000032598	0.118403	0.283344	0.564929	0.529688	0.499580	-0.067667
ENSMUSG00000032599	-0.091637	0.172802	0.211283	0.922833	1.399061	1.163133
ENSMUSG00000032601	0.172576	0.309299	0.158782	-0.557294	-1.032028	-1.385204
ENSMUSG00000032602	-0.086346	-0.359139	-0.281115	0.294398	0.727687	0.647587
ENSMUSG00000032604	0.043907	0.109432	0.043373	0.171114	0.393925	0.563446
ENSMUSG00000032606	0.576368	0.915077	1.405409	1.447202	1.312448	1.412679
ENSMUSG00000032607	0.477533	1.491576	-0.579514	2.674593	1.724399	3.633437
ENSMUSG00000032609	-0.416043	-1.078467	-2.192541	-1.618354	-1.085625	-0.602072
ENSMUSG00000032611	-0.466886	0.642872	0.287717	0.698118	0.163577	0.341006
ENSMUSG00000032612	0.060839	0.165714	0.398358	0.239105	0.455614	0.435175
ENSMUSG00000032615	-0.298799	0.027386	-0.199152	-0.221701	-0.224133	-0.560631
ENSMUSG00000032621	0.160831	0.190227	-0.227691	-0.554055	-0.784717	0.235530
ENSMUSG00000032624	0.272253	0.142626	0.419717	0.182978	0.035080	-0.042287
ENSMUSG00000032633	-0.292669	-0.319620	-0.176002	0.173057	1.179236	1.522392
ENSMUSG00000032637	-0.050635	0.036213	-0.073988	0.154981	-0.098974	-0.405547
ENSMUSG00000032640	0.310981	-0.317910	0.486684	-0.374348	-0.138247	-0.513940
ENSMUSG00000032641	0.229919	0.342082	0.493123	1.351574	1.261603	0.935370
ENSMUSG00000032643	0.581677	0.774107	0.472482	0.859333	0.123644	-0.001198
ENSMUSG00000032648	0.701944	1.134718	1.154211	1.015406	0.603366	0.510915
ENSMUSG00000032652	0.083068	0.232988	-0.067271	0.409557	0.638047	0.726283
ENSMUSG00000032656	-0.698853	0.212063	0.098289	0.720729	-0.149072	0.709828
ENSMUSG00000032657	-0.469847	-0.223131	-0.964794	0.074915	-1.065881	-1.286400
ENSMUSG00000032666	1.001102	0.864965	0.441453	0.047880	-0.495909	-1.245308
ENSMUSG00000032667	-0.010000	0.197745	0.184729	0.241338	-0.021475	0.094500
ENSMUSG00000032673	0.214143	0.746192	0.161757	0.544055	0.274339	0.748597
ENSMUSG00000032688	0.304952	0.470269	0.194277	0.771790	0.121982	0.052098
ENSMUSG00000032698	0.960411	0.062918	-1.351962	-0.881184	-1.888709	-2.508835
ENSMUSG00000032705	-0.187604	0.216837	0.256585	0.524028	0.199649	-0.031725
ENSMUSG00000032712	0.033918	-0.070714	-0.017326	0.330630	0.573084	1.285027
ENSMUSG00000032714	-0.295322	-0.494802	-0.332499	-0.458097	-0.272846	-0.450608
ENSMUSG00000032715	0.454464	0.153002	0.166366	-1.693862	-3.504737	-3.398582
ENSMUSG00000032724	-0.473892	-0.416239	1.384136	1.262047	0.766438	0.307310
ENSMUSG00000032727	-0.246073	-0.122759	0.186058	-0.043920	0.356554	0.296151
ENSMUSG00000032733	0.049088	0.151625	0.027608	0.413983	0.991481	1.967390
ENSMUSG00000032737	-0.018187	0.053231	0.435296	0.668805	1.528597	1.657946
ENSMUSG00000032740	-0.085336	-0.177842	0.366795	-0.186481	0.229767	0.453992
ENSMUSG00000032741	0.620417	0.293392	0.044719	-0.010535	-0.124079	-0.029689
ENSMUSG00000032743	-0.163964	-0.078487	0.575053	0.469502	0.980532	1.382701
ENSMUSG00000032745	0.107238	0.201219	0.266196	0.269067	1.007207	1.410082
ENSMUSG00000032750	0.954156	1.739213	0.936302	2.194560	1.355868	2.290727
ENSMUSG00000032754	0.259815	-0.477193	-0.152325	-0.165383	0.175976	0.352617
ENSMUSG00000032757	-0.109646	-0.048582	0.090240	-0.226270	-0.344706	-0.544577
ENSMUSG00000032763	-0.420245	-0.262754	0.036314	-0.199662	0.621733	0.593701
ENSMUSG00000032777	0.095199	0.173299	0.238427	0.145270	0.282903	0.250118
ENSMUSG00000032782	0.057190	0.201752	0.614077	0.432675	0.393365	0.187288
ENSMUSG00000032783	0.059265	-0.039583	0.171128	-0.094461	0.262495	-0.202902
ENSMUSG00000032786	0.228559	0.391895	0.311276	0.126319	0.131750	0.264287
ENSMUSG00000032788	0.047507	-0.223807	-0.736865	-1.416339	-2.193911	-2.243250
ENSMUSG00000032803	0.181682	-0.018770	-0.202123	-0.792796	-1.228081	-1.719290
ENSMUSG00000032806	-0.072836	0.015147	-0.303311	-0.193902	-0.209843	-0.328560
ENSMUSG00000032812	-0.482596	-0.574266	-0.542874	-0.714086	-0.872915	-0.728543
ENSMUSG00000032815	-0.015523	0.049996	0.267388	0.079556	-0.205924	-0.712178
ENSMUSG00000032816	-0.648063	0.377932	1.484442	-0.486045	0.891440	-0.025657
ENSMUSG00000032834	-0.114257	-0.433862	-0.397412	-1.108170	-1.266002	-1.332910
ENSMUSG00000032840	-0.018124	0.253312	0.158568	0.411718	0.235408	0.459931
ENSMUSG00000032842	-0.267628	0.079130	0.030610	1.082419	0.513332	0.678020
ENSMUSG00000032846	-0.317263	-0.097386	0.362738	0.251958	0.924870	0.694104
ENSMUSG00000032849	-0.199901	-0.172487	0.198312	-0.313329	-0.458667	-0.498585
ENSMUSG00000032850	0.901203	-0.266128	1.795147	2.689939	2.603662	1.223105
ENSMUSG00000032855	0.445854	0.586567	0.403918	0.263506	0.514105	0.135803
ENSMUSG00000032864	-0.492125	0.292568	0.279318	1.607322	2.892466	2.084631
ENSMUSG00000032869	-0.272825	-0.136943	-0.511218	-0.080210	-0.670918	-0.926911
ENSMUSG00000032870	-0.158060	-0.185242	-0.221436	0.214250	-0.234184	-0.275515
ENSMUSG00000032872	-0.166165	0.194627	0.002713	0.568938	0.265849	0.333186
ENSMUSG00000032875	0.383760	0.153455	0.309411	0.118051	1.331487	0.799679
ENSMUSG00000032883	0.518659	0.868774	0.938222	0.379736	0.453459	0.465531
ENSMUSG00000032889	1.297313	0.425041	-1.115261	0.106947	1.774077	1.045962
ENSMUSG00000032897	-0.346601	-0.058740	-0.060884	0.204525	-0.019959	-0.322619
ENSMUSG00000032898	0.358094	0.209253	0.520026	0.213031	0.828970	0.748914
ENSMUSG00000032902	0.444503	0.003129	0.293029	0.488531	1.992638	1.961958
ENSMUSG00000032905	0.029085	0.192491	0.325779	0.346166	0.794705	1.037681
ENSMUSG00000032913	0.081521	0.276611	0.174232	0.752603	0.966287	1.159380
ENSMUSG00000032932	0.421509	0.254889	0.110028	-0.315256	-0.144110	-0.140204
ENSMUSG00000032939	-0.100557	-0.024074	0.127214	-0.108310	-0.307917	-0.661330
ENSMUSG00000032942	-1.000809	0.798961	-0.782855	1.339827	0.382619	0.781995
ENSMUSG00000032946	0.171172	0.560071	0.282776	0.058003	-0.821431	-0.616924
ENSMUSG00000032952	-0.014429	0.810516	0.734476	1.359562	1.052456	1.438500
ENSMUSG00000032959	0.091461	0.075287	0.065888	-0.114339	-0.427018	-0.779357
ENSMUSG00000032965	-0.144681	0.076069	-0.660263	-0.374353	-0.963985	-0.435605
ENSMUSG00000032966	0.164939	0.267284	0.135493	0.083891	-0.555099	-0.650975
ENSMUSG00000032977	-0.195257	-0.160419	0.086323	-0.211436	0.044036	0.080403
ENSMUSG00000032998	-0.188687	-0.548881	-0.433086	-0.236630	-0.340679	-0.421881
ENSMUSG00000033004	-0.220185	-0.082798	-0.556055	-0.337205	-0.609216	-0.354290
ENSMUSG00000033009	0.008511	-0.315280	-0.548102	-1.119426	-0.871113	-0.875452
ENSMUSG00000033014	0.088067	0.243718	0.429979	0.312629	0.687410	0.451623
ENSMUSG00000033016	0.164985	-0.067803	0.678270	0.736896	1.380980	1.552341
ENSMUSG00000033020	-0.110647	-0.193378	-0.624094	-0.383192	-0.824979	-1.337664
ENSMUSG00000033021	0.069958	0.343685	0.176017	0.744663	0.353923	0.330251
ENSMUSG00000033022	-0.467001	0.820015	-0.252378	0.588799	0.497484	0.163720
ENSMUSG00000033029	-0.024102	0.748142	1.363360	1.128647	1.084046	1.020022
ENSMUSG00000033031	0.020284	0.133397	0.349785	0.053111	0.171422	-0.481065
ENSMUSG00000033033	0.739358	-0.094393	0.249314	1.045409	0.733834	1.019963
ENSMUSG00000033039	0.065171	0.219668	0.903575	0.628656	1.221306	1.337621
ENSMUSG00000033047	-0.135686	-0.268058	-0.271571	-0.163896	0.098717	-0.273467
ENSMUSG00000033054	0.258091	-0.054472	0.022808	0.047538	-0.383546	-0.074131
ENSMUSG00000033055	-0.110749	0.138103	0.066898	0.492934	0.320746	0.004548
ENSMUSG00000033059	0.081584	-0.154949	0.127778	0.235167	0.488712	0.439847
ENSMUSG00000033065	0.292044	0.371565	0.325943	-0.622479	-0.734783	-0.823189
ENSMUSG00000033066	-1.290566	-1.789043	-0.637586	1.215956	3.185312	3.489908
ENSMUSG00000033068	-0.034107	-0.189798	-0.585378	-0.908009	-1.589760	-1.998267
ENSMUSG00000033075	-0.226915	-0.153450	-0.011862	-0.444965	-0.693787	-0.834117
ENSMUSG00000033083	0.034778	-0.826017	-1.948616	-1.820909	-1.745737	-1.751698
ENSMUSG00000033088	0.169063	1.008444	1.449376	1.103370	0.551153	1.006457
ENSMUSG00000033096	-0.384640	-0.462967	-0.717856	-1.331014	-1.636463	-1.819024
ENSMUSG00000033099	-0.043263	0.486785	0.226477	-0.490958	-1.131230	-0.644330
ENSMUSG00000033102	-0.360488	0.615565	0.590444	1.298434	1.708095	1.247756
ENSMUSG00000033105	0.203810	0.557820	0.704061	-0.296668	-0.033874	-0.002091
ENSMUSG00000033106	-0.263273	-0.251323	-0.568203	-0.682410	-0.937351	-0.555666
ENSMUSG00000033111	0.212536	0.313881	0.100933	0.257050	0.156554	0.882021
ENSMUSG00000033114	-1.024362	-1.038211	-0.850760	-0.364225	-1.623768	-0.726042
ENSMUSG00000033124	0.298755	0.489429	0.614845	1.125474	1.230504	1.024520
ENSMUSG00000033126	-0.025875	-0.167631	-0.027722	-0.659719	-0.312160	-0.511787
ENSMUSG00000033128	-0.022525	0.012356	0.332558	0.441885	0.458594	0.547758
ENSMUSG00000033157	-0.173583	0.244492	0.131679	-0.117063	-0.207636	-0.727301
ENSMUSG00000033159	-0.206753	0.028222	0.284847	0.820043	0.959874	1.225774
ENSMUSG00000033161	0.044862	-0.047376	-0.030702	-0.273177	-0.466254	-0.607259
ENSMUSG00000033166	-0.067130	-0.324927	-0.463984	-0.920000	-1.539004	-1.528594
ENSMUSG00000033184	0.074140	0.086903	0.426831	-0.251971	0.032723	-0.090963
ENSMUSG00000033186	0.090508	-0.246150	-0.017999	0.029628	0.259938	-0.360461
ENSMUSG00000033209	0.414175	0.388682	1.550390	1.250382	2.051474	2.381437
ENSMUSG00000033216	-0.323519	-0.206423	-0.154411	0.210789	-0.012858	-0.452782
ENSMUSG00000033220	-0.457632	-0.342068	-0.139861	0.260124	0.382166	0.360545
ENSMUSG00000033222	-0.047261	-0.250506	0.031345	-0.410334	-0.153868	-0.642220
ENSMUSG00000033227	-0.454543	0.306842	0.564370	-0.674045	-1.160197	-1.341833
ENSMUSG00000033228	-0.089482	0.035330	0.108909	0.301220	0.755352	0.864959
ENSMUSG00000033233	-0.263786	-0.407240	-0.520649	-0.315583	0.394050	-0.057257
ENSMUSG00000033237	0.137501	0.201404	0.197184	0.257769	0.511662	0.449171
ENSMUSG00000033249	-1.571606	-0.507990	0.255996	0.541634	1.746592	-0.317226
ENSMUSG00000033253	-0.096655	0.118645	0.224692	0.398501	0.503357	0.216021
ENSMUSG00000033255	-0.690050	-0.964869	-0.315778	0.626839	0.670710	-0.408803
ENSMUSG00000033256	0.952329	1.119773	0.677151	1.461107	1.936574	2.788227
ENSMUSG00000033257	-0.152830	-0.557077	-0.863615	-1.124061	-1.095368	-1.428991
ENSMUSG00000033272	0.047655	-0.065216	-0.315614	-0.234342	-0.459907	-0.858460
ENSMUSG00000033276	0.412147	-0.365893	-0.587724	2.686216	1.129335	1.896589
ENSMUSG00000033282	0.568410	0.348819	1.298620	0.228809	0.721351	0.187523
ENSMUSG00000033285	-0.179972	-0.416141	-0.570050	-0.556362	-0.514664	-0.628775
ENSMUSG00000033294	-0.276962	-0.466275	-0.729253	-0.924883	-1.036977	-1.141882
ENSMUSG00000033306	1.350794	1.042580	1.343197	0.914739	1.571709	1.635601
ENSMUSG00000033307	0.201000	0.012028	-0.088509	0.061979	-0.592672	-1.497309
ENSMUSG00000033313	-0.267206	0.532932	0.822038	0.942322	1.208587	0.868158
ENSMUSG00000033318	-0.257170	-0.379924	-0.275415	-0.131425	0.402201	-0.305860
ENSMUSG00000033319	0.119389	-0.233178	-0.002653	-0.235820	0.304243	0.281199
ENSMUSG00000033323	0.041749	0.117105	0.042237	-0.012089	-0.199629	-0.073630
ENSMUSG00000033326	0.292362	0.171568	0.952153	0.579991	1.401866	1.537148
ENSMUSG00000033335	-0.183924	-0.005369	-0.025584	0.400893	0.293840	0.326524
ENSMUSG00000033352	0.195097	0.472354	0.303609	0.432485	0.360024	0.323097
ENSMUSG00000033356	-0.343328	-0.187425	-0.286468	-1.189658	-1.782344	-2.119277
ENSMUSG00000033364	-0.023254	-0.022685	0.261922	-0.026439	-0.005942	-0.547488
ENSMUSG00000033365	0.204454	0.124372	0.257813	-0.033199	0.247673	0.077012
ENSMUSG00000033368	-0.169617	0.333382	0.668100	-0.388763	1.435756	0.173007
ENSMUSG00000033373	-0.115128	-0.004737	0.067708	0.510618	0.095941	-0.199469
ENSMUSG00000033379	-0.013759	-0.020581	-0.279875	0.190485	0.318348	0.322959
ENSMUSG00000033382	0.013485	0.061237	0.175354	-0.122335	0.300714	0.124272
ENSMUSG00000033386	-0.338414	-0.475736	-1.040697	-1.040217	-1.525593	-1.729930
ENSMUSG00000033392	-0.021948	-0.269361	0.032934	-0.295852	-0.169934	-0.527462
ENSMUSG00000033396	0.110869	-0.044761	0.544522	0.560141	0.931366	1.168657
ENSMUSG00000033400	0.209441	0.158326	-0.169084	-0.354905	-0.642269	-0.487493
ENSMUSG00000033405	-0.173997	-0.253562	0.471452	0.689257	1.013553	0.473227
ENSMUSG00000033411	0.043055	-0.256869	-0.345306	-0.417730	-0.559089	-0.784113
ENSMUSG00000033416	-0.141351	-0.003977	0.183929	0.393783	0.596999	0.316428
ENSMUSG00000033417	0.100588	-0.223008	0.116210	-0.126899	0.141811	0.064282
ENSMUSG00000033423	-0.048088	0.300023	-0.234261	0.129069	-0.498518	-0.651858
ENSMUSG00000033429	-0.077363	0.087471	-0.367691	0.181517	0.275332	-0.147316
ENSMUSG00000033430	0.232367	0.273531	0.834538	0.117457	0.117912	0.719612
ENSMUSG00000033434	-0.293693	-0.171340	-0.143045	-0.005978	-0.300818	-0.031693
ENSMUSG00000033439	0.023388	0.260772	-0.009352	-0.802223	-0.275131	-0.042058
ENSMUSG00000033444	0.119424	0.071119	0.720686	0.161344	0.595865	0.503869
ENSMUSG00000033446	0.548412	0.414025	0.312259	1.700262	1.996080	2.131783
ENSMUSG00000033450	-0.069396	-0.432147	-0.814585	-0.651698	-0.746261	-0.794068
ENSMUSG00000033454	0.022369	0.532876	0.874986	0.139827	0.658755	0.690365
ENSMUSG00000033458	0.128933	0.363033	0.996461	-0.026740	0.254643	0.441275
ENSMUSG00000033460	0.521686	0.301348	-0.284325	-1.432282	-1.554519	-1.072762
ENSMUSG00000033467	-0.239242	-0.161593	0.729635	0.859157	1.068649	0.846047
ENSMUSG00000033475	0.007348	0.050705	-0.544895	-0.266212	-1.678981	-1.725389
ENSMUSG00000033478	-0.158913	-0.654603	-0.696607	-0.684346	-0.030416	0.038659
ENSMUSG00000033486	-0.020540	0.245263	-0.348702	0.948805	0.980122	0.551089
ENSMUSG00000033487	0.185597	0.357169	0.544822	1.086171	1.326402	1.549826
ENSMUSG00000033488	0.306829	0.054818	-0.170405	0.256409	0.232015	-0.478732
ENSMUSG00000033499	0.110921	-0.347329	0.357888	-0.379096	0.184219	-0.035926
ENSMUSG00000033502	-0.250511	0.127069	0.322352	-0.093684	-0.190515	-0.175688
ENSMUSG00000033526	-0.342424	-0.237949	-1.258091	-0.665379	-1.518995	-1.604002
ENSMUSG00000033530	0.316171	0.500371	0.655520	0.262998	0.438050	0.446508
ENSMUSG00000033540	0.011272	-0.168002	-0.740414	0.264498	0.395024	0.423205
ENSMUSG00000033543	-0.016515	0.261027	-0.038954	0.029809	-0.560151	-0.567089
ENSMUSG00000033545	-0.358899	0.230354	0.106082	0.705842	0.928876	1.064845
ENSMUSG00000033554	-0.439531	-0.369469	-1.022429	-0.541673	-1.513511	-2.035984
ENSMUSG00000033557	0.163260	0.146718	0.419503	-0.265002	0.043570	-0.038343
ENSMUSG00000033577	1.988717	1.166931	-0.321006	0.696968	1.398554	0.123268
ENSMUSG00000033581	0.147548	-0.021833	-1.181502	-1.438398	-2.140492	-2.048292
ENSMUSG00000033589	-0.063196	0.142869	0.600350	0.519327	0.725099	0.275928
ENSMUSG00000033594	-0.341376	0.262715	0.730347	0.830244	1.295652	1.526207
ENSMUSG00000033596	0.055626	0.037750	0.337188	0.143899	0.199750	-0.077556
ENSMUSG00000033610	0.091228	-0.449980	0.004235	-0.776586	-0.233249	-0.669364
ENSMUSG00000033618	-0.313049	-0.003280	0.004377	0.759056	0.561734	1.613667
ENSMUSG00000033623	0.226247	0.381714	0.085543	0.099882	0.448166	0.433478
ENSMUSG00000033624	0.157226	-0.517680	0.210697	0.053184	1.247566	0.630529
ENSMUSG00000033628	-0.050621	-0.147815	0.041760	0.212529	0.372614	0.838923
ENSMUSG00000033629	0.152502	-0.034208	0.384580	-0.475377	-0.704737	-0.865862
ENSMUSG00000033632	-0.095787	0.173956	-0.317962	0.114604	0.373735	0.304580
ENSMUSG00000033644	-0.419122	-0.360421	0.954642	0.990743	0.299082	-0.318936
ENSMUSG00000033653	0.110490	0.200653	-0.054193	0.094178	-0.223720	0.007799
ENSMUSG00000033658	0.031219	-0.011188	0.212661	-0.287088	-0.152192	-0.202818
ENSMUSG00000033669	-0.368478	0.185464	0.502433	-0.463209	0.427417	0.333537
ENSMUSG00000033671	0.384738	0.349240	0.479200	0.597320	0.484664	0.632077
ENSMUSG00000033684	-0.355516	-0.742211	-0.841617	-0.377785	-0.171237	-0.176227
ENSMUSG00000033685	-0.224804	-0.328138	-0.521920	-0.755909	-0.902586	-1.295521
ENSMUSG00000033688	-0.022954	-0.036453	-0.170614	0.935634	1.105783	-0.740300
ENSMUSG00000033697	0.099603	0.400301	-0.482285	-0.184434	-0.123551	-0.059488
ENSMUSG00000033701	-0.222449	-0.004534	-0.553106	-0.225555	-1.007265	-0.767162
ENSMUSG00000033703	-0.008164	0.241415	0.451870	0.520609	0.827749	0.528967
ENSMUSG00000033705	0.729949	0.792524	1.011896	1.898001	2.120131	1.812851
ENSMUSG00000033706	-0.175962	-0.127332	-0.984745	-1.324287	-2.082756	-2.611865
ENSMUSG00000033707	-0.246130	0.110912	-0.178098	0.115422	-0.708059	0.001441
ENSMUSG00000033712	0.080512	0.067373	0.400857	0.055434	0.461283	0.283498
ENSMUSG00000033713	0.586174	-0.389657	0.225243	0.250116	1.596497	1.750296
ENSMUSG00000033720	-1.578636	-0.995955	1.004297	-0.797099	1.379745	-0.809445
ENSMUSG00000033722	0.259172	-0.615117	-0.632263	-1.345148	-1.403277	-1.443861
ENSMUSG00000033728	0.247194	0.065311	-0.437786	-0.253629	-0.130729	-0.253964
ENSMUSG00000033730	-0.065778	-2.108037	-0.963405	-1.726930	-1.817294	-0.837495
ENSMUSG00000033732	0.020284	-0.216938	-0.258996	-0.244019	-0.351940	-0.853863
ENSMUSG00000033735	-0.074107	-0.510013	-1.677027	-2.351403	-2.798055	-3.476131
ENSMUSG00000033739	-0.198102	0.216211	0.763352	1.122834	1.616482	1.811284
ENSMUSG00000033740	1.296339	1.495358	0.094684	0.759194	0.781181	1.592800
ENSMUSG00000033751	-0.037794	0.050886	-0.159056	-0.305756	-0.941142	-0.922232
ENSMUSG00000033752	0.268656	0.434331	0.319428	0.158699	-0.040071	-0.003755
ENSMUSG00000033760	-0.431024	0.133384	0.022062	1.031518	0.625738	0.866028
ENSMUSG00000033762	-0.097353	0.017012	-0.426388	-0.597856	-1.012930	-1.640773
ENSMUSG00000033763	-0.667480	-0.252780	-1.823518	-0.626744	0.901316	-0.319818
ENSMUSG00000033767	-0.497877	0.250797	0.187418	1.447919	2.575508	3.188548
ENSMUSG00000033768	0.298790	-0.629485	-1.422973	-1.688232	-1.699724	-1.647110
ENSMUSG00000033773	-0.083741	0.180776	-0.113415	0.372779	0.397163	0.514393
ENSMUSG00000033781	0.000372	0.386274	0.211091	0.065085	0.373236	0.636900
ENSMUSG00000033790	-0.006421	-0.124126	0.300339	-0.220262	0.116007	0.257471
ENSMUSG00000033792	0.568600	-0.112904	0.889839	0.141304	2.191717	1.174314
ENSMUSG00000033793	-0.168397	-0.147386	0.844552	0.081645	0.152913	0.034355
ENSMUSG00000033799	-0.133450	-0.265478	-0.125872	-0.915176	-0.992302	-0.608780
ENSMUSG00000033808	-0.288208	0.262037	-0.195472	0.051186	-0.431911	-0.422475
ENSMUSG00000033809	-0.092785	0.065241	-0.846332	-0.587708	-1.559072	-1.961437
ENSMUSG00000033813	0.055603	0.142290	0.029375	-0.130727	-0.235473	-0.095471
ENSMUSG00000033819	0.087374	0.312992	0.141313	0.002037	-0.007869	-0.160820
ENSMUSG00000033826	-0.030542	0.159383	0.618373	0.552472	1.845604	2.282973
ENSMUSG00000033845	-0.126776	-0.025369	-0.419721	-0.361002	-1.126119	-0.876196
ENSMUSG00000033847	-0.512900	0.209926	-0.355240	-0.923310	-1.115972	-0.643028
ENSMUSG00000033849	1.310348	0.612283	-0.034104	3.337693	3.406670	4.014421
ENSMUSG00000033852	-0.638795	0.005512	0.715310	0.411117	0.366878	0.344417
ENSMUSG00000033854	0.484173	1.036671	0.418690	-0.080450	-0.491647	-0.566455
ENSMUSG00000033857	-0.338122	-0.287554	-0.476060	-0.749600	-1.037666	-1.337389
ENSMUSG00000033862	-0.164292	-0.139831	-0.371806	0.121073	0.187175	0.408261
ENSMUSG00000033863	-0.197973	-0.105616	-0.041839	-0.188014	-0.205249	0.044185
ENSMUSG00000033871	-0.348349	-0.990401	-1.410834	-1.993022	-3.588646	-3.781191
ENSMUSG00000033880	0.192757	0.093488	-1.003222	0.306640	-1.296137	-2.130294
ENSMUSG00000033883	-0.206947	-0.695230	-0.665422	-0.884029	-0.072803	-0.363766
ENSMUSG00000033885	-0.162453	-0.304066	-0.077774	0.258195	0.289393	0.327217
ENSMUSG00000033900	-0.231724	-0.518017	-0.423897	-0.726132	-1.172416	-1.044082
ENSMUSG00000033902	0.207034	0.437534	0.989824	0.643140	0.438968	0.761776
ENSMUSG00000033904	-0.032053	-0.041727	0.812275	0.120872	0.478905	0.040818
ENSMUSG00000033906	0.299854	-0.306761	-0.900428	-0.745906	-1.130714	-1.420056
ENSMUSG00000033909	-0.254897	-0.556116	-0.990599	-1.358851	-1.909699	-2.201194
ENSMUSG00000033916	0.128788	0.122681	0.130783	0.078616	0.015385	0.594445
ENSMUSG00000033917	0.301695	0.580044	0.543769	0.199793	-0.339566	-0.690588
ENSMUSG00000033918	-0.272433	-0.241732	-0.697707	-0.715771	-1.123238	-1.137044
ENSMUSG00000033931	-0.104850	-0.374933	-0.559589	-1.092010	-1.168771	-0.896689
ENSMUSG00000033933	0.275995	0.198025	0.283064	0.398982	0.985776	1.010513
ENSMUSG00000033938	-0.044917	0.216568	0.015790	0.194095	-0.168843	-0.058617
ENSMUSG00000033940	-0.105360	0.011312	0.060903	0.502855	0.498061	0.438473
ENSMUSG00000033943	-0.174321	-0.283386	-0.588644	-1.090484	-1.106240	-1.069683
ENSMUSG00000033948	-1.475683	0.295497	1.391599	1.754808	0.268786	0.117264
ENSMUSG00000033949	0.703851	0.770319	1.361422	1.571293	1.523385	0.121690
ENSMUSG00000033952	0.234402	-0.005344	0.561628	0.013029	0.519815	0.442846
ENSMUSG00000033953	0.327283	-0.385527	0.394019	-0.753511	-0.346217	-0.388294
ENSMUSG00000033955	0.209904	0.527746	0.583383	-0.375297	-0.020839	0.254803
ENSMUSG00000033961	-0.172466	-0.199835	0.257288	0.241914	0.145049	0.194102
ENSMUSG00000033964	-0.091792	-0.506621	0.002288	-0.131755	-0.388713	-0.476991
ENSMUSG00000033966	-0.613243	-0.336309	1.405068	1.050466	1.145683	2.266282
ENSMUSG00000033967	0.024308	0.118181	-0.495199	-0.931946	-2.179568	-3.782108
ENSMUSG00000033970	0.102923	-0.014184	-0.498389	-0.246933	-0.328465	-0.567462
ENSMUSG00000033972	-0.199747	0.103931	0.129351	0.628107	0.747564	0.976826
ENSMUSG00000033983	-0.014134	0.031262	0.098047	-0.237763	-0.715466	-0.197885
ENSMUSG00000033985	0.067222	0.678211	0.913007	1.128248	1.324817	1.113127
ENSMUSG00000033987	-0.468423	0.053341	-0.142000	-0.341169	-1.623155	-2.352884
ENSMUSG00000033991	0.273352	-0.067651	0.239850	-0.273477	0.296567	-0.398702
ENSMUSG00000034006	0.027677	-1.034997	-1.560499	-0.880648	-1.218975	-1.331034
ENSMUSG00000034007	-0.209181	-0.003883	0.406321	1.314045	1.084326	1.408021
ENSMUSG00000034021	0.421416	0.229519	0.222050	0.024123	0.084881	0.137887
ENSMUSG00000034022	0.017776	-0.052718	-0.039827	-0.044956	0.047554	-0.303041
ENSMUSG00000034023	-0.084913	-0.093663	0.166994	0.119838	0.316872	-0.538189
ENSMUSG00000034024	-0.147157	-0.270556	0.059899	-0.187394	0.296929	-0.078188
ENSMUSG00000034032	-0.430286	-0.196479	-0.027524	0.248440	0.050191	-0.333781
ENSMUSG00000034035	-0.185914	-0.722208	-0.830139	0.489732	0.653018	1.061233
ENSMUSG00000034041	-0.456273	-0.513125	-0.166721	-1.342140	-1.723242	-1.863464
ENSMUSG00000034042	-0.204450	-0.249081	-0.085157	0.207172	0.516555	0.587517
ENSMUSG00000034055	0.503473	1.570761	1.388046	2.031522	2.659713	2.485212
ENSMUSG00000034071	0.317794	0.322747	0.721481	0.118833	0.157147	-0.019912
ENSMUSG00000034075	-0.241135	-0.291757	-0.016770	-0.096297	-0.182837	-0.467432
ENSMUSG00000034083	-0.098656	0.170650	-0.692658	0.061736	-0.189256	0.246102
ENSMUSG00000034088	0.260478	0.226182	0.200985	-0.051956	-0.107366	-0.160578
ENSMUSG00000034105	0.450433	1.243890	2.103849	1.652749	2.226904	2.607412
ENSMUSG00000034108	0.190997	0.247246	-0.291873	-0.246354	0.248949	0.382344
ENSMUSG00000034109	-0.111734	0.389233	0.366064	-0.489952	-0.647042	-0.461501
ENSMUSG00000034110	-0.490307	-0.479857	1.014400	0.373092	1.450850	1.709205
ENSMUSG00000034111	0.217291	0.306641	1.466460	0.743717	1.672885	0.989826
ENSMUSG00000034116	0.295497	0.319745	0.391721	0.230955	0.310860	0.439055
ENSMUSG00000034118	-1.115408	-0.057044	0.573833	-0.639086	-1.688697	-2.339010
ENSMUSG00000034120	-0.191146	-0.025397	0.173021	-0.676408	-0.711408	-1.167916
ENSMUSG00000034121	0.013802	0.364561	0.851978	0.924204	0.717783	0.732524
ENSMUSG00000034126	0.226304	0.012304	-0.230799	-0.503432	-0.396493	-0.954963
ENSMUSG00000034135	0.093751	0.274779	0.304166	0.635677	0.596969	0.569099
ENSMUSG00000034145	-1.040257	-0.332620	0.171961	1.529548	2.168215	2.535104
ENSMUSG00000034152	0.132593	0.076079	0.012119	0.064951	0.070772	0.237111
ENSMUSG00000034154	-0.038478	-0.342329	-0.380942	-0.672322	-0.523490	-0.715261
ENSMUSG00000034156	-0.469516	0.433138	0.293931	0.107498	-0.612529	-0.870318
ENSMUSG00000034157	-0.092565	-0.267668	-0.138009	-0.359381	-0.006471	-0.142906
ENSMUSG00000034158	0.396185	-0.067190	0.096262	-0.238549	0.224327	0.332954
ENSMUSG00000034160	0.088076	-0.112537	-0.042142	0.232894	0.772814	1.123731
ENSMUSG00000034163	0.036982	-0.194970	-0.171833	0.146776	0.338367	0.547660
ENSMUSG00000034164	0.019142	0.121086	0.173491	-0.138299	-0.775501	-0.586317
ENSMUSG00000034165	-0.867727	-0.290401	-0.124584	-0.372464	-0.647433	-1.011205
ENSMUSG00000034168	0.976482	0.371346	1.597890	0.447849	0.664852	0.729594
ENSMUSG00000034173	-0.688888	-1.505345	-0.912056	-0.489245	-0.777268	-0.011714
ENSMUSG00000034175	0.022492	-0.040927	-0.186858	-0.210800	-0.554086	-0.494105
ENSMUSG00000034177	-0.735420	-0.834578	-1.079039	0.641448	-0.802593	-0.104292
ENSMUSG00000034187	-0.245372	-0.055677	0.857037	0.287626	0.183283	-0.044160
ENSMUSG00000034189	-0.168358	-0.217963	-0.298454	-0.182771	0.341568	0.333907
ENSMUSG00000034190	-0.062790	0.234083	0.096283	-0.019992	0.438425	0.494339
ENSMUSG00000034192	0.127374	0.192739	-0.115718	-0.180456	-0.637598	-0.525502
ENSMUSG00000034194	0.017602	0.115516	0.040546	-0.209365	-0.311623	-0.029366
ENSMUSG00000034203	-0.221354	-0.333291	-0.682933	-1.086170	-1.561513	-1.958668
ENSMUSG00000034205	-0.063519	0.368862	-0.861825	-1.211125	-2.967888	-3.024667
ENSMUSG00000034206	-0.131947	0.191609	-0.319992	-0.474141	-1.110921	-1.194601
ENSMUSG00000034210	-0.247895	-0.314001	0.043149	-0.038192	-0.130649	-0.508433
ENSMUSG00000034211	0.080430	-0.113973	-0.425961	-0.721416	-1.222907	-1.126754
ENSMUSG00000034212	-0.251261	-0.125649	-0.381094	0.439047	1.620783	2.213951
ENSMUSG00000034216	-0.188055	-0.253159	0.159866	0.839464	0.765126	0.436991
ENSMUSG00000034218	0.026581	-0.501583	0.373707	-0.145007	0.280057	0.065185
ENSMUSG00000034220	-0.771735	-0.751342	0.062519	0.284243	1.856812	2.244188
ENSMUSG00000034224	0.847178	0.466952	0.429646	0.855526	0.486163	0.414943
ENSMUSG00000034227	-0.777823	0.156866	-0.835552	0.177034	0.035766	-0.240319
ENSMUSG00000034235	-0.105224	-0.040610	-0.765304	-0.335120	-0.575906	-1.161189
ENSMUSG00000034243	-0.067547	0.283161	0.179447	0.427920	0.638847	1.101004
ENSMUSG00000034247	-0.069305	0.203550	0.482989	0.834091	1.666595	1.853626
ENSMUSG00000034248	0.085626	-0.301114	-0.246766	0.212881	0.209968	0.043300
ENSMUSG00000034252	0.003985	0.043061	-0.085253	-0.518802	-0.616323	-0.343509
ENSMUSG00000034254	-0.022707	0.112315	-0.045421	0.233048	0.038363	-0.200727
ENSMUSG00000034255	0.370241	0.023096	0.330920	0.788999	0.459143	0.546571
ENSMUSG00000034259	-0.137537	-0.353372	-0.717636	-0.700071	-0.884050	-1.017853
ENSMUSG00000034263	-0.037617	0.000502	-0.113204	-0.162112	-0.125896	-0.202321
ENSMUSG00000034265	0.631756	0.778162	2.022574	3.288797	4.731682	5.495882
ENSMUSG00000034266	-0.228286	-0.183683	-0.062825	0.019365	-0.060409	0.074875
ENSMUSG00000034269	-0.050120	-0.286002	-0.190521	-0.133097	-0.437115	-0.649382
ENSMUSG00000034271	1.635957	0.160878	-0.164005	-1.528474	-1.729427	-2.144459
ENSMUSG00000034274	0.119035	0.134396	0.193573	-0.331480	-0.306207	-0.147626
ENSMUSG00000034278	-0.228814	0.192963	0.088168	-0.050330	-0.790051	-0.605906
ENSMUSG00000034282	0.096091	-0.023595	0.066015	-0.488756	0.043827	-0.028789
ENSMUSG00000034285	0.220532	0.423828	0.236175	0.404730	0.448062	0.537326
ENSMUSG00000034290	0.137491	-0.127116	-0.006794	0.157344	0.359530	0.258353
ENSMUSG00000034292	-0.103870	0.210054	0.490961	-0.043565	0.270490	0.299870
ENSMUSG00000034297	0.239928	-0.100089	0.574178	0.525140	1.159609	0.939447
ENSMUSG00000034300	0.097645	0.075323	0.541307	0.665022	0.970947	0.576773
ENSMUSG00000034303	-0.082875	-0.326639	-0.212251	0.091088	-0.137796	-0.990172
ENSMUSG00000034308	-0.536344	-0.702243	-0.804979	0.008428	-0.177368	0.349733
ENSMUSG00000034311	0.186307	-0.066569	0.145306	-0.242108	0.003669	-0.130390
ENSMUSG00000034312	-0.057978	0.185879	0.812596	1.273625	1.305567	1.625057
ENSMUSG00000034317	0.203212	0.752003	0.937258	0.705262	0.868916	0.362319
ENSMUSG00000034320	-0.120306	-0.244394	0.127178	-0.426788	-0.442055	-0.180411
ENSMUSG00000034321	-0.172113	-0.268298	-0.802636	-1.007350	-1.305185	-1.847047
ENSMUSG00000034327	-0.087910	-0.051734	0.060194	-0.191063	-0.462927	-0.560473
ENSMUSG00000034329	0.000820	0.026614	0.513364	-0.141210	-0.268098	-0.665830
ENSMUSG00000034330	-0.104976	-0.277457	-0.299348	-0.830367	-0.899470	-0.902371
ENSMUSG00000034333	-0.319731	0.012670	0.155829	-0.253988	0.343517	0.297343
ENSMUSG00000034334	-0.084022	-0.436286	-1.087644	-1.571325	-0.071893	-0.157085
ENSMUSG00000034341	-0.093971	0.556462	0.583134	1.276140	1.339036	1.278178
ENSMUSG00000034342	0.553733	-0.384010	0.498144	-0.006263	1.193219	0.918419
ENSMUSG00000034343	0.240069	0.229840	-0.429352	-0.450701	-0.903540	-0.966552
ENSMUSG00000034345	-0.048522	0.179118	-0.414438	-0.293148	-0.902730	-0.763954
ENSMUSG00000034349	0.168778	0.323593	0.265918	-0.120399	-0.406205	-0.346982
ENSMUSG00000034353	0.592360	0.152808	-1.611443	-3.247031	-1.979782	-1.489068
ENSMUSG00000034354	-0.034346	0.180269	0.353239	0.869053	0.837232	0.898278
ENSMUSG00000034361	0.029707	-0.132439	-0.233085	-0.170848	-0.755106	-0.725221
ENSMUSG00000034371	-0.004523	0.107274	0.689961	1.008027	1.192810	0.429017
ENSMUSG00000034377	0.011691	0.397219	0.787884	1.707286	2.110769	2.282444
ENSMUSG00000034379	-0.138594	-0.971139	-0.137494	0.041018	0.078411	0.564062
ENSMUSG00000034390	0.109346	0.173455	0.495660	0.563241	0.802876	0.832948
ENSMUSG00000034401	0.651394	0.580022	0.341684	1.683689	2.026965	2.346419
ENSMUSG00000034412	-0.286449	0.160634	0.417282	0.351548	0.158551	0.190635
ENSMUSG00000034413	0.123903	0.552420	2.175236	0.380834	2.028444	1.191618
ENSMUSG00000034422	-0.234141	-0.670003	-0.215675	-0.435016	-0.171770	-0.182398
ENSMUSG00000034424	-0.247273	-0.115584	-0.734874	-1.132187	-2.541912	-2.929435
ENSMUSG00000034427	1.222188	0.121417	-0.017980	2.992159	3.466219	4.102836
ENSMUSG00000034429	0.137092	0.666975	0.396743	0.614834	0.468038	0.896668
ENSMUSG00000034430	0.024714	0.073239	0.015761	-0.202925	0.446344	0.078795
ENSMUSG00000034432	-0.014402	0.049082	-0.369666	-0.321524	-0.381820	-0.308359
ENSMUSG00000034442	-0.119727	-0.132730	-0.286887	-0.065538	-0.694355	-0.449199
ENSMUSG00000034445	-0.359418	-1.557958	-1.337642	-0.808138	-0.666059	-1.247645
ENSMUSG00000034449	-0.249597	-0.166402	-0.280203	-0.387806	-0.719644	-0.425033
ENSMUSG00000034453	-0.116836	-0.210644	-0.067140	0.035252	-0.023448	0.161303
ENSMUSG00000034471	-0.747308	-2.619405	-1.845563	-1.516394	0.438170	-0.598771
ENSMUSG00000034473	-0.224812	-0.586490	-0.669740	-0.471537	-0.535443	-0.473784
ENSMUSG00000034480	0.442472	0.487463	0.338906	1.019142	0.865232	0.304651
ENSMUSG00000034484	0.145714	-0.105262	-0.125215	-0.093420	-0.136363	-0.168706
ENSMUSG00000034485	1.098056	0.379213	-2.686368	-1.618896	-2.020027	-1.195932
ENSMUSG00000034487	0.510271	0.448556	0.747530	0.363678	-0.209031	0.095266
ENSMUSG00000034488	0.594249	0.040763	3.819332	5.756189	7.460573	8.980823
ENSMUSG00000034501	-0.396772	0.150011	-0.226638	-0.209334	-0.250420	-0.497290
ENSMUSG00000034509	-0.137841	0.008380	-0.036766	1.084025	1.327568	0.828571
ENSMUSG00000034518	0.124533	0.243471	0.137211	-0.072534	0.163372	0.390525
ENSMUSG00000034522	-0.272000	-0.480425	-0.413165	-0.704167	-0.966675	-1.097511
ENSMUSG00000034525	0.157053	-0.139779	-0.028607	-0.201368	0.235821	0.241683
ENSMUSG00000034538	0.180118	0.486311	0.214876	0.013053	0.557231	1.334531
ENSMUSG00000034543	0.074881	0.380397	-0.231909	-0.500087	-0.800946	-0.653278
ENSMUSG00000034544	-0.005951	0.292067	0.158327	-0.628006	-0.735534	-0.166598
ENSMUSG00000034560	-0.185816	0.048609	-0.802973	-0.612580	-1.318071	-1.292519
ENSMUSG00000034563	-0.984289	-0.449740	0.215186	0.482050	1.557554	1.845909
ENSMUSG00000034566	0.082988	0.232741	-0.062368	-0.407130	-0.861638	-0.373072
ENSMUSG00000034573	2.861532	2.010701	-0.287303	0.260921	1.143097	1.309425
ENSMUSG00000034574	0.200743	-0.052337	0.994967	0.997997	2.499352	2.671523
ENSMUSG00000034575	0.031449	-0.017015	0.093325	-0.294892	-0.139611	-0.531315
ENSMUSG00000034584	0.140041	-0.094374	-0.535227	-0.236238	-1.228745	-0.187931
ENSMUSG00000034586	-0.755893	-0.886511	-1.480563	-1.844489	-0.976027	-1.058701
ENSMUSG00000034587	-0.158644	-0.378842	-0.561832	-0.055095	-0.241155	0.169648
ENSMUSG00000034593	1.269640	1.211443	1.346196	1.344356	0.663007	0.430639
ENSMUSG00000034595	-0.112255	-1.100245	-0.978779	-1.295841	-1.392257	-1.560304
ENSMUSG00000034601	0.155769	0.189509	0.404194	-0.087895	0.336176	0.136352
ENSMUSG00000034602	0.086729	0.177918	0.175579	0.373323	0.676412	0.951437
ENSMUSG00000034610	-0.235180	-0.006966	-0.095035	0.705822	0.365667	0.052069
ENSMUSG00000034614	0.066619	-0.821929	-0.301153	1.154482	2.932356	3.626764
ENSMUSG00000034616	-1.069284	-0.042529	-0.322428	0.476120	0.965884	1.687350
ENSMUSG00000034617	-0.331227	0.261215	0.012765	-0.147213	0.002905	-0.258198
ENSMUSG00000034620	0.039719	0.216589	0.162830	-0.328157	-1.265400	-0.993160
ENSMUSG00000034621	-0.178480	0.009966	0.246238	0.559145	0.753219	0.684716
ENSMUSG00000034634	-1.141161	-2.040583	-1.541683	1.152462	3.393412	3.769936
ENSMUSG00000034636	0.493551	0.132057	0.615506	0.080874	0.642176	0.842451
ENSMUSG00000034639	-0.991632	-1.353101	-0.731183	0.172540	0.321301	-0.190654
ENSMUSG00000034640	0.628113	-0.004302	-0.507797	-0.292437	-1.153527	-0.654178
ENSMUSG00000034647	-0.206096	0.453508	-0.062967	-0.070645	-0.263998	0.710803
ENSMUSG00000034652	0.295850	-0.260698	0.023381	0.224434	0.044734	0.729119
ENSMUSG00000034653	-0.062189	-0.231853	0.282457	-0.009117	-0.129751	-0.334017
ENSMUSG00000034656	-0.288423	-0.915439	-1.387865	-0.721453	-1.061822	-1.584229
ENSMUSG00000034659	0.062792	-0.417379	-0.787233	-1.511288	-1.979777	-2.543761
ENSMUSG00000034663	0.298956	0.327927	0.688586	0.101976	0.563188	0.424362
ENSMUSG00000034664	-0.144054	0.545662	0.000051	0.279296	-0.018061	0.365846
ENSMUSG00000034667	-0.000952	-0.117866	-0.210272	-0.891873	-1.099453	-1.255390
ENSMUSG00000034673	0.230436	0.337074	0.656588	0.668897	0.935011	1.188445
ENSMUSG00000034674	0.132415	-0.279741	0.651884	-0.639386	-0.261039	-0.519779
ENSMUSG00000034675	-0.487800	-0.423547	0.451936	0.124654	0.186941	0.443663
ENSMUSG00000034681	-0.161335	-0.129991	-0.070100	-0.197189	-0.195255	-0.467628
ENSMUSG00000034686	-0.342157	-0.538174	-1.390608	-0.454130	-1.697892	-1.010282
ENSMUSG00000034707	-0.122222	-0.328192	-0.200721	0.080521	1.100592	1.333162
ENSMUSG00000034708	-0.309126	-0.693902	-1.292428	-0.168853	0.427698	0.681398
ENSMUSG00000034709	-0.731113	-0.546714	-0.321226	-0.503795	-0.491408	-0.200300
ENSMUSG00000034723	0.349038	0.227466	0.341738	-0.461981	-0.077653	0.151176
ENSMUSG00000034724	0.280340	0.310745	0.722013	0.833849	1.399818	1.231913
ENSMUSG00000034729	0.069062	-0.027026	-0.185371	-0.698014	-1.219558	-1.071491
ENSMUSG00000034731	0.283432	-0.009527	-1.137486	-0.827064	-0.079412	-0.798040
ENSMUSG00000034744	-0.053022	0.253630	-0.314287	0.438899	0.634560	1.204576
ENSMUSG00000034748	-0.131792	-0.280901	-0.271145	0.100438	0.127935	0.468107
ENSMUSG00000034757	-0.029108	-0.111030	0.304481	0.924593	1.162340	1.280088
ENSMUSG00000034758	0.563897	0.700280	0.735607	0.711712	0.649138	1.472174
ENSMUSG00000034761	1.076435	1.154616	1.626694	1.626078	1.612312	1.700353
ENSMUSG00000034762	0.272042	0.364092	-0.717505	-0.400806	-1.681608	-1.847673
ENSMUSG00000034765	-0.648259	0.847363	0.960906	1.304985	1.686168	1.686172
ENSMUSG00000034771	-0.192366	1.008704	1.918132	2.321892	1.368819	1.854456
ENSMUSG00000034773	0.084330	0.242157	-0.039215	0.142983	-0.207279	-0.913896
ENSMUSG00000034781	-0.105320	-0.140291	-0.183983	-0.255478	-0.388315	-0.105928
ENSMUSG00000034786	-0.313994	-0.022299	0.574104	1.309475	1.356208	1.651812
ENSMUSG00000034789	0.148815	0.363578	0.212553	0.300434	0.334940	0.306390
ENSMUSG00000034792	0.355706	-1.236903	-1.692582	-1.011160	-1.354114	-1.218173
ENSMUSG00000034793	0.141500	0.134530	-0.280680	-0.010953	-0.560742	-0.924131
ENSMUSG00000034799	0.418621	2.195304	1.506586	0.382696	-0.388369	-0.603984
ENSMUSG00000034800	-0.421030	-0.169050	-0.330942	-0.275097	0.870663	0.798755
ENSMUSG00000034801	-0.057080	0.105631	-0.288328	0.070432	0.206543	0.488487
ENSMUSG00000034807	0.027781	-0.033903	0.114604	0.447941	1.019474	0.816405
ENSMUSG00000034820	-0.243844	-0.227659	-0.142589	0.191300	0.548173	0.563147
ENSMUSG00000034826	-0.098669	-0.234155	-0.219458	-0.463828	-0.744452	-0.839589
ENSMUSG00000034832	0.008307	-0.799680	-0.062681	-0.441847	0.633611	0.391467
ENSMUSG00000034833	0.972518	1.424662	2.532153	2.885164	2.558905	2.474417
ENSMUSG00000034848	0.221092	0.375963	-0.360170	0.353838	0.646461	0.595702
ENSMUSG00000034850	0.189731	0.311637	0.709098	0.523119	1.018099	1.562175
ENSMUSG00000034853	-0.217675	-1.127733	-1.833987	-0.775481	-0.131325	-0.922265
ENSMUSG00000034854	0.113399	-0.867703	-1.043018	-1.567766	-1.631476	-1.638735
ENSMUSG00000034858	0.176038	0.508165	0.901497	1.579408	2.670248	3.181776
ENSMUSG00000034863	-0.044176	0.200694	0.192408	0.169135	0.718691	0.934979
ENSMUSG00000034867	0.050827	0.052497	-0.070732	-0.374557	-0.301392	-0.058255
ENSMUSG00000034868	0.116558	0.207844	0.025578	0.396508	0.452556	0.684584
ENSMUSG00000034875	0.005999	-0.086998	-0.138823	-0.500556	-1.293353	-1.614319
ENSMUSG00000034880	-0.210343	-0.443110	-0.364390	-0.169598	0.129396	-0.195736
ENSMUSG00000034883	-0.014933	0.253624	-0.532068	-1.213791	-0.545933	-1.463612
ENSMUSG00000034889	-0.074108	-0.131646	0.246625	-0.065126	-0.108281	-0.236399
ENSMUSG00000034892	0.043659	-0.052903	-0.396525	-0.002098	0.015617	-0.241636
ENSMUSG00000034893	-0.219887	-0.149917	0.046970	0.135315	0.572747	0.443545
ENSMUSG00000034898	0.033800	-0.825048	-1.023916	-0.736767	0.127513	0.446162
ENSMUSG00000034902	0.439374	-0.152975	-0.235957	-0.310615	-0.379838	-0.367040
ENSMUSG00000034906	0.247994	0.238879	0.673566	0.204860	0.295463	0.182762
ENSMUSG00000034908	0.097779	-0.018990	0.009320	0.456216	0.674188	0.735478
ENSMUSG00000034911	-0.233296	-0.468003	-1.490242	-1.515941	-0.721080	0.302814
ENSMUSG00000034912	-0.730158	-0.330373	-0.475795	0.222824	-1.265448	0.003676
ENSMUSG00000034917	0.287106	0.481162	-0.298652	-0.508450	-0.948799	-0.293968
ENSMUSG00000034926	0.285992	0.358903	0.656528	-0.374111	-0.172866	-0.006888
ENSMUSG00000034928	-0.176769	-0.171147	0.188178	0.611645	0.636736	0.341868
ENSMUSG00000034930	1.433848	1.223461	-0.135761	-0.262380	-0.936368	0.130309
ENSMUSG00000034931	-0.161856	-0.050079	-0.034844	-0.175898	0.001046	0.057587
ENSMUSG00000034932	0.131627	0.199413	0.112999	0.043873	-0.207114	-0.492628
ENSMUSG00000034936	-1.173130	-0.224278	-1.419643	0.986000	1.178061	0.807045
ENSMUSG00000034940	-0.031857	0.117037	0.667240	0.602051	1.130926	1.385983
ENSMUSG00000034947	0.061499	-0.853489	-0.170176	-0.325043	-0.866124	-0.451444
ENSMUSG00000034949	-0.670530	0.098272	0.806544	1.930653	2.177491	2.113353
ENSMUSG00000034951	-0.091408	0.093853	0.354058	0.261579	0.218893	0.156738
ENSMUSG00000034959	2.123780	0.924012	1.632875	3.512946	3.955234	3.160426
ENSMUSG00000034973	0.096898	0.190966	-0.018146	0.288954	-0.085101	0.186016
ENSMUSG00000034974	-0.248363	0.157139	0.352588	0.696747	0.312095	0.347831
ENSMUSG00000034987	-1.307259	-2.005992	-1.861310	-1.889116	-0.258015	0.317451
ENSMUSG00000034990	0.221004	0.432868	-0.181067	-1.391164	-0.355801	-0.830018
ENSMUSG00000034993	0.427268	0.543186	1.022153	1.446307	1.339544	1.662348
ENSMUSG00000034994	-0.081389	-0.118081	0.216494	0.044641	0.425303	0.355664
ENSMUSG00000034998	-0.144337	-0.441862	0.035761	-0.946816	-0.547382	-1.071381
ENSMUSG00000035000	-0.314259	-0.647253	-0.720850	-0.652473	0.164865	0.439507
ENSMUSG00000035007	0.078821	0.067276	-0.269627	0.055977	0.017617	0.459339
ENSMUSG00000035011	0.009633	0.081825	0.458257	0.227977	0.487840	0.727609
ENSMUSG00000035021	0.022153	-0.218431	-0.565530	-1.027224	-1.508139	-1.271295
ENSMUSG00000035024	-0.021149	0.017926	0.288959	0.317360	0.444642	0.116462
ENSMUSG00000035027	-0.000659	-0.058980	0.064554	-0.063005	-0.062807	-0.044558
ENSMUSG00000035033	-0.399158	-0.413257	0.231617	0.903795	-0.736923	-0.067177
ENSMUSG00000035045	0.337874	0.339534	0.084187	1.743089	0.872841	1.265505
ENSMUSG00000035047	-0.257943	0.003407	-0.326992	-0.590288	-1.104507	-0.685659
ENSMUSG00000035048	0.186251	0.130403	0.151804	0.473155	0.540140	1.093446
ENSMUSG00000035049	-0.096867	-0.379337	-0.370275	-1.395617	-1.910118	-2.435172
ENSMUSG00000035051	0.245563	0.208633	0.122849	0.375916	0.844086	1.227554
ENSMUSG00000035062	0.138775	0.491009	0.194913	0.754081	0.329751	0.803587
ENSMUSG00000035064	-0.430116	0.117941	0.605601	1.018402	1.944740	2.104617
ENSMUSG00000035069	-0.203417	-0.764707	-1.394769	-0.458769	-0.518546	-0.770280
ENSMUSG00000035078	0.394800	0.156779	0.927840	0.433086	1.239452	0.616138
ENSMUSG00000035085	-1.201937	0.938016	0.957168	0.522196	1.450421	-0.120499
ENSMUSG00000035086	-0.250714	-0.048274	0.001225	-0.156262	-0.237130	-0.132091
ENSMUSG00000035093	0.151944	0.104404	1.007513	0.397825	1.663059	1.443684
ENSMUSG00000035105	4.986357	4.964752	4.617293	4.284251	3.215836	2.699511
ENSMUSG00000035107	-0.472089	-0.939612	-1.392793	1.023132	-0.986767	-0.177352
ENSMUSG00000035109	0.106601	-0.209089	-0.566501	1.341851	-0.176877	-0.921526
ENSMUSG00000035112	-0.327914	0.671647	-0.501373	-0.270992	-0.389950	-0.748708
ENSMUSG00000035125	0.045866	0.037596	-0.441282	-0.105008	-0.312759	-0.319685
ENSMUSG00000035126	0.338431	1.442233	1.177226	1.511741	1.449581	1.608086
ENSMUSG00000035139	-0.384517	-0.214789	-0.243337	-0.103626	-0.262698	-0.038591
ENSMUSG00000035142	-0.181433	-0.166966	-0.495055	0.364912	-0.331212	-0.716127
ENSMUSG00000035150	0.385989	0.231638	0.295266	0.090849	0.119731	-0.295169
ENSMUSG00000035151	-0.030871	-0.057644	-0.067280	0.365133	0.917992	1.188530
ENSMUSG00000035152	0.079570	-0.131670	-0.224473	-0.242665	-0.231707	-0.201137
ENSMUSG00000035158	-0.704914	0.070227	-2.114336	-1.129905	-2.495640	-2.677262
ENSMUSG00000035161	-0.131562	0.268829	0.535495	0.416980	0.018058	-0.171338
ENSMUSG00000035168	0.489278	-0.626452	-0.221592	-0.458260	-0.385840	-0.550194
ENSMUSG00000035171	0.080979	0.259513	0.937258	0.756603	0.512302	0.677046
ENSMUSG00000035172	-0.049179	1.161015	1.689131	1.167923	1.066321	1.267174
ENSMUSG00000035173	0.654473	0.809987	0.973007	0.566001	1.324145	1.299394
ENSMUSG00000035179	-0.534551	0.046928	-1.240262	-0.821136	0.584491	1.242363
ENSMUSG00000035181	0.027845	-0.429910	0.091780	0.036889	0.603416	0.179254
ENSMUSG00000035198	-0.097707	0.182294	0.260832	0.179975	-0.232657	-0.496033
ENSMUSG00000035199	0.008589	-0.299076	-0.294887	-0.059159	-0.088237	-0.267749
ENSMUSG00000035202	-0.273031	0.226718	0.061493	-0.387360	-0.071509	0.145761
ENSMUSG00000035203	-0.049513	0.267547	0.141311	0.821116	0.463678	0.387167
ENSMUSG00000035206	0.063521	-0.409189	-0.709333	-0.629823	-0.323959	-0.511018
ENSMUSG00000035208	0.344350	0.435117	0.819959	3.531102	2.479408	3.003920
ENSMUSG00000035212	-0.044790	-0.237939	-0.015241	0.453569	0.815223	0.414851
ENSMUSG00000035215	-0.229242	-0.146973	-0.133965	-0.656119	-0.625412	-1.132947
ENSMUSG00000035227	0.068589	0.364119	-0.167013	-0.132957	-0.498407	-0.461859
ENSMUSG00000035228	0.121044	-0.277245	-1.197785	-0.452124	-0.798259	0.068565
ENSMUSG00000035232	0.551050	0.492879	0.601412	0.653078	-0.094987	-0.801363
ENSMUSG00000035234	-0.073800	-0.138701	-0.494461	-0.134616	-0.549379	-0.673937
ENSMUSG00000035235	0.407583	0.368903	0.473235	0.183091	-0.456592	0.334307
ENSMUSG00000035236	0.245453	0.612364	0.663999	0.305631	0.955884	0.987480
ENSMUSG00000035237	-0.571546	0.668082	0.350688	0.329472	-0.676042	-0.554302
ENSMUSG00000035239	0.365943	0.738576	-1.184513	-0.327599	0.772659	0.596249
ENSMUSG00000035242	0.156572	0.129228	0.442347	0.525374	0.754490	0.722715
ENSMUSG00000035245	-0.077497	0.387174	0.290175	-0.171528	-0.755832	-0.658413
ENSMUSG00000035246	0.591187	0.620628	0.856677	1.937868	1.677726	1.656818
ENSMUSG00000035247	0.132571	-0.107195	0.166663	-0.027338	0.370189	0.389894
ENSMUSG00000035248	0.064745	0.165216	0.484552	0.367402	1.097375	1.579483
ENSMUSG00000035262	-0.386142	0.053621	0.047270	0.765093	-0.139971	-0.920874
ENSMUSG00000035266	-0.384778	-0.724544	-0.595916	-1.007395	-1.303331	-1.336410
ENSMUSG00000035268	-0.423488	0.309043	0.783163	1.663831	1.728350	1.804976
ENSMUSG00000035273	-1.143214	-0.172041	0.199007	1.137099	0.851529	0.641957
ENSMUSG00000035278	0.179509	0.031971	0.191372	0.238698	-0.118074	-0.142287
ENSMUSG00000035279	-2.395179	-2.544230	-2.069398	-2.519078	-2.716942	-2.565924
ENSMUSG00000035284	0.143429	-0.260685	0.476479	-0.194293	0.799926	0.462629
ENSMUSG00000035285	-0.519284	0.411344	0.574154	0.726851	0.210208	-0.040034
ENSMUSG00000035293	0.350150	0.095178	0.276523	0.114130	0.526250	0.172566
ENSMUSG00000035295	0.254113	-0.111345	-0.030006	-0.147948	-0.162417	1.371059
ENSMUSG00000035297	0.312108	0.612190	0.519265	-0.031879	-0.490697	-0.201232
ENSMUSG00000035299	-0.846901	-0.111481	-0.961099	-0.613085	-2.161786	-2.740169
ENSMUSG00000035310	0.104621	0.131691	0.337325	-0.394705	-0.583734	-0.661404
ENSMUSG00000035311	0.106759	-0.207450	-0.211951	-0.777979	-1.145987	-1.128169
ENSMUSG00000035325	0.162816	0.056735	-0.125503	0.067607	-0.084293	-0.172884
ENSMUSG00000035329	-0.059332	0.290475	-0.206326	0.248951	0.226723	0.723613
ENSMUSG00000035342	-1.332473	-1.036710	-3.203105	-3.478690	-3.432375	-2.991371
ENSMUSG00000035351	-0.254660	0.007316	-0.322595	-0.869681	-1.348252	-1.766196
ENSMUSG00000035354	0.033387	0.119694	0.200495	0.217738	0.087577	0.188823
ENSMUSG00000035356	0.973759	0.365162	0.584872	0.524257	1.275477	1.431546
ENSMUSG00000035364	0.213764	-0.503318	-0.489042	0.650816	-1.205982	-1.327701
ENSMUSG00000035365	0.025382	-0.114423	-0.190872	-0.291539	-0.176652	-0.383096
ENSMUSG00000035367	-0.231512	0.091613	-0.523499	0.156240	0.093416	0.087035
ENSMUSG00000035370	-0.205821	-0.054528	-0.073644	0.281990	-0.158360	-0.277460
ENSMUSG00000035372	-0.241801	0.413424	0.144656	-0.046859	-0.414469	-1.151634
ENSMUSG00000035376	0.049455	0.048746	-0.059279	-0.023295	-0.644147	-0.968853
ENSMUSG00000035378	-0.538979	-0.718989	-0.444711	-0.804908	-1.850189	-2.479225
ENSMUSG00000035382	-0.115423	0.127750	0.645791	0.301060	0.958454	0.660959
ENSMUSG00000035385	1.795155	-4.341037	-4.797742	-4.962029	-5.121110	-5.234662
ENSMUSG00000035392	0.423505	0.454519	0.156369	0.982473	0.991460	0.688237
ENSMUSG00000035394	-1.025148	0.575350	-0.327965	1.111715	-0.175497	0.724201
ENSMUSG00000035397	-0.106469	-0.216295	0.060208	-0.879012	-1.104132	-1.025303
ENSMUSG00000035399	-0.152972	-0.660018	-0.609044	0.194020	-0.286555	-0.332033
ENSMUSG00000035401	-0.140902	0.129808	-0.243008	0.615921	0.158936	0.012965
ENSMUSG00000035403	1.143886	-0.810530	1.143586	1.107894	3.087856	2.702987
ENSMUSG00000035437	0.095260	0.361749	0.065853	0.444307	0.694734	0.792951
ENSMUSG00000035439	-0.117948	-0.159740	-0.797539	-1.202534	-1.305385	-1.128336
ENSMUSG00000035443	-0.035949	-0.069785	-0.232901	-0.445983	-0.816745	-1.365736
ENSMUSG00000035455	0.025671	-0.346481	0.027668	-0.457266	-0.508824	-1.183940
ENSMUSG00000035456	1.294669	1.748796	1.620108	1.061613	0.654468	0.480151
ENSMUSG00000035469	1.464444	0.898745	1.689800	1.814749	3.045436	2.034067
ENSMUSG00000035476	-0.030355	0.054563	-0.626609	-0.520751	-0.121577	0.323129
ENSMUSG00000035478	-0.043657	0.129661	0.020340	-0.059015	-0.231063	-0.268092
ENSMUSG00000035495	0.040640	-0.156782	0.028262	-0.239009	0.318800	0.253321
ENSMUSG00000035504	-0.252331	0.089017	-0.745182	-2.192492	-3.561059	-3.627039
ENSMUSG00000035505	-0.323582	-0.143565	-0.558256	-0.095702	-0.668948	-1.101168
ENSMUSG00000035506	0.395276	-0.501806	-0.898275	0.294665	-0.330681	0.795725
ENSMUSG00000035513	-0.382158	-0.767207	-1.411511	-2.272563	-2.169726	-2.185456
ENSMUSG00000035517	0.073434	-0.311108	-0.607118	-0.304967	0.034831	0.265747
ENSMUSG00000035521	0.411675	0.251884	-0.102712	-0.218720	-0.095655	0.050037
ENSMUSG00000035529	-0.235178	-0.189106	0.035005	-0.047295	-0.140935	-0.418967
ENSMUSG00000035530	0.148016	0.242479	-0.200079	0.006292	-0.372949	-0.108550
ENSMUSG00000035545	-0.128809	-0.209472	0.337361	0.733204	1.069013	1.182873
ENSMUSG00000035547	0.191448	0.165524	0.487103	0.232546	1.010042	1.005203
ENSMUSG00000035559	0.104266	-0.106324	-0.091273	0.214336	0.127450	-0.004270
ENSMUSG00000035561	0.287371	0.037500	0.648559	0.381252	1.883165	2.757797
ENSMUSG00000035569	-0.125562	0.101527	0.179701	-0.067437	-0.177065	0.249217
ENSMUSG00000035572	0.155915	0.492588	0.385440	0.225555	0.126081	0.478552
ENSMUSG00000035575	0.058213	-0.095945	-0.162435	-0.596574	-1.002900	-0.833297
ENSMUSG00000035576	0.371629	1.180598	-0.123664	0.272023	-0.192646	-0.067869
ENSMUSG00000035578	-1.452048	-1.823278	-1.961656	-1.958658	-1.744100	-0.950123
ENSMUSG00000035585	0.177640	0.580935	0.653166	0.438188	0.544118	-0.021199
ENSMUSG00000035595	0.002388	-0.016166	-0.961001	-0.302869	-0.396964	-0.766495
ENSMUSG00000035596	0.142925	0.212915	0.600215	0.691411	0.501996	0.199903
ENSMUSG00000035597	-0.128638	0.177117	-0.126085	0.203074	0.367817	0.785532
ENSMUSG00000035601	-0.172722	0.171229	0.211345	0.183868	-0.180778	0.684441
ENSMUSG00000035614	0.395999	0.064411	0.116162	0.034231	0.571531	0.456605
ENSMUSG00000035620	-0.117540	-0.788367	-0.872350	-0.723045	-0.621700	-0.906190
ENSMUSG00000035621	0.032423	0.214142	0.986520	0.801818	1.390686	1.594388
ENSMUSG00000035623	-0.093717	0.196481	0.209382	0.433493	-0.077338	0.426093
ENSMUSG00000035629	-0.259601	-0.893807	-0.387548	0.369005	0.665039	0.148485
ENSMUSG00000035632	-0.042815	0.126621	-0.086281	0.344150	0.121607	-0.081955
ENSMUSG00000035637	-0.123540	0.523780	0.486237	1.077098	0.154224	-0.735861
ENSMUSG00000035640	-0.235554	0.684808	0.803874	0.366915	-0.348697	-0.342595
ENSMUSG00000035642	-0.180346	0.240339	-0.374129	0.041944	-0.681914	-0.355691
ENSMUSG00000035649	0.403303	0.602555	0.352923	1.103621	0.843524	1.498245
ENSMUSG00000035666	0.172897	-0.226687	-0.076688	-0.383095	-0.274120	-0.621563
ENSMUSG00000035671	-0.175543	0.249347	0.360656	0.709329	1.311386	1.247904
ENSMUSG00000035673	-0.239489	0.023870	0.331401	0.447443	0.630254	0.665090
ENSMUSG00000035674	0.013452	0.306935	-0.155267	0.274413	-0.183319	-0.209424
ENSMUSG00000035678	0.138185	-1.581652	-2.187580	-1.134566	-1.326038	-2.236366
ENSMUSG00000035683	0.010491	-0.436682	-0.538001	-0.711046	-0.766843	-1.076086
ENSMUSG00000035692	-1.400672	-1.307575	3.112887	1.707842	1.256584	2.688951
ENSMUSG00000035696	-0.013012	-0.169629	0.131046	0.384904	0.908839	0.580725
ENSMUSG00000035697	-0.123669	0.372307	0.528264	0.880284	1.146856	1.599084
ENSMUSG00000035704	0.037125	0.201046	-0.089449	-0.290230	-1.122334	-1.889801
ENSMUSG00000035711	-0.828068	-0.179702	0.743785	2.003652	2.859777	3.056997
ENSMUSG00000035713	-0.253940	1.445743	1.778781	2.666485	3.272780	3.523756
ENSMUSG00000035722	-0.085637	0.151565	0.343680	0.594721	0.816895	0.780419
ENSMUSG00000035725	-0.060304	-0.259189	0.542705	0.733176	1.867133	1.638116
ENSMUSG00000035726	0.029693	-0.196494	-0.096600	-0.287556	-0.233252	-0.423069
ENSMUSG00000035745	0.365769	-0.762078	-0.927233	0.202739	-0.709530	0.004381
ENSMUSG00000035754	-0.087357	-0.274994	-0.405494	-0.756249	-1.262024	-1.601164
ENSMUSG00000035757	0.276230	0.394989	0.189648	0.812620	0.673908	0.637674
ENSMUSG00000035759	-0.462237	-0.648743	0.210226	0.685964	1.025276	0.668396
ENSMUSG00000035762	-0.334680	-0.167674	-0.327915	0.046176	-0.264837	-0.315537
ENSMUSG00000035764	-0.125054	-0.519934	-0.708997	-1.022215	-1.001117	-1.306832
ENSMUSG00000035765	0.089226	0.159688	-0.010026	-0.151043	-0.212381	-0.291772
ENSMUSG00000035769	-0.740046	-0.698958	-1.194281	-0.969045	-1.528373	-2.240241
ENSMUSG00000035770	0.114234	-0.187698	0.682034	-0.017891	1.245877	1.294900
ENSMUSG00000035772	-0.001202	-0.180137	-0.440348	-0.312469	-0.710492	-1.042682
ENSMUSG00000035773	0.241881	-0.123378	0.509733	1.672300	1.690934	1.810397
ENSMUSG00000035776	0.477613	0.512570	0.517680	0.754285	0.842139	1.156503
ENSMUSG00000035778	0.460149	0.482705	0.922835	0.066047	0.020295	-0.242739
ENSMUSG00000035781	0.227612	0.053329	0.550433	0.545086	0.832681	0.703075
ENSMUSG00000035790	0.042958	0.065197	0.099734	0.104795	0.007333	0.108852
ENSMUSG00000035798	0.080066	0.023800	0.266878	0.354150	0.878265	0.852972
ENSMUSG00000035824	0.095521	0.500357	0.638919	0.709343	0.916750	1.481548
ENSMUSG00000035828	-0.331366	-0.303358	0.309871	-1.180493	-1.123490	-0.976503
ENSMUSG00000035834	-0.004835	0.026990	0.081954	-0.416956	-1.224469	-1.458565
ENSMUSG00000035835	1.702225	1.545012	-0.157672	-0.238069	-1.033770	-1.367677
ENSMUSG00000035840	0.166309	0.424697	1.089713	0.289815	0.675806	0.232354
ENSMUSG00000035842	-0.150877	-0.365501	-0.441613	-0.554767	-0.769784	-1.071183
ENSMUSG00000035845	-0.077417	0.362598	0.157254	0.407376	-0.033473	0.085785
ENSMUSG00000035847	0.154327	0.004623	0.976841	1.199934	1.729236	0.778613
ENSMUSG00000035851	-0.131242	0.343452	-0.043774	-0.339543	-0.875743	-0.732006
ENSMUSG00000035863	0.077085	0.317965	-0.007342	0.413377	0.503540	1.146516
ENSMUSG00000035868	-0.039141	0.253960	2.185109	0.169710	1.090188	1.871829
ENSMUSG00000035875	-0.763910	0.498007	-1.362824	0.105179	0.592714	-0.924368
ENSMUSG00000035877	-0.372050	0.013023	0.358141	-0.082707	0.266016	0.235314
ENSMUSG00000035885	0.075760	-0.114477	-0.138357	0.328324	0.127756	-0.574771
ENSMUSG00000035890	-0.111685	0.049747	0.116324	0.292671	-0.327325	-0.931465
ENSMUSG00000035891	-0.014157	0.697897	1.647325	3.544421	4.921038	5.169356
ENSMUSG00000035898	0.393066	0.374800	0.221450	-1.111957	-0.230292	-1.022912
ENSMUSG00000035900	-0.209734	-0.165909	0.046053	0.033339	0.232623	0.206930
ENSMUSG00000035901	0.268363	0.415693	0.501499	0.800642	1.032047	0.809951
ENSMUSG00000035919	0.013175	0.174262	-0.389850	-0.221631	-0.254453	0.049323
ENSMUSG00000035929	-0.348380	-0.179902	0.264058	0.371006	0.821343	1.466202
ENSMUSG00000035933	0.070370	-0.349291	0.282495	0.142856	0.242341	0.267764
ENSMUSG00000035941	-0.000297	-0.183370	0.299418	0.074246	0.444745	0.318200
ENSMUSG00000035944	-0.710934	-0.884479	0.009783	0.330805	0.621553	1.088467
ENSMUSG00000035949	-0.252082	0.032563	-0.149980	-0.135905	-0.508713	-0.362137
ENSMUSG00000035953	-0.217713	-0.495053	-0.724697	-0.440429	-0.034372	-0.098417
ENSMUSG00000035958	-0.033916	0.037860	0.028154	-0.187376	-0.167664	-0.492565
ENSMUSG00000035960	-0.030449	-0.074718	-0.258478	-0.789338	-1.198195	-1.306807
ENSMUSG00000035964	-0.926391	-0.780378	-0.366187	0.217131	0.120501	-0.242929
ENSMUSG00000035967	0.613580	0.245461	-0.567035	-0.253100	-0.373014	-0.595546
ENSMUSG00000035983	-0.650678	-1.460600	0.828327	-0.965582	-0.467521	-0.541619
ENSMUSG00000035992	0.006332	-0.156073	-0.305257	-0.101603	1.126633	1.298634
ENSMUSG00000036002	-0.172950	0.653461	1.776967	3.232561	3.606952	4.885029
ENSMUSG00000036006	-0.072485	-0.311648	-0.148309	-0.298623	0.088749	0.506833
ENSMUSG00000036009	-0.403759	-0.026252	-0.235685	-0.334271	-0.484295	-0.093743
ENSMUSG00000036019	-2.781645	-3.051272	-4.289730	-0.958841	-1.649597	-1.195247
ENSMUSG00000036022	0.032844	-0.499608	-0.011899	0.021978	0.295581	-0.723824
ENSMUSG00000036023	-0.042564	-0.081556	-0.338287	-0.306872	-0.278975	-0.409624
ENSMUSG00000036026	-0.103362	0.559876	0.676056	1.844350	1.880919	1.809081
ENSMUSG00000036040	0.256782	-1.534926	-0.451505	0.203044	0.067059	-0.242369
ENSMUSG00000036046	0.850935	0.546249	0.460945	0.707129	0.486140	0.067707
ENSMUSG00000036052	1.598148	1.313588	2.715703	2.613074	3.497447	3.168482
ENSMUSG00000036054	-0.030534	0.388884	0.492487	0.375487	0.468578	0.452592
ENSMUSG00000036057	-0.032593	0.130468	-0.057952	0.720680	0.803316	0.730386
ENSMUSG00000036061	0.202569	-0.119024	0.796428	0.227404	1.137599	0.899719
ENSMUSG00000036073	-0.058173	-0.019989	-0.182555	0.332656	0.233760	0.867161
ENSMUSG00000036078	0.264186	0.324820	-0.249506	-0.479695	-1.435039	-2.053135
ENSMUSG00000036086	0.227851	0.318826	0.456178	0.776959	0.750316	0.256103
ENSMUSG00000036087	-0.024179	-0.087828	0.146713	-0.202540	0.097678	0.016012
ENSMUSG00000036091	-0.357486	-0.726598	-0.632124	0.148037	0.499800	0.134903
ENSMUSG00000036093	0.191773	0.016928	-0.330398	0.257256	1.014174	1.155736
ENSMUSG00000036097	0.193821	-0.060986	0.481378	0.092540	0.650766	0.542872
ENSMUSG00000036099	-0.150334	-0.031049	-0.367768	0.000120	-0.621590	-0.146199
ENSMUSG00000036103	0.593771	0.706563	-1.807206	-0.449148	-0.773623	0.238361
ENSMUSG00000036104	-0.013609	-0.016811	-0.105853	0.025348	0.198842	0.446492
ENSMUSG00000036106	0.264972	1.258785	1.600071	1.765230	0.219517	0.035893
ENSMUSG00000036109	-0.892857	-1.582883	-1.595935	-1.421289	-1.627785	-1.991106
ENSMUSG00000036112	0.001880	-0.027719	-0.087014	-1.002669	-1.693736	-1.394763
ENSMUSG00000036114	-0.012881	0.084565	0.322290	0.332726	0.919159	0.822104
ENSMUSG00000036120	0.073529	0.440298	0.483112	0.900386	0.805992	1.418225
ENSMUSG00000036138	0.065246	0.024667	0.141520	0.322977	0.508349	0.680679
ENSMUSG00000036151	-0.062204	-0.033030	-0.858717	0.113403	-0.322865	-0.153582
ENSMUSG00000036155	1.030459	-0.217181	1.121086	-0.310862	2.195409	2.319044
ENSMUSG00000036160	-0.128356	-0.567550	-0.791381	-1.367277	-1.343519	-1.184155
ENSMUSG00000036167	-0.067698	-0.149822	-0.289990	-0.545113	-0.418392	-0.364067
ENSMUSG00000036168	-1.084595	-1.161591	1.109503	0.794840	2.334589	1.610020
ENSMUSG00000036172	0.033036	-0.401188	0.303188	-0.348890	-0.614226	-0.550284
ENSMUSG00000036180	-0.139444	-0.072947	-0.085119	-0.328644	-0.334355	-0.618580
ENSMUSG00000036181	0.279097	-0.126709	-0.142884	0.683987	2.017053	2.407962
ENSMUSG00000036185	-0.102593	-0.166008	-0.156202	-0.395741	-0.267841	-0.210394
ENSMUSG00000036188	0.281266	0.232696	0.019812	0.575370	0.388536	0.573467
ENSMUSG00000036196	-0.154572	0.874454	-1.619584	1.375130	0.696890	1.896560
ENSMUSG00000036197	0.121857	-0.028306	0.483934	-0.625424	0.104409	-0.024006
ENSMUSG00000036199	-0.073782	0.044010	-0.007297	0.228880	0.024398	0.024595
ENSMUSG00000036202	0.098786	0.137669	0.382931	-0.484249	-0.598701	-0.739010
ENSMUSG00000036208	-0.032981	-0.209819	-0.347747	-0.742032	-1.159861	-1.075333
ENSMUSG00000036214	-0.735519	-0.283404	0.267527	-1.147897	-0.244001	-0.639301
ENSMUSG00000036223	-0.014762	-0.037402	-0.397800	-0.256463	-0.687329	-0.878409
ENSMUSG00000036225	0.186506	0.196851	0.262964	-0.036008	0.126686	0.004058
ENSMUSG00000036241	0.166937	0.654955	0.377188	0.919514	0.931950	1.138612
ENSMUSG00000036246	-0.485225	-0.747020	-0.627744	0.116412	-0.113153	-0.240446
ENSMUSG00000036249	-0.144814	-0.439474	-0.171866	-0.605863	-0.468485	-0.512123
ENSMUSG00000036257	-0.079270	-0.443481	-0.009213	-0.353587	-0.060933	-0.235258
ENSMUSG00000036270	0.208950	0.433618	0.467995	0.566212	0.556523	0.326141
ENSMUSG00000036273	0.247062	-0.692665	-0.736375	-0.384050	0.211088	0.368369
ENSMUSG00000036275	-0.032317	0.119996	0.211265	0.110454	0.234562	0.121858
ENSMUSG00000036278	-0.041460	-0.067856	0.259297	0.130271	0.173474	-0.178870
ENSMUSG00000036281	-0.302309	-0.107938	-0.824437	-0.804392	-1.570426	-1.662859
ENSMUSG00000036282	-0.227037	-0.414928	-0.242403	-0.506956	-0.436630	-0.010399
ENSMUSG00000036285	-0.196463	-0.351794	-0.692070	-0.834467	-1.505742	-1.757266
ENSMUSG00000036291	-0.200334	-0.312619	0.284805	0.037301	0.839271	0.667344
ENSMUSG00000036292	-0.267263	-0.110129	0.314585	-0.010659	0.785276	1.230126
ENSMUSG00000036295	0.915557	-0.007595	0.210390	0.475163	0.885968	1.663139
ENSMUSG00000036299	-0.204544	-0.125061	-0.285060	-0.032370	0.160870	-0.300330
ENSMUSG00000036304	0.468969	0.815137	1.726646	1.359358	1.267848	0.600022
ENSMUSG00000036305	-1.067462	0.192459	1.815857	-1.553748	-1.641732	-0.837328
ENSMUSG00000036309	0.108471	0.237167	-0.070564	-0.070548	-0.495085	-0.305256
ENSMUSG00000036315	-0.062816	-0.071288	-0.355100	0.097592	-0.219083	-0.402875
ENSMUSG00000036323	0.156009	0.429878	0.064782	0.103360	0.021538	0.346635
ENSMUSG00000036327	-0.134622	-0.108653	-0.182643	-1.034287	-1.132153	-1.479365
ENSMUSG00000036333	0.157834	0.161015	0.093172	0.167686	0.521997	0.791654
ENSMUSG00000036339	0.306390	0.073325	0.003574	-0.064303	-0.262321	-0.389091
ENSMUSG00000036352	-0.031583	0.147472	0.036004	0.011821	-0.297786	-0.392409
ENSMUSG00000036353	-0.049742	-0.518858	0.206639	0.925336	0.901653	-0.013615
ENSMUSG00000036356	0.706203	0.519192	-1.865191	-2.788746	-2.063427	-2.107601
ENSMUSG00000036362	-1.098461	0.607561	1.309415	4.196025	3.857298	3.468448
ENSMUSG00000036371	-0.267862	-0.083638	-0.060711	-0.585197	-1.375765	-1.105174
ENSMUSG00000036372	0.050003	0.311598	-0.375835	0.301915	-0.061773	-0.401798
ENSMUSG00000036376	0.081938	-0.012265	-0.248008	-0.433084	-0.197476	-0.136735
ENSMUSG00000036381	-0.081824	0.387241	0.109973	1.803270	2.343947	2.392150
ENSMUSG00000036390	-0.406221	-0.001498	0.445685	1.134297	2.359190	2.506703
ENSMUSG00000036391	-0.044415	0.004356	-0.063276	-0.254407	-0.367355	-0.603240
ENSMUSG00000036398	-0.009423	0.305993	0.079057	0.119393	-0.166020	0.001896
ENSMUSG00000036402	0.180637	-0.134284	-0.180862	-0.594975	-0.150666	0.046674
ENSMUSG00000036403	0.037730	0.225529	0.933845	0.222383	0.405383	0.596644
ENSMUSG00000036411	0.255939	-0.554699	-1.290745	-1.164916	-1.183410	-0.880535
ENSMUSG00000036427	0.217013	0.642138	0.252982	0.316462	-0.606900	-1.150039
ENSMUSG00000036430	0.037851	-0.095921	0.013452	0.181161	0.397005	0.685326
ENSMUSG00000036432	-0.116411	0.043297	-0.146048	-0.231736	-0.270738	-0.418462
ENSMUSG00000036435	-0.195315	-0.092739	-0.250981	0.057264	0.122040	0.379020
ENSMUSG00000036438	0.011499	0.208980	0.579269	0.353057	0.686616	1.008312
ENSMUSG00000036442	0.085518	-0.144719	0.317428	0.312696	1.165471	1.085864
ENSMUSG00000036450	0.176595	0.082204	0.492746	0.301517	0.931059	0.826401
ENSMUSG00000036452	-0.131278	-0.650294	-0.100716	0.221402	0.650487	0.919102
ENSMUSG00000036461	0.271594	0.471804	1.315752	0.996427	1.715299	1.648807
ENSMUSG00000036473	-0.182260	-0.209247	-0.137874	-0.394772	-0.115027	-0.182080
ENSMUSG00000036478	0.051918	0.568679	0.892527	1.172189	1.842019	2.124110
ENSMUSG00000036499	0.163540	0.134447	1.005008	0.041271	0.427244	0.571142
ENSMUSG00000036501	-0.017046	0.023285	-0.128693	-0.208486	0.696405	0.829600
ENSMUSG00000036503	-0.139857	-0.114837	0.058456	0.970532	1.330678	1.258828
ENSMUSG00000036504	-0.123961	0.090900	-0.163093	-0.320155	-0.743956	-0.886291
ENSMUSG00000036513	-0.511363	-0.170899	-0.344088	-0.161234	-0.237486	0.110995
ENSMUSG00000036529	-0.053476	0.156751	0.124820	0.234315	-0.005763	-0.045560
ENSMUSG00000036533	0.478612	0.095940	0.200157	0.372105	0.599083	1.088747
ENSMUSG00000036534	0.036694	-0.032545	-0.156105	0.266616	0.363676	0.399697
ENSMUSG00000036537	0.188137	0.136155	-0.185334	-0.157199	-0.481494	-0.537410
ENSMUSG00000036550	0.108425	-0.032819	0.025921	0.122869	0.447933	0.101665
ENSMUSG00000036552	-0.138820	0.344526	0.360022	0.756034	0.547639	0.882412
ENSMUSG00000036553	0.288031	-0.076545	0.151993	-0.324051	-0.499623	-0.227973
ENSMUSG00000036555	0.428092	0.808102	0.670101	0.611105	0.712858	0.934129
ENSMUSG00000036561	0.125268	0.494012	0.985841	1.197767	1.803812	1.821996
ENSMUSG00000036565	1.574585	1.676184	3.632997	4.495866	6.485708	5.900341
ENSMUSG00000036568	-0.251331	0.104616	0.885190	0.866022	1.507558	1.282822
ENSMUSG00000036572	0.085473	0.295459	-0.229206	-0.006880	-0.024111	0.696546
ENSMUSG00000036580	0.366793	0.450606	0.537901	0.012896	0.126609	0.175422
ENSMUSG00000036591	-0.019849	-0.289562	-0.459384	-0.524801	-0.197474	0.338334
ENSMUSG00000036599	-0.400444	0.108042	0.015655	0.326784	-0.022314	-0.093851
ENSMUSG00000036606	1.835525	1.202297	1.300153	1.357985	1.953259	1.918837
ENSMUSG00000036613	-0.158012	-0.140035	-0.135297	0.328743	0.252720	-0.025453
ENSMUSG00000036615	0.245767	0.652524	0.249218	-0.073695	-0.021325	-0.000314
ENSMUSG00000036620	0.778705	-0.058076	-0.666622	-1.358610	-1.346913	-1.313276
ENSMUSG00000036622	-0.357809	-0.476640	-0.267557	0.078162	0.164667	-0.148743
ENSMUSG00000036632	-0.045662	0.014213	-0.547995	-0.952004	-1.140398	-0.825507
ENSMUSG00000036636	0.063088	0.318631	-0.038753	0.241744	0.841100	0.842739
ENSMUSG00000036639	-0.075245	0.059456	-0.093587	0.169089	-0.433574	-0.324076
ENSMUSG00000036644	0.218758	0.347819	0.729044	0.483738	0.766186	0.834134
ENSMUSG00000036646	0.137499	-0.011681	0.085714	-0.235173	-0.068660	-0.225587
ENSMUSG00000036661	0.052590	-0.062491	-0.027271	-0.960450	-0.890402	-0.597640
ENSMUSG00000036672	-0.152660	0.106534	0.661517	1.584551	1.555981	0.991110
ENSMUSG00000036676	0.182854	-1.496839	-1.560353	-0.985416	-1.913597	-2.149917
ENSMUSG00000036678	0.151206	0.014949	0.046683	0.265207	0.258906	-0.237977
ENSMUSG00000036686	-0.040061	0.216360	0.100855	0.234427	0.427173	0.647784
ENSMUSG00000036693	0.003460	0.086729	-0.218061	-0.801026	-1.519097	-1.247062
ENSMUSG00000036698	0.569076	-0.175006	0.589232	-0.397401	0.648074	0.288823
ENSMUSG00000036707	0.221220	0.004617	0.201403	-0.076584	0.354040	0.229217
ENSMUSG00000036712	-0.236571	0.119239	0.333882	0.380981	0.681275	0.706915
ENSMUSG00000036718	-0.464224	-1.115968	-2.130607	-1.912844	-2.862161	-3.007885
ENSMUSG00000036721	-0.262059	-1.355087	-0.682931	-1.482183	0.119141	-0.989190
ENSMUSG00000036733	-0.461145	0.379023	-1.442894	1.222338	-0.062795	-0.526301
ENSMUSG00000036737	0.014957	-0.148489	0.151335	-0.235884	-0.065657	-0.167942
ENSMUSG00000036748	-0.013891	0.142025	0.023457	0.101021	0.230020	0.327547
ENSMUSG00000036751	0.182910	-0.034371	-0.285039	-0.026146	0.084935	-0.036861
ENSMUSG00000036752	-0.152834	-0.083156	0.590216	-0.279806	-0.023039	-0.164009
ENSMUSG00000036764	-0.508676	-0.853799	0.619088	-0.773962	0.628240	-0.278475
ENSMUSG00000036768	0.316355	0.094262	0.359078	-0.223001	0.105337	-0.257988
ENSMUSG00000036769	0.236977	0.219697	0.517713	1.124496	1.056063	0.887169
ENSMUSG00000036775	0.197268	0.797599	0.347694	0.777114	0.506078	0.928153
ENSMUSG00000036777	0.495409	0.116315	0.341082	-0.147367	0.217337	-0.120512
ENSMUSG00000036779	-0.012023	0.202289	0.300405	-0.300402	-0.044877	-0.325532
ENSMUSG00000036781	-0.159666	0.022788	-0.474531	-0.571506	-1.483335	-1.459822
ENSMUSG00000036792	-0.029729	0.019245	-0.023208	0.418772	0.606506	0.639864
ENSMUSG00000036800	-2.723878	-2.580458	-2.058554	-1.633445	-0.793563	-0.400849
ENSMUSG00000036810	0.099917	0.437845	0.110022	-0.200177	-0.058142	0.189984
ENSMUSG00000036817	0.237255	0.498627	0.511782	0.519266	0.427953	0.607331
ENSMUSG00000036819	0.003008	-0.163866	0.031526	-0.319775	-0.279595	-0.284285
ENSMUSG00000036820	-0.257753	-0.119999	-0.302262	0.412314	0.870606	1.112018
ENSMUSG00000036822	0.026656	-0.455824	-0.354214	-0.473787	-0.244662	-0.103160
ENSMUSG00000036825	0.078538	0.665247	0.665445	0.041683	0.452070	0.197094
ENSMUSG00000036833	-0.627239	-0.149578	-0.463617	0.787540	0.824076	1.208195
ENSMUSG00000036834	-0.061836	0.295062	0.924326	1.335215	2.127517	2.085844
ENSMUSG00000036835	0.017363	0.017101	-0.169935	0.669020	0.804745	0.681961
ENSMUSG00000036840	0.013092	-0.073204	0.303360	0.515400	0.956838	0.725915
ENSMUSG00000036845	-0.300534	0.362267	0.056643	0.829461	0.454244	0.627351
ENSMUSG00000036850	-0.099456	-0.105445	0.301484	-0.279661	-0.291069	-0.457812
ENSMUSG00000036854	0.272575	0.217947	0.377240	1.234418	0.840875	0.976310
ENSMUSG00000036856	0.250241	0.206383	-1.231441	-0.039581	-1.039980	-0.837304
ENSMUSG00000036860	-0.346757	0.102468	-0.073289	-0.282909	-1.186596	-1.204045
ENSMUSG00000036863	-0.291722	-0.519521	-0.699359	-2.282888	-2.918083	-2.804471
ENSMUSG00000036864	-0.157097	0.382937	0.227424	1.196536	1.083078	1.066783
ENSMUSG00000036873	-0.112742	0.049812	-0.020916	-0.490988	-0.693308	-0.505818
ENSMUSG00000036875	-0.249975	-1.140348	-1.072916	-1.721813	-2.118038	-2.916475
ENSMUSG00000036879	-0.001435	-0.059290	-0.019306	-0.175226	0.129506	0.184744
ENSMUSG00000036880	0.128721	0.004347	0.187061	0.566707	0.512780	0.503136
ENSMUSG00000036882	0.013132	0.351495	0.367597	1.069963	0.819149	0.454180
ENSMUSG00000036890	-0.007743	0.283960	0.418645	0.699480	0.346945	0.816686
ENSMUSG00000036893	0.016634	-0.144091	-0.310160	-0.196758	-0.339522	-0.301554
ENSMUSG00000036894	0.302363	0.208926	0.245379	0.104227	0.613278	0.895472
ENSMUSG00000036898	0.370943	1.012470	0.335130	0.794075	0.858107	1.085077
ENSMUSG00000036902	0.093601	-0.070468	-0.313997	0.369667	-0.039261	-1.294430
ENSMUSG00000036908	0.019585	-0.329783	-0.774954	0.105041	0.669040	1.007428
ENSMUSG00000036916	-0.009950	-0.650743	-0.480185	-0.687205	-0.547371	-0.280017
ENSMUSG00000036918	0.087847	0.100731	0.830596	0.583743	0.187104	-0.256994
ENSMUSG00000036931	-0.125111	-0.645809	-0.653368	-0.722154	-1.073532	-1.090629
ENSMUSG00000036932	0.085691	-0.076867	-0.022866	-0.285610	-0.543053	-0.574715
ENSMUSG00000036934	-0.164812	0.005248	-0.185715	0.408636	0.732555	1.014741
ENSMUSG00000036940	-0.023718	0.156725	-0.214025	-0.110851	0.006760	-0.004863
ENSMUSG00000036941	0.413561	0.809012	0.626284	1.023296	0.866535	0.504715
ENSMUSG00000036943	0.250883	-0.813172	-0.521910	-0.722056	0.047933	-0.258385
ENSMUSG00000036944	0.056251	0.859598	1.808656	2.928274	3.648706	4.442235
ENSMUSG00000036948	0.054677	0.646048	0.981291	0.406208	-0.413057	-0.261774
ENSMUSG00000036955	0.184339	0.178859	0.638930	0.319527	0.592342	0.425278
ENSMUSG00000036959	-0.015306	0.273678	0.016633	-0.719357	-0.635287	-0.362736
ENSMUSG00000036966	0.031678	0.456342	0.122636	0.331124	0.131774	0.060944
ENSMUSG00000036968	0.256192	0.851021	0.842642	0.615726	0.585552	0.802681
ENSMUSG00000036975	0.284731	0.526117	0.469207	0.287166	0.264415	0.139187
ENSMUSG00000036977	-0.133163	-0.045162	-0.072022	-0.305475	-0.820019	-0.764849
ENSMUSG00000036980	0.080067	0.313593	0.253561	0.495309	0.304822	-0.091004
ENSMUSG00000036983	-0.046906	-0.049431	0.015586	0.306303	-0.503942	-0.804135
ENSMUSG00000036985	-0.231290	0.080003	0.086450	0.311410	0.083510	0.181447
ENSMUSG00000036986	0.253711	-0.467032	-0.397361	0.312411	-0.085386	-0.361201
ENSMUSG00000036989	0.408868	1.291165	0.328489	0.807310	0.543520	-0.099292
ENSMUSG00000036990	-0.016116	-0.564160	-0.241873	-0.817704	-0.977064	-1.118934
ENSMUSG00000036992	-0.231362	-0.358876	-0.469254	-0.530774	-0.849297	-1.370447
ENSMUSG00000037001	-0.034737	0.085843	-0.086488	-0.040881	-0.133298	-0.006634
ENSMUSG00000037003	1.906917	-0.051635	-1.692650	-1.393035	-1.805004	-1.231349
ENSMUSG00000037007	0.440108	0.380928	0.386423	0.702470	1.303327	1.262872
ENSMUSG00000037012	0.647082	0.813637	0.340678	0.031751	-0.676962	-0.619848
ENSMUSG00000037013	-0.218514	-0.113039	-0.033014	-0.121523	0.080819	-0.403388
ENSMUSG00000037015	-0.041305	-0.544234	-0.610152	-1.210864	-0.922909	-1.009698
ENSMUSG00000037017	0.191309	-0.171980	-0.012354	0.358463	0.720912	1.026021
ENSMUSG00000037020	-0.256089	0.214872	0.057631	0.583492	0.603896	0.077786
ENSMUSG00000037022	-0.052001	0.361953	0.706709	0.712548	0.469383	1.137685
ENSMUSG00000037029	0.120787	0.243419	0.469024	-0.234261	0.077840	0.084198
ENSMUSG00000037049	0.700718	2.177400	2.570917	3.516844	2.770551	3.173186
ENSMUSG00000037058	-0.050903	0.043765	-0.080055	0.364811	0.323393	0.415109
ENSMUSG00000037062	0.080887	0.244781	0.138871	0.268272	0.328549	0.399789
ENSMUSG00000037070	-0.103191	-0.167783	0.048168	-0.164756	-0.240587	-0.703259
ENSMUSG00000037071	0.162413	-0.045653	0.184894	0.031977	0.397850	0.012491
ENSMUSG00000037072	0.138075	0.221855	0.169051	-0.035566	-0.048975	-0.182921
ENSMUSG00000037075	0.065259	0.203519	0.011838	0.121550	0.005857	0.321661
ENSMUSG00000037085	0.030742	-0.031843	-0.521256	0.039112	-0.136534	0.590574
ENSMUSG00000037089	-0.117108	-0.521659	-0.506525	-0.494878	0.039773	0.067658
ENSMUSG00000037098	0.078346	0.562422	0.431508	0.295636	0.479044	0.651463
ENSMUSG00000037103	-0.149897	-0.053112	0.400133	0.418998	0.870806	0.493130
ENSMUSG00000037104	-0.153797	0.393909	0.715782	0.659941	1.229044	1.795909
ENSMUSG00000037108	0.236191	0.497347	0.290634	0.303633	0.094823	0.329171
ENSMUSG00000037110	0.002388	-0.200550	-0.374712	-0.494494	-0.483877	-0.348748
ENSMUSG00000037111	0.220793	-0.181109	0.343746	-0.101551	0.470087	0.337778
ENSMUSG00000037112	-0.244234	-0.638003	-0.299344	-0.168855	-0.223409	-0.762473
ENSMUSG00000037119	0.102504	0.011283	0.519518	0.113745	0.476758	0.336419
ENSMUSG00000037126	-0.139968	-0.409949	0.054670	1.517623	0.311398	1.277095
ENSMUSG00000037134	-0.057298	0.031975	-0.341173	-0.197037	-0.203875	-0.221413
ENSMUSG00000037138	-0.224764	-0.409995	0.452792	0.726680	1.635673	1.335879
ENSMUSG00000037139	-1.275794	-0.527617	0.174809	-1.668809	-3.634138	-3.071236
ENSMUSG00000037143	0.049945	-1.298435	-1.444397	-1.208711	-1.336425	0.277114
ENSMUSG00000037148	-0.059694	-0.468992	-1.261257	-1.484818	-2.188961	-2.164865
ENSMUSG00000037149	0.003316	0.014678	-0.599646	-0.811917	-0.972032	-1.004206
ENSMUSG00000037151	-0.408358	-0.453041	-0.242879	-0.648397	-0.214076	-0.718560
ENSMUSG00000037152	0.246442	-0.113544	-0.341325	-0.127820	-0.978754	-0.950165
ENSMUSG00000037161	1.493393	2.661948	0.723575	3.123905	-0.958177	-2.410780
ENSMUSG00000037169	-4.632150	-2.994924	-3.445802	-3.586315	-3.754044	-3.540908
ENSMUSG00000037172	0.192823	-0.197050	0.245507	-0.724736	-0.858224	-1.238962
ENSMUSG00000037174	-0.202021	-0.032782	0.114837	-0.027289	0.099238	0.093559
ENSMUSG00000037190	-0.618757	-0.363291	-0.410800	0.284018	-0.132293	-0.076209
ENSMUSG00000037197	-0.124881	0.043561	0.083806	-0.080429	0.179865	0.508565
ENSMUSG00000037204	-0.285526	-0.477350	-0.471022	0.483436	0.871597	0.439604
ENSMUSG00000037210	0.161924	0.407779	0.232929	0.363366	0.424480	0.552072
ENSMUSG00000037211	-0.248826	-1.670932	-1.806749	-3.389157	-4.382117	-4.878262
ENSMUSG00000037214	0.046727	-0.114089	-0.407152	-0.511965	-0.933402	-0.515741
ENSMUSG00000037216	-0.122363	-0.090570	-0.370890	-0.749805	-0.873460	-1.333656
ENSMUSG00000037221	0.044993	0.150885	0.218149	0.338982	0.252121	0.162064
ENSMUSG00000037234	0.224649	-0.061251	0.495782	0.254675	0.706732	1.031967
ENSMUSG00000037235	0.416138	0.809184	1.172865	2.821299	3.765875	4.233265
ENSMUSG00000037236	0.061206	-0.197624	-0.324952	-0.153469	0.035925	0.220600
ENSMUSG00000037239	-0.067910	-0.050621	-0.674039	0.475357	0.350521	0.077297
ENSMUSG00000037242	0.070565	0.055083	0.772556	-0.294820	-0.250748	-0.452069
ENSMUSG00000037243	0.142781	0.153519	-0.895657	-1.143248	-1.412198	-1.153818
ENSMUSG00000037251	-0.361735	-0.315556	-0.145821	-0.022702	-0.134756	-0.135055
ENSMUSG00000037253	-0.047509	-0.100805	0.889092	0.187701	0.706714	0.114974
ENSMUSG00000037257	0.032207	0.235355	0.488342	0.312721	0.371913	0.565785
ENSMUSG00000037260	-0.274835	-0.398416	-0.059633	-0.974122	-0.759285	-0.991634
ENSMUSG00000037262	-0.179929	0.373037	0.158619	0.194087	-0.400885	0.157700
ENSMUSG00000037266	-0.089870	-0.131044	0.337670	0.804515	1.168621	1.416997
ENSMUSG00000037270	0.116646	0.206550	0.066023	0.034730	0.198897	0.253953
ENSMUSG00000037275	-0.246649	-0.323858	-0.645353	-1.030779	-1.475021	-1.801098
ENSMUSG00000037278	0.038179	0.016431	-0.358427	-0.651769	-1.147843	-1.793381
ENSMUSG00000037280	-2.315616	-2.327373	-1.547530	-3.186209	-3.517036	-3.716427
ENSMUSG00000037286	0.139753	0.079276	0.301296	-0.489993	-0.537245	-0.547818
ENSMUSG00000037287	0.112652	0.273098	0.419795	0.773533	0.403732	0.662322
ENSMUSG00000037295	-0.016512	-0.196925	0.317847	-0.016781	0.070590	-0.057423
ENSMUSG00000037296	-0.332340	-0.082798	-0.023090	0.479298	0.145666	0.002252
ENSMUSG00000037300	0.014410	0.016055	0.016443	-0.708982	-0.768262	-1.049442
ENSMUSG00000037313	0.139963	0.230021	0.661983	0.071890	0.238746	0.279128
ENSMUSG00000037315	0.070687	0.072439	0.043582	-0.619202	-0.392405	-0.586672
ENSMUSG00000037316	0.057970	0.060689	0.234898	0.100880	0.130186	-0.419062
ENSMUSG00000037318	-0.252835	0.120106	0.675323	0.917719	1.026468	1.571188
ENSMUSG00000037321	-0.127427	0.253976	0.312125	0.519135	0.452589	0.515692
ENSMUSG00000037326	-0.134300	-0.169230	-0.154951	-0.273989	-0.065688	-0.298290
ENSMUSG00000037331	-0.216184	-0.083274	-0.325053	-0.927965	-1.345114	-1.621860
ENSMUSG00000037336	0.027798	0.862565	-0.681459	-0.193227	-0.548812	-1.242984
ENSMUSG00000037337	-0.043151	0.221556	0.937519	1.185648	1.059382	0.917818
ENSMUSG00000037339	0.085235	0.313669	0.126335	0.576851	0.332487	0.205859
ENSMUSG00000037341	2.086913	2.354587	1.964145	2.966751	3.885526	2.941165
ENSMUSG00000037343	-0.108663	-0.124858	0.066434	-0.054104	0.130611	-0.020452
ENSMUSG00000037344	-0.124380	-0.849370	-0.781103	-0.175020	-0.325086	-0.277365
ENSMUSG00000037348	0.405613	0.721607	0.492528	1.139563	1.243489	1.166216
ENSMUSG00000037351	-0.022478	0.226300	0.250282	0.046757	0.058268	0.070080
ENSMUSG00000037353	-0.054496	-0.071486	-0.121012	0.298233	0.673716	0.403811
ENSMUSG00000037355	0.329591	0.386950	0.857990	0.286423	0.990963	1.322608
ENSMUSG00000037361	-0.241707	-0.177241	-0.081152	-0.141070	-0.107521	-0.507435
ENSMUSG00000037363	0.182513	0.413985	0.499809	1.679139	1.738280	1.451956
ENSMUSG00000037364	0.272253	0.344087	0.212734	0.351709	0.071793	0.113381
ENSMUSG00000037366	0.050842	0.134778	-0.756607	-0.476878	0.475618	0.626727
ENSMUSG00000037369	0.131206	-0.122307	-0.055850	0.797986	0.972866	0.631827
ENSMUSG00000037373	-0.028887	0.095442	0.401342	0.172315	0.439055	0.236536
ENSMUSG00000037375	1.200663	1.286804	1.299664	0.727534	1.405621	1.158582
ENSMUSG00000037376	-0.241565	-0.066379	-0.336980	-1.358163	-1.594741	-1.604884
ENSMUSG00000037395	-0.073015	0.019139	0.103040	0.066723	0.177982	-0.448154
ENSMUSG00000037400	0.143594	0.424426	0.695345	0.690495	0.769955	-0.024545
ENSMUSG00000037405	-0.120418	0.797783	1.223270	1.424591	1.028327	1.024132
ENSMUSG00000037406	-1.798198	0.830381	0.930263	0.916457	1.480858	1.081885
ENSMUSG00000037408	0.552698	0.131943	0.677552	0.373488	0.598751	0.117776
ENSMUSG00000037415	-0.013721	0.143545	0.391311	0.544331	1.232507	1.245662
ENSMUSG00000037416	0.247783	0.124373	0.043556	0.536198	0.992654	1.038285
ENSMUSG00000037419	0.028649	-1.610271	-2.466362	-2.622486	-2.931783	-3.367268
ENSMUSG00000037426	-0.077400	-0.132499	0.118518	0.280359	0.050231	-0.312470
ENSMUSG00000037434	0.428449	0.323598	-0.068026	0.181988	0.056914	0.216129
ENSMUSG00000037443	0.168959	0.334976	-0.073768	-0.206767	0.197013	0.101515
ENSMUSG00000037446	-0.081171	1.529816	0.884465	-0.994530	-0.147468	1.328034
ENSMUSG00000037447	-1.163032	-0.580346	0.672849	1.990208	2.013962	2.622383
ENSMUSG00000037458	-0.099568	-0.227914	0.074520	-0.143404	-0.433816	-1.429799
ENSMUSG00000037461	-0.032833	-0.190643	0.145641	0.170365	0.420322	-0.049663
ENSMUSG00000037465	-0.265917	-0.234155	0.133032	-0.796174	-0.610511	-0.855868
ENSMUSG00000037466	-0.434952	0.476895	1.406231	0.369607	-0.201771	-0.770589
ENSMUSG00000037470	-0.177910	-0.342108	-0.283629	-0.112164	-0.407142	-0.530589
ENSMUSG00000037474	-0.056953	-0.159879	0.009497	-0.408334	-0.327651	-1.162259
ENSMUSG00000037475	0.238961	0.428393	0.033906	-0.066620	-0.582367	0.014124
ENSMUSG00000037486	-0.201289	-0.227152	-0.293750	-0.500929	-0.444901	-0.582996
ENSMUSG00000037487	0.344295	-0.108346	0.281713	-0.230959	0.272430	0.267533
ENSMUSG00000037499	-0.034473	0.133666	-0.545302	-0.233392	-0.661952	-1.463486
ENSMUSG00000037503	0.024284	-0.042624	0.324464	0.230406	0.865960	0.451454
ENSMUSG00000037509	0.032839	-0.367621	-0.493857	-0.757212	-0.897479	-1.013957
ENSMUSG00000037513	0.029897	0.194175	0.073083	-0.049789	0.434680	0.595169
ENSMUSG00000037514	0.088862	0.088785	-0.097392	0.487771	0.171440	0.268531
ENSMUSG00000037519	-0.009301	0.157043	0.150583	-0.080475	0.014805	0.049679
ENSMUSG00000037523	0.116856	-0.080558	-0.050351	0.195611	0.303692	-0.244204
ENSMUSG00000037525	-0.244152	0.117055	0.458923	-0.067201	0.287363	-0.316302
ENSMUSG00000037526	-0.249586	-0.607596	0.165906	0.170513	1.120415	0.763273
ENSMUSG00000037531	-0.074782	-0.103334	-0.619920	-0.776287	-1.008932	-1.095851
ENSMUSG00000037533	-0.106343	-0.241055	0.192415	-0.203014	-0.080339	0.004268
ENSMUSG00000037536	-0.081284	-0.043404	0.024251	-0.000633	0.515231	0.390340
ENSMUSG00000037544	0.053493	0.295650	0.672976	0.269363	0.277756	0.251441
ENSMUSG00000037548	-1.495395	-0.682420	0.149791	0.979796	-0.645495	0.635718
ENSMUSG00000037552	-0.308409	0.124305	0.702650	0.840213	1.127977	1.309789
ENSMUSG00000037553	0.110504	0.124058	-0.104833	-0.178163	-0.561784	-0.637550
ENSMUSG00000037563	0.150762	-0.036516	-0.067816	-0.163489	-0.236984	-0.165238
ENSMUSG00000037568	-0.159957	-0.723120	-0.743520	-1.098636	0.071119	0.629080
ENSMUSG00000037570	0.002066	-0.085091	-0.085398	-0.303977	0.401715	0.311758
ENSMUSG00000037572	-0.185604	-0.356462	-0.768239	-0.957862	-1.164553	-1.629123
ENSMUSG00000037573	-0.030935	0.776694	0.874188	1.566131	1.805075	1.626615
ENSMUSG00000037577	0.199205	-1.194620	0.892664	0.714344	0.118577	0.269479
ENSMUSG00000037580	0.329593	0.122698	0.333960	0.499768	0.418753	0.239056
ENSMUSG00000037593	-1.102334	0.492095	0.241237	-0.500402	-0.385143	-0.995973
ENSMUSG00000037594	-0.097409	-1.225010	-0.684950	-0.917386	-0.271606	0.352208
ENSMUSG00000037601	-0.199705	0.087338	-0.617678	-0.282365	-1.228644	-1.889488
ENSMUSG00000037606	-0.396103	0.241932	0.778438	0.765825	2.046093	2.851473
ENSMUSG00000037608	0.015697	-0.008430	-0.085450	-0.246191	-0.370551	-0.480570
ENSMUSG00000037617	-0.020876	0.627951	0.135427	0.459903	-0.051515	0.535007
ENSMUSG00000037621	0.602560	0.136027	1.397047	2.784331	1.886771	1.636728
ENSMUSG00000037622	0.068862	0.285848	0.894603	1.374651	1.683848	1.468226
ENSMUSG00000037628	0.092886	0.430535	0.512692	0.751897	0.802096	0.270828
ENSMUSG00000037638	0.810651	-0.168738	-1.038912	-0.724143	-0.145555	0.499225
ENSMUSG00000037640	0.130924	0.193018	-0.439136	-0.371290	-0.679189	-0.038387
ENSMUSG00000037643	0.408489	0.029278	0.615021	-0.233663	0.480696	0.039635
ENSMUSG00000037646	-0.152975	-0.348208	0.062832	0.204513	1.475730	1.772620
ENSMUSG00000037649	0.328077	0.379057	0.382618	-0.692495	-0.529437	-0.380165
ENSMUSG00000037652	0.077038	-0.013828	0.001092	0.053976	0.175099	0.229098
ENSMUSG00000037656	-0.031559	0.167021	-0.206128	-0.743552	-0.727177	-0.948201
ENSMUSG00000037669	0.027693	-0.185585	-0.150986	-0.457247	-0.247431	0.101985
ENSMUSG00000037674	0.123655	0.067994	0.234625	0.580699	0.611863	0.281836
ENSMUSG00000037679	1.407907	0.869378	0.757443	0.063143	0.677702	1.054471
ENSMUSG00000037683	-0.983497	-0.628747	0.094590	0.401967	0.735483	1.227871
ENSMUSG00000037685	0.057241	-0.091799	0.140189	0.110413	0.599772	0.969946
ENSMUSG00000037692	0.106285	-1.648849	-1.567912	-1.565265	-1.019337	-0.467700
ENSMUSG00000037697	-0.174805	0.153731	-0.075948	-0.584827	-0.620442	-0.693825
ENSMUSG00000037703	-0.158127	0.181105	0.698651	0.384233	0.859638	0.299724
ENSMUSG00000037706	0.607261	0.419780	0.206871	0.319619	0.171675	-0.249933
ENSMUSG00000037710	-0.131125	-0.165782	-0.274561	-0.082611	0.209336	-0.279067
ENSMUSG00000037720	0.067676	-0.255535	-0.088654	-0.575002	-0.704151	-1.034437
ENSMUSG00000037722	-0.293744	-0.232075	-0.164453	-0.242878	-0.487738	-0.296842
ENSMUSG00000037725	-0.118328	-0.216183	-0.800679	-0.762952	-0.625428	-0.789979
ENSMUSG00000037730	-0.060462	0.075878	0.119828	0.270738	0.770662	0.810392
ENSMUSG00000037731	-0.522934	1.246205	1.742896	1.751288	1.063933	0.174802
ENSMUSG00000037736	-1.051185	-2.126899	-2.193894	-0.356268	-0.518113	-0.511603
ENSMUSG00000037740	-0.003010	0.032724	0.022823	-0.085486	-0.811882	-0.597298
ENSMUSG00000037742	0.235947	0.134216	0.251360	-0.144571	0.073033	0.037861
ENSMUSG00000037750	-0.062510	0.086509	0.131651	0.390296	0.312883	0.070942
ENSMUSG00000037752	0.140176	0.432889	0.263101	-0.036613	0.548324	0.000283
ENSMUSG00000037754	0.313181	0.135719	0.754442	0.480270	0.919902	0.696542
ENSMUSG00000037759	0.733644	0.426742	-1.294504	-2.463053	-2.182384	-2.414358
ENSMUSG00000037761	-0.133846	0.049549	0.033343	0.010325	-0.168138	0.001292
ENSMUSG00000037772	0.028909	-0.109532	-0.567042	-0.233885	-0.456383	-0.742473
ENSMUSG00000037773	-0.006712	-0.003429	0.200249	0.414144	0.096816	-0.007811
ENSMUSG00000037787	-0.009635	0.034239	-0.309563	-0.055863	-0.936086	-0.766514
ENSMUSG00000037791	-0.021803	0.292146	0.114664	0.466281	0.374289	0.256037
ENSMUSG00000037795	0.127773	0.026207	0.954502	0.696389	1.857982	1.803886
ENSMUSG00000037805	0.058180	-0.057564	0.164814	-0.280815	-0.244276	-0.076984
ENSMUSG00000037808	0.067290	-0.058819	0.244852	0.286029	0.645787	0.802140
ENSMUSG00000037814	-0.019553	0.390155	-0.195997	-0.749550	-1.913802	-1.797563
ENSMUSG00000037815	0.431388	0.270288	0.202517	0.138955	0.541017	0.543361
ENSMUSG00000037816	-0.149317	0.764694	0.442204	0.565054	0.798008	0.526007
ENSMUSG00000037818	0.315900	0.836746	0.952782	0.465902	-0.125395	-0.112269
ENSMUSG00000037822	0.596768	0.458134	-0.023192	1.676169	2.621028	2.755517
ENSMUSG00000037824	0.521428	-0.505464	-0.185357	0.355113	1.285363	1.276777
ENSMUSG00000037826	0.122026	-0.216428	0.538845	0.810880	1.133009	1.204920
ENSMUSG00000037827	-0.237303	0.362699	3.093556	-1.110583	-0.611563	1.563457
ENSMUSG00000037833	0.529699	0.153278	-1.732098	-1.310513	-0.340274	0.882171
ENSMUSG00000037845	-0.364823	-0.347750	0.202154	0.168543	-0.104705	-0.518983
ENSMUSG00000037846	0.314127	0.325969	0.992430	0.942559	0.804819	0.373799
ENSMUSG00000037847	-0.739677	-0.415374	-0.874612	0.154106	-0.947992	-0.694278
ENSMUSG00000037851	0.093944	0.006587	-0.127974	-1.036536	-1.534459	-1.849303
ENSMUSG00000037857	-0.093083	-0.574444	-0.330960	-0.533584	-0.717366	-0.901602
ENSMUSG00000037860	-0.335457	-0.158601	-0.143511	0.713878	0.767781	1.956439
ENSMUSG00000037868	0.257527	0.248009	-0.034689	1.566338	-0.296516	-0.460248
ENSMUSG00000037876	0.101398	-0.534142	-0.439229	0.306776	0.785260	0.812831
ENSMUSG00000037885	0.002917	-0.530214	0.101456	-0.283537	-0.235335	-0.842101
ENSMUSG00000037890	0.349934	0.556229	0.938940	0.993531	1.329277	2.544969
ENSMUSG00000037894	-0.109953	0.034114	0.670826	-0.318402	-0.200614	-0.314136
ENSMUSG00000037896	0.191927	0.049293	0.790628	0.095185	1.083569	0.986360
ENSMUSG00000037902	3.018426	3.385571	2.631490	1.827936	2.432434	0.694693
ENSMUSG00000037904	-0.302951	-0.416992	-0.919348	-2.436333	-1.691746	-1.798136
ENSMUSG00000037905	0.223446	0.217436	-0.136608	-0.231029	-0.923296	-1.117637
ENSMUSG00000037907	-0.008893	0.188738	-0.885800	-0.895160	-1.418015	-1.352148
ENSMUSG00000037913	0.613136	-0.308488	2.712667	1.808245	3.041895	2.966672
ENSMUSG00000037916	-0.202610	-0.137981	-0.128912	-0.207496	-0.155043	-0.580273
ENSMUSG00000037922	-0.292408	-0.029537	0.290630	0.626549	0.613030	0.487955
ENSMUSG00000037926	-0.260198	0.034320	0.116589	0.542568	0.626863	0.698269
ENSMUSG00000037933	-0.004859	-0.243914	0.178302	-0.388284	0.229199	-0.104225
ENSMUSG00000037935	0.189829	-0.038232	-0.018707	-0.006975	0.337416	0.649440
ENSMUSG00000037936	0.221530	0.160799	-0.338939	-0.629627	-1.496681	-2.004236
ENSMUSG00000037938	0.036346	-0.147590	-0.335876	0.464431	0.225511	0.375977
ENSMUSG00000037946	-0.390301	0.648310	1.293837	1.130490	1.830580	1.950817
ENSMUSG00000037949	1.229792	1.610079	1.460678	1.071994	1.736605	1.563015
ENSMUSG00000037957	-0.154625	-0.191988	0.120009	-0.013125	0.514251	0.459614
ENSMUSG00000037958	-0.115008	0.521507	-0.257672	-0.371858	-1.066079	0.154880
ENSMUSG00000037960	0.495867	0.891140	1.180729	0.987157	1.031455	1.359099
ENSMUSG00000037965	0.038696	0.656726	0.424221	0.366515	0.437953	0.761805
ENSMUSG00000037966	1.049176	0.854568	0.928108	0.870244	0.128424	0.265425
ENSMUSG00000037971	-0.169260	0.133055	-0.409532	1.056150	1.228052	1.637490
ENSMUSG00000037972	1.578182	-0.351645	0.254080	0.391991	2.620631	3.037583
ENSMUSG00000037977	-0.611431	-0.454372	-1.614029	-0.804808	0.411709	-0.081911
ENSMUSG00000037991	0.052036	-0.101801	-0.432781	0.270930	-0.528497	-0.776003
ENSMUSG00000037992	0.385027	0.178603	0.053741	-0.534188	-1.462352	-1.008077
ENSMUSG00000037993	-0.010707	0.136673	0.451197	0.299786	0.584546	0.670340
ENSMUSG00000037995	2.201327	1.222705	1.372645	1.982661	2.434220	1.211754
ENSMUSG00000037997	-0.178178	-0.147483	0.692133	0.359189	0.635132	0.470591
ENSMUSG00000037999	0.659425	0.258229	0.022384	0.081604	0.418129	0.283519
ENSMUSG00000038000	0.025695	0.141851	0.489504	0.609980	0.466538	0.358375
ENSMUSG00000038002	-0.140234	-0.402586	0.157650	0.189118	0.492185	0.573247
ENSMUSG00000038005	0.086914	0.313031	0.223460	-0.028620	-0.748178	-0.450001
ENSMUSG00000038007	-0.495162	-0.866409	0.414097	-0.098132	-0.365555	-2.244386
ENSMUSG00000038010	-0.186232	0.144970	0.806995	0.277534	0.133903	0.379560
ENSMUSG00000038013	-0.026491	0.078481	0.315384	0.208419	0.656598	0.783598
ENSMUSG00000038014	0.029463	-0.104213	0.228910	-0.160702	0.216590	0.118233
ENSMUSG00000038020	0.393876	0.552761	0.032166	-0.437255	0.818086	0.563132
ENSMUSG00000038023	0.155998	0.020967	0.591358	0.178998	0.669636	0.400241
ENSMUSG00000038024	0.262079	-0.095810	0.236410	-0.097225	0.192583	0.407224
ENSMUSG00000038025	0.069402	0.098665	1.316008	1.738148	3.233846	3.387203
ENSMUSG00000038028	-0.321440	-0.665103	0.184507	-0.416544	-0.642902	-0.277353
ENSMUSG00000038034	-0.342132	-0.305024	-0.863677	-0.632969	-1.503731	-1.916949
ENSMUSG00000038037	-0.959524	-1.198468	-1.368834	-0.252703	0.276138	1.354978
ENSMUSG00000038039	-0.061863	-0.153045	0.074741	0.014705	-0.004277	0.122062
ENSMUSG00000038046	-0.294945	-0.483239	-0.828403	-1.483338	-1.909881	-1.963594
ENSMUSG00000038047	-0.121711	-0.072382	-0.090704	-0.466365	-0.434974	-1.204175
ENSMUSG00000038055	0.180121	0.422838	0.261876	0.929295	0.485622	0.308183
ENSMUSG00000038056	-0.100761	0.076751	0.193119	0.294291	0.176762	0.455639
ENSMUSG00000038057	0.636594	-0.142702	0.325886	0.372052	0.029996	-0.196046
ENSMUSG00000038058	-0.007572	0.999180	0.643418	1.506997	3.826319	4.347142
ENSMUSG00000038059	0.233862	-0.105437	-0.591697	0.286667	0.256029	0.057636
ENSMUSG00000038065	-0.624959	0.340261	0.175432	1.903046	3.133329	4.279016
ENSMUSG00000038069	-0.114507	-0.165941	0.447000	-0.173458	0.373531	0.497490
ENSMUSG00000038070	-0.112246	-0.057320	-0.068712	-0.518311	-0.509985	-0.655462
ENSMUSG00000038072	0.111123	0.746449	0.791933	0.459926	0.572365	0.508001
ENSMUSG00000038079	0.288768	0.463903	0.671199	0.458213	0.413725	0.616039
ENSMUSG00000038080	0.096652	0.086620	0.390077	0.164547	0.552014	0.108020
ENSMUSG00000038084	-0.200147	-0.337753	-0.060029	-0.512393	-0.295380	-0.398193
ENSMUSG00000038085	-0.847478	-0.447012	-0.072215	-0.385223	0.478989	1.194536
ENSMUSG00000038095	-0.074829	-0.092124	-0.161107	-0.389739	-0.318861	-0.340451
ENSMUSG00000038102	0.016843	-0.530168	-0.643763	-0.463613	-0.148816	-0.256964
ENSMUSG00000038116	-0.056514	0.323387	-0.065072	-0.109098	-0.236742	0.126347
ENSMUSG00000038119	-0.031684	-0.007931	-0.205269	1.032442	0.066135	0.137746
ENSMUSG00000038121	0.370886	0.013877	-0.008743	-0.177324	0.193945	0.315413
ENSMUSG00000038122	0.417394	-0.099449	-0.920575	-0.325504	-0.212890	-0.071251
ENSMUSG00000038126	-0.049002	-0.117840	0.051326	-0.636816	-0.555996	-0.521736
ENSMUSG00000038127	0.379654	0.196316	0.467264	0.240172	0.795777	0.802821
ENSMUSG00000038128	0.571070	1.008612	2.735355	1.457158	0.833217	0.827655
ENSMUSG00000038135	1.415540	-1.131577	-0.835275	1.105100	-1.628991	1.661709
ENSMUSG00000038141	-0.262449	0.038210	0.809105	0.706466	1.094938	1.026245
ENSMUSG00000038145	0.268458	0.754010	0.841573	1.185790	1.217380	1.255144
ENSMUSG00000038147	-0.084052	-0.221005	0.069323	0.129473	0.412619	0.591425
ENSMUSG00000038150	0.216515	-0.076335	0.258561	-0.324050	0.332005	0.288130
ENSMUSG00000038155	0.392432	-0.194917	0.515535	0.571051	-1.083218	0.164461
ENSMUSG00000038160	-0.161370	0.013784	0.126933	-0.041021	-0.118167	-0.043157
ENSMUSG00000038170	-0.194201	-0.139064	-1.248745	-0.999610	-2.014021	-1.991253
ENSMUSG00000038172	-0.119408	-0.427338	-0.278388	-0.802673	-0.380854	-0.248862
ENSMUSG00000038173	1.037424	0.642092	-2.421570	-3.674731	-4.739751	-4.444947
ENSMUSG00000038174	-0.285557	-1.288449	-1.375643	-0.889952	-0.999659	-0.613935
ENSMUSG00000038175	0.323021	0.453608	0.625415	2.265730	3.485352	3.531285
ENSMUSG00000038178	0.305883	0.390973	1.201511	1.215332	0.954665	1.339291
ENSMUSG00000038179	1.287622	2.377789	3.647713	3.541715	5.103861	4.608691
ENSMUSG00000038180	-0.019255	0.055217	0.145266	-0.134218	-0.704910	-1.312672
ENSMUSG00000038181	-0.050078	-0.039536	0.338992	0.113793	0.373885	0.499534
ENSMUSG00000038187	-0.488944	-0.296926	-0.041158	-0.376675	-0.292006	-0.728973
ENSMUSG00000038188	0.759332	0.815995	0.519404	0.075552	-0.425877	0.109707
ENSMUSG00000038195	0.563011	-0.130219	-0.024188	-0.264171	-0.699480	-0.545982
ENSMUSG00000038204	0.674317	-1.276004	0.365171	-0.403048	1.022081	0.470666
ENSMUSG00000038205	-0.114637	-0.113604	-0.331560	-0.899164	-0.916232	-1.065536
ENSMUSG00000038206	-0.076202	0.116223	-0.366601	0.191189	-0.127746	-0.161048
ENSMUSG00000038208	0.027645	-0.183155	0.075993	0.261809	0.119463	-0.091767
ENSMUSG00000038212	-0.173750	-0.178971	0.344568	0.307330	0.472453	0.000720
ENSMUSG00000038213	-0.327905	0.422606	0.973369	1.479752	1.073901	1.610168
ENSMUSG00000038214	-0.146670	-0.262222	0.016580	-0.875480	-0.932153	-1.103931
ENSMUSG00000038215	-0.309189	-0.126401	-0.138091	-0.053947	-0.222284	-0.335459
ENSMUSG00000038217	0.910859	-1.435937	-0.018234	2.015190	0.082464	-0.078755
ENSMUSG00000038225	0.038693	0.279167	0.149399	0.329192	-0.179030	0.327838
ENSMUSG00000038233	-0.560642	-0.959836	-2.729317	-1.126885	-0.772536	-0.092746
ENSMUSG00000038240	0.013798	0.134010	-0.068252	-0.528923	-0.438989	-1.239133
ENSMUSG00000038241	0.323252	-0.000302	-0.283131	-0.259117	-0.412477	-0.413463
ENSMUSG00000038250	-0.087930	-0.077050	0.262544	0.179648	0.675957	0.596629
ENSMUSG00000038252	-0.100451	0.050552	0.049527	0.090915	0.055711	-0.193264
ENSMUSG00000038253	-0.176103	0.350480	0.635281	0.240238	-0.471631	0.991904
ENSMUSG00000038256	-0.062533	0.329082	0.460549	-0.020216	0.146978	-0.232190
ENSMUSG00000038260	-0.616421	-0.437355	-0.272448	0.440043	0.613628	0.630771
ENSMUSG00000038268	-0.059332	-0.119670	-0.290760	-0.562602	-0.307977	-0.173429
ENSMUSG00000038271	0.271759	-0.041255	-0.464300	-0.520687	-2.213829	-1.455988
ENSMUSG00000038274	0.126023	-0.079578	0.071885	-0.138604	-0.057654	0.187379
ENSMUSG00000038276	-0.158139	0.062850	1.105317	0.339024	1.331985	-0.179058
ENSMUSG00000038279	-0.035649	-0.226865	-0.738777	-1.431275	-2.094309	-2.222565
ENSMUSG00000038280	-0.172453	-0.009445	0.520636	0.310783	1.319120	1.391679
ENSMUSG00000038286	0.343198	0.081188	0.105221	0.402768	0.593117	0.568188
ENSMUSG00000038290	0.043988	0.066402	-0.229501	0.499515	0.709898	0.790481
ENSMUSG00000038291	0.196015	0.888056	0.488783	-0.113704	-0.494529	-0.414614
ENSMUSG00000038292	-0.322157	-0.180490	0.957422	0.381352	1.896363	0.950145
ENSMUSG00000038295	0.105086	0.040405	-0.300197	-0.699275	-1.568562	-1.700420
ENSMUSG00000038299	-0.200645	-0.213185	-0.310085	-0.510089	-1.400697	-1.521920
ENSMUSG00000038301	-0.145074	-0.769424	-0.606539	-1.432394	0.350023	0.825671
ENSMUSG00000038302	-0.259831	0.326855	0.029609	0.299657	0.033385	0.709903
ENSMUSG00000038304	-0.020227	1.432755	0.545155	-0.633366	0.273320	0.109776
ENSMUSG00000038312	-0.183793	0.146110	0.284421	0.767127	0.380458	0.123468
ENSMUSG00000038323	0.225230	0.037624	-0.680268	-1.303114	-0.657022	-0.873554
ENSMUSG00000038324	0.057947	0.129959	0.055379	0.425637	0.444673	0.562559
ENSMUSG00000038332	0.164320	0.359169	0.259505	1.034056	1.981459	2.199081
ENSMUSG00000038335	-0.190446	-0.449926	-0.856843	-1.236992	-1.941617	-2.205243
ENSMUSG00000038342	-0.101992	-0.110344	0.304832	0.730170	1.217207	1.357136
ENSMUSG00000038344	0.008263	0.170405	-0.189493	-0.232429	-0.353365	-0.458185
ENSMUSG00000038346	-0.222533	0.154136	-0.203949	0.337086	-0.023347	-0.044610
ENSMUSG00000038347	-0.082533	-0.627131	1.350137	0.423780	0.468226	1.105522
ENSMUSG00000038349	0.682636	-0.279181	-1.380121	-1.443846	-0.829322	-0.723557
ENSMUSG00000038351	0.191381	0.525848	0.271427	-0.001621	-0.963204	-1.622757
ENSMUSG00000038352	-2.305063	0.653823	2.501124	2.306807	3.573871	3.944837
ENSMUSG00000038365	-0.181865	0.071068	0.358243	0.641890	1.305583	1.440300
ENSMUSG00000038366	0.084778	-0.099488	0.438170	0.032090	0.700023	0.791871
ENSMUSG00000038368	0.130507	0.024151	-0.182993	-0.712330	-1.490935	-2.416060
ENSMUSG00000038369	0.107457	0.176276	0.436282	0.279922	0.448268	0.444481
ENSMUSG00000038371	-1.314382	-1.074645	-1.546738	0.186185	-0.117944	-1.310185
ENSMUSG00000038372	0.153932	0.358163	-0.200983	-0.328984	-1.171269	-1.324522
ENSMUSG00000038374	0.090667	0.208379	-0.075858	-0.628898	-0.999690	-0.501363
ENSMUSG00000038375	-0.019963	0.169219	2.078697	2.459136	3.892312	3.660583
ENSMUSG00000038379	0.062256	0.161286	0.037058	0.035623	0.220560	-0.082173
ENSMUSG00000038383	-0.162397	0.155611	-0.637938	-0.078861	-0.675740	-1.074837
ENSMUSG00000038384	0.034986	-0.390718	0.290268	-0.090785	0.139705	0.180848
ENSMUSG00000038387	1.694514	0.605689	0.161536	2.018947	2.668402	3.286606
ENSMUSG00000038388	0.031284	0.255468	-0.473634	-0.867954	-1.546011	-1.677247
ENSMUSG00000038393	0.336607	0.100251	0.631336	0.919904	1.369081	1.575937
ENSMUSG00000038398	0.043012	0.199057	0.171988	-0.006815	-0.099483	0.804151
ENSMUSG00000038406	-0.087148	0.111223	0.246115	0.232427	0.338680	0.315437
ENSMUSG00000038412	0.473338	0.814940	0.549478	0.308487	-1.174035	-1.680994
ENSMUSG00000038416	0.080469	0.090190	-0.185830	-0.410961	-0.431508	-0.577464
ENSMUSG00000038417	-0.002967	0.151943	0.246199	0.594936	0.522620	0.480039
ENSMUSG00000038418	-1.325545	-0.906853	-0.495222	-1.554355	-1.698804	-2.024506
ENSMUSG00000038422	0.015254	0.161338	0.750299	-0.089833	0.236822	0.132327
ENSMUSG00000038425	-0.122349	-0.311991	-0.494088	-0.035830	-0.111796	-0.181281
ENSMUSG00000038429	0.127413	0.111804	0.335510	-0.245038	-0.127467	-0.204091
ENSMUSG00000038437	0.484532	0.288837	0.498302	-0.177237	-0.254897	-0.506491
ENSMUSG00000038446	-0.191064	-0.397034	0.306179	0.466334	1.173929	0.695165
ENSMUSG00000038453	-0.037963	-0.314926	-0.295697	-1.136723	0.309235	1.204977
ENSMUSG00000038459	-0.204403	-0.385347	0.173125	0.219690	1.589977	1.701177
ENSMUSG00000038462	-0.009662	-0.198035	-0.374850	0.102849	-0.028875	-0.236920
ENSMUSG00000038463	-2.217682	-2.383184	-2.969189	-2.710579	-1.062751	-1.351698
ENSMUSG00000038467	0.072718	0.284107	0.164919	0.365287	0.066332	0.264728
ENSMUSG00000038481	0.288930	-0.069743	0.605645	0.418494	1.055575	1.054526
ENSMUSG00000038482	0.153279	0.108318	0.167115	-0.215848	-0.096815	-0.934200
ENSMUSG00000038485	0.380497	0.475771	0.373203	-0.198728	0.447746	0.475050
ENSMUSG00000038486	0.267357	0.886751	1.425914	1.732066	1.290644	2.025116
ENSMUSG00000038489	-0.004055	0.043082	-0.543343	-0.342909	-1.224173	-1.685856
ENSMUSG00000038495	0.163834	0.267425	0.471512	0.492657	0.733837	0.846140
ENSMUSG00000038497	0.078114	0.178143	0.558828	0.497612	0.662436	0.519841
ENSMUSG00000038500	-0.087329	0.073583	0.010031	0.229606	-0.055722	0.035350
ENSMUSG00000038502	0.185854	0.184327	-0.058079	-0.158304	0.513869	0.824547
ENSMUSG00000038503	-0.136624	0.109919	0.049515	0.078598	0.479340	0.868045
ENSMUSG00000038506	0.054212	-0.079803	-0.704425	-0.726508	-1.118003	-1.496903
ENSMUSG00000038510	-0.178405	-0.056212	-0.373662	-1.469066	-2.402838	-1.886946
ENSMUSG00000038517	0.695682	0.211380	-0.985103	-1.423692	-2.403752	-2.018262
ENSMUSG00000038518	0.250231	0.092625	0.291410	0.270207	0.865929	1.379022
ENSMUSG00000038520	-0.166241	0.202030	0.154469	0.511063	0.445089	0.804287
ENSMUSG00000038523	-1.575663	-2.273366	-0.566762	0.397229	0.166032	0.202689
ENSMUSG00000038524	-0.440864	0.281385	0.676386	1.223670	1.278595	1.770228
ENSMUSG00000038525	0.249185	0.236838	0.186630	0.354472	0.392450	0.527394
ENSMUSG00000038526	-0.570446	0.563588	-0.990537	0.767668	-1.029612	0.776873
ENSMUSG00000038527	1.397301	0.051864	-0.610979	-0.937622	-0.563758	-2.044060
ENSMUSG00000038533	-0.106731	0.055137	-0.636854	-0.178432	0.063520	-0.084658
ENSMUSG00000038534	-0.254316	-0.222680	-0.272282	0.073431	0.152669	0.344210
ENSMUSG00000038535	-0.085251	0.171986	-0.000519	-0.294580	-0.123430	-0.149655
ENSMUSG00000038538	-0.080725	-0.072305	-0.874075	-0.492756	-0.767965	-0.176080
ENSMUSG00000038539	0.841583	0.431554	-0.071656	0.992599	0.194528	-0.455488
ENSMUSG00000038542	-0.042371	0.020559	-0.438259	-0.330167	-0.494663	-0.647017
ENSMUSG00000038543	0.408789	0.277571	-0.341374	0.943897	0.575535	0.777557
ENSMUSG00000038544	-0.230853	-0.253223	-0.594984	-0.300411	-0.505046	-0.480760
ENSMUSG00000038545	0.371651	0.949339	-0.652627	-0.794801	-1.839561	-0.229076
ENSMUSG00000038546	0.144029	0.567074	0.838057	1.298077	2.233263	2.721405
ENSMUSG00000038550	-0.087916	0.309666	-0.094975	1.281159	1.230724	1.445745
ENSMUSG00000038552	0.278933	-0.124412	-1.205629	-3.384066	-2.629648	-3.095601
ENSMUSG00000038555	0.286283	1.350209	2.041206	3.748651	3.839123	4.164170
ENSMUSG00000038563	0.081034	-0.039441	0.022609	-0.521220	-0.563737	-0.151135
ENSMUSG00000038564	0.238004	0.125320	-0.106372	-0.070725	0.848441	1.332627
ENSMUSG00000038569	-0.544205	0.032252	-0.462706	0.493808	-0.002326	0.074644
ENSMUSG00000038570	0.127169	-0.968951	-1.141615	-0.019381	-0.621172	-0.259733
ENSMUSG00000038578	-0.555113	-0.523666	-0.142349	-0.339363	-0.283494	-0.561761
ENSMUSG00000038582	-0.097389	-0.291840	0.057280	-0.355095	-0.156287	-0.483798
ENSMUSG00000038587	-1.112525	-0.506444	1.208698	2.125426	4.139779	4.747806
ENSMUSG00000038593	0.573012	0.353629	0.134653	0.739399	0.803010	0.758063
ENSMUSG00000038594	0.086520	-0.513779	1.770503	-1.216514	0.526248	0.092522
ENSMUSG00000038604	-0.076280	-0.239452	-0.033833	0.799964	1.447022	1.614376
ENSMUSG00000038605	-0.059436	0.352654	1.293836	1.736528	1.961262	1.530775
ENSMUSG00000038607	0.046040	0.117400	0.596752	0.607365	0.481675	0.290206
ENSMUSG00000038608	0.078415	-0.221090	-0.042199	-0.660999	0.420726	0.401559
ENSMUSG00000038611	-0.142475	0.193596	-0.029872	0.092362	-0.138370	-0.210096
ENSMUSG00000038612	0.094076	-0.348918	-0.008801	-0.091659	0.084219	0.369772
ENSMUSG00000038615	-0.046434	-0.131050	-0.210406	-0.689216	-0.705355	-0.813185
ENSMUSG00000038618	-0.214060	0.407442	0.281099	0.024223	-0.022070	-0.266819
ENSMUSG00000038619	-0.110142	-0.108523	0.423754	0.155618	0.465811	0.498913
ENSMUSG00000038622	-0.272280	-0.216156	0.090256	0.192449	0.234910	-0.741477
ENSMUSG00000038623	0.197932	-0.062362	-0.317656	-0.496074	-0.628347	-0.581834
ENSMUSG00000038628	-0.468345	-0.426318	-0.805463	-0.789753	-1.122876	-1.058285
ENSMUSG00000038633	0.266415	0.789601	0.880831	0.597800	0.263068	0.056669
ENSMUSG00000038637	0.002042	0.207037	0.543244	1.430240	1.220261	1.039881
ENSMUSG00000038642	0.742413	0.878480	1.449104	2.876734	3.749906	3.555176
ENSMUSG00000038644	-0.224886	-0.235684	-0.074294	-0.035457	-0.391483	-1.052743
ENSMUSG00000038646	-0.250862	-0.185493	-0.588324	-0.336699	-0.182729	-0.027866
ENSMUSG00000038650	0.081945	0.337740	0.572791	0.685342	0.661192	0.778116
ENSMUSG00000038658	0.133402	0.407247	0.327638	-0.031740	0.241852	0.332236
ENSMUSG00000038664	-0.075159	-0.023500	-0.058903	0.215251	0.143441	0.018357
ENSMUSG00000038671	-0.079604	0.099842	-0.145241	-0.399011	-0.508598	-0.267894
ENSMUSG00000038679	0.764818	0.735578	1.831698	1.308757	1.677675	1.128466
ENSMUSG00000038683	-0.274527	-0.162576	-0.111456	-0.806074	-0.851595	-0.701162
ENSMUSG00000038685	-0.244993	-0.071019	-0.114889	-0.072563	-0.614525	-0.858400
ENSMUSG00000038690	0.164731	0.273285	-0.054373	-0.007939	-0.374350	-0.553608
ENSMUSG00000038692	0.206581	0.308848	-0.260408	0.377206	-0.203595	-0.009571
ENSMUSG00000038695	-0.055933	-0.073767	0.022358	-0.129260	-0.229770	0.346053
ENSMUSG00000038696	0.012760	0.149332	0.041742	0.087018	0.552044	0.543836
ENSMUSG00000038697	-0.101477	-0.476038	-0.214360	-1.017983	-0.967585	-0.969445
ENSMUSG00000038700	1.868062	0.726445	-0.130853	0.607836	0.690069	0.450272
ENSMUSG00000038705	-0.142533	-0.041931	-0.470472	0.251326	0.297909	0.208260
ENSMUSG00000038708	0.101138	0.290305	0.584106	-0.391511	0.228903	0.708768
ENSMUSG00000038712	0.212800	-0.422927	-0.652244	-0.535564	-0.262980	-0.095727
ENSMUSG00000038717	-0.021413	-0.557850	-0.905253	-0.205504	-0.346921	-1.030002
ENSMUSG00000038718	0.133202	0.361775	0.507211	0.848325	1.719578	2.423570
ENSMUSG00000038721	3.063875	1.967175	1.034351	1.485103	2.886945	2.070358
ENSMUSG00000038722	0.074782	0.458805	0.188474	-0.112855	-0.557338	-0.067633
ENSMUSG00000038733	0.212616	0.272001	0.637663	0.556022	0.788909	0.851372
ENSMUSG00000038736	-0.216070	-0.114701	-0.702083	-0.485918	-0.997526	-1.466246
ENSMUSG00000038738	-1.296895	-1.414961	-0.757270	0.242573	1.088597	0.977516
ENSMUSG00000038740	2.735407	2.290404	2.134152	1.896620	1.616934	1.552521
ENSMUSG00000038742	0.076071	-0.024979	-0.822421	-0.841470	-1.468765	-1.816216
ENSMUSG00000038759	0.112086	-0.197634	-0.083109	-0.208797	-0.227034	-0.971526
ENSMUSG00000038762	-0.084145	-0.085595	-0.157485	-0.430578	-0.549710	-0.339264
ENSMUSG00000038766	-0.231690	-0.220692	0.509405	-0.032814	0.142138	-0.017869
ENSMUSG00000038773	0.104465	0.290189	0.616079	1.031020	1.133675	1.378179
ENSMUSG00000038774	-0.068147	-0.263936	-0.179569	-0.159387	-0.434189	-0.741997
ENSMUSG00000038776	1.065855	0.662868	-0.722828	0.480346	0.169990	0.505177
ENSMUSG00000038777	0.282157	1.524657	1.009929	1.168862	1.819787	2.127985
ENSMUSG00000038780	0.226336	1.190554	1.287032	0.934920	1.225189	1.501490
ENSMUSG00000038781	0.590832	0.609959	0.348108	2.139226	2.259235	3.614354
ENSMUSG00000038782	-0.342221	-0.597088	-1.791356	-0.515925	-0.201054	-2.251627
ENSMUSG00000038784	-0.100493	0.334592	-0.182409	0.292899	0.039448	-0.427678
ENSMUSG00000038797	0.116130	0.598972	0.251362	1.250888	1.971948	3.250660
ENSMUSG00000038803	-0.124652	-0.045695	0.086273	0.033504	-0.252683	-0.713987
ENSMUSG00000038806	0.074910	-0.099883	0.141669	0.014409	0.525768	0.421011
ENSMUSG00000038811	0.517802	0.711916	0.563593	0.986179	0.941156	1.322836
ENSMUSG00000038812	-0.035368	0.260001	0.511666	0.297680	0.102137	-0.044866
ENSMUSG00000038816	0.154095	1.185128	1.964000	0.917635	0.745960	0.596383
ENSMUSG00000038822	0.274662	-0.031240	0.487261	0.284965	0.733618	0.573121
ENSMUSG00000038827	0.106618	-0.062776	-0.092652	-0.298291	-0.644821	-0.648894
ENSMUSG00000038828	0.056520	0.238509	-0.233650	-0.066701	-0.441285	-0.428733
ENSMUSG00000038831	0.658248	0.853651	1.794314	1.634296	2.237526	2.320074
ENSMUSG00000038836	0.292490	0.633740	1.136900	0.763105	0.050986	-0.149669
ENSMUSG00000038838	0.056968	0.046341	-0.030114	0.103251	-0.069833	-0.189667
ENSMUSG00000038843	1.483474	1.622935	0.646585	0.496633	-0.297153	-0.059872
ENSMUSG00000038844	0.080921	-0.147655	0.109181	-0.231511	-0.020461	-0.385054
ENSMUSG00000038845	-0.110434	0.137268	-0.424090	-0.683024	-1.347389	-1.735697
ENSMUSG00000038848	-0.016045	-0.114339	-0.273194	-0.240088	-0.126042	-0.389270
ENSMUSG00000038855	0.517707	0.182437	0.925893	0.409550	0.987340	1.387854
ENSMUSG00000038860	-0.732831	0.581216	-0.085456	-0.189034	-0.699649	-0.777658
ENSMUSG00000038861	-0.050296	0.006051	-0.030185	-0.173624	0.311239	0.165486
ENSMUSG00000038866	0.076681	-0.393959	-0.132452	-0.311832	-0.313909	-0.585676
ENSMUSG00000038871	-0.217301	0.387478	0.389243	0.985774	1.011349	1.112582
ENSMUSG00000038872	-1.262503	-0.496167	-1.331189	-1.464287	-1.709381	-1.744074
ENSMUSG00000038876	-0.244703	-0.030777	-0.102706	0.210055	0.226916	0.656801
ENSMUSG00000038880	0.243238	-0.272208	-0.888743	-1.119948	-1.242946	-1.176944
ENSMUSG00000038884	-0.311224	0.563614	0.273866	0.339923	-0.411809	-0.248134
ENSMUSG00000038886	0.062009	0.335972	0.436179	0.199256	0.416781	0.331360
ENSMUSG00000038888	0.010231	-0.771823	-0.670226	-0.625515	-0.060711	-0.216108
ENSMUSG00000038893	0.982506	2.364623	1.924945	3.373981	4.597748	5.015115
ENSMUSG00000038895	-0.160322	0.186721	-0.130008	0.139128	0.230072	0.534323
ENSMUSG00000038900	-0.145633	-0.195708	-0.195207	-0.151835	-0.226841	-0.046137
ENSMUSG00000038902	-0.086453	0.207469	0.192439	0.442535	0.500388	0.513657
ENSMUSG00000038909	0.099265	-0.377967	-0.215289	-0.383643	0.052576	-0.104864
ENSMUSG00000038910	0.011535	0.105659	-0.129517	0.175428	0.164678	0.552151
ENSMUSG00000038914	-0.083943	-0.361480	0.041024	-0.296609	-0.066343	-0.147281
ENSMUSG00000038930	-0.331152	0.043025	-0.164808	-0.392107	-0.624518	-1.005656
ENSMUSG00000038936	0.174174	0.806714	0.634020	0.677313	1.509882	2.143803
ENSMUSG00000038943	0.097138	0.196140	0.408838	-0.016338	-0.078728	-0.316392
ENSMUSG00000038949	-0.062022	-0.101522	0.518168	0.809823	1.252789	1.677722
ENSMUSG00000038954	-0.192089	0.279205	-0.400006	0.102202	-0.544948	-0.617547
ENSMUSG00000038957	-0.158909	-0.068140	0.217587	0.257021	0.485046	0.335152
ENSMUSG00000038963	-0.720391	-2.900854	-2.744071	-1.926663	-0.576830	-0.421653
ENSMUSG00000038965	0.086687	0.137526	-0.023015	-0.154150	-0.513271	-0.276176
ENSMUSG00000038970	0.112925	0.070303	0.739823	0.608531	1.134499	0.933289
ENSMUSG00000038975	-0.162732	0.107550	-0.356133	-0.578828	-1.455222	-1.737795
ENSMUSG00000038976	0.466028	-0.030372	0.024861	-0.094283	0.136943	0.436937
ENSMUSG00000038982	-0.113782	-0.196275	-0.298685	0.125045	-0.149250	0.467998
ENSMUSG00000038990	0.232021	0.465016	0.290933	0.350678	0.075428	0.224879
ENSMUSG00000038991	0.220017	0.270037	-0.033846	-0.409024	-0.780540	-1.057150
ENSMUSG00000039000	-0.056514	-0.137810	0.026337	-0.760874	-0.637658	-0.832014
ENSMUSG00000039001	-0.127265	-0.079083	0.111220	-0.088274	-0.117460	0.206010
ENSMUSG00000039005	1.343540	0.018444	0.432845	-0.082882	-0.088133	-0.646939
ENSMUSG00000039007	1.212351	1.444850	0.523493	-0.832611	-0.253461	0.226401
ENSMUSG00000039016	-0.042168	0.027457	-0.369562	-0.222046	0.056795	-0.026938
ENSMUSG00000039018	-0.283261	-0.274714	-0.566727	-0.435288	-0.800148	-0.633759
ENSMUSG00000039021	1.228363	0.153886	-0.197264	-0.909945	-0.335544	1.214111
ENSMUSG00000039031	0.176441	-0.154039	-0.821759	-0.887986	-0.373566	-0.258095
ENSMUSG00000039033	-0.157364	-0.168864	0.052141	-0.882108	-0.838004	-0.976757
ENSMUSG00000039041	-0.252743	-0.098825	-0.125131	-0.040463	-0.392596	-0.586818
ENSMUSG00000039046	-0.195415	-0.579464	-0.304281	-0.572908	-0.611365	-0.642234
ENSMUSG00000039047	-0.159498	-0.106885	0.237838	-0.186331	0.081458	-0.284702
ENSMUSG00000039048	-0.064855	-0.094277	-0.112677	-0.289856	-0.753339	-1.016026
ENSMUSG00000039050	0.038850	0.060592	0.339680	0.385357	0.212912	0.191099
ENSMUSG00000039055	-0.057330	0.081479	-0.076038	0.419264	0.302554	-0.170540
ENSMUSG00000039065	0.061490	0.053046	-0.091444	-0.256613	-0.424812	-0.220932
ENSMUSG00000039067	-0.139083	-0.186247	-0.472415	-0.529234	-0.706524	-0.792431
ENSMUSG00000039068	-0.250919	-0.772357	-0.900034	-1.141314	-1.049478	-1.348240
ENSMUSG00000039069	-0.078870	0.155299	-0.572920	-0.264811	-0.905783	-0.816131
ENSMUSG00000039086	-0.197290	-0.045566	0.615421	0.528147	1.241060	1.112711
ENSMUSG00000039087	-0.078809	-1.099309	-0.675912	-0.329251	0.336580	0.412996
ENSMUSG00000039089	0.341492	0.645682	0.494916	0.565931	0.920535	0.819840
ENSMUSG00000039096	-0.410597	-0.581596	-0.341411	-0.904569	-1.765284	-1.930475
ENSMUSG00000039100	-0.067548	-0.055116	0.245599	0.250185	0.624702	0.121059
ENSMUSG00000039103	-0.290965	-1.023317	-3.079785	-2.277014	-3.290510	-3.457882
ENSMUSG00000039105	0.086116	0.124458	0.345745	0.125269	0.367876	0.750534
ENSMUSG00000039108	0.078714	0.200476	0.099413	-0.064576	0.335660	0.347749
ENSMUSG00000039117	0.108780	0.213893	0.214835	0.002085	0.348332	-0.087836
ENSMUSG00000039126	-0.552289	-1.993073	-0.474957	-2.631233	-1.215316	-1.173518
ENSMUSG00000039128	-0.103347	-0.043771	-0.041921	-0.286408	-0.337457	-0.187276
ENSMUSG00000039130	-0.177350	0.105356	-0.231685	-0.700693	-0.928323	-0.664756
ENSMUSG00000039137	-1.891801	-1.890082	-2.903007	-1.938782	-3.031581	-3.485302
ENSMUSG00000039148	0.024215	0.121476	0.165997	-0.061514	0.004632	0.631109
ENSMUSG00000039153	-1.442516	-1.179025	-1.264449	-1.083361	-2.784843	-2.413574
ENSMUSG00000039154	0.311369	-0.767028	-0.233713	1.231476	0.311777	-1.147773
ENSMUSG00000039156	0.431522	0.427229	0.198535	0.695917	0.147900	-0.047672
ENSMUSG00000039157	1.156117	1.020252	1.428296	0.798846	1.068435	1.018961
ENSMUSG00000039158	-0.725971	-2.897345	-0.917312	-0.980898	-0.358086	0.735337
ENSMUSG00000039159	0.091475	0.672660	1.253531	2.680310	2.870785	2.968458
ENSMUSG00000039163	-0.071400	-0.310416	-0.756342	-0.772423	-0.953392	-0.507346
ENSMUSG00000039164	0.255428	-0.129768	0.100756	0.116514	0.160326	0.088984
ENSMUSG00000039166	-0.071580	-0.642888	-0.062222	-0.127513	0.119086	0.498362
ENSMUSG00000039168	-0.218867	0.227130	0.483408	0.985078	1.367455	1.784171
ENSMUSG00000039176	-0.126535	-0.054898	0.240887	-0.021514	0.173820	0.099975
ENSMUSG00000039178	0.028530	-0.014497	-0.046526	-0.093571	0.271401	0.244033
ENSMUSG00000039182	-0.507759	-0.662172	-0.209753	0.268573	0.553099	-0.695934
ENSMUSG00000039183	-0.372404	-0.247447	-0.486605	-0.051106	-0.211953	-0.585510
ENSMUSG00000039187	-0.249182	-0.188465	-0.203396	-0.550665	-0.670195	-0.985085
ENSMUSG00000039191	-0.083912	-0.677469	-0.991197	-0.708028	-0.572785	-0.953178
ENSMUSG00000039193	0.041683	-0.291172	0.184156	1.276056	1.766162	2.120617
ENSMUSG00000039195	-0.233140	-0.121705	0.142495	0.807515	0.363371	0.697088
ENSMUSG00000039197	0.241252	0.271559	-0.070991	0.128342	-0.458024	-0.700817
ENSMUSG00000039199	0.633956	0.889694	0.210538	0.642614	0.545575	0.793712
ENSMUSG00000039201	-0.255802	0.147640	-0.623293	0.119014	-0.287993	-0.554327
ENSMUSG00000039202	0.328716	0.050776	0.728561	0.273038	0.693806	0.804134
ENSMUSG00000039205	-0.382265	-0.058439	-0.313862	0.088259	-0.017945	0.192992
ENSMUSG00000039206	-0.272339	-0.278110	-0.517473	-0.377057	-0.675627	-1.425414
ENSMUSG00000039210	0.026887	-0.160915	-0.075714	0.143564	0.815130	0.890589
ENSMUSG00000039218	0.006357	-0.123252	0.232524	0.234574	0.533868	0.373509
ENSMUSG00000039219	-0.191345	0.313472	0.339955	0.634301	0.325159	0.816339
ENSMUSG00000039220	0.061305	0.132927	0.315562	0.229226	0.422277	0.312449
ENSMUSG00000039221	0.765042	0.530325	0.528203	0.426259	0.981907	1.143513
ENSMUSG00000039230	-0.011510	0.083124	0.172752	0.220589	0.323994	0.223038
ENSMUSG00000039231	0.229666	0.094693	-0.133404	-0.017775	-0.202071	-0.946578
ENSMUSG00000039232	-1.809515	-0.942677	0.580347	0.587021	0.811553	0.781637
ENSMUSG00000039233	-0.082015	0.407765	0.128009	-0.278066	-0.101696	0.389042
ENSMUSG00000039234	-0.675641	-1.208450	-1.183734	-0.574307	-0.048654	-0.504516
ENSMUSG00000039236	0.071328	0.178118	-0.311756	-0.267566	-0.619017	0.150213
ENSMUSG00000039242	-0.145099	-0.361434	-0.210576	-0.679259	-0.359468	-0.431845
ENSMUSG00000039244	-0.061518	0.007494	-0.061610	0.184194	-0.004956	-0.345068
ENSMUSG00000039253	-0.071177	-0.148009	-0.017673	0.166481	0.182115	0.548479
ENSMUSG00000039254	0.052987	-0.030702	-1.012759	-0.614961	-0.637666	-0.967584
ENSMUSG00000039262	0.121759	-0.076339	0.067007	-0.092065	0.298126	0.300607
ENSMUSG00000039263	0.233304	0.253071	0.053202	0.030067	-0.355733	-0.492347
ENSMUSG00000039264	-2.191900	-1.924633	-2.461326	-0.107266	0.019492	1.612847
ENSMUSG00000039270	0.039640	-0.102835	1.144620	-0.169653	0.749377	0.373803
ENSMUSG00000039275	0.098756	0.185955	0.043947	-0.118064	-0.403560	-0.853629
ENSMUSG00000039285	0.002476	-0.025080	0.071676	-0.300965	-0.166804	-0.135196
ENSMUSG00000039294	-0.002393	-0.594224	-0.066106	-0.216055	0.271122	0.041019
ENSMUSG00000039298	-0.075559	-0.116420	0.002724	-0.213146	-0.303059	0.240658
ENSMUSG00000039304	-1.172228	-1.704335	-0.416457	-1.590558	-1.801165	-0.582473
ENSMUSG00000039307	0.320155	0.101448	-0.310190	-0.333619	-0.443757	-0.351607
ENSMUSG00000039308	-0.060781	0.350568	0.316651	0.619030	0.962316	0.626842
ENSMUSG00000039315	-1.344438	-0.630706	-0.213834	-0.347277	-0.417738	-0.830897
ENSMUSG00000039316	-0.418891	-0.426573	-0.099057	0.224047	0.551690	0.571077
ENSMUSG00000039318	-0.057419	-0.036213	0.099230	-0.392358	-0.065314	-0.104194
ENSMUSG00000039328	-0.806106	-0.653916	-0.149184	1.163434	1.886818	1.646866
ENSMUSG00000039330	-0.587486	-1.735120	-1.106997	-0.359479	-0.072148	0.680636
ENSMUSG00000039337	0.118640	2.642632	3.575125	1.266566	0.845062	-0.307888
ENSMUSG00000039345	-0.179435	-0.030461	-0.502971	-0.078162	-0.686489	-1.081947
ENSMUSG00000039354	-0.035732	0.311211	0.295845	0.096306	0.315055	0.726119
ENSMUSG00000039356	0.011482	-0.084626	-0.754793	-0.769318	-1.655335	-1.733661
ENSMUSG00000039357	-0.394083	-0.052248	-0.073248	-0.157258	0.238392	0.085549
ENSMUSG00000039361	0.050254	0.182814	0.558985	0.494679	0.482895	0.441560
ENSMUSG00000039367	0.086586	-0.028630	0.334226	0.371864	0.758932	0.547480
ENSMUSG00000039372	-0.178662	-0.604078	-1.116237	1.177031	0.154894	-1.205243
ENSMUSG00000039376	-0.980913	-0.567745	-0.280341	-1.534780	-1.365583	-1.302084
ENSMUSG00000039382	-0.032885	0.161385	-0.331092	0.631470	0.589127	0.987451
ENSMUSG00000039384	-0.566393	0.185984	0.298795	0.932382	1.524567	1.242079
ENSMUSG00000039395	1.201789	-0.367797	-0.430310	-1.109220	-1.037345	-0.918228
ENSMUSG00000039396	0.121574	0.026123	-0.168773	0.176443	0.196139	0.110907
ENSMUSG00000039414	0.081113	0.076158	0.333169	0.766330	1.075945	1.130339
ENSMUSG00000039427	-0.344156	-0.226838	-0.430389	-0.315303	-0.560723	-0.611958
ENSMUSG00000039428	-0.112992	-0.259468	0.071743	0.359853	0.711919	0.360885
ENSMUSG00000039438	-0.391231	0.140098	-0.565964	-1.634353	-1.403852	-1.802714
ENSMUSG00000039449	-0.040401	-0.223257	0.109039	0.051347	0.318467	0.334263
ENSMUSG00000039450	-0.357116	-0.465303	-0.312856	0.267675	0.764832	1.396109
ENSMUSG00000039456	0.126041	0.136694	0.341961	0.466927	0.537070	0.377472
ENSMUSG00000039458	0.173736	0.474372	0.498354	0.760521	1.010793	1.432519
ENSMUSG00000039461	0.014729	-0.020865	0.452372	0.482399	1.341123	1.069803
ENSMUSG00000039463	-0.283602	0.353179	0.240728	0.312504	0.004551	0.152247
ENSMUSG00000039473	0.017733	-0.059117	0.234258	0.073003	0.546398	0.375966
ENSMUSG00000039474	1.020671	2.001741	2.689764	2.467736	2.986105	2.937711
ENSMUSG00000039477	0.171744	0.037865	0.697121	0.577011	1.317101	1.333990
ENSMUSG00000039478	-0.249512	-0.068072	0.674617	-0.126451	-0.037430	-0.058127
ENSMUSG00000039480	-0.255800	-0.560286	0.682374	0.525099	0.270881	-0.097175
ENSMUSG00000039483	0.002240	-0.298838	-0.066595	-0.007679	-0.029928	-0.003173
ENSMUSG00000039485	0.303129	0.107259	2.066917	1.622458	3.099917	2.909156
ENSMUSG00000039496	-0.534948	-0.136939	-0.146818	1.432603	1.526559	0.841600
ENSMUSG00000039497	-0.408044	-0.872396	-1.128849	-0.449560	-1.772643	-2.897516
ENSMUSG00000039501	-0.080512	0.054061	-0.103639	0.166657	0.016824	0.361522
ENSMUSG00000039509	0.015797	-0.155427	-0.026770	-0.212377	-0.258706	-0.801681
ENSMUSG00000039512	0.099188	-0.504666	0.012689	-1.052908	-0.736142	-0.939383
ENSMUSG00000039515	0.076519	0.069791	0.025152	-0.206506	-0.327478	-0.553399
ENSMUSG00000039523	-0.149087	-0.342147	-0.541685	-0.868058	-0.542342	-0.820017
ENSMUSG00000039530	0.096808	0.062565	0.418425	0.236468	-0.606391	-1.034252
ENSMUSG00000039531	-0.092073	0.202033	-0.120401	0.407926	0.592355	0.634072
ENSMUSG00000039536	0.483673	0.533066	0.267001	0.849212	0.686944	0.652025
ENSMUSG00000039556	-0.373003	0.145926	-0.509401	-0.714276	-1.326826	-1.235318
ENSMUSG00000039563	-0.737440	-0.204145	-0.860566	0.037237	0.115247	-0.924741
ENSMUSG00000039568	0.007365	0.025003	0.137169	0.397213	0.008804	-0.256394
ENSMUSG00000039577	-0.336499	-0.809066	0.006605	-0.320391	-0.060502	-0.629099
ENSMUSG00000039585	0.209606	0.620985	0.176035	-0.199952	-0.005157	0.149903
ENSMUSG00000039599	-0.012741	0.249913	0.131848	0.718642	0.367445	0.559294
ENSMUSG00000039615	0.010093	0.157287	0.454655	-0.029137	0.138009	-0.062801
ENSMUSG00000039617	-0.777894	0.103436	1.471376	-1.133976	-1.556455	-0.848117
ENSMUSG00000039620	-1.517745	-1.546057	-0.218868	-0.291885	-0.602693	-0.927572
ENSMUSG00000039621	0.104268	-0.232198	-0.041716	-0.515768	-0.336556	-0.739615
ENSMUSG00000039623	-0.187164	0.080028	0.226594	0.794379	1.192671	1.516375
ENSMUSG00000039629	-0.043555	0.188106	-0.793346	0.618517	-0.521114	-0.659817
ENSMUSG00000039630	0.039950	-0.358120	0.127004	-0.284208	-0.298815	-0.478326
ENSMUSG00000039632	-0.125925	-0.080154	0.796608	0.246308	-0.136712	0.829773
ENSMUSG00000039633	0.174230	0.045394	0.208537	-0.792459	-0.873185	-0.370175
ENSMUSG00000039634	0.078480	0.521296	0.586572	0.422314	0.549070	1.270212
ENSMUSG00000039637	0.336149	0.071793	-0.179972	-0.084455	0.217889	0.347112
ENSMUSG00000039640	0.167532	0.291468	0.387752	-0.769576	-1.296341	-1.430242
ENSMUSG00000039648	-0.565622	-0.478558	-1.036422	-0.337337	-0.214110	-0.292384
ENSMUSG00000039652	0.017476	-0.155098	1.784613	1.525984	3.199238	2.940427
ENSMUSG00000039656	-0.015143	-0.177441	-0.266380	0.156789	0.177848	-0.108927
ENSMUSG00000039660	0.025194	-0.086479	-0.293669	-0.957656	-1.099915	-1.275424
ENSMUSG00000039662	-0.107438	-0.502354	-0.512265	-0.937074	-0.715975	-0.909175
ENSMUSG00000039670	0.022260	0.027468	0.201425	0.042958	0.552491	0.527742
ENSMUSG00000039671	-0.004908	-0.055925	-0.097612	0.070197	0.181380	0.295451
ENSMUSG00000039676	-1.257260	0.283920	1.765583	1.610585	1.841641	1.409640
ENSMUSG00000039678	-0.303845	-0.305835	-0.128004	-0.033284	-0.149578	-0.204547
ENSMUSG00000039680	-0.325826	-0.110318	-0.607950	-0.549687	-1.279542	-1.838195
ENSMUSG00000039682	-0.102697	0.044790	-0.454167	-0.942190	-1.556635	-1.322417
ENSMUSG00000039686	-0.526557	-0.518415	-0.453524	-0.150474	-0.075698	0.139043
ENSMUSG00000039697	0.552069	0.357852	1.206203	0.271597	0.765890	0.739239
ENSMUSG00000039699	0.806635	-0.642132	-2.390637	0.748755	0.652290	0.027061
ENSMUSG00000039703	-0.080359	-0.123840	-0.009932	-0.068246	0.236353	0.032355
ENSMUSG00000039704	-0.258946	-0.923085	0.004336	-0.580753	1.057750	0.730417
ENSMUSG00000039715	-0.200207	0.054202	-0.136571	-0.086567	-0.601920	-1.101739
ENSMUSG00000039725	-0.152228	-0.177994	-0.199733	-0.121290	-0.509099	-0.779733
ENSMUSG00000039735	0.098129	-0.217759	-0.216880	0.116061	0.460367	0.274169
ENSMUSG00000039737	-0.026012	0.181078	-0.105706	-0.860767	-1.035069	-0.606710
ENSMUSG00000039738	-0.107651	0.017381	0.273951	0.200941	0.035797	-0.399070
ENSMUSG00000039740	0.083690	0.003114	-0.041787	-0.312595	-0.172536	-0.410209
ENSMUSG00000039741	0.893301	0.738716	0.990394	1.655471	1.486861	0.927572
ENSMUSG00000039745	-0.240895	-0.120360	0.538645	0.559498	0.277892	0.584525
ENSMUSG00000039747	0.299399	0.094741	0.344851	0.605182	1.173863	1.615164
ENSMUSG00000039748	0.063501	0.027350	-0.122180	-0.780306	-1.158832	-1.660576
ENSMUSG00000039753	-0.172580	0.138786	-0.443336	0.737026	0.347880	0.098691
ENSMUSG00000039754	-0.193358	-0.250181	-0.545021	0.098441	0.357146	0.265735
ENSMUSG00000039756	0.140726	-0.519258	0.033039	-1.093428	-0.713229	-0.561800
ENSMUSG00000039759	0.037387	-0.117241	-0.627008	-0.080191	0.194617	0.663031
ENSMUSG00000039768	-0.385300	-0.502052	-0.865294	-1.314663	-1.690230	-1.772465
ENSMUSG00000039770	-0.034421	0.098930	0.400342	1.466803	1.555051	1.795419
ENSMUSG00000039771	0.073357	0.136988	-0.174301	-0.058547	-0.166932	-0.191088
ENSMUSG00000039781	0.368342	0.514242	0.738528	0.849598	1.111684	1.302349
ENSMUSG00000039782	-0.115162	0.210010	1.395877	0.341061	1.054415	0.093609
ENSMUSG00000039783	0.216166	1.106906	1.887008	3.134350	3.076051	2.949023
ENSMUSG00000039787	0.976352	0.776697	0.915354	0.814615	0.643051	0.105200
ENSMUSG00000039789	-0.349852	-0.420264	-0.236408	-0.789698	-0.368800	-1.028947
ENSMUSG00000039795	0.027680	-0.198329	-0.183020	-0.537785	0.063204	0.109585
ENSMUSG00000039798	0.545154	-1.254003	-1.096599	1.416511	1.430027	1.277071
ENSMUSG00000039801	0.295857	0.335448	0.449375	0.615112	0.483039	0.846698
ENSMUSG00000039804	-0.162897	0.203170	-0.408145	0.163125	0.197868	0.050200
ENSMUSG00000039810	-0.327910	-0.442517	-0.676602	0.039248	0.052482	-0.034057
ENSMUSG00000039813	-1.009326	0.067862	0.650616	1.253981	-1.879858	0.024590
ENSMUSG00000039814	0.364155	0.178770	0.393308	0.250176	0.039972	-0.873419
ENSMUSG00000039824	-0.469718	0.124302	0.038469	0.975594	0.589537	0.349187
ENSMUSG00000039826	0.019191	-0.170352	-0.367449	-0.755846	-1.052298	-1.033623
ENSMUSG00000039828	-0.105221	0.214692	-0.054375	0.067309	-0.271896	-0.208708
ENSMUSG00000039834	-0.043646	0.102649	0.152471	0.109668	0.331583	0.303847
ENSMUSG00000039840	0.048681	-0.055414	0.726751	0.604298	1.075479	0.647440
ENSMUSG00000039841	0.066780	-0.145013	0.196062	-0.951558	-0.355100	-0.109689
ENSMUSG00000039842	0.053332	-0.301724	-0.080807	-0.764218	-0.581708	-0.995709
ENSMUSG00000039844	-0.154102	-0.033274	-0.044705	-0.179001	-0.630368	-0.816499
ENSMUSG00000039849	0.154637	-0.047749	0.346988	0.091408	0.493450	0.338313
ENSMUSG00000039850	0.073682	-0.000367	-0.013519	-0.016815	0.084827	0.370445
ENSMUSG00000039852	-0.105110	-0.139725	0.481836	2.516934	3.233548	3.098580
ENSMUSG00000039853	0.430823	0.349092	0.726398	1.079333	0.700292	1.490931
ENSMUSG00000039873	0.486402	0.389906	-0.024686	0.636822	1.150980	0.566569
ENSMUSG00000039879	0.160566	0.164484	1.033741	0.826676	1.762205	1.171522
ENSMUSG00000039883	0.895496	1.383971	1.256001	-0.988000	-2.066868	-0.758552
ENSMUSG00000039886	-0.387581	-0.419205	-1.123663	-0.284533	-0.134018	0.264843
ENSMUSG00000039887	0.485207	-0.107344	-0.438517	0.119455	-0.219860	-1.171708
ENSMUSG00000039891	0.171660	0.745723	0.553052	0.901760	1.371391	0.636482
ENSMUSG00000039899	-4.142429	-3.693138	-2.117549	-1.939847	-1.198771	-0.265179
ENSMUSG00000039901	0.200518	0.096102	-0.000531	0.195256	0.344732	0.346170
ENSMUSG00000039910	-0.470934	-0.148865	0.749452	1.838926	2.666359	2.695492
ENSMUSG00000039911	0.536693	0.304558	-1.183105	-0.295254	-0.174759	-0.684661
ENSMUSG00000039914	-0.005043	0.251945	0.187178	0.747228	0.993775	1.637174
ENSMUSG00000039917	0.171417	0.265224	0.177564	0.173641	-0.129932	-0.520595
ENSMUSG00000039929	-0.014914	-0.203295	0.007058	-0.959786	-0.766687	-1.553960
ENSMUSG00000039936	-0.485167	-0.877885	-0.685730	-0.389600	-0.410557	-0.360623
ENSMUSG00000039942	-0.600812	-0.617456	-0.537777	0.575885	0.675716	0.397391
ENSMUSG00000039952	0.713868	0.538322	1.690415	0.921026	1.089843	0.751254
ENSMUSG00000039953	0.327995	0.739433	1.085114	0.625841	0.494483	0.755097
ENSMUSG00000039958	-0.284035	-0.341628	-0.943298	-0.423166	-0.167133	0.336989
ENSMUSG00000039959	0.595779	-0.255915	-0.849789	-0.587810	-1.156807	-1.270662
ENSMUSG00000039963	0.343883	1.127429	0.250685	1.171407	-1.380795	-1.783830
ENSMUSG00000039967	0.111006	0.595987	0.700365	0.066400	0.256711	0.514067
ENSMUSG00000039968	-0.105478	0.185128	0.067456	0.158393	-0.229736	0.200875
ENSMUSG00000039976	-1.840610	-1.945506	-1.396940	-1.938970	-2.555620	-2.229963
ENSMUSG00000039981	0.095813	-1.291034	0.037092	1.253927	3.520467	3.075235
ENSMUSG00000039982	1.507700	-0.155155	-1.675044	-2.209030	-1.068861	-1.039766
ENSMUSG00000039983	-0.269971	-0.024376	0.285148	0.294967	0.795468	1.066777
ENSMUSG00000039985	0.070623	-0.348790	-0.283899	-0.635386	-0.861429	-1.085180
ENSMUSG00000039987	0.065939	-0.100656	0.158010	-1.074533	-0.995438	-1.420329
ENSMUSG00000039988	-0.076544	-0.157334	0.253162	-0.402255	-0.135403	-0.231445
ENSMUSG00000039989	-0.557988	-0.408982	0.045681	-0.604769	-1.060457	-1.038593
ENSMUSG00000039990	0.029518	0.076898	0.019419	-0.346739	-0.269609	-0.170707
ENSMUSG00000039994	0.340313	0.132776	0.210473	-0.217466	-0.523441	-1.100892
ENSMUSG00000039997	0.000249	0.379112	0.628200	1.473157	1.624647	2.220026
ENSMUSG00000040003	0.385754	0.688759	-0.072924	0.148695	-0.252655	0.059039
ENSMUSG00000040006	0.139263	0.362470	0.117007	-0.286159	0.312038	0.662362
ENSMUSG00000040007	-0.089221	0.385431	0.791751	0.328101	0.896232	1.022281
ENSMUSG00000040010	0.233307	-0.032627	-0.002017	-0.924590	-2.315281	-2.881382
ENSMUSG00000040018	-0.158251	-0.351497	0.135948	0.100050	0.241936	0.003168
ENSMUSG00000040021	0.168342	-0.034078	-0.115056	-0.433846	0.177299	0.161453
ENSMUSG00000040022	0.308269	0.402025	0.651412	0.762342	0.775036	0.481382
ENSMUSG00000040025	-0.080209	-0.281236	-0.263511	-0.428571	-0.343540	-0.520010
ENSMUSG00000040026	-0.577386	-0.511920	-1.825732	-0.455132	0.043133	0.536090
ENSMUSG00000040028	-0.199400	-0.000535	0.032439	-0.362813	-0.310388	-0.684501
ENSMUSG00000040029	-0.019220	-0.421127	0.324754	-0.357950	-0.013980	-0.339739
ENSMUSG00000040033	0.532934	0.651708	0.718930	1.175668	1.600332	1.976643
ENSMUSG00000040034	-0.019889	-0.166753	-0.919965	-0.716102	-1.433031	-1.722937
ENSMUSG00000040040	0.441345	0.627153	0.338780	0.603499	0.901830	1.464238
ENSMUSG00000040043	-0.057414	0.027905	0.128437	0.204819	0.102597	0.158869
ENSMUSG00000040044	-0.031242	-0.127026	-0.238294	-0.467395	-0.621106	-0.492078
ENSMUSG00000040048	0.010392	0.247063	-0.039632	0.129338	-0.563091	-0.625329
ENSMUSG00000040054	0.401163	0.466095	0.995902	1.276436	2.127268	2.475644
ENSMUSG00000040061	1.571652	0.487550	0.173478	0.811070	1.784647	2.401046
ENSMUSG00000040078	0.403336	0.097835	0.881470	-1.269454	-3.156962	-2.029271
ENSMUSG00000040084	0.120563	0.079364	0.292342	-0.164494	0.039743	-0.225674
ENSMUSG00000040093	-0.385206	-2.011821	-0.464049	-0.045601	3.212944	5.065587
ENSMUSG00000040097	0.084652	0.394718	0.760179	0.269568	0.564516	0.756951
ENSMUSG00000040102	0.036879	-0.129973	-0.120891	0.374162	1.836814	2.068009
ENSMUSG00000040105	2.596138	1.285452	0.512878	1.447993	2.151581	1.774185
ENSMUSG00000040111	-0.260693	-0.543266	-0.185168	0.245131	-0.141504	0.115136
ENSMUSG00000040112	0.014096	-0.014152	-0.463427	-0.413365	-1.044208	-0.462898
ENSMUSG00000040123	0.134872	0.775546	0.443832	0.622171	1.076395	1.022728
ENSMUSG00000040124	-0.052503	0.053887	-0.092233	0.056398	-0.379263	0.019217
ENSMUSG00000040125	-0.596923	-0.511904	-0.104463	0.166780	1.954111	0.665291
ENSMUSG00000040128	0.284074	0.592367	0.613900	1.594030	1.623127	2.056594
ENSMUSG00000040139	-0.237357	0.094174	0.679924	0.957028	0.446934	0.249533
ENSMUSG00000040151	0.326264	0.046295	0.117551	-0.246531	-0.200502	-0.468882
ENSMUSG00000040158	-0.012922	-0.007603	0.384701	1.172796	2.077358	2.200176
ENSMUSG00000040165	-0.292749	0.137091	0.142422	0.597932	-0.316683	0.098591
ENSMUSG00000040167	-0.203724	-0.038663	0.213168	0.025744	-0.031836	0.088583
ENSMUSG00000040174	-0.093932	-0.046988	-0.350100	-0.022228	-0.362044	-0.194350
ENSMUSG00000040177	-0.200948	-0.440085	-0.269762	-0.668602	-1.122442	-1.260399
ENSMUSG00000040181	-0.139804	-0.157149	-0.579997	0.684511	-0.436394	-0.599187
ENSMUSG00000040187	0.239976	0.543001	1.004044	1.201299	1.648583	1.939987
ENSMUSG00000040188	0.183695	-0.074857	0.286823	0.348588	0.577032	0.395037
ENSMUSG00000040189	0.004443	0.000018	1.037033	0.777171	-0.394526	-0.703522
ENSMUSG00000040195	0.239164	-0.004203	0.336044	-0.038624	0.194364	-0.513629
ENSMUSG00000040204	0.420283	1.015725	1.112549	1.085047	0.550909	0.232161
ENSMUSG00000040209	1.671234	1.022428	0.431197	0.375673	1.098366	1.373509
ENSMUSG00000040212	0.018102	0.205887	-0.440837	0.378306	0.045043	-0.373654
ENSMUSG00000040213	-0.361894	-0.704614	-1.297552	-1.181322	-1.294958	-1.363899
ENSMUSG00000040220	0.322357	-0.043849	-0.224022	-0.227545	-0.064353	0.639375
ENSMUSG00000040225	-0.138616	-0.493585	-0.209841	-0.220314	0.125925	-0.314895
ENSMUSG00000040229	1.243326	1.760799	1.836288	1.439783	1.916983	2.041263
ENSMUSG00000040231	-0.168577	-0.088174	-0.399762	0.355413	-0.276741	-0.459075
ENSMUSG00000040234	-0.335933	-0.196009	-0.543980	-0.693728	-0.925885	-1.178883
ENSMUSG00000040236	-0.137719	-0.108608	-0.282869	-0.144897	-0.571201	-0.679100
ENSMUSG00000040242	0.035859	0.324474	0.288460	0.210698	0.341486	0.645821
ENSMUSG00000040247	-0.229958	-0.459479	-0.632061	-0.562853	-0.741200	-1.008605
ENSMUSG00000040249	1.046553	-0.906243	-1.395481	-2.340086	-0.573901	-2.139303
ENSMUSG00000040250	-0.178869	-0.002193	0.354822	0.259677	0.199321	0.069037
ENSMUSG00000040253	-1.003079	-0.995417	-0.265266	-0.432771	-0.350088	-0.042505
ENSMUSG00000040254	-0.962111	-1.718841	-1.436078	-0.842498	-1.124015	-1.854887
ENSMUSG00000040258	0.118936	-0.251857	-0.656816	-1.265879	-1.944709	-2.333857
ENSMUSG00000040263	-0.004986	0.176049	-0.324431	-0.357312	-1.052273	-0.924863
ENSMUSG00000040265	-0.526217	0.263119	-1.570410	0.159415	1.358803	0.579393
ENSMUSG00000040268	0.169534	0.747318	0.712770	0.824905	0.293144	0.335424
ENSMUSG00000040269	-0.223972	-0.430756	-0.488993	-0.345702	-0.891642	-1.918850
ENSMUSG00000040270	0.601109	0.176761	1.317800	2.514862	5.296382	5.450019
ENSMUSG00000040272	0.359653	0.206115	0.280715	1.174861	1.112842	1.296526
ENSMUSG00000040274	0.325176	-0.694726	-1.592278	-2.002731	-1.500762	-1.183591
ENSMUSG00000040282	-0.183070	-0.121188	-0.148898	-0.244245	-0.257508	-0.433184
ENSMUSG00000040287	0.303473	0.936926	-0.214354	1.508115	-0.070220	0.929710
ENSMUSG00000040296	0.059610	0.360135	0.995667	1.693507	2.470402	2.572599
ENSMUSG00000040297	-0.139275	-0.043858	-0.198504	-0.147950	0.125144	0.134348
ENSMUSG00000040302	-0.074616	0.061271	-0.547361	-0.198616	-0.368124	-0.267599
ENSMUSG00000040312	-0.142577	-0.569171	-0.625478	-0.809323	-0.757139	-0.765619
ENSMUSG00000040321	-0.157764	-0.461689	-0.551769	-0.873991	-0.930109	-1.317894
ENSMUSG00000040323	-0.100593	0.563775	1.173608	-0.674064	-0.361673	-0.038332
ENSMUSG00000040325	-0.300640	-0.266819	-0.248832	-0.523066	-0.989296	-1.193688
ENSMUSG00000040327	0.184032	-0.164764	-0.597137	-0.294900	0.261501	-1.190853
ENSMUSG00000040328	0.363143	-0.037757	0.188532	-2.372529	-0.452797	-0.913913
ENSMUSG00000040331	0.031874	0.004413	-0.187132	-0.355297	-0.273071	-0.317357
ENSMUSG00000040339	0.144662	-0.120628	0.163320	-0.557150	0.825153	0.918018
ENSMUSG00000040345	0.305217	-0.343027	-0.272337	0.084261	0.686415	0.975232
ENSMUSG00000040350	1.794540	0.756762	-1.131515	-0.225904	-0.659181	0.247255
ENSMUSG00000040351	0.182624	-0.082994	-0.282613	-0.080858	0.008967	0.172895
ENSMUSG00000040354	0.137694	-0.086725	0.065651	-0.605501	-1.110402	-1.517721
ENSMUSG00000040356	-0.110805	-0.040876	0.321302	0.293548	0.557503	0.625920
ENSMUSG00000040359	-0.099488	0.115881	-0.144649	0.246089	0.040500	-0.140268
ENSMUSG00000040363	0.578262	0.171979	0.330694	-0.087814	-0.055882	-0.096784
ENSMUSG00000040365	0.137268	0.176986	0.266706	0.687267	0.756173	0.683847
ENSMUSG00000040367	-0.325348	0.594990	-1.868378	2.162197	0.904327	1.149334
ENSMUSG00000040370	0.198773	0.074061	0.017302	-0.493936	-0.643484	-0.110509
ENSMUSG00000040374	0.053037	-0.352025	-0.312708	-0.413080	-0.499163	-0.198668
ENSMUSG00000040380	0.917770	0.077310	-1.130626	0.757332	-0.019803	0.325782
ENSMUSG00000040383	-0.083764	-0.223246	-0.213913	-0.233902	-0.538169	-0.606028
ENSMUSG00000040385	-0.028133	-0.151022	0.060244	-0.131857	-0.193410	-0.581593
ENSMUSG00000040387	-0.489590	-0.811877	-1.363975	-0.967606	-2.256983	-1.019262
ENSMUSG00000040389	-0.195474	0.236727	0.905369	0.500802	0.904735	0.941609
ENSMUSG00000040390	0.027548	0.462634	-0.192541	0.257515	0.248294	0.059622
ENSMUSG00000040396	-0.020877	0.325256	0.357195	0.139659	0.958256	0.952597
ENSMUSG00000040407	0.050974	0.430423	0.383621	-0.072502	0.009021	0.489179
ENSMUSG00000040410	-0.132069	-0.483874	-0.629214	-0.062905	-0.103052	-0.083621
ENSMUSG00000040414	-0.187277	-0.056815	-0.513479	0.518141	0.126898	0.000434
ENSMUSG00000040415	0.315461	0.696483	0.827833	1.289670	1.216595	1.843291
ENSMUSG00000040423	0.064036	-0.209965	0.226319	-0.427034	0.322543	0.136024
ENSMUSG00000040424	-0.553953	-1.779108	-2.656328	-2.427266	-1.618467	-1.769206
ENSMUSG00000040428	-0.016789	0.136731	-0.632656	-0.155023	0.000144	0.296832
ENSMUSG00000040429	-0.390313	0.103053	-0.443381	-0.155173	-0.422270	-0.320033
ENSMUSG00000040430	0.451480	0.172767	-0.576972	-0.611625	-0.097455	0.070752
ENSMUSG00000040433	0.275105	0.057985	1.013458	0.770389	1.330092	1.378249
ENSMUSG00000040435	-0.232027	-0.479118	-0.202566	-0.215706	-1.180628	-1.019450
ENSMUSG00000040446	0.326831	0.188699	-0.375645	-0.703009	-0.265487	-0.007751
ENSMUSG00000040447	0.782926	1.360930	1.999604	1.968405	3.690438	2.063736
ENSMUSG00000040451	0.164827	0.412945	0.093562	1.180406	1.654719	1.644352
ENSMUSG00000040455	0.040406	0.091319	0.247899	-0.274754	-0.335031	-0.449149
ENSMUSG00000040459	-0.070410	-0.255353	-0.647428	-0.105708	-0.276274	-0.257919
ENSMUSG00000040462	0.041949	0.222871	0.315612	0.605592	0.806906	1.073597
ENSMUSG00000040463	0.105147	-0.004079	-0.192155	-1.081965	-1.620671	-1.750022
ENSMUSG00000040466	-0.273295	-0.155869	-0.608651	1.150497	1.917079	2.771089
ENSMUSG00000040472	-0.242686	-0.012521	-0.441285	-0.072208	-0.307419	0.024902
ENSMUSG00000040479	-0.061397	0.036598	-0.212532	0.295856	0.350934	0.863597
ENSMUSG00000040481	-0.060858	0.301670	0.421175	0.581710	0.545029	0.759862
ENSMUSG00000040482	-0.010221	0.003563	0.078992	0.192707	0.129504	0.191540
ENSMUSG00000040483	-0.007232	-1.272957	-2.560720	-2.302191	-2.842648	-1.937730
ENSMUSG00000040488	0.242782	0.362367	0.333024	0.762579	-0.246802	-0.375952
ENSMUSG00000040495	-0.591942	-1.552639	-0.182934	-0.116415	0.703729	-0.445421
ENSMUSG00000040498	0.991551	0.184036	-1.499028	0.646910	-0.641973	-1.682600
ENSMUSG00000040502	2.178771	3.442601	3.950567	2.469588	2.902003	2.726323
ENSMUSG00000040506	-0.306504	-0.136853	-0.344259	0.030607	-0.349435	-0.371645
ENSMUSG00000040511	0.536347	0.110244	0.085768	0.371257	0.261407	-0.026950
ENSMUSG00000040520	-0.420652	0.252393	0.503693	0.973505	2.100153	1.993949
ENSMUSG00000040521	-0.410462	-0.150425	0.006716	-0.025746	-0.682253	-0.954970
ENSMUSG00000040524	0.166171	-0.426540	0.199122	-0.080463	0.486494	0.215509
ENSMUSG00000040528	0.932170	0.249232	-0.605733	0.505997	0.352725	0.871294
ENSMUSG00000040532	-0.280013	-0.251671	-0.706945	-0.811259	-1.139744	-0.957791
ENSMUSG00000040548	0.189267	-0.037451	0.085297	-0.453019	-0.587263	-0.638684
ENSMUSG00000040549	0.161143	0.170621	0.170353	-0.060299	-0.003473	-0.229508
ENSMUSG00000040550	-0.189732	-0.399153	-0.521845	-0.619912	-0.830131	-1.110575
ENSMUSG00000040554	-0.404551	-0.693564	-0.703123	0.203367	-0.270436	-0.709709
ENSMUSG00000040560	-0.339558	-0.624909	0.405493	0.830009	1.739651	1.693112
ENSMUSG00000040565	0.039861	0.022580	-0.410864	-0.515157	-0.580458	-0.879206
ENSMUSG00000040586	0.277426	0.278497	0.222362	0.316044	0.072492	0.579683
ENSMUSG00000040591	-0.032058	0.389451	0.294002	0.371391	0.185054	0.466997
ENSMUSG00000040592	-0.182347	0.147604	0.824994	1.298869	1.859456	2.288022
ENSMUSG00000040596	-0.018804	-0.155158	-0.729893	-1.685542	-1.329776	-1.500442
ENSMUSG00000040599	-0.291524	-0.184964	-0.054786	-0.295392	-0.311437	-0.813307
ENSMUSG00000040613	-0.253470	0.395876	0.520663	0.773555	0.746298	1.003504
ENSMUSG00000040618	0.171253	0.012390	-0.086734	-0.194793	-0.231586	-0.340165
ENSMUSG00000040620	-0.096199	-0.624152	-0.830286	-1.230561	-1.561347	-1.670176
ENSMUSG00000040621	-0.348777	-0.259772	-0.931072	0.085822	-0.408560	-0.882627
ENSMUSG00000040624	1.873998	1.524241	1.188613	1.034976	2.083757	1.612831
ENSMUSG00000040631	2.448165	1.522309	-0.518415	-1.279990	-0.247622	0.784305
ENSMUSG00000040648	-0.182967	-0.781813	-0.655547	-0.776028	-0.597216	-0.838119
ENSMUSG00000040651	0.280902	0.343011	1.038098	0.497240	0.837047	0.924323
ENSMUSG00000040652	0.144494	-0.010133	-0.195840	0.451955	0.520950	0.384681
ENSMUSG00000040659	-0.051118	-0.255571	0.114588	0.128912	0.204399	-0.210194
ENSMUSG00000040661	-0.083721	-0.298323	0.273043	-0.071846	0.686975	0.397688
ENSMUSG00000040663	2.054148	2.879630	3.137184	2.325565	2.203478	2.190035
ENSMUSG00000040666	-1.177739	0.263881	-0.835630	-0.025787	0.258422	-1.662172
ENSMUSG00000040667	-0.064906	0.056191	0.218906	-0.179805	-0.477392	-0.546596
ENSMUSG00000040669	-0.083510	0.210168	0.369292	0.705486	0.674205	0.478442
ENSMUSG00000040675	0.207003	-0.021453	0.452299	-0.212950	-0.759571	-1.702836
ENSMUSG00000040681	-0.113838	0.190458	0.016062	0.306119	-0.013475	-0.021648
ENSMUSG00000040687	-0.122485	-0.074422	-0.189370	-0.346916	-0.234896	0.055251
ENSMUSG00000040688	-0.244744	-0.301647	-0.516225	-1.023541	-1.280405	-1.647714
ENSMUSG00000040697	0.316221	0.082865	0.411581	0.207791	0.481598	0.588126
ENSMUSG00000040699	0.450110	0.920531	1.541466	1.975678	2.488897	3.094015
ENSMUSG00000040701	-0.229403	0.014284	-0.347116	0.075050	-0.274915	-0.277604
ENSMUSG00000040710	0.735147	1.026468	2.126257	2.558651	3.658782	3.330693
ENSMUSG00000040712	-0.343646	0.165459	-0.062850	0.264730	-0.510951	-0.576221
ENSMUSG00000040713	0.211401	0.055344	0.203181	0.256752	-0.287583	-0.457111
ENSMUSG00000040720	0.224322	0.222111	0.148023	0.093530	0.097934	0.449816
ENSMUSG00000040721	0.040432	-0.346966	-0.614103	-0.213474	0.552262	0.989060
ENSMUSG00000040722	-1.743192	-2.166886	-1.988438	-2.926828	-2.621511	-2.782154
ENSMUSG00000040723	1.605698	1.004860	1.264493	1.857350	1.911726	1.868766
ENSMUSG00000040725	-0.106473	-0.016892	0.575650	0.615997	1.112919	0.867028
ENSMUSG00000040726	-0.394994	0.146327	0.064813	1.973622	0.076011	0.569885
ENSMUSG00000040728	-2.603512	-3.629103	-5.406738	-3.250623	-3.756056	-2.577466
ENSMUSG00000040731	0.133225	-0.061762	0.230110	-0.084495	0.062330	-0.167487
ENSMUSG00000040734	-0.524722	-0.491714	-1.123914	-0.917051	-1.996490	-2.927450
ENSMUSG00000040738	-0.098606	0.229730	-0.023579	0.039411	-0.200206	-0.313567
ENSMUSG00000040746	0.109803	0.190434	-0.049342	0.747422	0.561876	0.744860
ENSMUSG00000040747	1.279340	1.023494	1.047806	4.523475	4.326891	4.790297
ENSMUSG00000040749	0.034851	-0.016332	0.001411	-0.505168	-0.178052	-1.020845
ENSMUSG00000040751	1.390231	2.165600	2.523874	2.653228	1.942296	1.471005
ENSMUSG00000040760	0.246166	0.074361	-0.076631	0.124959	-0.223629	-0.052268
ENSMUSG00000040761	-0.268502	-0.118886	0.038415	-0.078473	-0.216347	-0.399486
ENSMUSG00000040767	0.054340	0.279744	0.420136	0.338328	0.086689	-0.104825
ENSMUSG00000040771	0.002685	0.174085	0.108856	0.521486	0.488779	0.528332
ENSMUSG00000040774	-0.074942	0.218071	-0.197782	0.009089	-0.453437	-0.256292
ENSMUSG00000040782	0.041748	0.055044	-0.247384	0.180788	-0.175762	-0.216383
ENSMUSG00000040785	-0.010979	0.156518	-0.097381	-0.190485	-0.315782	0.083890
ENSMUSG00000040795	-0.216855	-0.257009	-0.051633	-0.253078	-0.591216	0.295762
ENSMUSG00000040811	-0.034528	0.090680	0.492815	0.410502	0.711720	0.644374
ENSMUSG00000040812	1.156164	0.544229	-0.225580	0.699038	-1.248320	0.616185
ENSMUSG00000040813	0.272396	0.492299	0.230827	0.305381	-0.187098	-0.204526
ENSMUSG00000040818	0.183784	-0.073406	0.041623	-0.350929	0.210316	0.072953
ENSMUSG00000040820	-0.182356	-0.770639	-0.823880	-1.699810	-1.880153	-2.094692
ENSMUSG00000040822	-0.089997	0.159479	0.420377	0.072475	0.274508	0.236930
ENSMUSG00000040824	0.087185	0.083000	-0.279473	-0.256811	-0.548181	-0.607607
ENSMUSG00000040842	-0.024598	-0.147083	-0.197992	-0.486821	-0.553290	-0.508283
ENSMUSG00000040843	-0.240458	-0.230137	-0.031381	-0.047822	-0.538801	-0.801004
ENSMUSG00000040848	0.561712	0.217631	0.313025	0.931534	1.539334	1.626754
ENSMUSG00000040850	-0.032505	0.022267	0.175754	0.724600	1.275498	0.947487
ENSMUSG00000040857	-0.088396	-0.278317	-0.191686	-0.847187	-1.065171	-1.237762
ENSMUSG00000040859	-0.018631	0.272491	0.371956	0.893802	1.070286	1.213397
ENSMUSG00000040860	-0.077464	-0.164499	-0.029419	-0.207210	-0.473464	-0.342483
ENSMUSG00000040865	-0.043268	-0.138524	0.052064	-0.038057	0.178336	0.192077
ENSMUSG00000040867	0.446574	0.988959	0.786938	0.942121	1.429124	1.608166
ENSMUSG00000040877	-0.207847	-0.221106	-0.352930	-0.504595	-0.910647	-0.633940
ENSMUSG00000040883	-0.342055	-0.358316	-1.533515	-0.628832	-0.965251	-0.964753
ENSMUSG00000040888	0.119161	-0.408742	-0.169212	-0.297826	-0.380255	-0.406104
ENSMUSG00000040904	-0.670135	-0.349322	0.692600	-0.624815	-0.122604	-0.270305
ENSMUSG00000040907	0.614206	0.398080	1.714153	1.799935	2.726066	2.581095
ENSMUSG00000040913	0.256744	0.592091	0.801930	1.287982	0.954459	1.066178
ENSMUSG00000040918	-0.173008	-0.628346	-0.870868	-0.989386	-1.576549	-2.203006
ENSMUSG00000040928	-0.015315	0.108044	0.268721	0.577190	0.146680	0.010994
ENSMUSG00000040929	0.339926	0.754767	0.439373	1.303428	1.348087	1.534034
ENSMUSG00000040936	-1.531931	-1.134001	-0.822257	0.230779	-1.079905	-1.354541
ENSMUSG00000040940	-0.277361	-0.133313	-0.211242	-0.205711	-0.066501	0.280092
ENSMUSG00000040943	0.397324	0.463702	0.695966	1.026741	0.891187	0.927567
ENSMUSG00000040945	0.180532	-0.127301	-0.115263	-0.543501	-0.604415	-1.210803
ENSMUSG00000040952	-0.006828	0.144862	-0.201181	-0.633303	-0.684344	-0.170333
ENSMUSG00000040990	-0.176414	-0.087973	0.171368	0.685667	0.890279	1.297037
ENSMUSG00000040997	-0.072319	0.030911	0.303886	0.336459	0.840161	0.497861
ENSMUSG00000041012	-1.837664	-1.524171	-1.060759	-0.352233	-0.361179	-0.129635
ENSMUSG00000041020	1.214709	0.846442	0.122293	2.218773	2.819775	2.110618
ENSMUSG00000041025	0.007802	0.173741	-0.462154	0.114213	0.007696	-0.737958
ENSMUSG00000041028	-0.143323	-0.140249	-0.013841	0.180509	-0.057192	-0.345727
ENSMUSG00000041035	0.427642	0.415137	-0.129667	-0.053214	-0.310070	-0.074487
ENSMUSG00000041037	0.252196	0.155697	0.509054	0.950777	1.890545	2.067260
ENSMUSG00000041040	0.691329	0.486847	0.418106	0.152710	0.306151	0.388083
ENSMUSG00000041057	-0.079760	-0.266931	-0.592314	-0.952319	-1.627020	-1.919037
ENSMUSG00000041058	0.089887	-0.019874	0.405534	-0.618967	0.029385	-0.515568
ENSMUSG00000041064	-0.219412	-0.229315	-0.156094	-0.379582	-0.287436	-0.801068
ENSMUSG00000041075	0.713028	-0.358991	0.682165	-0.765945	-0.889088	-1.532144
ENSMUSG00000041079	-0.115222	0.043454	0.154545	-0.363359	-0.250483	0.028317
ENSMUSG00000041084	-0.015508	0.170644	0.089851	-0.059848	-0.707854	-1.178690
ENSMUSG00000041096	-0.221139	0.329948	-0.224198	0.331357	0.134359	0.475467
ENSMUSG00000041112	-0.159900	-0.171935	-0.284009	-0.435005	-1.105064	-1.437412
ENSMUSG00000041115	-0.221818	-0.502002	-0.634025	0.076391	0.145313	-0.127676
ENSMUSG00000041124	0.060815	-0.686907	-0.483525	-0.776180	-0.284537	-0.554177
ENSMUSG00000041126	-0.275789	0.149024	0.177100	0.600269	0.792722	0.963559
ENSMUSG00000041130	-0.063520	-0.040823	-0.116774	-0.269181	-0.258518	-0.458400
ENSMUSG00000041132	-0.611216	-0.619648	0.173810	0.276758	0.342275	0.697439
ENSMUSG00000041133	-0.077955	0.074437	-0.008059	0.223575	0.043243	-0.030974
ENSMUSG00000041135	0.277649	-0.046409	0.271451	0.509095	-0.165361	-0.001907
ENSMUSG00000041143	-0.278500	-0.214714	-0.395820	-0.684266	-0.832868	-0.820577
ENSMUSG00000041147	0.149963	0.068683	-0.136347	-0.293267	-0.489532	-0.691549
ENSMUSG00000041153	-0.168822	-0.089846	-0.079538	-0.096661	-0.305166	-0.544440
ENSMUSG00000041161	0.123255	0.213774	-0.241241	-0.136222	0.325709	0.428856
ENSMUSG00000041164	0.234744	0.148695	0.051178	0.266459	0.203526	-0.128885
ENSMUSG00000041168	0.195832	0.382837	0.475256	0.117912	-0.438507	-0.984514
ENSMUSG00000041180	0.067753	-0.544918	-0.847267	-0.167488	-0.806660	-0.650309
ENSMUSG00000041187	-0.318062	-0.467042	-0.381980	-0.816641	-0.407162	-0.291929
ENSMUSG00000041189	-0.641521	0.478360	-0.088827	0.848343	1.437235	0.845983
ENSMUSG00000041199	-0.055382	-0.457841	-0.422435	-0.450938	-0.148481	-0.502608
ENSMUSG00000041203	0.039210	-0.123830	0.150684	0.054464	0.312141	0.422385
ENSMUSG00000041215	-0.030138	0.029866	0.133509	0.239771	0.318605	0.216721
ENSMUSG00000041219	0.075013	-0.461108	-0.203447	-0.586449	-0.497674	-0.773945
ENSMUSG00000041220	-0.672849	-1.452012	-2.242409	-2.237657	-2.884706	-3.078428
ENSMUSG00000041225	0.202192	0.798224	0.025542	0.077829	-0.425854	-0.282541
ENSMUSG00000041229	-0.084531	-0.175417	0.437664	0.460495	0.741834	0.686403
ENSMUSG00000041231	-0.366790	-0.350017	0.640623	1.219278	1.219183	1.782942
ENSMUSG00000041235	-0.571647	-0.210419	-0.526760	-0.118653	0.156967	0.664639
ENSMUSG00000041236	0.027345	0.111626	-0.142396	0.209425	0.499106	0.898225
ENSMUSG00000041238	-0.073376	0.196431	0.598805	-0.046111	-0.306800	-0.061713
ENSMUSG00000041241	0.030633	-0.006447	-0.297879	-0.169546	-0.037317	0.029505
ENSMUSG00000041258	0.071281	0.140522	0.759311	0.516421	0.748359	0.932073
ENSMUSG00000041263	-0.258978	-0.004632	0.106829	0.419797	0.223658	0.230985
ENSMUSG00000041264	-0.102329	-0.029017	-0.663263	-0.752123	-1.707688	-1.173246
ENSMUSG00000041272	-0.667897	-0.580337	-0.355126	-0.930598	-1.492878	-1.544295
ENSMUSG00000041278	0.017438	0.289846	0.054756	-0.132578	-0.145814	0.122479
ENSMUSG00000041287	0.039780	-0.886893	-2.767470	-3.872971	-2.401361	-2.294600
ENSMUSG00000041297	0.045743	0.078117	0.128740	0.162800	-0.053790	-0.059375
ENSMUSG00000041298	0.028800	-0.189102	0.112803	-0.468571	0.115596	0.160045
ENSMUSG00000041303	0.332022	-0.426731	0.024174	-0.023442	0.286324	0.212399
ENSMUSG00000041308	0.233931	-0.111653	0.216728	-0.182680	0.048937	0.409111
ENSMUSG00000041313	0.288241	-0.075467	0.294984	-1.160090	-1.727389	-2.466656
ENSMUSG00000041319	-0.268290	0.011555	-0.266569	0.199065	-0.152205	-0.516676
ENSMUSG00000041328	0.013470	-0.085304	-0.020329	-0.021835	-0.000780	0.259789
ENSMUSG00000041329	1.173915	-0.425741	-0.347177	1.372285	2.399986	0.660477
ENSMUSG00000041341	0.140079	-0.094280	0.037377	-0.180335	-0.104883	-0.317249
ENSMUSG00000041343	-0.152292	-0.329555	0.899949	-0.086631	0.520704	2.195849
ENSMUSG00000041346	-0.279206	-0.729314	-1.209916	-0.488629	-0.105978	-0.049760
ENSMUSG00000041353	-0.239669	-0.143607	-0.699155	0.226810	-0.093193	-0.040186
ENSMUSG00000041354	0.087536	-0.255320	-0.124307	0.408066	0.508758	0.762905
ENSMUSG00000041355	-0.071924	-0.059827	-0.402866	-0.182365	-0.391892	-0.984019
ENSMUSG00000041360	-0.172886	-0.146915	-0.578234	-1.568285	-1.990670	-1.905272
ENSMUSG00000041375	-0.368485	-0.457484	-0.984342	-1.390448	-1.781189	-1.304708
ENSMUSG00000041390	-0.008134	0.192760	0.690029	-0.330560	-0.032196	-0.509972
ENSMUSG00000041396	0.128116	0.026898	-0.033206	-0.814455	-0.952408	-0.472524
ENSMUSG00000041406	-0.290212	-0.283429	-0.345044	-0.438722	-0.635433	-1.286525
ENSMUSG00000041408	0.171363	0.082978	0.209104	-0.145922	0.102017	0.140349
ENSMUSG00000041415	0.114922	-0.215936	0.097339	-0.497566	-0.083192	-0.038148
ENSMUSG00000041417	0.338446	-0.218704	0.784714	0.227082	1.186700	1.437705
ENSMUSG00000041420	-0.617176	-0.320920	1.967167	1.984456	2.445064	2.398165
ENSMUSG00000041426	-0.106191	-0.087060	0.174555	-0.609291	-0.335337	-0.182880
ENSMUSG00000041429	0.351089	-0.024410	-0.596868	-1.424001	-1.014844	-1.167883
ENSMUSG00000041431	0.123996	-0.650045	-0.927026	-1.190790	-0.788023	-1.251361
ENSMUSG00000041438	-0.208808	-0.465577	-0.798053	-1.275581	-1.775693	-2.095195
ENSMUSG00000041439	-0.086906	-0.228696	0.157549	-0.221749	0.212049	0.089887
ENSMUSG00000041440	-0.394660	-0.318903	-0.104874	-0.274671	0.776994	0.262846
ENSMUSG00000041453	0.192638	0.728305	0.290557	-0.002594	-0.194080	0.586793
ENSMUSG00000041459	0.072132	-0.179063	-0.228646	-0.170616	-0.440747	-0.626783
ENSMUSG00000041468	1.888060	1.506243	1.089877	1.907528	3.438900	1.477448
ENSMUSG00000041471	0.004918	0.013228	0.097920	0.143022	-0.078158	0.098505
ENSMUSG00000041477	-0.332039	-0.069209	-0.164289	-0.108728	-0.153609	-0.019626
ENSMUSG00000041483	0.019250	0.003838	-0.407901	-0.132077	-0.066349	0.202548
ENSMUSG00000041491	0.107788	0.161354	-0.010820	0.283972	0.354514	0.116053
ENSMUSG00000041498	0.048122	-0.045016	0.387970	0.187021	0.909944	0.488545
ENSMUSG00000041506	-0.403739	-0.388491	-0.911689	-1.305329	-2.273249	-2.330229
ENSMUSG00000041515	-0.137767	0.152272	0.314087	-0.499025	-0.696593	-0.876098
ENSMUSG00000041528	-0.144648	0.015409	-0.115361	0.287434	-0.085023	0.030753
ENSMUSG00000041530	0.092919	-0.047640	0.290022	0.148201	0.742869	0.653574
ENSMUSG00000041538	0.099635	0.814699	0.346696	2.777132	3.927051	5.060195
ENSMUSG00000041560	-0.055205	0.004140	0.346705	0.248340	0.890341	1.230992
ENSMUSG00000041570	-0.139429	-0.137468	0.470049	0.715438	2.004608	1.893892
ENSMUSG00000041571	-0.380691	-0.160739	-0.059569	0.876457	1.201819	1.505510
ENSMUSG00000041594	-0.296058	-0.771624	-0.753187	-0.815678	-0.051250	-0.323163
ENSMUSG00000041605	-0.667662	0.380956	0.530636	2.191303	2.747749	2.747427
ENSMUSG00000041607	0.384477	-0.131546	0.006153	-0.123563	-0.224662	0.172591
ENSMUSG00000041609	-0.128374	0.205222	0.153973	0.851047	0.620057	0.434325
ENSMUSG00000041623	0.043816	-0.071359	-0.626729	-0.990476	-0.677253	-0.359576
ENSMUSG00000041625	-0.151929	-0.004982	0.003422	0.849196	0.875996	1.163054
ENSMUSG00000041629	-0.221509	-0.425865	-1.098940	-0.092405	-0.565899	-0.647732
ENSMUSG00000041632	-0.184308	-0.154240	-0.312748	-0.397188	-0.714940	-1.070299
ENSMUSG00000041638	-0.105737	-0.057390	-0.162653	-0.463023	-0.610559	-0.686408
ENSMUSG00000041642	0.201787	0.844953	1.782691	2.089028	2.257994	2.508673
ENSMUSG00000041645	-0.170066	0.096416	0.109323	0.042587	0.067435	0.507557
ENSMUSG00000041650	0.384258	0.413476	0.227542	0.301591	0.320795	0.318281
ENSMUSG00000041654	-0.246116	-0.260031	-0.988637	-1.528850	-2.021198	-2.600592
ENSMUSG00000041671	-0.151993	0.047063	-0.089536	0.238588	0.211521	0.591363
ENSMUSG00000041679	0.212169	-0.543768	-0.155863	0.771747	1.371847	1.089961
ENSMUSG00000041684	-0.229366	-1.191368	-3.417735	-4.155974	-4.184146	-4.430142
ENSMUSG00000041685	0.089110	0.226975	0.156780	0.144106	0.426120	0.566109
ENSMUSG00000041697	-0.152595	0.022894	-0.213484	0.426360	0.010994	-0.672907
ENSMUSG00000041700	0.748736	-0.314605	1.417229	-0.869515	-0.129354	-1.396474
ENSMUSG00000041702	0.112210	-0.064633	-0.039673	0.102189	0.642380	0.920785
ENSMUSG00000041712	0.005897	-0.282558	0.216835	0.094329	0.264108	-0.074807
ENSMUSG00000041716	-0.669804	-2.178797	-0.764114	-0.428359	-1.367185	-0.138376
ENSMUSG00000041718	-0.087487	-0.461007	-1.085377	0.212096	-0.807810	-1.189005
ENSMUSG00000041720	-0.171685	-0.246272	-0.223494	-0.175145	-0.335056	-0.525963
ENSMUSG00000041733	-0.244132	-0.120882	-0.466163	-0.469472	-0.932465	-1.184763
ENSMUSG00000041736	0.109288	0.463071	0.876147	2.010122	2.443329	2.094520
ENSMUSG00000041740	0.190669	-0.164974	0.237722	-0.197461	-0.123223	-0.084840
ENSMUSG00000041747	-0.234488	-0.375460	-0.287043	-0.897505	-0.887469	-1.110447
ENSMUSG00000041757	0.956860	0.721987	0.055028	1.065909	2.419520	2.008341
ENSMUSG00000041762	-0.018106	0.206196	-0.412292	0.472478	1.513764	1.198235
ENSMUSG00000041763	0.050000	-0.190860	-0.006804	-0.158001	0.201902	0.448858
ENSMUSG00000041765	-0.133050	0.229203	0.078109	0.142901	0.241362	-0.091572
ENSMUSG00000041769	-0.237514	0.073413	-0.052118	-0.095656	0.003358	-0.219506
ENSMUSG00000041773	0.285484	-1.255941	-0.895439	-1.377051	-1.158605	-1.018476
ENSMUSG00000041774	-0.271986	-1.280068	-2.062808	-1.791863	-2.241959	-2.105637
ENSMUSG00000041775	-0.082247	0.344116	-0.475033	0.709220	0.630582	0.979759
ENSMUSG00000041777	0.025344	0.541819	-0.100076	0.344309	0.479007	1.351960
ENSMUSG00000041779	0.189511	0.413713	0.620178	0.455103	1.633295	1.532332
ENSMUSG00000041781	0.216597	-0.108359	0.260133	0.177226	0.832933	1.355749
ENSMUSG00000041815	-0.031124	-0.032637	0.372076	-0.108616	0.255938	0.277292
ENSMUSG00000041827	0.323706	-0.036789	2.112652	2.028883	0.780569	2.161906
ENSMUSG00000041831	-1.513384	-0.056529	0.221067	0.614136	2.301737	2.227059
ENSMUSG00000041836	0.730531	0.638882	0.910248	0.461020	0.974691	1.179180
ENSMUSG00000041837	-0.200000	-0.247216	-0.003236	0.844585	0.710175	0.535615
ENSMUSG00000041840	0.217918	0.127452	0.094481	0.020139	0.042157	-0.085314
ENSMUSG00000041841	-0.068077	0.045016	0.142138	-0.137172	-0.155086	0.045780
ENSMUSG00000041842	-0.365839	1.137288	0.578136	-0.041590	0.242992	-0.221562
ENSMUSG00000041846	0.078884	0.001455	-0.034666	-0.161445	-0.203224	0.047246
ENSMUSG00000041849	0.845815	0.992209	2.878265	3.604097	5.175456	4.425496
ENSMUSG00000041852	0.072743	-0.188824	0.410261	-0.149096	0.253136	0.380356
ENSMUSG00000041859	-0.027930	-0.131905	0.410865	-0.096726	0.023045	-0.398679
ENSMUSG00000041870	0.070188	-0.070670	0.127899	-0.198281	0.401334	0.375467
ENSMUSG00000041872	-1.030669	0.138994	-1.487804	-0.055533	0.303691	-0.995224
ENSMUSG00000041879	0.149574	0.071633	0.302642	0.178528	0.131571	-0.318220
ENSMUSG00000041881	-0.038314	0.047094	-0.169798	0.249498	-0.166545	0.100380
ENSMUSG00000041889	-0.384749	-0.117820	0.239549	-0.080595	0.743791	0.866148
ENSMUSG00000041890	-0.176451	0.181430	0.459887	0.733645	0.980555	1.157236
ENSMUSG00000041891	0.026695	-0.366270	-0.315988	-1.076706	-0.958488	-1.079846
ENSMUSG00000041895	0.710814	2.008224	3.595034	2.426678	1.702268	0.425813
ENSMUSG00000041911	-0.057439	-0.829751	-0.612038	-0.321383	-0.011112	0.449367
ENSMUSG00000041915	0.128575	-0.007890	0.176015	0.622150	1.121110	0.726939
ENSMUSG00000041920	-0.147022	0.286072	0.178694	-0.244960	-1.297347	-1.110414
ENSMUSG00000041921	-0.143351	-0.063899	-0.687929	-0.118094	-0.179672	0.587880
ENSMUSG00000041926	0.047733	0.017933	0.048800	0.251287	-0.012075	0.052051
ENSMUSG00000041930	0.017519	0.575076	0.943356	0.818608	0.997028	0.794469
ENSMUSG00000041935	-0.110695	-0.166187	0.124141	0.401676	0.967115	1.180677
ENSMUSG00000041936	0.670569	0.786126	-0.295268	-0.895925	-1.266890	-1.098924
ENSMUSG00000041939	-0.085441	0.225367	0.384829	0.164109	0.703637	1.050654
ENSMUSG00000041945	-0.051133	0.114977	-0.463914	0.021119	1.465089	-0.435776
ENSMUSG00000041949	-0.535399	-0.152405	-0.261499	-0.143374	-0.604616	-0.841083
ENSMUSG00000041957	0.174907	-0.313156	1.373714	1.309531	-0.886992	-0.536427
ENSMUSG00000041958	0.016744	-0.065606	0.105718	0.109867	0.225017	-0.242113
ENSMUSG00000041959	1.523709	1.840928	1.149161	1.229465	1.160674	1.983053
ENSMUSG00000041961	-0.263609	-0.217145	-0.425066	-1.380300	-1.525678	-2.035779
ENSMUSG00000041966	-0.130347	-0.250792	-0.157564	-0.194767	-0.652441	-0.455818
ENSMUSG00000041974	0.287854	0.129514	0.331959	-0.215211	-0.344195	-0.853407
ENSMUSG00000041975	-0.370909	-0.359461	-1.054963	-0.226505	-0.718766	-0.744278
ENSMUSG00000041977	1.617013	2.072840	2.626908	3.264736	3.239356	3.156399
ENSMUSG00000041992	0.027591	-0.970750	-0.579963	-1.253406	-1.721013	-1.398254
ENSMUSG00000041995	0.141322	0.030703	0.448277	0.486418	0.812051	0.724296
ENSMUSG00000041997	-0.002766	0.058713	0.266197	0.143950	0.107104	0.291312
ENSMUSG00000042010	0.305116	0.088888	-1.321361	-0.297660	-0.173785	-0.183009
ENSMUSG00000042015	-0.030187	0.194731	-0.068524	-0.077804	-0.373155	-0.238762
ENSMUSG00000042029	0.119894	-0.202780	0.315253	-0.330222	0.037699	-0.756326
ENSMUSG00000042032	-0.099225	-0.388936	0.232240	-0.196058	0.327777	0.218540
ENSMUSG00000042042	-0.247986	-0.277721	1.102872	0.189515	1.308217	0.929527
ENSMUSG00000042043	0.349001	0.377446	0.390620	0.091216	-0.273868	0.589669
ENSMUSG00000042046	0.835088	0.130725	0.674529	0.141215	2.765597	1.999345
ENSMUSG00000042050	0.062936	0.602996	0.276612	0.413358	-0.316728	-0.196689
ENSMUSG00000042055	0.013391	-0.666712	-0.958720	-0.882067	-0.505329	-0.568568
ENSMUSG00000042063	0.046556	-0.547788	-0.538350	-0.360775	0.265854	0.372439
ENSMUSG00000042073	0.415799	-0.223767	-1.924148	-0.381345	-0.199934	-0.316165
ENSMUSG00000042079	-0.145298	-0.012140	0.050992	-0.266149	-0.580879	-0.713394
ENSMUSG00000042082	0.357746	0.662839	0.933669	0.788720	-0.061514	-0.623450
ENSMUSG00000042087	-0.250012	-0.926922	-1.338521	-1.168790	-2.462200	-2.111608
ENSMUSG00000042096	-1.520986	-0.855995	0.006540	1.393203	1.157428	2.251758
ENSMUSG00000042097	-0.408960	-0.039855	-0.501141	-0.949184	-1.551092	-1.608522
ENSMUSG00000042099	-0.591296	-0.901139	-0.734177	-1.229881	-1.553644	-1.476555
ENSMUSG00000042104	-0.835394	-1.323604	-0.272690	0.336132	0.699206	0.467528
ENSMUSG00000042105	0.175489	-0.126259	0.190270	-0.315186	0.024165	0.086198
ENSMUSG00000042106	0.170035	-2.394270	-2.115683	-2.209363	-2.249030	-2.263955
ENSMUSG00000042111	-0.067162	0.005700	-0.096922	-0.269426	-0.766431	-1.017877
ENSMUSG00000042116	-1.284124	-0.508797	-1.253942	-0.083632	0.307015	0.328910
ENSMUSG00000042121	-0.016796	0.168799	0.166336	-0.331812	-0.125490	0.162972
ENSMUSG00000042129	-0.085353	-0.846542	-0.635428	-0.505091	0.264938	-0.148761
ENSMUSG00000042133	-0.043463	0.284490	-0.183745	-0.481319	-1.406854	-0.920223
ENSMUSG00000042138	0.495748	0.300473	-0.012174	-0.276530	-0.232211	-0.084066
ENSMUSG00000042148	-0.238621	-0.152519	-0.639212	-0.437745	-1.294633	-1.674283
ENSMUSG00000042156	-1.399944	-2.119711	-2.133699	-1.123132	-1.555376	-1.486749
ENSMUSG00000042165	-0.247839	0.207455	0.547756	0.512970	-1.911608	0.069916
ENSMUSG00000042167	-0.009658	-0.290130	0.060482	-0.089363	0.178483	-0.169342
ENSMUSG00000042178	-0.041535	-0.703566	0.290416	0.105886	0.585382	0.279494
ENSMUSG00000042182	-2.289912	-2.397322	-1.522045	-1.012124	-0.693530	-1.214439
ENSMUSG00000042185	-0.201680	0.207488	-0.049816	0.189504	0.123059	0.187949
ENSMUSG00000042195	-0.456411	-0.295400	-0.495377	-0.519509	-1.173355	-1.575245
ENSMUSG00000042197	-0.028798	-0.124011	-0.592486	-0.630916	-0.816326	-0.843566
ENSMUSG00000042198	0.175603	0.465216	-0.144405	0.543493	-0.570373	-0.425848
ENSMUSG00000042202	-0.127239	-0.111918	0.033510	0.211143	0.230881	-0.242744
ENSMUSG00000042203	-0.092083	0.163837	0.579489	0.611259	0.948696	0.935505
ENSMUSG00000042208	-0.010740	0.262592	0.621782	-0.921515	-0.895209	-0.766388
ENSMUSG00000042210	-0.207776	-0.131298	-1.053002	-0.673667	-1.493635	-2.277806
ENSMUSG00000042211	0.152984	0.164168	0.227419	0.575684	0.897018	1.016595
ENSMUSG00000042213	-0.447759	-0.437922	-0.254525	0.391228	0.449423	0.429958
ENSMUSG00000042215	-0.049642	-0.059802	-0.078545	-0.571233	-0.900712	-1.274635
ENSMUSG00000042225	-0.022245	-0.234095	-0.485774	-0.552560	-0.812903	-1.008091
ENSMUSG00000042228	-0.143404	-0.499509	0.091111	0.560473	1.457326	1.568705
ENSMUSG00000042229	-0.203108	-0.229697	0.263271	0.031686	0.025457	-0.029790
ENSMUSG00000042246	-0.182560	-0.645658	-1.209134	-1.335716	0.584041	1.300367
ENSMUSG00000042271	0.315489	0.153171	0.350489	0.028845	0.014567	-0.298567
ENSMUSG00000042275	-0.000539	0.207810	0.230408	-0.149251	0.038805	-0.119340
ENSMUSG00000042286	2.343839	2.283929	0.890714	0.550352	0.670126	0.777833
ENSMUSG00000042289	-0.574498	0.235397	-0.022415	-0.638551	-0.183555	-0.887611
ENSMUSG00000042292	-0.471296	-0.027793	0.139981	0.709525	0.418883	0.304673
ENSMUSG00000042293	-0.073225	-0.665504	0.406818	1.102825	1.112745	2.120709
ENSMUSG00000042298	-0.010810	0.230496	-0.169260	-0.357186	-0.934489	-0.856571
ENSMUSG00000042302	0.068507	-0.379576	-0.396086	-1.030820	-0.151532	-0.497642
ENSMUSG00000042303	-0.244492	0.240131	-0.022632	0.189070	-0.243693	-0.227492
ENSMUSG00000042305	-0.131209	0.040904	0.065775	-0.085726	-0.138493	-0.264594
ENSMUSG00000042308	-0.092100	-0.188190	-0.495422	-0.240738	-0.506245	-0.644591
ENSMUSG00000042312	-0.301932	-0.079062	-0.195542	0.403716	0.031691	0.309388
ENSMUSG00000042320	0.194634	0.421991	0.718148	1.347550	1.936968	1.409868
ENSMUSG00000042323	-0.143375	-0.276389	-0.180863	-0.424526	-0.570508	-0.531581
ENSMUSG00000042328	-0.098751	-0.081054	-0.351271	0.005232	-0.042940	-0.027139
ENSMUSG00000042331	-0.129197	-0.886427	-0.821370	-1.153717	-1.450215	-1.159638
ENSMUSG00000042333	-0.415786	-0.233389	-0.041958	0.356171	1.234047	1.760296
ENSMUSG00000042348	0.153048	-0.371699	0.174683	0.006822	0.317998	0.462399
ENSMUSG00000042349	-0.196139	0.248736	0.253459	0.871315	0.941207	0.901075
ENSMUSG00000042350	-0.113565	-0.155572	0.260916	1.065858	1.747112	1.934428
ENSMUSG00000042351	1.199353	0.244568	0.942291	0.220434	-0.034527	-0.155153
ENSMUSG00000042354	-0.094716	-0.401706	-1.099935	-1.501543	-2.555066	-2.604156
ENSMUSG00000042364	0.060627	-0.006920	0.059697	-0.639430	-0.213861	0.151686
ENSMUSG00000042369	-0.227678	-0.469369	-0.054056	-0.176115	0.680387	0.996410
ENSMUSG00000042380	0.039626	-0.042048	-0.085768	0.263385	0.272660	0.197252
ENSMUSG00000042389	0.259457	0.607572	0.326789	-0.401545	-1.022334	-0.927567
ENSMUSG00000042390	0.180210	-0.379758	0.598494	0.282557	1.188275	0.875008
ENSMUSG00000042396	-0.200810	-0.135030	0.037122	0.283761	0.309451	-0.051955
ENSMUSG00000042404	-0.217673	-0.027047	0.331831	0.527181	0.549202	0.535567
ENSMUSG00000042406	0.090622	-0.057699	0.172494	-0.207989	-0.272310	-0.770106
ENSMUSG00000042408	-0.023031	0.128434	-0.328061	-0.030059	0.244572	0.454517
ENSMUSG00000042410	-0.019775	-0.200518	-0.200534	-0.530181	-0.530100	-1.009264
ENSMUSG00000042417	-0.536968	0.565570	1.333814	1.867506	1.611065	1.148937
ENSMUSG00000042419	-0.095651	-0.013368	0.005745	-0.019675	-0.158099	-0.121545
ENSMUSG00000042423	0.017563	0.339349	0.188162	0.683724	0.794215	0.904011
ENSMUSG00000042426	0.113350	-0.093763	0.384974	-0.273474	-0.158381	-0.162754
ENSMUSG00000042444	0.257109	0.445402	0.925348	0.887558	1.270608	1.279944
ENSMUSG00000042446	0.220230	-0.064041	-0.151501	-0.310418	-0.168973	-0.035005
ENSMUSG00000042447	0.055109	-0.334550	-0.159418	-0.642957	-0.639586	-0.995601
ENSMUSG00000042460	-0.164850	-0.368518	0.818859	-0.011125	1.224010	1.359578
ENSMUSG00000042462	-0.301102	-0.257150	-0.559958	-0.422703	-1.241021	-2.167067
ENSMUSG00000042472	-0.150908	-0.150331	-0.020535	-0.410813	0.273719	0.177070
ENSMUSG00000042473	0.143022	0.183960	-0.277708	-0.568295	0.445563	-0.252309
ENSMUSG00000042476	1.080868	1.779289	1.904750	2.720727	2.492799	3.402354
ENSMUSG00000042485	0.133621	1.220683	-0.671586	-0.129544	-0.347416	-0.004294
ENSMUSG00000042487	0.171294	0.121165	0.430810	-0.201898	-0.100302	-0.017789
ENSMUSG00000042489	-0.057556	0.188763	0.594168	0.229714	0.149826	-0.531240
ENSMUSG00000042492	0.150589	0.277056	0.635141	0.666844	0.834072	0.505940
ENSMUSG00000042496	0.096210	-0.062594	0.352225	0.475700	0.261560	0.175788
ENSMUSG00000042500	0.096725	-0.363993	-0.384335	0.706992	1.671256	2.175555
ENSMUSG00000042501	-0.060875	0.431975	-0.956535	0.018895	-1.058897	-0.372987
ENSMUSG00000042502	0.054502	0.040084	0.257110	0.101077	0.565644	0.733580
ENSMUSG00000042505	-0.223127	-0.111641	-0.318169	0.132711	-0.267564	-0.044691
ENSMUSG00000042506	0.330075	0.033508	0.289714	0.167483	0.879336	0.800597
ENSMUSG00000042507	0.278121	-0.145648	0.455839	-0.358494	-0.249412	-0.259834
ENSMUSG00000042508	-0.436231	0.788464	0.252661	0.125604	0.026217	0.222557
ENSMUSG00000042510	1.251882	1.392895	0.453589	-0.021618	0.886005	0.456044
ENSMUSG00000042520	-0.220208	-0.089365	-0.371616	0.042492	-0.156971	-0.357721
ENSMUSG00000042523	0.364908	0.588140	0.438994	0.623026	1.607751	1.199438
ENSMUSG00000042524	0.006095	-0.200531	0.407466	0.475987	1.043641	0.845111
ENSMUSG00000042535	-0.035215	-0.379869	-0.185900	-0.303555	-0.022026	-0.183111
ENSMUSG00000042541	0.087845	0.313549	-0.270961	0.323602	-0.077448	-0.073513
ENSMUSG00000042548	-0.043284	-0.162481	-0.389861	-0.059043	0.224739	0.292450
ENSMUSG00000042549	-0.330119	-1.794541	-2.798951	-2.777977	-3.338903	-3.081337
ENSMUSG00000042557	-0.098006	0.026334	0.084240	0.170913	0.100106	-0.046917
ENSMUSG00000042558	-0.200411	-0.025446	-0.378528	-0.774845	-0.855388	-0.988155
ENSMUSG00000042564	0.496892	0.697838	1.201450	1.574047	2.010053	2.423892
ENSMUSG00000042569	-0.066701	0.010819	-0.001203	-0.431499	-0.873747	-1.024942
ENSMUSG00000042572	0.047393	0.118138	0.214707	0.032164	0.052302	0.267939
ENSMUSG00000042579	-0.531752	-0.953663	-0.545059	0.300223	-0.441564	-0.119016
ENSMUSG00000042590	0.089859	-0.093245	-0.341791	-0.869446	-1.111296	-1.521512
ENSMUSG00000042594	0.007943	0.112869	0.616527	-0.082864	-0.343502	-0.693494
ENSMUSG00000042595	-0.461799	-0.953094	-0.099288	-0.980905	-0.177450	-0.378919
ENSMUSG00000042599	-0.047595	0.884229	0.925419	1.155894	2.280793	2.622618
ENSMUSG00000042605	-0.083008	0.447438	0.131897	0.573442	0.103745	-0.178096
ENSMUSG00000042606	0.038766	-0.348318	-0.966427	-1.614942	-1.849930	-1.825341
ENSMUSG00000042608	0.091185	0.087314	0.261377	-0.655820	-0.911798	-1.035366
ENSMUSG00000042613	-0.209909	0.067046	0.302785	1.494881	2.149104	2.505745
ENSMUSG00000042616	0.642617	0.995439	0.701946	0.635283	0.792434	0.904598
ENSMUSG00000042622	-0.081576	-0.335734	-0.271080	-2.110126	-3.637650	-2.824002
ENSMUSG00000042625	-0.140620	0.247019	-0.017874	0.035311	-0.419799	-0.184342
ENSMUSG00000042626	0.150203	0.006397	0.259195	0.255363	0.394825	0.326017
ENSMUSG00000042628	-0.003988	0.243509	0.462558	1.010270	1.958551	2.107362
ENSMUSG00000042631	-0.915279	-3.312510	-4.359917	-3.935099	-4.168158	-3.478137
ENSMUSG00000042632	-0.158745	-0.543390	-0.959014	0.116278	-0.417658	-0.579824
ENSMUSG00000042642	-0.279378	-0.090433	-0.019807	0.369622	0.402466	0.942397
ENSMUSG00000042644	-0.048902	0.088034	0.798953	0.781118	0.113382	-0.205086
ENSMUSG00000042647	-0.598528	-0.426807	-0.123948	1.170820	1.302370	1.970022
ENSMUSG00000042650	0.134487	-0.115991	-0.158023	-0.248819	-0.028654	-0.600917
ENSMUSG00000042660	-0.226811	-0.189795	-0.430115	-0.588410	-0.717225	-1.062817
ENSMUSG00000042670	-0.254869	0.146830	-0.271819	0.671084	0.190232	-0.022892
ENSMUSG00000042671	2.596075	1.603953	0.227963	0.805151	0.299977	0.251265
ENSMUSG00000042672	-1.086233	-0.045012	-0.951520	-0.203708	1.033089	-0.260813
ENSMUSG00000042675	-0.154059	0.019150	0.348366	2.635427	3.631946	4.109979
ENSMUSG00000042677	0.235585	-0.116725	-0.194378	0.100502	0.452716	0.148366
ENSMUSG00000042678	0.041305	0.598192	-0.705365	-0.543607	-0.974595	-0.833910
ENSMUSG00000042682	-0.325545	0.081994	0.384192	0.074381	0.264830	0.278718
ENSMUSG00000042688	0.074169	-0.213277	0.067711	-0.530063	0.154248	-0.194511
ENSMUSG00000042694	0.232255	0.392062	0.815341	1.486840	1.769534	2.071279
ENSMUSG00000042699	0.202177	-0.096386	0.556854	-0.116937	0.328594	0.158096
ENSMUSG00000042700	0.054958	0.025444	-0.390944	0.123856	1.162297	0.984461
ENSMUSG00000042705	-0.211867	-0.136956	0.589516	0.573413	0.539535	0.663571
ENSMUSG00000042709	-0.141863	0.126771	-0.272227	0.114389	-0.455027	-0.625477
ENSMUSG00000042712	0.309548	0.606591	1.108550	0.050062	0.213334	0.743549
ENSMUSG00000042719	0.046442	-0.308634	-0.648307	-1.245470	-1.656039	-1.840721
ENSMUSG00000042726	-0.048884	0.174997	0.340735	0.903989	1.657591	1.936247
ENSMUSG00000042729	-0.175573	-0.290474	-0.626326	-0.918833	-1.305608	-1.529217
ENSMUSG00000042737	0.042771	0.340058	0.213684	0.762717	0.405561	-0.060844
ENSMUSG00000042742	0.122504	0.564215	0.798305	0.582099	0.552146	0.635502
ENSMUSG00000042744	-0.069473	0.241817	0.252254	0.406379	0.372600	0.241220
ENSMUSG00000042745	-1.513430	-2.154786	-1.903697	-1.497617	0.202447	0.608598
ENSMUSG00000042747	-0.119543	0.069118	-0.413468	-0.040885	-1.108573	-1.473307
ENSMUSG00000042757	-0.018694	-0.019665	-0.075300	-0.503460	0.146711	-0.159120
ENSMUSG00000042759	1.228559	-0.093208	0.150927	1.477439	1.372543	1.434046
ENSMUSG00000042766	-0.029227	-0.260395	-0.255968	-0.405226	-0.651563	-0.795413
ENSMUSG00000042772	-0.025786	-0.027315	-0.278138	-0.126766	-0.299030	-0.518186
ENSMUSG00000042784	0.069525	-0.215422	0.394578	0.360190	0.554842	0.501242
ENSMUSG00000042787	0.054496	-0.112583	-0.352534	0.060118	-0.637288	-0.292864
ENSMUSG00000042790	-0.149605	0.102589	-0.138665	0.552661	0.552292	0.528445
ENSMUSG00000042793	-1.298787	-0.369423	0.465293	0.576167	-0.127191	-0.558545
ENSMUSG00000042797	-0.966997	-0.258911	-0.808858	-0.981126	-1.086711	-0.341336
ENSMUSG00000042804	-0.590665	-0.756029	-0.934069	-1.224483	-1.206091	-2.093738
ENSMUSG00000042807	1.267603	1.489389	1.636348	1.479539	1.671248	2.006672
ENSMUSG00000042810	1.056958	1.130681	0.606613	1.202915	0.917646	1.380700
ENSMUSG00000042814	-0.022366	-0.251647	0.391144	-0.872466	0.154331	-0.152443
ENSMUSG00000042817	-0.045658	0.102798	-1.011263	-0.428335	-0.961771	-1.067002
ENSMUSG00000042821	-0.420436	-0.040954	1.374590	1.612774	1.766197	1.851238
ENSMUSG00000042826	0.831861	0.901408	1.070139	0.420840	0.556156	0.239091
ENSMUSG00000042831	-0.150302	0.138466	-0.336826	0.276101	-0.104647	-0.355190
ENSMUSG00000042842	0.425081	-0.116112	0.570342	0.812883	-0.214183	0.158887
ENSMUSG00000042851	-0.482112	-0.025313	-0.293280	0.553255	0.842497	0.248673
ENSMUSG00000042854	-0.239259	-0.158879	-0.251723	-0.527135	-1.018197	-0.602431
ENSMUSG00000042857	-0.184019	-0.633616	0.155146	0.464649	0.393984	0.653421
ENSMUSG00000042870	-0.147531	0.170014	0.452671	0.170286	1.054025	1.006372
ENSMUSG00000042901	0.224228	0.302106	0.181749	0.315915	0.531832	0.378509
ENSMUSG00000042903	-0.123766	-0.060583	0.312325	0.661996	1.265489	1.401249
ENSMUSG00000042978	0.450673	-0.253054	0.221856	0.037906	0.997912	1.189032
ENSMUSG00000042992	-0.014540	0.275841	0.121156	0.173325	-0.134900	-0.026758
ENSMUSG00000042997	-0.074939	-0.365395	0.076397	-0.309458	0.433137	0.458452
ENSMUSG00000043008	-0.161107	-0.151831	0.152951	1.409180	2.023189	2.610743
ENSMUSG00000043015	-0.029219	0.004583	0.562557	0.967602	1.415718	0.962195
ENSMUSG00000043017	-0.028529	-0.645744	-0.464791	-1.129293	-1.574077	-1.360501
ENSMUSG00000043019	0.156385	-0.060405	1.019269	0.545535	1.442179	0.957905
ENSMUSG00000043024	-1.097765	-0.354467	0.240886	-0.906139	-2.109190	-0.676804
ENSMUSG00000043036	0.335321	-0.230635	-1.044678	-0.655253	-1.799463	-0.859809
ENSMUSG00000043059	-0.035530	0.372997	0.337268	1.449016	1.465730	1.695119
ENSMUSG00000043061	0.001454	-0.162390	0.072594	0.008396	0.333278	0.237802
ENSMUSG00000043065	0.049832	0.258372	0.217925	0.362383	0.113999	0.276714
ENSMUSG00000043067	0.224334	-0.009547	-0.587661	-0.971295	-1.329604	-1.659066
ENSMUSG00000043090	-0.103407	-0.142668	-0.038290	-0.191863	0.214156	0.272695
ENSMUSG00000043091	-0.455478	-0.032914	0.543037	0.012243	-0.067688	-0.443409
ENSMUSG00000043099	-0.163301	0.889295	0.798303	-0.875675	0.017467	0.496671
ENSMUSG00000043102	-0.088533	-0.745055	-0.135122	-0.448182	1.004762	1.248353
ENSMUSG00000043110	-1.052826	-2.172201	-1.894883	-3.073122	-3.790321	-4.205609
ENSMUSG00000043126	-0.900376	-0.465418	-0.613857	0.579737	0.404128	-0.043706
ENSMUSG00000043131	0.103096	-0.184841	0.326059	-0.075968	0.108553	-0.199516
ENSMUSG00000043140	-0.147296	-0.699483	-0.469250	-0.566140	-0.384039	-0.508742
ENSMUSG00000043154	0.813178	0.643229	0.793956	0.641147	1.163100	1.523112
ENSMUSG00000043157	0.719737	-0.437425	0.138739	0.160159	1.072030	1.049654
ENSMUSG00000043162	-0.016260	0.185717	-0.189061	0.294352	-0.561467	-0.382092
ENSMUSG00000043177	0.485993	0.366493	0.482257	-1.334803	-0.838932	-0.702020
ENSMUSG00000043183	0.207142	0.156723	-0.435630	-0.145569	-0.662230	-0.579817
ENSMUSG00000043190	-0.253483	-0.221858	0.153566	0.310835	0.258536	0.501887
ENSMUSG00000043192	-0.304918	-0.131968	0.608326	0.161146	-0.128198	-1.865718
ENSMUSG00000043207	-0.072405	-0.174576	-0.921293	-0.951683	-0.909557	-1.175048
ENSMUSG00000043241	0.017180	0.409507	0.086328	-0.209234	-0.392280	-0.113163
ENSMUSG00000043243	-0.349307	-0.061406	0.484698	1.263217	2.926940	2.899952
ENSMUSG00000043251	-0.250353	-0.008252	0.639847	2.154296	2.716565	2.428881
ENSMUSG00000043252	0.955907	1.155841	1.832389	1.909604	1.142630	0.787168
ENSMUSG00000043257	-0.030550	0.057360	0.075468	0.607987	0.975890	1.317769
ENSMUSG00000043262	0.199784	0.224927	0.199531	-0.036332	0.371474	0.146306
ENSMUSG00000043263	-1.300556	-0.750763	1.079615	3.387453	3.408381	3.824364
ENSMUSG00000043279	0.220197	0.028698	0.767309	0.268959	1.094782	1.586383
ENSMUSG00000043284	-0.089719	-0.013439	-0.595682	-0.627470	-0.942931	-0.889786
ENSMUSG00000043286	-0.829705	-1.660518	-1.932768	-1.061297	-1.482603	0.774036
ENSMUSG00000043289	-0.233852	0.088938	-0.154984	-0.206507	0.024432	0.047413
ENSMUSG00000043290	0.079810	-0.012477	0.185115	0.810107	1.400317	1.456080
ENSMUSG00000043298	-1.375957	-0.296842	-0.934267	1.867420	1.458355	1.767295
ENSMUSG00000043311	0.221057	0.151380	0.549863	0.520773	0.840661	0.824883
ENSMUSG00000043313	-0.355941	-1.594219	-1.401740	-0.161398	1.881782	2.947670
ENSMUSG00000043323	-0.125366	0.136700	0.302931	0.356493	0.643209	0.594888
ENSMUSG00000043336	-0.061961	-0.649235	0.416594	1.508972	1.421026	1.723907
ENSMUSG00000043372	-0.293018	0.054288	0.073933	0.554733	0.489753	1.095192
ENSMUSG00000043384	-0.124599	0.519846	0.294220	-0.265921	-0.084832	0.214527
ENSMUSG00000043411	-0.149571	0.155699	-0.201901	-0.078015	-0.319757	-0.354162
ENSMUSG00000043419	0.283049	1.260775	1.279664	0.670461	0.986589	0.349758
ENSMUSG00000043421	0.264752	-0.379228	-0.887207	-1.102854	-1.856434	-1.993671
ENSMUSG00000043424	0.004131	0.197512	-0.714754	-1.200643	-1.874930	-1.523931
ENSMUSG00000043432	-0.262260	-0.045533	0.486876	0.588912	0.880841	1.198308
ENSMUSG00000043439	0.166096	-0.065096	-0.296010	-1.071392	-0.800831	-0.513872
ENSMUSG00000043445	0.114544	0.238072	0.545907	-0.213907	-0.462967	-0.257223
ENSMUSG00000043460	0.672335	-0.710954	-0.340112	-0.616861	-0.929934	-1.117421
ENSMUSG00000043467	0.247544	-0.214461	0.082306	-0.128922	-0.179982	0.483842
ENSMUSG00000043483	0.172565	0.331694	1.115276	-1.365150	-0.804097	0.302116
ENSMUSG00000043488	-1.044266	0.330117	1.457994	1.304505	0.321572	0.825371
ENSMUSG00000043505	-0.743747	-1.236276	-1.602720	-0.744792	-0.511778	-0.125679
ENSMUSG00000043510	-0.298408	0.206107	0.326046	0.880209	0.960874	1.376808
ENSMUSG00000043535	-0.065635	0.123578	0.596325	0.010035	0.510993	0.246180
ENSMUSG00000043541	-0.458690	0.366704	0.372434	1.104323	1.877908	2.317463
ENSMUSG00000043542	-0.198777	-0.409633	0.396674	-0.731508	-0.357709	-0.128174
ENSMUSG00000043572	-0.154397	-0.576285	-0.566904	-0.336066	-0.715181	-0.795746
ENSMUSG00000043583	-0.977452	-0.475128	0.763401	0.528389	0.737273	1.074039
ENSMUSG00000043587	-0.620089	-0.285627	0.913125	-0.459488	0.226825	-0.292063
ENSMUSG00000043602	-0.377108	0.316727	0.038244	0.434656	0.302271	1.183366
ENSMUSG00000043629	0.733361	0.714328	0.599265	0.352877	0.723571	-0.197130
ENSMUSG00000043644	0.551761	-0.117561	0.883038	1.302176	3.023649	1.423624
ENSMUSG00000043671	-0.037502	0.530118	0.753411	0.469685	0.583967	0.458515
ENSMUSG00000043683	-0.039373	-0.418159	0.046220	-0.654359	-0.446024	-0.342411
ENSMUSG00000043687	0.946708	0.382295	-0.495960	-0.084242	-0.283636	-1.786420
ENSMUSG00000043702	-0.162954	-0.110079	-0.381056	-0.312507	-0.614723	-0.946158
ENSMUSG00000043705	-1.135538	0.144162	0.529054	0.335256	0.104342	0.100678
ENSMUSG00000043716	-0.091211	0.053901	-0.039826	-0.350585	-0.396869	0.193043
ENSMUSG00000043719	-0.354514	-0.031205	-1.160940	-1.054366	-1.280072	-1.839688
ENSMUSG00000043733	0.099625	-0.130242	0.181248	-0.222410	-0.176897	-0.392731
ENSMUSG00000043740	0.155634	0.836032	-0.892636	0.351804	0.336328	-0.866883
ENSMUSG00000043770	-0.351656	0.881758	2.169570	-0.616775	0.512410	0.588472
ENSMUSG00000043773	-0.211702	-1.093523	-1.275975	-0.610495	-1.162127	-1.248682
ENSMUSG00000043789	0.252565	-0.156685	-0.652022	-0.530207	-1.621457	-0.315490
ENSMUSG00000043794	0.404161	-0.388740	0.267995	0.684031	0.490056	0.020522
ENSMUSG00000043807	-0.004034	-0.081589	-0.708491	0.238902	0.044797	-0.230472
ENSMUSG00000043831	-0.014730	0.123113	0.426828	0.239924	0.927230	1.154807
ENSMUSG00000043833	2.561643	0.865327	1.594584	2.071461	1.237794	0.784419
ENSMUSG00000043858	-0.154802	-0.160734	0.034151	0.036479	-0.023847	-0.826985
ENSMUSG00000043866	0.266883	0.258607	-0.349062	0.255013	-0.401217	-0.325579
ENSMUSG00000043872	0.055269	0.271280	-0.054704	0.223261	-0.021888	0.151079
ENSMUSG00000043881	0.469061	-0.098888	0.142279	0.074167	0.399965	0.807625
ENSMUSG00000043889	0.401821	0.330700	-1.021496	0.205414	-0.190781	-0.896056
ENSMUSG00000043895	0.399950	-0.701598	-0.187347	-0.651509	-0.032197	-0.192690
ENSMUSG00000043909	0.065688	0.001012	-0.024190	-0.079125	0.031536	0.279914
ENSMUSG00000043923	0.444698	0.502789	0.455680	0.762505	0.897548	1.235720
ENSMUSG00000043924	-0.106094	0.310231	-0.477007	-1.041793	-0.715125	-0.257031
ENSMUSG00000043929	0.317390	0.478773	0.208741	0.615543	0.370797	0.059348
ENSMUSG00000043953	-0.044447	0.274326	-1.222887	1.174114	1.969592	1.861597
ENSMUSG00000043962	0.023434	-0.171137	0.096215	-0.134442	0.079965	0.004103
ENSMUSG00000043964	-0.177404	-0.254407	-0.182371	0.032756	0.146927	-0.125938
ENSMUSG00000043987	0.032799	-0.178492	-0.021386	0.191983	0.585593	0.779990
ENSMUSG00000043991	-0.036628	0.365721	-0.030874	0.180832	-0.430207	-0.170989
ENSMUSG00000043998	0.047680	-0.025448	0.299523	-0.403694	-0.335184	-0.480629
ENSMUSG00000044005	1.047152	-0.392864	-3.493615	-2.086574	-3.949309	-2.879061
ENSMUSG00000044006	-0.382080	0.617796	-0.090925	-0.072406	0.481244	-1.179536
ENSMUSG00000044018	0.046129	-0.294343	-0.387107	-0.659739	-1.226270	-1.142971
ENSMUSG00000044021	-1.559571	-0.359825	-1.554918	0.270504	-0.522817	-0.257152
ENSMUSG00000044022	-0.758831	-1.004195	0.203672	-0.131234	1.350783	1.541602
ENSMUSG00000044024	-0.700501	-0.373251	1.062216	1.388283	2.967744	0.967790
ENSMUSG00000044026	-0.259317	-0.385651	-0.336883	-0.105209	-0.364018	-1.623672
ENSMUSG00000044030	-0.065628	0.088774	0.265396	-0.389999	-0.002912	0.082992
ENSMUSG00000044033	0.166586	-0.423780	-0.889102	-0.313432	-0.429883	-0.469766
ENSMUSG00000044034	-0.604236	0.796554	0.487318	0.237970	0.140532	0.349352
ENSMUSG00000044055	0.553157	-1.496913	-0.675673	-0.339387	-0.109977	0.540128
ENSMUSG00000044056	0.779788	-0.606467	-0.990911	-1.376560	-0.075141	0.279679
ENSMUSG00000044060	-0.106980	0.434769	0.216403	0.099472	0.021523	0.684699
ENSMUSG00000044066	0.186804	-0.113449	0.388064	0.042132	0.826031	0.914084
ENSMUSG00000044068	-0.409376	0.326731	0.610999	1.399908	1.210022	1.748467
ENSMUSG00000044072	-1.036339	-1.484698	-1.262869	0.895584	0.471203	0.787348
ENSMUSG00000044080	0.189971	0.042265	-0.613550	-0.478533	-1.175791	-0.971026
ENSMUSG00000044081	-0.595796	-0.662944	-1.513257	0.558028	-0.463424	-1.326354
ENSMUSG00000044083	0.226766	-0.746888	-0.144017	-0.399191	-0.216454	1.098907
ENSMUSG00000044095	-0.261616	-0.234883	-0.241256	-0.081371	-0.299255	-0.333806
ENSMUSG00000044098	0.137698	0.487119	-0.253373	0.062159	-0.387378	-0.482874
ENSMUSG00000044134	0.396109	0.359337	0.545695	0.710835	1.261567	1.603657
ENSMUSG00000044145	-0.157262	-0.052768	-0.962764	0.214159	-0.379862	0.015026
ENSMUSG00000044147	0.039817	-0.145298	0.154533	-0.260979	-0.283273	-0.297321
ENSMUSG00000044148	-0.178267	-0.008186	0.179686	-0.099033	0.293647	0.258615
ENSMUSG00000044149	-0.090641	-0.573085	-0.903534	-1.146249	-1.099089	-1.359315
ENSMUSG00000044150	-0.170177	-0.022904	-0.051012	0.568480	0.550898	0.448118
ENSMUSG00000044155	-0.326471	-0.077019	-0.605999	0.388602	-0.304379	-0.850047
ENSMUSG00000044156	-1.320017	0.183278	-0.331385	0.945052	-0.214455	0.445681
ENSMUSG00000044165	-0.175032	-0.132565	-0.352765	-0.578990	-1.580298	-1.693767
ENSMUSG00000044167	-0.348275	0.226996	0.755817	0.979280	1.472930	2.130985
ENSMUSG00000044197	0.575600	1.152894	2.026052	1.084239	2.553246	1.758303
ENSMUSG00000044199	0.433593	0.407470	0.678161	1.321340	1.547218	1.766828
ENSMUSG00000044201	0.184883	0.032012	0.353512	0.379039	-0.003897	-0.408220
ENSMUSG00000044211	-0.152352	-0.019209	0.963136	-1.336528	-0.947621	-0.883993
ENSMUSG00000044221	0.086171	0.365698	0.152561	0.082189	-0.095260	0.073967
ENSMUSG00000044224	-0.097392	0.423023	0.551454	-0.759507	-0.454737	0.567831
ENSMUSG00000044244	-0.625205	0.487514	-0.185920	-0.533156	-0.609679	-0.517056
ENSMUSG00000044250	1.997006	1.988422	2.567254	3.866525	3.419173	2.700734
ENSMUSG00000044252	0.103245	-0.028564	-0.835823	-1.717948	-1.862298	-1.229019
ENSMUSG00000044258	-0.231725	0.339937	-0.118889	-0.058069	0.095496	-0.141964
ENSMUSG00000044279	-0.875044	0.301819	-0.692388	1.752060	2.115077	3.184578
ENSMUSG00000044285	-0.810282	0.364863	-0.329206	-0.230905	-0.214566	0.061691
ENSMUSG00000044286	-1.421108	-1.119223	0.923319	2.547653	4.971969	3.724051
ENSMUSG00000044303	-0.030572	0.092365	-0.120712	0.557873	0.847780	0.755489
ENSMUSG00000044308	0.160271	0.227250	0.228327	0.140955	-0.087754	-0.086348
ENSMUSG00000044309	-0.326160	-0.668337	-0.345454	1.058795	0.789280	0.339706
ENSMUSG00000044328	0.029345	0.411348	0.991447	0.532990	0.670534	0.737258
ENSMUSG00000044330	-0.595672	-0.143563	1.860520	0.097341	-2.579796	-1.410063
ENSMUSG00000044339	-0.023334	-0.161129	0.046218	-0.485208	-1.002878	-1.410484
ENSMUSG00000044340	0.966568	0.750422	0.409844	0.985493	0.705245	1.142307
ENSMUSG00000044341	0.145747	0.503701	1.421377	-0.513420	-0.570865	-0.835909
ENSMUSG00000044345	0.829335	0.297526	-0.109330	-0.616063	-0.950758	-1.056624
ENSMUSG00000044348	-0.646346	-0.880674	-0.523237	-0.280312	0.377866	-0.337528
ENSMUSG00000044367	0.204431	-0.522232	-0.820449	-0.563118	-0.026416	-0.320078
ENSMUSG00000044387	-0.325207	-0.976502	0.751772	-1.666480	-0.061213	1.651444
ENSMUSG00000044390	-0.535622	0.276944	0.517943	0.145126	0.260440	-0.620400
ENSMUSG00000044408	0.063496	-0.138456	0.446500	0.329118	0.352201	-0.521132
ENSMUSG00000044424	0.129989	0.422852	2.007487	-0.562168	-0.649767	0.714049
ENSMUSG00000044434	-0.785848	-1.296017	-0.266791	-0.758362	1.107003	-0.005568
ENSMUSG00000044442	0.029127	-0.009279	0.130535	-0.460252	-1.349182	-1.270086
ENSMUSG00000044452	0.078177	0.203525	0.364629	0.053296	0.642862	0.652922
ENSMUSG00000044456	0.153950	0.215900	0.374987	0.570299	0.733761	0.588013
ENSMUSG00000044465	-0.440852	-0.010213	-0.204052	0.149456	-0.482692	-0.357678
ENSMUSG00000044469	0.547348	0.332055	0.619574	0.465942	0.624324	0.799129
ENSMUSG00000044471	-0.419586	-1.791028	-0.441384	1.930899	1.653950	1.735855
ENSMUSG00000044475	0.267063	0.313670	-0.526588	0.204224	-0.133003	-0.014262
ENSMUSG00000044477	-0.143632	-0.094544	-0.074037	0.369740	0.630036	0.764567
ENSMUSG00000044496	-0.124400	0.010176	0.235555	0.214885	0.590155	0.392830
ENSMUSG00000044501	-0.082718	0.092659	1.110475	-0.499273	0.117912	0.272447
ENSMUSG00000044502	0.184944	0.570602	0.033930	0.009033	-0.008204	-0.553965
ENSMUSG00000044519	-0.107441	-0.353573	-0.170778	0.219004	0.122890	0.161580
ENSMUSG00000044533	-0.018286	0.040329	-0.241535	-0.147660	-0.486746	-0.704706
ENSMUSG00000044548	0.247288	-0.786010	-1.149408	-0.549461	-1.076297	-0.790040
ENSMUSG00000044551	0.383003	-0.567334	-0.736232	-1.138148	-1.095561	-0.483090
ENSMUSG00000044556	-0.226909	-0.742944	0.411850	0.996667	2.029002	1.056198
ENSMUSG00000044562	-0.274962	-0.333209	-0.363378	0.779043	0.525889	0.395762
ENSMUSG00000044566	-0.743024	-0.675731	0.335522	-0.660653	0.193965	-0.148179
ENSMUSG00000044573	-0.138626	0.154207	-0.007749	0.019242	-0.561888	-0.744447
ENSMUSG00000044576	0.101248	-0.484685	-0.094644	-1.616262	-1.596647	-2.504220
ENSMUSG00000044595	-0.146065	-0.820506	-0.767671	-0.631250	-1.498681	-0.608121
ENSMUSG00000044600	0.054409	0.403363	0.308423	0.372575	0.248643	0.310322
ENSMUSG00000044617	-0.047400	-0.030732	0.149721	0.173272	0.790471	0.843740
ENSMUSG00000044627	-0.081232	0.106457	-0.015451	0.348459	0.013732	-0.092318
ENSMUSG00000044628	-0.739840	-0.854573	-0.743023	-0.230420	-1.078576	-0.008362
ENSMUSG00000044629	-0.346544	0.462953	0.217399	0.814492	0.730595	1.255194
ENSMUSG00000044636	0.204105	0.259260	0.637471	-0.142691	0.877494	0.729250
ENSMUSG00000044641	-0.473621	0.625047	0.834977	0.016612	-0.214117	0.138972
ENSMUSG00000044645	-1.462042	-1.000105	-0.695537	-0.120134	-0.892851	-0.662139
ENSMUSG00000044664	-0.200006	-0.346944	-0.479674	-0.234349	-1.439942	-2.112883
ENSMUSG00000044694	0.576432	0.724171	0.134020	0.096062	1.602786	1.530426
ENSMUSG00000044700	0.025829	-0.202553	-0.287562	-0.665249	-0.892316	-1.282181
ENSMUSG00000044702	-0.306298	-0.278059	-0.329499	-0.374158	-0.643172	-1.168292
ENSMUSG00000044709	-0.149239	-0.124420	0.069609	0.419976	-0.090090	0.114354
ENSMUSG00000044712	0.098518	-0.173573	0.149349	-0.058585	-0.223771	0.200729
ENSMUSG00000044715	0.099434	0.142541	0.261842	0.047519	0.354186	0.573076
ENSMUSG00000044716	-0.198301	-1.798686	-2.944212	-1.495990	-2.295290	-1.246363
ENSMUSG00000044724	-0.728013	-0.429406	-0.252111	-0.228923	0.016403	0.009277
ENSMUSG00000044730	-0.163284	-0.323683	-0.927073	-0.993957	-0.371878	-0.319887
ENSMUSG00000044734	0.728303	1.514387	0.941931	3.501079	3.668451	3.662378
ENSMUSG00000044744	-0.433006	-0.447097	-0.879623	-0.990415	-0.145993	-0.494297
ENSMUSG00000044751	-1.042251	0.157992	2.415523	-1.156466	-1.444829	-0.966327
ENSMUSG00000044763	-0.290993	-0.466848	-0.340540	-0.940679	-1.162955	-1.105197
ENSMUSG00000044768	0.057943	-0.213735	-0.141867	-0.047166	-0.277976	-0.562123
ENSMUSG00000044770	-1.054649	-0.352264	0.145236	1.978819	3.374720	3.041577
ENSMUSG00000044783	0.185124	-0.297366	-0.196640	-0.153199	0.239803	-0.121733
ENSMUSG00000044786	-0.803125	-0.060573	0.638030	1.491871	2.358932	1.926499
ENSMUSG00000044788	-0.500888	0.322529	-0.970135	0.233526	0.118133	0.482006
ENSMUSG00000044791	0.057035	0.150391	0.220376	0.268016	0.413903	0.526421
ENSMUSG00000044792	0.075617	0.131718	0.023353	-0.409165	-0.459268	-0.481851
ENSMUSG00000044794	-0.227079	-0.704118	0.174076	0.199263	0.546162	0.874719
ENSMUSG00000044795	0.319563	0.166576	0.706113	0.060810	0.688287	0.561268
ENSMUSG00000044807	0.640125	1.199604	0.465686	0.997641	1.144435	1.632203
ENSMUSG00000044813	-0.493166	-0.234268	-0.265662	-1.105276	-1.788092	-1.820421
ENSMUSG00000044835	0.162800	-2.039288	-3.508206	-2.595981	-2.581923	-2.156504
ENSMUSG00000044847	0.117743	-0.366045	-0.236489	-0.745035	-0.935519	-1.026286
ENSMUSG00000044854	0.984736	1.456258	0.520663	-0.146159	0.666029	0.969309
ENSMUSG00000044857	0.299904	0.381934	0.465355	0.069487	0.424814	0.637981
ENSMUSG00000044864	0.958909	1.367127	2.082676	1.364440	2.312824	2.385284
ENSMUSG00000044876	-0.242159	0.114614	-0.516901	-0.034216	-0.351094	-0.348056
ENSMUSG00000044881	-0.204426	-0.481878	-0.498263	0.198652	0.119048	0.244026
ENSMUSG00000044894	-0.046203	-0.093329	-0.138563	-0.075498	-0.704280	-1.008865
ENSMUSG00000044906	0.279689	0.642135	0.046642	0.030423	0.621866	0.071488
ENSMUSG00000044916	0.171458	-0.200795	-0.007218	0.369523	1.360229	-0.260301
ENSMUSG00000044934	-0.185563	-0.024228	0.197396	-0.003256	-0.127815	-0.975220
ENSMUSG00000044937	-0.452437	-0.323136	-1.068501	-0.411136	-0.421415	-0.683394
ENSMUSG00000044948	-0.852889	-1.060681	-0.065864	0.553444	-0.731482	0.462366
ENSMUSG00000044949	0.149883	-0.038030	-0.073800	-0.783152	-0.210338	-0.989800
ENSMUSG00000044950	-0.135446	0.222187	-0.207537	0.044346	0.140249	0.415711
ENSMUSG00000044952	-0.455453	0.191875	0.025478	1.886388	2.225014	3.519790
ENSMUSG00000044966	-0.004626	0.405075	0.436156	0.153888	0.970069	-0.607394
ENSMUSG00000044968	-0.730040	-0.674206	-0.326216	0.273118	0.811599	0.610143
ENSMUSG00000044982	0.172883	-0.244711	0.430550	0.217147	0.431597	0.878719
ENSMUSG00000044986	-0.009575	-0.198123	-0.233870	-0.500227	0.042257	-0.391228
ENSMUSG00000044991	-0.119649	0.750908	0.631497	1.540789	1.729967	1.534309
ENSMUSG00000045005	-0.393100	-0.361993	0.523066	-0.097059	0.684471	0.043630
ENSMUSG00000045007	0.224636	0.420294	0.412240	0.511972	0.563443	0.261218
ENSMUSG00000045010	-0.579062	-1.116497	-1.858981	-4.082353	-4.807045	-3.730020
ENSMUSG00000045031	0.383333	0.590464	1.257869	0.171035	-0.542642	0.266722
ENSMUSG00000045038	-0.044585	0.047909	-0.024132	-0.066258	-0.353921	-0.614845
ENSMUSG00000045039	2.244336	0.623252	-0.271296	-1.131763	-0.806945	-0.257883
ENSMUSG00000045045	-0.057417	-0.079423	-1.137095	-1.686844	-1.765478	-1.545322
ENSMUSG00000045055	-1.393614	0.251587	0.374683	0.441276	-0.215699	-1.689905
ENSMUSG00000045071	-0.033251	0.382532	0.315071	0.093696	0.303674	0.317405
ENSMUSG00000045078	0.002816	0.049304	0.333434	0.612885	0.839334	0.824940
ENSMUSG00000045092	-1.172674	-1.167838	-1.055200	0.134974	1.542710	0.810340
ENSMUSG00000045098	-0.348963	-0.252229	-0.314852	-0.293325	-0.351560	0.085305
ENSMUSG00000045100	-0.549222	0.189460	0.275632	-0.053559	-1.052062	-1.270257
ENSMUSG00000045102	-0.548623	0.342409	0.162687	0.318224	2.072108	2.484110
ENSMUSG00000045107	-0.247223	-0.098584	-0.283483	0.187549	-0.130025	0.107903
ENSMUSG00000045114	0.269861	0.035141	0.295335	0.642123	1.013194	1.753071
ENSMUSG00000045128	-0.103039	-0.105694	0.060941	0.095297	0.096415	0.063440
ENSMUSG00000045136	-0.137667	1.634275	3.061000	4.046934	5.882877	6.037844
ENSMUSG00000045140	-0.159127	-1.267600	0.052893	-1.146562	-0.899138	-1.814291
ENSMUSG00000045160	0.308306	0.050479	-0.152092	-0.295773	-1.082048	-1.309903
ENSMUSG00000045165	-0.157419	0.594438	0.937990	0.903454	1.664080	1.398839
ENSMUSG00000045176	0.074032	0.416069	0.747308	0.657830	1.049120	1.444509
ENSMUSG00000045180	-3.614456	-3.013384	-2.971797	-1.705244	-0.283820	1.703813
ENSMUSG00000045193	-0.225897	-0.328178	0.036591	0.133920	0.589359	0.649788
ENSMUSG00000045205	-0.113720	-0.503570	-0.126072	-0.212248	0.476427	0.049847
ENSMUSG00000045210	0.028861	0.009269	0.191751	0.150282	0.743500	0.993048
ENSMUSG00000045211	0.110858	0.547228	1.000642	1.850079	1.992355	2.646592
ENSMUSG00000045216	-0.071071	-0.091166	0.067870	-0.344883	-0.983462	-1.005262
ENSMUSG00000045231	0.193868	0.542124	1.957885	2.775479	3.681132	3.604470
ENSMUSG00000045237	0.181985	0.052600	0.156146	0.204208	0.210656	0.737273
ENSMUSG00000045238	-0.258030	0.697472	1.278415	0.885652	0.125403	0.184450
ENSMUSG00000045248	-0.292540	-0.520136	-0.505254	-0.046411	-0.123584	-0.433660
ENSMUSG00000045251	0.000929	0.384909	0.030173	0.623519	0.544914	1.033706
ENSMUSG00000045252	-0.144063	-0.236762	-0.070141	-0.009519	0.217474	-0.007658
ENSMUSG00000045257	0.617057	0.652217	0.335434	1.115918	0.688844	0.651277
ENSMUSG00000045259	1.935545	1.042890	1.689566	2.208176	2.590553	2.713162
ENSMUSG00000045268	-0.323297	0.129107	-0.197194	0.192118	0.235693	0.473863
ENSMUSG00000045273	0.110573	0.327653	0.220229	0.081054	-0.401139	-0.766342
ENSMUSG00000045275	0.365202	0.443210	0.977060	1.676961	2.733955	1.234957
ENSMUSG00000045282	-0.027327	-0.171933	-0.199930	0.850926	0.822914	0.709401
ENSMUSG00000045294	0.342948	0.026502	0.966153	-0.050557	1.599683	1.456829
ENSMUSG00000045302	-0.204829	0.215783	-0.066050	0.245865	-0.167601	-0.228014
ENSMUSG00000045316	-0.090245	-0.569992	-0.781348	-0.771438	-0.129251	0.221899
ENSMUSG00000045322	-0.069544	0.120748	2.210908	2.630373	2.850721	2.962004
ENSMUSG00000045326	-1.574024	0.408517	-0.316965	1.450751	-0.080942	-0.014666
ENSMUSG00000045327	-0.185339	-0.068502	-0.136974	-0.682142	0.189194	-1.299844
ENSMUSG00000045328	-0.047624	0.248312	0.380257	-0.100697	0.287192	0.379069
ENSMUSG00000045345	-0.400754	-0.020740	-0.724356	-0.120748	-0.369123	0.720236
ENSMUSG00000045348	0.146753	3.134716	4.291114	3.963963	4.516467	3.490722
ENSMUSG00000045349	-0.289525	-1.707739	-3.191550	-4.718164	-3.945215	-2.825274
ENSMUSG00000045362	-0.850092	0.108875	0.841776	1.495520	2.025202	2.814077
ENSMUSG00000045365	0.095468	0.013461	0.548345	-0.186804	0.727230	0.990766
ENSMUSG00000045374	0.339416	-0.146911	0.744917	0.936107	1.621962	1.822171
ENSMUSG00000045382	-0.027954	-0.435103	-0.178910	0.679264	2.071903	2.420995
ENSMUSG00000045409	-0.071359	0.354853	-0.002613	-0.012172	-0.032895	0.328507
ENSMUSG00000045410	0.035101	-0.018615	-0.943334	-0.523958	-0.428340	-0.180368
ENSMUSG00000045411	-0.197277	-0.504064	-1.152879	-1.146106	-2.081643	-2.427003
ENSMUSG00000045414	0.405007	0.584997	1.064128	0.806340	0.549819	-0.241749
ENSMUSG00000045427	0.114605	0.226456	0.030358	0.074302	-0.018928	0.149762
ENSMUSG00000045435	0.223805	-0.224449	-0.114547	-0.070314	0.112165	0.110751
ENSMUSG00000045438	0.010373	0.162565	-0.487453	0.273414	-0.413083	0.120179
ENSMUSG00000045455	-1.009384	-0.407560	1.169334	-2.116925	-1.551272	-2.750267
ENSMUSG00000045464	-0.349793	0.351938	0.234623	0.570213	-0.560882	0.677576
ENSMUSG00000045466	0.007921	0.497566	-0.044716	0.550085	0.524681	0.874202
ENSMUSG00000045467	-0.004177	-0.938457	0.259865	2.056777	1.781748	1.991582
ENSMUSG00000045482	0.338803	0.207650	0.547709	0.307092	0.925100	0.862703
ENSMUSG00000045503	0.057991	0.811219	0.768063	1.060400	0.453022	0.195744
ENSMUSG00000045519	-0.000026	0.329064	-0.179800	-0.150092	0.053724	-0.034119
ENSMUSG00000045538	0.092470	-0.412692	0.100201	-0.406271	-0.045614	0.259083
ENSMUSG00000045546	-0.128689	-0.074054	0.574741	0.053539	0.323831	1.022223
ENSMUSG00000045576	-0.103079	-0.190822	-0.107539	0.702610	0.290071	-0.022650
ENSMUSG00000045594	0.178632	0.079443	-0.197638	-0.454862	-0.332682	-0.387276
ENSMUSG00000045598	0.054692	0.064054	-0.122934	0.298338	0.492877	0.378532
ENSMUSG00000045624	-0.098907	0.065149	-0.580881	-0.876257	-1.497233	-0.986831
ENSMUSG00000045639	0.505691	-0.929975	-0.868597	-1.062992	0.305820	0.476079
ENSMUSG00000045664	0.122653	1.047293	-1.145488	0.099009	2.291298	2.895733
ENSMUSG00000045665	0.270749	0.259095	0.273316	0.048009	0.030418	-0.020502
ENSMUSG00000045667	-0.020981	-0.399268	-0.585452	0.546375	1.248307	1.095857
ENSMUSG00000045671	-0.001836	-0.822935	-0.244443	-1.368779	-1.907826	-2.511078
ENSMUSG00000045679	0.414986	0.359096	0.752008	1.357466	1.660488	1.666042
ENSMUSG00000045690	-0.139462	-0.215260	-0.226166	-0.862624	-1.546374	-2.142560
ENSMUSG00000045691	-0.091290	-1.248588	-1.031908	-0.410522	-0.288734	-0.788428
ENSMUSG00000045709	-2.176857	-0.055915	1.802546	0.574062	1.120146	0.936398
ENSMUSG00000045744	0.283774	0.693261	0.560453	0.748895	-0.658267	-0.432605
ENSMUSG00000045746	-0.493232	0.571372	0.163827	-0.442266	-0.277523	-0.014105
ENSMUSG00000045751	-0.366631	-0.409179	-0.287404	-0.288507	-1.016198	-1.641121
ENSMUSG00000045752	-0.182290	-0.404060	0.025919	-0.225681	-0.312251	-0.481616
ENSMUSG00000045757	0.034179	-0.395655	-0.977675	-0.182826	-0.535868	-0.874249
ENSMUSG00000045767	-0.005397	-0.388191	0.265762	0.016401	0.655173	0.264780
ENSMUSG00000045775	-2.569948	-3.282146	-3.774093	-3.885491	-5.173524	-5.578303
ENSMUSG00000045795	-0.063956	0.441720	0.205997	0.303266	0.122787	0.406270
ENSMUSG00000045799	-1.500209	-1.717525	1.043131	-0.468187	0.859569	-1.306571
ENSMUSG00000045817	0.246650	-1.233331	-0.498910	-1.119723	0.165522	-0.096471
ENSMUSG00000045822	-0.282644	-0.445987	-0.073728	0.101141	0.672486	0.518178
ENSMUSG00000045826	-0.300008	0.208971	0.822400	0.849705	0.935106	0.787346
ENSMUSG00000045827	-0.668025	-0.411588	0.600138	-0.749562	-1.023666	-1.644379
ENSMUSG00000045842	-0.913120	-2.006680	0.204026	0.205200	1.047362	0.210255
ENSMUSG00000045854	-0.040098	-0.323588	0.213272	-0.219121	0.237838	0.662608
ENSMUSG00000045867	-0.224456	-0.286847	-0.078602	0.510207	0.757732	0.725031
ENSMUSG00000045868	-1.390369	-1.578052	-1.887257	-0.772488	0.064931	-0.361876
ENSMUSG00000045886	-1.056513	0.199063	1.962926	-1.542542	-1.172499	-0.476108
ENSMUSG00000045896	0.221120	0.186691	-0.312557	-0.301743	-1.001299	-0.690277
ENSMUSG00000045917	0.050758	-0.249702	-0.034302	-0.457031	-0.217497	-0.336710
ENSMUSG00000045928	-0.128266	-2.145301	-3.335110	-3.380135	-0.729459	-0.884173
ENSMUSG00000045932	-0.311243	-0.535896	0.565351	0.003315	0.899207	0.811670
ENSMUSG00000045934	-1.294534	-1.322093	-1.369091	-1.973986	-0.563225	-0.699964
ENSMUSG00000045942	-0.609559	-0.333072	-1.961561	0.957253	-0.578018	-0.629853
ENSMUSG00000045948	-0.122610	-0.174312	-0.194995	-0.177172	-0.507635	-0.999241
ENSMUSG00000045962	-0.189452	-0.311099	-0.000707	0.151984	0.243725	-0.100868
ENSMUSG00000045969	0.188704	0.413477	0.151726	0.191092	0.517297	0.673922
ENSMUSG00000045973	-0.023935	0.753269	1.499901	1.405518	2.168719	2.138097
ENSMUSG00000045975	0.368308	0.325220	0.508256	0.432624	0.504325	0.469380
ENSMUSG00000045980	-0.130260	-0.086254	-0.259407	0.143039	0.381436	0.260562
ENSMUSG00000045983	0.009805	-0.293929	-0.095357	-0.743484	-0.807247	-1.121307
ENSMUSG00000045996	-0.112195	-0.000763	-0.515337	0.134679	-0.455506	-0.363627
ENSMUSG00000046006	-0.501031	0.589088	0.662331	1.046571	0.953417	1.032866
ENSMUSG00000046010	-0.060321	0.000181	0.217839	0.134160	0.251932	0.527907
ENSMUSG00000046020	-0.115927	0.003621	0.184564	-0.166156	0.006043	-0.362767
ENSMUSG00000046027	0.556212	0.594493	0.405696	0.287095	0.436742	0.680760
ENSMUSG00000046031	0.074861	-0.409599	-0.372638	-0.484795	-1.404638	-2.482421
ENSMUSG00000046032	-0.278476	-0.492568	-0.094040	-0.149519	-0.074061	-0.516074
ENSMUSG00000046034	-0.231793	0.058587	0.161731	0.257161	0.786785	0.807983
ENSMUSG00000046056	-0.930014	0.350349	0.367097	0.568352	0.425324	0.478575
ENSMUSG00000046062	0.203621	-0.008360	0.753321	-0.045352	0.204026	-0.009253
ENSMUSG00000046079	0.126460	-0.350059	0.270485	-0.111566	-0.213261	0.224184
ENSMUSG00000046096	0.144504	0.167037	-0.236350	-0.064015	0.822482	0.437965
ENSMUSG00000046101	-1.139018	-0.803555	-0.859819	0.031144	0.263929	-0.091468
ENSMUSG00000046108	-0.964522	-0.120594	-2.899059	1.240790	-0.767506	-1.248293
ENSMUSG00000046109	-0.195478	0.327107	-0.577011	-0.359017	-1.553384	0.023225
ENSMUSG00000046110	0.013679	0.273208	0.186942	1.097465	1.727533	1.184373
ENSMUSG00000046111	-0.075293	-0.023791	-0.620622	-1.119925	-1.282528	-1.443971
ENSMUSG00000046138	-0.080709	0.469453	-0.207942	0.018676	-0.340518	-0.251949
ENSMUSG00000046139	0.049703	-0.323973	0.045095	-0.015035	0.241262	0.020267
ENSMUSG00000046145	0.072789	1.055503	1.739931	-0.790098	-0.953866	0.011903
ENSMUSG00000046152	1.217099	1.101689	-2.220143	-1.071683	-0.903486	0.153187
ENSMUSG00000046157	0.404713	-0.707260	-0.489457	0.210557	0.332338	-0.172062
ENSMUSG00000046169	0.454447	0.770299	0.814072	1.668428	2.314407	3.533956
ENSMUSG00000046179	-0.222567	-0.257798	0.403531	0.100650	-0.083169	-1.071067
ENSMUSG00000046185	-0.000690	0.104700	0.135019	0.096135	0.176945	0.225774
ENSMUSG00000046191	0.021023	-1.774670	-0.369674	0.094558	0.664267	1.889729
ENSMUSG00000046201	-0.071119	-0.148144	0.014033	0.388734	0.332779	0.017868
ENSMUSG00000046207	0.796670	2.019351	2.219400	1.378841	0.004206	-0.715781
ENSMUSG00000046223	3.199829	2.137090	0.176718	0.744324	-0.768451	-0.373194
ENSMUSG00000046229	0.163474	-0.284242	0.015420	-0.154179	0.177679	0.921907
ENSMUSG00000046230	0.041849	-0.105685	0.220605	-0.156107	0.116756	0.060856
ENSMUSG00000046269	0.083851	-1.003043	-1.557357	-1.948348	-1.640903	-1.436041
ENSMUSG00000046295	-0.073137	-0.305110	-0.407446	-0.220169	-0.187386	-0.532091
ENSMUSG00000046311	0.164935	0.475336	0.441258	0.219028	0.423926	1.050533
ENSMUSG00000046324	0.138025	0.110056	0.123339	-0.643679	-0.896327	-1.167677
ENSMUSG00000046329	0.211429	0.741794	0.689736	1.198360	1.206314	1.296961
ENSMUSG00000046330	-0.018712	-0.125955	-0.058469	-0.185276	0.033957	0.129481
ENSMUSG00000046341	1.090687	0.783946	2.291286	1.039037	0.679663	1.276233
ENSMUSG00000046345	-0.144284	0.767927	0.569649	0.387255	-0.473155	0.467603
ENSMUSG00000046351	0.042274	-0.026573	-0.558584	0.457581	-0.228263	0.436289
ENSMUSG00000046364	0.525733	0.451970	0.339853	0.233354	0.150260	0.564601
ENSMUSG00000046380	-0.142884	-0.907438	0.031296	-0.112358	-0.310101	-0.642657
ENSMUSG00000046387	-0.166736	-0.600960	-0.772295	0.421210	1.672483	1.800664
ENSMUSG00000046404	-0.362773	-0.784731	1.227255	-0.533299	0.666576	0.511035
ENSMUSG00000046408	-0.855392	-0.092965	-1.035870	-0.777493	-1.724097	-1.704743
ENSMUSG00000046410	-0.062012	-1.215649	-1.575834	-2.078448	-1.707655	-2.132273
ENSMUSG00000046417	0.485263	0.783557	-0.049707	0.252283	0.259955	-0.432983
ENSMUSG00000046432	0.432908	0.562744	0.808736	0.571022	0.202604	0.401001
ENSMUSG00000046434	0.215736	0.085519	0.375354	0.497544	0.606317	0.374492
ENSMUSG00000046440	0.244903	0.371468	1.935894	-0.349627	-0.623253	-0.718129
ENSMUSG00000046441	-0.444249	-1.812629	-1.098068	-0.655612	-0.069918	-0.164427
ENSMUSG00000046442	0.008914	-0.117409	0.280273	0.865096	1.554278	1.586500
ENSMUSG00000046447	-0.072634	-0.161343	1.490723	1.210438	1.010407	2.440567
ENSMUSG00000046480	-3.541672	-4.319429	-4.905165	-5.793923	-5.249903	-4.687229
ENSMUSG00000046516	-0.454995	0.107806	0.416337	-0.152352	-0.802036	-0.181899
ENSMUSG00000046519	-0.351127	-0.427672	0.483485	0.262458	0.664850	1.047470
ENSMUSG00000046541	-0.124237	-0.598757	-0.224184	-0.311062	0.487853	-0.142374
ENSMUSG00000046546	0.021661	-2.136449	-2.080617	-2.592933	-1.620803	-1.637631
ENSMUSG00000046556	0.211156	-0.241023	0.575893	0.356959	1.390741	1.533659
ENSMUSG00000046562	0.385126	0.222814	0.475886	-0.003614	0.150457	0.235461
ENSMUSG00000046567	-0.177797	0.228931	-0.375347	-0.220423	-0.269104	-0.313626
ENSMUSG00000046572	-1.434837	-1.034032	-1.143781	-1.194708	-1.036627	-1.589821
ENSMUSG00000046573	-0.268049	0.174184	-0.489012	-0.954015	-1.413804	-1.334786
ENSMUSG00000046574	0.058357	0.059112	0.241290	-0.218441	-0.236523	-0.171495
ENSMUSG00000046589	-0.085017	-0.530993	-1.245513	-0.170936	-0.959168	-0.734704
ENSMUSG00000046591	-0.011562	0.059191	0.023438	0.108103	-0.158842	-0.802035
ENSMUSG00000046603	0.132850	0.271675	0.830980	0.583884	0.108418	0.508606
ENSMUSG00000046605	-0.246254	0.233254	-0.050262	0.135344	0.187136	-0.085668
ENSMUSG00000046636	0.875390	0.216575	1.098225	-0.050732	-0.566740	0.903539
ENSMUSG00000046658	0.052016	0.359516	0.627773	0.657285	1.174757	1.115832
ENSMUSG00000046667	0.049739	0.091323	0.529024	0.072200	-0.275709	0.045624
ENSMUSG00000046668	-0.092400	-0.200147	0.228318	-0.202898	0.635778	0.707317
ENSMUSG00000046671	-0.009163	-0.020773	-0.184227	-0.525209	-0.575564	-0.434501
ENSMUSG00000046675	-0.269242	0.086588	0.040624	0.276393	-0.278049	-0.602848
ENSMUSG00000046679	-0.203124	-0.147452	-0.832060	-0.161240	-0.819810	-0.208780
ENSMUSG00000046687	1.251860	0.962338	0.971411	-1.075666	-2.644881	-1.615337
ENSMUSG00000046688	0.026130	0.082985	-0.170948	2.935025	4.382140	4.811638
ENSMUSG00000046691	-0.132642	-0.373092	-0.121260	-0.170897	-0.234852	-0.459797
ENSMUSG00000046707	-0.048000	0.237426	-0.354348	-0.427588	-0.505708	-0.265750
ENSMUSG00000046711	-0.243315	0.071441	0.928396	0.497706	1.539531	1.852743
ENSMUSG00000046718	0.057032	-0.002731	-0.195786	-0.801537	-1.267758	-1.984145
ENSMUSG00000046721	0.363227	0.225250	1.201990	-0.223531	-0.526136	0.264139
ENSMUSG00000046722	-0.219915	0.020416	0.487254	0.107974	0.655277	1.012714
ENSMUSG00000046731	-0.245601	0.555692	-1.295010	-0.200412	-1.412651	-0.500777
ENSMUSG00000046753	0.036075	-0.043696	-0.007022	-0.113889	0.004656	0.678720
ENSMUSG00000046756	0.118062	0.223003	0.363837	-0.139239	-0.223755	-0.072338
ENSMUSG00000046774	-0.998825	-2.375462	-0.777639	-2.194397	-2.399005	-3.132007
ENSMUSG00000046785	0.303804	-0.477274	-0.008552	-0.014386	0.670176	0.577311
ENSMUSG00000046791	-0.145011	-1.247367	-0.908252	-1.552466	-1.901850	-2.133617
ENSMUSG00000046792	-0.285369	-0.080507	-0.061239	0.328234	0.401683	0.432095
ENSMUSG00000046794	1.718538	0.992402	1.373150	1.192797	2.128204	-0.015237
ENSMUSG00000046805	0.817958	-0.631119	-0.692362	1.761424	2.764705	1.901281
ENSMUSG00000046806	0.611634	-0.004968	0.477359	0.235269	0.348812	0.217614
ENSMUSG00000046808	-0.322674	-0.019923	0.210141	-0.203912	0.277612	-0.098683
ENSMUSG00000046822	0.100143	-0.255823	-0.355407	-1.217314	-1.293298	-1.353797
ENSMUSG00000046836	0.035934	0.137543	0.153351	0.583038	1.207571	1.253139
ENSMUSG00000046854	-0.007715	-0.472270	-0.057696	-0.218946	-0.791120	-0.654214
ENSMUSG00000046861	0.043457	0.056623	0.288018	0.717131	1.178220	1.193280
ENSMUSG00000046862	-0.191645	0.218868	0.391584	0.255331	0.752115	1.015079
ENSMUSG00000046865	-0.067685	0.013063	-0.511584	-0.671190	-1.291743	-1.922052
ENSMUSG00000046873	0.141214	-0.402352	-0.049332	-0.406327	-0.294678	-0.889310
ENSMUSG00000046879	0.308848	0.155731	0.375667	0.523662	1.175226	1.733267
ENSMUSG00000046897	0.263020	0.278326	0.570587	0.190766	0.805751	0.816841
ENSMUSG00000046909	-0.221426	-0.688376	-1.440699	-1.108926	-2.131691	-1.605596
ENSMUSG00000046947	0.235353	0.385621	0.862115	1.227431	0.904053	1.035741
ENSMUSG00000046949	-0.075835	-0.094461	-0.576291	-0.669979	-0.825730	-0.740230
ENSMUSG00000046962	0.010909	0.228575	0.326563	0.179798	-0.156027	-0.019553
ENSMUSG00000046982	-0.022534	0.166199	0.323405	-0.003862	-0.199446	-0.413280
ENSMUSG00000046985	0.259917	0.125971	-0.274050	-0.113180	0.375109	0.450418
ENSMUSG00000046994	-0.010829	-1.157716	-0.616099	-1.248174	-1.245647	-1.385152
ENSMUSG00000047003	0.295740	-0.223641	0.581851	0.367175	0.640747	0.295284
ENSMUSG00000047022	-0.370824	0.213776	-1.143250	-1.420453	-1.669985	-2.444875
ENSMUSG00000047030	0.000512	-0.251168	0.036081	0.351784	0.864365	0.709922
ENSMUSG00000047037	0.137166	-0.856150	-1.220086	-1.252677	-1.130009	-1.128486
ENSMUSG00000047044	-0.188739	-0.224240	-0.457530	-0.673629	-0.690575	-1.167247
ENSMUSG00000047045	-0.179723	-0.388991	-0.307023	-0.658681	-0.625207	-0.816747
ENSMUSG00000047067	-0.218579	0.150307	0.226276	1.085140	1.027739	0.846545
ENSMUSG00000047084	-0.131697	-0.110337	0.084727	0.061310	-0.258882	0.243307
ENSMUSG00000047090	-0.068464	-0.145575	-0.519710	0.049901	0.044080	-0.019330
ENSMUSG00000047098	-0.257070	-0.284175	-0.152307	0.544291	0.851343	0.947060
ENSMUSG00000047115	-0.345879	-0.440813	-0.347648	0.200007	1.230833	0.812402
ENSMUSG00000047123	0.031791	-0.316443	-0.080118	0.872519	1.295372	1.334448
ENSMUSG00000047126	-0.201015	-0.358368	0.116880	-0.063766	0.374991	0.059035
ENSMUSG00000047139	-0.611848	-0.539982	0.156428	0.418494	1.361432	0.938636
ENSMUSG00000047141	-0.041564	-0.017657	-0.206597	-0.463556	-0.214327	-0.303320
ENSMUSG00000047143	-0.591130	-0.013503	0.714286	-0.604805	0.125064	0.043142
ENSMUSG00000047146	1.116780	-0.493277	0.000832	1.602975	1.264372	1.665657
ENSMUSG00000047153	0.263836	0.654983	1.265046	1.325923	1.704046	1.763701
ENSMUSG00000047155	-0.801405	-0.716316	-0.526602	-1.580282	-1.051280	-0.465084
ENSMUSG00000047166	0.677869	0.032517	0.115066	-0.382964	-0.013009	0.916174
ENSMUSG00000047187	0.080295	0.137529	-0.134161	0.174750	-0.046104	0.444080
ENSMUSG00000047193	-0.205084	-0.037802	-0.074548	-0.113848	-0.200343	0.125972
ENSMUSG00000047213	0.075153	0.116181	0.412326	0.610895	0.936099	1.071526
ENSMUSG00000047215	-0.102641	0.033249	0.157672	-0.398374	-0.435780	0.049096
ENSMUSG00000047221	-0.190108	-0.274922	-0.457599	-0.261253	-0.461164	-0.531668
ENSMUSG00000047227	-0.030920	-0.265357	1.398936	1.073417	2.753915	2.134218
ENSMUSG00000047246	-0.251336	0.673560	0.039777	-0.260800	-0.363154	-1.097419
ENSMUSG00000047248	-0.094427	0.217558	0.531559	0.796658	0.985755	0.741182
ENSMUSG00000047250	0.714227	-0.424793	-1.906771	-2.449751	-3.322062	-4.047724
ENSMUSG00000047260	0.012216	-0.103178	-0.518603	-0.409015	-0.783744	-0.814919
ENSMUSG00000047264	0.092285	0.394252	0.397979	1.238938	2.012688	1.830873
ENSMUSG00000047281	0.086906	-0.012597	0.151527	-0.154469	-0.016057	0.342459
ENSMUSG00000047284	-0.057194	0.119074	-0.094467	-0.064911	-0.158436	-0.248946
ENSMUSG00000047343	-0.720797	-1.841068	-1.387332	-0.353558	-0.372404	-0.414893
ENSMUSG00000047368	0.048642	0.196296	0.370540	0.501835	0.592987	0.635194
ENSMUSG00000047370	-1.389843	0.215960	1.953987	0.274992	-0.458864	-0.329789
ENSMUSG00000047371	0.486308	0.437133	0.691221	1.037981	1.952213	1.742228
ENSMUSG00000047379	0.360865	0.170065	0.125788	0.377884	0.559573	0.353978
ENSMUSG00000047388	0.192495	0.228339	0.451916	0.046678	0.509582	0.464885
ENSMUSG00000047407	-0.133367	-0.758901	-0.778428	-0.072356	0.434540	0.995086
ENSMUSG00000047412	-0.126802	0.008640	0.307160	0.130496	0.541468	0.423575
ENSMUSG00000047417	-0.160535	-0.143913	0.190845	-0.049920	-0.016689	-0.109779
ENSMUSG00000047419	0.352471	-0.962837	0.145535	-0.193768	-0.785063	-0.404235
ENSMUSG00000047423	-0.049488	0.312157	0.270316	0.609940	0.794005	0.893581
ENSMUSG00000047434	-0.096034	-0.801630	-0.431189	-1.451065	-1.781038	-1.837129
ENSMUSG00000047443	0.031309	-0.037675	-0.117082	0.045254	-1.256528	-1.033722
ENSMUSG00000047446	0.239773	0.118076	0.242741	-0.050344	-0.095061	-0.231508
ENSMUSG00000047454	0.248661	0.180968	0.040956	0.279091	0.243180	0.101357
ENSMUSG00000047459	0.286472	0.358039	0.373702	0.206120	-0.041932	0.277040
ENSMUSG00000047466	-0.080582	-0.116722	0.207978	-0.238177	0.382617	-0.076568
ENSMUSG00000047473	0.635274	1.311999	1.403098	1.907887	2.008435	1.950779
ENSMUSG00000047507	0.702071	0.460696	-0.375008	-0.173100	-0.859065	0.295860
ENSMUSG00000047514	0.192922	-0.084512	0.701848	0.721467	1.357890	1.277321
ENSMUSG00000047518	-0.394760	-1.218204	0.904323	0.758413	1.081011	1.200929
ENSMUSG00000047534	0.211313	0.194692	-0.147603	-0.546572	-0.730368	-0.834692
ENSMUSG00000047539	-0.161885	-1.504309	-0.807810	-0.459045	-0.078939	-0.297817
ENSMUSG00000047547	-0.194184	-0.111191	-0.537426	-0.544247	-1.184021	-0.657849
ENSMUSG00000047554	0.154399	0.498048	0.213601	0.055636	-0.286204	-0.362105
ENSMUSG00000047557	-0.292610	-0.651257	-2.213301	-1.385553	-0.966917	-0.659204
ENSMUSG00000047562	0.243800	0.724391	-0.319797	-0.214316	0.442513	-0.756456
ENSMUSG00000047583	-0.346559	-0.553966	-0.865703	-1.376615	-1.860947	-1.515617
ENSMUSG00000047592	-0.247966	0.279371	0.130813	0.074432	-1.540218	-1.444091
ENSMUSG00000047603	-0.065646	-0.252716	-0.304316	-0.164673	-0.034543	-0.265555
ENSMUSG00000047604	-0.439077	-0.456690	-0.059895	0.357921	1.328623	1.403639
ENSMUSG00000047613	-0.375473	-1.087574	-1.110988	-0.827739	-0.810279	-0.914891
ENSMUSG00000047617	-0.166942	0.172120	0.072121	0.094484	-0.101253	0.093346
ENSMUSG00000047632	-0.236503	-0.234587	-0.413158	-0.478275	-1.198107	-2.088219
ENSMUSG00000047635	0.094406	0.083779	0.088814	0.299354	0.069996	0.124714
ENSMUSG00000047648	-0.075703	0.392082	0.271328	0.211711	0.242167	0.474413
ENSMUSG00000047649	-0.265262	-0.368662	-0.769885	-1.261481	-2.246782	-2.081081
ENSMUSG00000047654	0.341182	0.807346	0.856545	-0.255398	0.380070	-1.215454
ENSMUSG00000047656	-0.915234	-0.983435	-0.783275	-0.581236	-0.132440	-0.287247
ENSMUSG00000047671	-0.921350	-0.661606	-1.012284	1.217210	0.962394	-0.160166
ENSMUSG00000047675	0.080031	-0.044603	0.204562	-0.392193	-0.265635	0.314640
ENSMUSG00000047676	-0.409367	0.107474	1.189581	-0.500759	-1.053850	-0.293935
ENSMUSG00000047694	-0.054364	-0.064758	-0.163317	-0.333851	-0.351747	-0.378086
ENSMUSG00000047710	-0.160396	-0.545714	-0.021531	-0.673320	-0.164456	-0.262554
ENSMUSG00000047714	-0.003019	-0.198020	0.133164	-0.201719	-0.566418	-0.587005
ENSMUSG00000047719	0.070377	0.058870	-0.183885	0.198621	-0.011501	-0.105089
ENSMUSG00000047721	-0.237700	-0.285176	-0.157270	-0.503134	-1.141976	-0.691551
ENSMUSG00000047731	-0.167817	-0.318715	-0.119861	0.211812	0.318574	0.485177
ENSMUSG00000047735	0.790696	1.129598	1.481111	1.497610	1.177032	1.962898
ENSMUSG00000047746	-0.548709	-1.243154	-0.274731	-0.771321	-0.521938	-0.931094
ENSMUSG00000047747	-5.590897	-4.721896	-3.534198	-3.214313	-4.361870	-3.715806
ENSMUSG00000047749	0.262640	-0.434327	0.128257	-0.273405	0.068728	-0.701641
ENSMUSG00000047757	-0.132873	-0.654393	-1.037199	-0.780321	-1.622014	-1.456091
ENSMUSG00000047767	0.009820	-0.770346	-0.910664	-0.570473	-0.024608	0.104757
ENSMUSG00000047777	-0.035027	0.121638	0.457132	0.245434	0.935439	0.554228
ENSMUSG00000047786	-1.433940	-2.508349	-0.888164	-1.253826	-1.889281	-0.998639
ENSMUSG00000047789	-0.166861	-0.206642	-0.290732	0.325417	0.961199	1.410950
ENSMUSG00000047793	-0.654318	-0.147555	0.631740	0.132955	0.979271	0.347030
ENSMUSG00000047798	0.074823	-1.416118	-1.826551	-2.611598	-3.466842	-4.047764
ENSMUSG00000047804	-0.017156	-0.399860	-0.254277	-0.780239	-0.573501	-0.601648
ENSMUSG00000047810	-0.275497	-0.028544	0.393543	0.124235	0.029817	0.498679
ENSMUSG00000047821	-0.126052	-1.760814	-2.011399	-0.816767	0.142476	0.564375
ENSMUSG00000047824	-0.010466	-0.679589	-0.016941	-0.223827	0.186246	0.142965
ENSMUSG00000047832	-0.023425	-0.170158	0.160384	-0.060061	0.073000	-0.449724
ENSMUSG00000047841	0.455462	0.773970	2.001096	2.546803	4.127000	2.376605
ENSMUSG00000047843	-0.030098	0.338801	0.136867	0.558294	0.804761	1.181037
ENSMUSG00000047866	-0.205587	0.022802	0.508608	-0.102300	0.159162	0.252508
ENSMUSG00000047867	0.220564	-0.666914	-0.369868	0.151173	0.428583	0.789654
ENSMUSG00000047875	-0.107091	0.646107	-0.122167	-1.627977	-0.904010	-0.520920
ENSMUSG00000047879	-0.013463	-0.504265	-0.793684	-0.952438	-1.287548	-1.597298
ENSMUSG00000047880	-1.021857	1.902766	2.193488	2.696936	2.197027	1.556901
ENSMUSG00000047881	-0.144840	-0.248551	0.466951	0.276068	0.749153	0.822435
ENSMUSG00000047888	0.198057	0.229586	0.408820	0.512583	0.754755	0.906044
ENSMUSG00000047909	-0.318335	-0.200894	-0.174317	0.420265	0.798992	1.242370
ENSMUSG00000047910	-0.153713	-1.049009	0.567571	0.051727	0.969075	1.029986
ENSMUSG00000047911	0.220149	0.814636	0.125547	0.491565	0.441138	-0.319116
ENSMUSG00000047921	-0.085868	-0.098885	-0.320529	-0.787268	-0.823007	-0.736919
ENSMUSG00000047945	0.610688	0.524537	1.020992	0.697157	1.505348	1.610196
ENSMUSG00000047953	-0.621842	-0.767078	0.075858	-0.791974	-0.597838	-1.536701
ENSMUSG00000047959	0.297148	0.326936	1.461968	0.551307	2.171737	1.917481
ENSMUSG00000047965	0.118143	0.069671	0.120100	-0.542680	-1.407397	0.313510
ENSMUSG00000047977	-0.149699	-1.161309	-0.259546	0.822226	0.755700	2.289764
ENSMUSG00000047989	-0.334445	-0.448048	-0.398536	-0.273462	-0.253102	-0.004529
ENSMUSG00000047996	0.039587	-0.626280	-1.197802	-1.446649	-2.037596	-2.251309
ENSMUSG00000048000	-0.114602	-0.115919	-0.210019	-0.164237	-0.368369	-0.482360
ENSMUSG00000048001	-0.984575	-2.070758	-1.692183	-4.227928	-3.570708	-3.015578
ENSMUSG00000048007	-0.638207	-0.650805	-0.608914	-1.846873	-2.238811	-2.909325
ENSMUSG00000048012	0.022133	-0.959403	-0.618361	-0.874448	-1.163076	-1.603432
ENSMUSG00000048039	-0.046592	-0.215422	0.181975	-0.336038	-0.363168	-0.394376
ENSMUSG00000048040	-0.477751	-0.110383	-1.360704	-0.546034	-1.465179	-1.323223
ENSMUSG00000048047	0.036480	-0.466757	0.325176	-0.278917	1.156267	0.457394
ENSMUSG00000048058	1.264106	1.142655	0.186105	-0.211089	1.265624	1.183644
ENSMUSG00000048076	0.002355	0.135991	0.279015	0.190116	0.211428	0.231191
ENSMUSG00000048087	0.045905	-0.094419	0.371787	-0.424863	-0.219296	-0.487007
ENSMUSG00000048100	-0.189511	0.033059	0.148484	-0.175400	-0.446582	0.064736
ENSMUSG00000048106	0.268472	-0.642177	-0.159414	-1.320584	-0.180087	0.279751
ENSMUSG00000048107	-0.234951	-0.829314	0.020830	0.322826	1.251900	0.628723
ENSMUSG00000048109	-0.059515	0.226250	0.719072	-0.107341	0.156127	-0.099825
ENSMUSG00000048118	-0.168427	0.444976	0.553153	0.483654	0.753337	1.323129
ENSMUSG00000048120	-0.022143	-0.111147	-0.490228	1.349820	1.809869	2.127688
ENSMUSG00000048142	-1.026098	-2.034443	-2.088335	-2.444231	-1.139302	-1.641925
ENSMUSG00000048149	-0.254504	0.080471	0.030618	1.445851	1.440479	1.870004
ENSMUSG00000048154	-0.111594	-0.377583	0.086742	-0.068031	0.147597	0.220811
ENSMUSG00000048163	-0.842109	-0.872699	-0.513489	0.057944	0.203827	0.181164
ENSMUSG00000048170	0.051594	0.000281	-0.023953	-0.118741	-0.397783	-0.885390
ENSMUSG00000048174	0.067802	-0.927691	-1.002254	-0.201100	0.218770	0.349602
ENSMUSG00000048175	0.081727	0.191864	0.606480	0.612132	1.132408	1.088772
ENSMUSG00000048215	0.953142	1.113056	2.335558	3.945200	5.653055	6.853582
ENSMUSG00000048222	-1.047013	-0.146471	-0.337221	0.620207	0.989383	-0.180201
ENSMUSG00000048232	0.592139	1.018253	0.741908	1.063641	1.293484	1.038202
ENSMUSG00000048234	-0.144467	-0.179401	-0.122480	-0.383546	-0.907888	-1.244696
ENSMUSG00000048240	-0.263989	-0.751950	1.932655	1.111045	0.099467	0.190801
ENSMUSG00000048249	-0.149657	-0.270720	0.339550	0.836079	1.718226	2.115272
ENSMUSG00000048264	-1.261700	-0.522660	-0.347750	-0.910146	-0.500872	0.826373
ENSMUSG00000048271	-0.272784	-0.142276	0.294784	0.253191	0.219174	0.124295
ENSMUSG00000048277	0.213094	-0.048706	-0.745133	-0.833125	-1.099775	-1.374512
ENSMUSG00000048279	0.560366	-0.253225	-0.040448	-0.969066	-1.088688	-1.108812
ENSMUSG00000048280	-0.029878	-0.358517	-0.482619	-0.365271	0.294736	0.923362
ENSMUSG00000048285	0.131698	-1.259747	-1.393203	-1.704547	-1.096823	-1.040949
ENSMUSG00000048307	0.255093	0.153310	0.195093	-0.070668	0.647368	0.502735
ENSMUSG00000048310	-0.046932	-0.186962	-0.130659	0.259878	0.555747	0.425428
ENSMUSG00000048327	0.410428	0.163767	0.778215	0.340092	1.019345	1.020028
ENSMUSG00000048329	1.020810	2.543744	1.601766	1.326956	-0.850812	0.476895
ENSMUSG00000048332	1.474260	0.718226	-1.262913	-1.394535	-1.635462	-2.992707
ENSMUSG00000048347	-0.475192	-0.527765	-1.219878	-0.111188	1.225210	1.361753
ENSMUSG00000048351	-0.294534	-0.127296	-0.602539	-1.223321	-1.926720	-1.584957
ENSMUSG00000048371	-0.034532	-0.042498	0.292661	-0.243592	0.313783	0.292605
ENSMUSG00000048376	2.050253	2.259724	3.085596	1.418523	3.103227	2.889732
ENSMUSG00000048379	-0.021355	-0.159542	0.573390	-0.066386	0.052763	0.046940
ENSMUSG00000048406	0.237042	-0.364278	0.371955	1.031833	0.994178	1.267165
ENSMUSG00000048410	-0.011741	-0.430488	0.410136	-0.281149	0.265533	0.256140
ENSMUSG00000048411	-0.675013	-0.531570	1.482139	0.496482	0.195306	0.195537
ENSMUSG00000048416	-0.713115	-1.056506	-1.075550	0.176745	-1.192810	-1.186828
ENSMUSG00000048429	0.034471	-0.091420	0.476118	0.665429	1.023928	0.793868
ENSMUSG00000048439	-0.210906	-0.124042	-0.873025	-0.833357	-0.830766	-0.806721
ENSMUSG00000048440	-0.550618	-1.404444	-3.886926	-3.565439	-3.208086	-3.795509
ENSMUSG00000048458	0.231448	0.535311	-1.016869	-1.119021	-2.368085	-1.396800
ENSMUSG00000048481	-0.097470	0.304305	0.690476	1.281110	1.307954	1.087505
ENSMUSG00000048484	-0.807366	-1.514096	1.253809	0.857090	0.234230	-0.211736
ENSMUSG00000048486	-0.228363	-0.528960	-0.312592	-1.199474	-1.313068	-1.500502
ENSMUSG00000048495	-0.459647	-0.041936	-0.307825	-0.166873	-0.425096	-0.100663
ENSMUSG00000048497	0.079345	-0.203762	-0.448214	-0.083046	-0.004775	0.077493
ENSMUSG00000048537	0.514028	-0.469845	-2.117048	-2.655640	-3.317236	-3.078991
ENSMUSG00000048538	0.120804	-0.846543	2.574814	-0.980192	-0.523494	-0.418554
ENSMUSG00000048546	0.064667	-0.201056	0.209273	0.775680	1.169554	0.922833
ENSMUSG00000048550	0.237412	0.076950	-0.451621	0.530053	0.245920	0.256055
ENSMUSG00000048574	-1.245782	-1.145177	1.209210	-0.537979	-0.964139	-1.348598
ENSMUSG00000048578	0.112999	-0.177922	-0.472481	-0.828198	-0.828700	-1.044305
ENSMUSG00000048581	0.425683	0.724547	0.895937	-0.211500	-1.562890	-0.393706
ENSMUSG00000048603	0.000939	-0.058916	0.097978	1.157438	1.135715	1.472001
ENSMUSG00000048621	-0.339742	-0.211591	0.936973	1.969859	1.565978	2.220089
ENSMUSG00000048644	0.039424	0.062120	-1.938599	0.050061	-0.259613	-0.923720
ENSMUSG00000048647	-0.361467	-0.750012	0.429699	0.274272	0.550252	0.534356
ENSMUSG00000048661	-0.235140	-0.183282	0.493780	0.120947	0.323117	0.415612
ENSMUSG00000048668	-0.135935	0.241045	-0.337527	0.030998	-0.450609	-0.516168
ENSMUSG00000048677	-0.119575	-0.484167	-0.050598	0.248934	0.546073	0.661385
ENSMUSG00000048696	-0.164344	-0.101936	0.357668	-0.149361	0.745503	0.827330
ENSMUSG00000048701	-0.023843	-0.229489	0.257764	0.153319	0.333670	-0.011964
ENSMUSG00000048707	-0.024388	-0.710825	-0.445828	-0.818073	-0.320883	-0.368316
ENSMUSG00000048720	-0.152263	0.429598	-0.124719	-0.860153	-0.525124	-0.134645
ENSMUSG00000048731	-0.952108	-0.058732	1.094438	2.429487	0.785043	0.425726
ENSMUSG00000048732	0.260346	-0.512324	-0.141711	-0.549100	0.780873	0.167518
ENSMUSG00000048755	-0.105439	-0.026506	0.017045	-0.151608	0.018107	-0.308450
ENSMUSG00000048756	0.371827	-0.226436	0.669966	0.918801	1.855453	1.718423
ENSMUSG00000048758	-0.071972	-0.230633	-0.325525	0.263138	0.296719	0.092473
ENSMUSG00000048763	1.744140	1.219401	0.620767	0.974035	0.661542	0.205984
ENSMUSG00000048787	-0.365675	-0.074747	0.330088	-0.049119	0.689584	0.286247
ENSMUSG00000048796	-0.169105	-0.203241	0.343390	0.386941	0.783166	1.135280
ENSMUSG00000048799	0.215810	0.240006	0.269035	0.545925	1.172102	1.436898
ENSMUSG00000048807	1.378221	-1.415651	-1.426894	-0.963068	-1.189971	-0.505540
ENSMUSG00000048814	-0.569131	-0.356530	-0.168339	-0.121659	0.514501	1.015981
ENSMUSG00000048827	-0.581913	-0.901825	-1.358771	-1.512662	-1.610180	-2.265527
ENSMUSG00000048832	-0.246192	-0.416894	-0.541830	-0.520922	-0.340196	-0.459638
ENSMUSG00000048833	0.162115	-0.047554	0.306488	0.203708	0.479797	0.079508
ENSMUSG00000048856	0.233046	0.603771	0.306913	-0.175848	0.234301	-0.435267
ENSMUSG00000048865	0.080019	-0.071577	0.453018	0.675357	0.798218	0.584005
ENSMUSG00000048874	0.118111	0.254006	0.247627	0.431356	0.624472	0.819107
ENSMUSG00000048878	-0.156109	-0.175908	0.217262	0.078201	-0.025952	0.120581
ENSMUSG00000048895	0.161101	0.584238	-0.263895	0.617088	1.906606	2.355769
ENSMUSG00000048897	0.275145	-0.590148	-0.061800	0.369671	0.796463	1.137330
ENSMUSG00000048905	0.073515	-0.256355	1.258387	0.979544	1.799284	1.826206
ENSMUSG00000048911	0.276228	-0.176399	-0.871832	-0.765418	-0.599078	-0.907040
ENSMUSG00000048916	-0.005253	-0.170959	1.360793	0.364739	1.027739	0.990930
ENSMUSG00000048920	-0.164661	-0.261190	0.139425	-0.032841	0.070751	-0.293138
ENSMUSG00000048921	0.208326	0.071321	-0.130488	-0.036873	-0.014724	-0.441104
ENSMUSG00000048922	0.132083	0.358718	0.238916	0.145127	-0.029206	-0.270390
ENSMUSG00000048930	-0.184267	0.353311	0.423626	0.346908	0.195979	0.060084
ENSMUSG00000048938	-0.370926	-2.130380	-1.189216	-0.934255	-0.385366	-1.662748
ENSMUSG00000048949	-0.322567	-0.270495	0.984398	-0.329955	-0.417249	0.169894
ENSMUSG00000048965	-0.243997	-0.155450	0.071607	-0.279810	0.926931	1.231276
ENSMUSG00000048967	-0.513749	-0.372789	-0.099882	0.020595	-0.487725	-0.072589
ENSMUSG00000048970	0.055987	0.210194	0.644857	0.441265	0.485541	1.027729
ENSMUSG00000048988	1.449058	1.070603	1.467408	1.626690	1.628839	1.347622
ENSMUSG00000048997	-0.089571	0.160594	-0.174082	-0.070662	0.097516	0.350292
ENSMUSG00000049036	-0.718173	0.885638	1.448988	0.460431	-0.839560	-1.332760
ENSMUSG00000049038	-0.100597	0.624174	0.521857	0.663492	1.284171	1.672422
ENSMUSG00000049044	0.422668	0.809095	0.940826	2.493698	2.278923	1.227484
ENSMUSG00000049047	0.398238	0.170162	-0.380633	-0.393656	0.016592	0.212311
ENSMUSG00000049073	-1.135472	-0.790829	-0.971532	-1.514536	0.116148	-1.137239
ENSMUSG00000049076	0.099040	-0.345943	0.744274	0.065564	0.779324	0.476187
ENSMUSG00000049090	0.010254	-0.265923	0.347083	0.139425	0.202782	-0.096264
ENSMUSG00000049091	0.264713	0.034629	1.052043	-0.150931	-0.011433	-0.081735
ENSMUSG00000049092	-0.841366	-0.041743	-0.158505	0.588875	0.833410	-0.144161
ENSMUSG00000049097	-0.151668	-1.642143	0.003673	0.316806	0.432397	-1.160871
ENSMUSG00000049103	-0.418529	-2.146195	-4.068205	-6.980981	-6.992709	-7.687877
ENSMUSG00000049106	0.100199	0.323889	0.574974	0.756992	1.012166	1.100509
ENSMUSG00000049124	-0.186428	-0.042540	-0.027884	-0.074671	-0.004515	0.082636
ENSMUSG00000049134	-0.364293	-0.963153	-1.034675	-0.336208	-0.221632	-0.664159
ENSMUSG00000049184	-0.018948	0.764137	0.086598	0.134319	0.455193	0.849249
ENSMUSG00000049225	0.634382	0.003451	-0.512508	-0.989972	-1.185940	-1.922085
ENSMUSG00000049232	-0.126745	0.445742	0.603676	0.555048	0.700482	1.031403
ENSMUSG00000049233	0.656161	0.535520	2.535907	-0.954508	-1.574609	-0.549908
ENSMUSG00000049235	-1.733772	-0.042081	-0.755829	-0.598808	0.597286	-1.336238
ENSMUSG00000049285	0.075860	0.425151	-0.666683	-0.592044	-1.038572	-0.325281
ENSMUSG00000049287	-0.082927	-0.160657	0.297538	0.404853	0.517685	0.001232
ENSMUSG00000049288	-0.081615	-0.002328	-0.475217	-0.444159	0.132132	0.327931
ENSMUSG00000049295	0.245038	-0.413090	-0.410387	-0.220893	-0.264719	0.062642
ENSMUSG00000049299	-0.016973	0.033444	-0.304065	0.435674	0.255332	0.411006
ENSMUSG00000049300	-0.212357	-0.226700	-0.189323	-0.588969	-0.241747	-0.180069
ENSMUSG00000049303	0.385497	-0.002328	-0.323820	0.042003	-0.435706	0.323818
ENSMUSG00000049305	-0.137223	-0.007765	0.324101	0.254148	0.634383	0.759873
ENSMUSG00000049307	0.087129	-0.721253	-0.297250	-1.444327	-0.701870	-0.657050
ENSMUSG00000049323	0.155248	-0.095613	0.182643	-0.114706	0.687052	0.899638
ENSMUSG00000049327	0.154022	0.107894	-0.080615	-0.652870	-0.948342	-1.056407
ENSMUSG00000049339	-0.018214	0.142203	0.414238	0.537091	0.938240	0.471314
ENSMUSG00000049354	0.027666	-0.245443	0.062370	-0.139272	0.555189	0.302302
ENSMUSG00000049357	0.111967	1.156559	-0.582251	0.598607	-0.002564	-1.012264
ENSMUSG00000049396	-0.335754	-0.318270	0.813032	-1.151829	-1.283670	-1.003829
ENSMUSG00000049401	0.090443	-0.220510	0.333732	-0.056687	0.655903	1.188014
ENSMUSG00000049410	-1.322064	-3.775414	-4.276318	-3.491785	-3.459282	-4.605658
ENSMUSG00000049411	-0.112115	-0.006024	-0.181722	0.470606	0.312936	0.591034
ENSMUSG00000049421	-0.447265	-0.384048	-0.186033	-0.109674	0.554571	0.865002
ENSMUSG00000049422	0.059015	-0.270267	-0.615876	-0.611209	-0.988106	-1.540444
ENSMUSG00000049439	-0.066370	0.203385	0.186372	0.409669	-0.105087	-0.499105
ENSMUSG00000049470	0.532327	0.439618	0.662877	0.485370	1.309193	1.486533
ENSMUSG00000049482	-0.362716	-0.360885	-0.423998	-1.081574	-1.085007	-1.006329
ENSMUSG00000049488	0.149783	0.175506	0.262028	0.432377	0.115245	0.215168
ENSMUSG00000049489	0.117225	-0.124320	-0.145108	0.165717	0.360612	-0.062319
ENSMUSG00000049494	-0.439771	0.273875	2.321381	-0.355099	-1.704453	-0.445674
ENSMUSG00000049502	0.275926	0.046493	0.035396	-0.038170	0.854739	1.120110
ENSMUSG00000049504	-0.269207	-0.360272	-0.257787	0.544989	0.655789	0.462822
ENSMUSG00000049507	-0.168056	-0.858160	0.721698	-0.236836	0.489536	0.602082
ENSMUSG00000049515	-0.049750	-0.746376	-0.780030	-0.731173	-0.255596	-0.335008
ENSMUSG00000049516	0.083726	-0.075703	0.313940	-0.072232	0.187074	0.276898
ENSMUSG00000049517	-0.135220	0.036388	0.253817	-0.399830	-0.253447	0.147397
ENSMUSG00000049539	0.550179	0.986079	0.533485	0.320240	-0.237069	-0.648436
ENSMUSG00000049550	0.515653	0.377254	0.440144	-0.065844	-0.124443	0.069065
ENSMUSG00000049551	0.586717	-2.114398	-3.020913	-4.569372	-4.158626	-5.503771
ENSMUSG00000049553	-0.146641	-0.267816	-0.897567	-0.924429	-1.543120	-2.004953
ENSMUSG00000049562	0.165151	-0.189015	0.424358	-0.142149	0.298101	0.258085
ENSMUSG00000049577	-0.382589	-0.823481	-0.925653	-0.255502	0.781929	1.077660
ENSMUSG00000049580	0.348265	-1.582565	-1.521333	-2.231992	-1.805742	-2.318086
ENSMUSG00000049588	-0.145619	0.713342	0.826707	0.581603	0.933891	0.587647
ENSMUSG00000049600	0.133297	-1.221305	-1.096642	-1.038981	-1.261121	-1.911297
ENSMUSG00000049606	-0.106016	-0.002563	-0.543041	-0.469166	-0.846024	-0.529175
ENSMUSG00000049612	0.391459	0.706287	-0.302172	1.862173	0.402640	-0.293958
ENSMUSG00000049624	-0.175494	0.186660	-0.067180	0.257957	0.893873	1.248524
ENSMUSG00000049625	0.756629	-1.074985	-1.441070	-1.871426	-1.892131	-2.072830
ENSMUSG00000049643	-0.178752	0.129306	0.318822	0.360426	0.371310	-0.214568
ENSMUSG00000049657	-0.374590	-0.211025	0.116602	0.984801	1.324303	1.435527
ENSMUSG00000049658	0.032304	-0.291482	-0.024914	-1.023324	-0.748434	-0.643652
ENSMUSG00000049659	0.015347	0.112308	-0.043456	0.610304	0.514849	0.751269
ENSMUSG00000049670	-0.762770	-0.215963	-0.433031	2.465545	0.611663	2.231861
ENSMUSG00000049672	0.294803	-0.109413	0.265257	-0.421181	-0.056948	-0.005647
ENSMUSG00000049676	-0.485439	-0.326737	-0.082129	1.160331	0.848047	1.621687
ENSMUSG00000049680	-0.335253	0.032900	-0.176777	0.039257	0.402598	0.182598
ENSMUSG00000049686	-0.050149	-0.637611	-0.802583	-0.750627	-0.880400	-1.225732
ENSMUSG00000049709	0.067729	0.310970	0.821644	0.574938	1.235550	1.786091
ENSMUSG00000049717	-0.027366	1.416205	1.904617	2.851340	3.759328	4.512176
ENSMUSG00000049723	0.509369	-0.808808	-0.764845	0.585596	0.481159	-0.264596
ENSMUSG00000049728	-0.111693	-0.254412	-0.168464	0.032371	0.075728	-0.309557
ENSMUSG00000049739	-0.000062	-0.280880	-0.004219	-0.009116	0.449675	0.558610
ENSMUSG00000049742	0.379126	-0.435209	0.587886	1.026896	3.239837	2.084630
ENSMUSG00000049744	0.005331	0.087987	0.462124	-0.250695	0.508249	1.111833
ENSMUSG00000049751	0.003208	0.264175	-0.160906	-0.262124	-0.482411	-0.257239
ENSMUSG00000049755	-0.153587	-0.172211	-0.002395	-0.165758	-0.209733	-0.319067
ENSMUSG00000049760	-0.194388	-0.049882	-0.069678	0.154488	0.092613	-0.362283
ENSMUSG00000049764	0.199087	0.213197	0.542838	0.309942	0.158444	-0.300542
ENSMUSG00000049775	-0.177744	0.513032	0.719063	0.452967	0.249683	0.564138
ENSMUSG00000049792	0.103050	0.051742	0.052573	-0.646768	-0.783335	-0.209124
ENSMUSG00000049800	-0.111176	0.090064	0.389056	-0.016791	0.578646	0.450139
ENSMUSG00000049804	0.082134	0.414719	1.301153	0.859977	2.064603	1.566277
ENSMUSG00000049807	0.905096	-0.984992	-1.158325	-1.732602	-0.360002	-0.294311
ENSMUSG00000049823	-0.067613	-0.248398	-0.364394	-0.263511	-0.358981	-0.371960
ENSMUSG00000049858	0.031225	0.585264	1.099333	1.705704	2.104684	2.078196
ENSMUSG00000049871	-0.115261	-0.042549	-1.162561	-1.135467	-2.431720	-2.843220
ENSMUSG00000049878	0.394309	0.702288	0.517008	0.191105	0.096488	0.056486
ENSMUSG00000049881	0.500222	0.634202	0.281681	0.282442	0.395839	0.528574
ENSMUSG00000049882	-0.286426	-0.391955	-0.975161	-0.416117	-1.331555	-1.706790
ENSMUSG00000049897	-0.538835	0.248245	-0.564581	1.765939	2.692122	0.876505
ENSMUSG00000049907	-1.498784	-1.492346	-0.822280	0.044492	0.326682	-1.822192
ENSMUSG00000049916	-0.216457	-0.028621	-0.213914	-0.261323	-1.133007	-1.685266
ENSMUSG00000049922	-0.007283	-0.021072	-0.075611	-0.014796	-0.399182	-0.807971
ENSMUSG00000049932	0.236898	0.245891	0.498894	0.465014	0.825633	0.185392
ENSMUSG00000049940	0.069469	0.346495	0.000057	-0.422968	-0.818878	-0.950730
ENSMUSG00000049950	0.193798	-0.783082	-0.654340	-0.963447	-0.936720	-0.925403
ENSMUSG00000049957	0.023279	-0.115375	-0.586034	-0.962056	-1.215421	-1.382295
ENSMUSG00000049960	-0.033614	-0.153187	-0.350295	0.053880	-0.229581	-0.719135
ENSMUSG00000049969	-0.204589	-0.190719	-0.103957	-0.395463	0.185968	0.274769
ENSMUSG00000049988	-0.526784	-1.473234	-1.115791	-0.605735	-2.153286	-3.640094
ENSMUSG00000050002	-0.041512	0.277734	-0.486769	0.309686	0.030889	1.213714
ENSMUSG00000050014	-0.561221	-0.409097	0.179487	-0.942659	-0.308208	0.445287
ENSMUSG00000050017	0.081451	0.084424	-0.172052	-0.043773	-0.297199	-0.577039
ENSMUSG00000050022	0.107435	-0.192193	-0.291810	-0.644893	-0.401574	0.004994
ENSMUSG00000050029	0.090502	-0.172667	0.146305	0.036027	0.453160	0.578680
ENSMUSG00000050035	0.421920	0.403217	-0.844099	0.206047	0.723701	1.766986
ENSMUSG00000050043	0.090568	0.218899	0.197104	0.079194	-0.408750	-0.711225
ENSMUSG00000050075	0.049484	0.496775	0.121756	1.655636	2.145409	1.857834
ENSMUSG00000050079	0.071212	0.046101	0.204363	0.360750	0.330474	0.254905
ENSMUSG00000050088	-0.384570	-0.089605	-0.553419	0.621034	0.899162	1.004248
ENSMUSG00000050100	-0.038665	-0.077470	0.132935	0.274492	0.161568	-0.380516
ENSMUSG00000050106	-0.125844	-0.174145	-0.132803	0.205632	0.564975	0.422803
ENSMUSG00000050107	0.068500	-0.117909	-0.054966	-0.354230	-0.171390	-0.400053
ENSMUSG00000050132	-0.244415	-0.067585	1.126574	1.896519	2.262563	2.042103
ENSMUSG00000050144	-0.046932	-0.541265	-0.364067	-0.543112	0.028789	-0.287314
ENSMUSG00000050148	-0.029233	-0.231302	0.411709	-0.046508	0.459662	0.008047
ENSMUSG00000050150	-0.170307	-0.520612	-1.099525	-0.638533	-1.101430	-0.585200
ENSMUSG00000050157	-0.877769	-1.598209	-0.873853	-1.576538	-0.876604	-2.048118
ENSMUSG00000050174	0.101277	-0.361140	-0.357475	-0.243544	-0.673295	-0.657488
ENSMUSG00000050188	0.012982	0.020423	0.006990	0.285493	0.328459	0.071910
ENSMUSG00000050195	-0.354365	0.788843	-0.570507	-0.706879	0.041729	0.015989
ENSMUSG00000050212	0.292969	0.027266	0.263126	0.589494	1.730055	2.304742
ENSMUSG00000050213	-0.166653	-0.091232	0.084685	0.099253	0.255645	-0.074204
ENSMUSG00000050229	-0.189963	-0.429878	-0.174257	-0.386931	-0.257845	-0.418628
ENSMUSG00000050232	3.633472	1.127113	1.595353	1.948926	1.984886	0.948308
ENSMUSG00000050240	-0.120084	-0.121910	-0.675613	-1.133560	-0.944350	-0.457574
ENSMUSG00000050244	-0.066714	-0.401170	-0.646181	-1.246877	-1.247624	-1.620753
ENSMUSG00000050271	-0.099271	-0.482115	-0.345175	-1.516130	-1.967132	-1.821354
ENSMUSG00000050295	0.493094	0.140705	0.684059	0.157619	0.178728	0.490187
ENSMUSG00000050299	0.502963	0.717039	1.783462	-1.537467	-0.446255	1.299948
ENSMUSG00000050304	-0.854096	-0.446232	-0.918389	-1.067177	-0.542334	-0.077372
ENSMUSG00000050310	-0.010699	-0.145017	0.363869	0.320603	0.812024	0.745546
ENSMUSG00000050312	-0.081261	-0.214081	-0.093010	-0.246127	-0.264601	-0.699084
ENSMUSG00000050323	-0.004224	0.208768	-0.606700	-0.841111	-1.564266	-1.480880
ENSMUSG00000050332	0.053830	0.084632	-0.331676	-0.320396	-0.079905	0.388583
ENSMUSG00000050334	0.381518	0.323184	0.149404	-0.311785	-0.118389	-0.217708
ENSMUSG00000050350	-0.857494	-0.366030	-0.502896	0.496325	1.158190	0.914362
ENSMUSG00000050357	-0.713126	0.018399	0.544703	1.222517	1.110126	1.296321
ENSMUSG00000050373	0.931274	1.298004	0.546233	0.571075	0.247083	0.574990
ENSMUSG00000050379	0.232815	0.401471	0.421328	0.373526	0.296176	0.161396
ENSMUSG00000050382	0.078260	0.511098	0.248329	-0.072673	-0.154319	0.383727
ENSMUSG00000050394	0.042809	0.482709	-0.161857	0.181194	0.046963	-0.630975
ENSMUSG00000050410	-0.276264	-0.560817	0.111493	0.518250	0.324059	-0.282725
ENSMUSG00000050428	-0.221566	0.076557	-0.009981	0.268909	0.497726	0.291234
ENSMUSG00000050439	0.256280	-0.644178	0.114815	-0.218003	-1.241274	-1.325194
ENSMUSG00000050468	0.200113	0.617497	0.980800	-0.365294	1.021743	0.572999
ENSMUSG00000050471	0.030614	0.434819	-0.122950	0.145070	-0.159573	0.046190
ENSMUSG00000050490	-0.830128	0.147644	1.123257	0.338789	-1.842040	-1.300467
ENSMUSG00000050503	0.025863	-0.227622	1.246890	0.921804	1.243427	1.686081
ENSMUSG00000050545	-0.387115	-0.139049	-0.312108	-1.241193	-0.662758	-1.414677
ENSMUSG00000050549	-0.422250	0.050685	-0.573337	-0.919254	-0.561116	-0.179251
ENSMUSG00000050550	0.096645	0.196419	0.289403	0.599725	0.565373	0.287899
ENSMUSG00000050552	0.220987	0.435731	0.245896	0.136009	0.078855	-0.063952
ENSMUSG00000050555	0.167252	0.289873	0.758554	0.528378	1.109283	1.073712
ENSMUSG00000050565	-0.060820	-0.089594	0.425812	-0.147546	0.235914	0.286099
ENSMUSG00000050567	0.265314	0.387113	0.790213	0.859530	1.556303	1.168530
ENSMUSG00000050592	0.722232	-0.944844	-0.880637	-1.127860	1.417436	1.801119
ENSMUSG00000050600	0.300795	1.455223	2.698757	3.602820	4.392833	4.438727
ENSMUSG00000050605	-0.328810	-0.181157	-0.525959	-0.096955	-0.350136	0.140279
ENSMUSG00000050608	0.045892	0.247837	0.037152	-0.088543	-0.700032	-0.581568
ENSMUSG00000050619	-0.023370	0.426172	0.550247	0.435323	0.612947	1.115312
ENSMUSG00000050621	0.089510	-0.043341	0.093846	-0.248842	0.101656	0.669093
ENSMUSG00000050627	-0.195753	-0.217751	0.572775	0.423572	1.131448	1.055132
ENSMUSG00000050628	-0.137519	-0.126890	0.390715	0.867898	1.050606	0.738319
ENSMUSG00000050633	-0.094188	0.056448	0.503847	2.796869	1.491842	1.988417
ENSMUSG00000050650	3.045233	0.860364	-0.526381	-3.023310	-3.246633	-5.184267
ENSMUSG00000050654	-1.123666	-3.757503	-3.277351	-2.254927	-2.356440	-2.653062
ENSMUSG00000050668	-0.041883	0.072758	-0.035436	-0.027639	0.028182	0.590309
ENSMUSG00000050677	-0.272047	-0.647593	0.829807	0.806757	0.294613	1.046902
ENSMUSG00000050697	0.008008	0.003207	0.681524	0.031714	0.456794	0.622503
ENSMUSG00000050705	0.145494	-0.132535	-0.638816	-0.295828	-1.079647	-1.230410
ENSMUSG00000050708	-0.163304	-0.207031	-0.103967	0.081451	0.114212	0.010365
ENSMUSG00000050714	-0.237022	-1.222489	-0.662182	-0.200253	0.262477	-0.169890
ENSMUSG00000050721	-0.030590	-2.951603	-1.676284	-1.254161	-0.882797	-0.891971
ENSMUSG00000050732	0.215102	-0.031808	-0.810442	-0.307170	-0.277786	-0.115391
ENSMUSG00000050786	-0.041257	0.197571	0.637767	-0.274778	0.299292	0.848738
ENSMUSG00000050796	-0.291808	-0.755436	-0.814944	-1.565305	-1.935535	-2.258636
ENSMUSG00000050812	0.102829	0.003466	0.071473	-0.007230	-0.004748	0.026208
ENSMUSG00000050846	0.798156	-0.815122	-1.372217	-1.845792	-0.531136	-0.682632
ENSMUSG00000050852	0.637750	-0.798596	0.031423	-1.570921	-2.117523	-0.399157
ENSMUSG00000050855	-0.154750	-0.031160	-0.218399	-0.469565	-0.781223	-0.329583
ENSMUSG00000050856	0.251674	0.021353	-0.412481	0.148375	-0.025864	-0.616381
ENSMUSG00000050891	0.113782	0.080083	0.178410	0.071743	-0.617977	0.764096
ENSMUSG00000050896	0.603914	-1.789362	-2.537756	-3.933807	-3.585417	-4.806205
ENSMUSG00000050912	0.125523	-0.247369	-0.005949	-0.359604	0.517380	0.680162
ENSMUSG00000050914	0.704317	1.490577	0.624809	0.524071	-1.362938	-2.587032
ENSMUSG00000050921	0.271780	1.613843	2.266988	3.739114	3.547273	3.536870
ENSMUSG00000050936	0.195045	0.733159	-0.233018	-0.008902	-1.346715	0.009746
ENSMUSG00000050944	-0.319040	-0.228604	-0.983947	-0.830552	-1.175682	-1.384078
ENSMUSG00000050945	-0.182220	0.361941	0.298248	0.006160	0.047201	-0.533375
ENSMUSG00000050947	0.385582	0.957465	1.183946	0.782470	1.255484	2.194790
ENSMUSG00000050954	-0.321628	-0.208571	0.144538	-0.323911	0.516491	0.572065
ENSMUSG00000050957	0.786740	0.244378	0.305706	0.338866	1.275685	1.579564
ENSMUSG00000050965	-0.377872	-0.757472	-0.162484	-0.412220	-0.136669	-0.233398
ENSMUSG00000050973	-0.252852	-0.129589	0.143304	0.205452	0.122252	0.040144
ENSMUSG00000050989	-0.524233	-0.221599	0.287543	0.579722	1.049542	1.043271
ENSMUSG00000051007	0.055945	0.135737	0.297383	0.441171	0.786278	0.723648
ENSMUSG00000051008	-0.424914	-1.141883	-0.450175	0.135377	1.459132	0.313905
ENSMUSG00000051037	-0.390899	-0.912938	-1.346988	-0.905094	-0.800156	-0.224436
ENSMUSG00000051074	-0.038112	-0.173511	0.485076	1.433643	2.098199	2.386992
ENSMUSG00000051098	-0.055231	0.390629	0.165928	0.451251	-0.138006	-0.205684
ENSMUSG00000051113	-0.070670	-0.292542	-0.153608	0.973218	1.480990	1.485018
ENSMUSG00000051116	-0.577024	-0.534514	1.711795	-0.609991	-0.883768	0.512302
ENSMUSG00000051124	-0.083191	-0.882384	-1.381478	-0.900438	-0.907417	-0.701885
ENSMUSG00000051146	0.150274	-0.051630	-0.004450	1.050813	0.972615	1.191589
ENSMUSG00000051147	-0.528326	-0.167494	0.364985	0.565731	0.731751	0.684342
ENSMUSG00000051149	-0.021046	-1.114829	0.238342	-0.092942	0.189861	0.564263
ENSMUSG00000051154	0.646489	0.428517	0.596503	0.876731	0.662851	0.837543
ENSMUSG00000051169	-0.062216	-0.057486	0.004893	0.289789	0.070836	0.381509
ENSMUSG00000051184	-0.103039	-0.421981	-0.941052	0.273707	0.338027	-0.111595
ENSMUSG00000051185	-0.108991	0.208400	1.117125	1.343931	1.546280	1.216914
ENSMUSG00000051220	0.163114	0.231206	0.011439	-0.550822	-0.346410	-0.731283
ENSMUSG00000051223	-0.004251	-0.263397	0.114452	-0.365835	-0.145125	-0.462664
ENSMUSG00000051224	-0.101916	-0.014373	1.145621	0.499423	1.670410	1.288682
ENSMUSG00000051232	-0.265857	-0.034988	0.106787	-0.022007	-0.237765	0.259021
ENSMUSG00000051234	-0.095477	-0.115185	0.252050	0.116116	0.344484	0.365599
ENSMUSG00000051235	0.241356	0.266045	0.167792	-0.297184	-0.169997	-0.581229
ENSMUSG00000051236	-0.666178	0.031215	0.019049	-0.672094	-0.250048	-1.087248
ENSMUSG00000051238	-0.172935	-0.282146	0.066389	0.029038	0.284416	0.383813
ENSMUSG00000051246	0.659403	1.048000	0.036403	0.353483	-1.435359	-0.779099
ENSMUSG00000051255	0.105317	0.641505	1.333438	-0.904780	-1.513041	-0.566666
ENSMUSG00000051256	0.009429	-0.455975	-0.949560	-0.513585	-0.472732	-1.434284
ENSMUSG00000051278	0.044793	0.236019	-0.255920	-0.090641	-0.354118	-0.960215
ENSMUSG00000051285	0.262604	0.171186	0.277542	0.327000	0.658908	1.132436
ENSMUSG00000051306	0.123312	0.369435	0.346860	0.241157	0.294534	0.445989
ENSMUSG00000051316	0.204397	0.373978	0.682793	0.008792	-0.482530	-0.006481
ENSMUSG00000051319	-0.259208	-0.380004	-0.872475	-1.899782	-2.012156	-1.834538
ENSMUSG00000051329	-0.001075	-0.280218	-0.172152	-0.276531	-0.484518	-0.949814
ENSMUSG00000051335	0.079840	-0.460690	0.404343	-0.067602	0.640887	0.180243
ENSMUSG00000051339	0.057594	-1.498711	-2.412557	-1.944180	-0.984144	-0.341794
ENSMUSG00000051341	-0.241596	0.191323	-0.310204	0.464029	0.842947	1.007524
ENSMUSG00000051344	0.096683	-0.849192	-0.104372	-0.117839	0.238302	0.176100
ENSMUSG00000051346	0.151131	-0.355824	-0.669084	-0.557068	-0.567405	-0.537119
ENSMUSG00000051351	-0.055228	-0.283447	0.209023	0.339947	1.221953	0.970115
ENSMUSG00000051355	-0.126164	0.044758	-0.261187	-0.255040	-0.916008	-0.443990
ENSMUSG00000051359	1.083101	-0.698171	-0.233235	-1.004062	-0.541610	-0.660567
ENSMUSG00000051373	-0.136347	0.445935	-0.116860	-0.057882	0.939207	0.452720
ENSMUSG00000051378	0.114599	0.271777	0.565336	0.452949	0.740848	0.417131
ENSMUSG00000051390	-0.250906	-0.395958	0.162406	0.009949	0.732099	0.779899
ENSMUSG00000051391	0.071151	-0.274702	-0.008941	0.326785	0.754921	0.576360
ENSMUSG00000051396	-0.123608	0.074417	0.221256	-0.178490	-0.703678	-0.946463
ENSMUSG00000051403	-0.066620	0.293205	0.264750	0.278867	0.461819	0.550630
ENSMUSG00000051413	0.036426	-0.263328	0.250557	-0.269133	0.368534	-0.152721
ENSMUSG00000051427	0.061888	0.561548	0.831261	0.860023	1.584249	1.905416
ENSMUSG00000051444	-0.117416	-0.314391	-0.530040	-0.670140	-1.457789	-1.867556
ENSMUSG00000051451	0.044861	-0.383163	-0.083214	0.078774	0.686874	0.559764
ENSMUSG00000051457	0.377197	-1.172755	-1.582843	-2.284671	-0.699282	-1.179283
ENSMUSG00000051469	-0.170116	-0.551687	-0.651972	-0.605262	-0.024259	0.192311
ENSMUSG00000051480	-1.040410	-0.311309	-1.177873	-2.197351	-1.215529	-0.648471
ENSMUSG00000051495	-0.081957	-0.559023	-0.283538	-0.567209	-0.182368	0.161245
ENSMUSG00000051498	0.060492	-0.345782	-1.141373	2.152798	2.227351	3.484335
ENSMUSG00000051499	-1.463329	-1.093224	-2.144867	-2.462585	-0.551611	-1.188388
ENSMUSG00000051502	1.124435	0.793226	-0.013369	-0.472609	-0.467240	-0.338983
ENSMUSG00000051506	0.265033	-0.032333	-0.210400	-0.591313	0.025273	0.087832
ENSMUSG00000051510	0.099214	0.101909	0.195052	-0.056275	-0.436732	-0.646401
ENSMUSG00000051517	-0.128263	-1.018784	-0.918282	-0.912622	-0.566546	-0.862065
ENSMUSG00000051518	0.044942	0.109284	-0.363985	-1.008328	-1.016250	-0.998098
ENSMUSG00000051550	-0.067123	0.625168	0.412875	0.752305	0.582083	1.001727
ENSMUSG00000051557	-0.409015	-0.486406	-0.928738	-1.277510	-1.853052	-2.003318
ENSMUSG00000051590	1.350145	0.591478	1.318918	1.179644	0.694064	1.013444
ENSMUSG00000051615	0.158954	-0.242876	-0.106362	-0.877963	-0.995139	-1.225064
ENSMUSG00000051627	0.034396	0.495718	0.791943	-0.059109	0.096492	0.054480
ENSMUSG00000051639	-0.295854	0.127964	1.121137	-0.954057	-1.934364	-1.689385
ENSMUSG00000051671	-0.277949	-0.615207	-0.458188	0.033438	-0.117459	-0.692195
ENSMUSG00000051674	0.046410	0.339264	0.441709	0.450279	0.705228	0.820437
ENSMUSG00000051675	0.202684	0.351179	0.189079	0.178528	0.103955	-0.101519
ENSMUSG00000051695	-0.029784	-0.240013	0.082713	-0.247778	-0.010767	-0.599886
ENSMUSG00000051705	-0.014668	0.143965	0.318672	0.476894	-0.065521	0.599544
ENSMUSG00000051716	-0.032264	1.368186	0.940565	0.990632	-0.215199	-0.395563
ENSMUSG00000051721	0.133749	-0.045544	0.172699	-0.087341	-0.250822	-0.559306
ENSMUSG00000051727	0.295145	-0.901075	-1.398319	-0.985575	-0.452861	-1.024242
ENSMUSG00000051730	-0.026481	-0.305727	-0.094283	-0.105775	-0.970191	-1.022621
ENSMUSG00000051735	-0.363478	-1.016659	-1.414927	-1.422706	-1.275732	-1.344500
ENSMUSG00000051736	-0.498571	-0.173963	-0.554372	1.414151	0.762795	0.468936
ENSMUSG00000051768	0.055655	0.322202	0.231675	0.257810	0.239678	0.244437
ENSMUSG00000051786	-0.163411	0.123797	0.078814	0.029765	0.135848	-0.043361
ENSMUSG00000051790	0.365083	0.583492	-0.445590	-0.517048	-0.740019	-0.416576
ENSMUSG00000051832	-0.289557	-0.715268	0.019733	-0.463078	-0.015998	-0.092824
ENSMUSG00000051853	-0.021041	-0.283373	0.197143	0.177396	0.736811	0.558050
ENSMUSG00000051864	0.218583	0.040660	0.104302	0.509491	1.231832	1.106340
ENSMUSG00000051890	0.704053	-0.239172	-0.803173	0.276278	0.338249	0.580408
ENSMUSG00000051950	-0.116820	0.134307	0.146734	-0.799085	-0.473661	-0.538257
ENSMUSG00000051977	-0.537250	-0.373703	-0.041077	0.414481	0.177674	0.235113
ENSMUSG00000051978	-0.025752	-0.800449	-0.257054	-0.109144	-0.311224	-0.360276
ENSMUSG00000051984	-0.075342	0.337331	-0.271805	0.195496	0.598946	0.963274
ENSMUSG00000051989	-0.317859	-0.230099	-0.003628	-0.086235	0.049991	-0.078389
ENSMUSG00000051998	0.444318	1.420168	2.140307	1.178846	0.589866	0.298689
ENSMUSG00000052005	1.152349	0.656547	1.021061	1.465032	2.629952	2.894875
ENSMUSG00000052031	-0.062740	0.443944	-0.156921	0.443310	0.321308	0.393332
ENSMUSG00000052033	-0.136246	-0.054930	-0.204044	-1.497583	-1.249221	-0.648555
ENSMUSG00000052040	0.178546	0.243747	0.543037	0.692058	0.682032	0.790145
ENSMUSG00000052056	0.212007	0.075082	0.351837	0.061663	0.760871	0.728935
ENSMUSG00000052085	0.165735	0.323785	1.289712	1.115538	1.800252	1.922033
ENSMUSG00000052087	-0.325889	0.460333	0.746188	0.382718	-0.215404	-0.091295
ENSMUSG00000052102	-0.037496	-0.055621	0.516586	0.135341	1.053490	0.841033
ENSMUSG00000052125	1.670460	0.716804	1.364981	0.288519	-1.303648	-0.645464
ENSMUSG00000052137	-0.192075	-0.248445	-0.158920	-0.066458	-0.107058	-0.489939
ENSMUSG00000052139	-0.023938	0.084874	-0.508072	-0.085065	-0.743494	-0.694305
ENSMUSG00000052142	-0.001959	0.163578	-0.013954	-0.273456	-0.349308	-0.096974
ENSMUSG00000052144	-0.040220	0.166615	-0.069790	-0.154017	-0.142666	0.000474
ENSMUSG00000052146	-0.119725	-0.024062	-0.243944	-0.326176	-0.319379	0.100271
ENSMUSG00000052154	-1.055405	-0.838659	-1.393644	0.498457	-0.678338	0.965625
ENSMUSG00000052155	1.583989	0.576341	-0.021954	1.436268	0.756252	1.047597
ENSMUSG00000052160	0.326806	1.063354	3.281839	4.548864	4.499119	5.644631
ENSMUSG00000052212	-0.497103	-0.583654	-1.695930	-0.665807	-0.472008	-1.226693
ENSMUSG00000052214	-0.021368	0.220718	0.211237	0.100651	0.076564	-0.152422
ENSMUSG00000052222	0.233211	0.078955	-0.717124	-0.995916	-0.862508	1.564547
ENSMUSG00000052241	0.455279	0.149138	1.224185	-0.526153	0.187879	1.151569
ENSMUSG00000052248	-0.098548	0.011018	-0.040285	0.850675	0.825398	1.314799
ENSMUSG00000052253	-0.352897	-0.206936	-0.055991	0.030511	-0.138514	0.326975
ENSMUSG00000052271	-0.313644	0.739193	0.197365	1.382531	1.252287	0.786851
ENSMUSG00000052291	0.365382	-0.116795	0.052469	1.573506	1.340015	1.113861
ENSMUSG00000052293	-0.078164	-0.149966	-0.070023	-0.026575	0.007351	-0.205918
ENSMUSG00000052296	-0.060232	0.097249	0.328321	0.223600	0.362753	0.245086
ENSMUSG00000052298	0.053604	0.192385	0.410843	0.587328	0.546699	0.336158
ENSMUSG00000052299	0.107449	-0.250825	0.138207	-0.580378	-0.138641	-0.335729
ENSMUSG00000052302	-0.571419	-1.309814	-1.083832	-0.800844	-0.383836	-0.593611
ENSMUSG00000052305	-2.022977	-2.126186	-1.250412	0.332384	0.954399	0.565195
ENSMUSG00000052310	0.175949	0.063044	0.277634	0.007134	-0.107303	-0.249414
ENSMUSG00000052331	0.125942	-0.122941	0.792725	0.431183	1.329334	1.449919
ENSMUSG00000052334	0.759155	0.711522	0.604289	-0.084914	-0.236142	0.265969
ENSMUSG00000052336	1.774287	0.898476	2.247701	1.922195	3.387014	3.920629
ENSMUSG00000052337	-0.088378	-0.080229	-0.078648	-0.247859	-0.876330	-1.047950
ENSMUSG00000052369	0.113743	0.305889	0.088336	0.591918	0.797204	0.429875
ENSMUSG00000052384	-0.297897	-0.693930	-0.833606	-0.847256	-0.844644	-0.941025
ENSMUSG00000052395	0.104312	0.117007	0.053525	0.173057	0.028483	-0.442311
ENSMUSG00000052397	-0.123100	0.050063	0.530542	-0.033993	-0.336274	-0.396416
ENSMUSG00000052403	-0.579042	-1.289055	-0.435816	1.451834	1.449132	0.072551
ENSMUSG00000052406	-0.118654	0.075272	-0.087225	-0.305268	-0.470896	-0.242805
ENSMUSG00000052407	0.300028	0.342513	0.581783	0.871975	0.707654	2.271986
ENSMUSG00000052414	0.616526	0.232632	0.369315	0.776821	1.424965	1.243840
ENSMUSG00000052419	-0.305987	-0.177693	-0.206873	0.188576	0.046341	-0.169909
ENSMUSG00000052423	-0.092250	0.041594	-0.499141	0.258838	0.126937	0.046080
ENSMUSG00000052428	-0.325570	-0.156971	-0.285154	-0.051556	-0.934222	-1.200663
ENSMUSG00000052429	-0.011458	-0.049128	-0.201690	-0.821790	-1.288706	-1.593299
ENSMUSG00000052446	-0.071282	0.218623	-0.145417	-0.512021	-0.547016	-0.091061
ENSMUSG00000052456	-0.083696	-0.039879	-0.344272	-0.133427	0.004921	-0.047301
ENSMUSG00000052459	0.090961	-0.240100	0.560149	0.057466	1.235114	1.205733
ENSMUSG00000052477	-0.215493	-0.182942	-0.195715	1.162799	1.029718	1.800553
ENSMUSG00000052488	-0.154656	-0.113169	-0.066034	-0.058718	-0.140599	-0.380210
ENSMUSG00000052516	-1.827127	-0.813722	-2.775783	-1.029056	-1.681174	-2.547795
ENSMUSG00000052533	-0.026312	-0.187233	-0.300879	-0.398680	-0.440054	-1.023597
ENSMUSG00000052539	-0.391477	0.288130	1.152086	0.357293	0.430155	0.216198
ENSMUSG00000052544	0.099306	-0.429753	-1.096933	-0.853367	-1.115599	-1.918402
ENSMUSG00000052551	-0.199101	-0.792188	-0.665517	0.242658	0.177942	0.511565
ENSMUSG00000052557	0.097673	-0.415024	0.723148	-0.571595	0.332678	-0.070941
ENSMUSG00000052563	0.141855	-0.672034	-0.530974	-0.454925	-1.578281	-1.802791
ENSMUSG00000052565	-0.112168	0.533473	-0.305672	-0.687764	-0.979316	-0.922671
ENSMUSG00000052566	-0.088587	-0.008422	-0.245551	-0.015928	0.186998	0.501189
ENSMUSG00000052572	-0.329107	-0.540979	-1.646247	-0.965767	-0.642579	-0.289566
ENSMUSG00000052593	0.038985	0.223524	0.231753	-0.104826	-0.127409	-0.264948
ENSMUSG00000052605	-0.156058	-0.351574	0.159479	0.388683	0.407989	1.282292
ENSMUSG00000052616	-0.162208	-1.487756	-0.624552	-0.072547	0.521768	0.490553
ENSMUSG00000052656	0.271064	0.601302	0.443042	1.253038	1.924383	1.683533
ENSMUSG00000052658	-1.020162	-1.024580	0.115763	1.495073	1.352851	0.325374
ENSMUSG00000052673	-0.516225	-1.420556	-1.735967	-2.168623	-2.487778	-1.689347
ENSMUSG00000052675	-0.181941	-1.007547	-0.074191	0.087384	-0.402137	-0.654189
ENSMUSG00000052676	0.000803	-1.018865	-1.556413	-0.653826	-0.832878	-0.616877
ENSMUSG00000052681	0.304922	0.123737	-0.064685	-0.162923	-0.130067	-0.209927
ENSMUSG00000052684	0.957690	-0.113261	0.940778	2.258560	1.472724	1.336990
ENSMUSG00000052698	-0.130820	-0.269225	0.374615	0.193163	-0.094962	-0.358538
ENSMUSG00000052707	-0.043041	0.273220	-0.212291	0.172188	0.220030	0.130980
ENSMUSG00000052712	-0.105841	0.027248	-0.263368	0.095557	-0.816849	-0.555409
ENSMUSG00000052713	1.001634	0.018521	1.078230	2.400222	3.518696	3.970134
ENSMUSG00000052724	0.129151	0.799028	0.746677	2.238828	1.606501	2.848542
ENSMUSG00000052726	0.154041	0.413112	1.358111	1.490795	2.276861	1.700191
ENSMUSG00000052738	-0.089467	0.077827	-0.149558	0.084309	-0.353889	-0.472769
ENSMUSG00000052748	0.031796	0.537274	-0.280054	0.113554	-0.424653	-0.188259
ENSMUSG00000052751	-0.173278	-0.152120	0.113389	-0.107169	-0.004778	-0.292317
ENSMUSG00000052752	-0.092849	0.105248	-0.081147	0.019363	-0.175322	-0.190145
ENSMUSG00000052759	-1.180416	-0.116188	0.611376	0.189444	2.901917	1.628011
ENSMUSG00000052760	0.120588	-0.060799	0.033286	-0.017113	0.399358	0.815740
ENSMUSG00000052763	-0.146480	-0.105953	0.118346	0.231541	0.437738	0.960768
ENSMUSG00000052783	0.258048	0.548520	0.473792	0.665442	0.685489	2.315946
ENSMUSG00000052794	-0.125726	0.311971	0.002965	0.768564	0.466356	0.708753
ENSMUSG00000052798	0.256353	-0.317475	0.069267	-0.840635	-0.863705	-1.089396
ENSMUSG00000052812	0.336759	-0.189714	0.728877	0.408042	1.048112	1.153638
ENSMUSG00000052825	-1.094309	-0.471293	0.495814	-0.955898	-1.996230	-1.312731
ENSMUSG00000052833	-0.184690	-0.157713	-0.407740	-0.551876	-0.571257	-0.895041
ENSMUSG00000052837	-0.654711	-1.011464	-0.253521	-0.831033	-0.859003	-0.323910
ENSMUSG00000052889	-4.869790	-5.034142	-4.282518	-3.699509	-4.380544	-4.349810
ENSMUSG00000052906	0.031890	0.225327	0.461811	0.130685	-0.399847	-0.519519
ENSMUSG00000052911	2.191182	1.402811	0.829751	0.481713	0.811541	0.294142
ENSMUSG00000052912	1.612298	0.656272	0.471755	-1.873471	-2.066256	-1.904363
ENSMUSG00000052915	0.209223	0.516142	0.193281	0.076321	0.004884	0.132598
ENSMUSG00000052917	0.394054	0.307543	0.420848	0.785099	1.870838	1.964310
ENSMUSG00000052921	0.270276	0.022395	-0.439425	-0.677651	-0.325497	0.021094
ENSMUSG00000052926	-0.033717	-0.004147	-0.424669	-0.216673	-0.362394	-0.658734
ENSMUSG00000052928	0.762973	-1.185945	-2.215120	-1.976992	-2.059429	-1.357419
ENSMUSG00000052934	-0.141957	0.130278	-0.431145	-0.308185	-0.768861	-0.841687
ENSMUSG00000052949	-0.990778	-0.177096	-0.160197	0.418055	1.338408	1.419788
ENSMUSG00000052962	-0.188374	-0.035083	-0.776359	-0.272760	-1.160734	-1.228906
ENSMUSG00000052979	1.313056	-0.685479	1.255232	-0.666352	0.232298	-0.505142
ENSMUSG00000052997	0.010546	0.019871	0.372176	-0.443454	-0.272435	-0.497225
ENSMUSG00000053012	0.099671	-0.069094	0.054374	-0.130184	0.112716	0.128759
ENSMUSG00000053038	0.392877	0.051325	-0.532418	-0.147161	-0.658049	-0.901265
ENSMUSG00000053062	1.073987	0.278163	-1.641192	-0.404327	-0.707056	-1.706954
ENSMUSG00000053063	1.161157	2.056819	2.515854	4.115107	3.943763	3.340565
ENSMUSG00000053080	-0.311442	0.949603	0.979046	0.183919	0.728754	0.899141
ENSMUSG00000053091	-0.183470	0.303964	0.046845	-0.253225	-1.313654	-1.156648
ENSMUSG00000053094	0.000832	-0.004638	-0.346142	-0.288625	-0.752559	-1.104914
ENSMUSG00000053101	-0.461164	0.370518	1.286864	-0.402284	-1.929118	-2.739502
ENSMUSG00000053113	-1.192715	-0.674485	0.221142	-0.371711	0.842424	0.425333
ENSMUSG00000053119	-0.109100	-0.225375	-0.062524	-0.124621	0.015191	0.059669
ENSMUSG00000053128	0.050257	0.101296	0.180237	0.206956	0.190075	-0.379751
ENSMUSG00000053134	-0.149357	0.045413	-0.006324	0.247444	0.072590	0.191206
ENSMUSG00000053137	0.311341	0.104404	0.074502	-0.488525	-0.922882	-0.936519
ENSMUSG00000053158	0.848255	0.134929	-0.092709	0.497533	1.153598	1.449384
ENSMUSG00000053164	-0.799130	-0.063349	1.154582	-1.250816	0.961779	1.149834
ENSMUSG00000053173	-0.893778	-0.399709	0.301805	-0.318654	-1.283081	-1.804029
ENSMUSG00000053178	-0.615559	-0.713004	0.089865	0.220938	0.224786	0.993379
ENSMUSG00000053181	0.363453	1.119906	0.728203	0.595145	1.014844	1.237792
ENSMUSG00000053192	-0.218139	0.056757	0.043580	0.885625	0.513625	0.424882
ENSMUSG00000053198	0.117380	-1.709335	-2.873821	-3.647912	-2.961343	-2.864538
ENSMUSG00000053205	0.517662	-0.325622	-0.519853	-1.715752	0.772619	-1.382148
ENSMUSG00000053218	-0.056244	0.030280	-0.560417	-1.119233	-0.773682	-0.740464
ENSMUSG00000053219	1.035503	0.175729	-0.022489	1.465223	0.864333	0.933765
ENSMUSG00000053226	0.140462	-0.070796	0.803016	0.469900	0.459426	0.607362
ENSMUSG00000053253	-0.264249	-0.244281	-0.327699	0.139785	0.253517	0.234035
ENSMUSG00000053263	-0.575226	-0.656862	-1.332662	0.069487	1.764672	1.006632
ENSMUSG00000053286	-0.009301	-0.055323	0.046643	0.580040	0.411987	0.336933
ENSMUSG00000053289	-0.079943	-0.409207	-0.564512	-0.914808	-0.965242	-0.884536
ENSMUSG00000053291	-0.312422	0.019381	0.592517	0.773540	0.667632	0.496455
ENSMUSG00000053293	0.082385	-0.081552	0.428683	0.049567	0.450580	-0.247455
ENSMUSG00000053297	-1.194035	-0.623702	-0.961565	-1.126744	-1.193934	-0.604104
ENSMUSG00000053310	3.594090	2.897486	1.524303	1.175270	-0.354615	-0.927967
ENSMUSG00000053317	-0.269675	-0.234981	-0.137950	0.042478	-0.263897	-0.393297
ENSMUSG00000053329	0.131351	0.059593	0.071131	0.192756	0.224176	-0.011830
ENSMUSG00000053332	-0.092644	-0.022903	-0.561135	-0.776705	-1.358284	-1.266508
ENSMUSG00000053333	-0.029723	0.138210	0.082935	0.567518	0.262482	0.191173
ENSMUSG00000053334	-0.109378	0.072163	0.470677	0.680269	1.050644	0.969081
ENSMUSG00000053347	-0.334680	0.094194	0.723644	0.573035	0.879867	0.968160
ENSMUSG00000053358	-0.428005	-1.416534	0.396289	0.212681	-0.407402	-1.227925
ENSMUSG00000053390	0.158857	-0.024664	-0.339863	0.374131	-0.101416	0.772801
ENSMUSG00000053398	0.177737	0.218176	-0.145756	-0.368417	-1.456641	-2.304909
ENSMUSG00000053411	0.152902	0.360981	0.391056	0.133135	-0.292151	-0.309731
ENSMUSG00000053436	0.077509	-0.205519	-0.542634	-0.737136	-0.889029	-0.947703
ENSMUSG00000053442	-0.447896	-1.294180	-1.788468	-0.566937	-1.124557	-1.331157
ENSMUSG00000053453	0.159279	0.246414	-0.186423	0.060245	-0.232846	0.188182
ENSMUSG00000053460	0.051005	0.049927	-0.319497	0.087247	-0.002576	0.295801
ENSMUSG00000053461	-0.560516	0.244671	-1.016982	0.239649	0.667333	-0.870514
ENSMUSG00000053467	-0.612124	0.345108	0.439766	0.924694	1.475021	1.328221
ENSMUSG00000053469	-0.122967	0.235587	-0.294333	-2.325153	-1.203172	-1.941818
ENSMUSG00000053470	0.186152	0.811741	0.032116	0.395733	0.356328	0.292844
ENSMUSG00000053472	0.784016	0.801672	-0.547988	1.092176	0.457973	1.117740
ENSMUSG00000053477	0.556510	0.146949	-0.379349	0.969638	0.812923	0.961854
ENSMUSG00000053483	0.065769	0.311577	0.288340	0.341858	0.303691	0.323030
ENSMUSG00000053510	0.151976	0.309615	-0.099846	0.066777	-0.251881	-0.118738
ENSMUSG00000053536	0.119020	0.462034	0.903026	0.054426	0.571096	0.434747
ENSMUSG00000053541	-0.727814	-0.343872	-0.701838	-0.114918	1.342048	1.698305
ENSMUSG00000053553	0.244982	0.162034	-0.479968	-1.217720	-1.977103	-2.745462
ENSMUSG00000053559	0.520117	-0.231631	-0.163439	1.964246	0.665027	1.401446
ENSMUSG00000053560	-0.874362	-1.343393	-1.350783	-2.077890	-2.639159	-2.594114
ENSMUSG00000053565	-0.275140	-0.104425	-0.251203	0.192420	0.179131	0.053607
ENSMUSG00000053574	-0.807970	-0.926797	-0.260294	-1.187676	0.850251	0.561357
ENSMUSG00000053580	0.115361	0.393311	-1.412337	-0.398476	-2.819911	-1.535967
ENSMUSG00000053581	0.338375	0.411727	0.473604	0.058677	0.470506	0.261036
ENSMUSG00000053588	0.150213	-0.121060	-1.235479	0.554048	1.319537	1.023735
ENSMUSG00000053600	-0.140858	-0.155406	-0.059627	-0.959872	-1.050251	-0.769089
ENSMUSG00000053604	-0.177463	-0.022340	-0.102366	-0.563551	-0.487890	-0.353282
ENSMUSG00000053617	4.494173	3.226296	3.763894	3.839088	3.603412	3.935380
ENSMUSG00000053641	-0.533574	-0.593672	-0.318434	-0.492833	-0.143345	0.143079
ENSMUSG00000053644	0.163942	0.286761	0.448123	-0.090957	-0.243083	0.085137
ENSMUSG00000053646	1.357643	0.239123	-1.088309	-3.144368	-0.363196	-0.151102
ENSMUSG00000053656	-0.270173	-0.232751	-1.252289	-1.061310	-1.966308	-2.275743
ENSMUSG00000053664	0.216145	0.030094	-0.052033	-0.173402	0.188551	-0.211420
ENSMUSG00000053684	-0.365758	-0.196758	-0.027367	-0.389710	-1.136197	-1.604131
ENSMUSG00000053687	0.412224	-0.145497	-0.754141	-0.759439	-0.786401	-0.080968
ENSMUSG00000053716	0.561073	-0.818538	-1.686756	-2.464051	-3.063421	-3.345856
ENSMUSG00000053730	0.089975	0.186768	0.083927	0.104804	-0.160935	-0.426411
ENSMUSG00000053740	-0.142089	0.334699	2.424887	-1.432463	-1.403267	-0.930785
ENSMUSG00000053746	0.092216	-0.277738	-0.912106	-0.801065	-1.283009	-1.370321
ENSMUSG00000053754	-0.146402	-0.055223	-0.494830	0.139282	-0.169382	-0.130630
ENSMUSG00000053768	-0.218355	-0.216582	-0.111969	-0.077735	-0.348607	-0.212473
ENSMUSG00000053769	0.039440	0.674215	0.932096	0.877302	0.786177	1.328017
ENSMUSG00000053774	0.170356	0.034006	0.482470	0.343887	0.760948	0.835281
ENSMUSG00000053799	0.186020	0.301881	0.428446	0.767485	1.014590	1.075557
ENSMUSG00000053801	-0.186329	-0.331175	-0.980707	-1.836227	-2.496928	-2.749009
ENSMUSG00000053819	-0.278569	-0.510735	-0.186129	-0.415308	0.709637	1.325022
ENSMUSG00000053830	-0.170590	-0.035185	0.835405	-0.997548	-0.728294	0.347469
ENSMUSG00000053835	-0.920813	-0.457648	0.155547	2.412946	2.251090	4.456486
ENSMUSG00000053838	0.030517	-0.015319	0.210878	-0.030663	0.163410	-0.103058
ENSMUSG00000053841	0.082226	-0.056888	-0.333915	-0.432489	-0.520808	-0.695435
ENSMUSG00000053870	-0.021766	0.003649	-0.308238	-0.276904	0.142574	-0.406904
ENSMUSG00000053877	0.128426	-0.173232	0.320400	-0.035321	0.576057	0.373760
ENSMUSG00000053886	-0.659341	-0.569246	-1.113975	-1.494422	-1.665707	-1.353614
ENSMUSG00000053897	0.251664	-0.835696	0.581888	-0.143817	-0.026026	-0.663549
ENSMUSG00000053898	-0.361173	-0.265567	-0.486444	-0.444369	-0.500238	-0.082319
ENSMUSG00000053907	-0.117167	-0.745421	-0.676863	-0.963515	-1.106413	-1.422119
ENSMUSG00000053914	-0.062467	-0.743812	-0.734824	-0.631497	-0.623893	-0.165314
ENSMUSG00000053916	-0.353249	-0.025499	-0.318933	-0.336518	-0.211896	-0.273237
ENSMUSG00000053925	-0.148155	-0.198478	0.701733	1.649124	1.840694	1.664251
ENSMUSG00000053929	0.139852	0.286867	0.135638	0.351093	0.524425	0.823732
ENSMUSG00000053931	0.421193	-0.015630	-0.274728	-1.483368	-1.216555	-1.194484
ENSMUSG00000053935	0.271707	0.431157	0.869766	1.372095	1.627185	1.780614
ENSMUSG00000053950	-0.066846	0.154394	0.655875	0.378480	0.920486	0.563615
ENSMUSG00000053964	-0.379078	0.034470	-0.828133	-0.153797	-0.658809	-0.343733
ENSMUSG00000053985	0.458125	0.831771	0.980842	0.426742	1.331214	1.493574
ENSMUSG00000054008	0.217327	-0.110083	0.380686	-0.182678	0.258599	0.118737
ENSMUSG00000054021	0.225714	0.215870	0.308639	-0.317014	0.083762	-0.050515
ENSMUSG00000054027	-0.314459	-0.813634	-0.855075	-0.975086	-1.098830	-1.594128
ENSMUSG00000054044	-0.534357	0.211765	0.905995	0.970943	-0.259642	-1.002559
ENSMUSG00000054051	0.081450	0.098925	0.219181	-0.245594	0.395909	0.336379
ENSMUSG00000054057	0.539446	0.949303	0.010220	0.943987	0.149342	-0.338240
ENSMUSG00000054074	-0.354038	-0.083007	0.127468	1.000341	0.057489	-0.876730
ENSMUSG00000054079	-0.063741	-0.128488	-0.250434	-1.507597	-1.660254	-1.517669
ENSMUSG00000054091	-0.296014	0.008200	0.129842	0.027814	-0.506420	-0.886081
ENSMUSG00000054099	-0.196926	0.259319	0.116128	0.695351	0.197316	-0.087349
ENSMUSG00000054115	0.307434	-0.704464	-0.514600	-0.972082	-0.161746	0.206717
ENSMUSG00000054117	-1.096777	-0.287623	1.290346	0.791760	1.264336	0.914702
ENSMUSG00000054135	0.621578	-0.058649	-1.070661	-0.169310	0.023983	-1.305671
ENSMUSG00000054150	0.358437	-1.058227	-0.862429	-1.552020	-1.318661	-1.318027
ENSMUSG00000054161	-0.884340	-0.392322	0.007501	-0.969270	-2.443570	-2.576450
ENSMUSG00000054178	-0.548262	-1.016175	-0.416430	-1.337646	1.272298	-0.269233
ENSMUSG00000054181	0.261564	0.458568	0.881259	0.621264	0.193069	-0.530461
ENSMUSG00000054191	-0.070632	-0.435757	-1.001172	0.513298	0.397148	0.243012
ENSMUSG00000054199	-0.257355	0.318788	-0.073805	0.067485	-0.347177	-0.345948
ENSMUSG00000054206	-0.033520	0.213183	-0.798641	-0.216529	-1.429863	-1.771455
ENSMUSG00000054226	-0.103001	-0.007795	-0.225575	-0.406634	-0.817694	-0.743051
ENSMUSG00000054237	0.117969	-0.325567	-0.246476	-0.193602	-0.677989	-0.210052
ENSMUSG00000054256	-0.450810	-0.070876	-0.095742	0.776087	0.748501	1.340364
ENSMUSG00000054277	-0.216542	0.300130	0.276597	0.054696	0.726650	0.828492
ENSMUSG00000054280	-0.215985	-0.098080	0.181862	0.350780	0.637685	0.604984
ENSMUSG00000054293	-0.163409	0.247265	-0.375027	2.068255	1.830406	0.752722
ENSMUSG00000054302	-0.105445	0.197288	-0.012062	0.118100	0.153141	0.565340
ENSMUSG00000054304	0.386053	0.603959	-1.278141	0.921488	1.420042	1.203168
ENSMUSG00000054309	0.034393	-0.332928	-0.438602	-0.278783	-0.239030	-0.337860
ENSMUSG00000054312	-0.084746	0.403488	0.104102	-0.136790	-0.422350	0.090295
ENSMUSG00000054320	-0.666131	-2.569342	-1.833298	-2.834539	-0.031956	-0.214721
ENSMUSG00000054321	-0.056042	-0.341094	-0.700160	-1.043177	-0.548826	0.188493
ENSMUSG00000054342	0.057743	-0.872687	-1.267013	-1.430852	-1.893450	-2.280943
ENSMUSG00000054364	0.093694	0.330549	1.118131	1.041506	1.572071	1.616948
ENSMUSG00000054381	0.191796	0.000850	0.094073	0.346494	0.222378	-0.107177
ENSMUSG00000054387	0.102581	-0.039970	0.158841	-0.128384	0.712347	0.181320
ENSMUSG00000054400	-0.296360	0.367559	0.215162	1.788780	1.556072	1.308721
ENSMUSG00000054404	-0.291285	0.097504	0.402890	1.179104	1.548729	2.244613
ENSMUSG00000054405	-0.014679	0.120080	-0.378098	-0.026276	-0.327904	-0.045620
ENSMUSG00000054408	0.021951	-0.014857	0.215863	-0.290180	-0.294891	-0.541932
ENSMUSG00000054414	-0.272821	-1.066813	-1.451305	-0.740839	-0.813309	-0.968230
ENSMUSG00000054426	-0.081735	-0.239330	0.583440	0.992020	1.945879	1.903216
ENSMUSG00000054428	0.279607	0.187073	-0.186947	0.057003	0.071343	0.016915
ENSMUSG00000054434	-0.174810	0.361530	0.086815	-0.224798	-1.225071	-0.653928
ENSMUSG00000054452	0.379897	0.653108	0.734030	1.254631	1.059789	0.808783
ENSMUSG00000054455	0.070360	0.111474	0.192005	-0.148171	-0.273140	-0.203655
ENSMUSG00000054469	0.242140	0.236741	-0.000929	0.250806	0.248327	-0.443328
ENSMUSG00000054484	-0.176103	0.060169	-0.154251	0.904031	0.094630	0.193747
ENSMUSG00000054499	-0.060290	0.278611	0.566930	1.298450	1.448305	0.926401
ENSMUSG00000054509	-0.077871	-0.303466	0.119715	0.685846	1.476530	1.804906
ENSMUSG00000054514	-0.194333	-0.223806	0.185096	-0.006851	0.397191	1.048674
ENSMUSG00000054517	0.137625	-0.547693	-0.348741	-1.051542	-0.687718	-1.291499
ENSMUSG00000054519	0.057697	0.486566	0.546139	0.321568	0.908352	1.590192
ENSMUSG00000054520	0.605914	-0.442866	-0.546337	-0.555969	-0.567434	-0.318370
ENSMUSG00000054545	2.102964	0.464926	-2.365570	0.687344	0.160976	0.114163
ENSMUSG00000054568	-0.736195	-1.094752	-0.977715	1.475712	-0.206184	0.082409
ENSMUSG00000054582	-0.910813	-0.398349	-0.099148	-0.067075	0.668351	-0.106473
ENSMUSG00000054604	0.222340	0.017284	0.323891	0.237502	0.570667	0.632434
ENSMUSG00000054611	-0.018657	0.005510	0.087713	0.174842	-0.067847	0.011244
ENSMUSG00000054612	0.473960	0.302838	0.269913	0.146132	-0.396671	-0.341005
ENSMUSG00000054619	-0.235120	0.169150	0.455797	1.188729	1.530673	1.685667
ENSMUSG00000054648	0.020290	0.097580	0.717207	-0.557536	-0.041692	0.040285
ENSMUSG00000054675	-0.152728	-1.661476	-1.787401	-2.852226	-3.536231	-3.986238
ENSMUSG00000054676	0.004005	0.038505	0.641488	0.071553	0.225550	0.783520
ENSMUSG00000054693	0.154973	-0.113944	0.017844	-0.043937	0.454409	0.299346
ENSMUSG00000054702	0.087335	0.213481	0.792628	0.919086	0.223905	-0.039486
ENSMUSG00000054708	-0.373778	0.041573	-0.945313	-0.776710	-1.236546	-0.892314
ENSMUSG00000054715	-0.179426	-0.427305	-0.546189	-0.444953	-0.387044	-0.829641
ENSMUSG00000054716	0.165706	0.041466	-0.551090	-0.497436	-0.487281	-0.546522
ENSMUSG00000054717	0.021919	0.216978	0.909096	-0.026871	0.136303	0.703171
ENSMUSG00000054720	0.612032	0.355974	0.093966	-0.067234	0.351314	0.474683
ENSMUSG00000054723	0.207293	0.066876	0.541203	1.158122	1.633179	1.973449
ENSMUSG00000054728	-0.260499	0.825388	2.952719	5.139034	5.448535	7.006709
ENSMUSG00000054733	-0.059109	-0.132683	-0.577216	-0.938869	-1.069998	-1.360260
ENSMUSG00000054766	0.092073	-0.081909	-0.377685	-1.275213	-1.672348	-1.810662
ENSMUSG00000054770	-0.159862	0.110671	-0.272057	-0.159203	-0.366003	0.093400
ENSMUSG00000054792	-0.016882	-0.069152	-0.316253	0.110369	-0.008460	0.077037
ENSMUSG00000054808	-0.055377	-0.034649	0.179341	0.060531	-0.088667	-0.408609
ENSMUSG00000054814	0.264276	0.174384	0.308078	-0.323770	-0.543602	-0.934119
ENSMUSG00000054823	-0.134149	-0.005610	0.183277	0.172544	0.189355	0.429392
ENSMUSG00000054836	-0.211184	0.104502	0.517604	0.211686	-0.296445	-0.410362
ENSMUSG00000054843	-0.560463	-0.644254	0.878959	-0.184410	0.238812	0.034527
ENSMUSG00000054874	0.016261	-0.048032	0.359924	0.447507	0.577551	0.484793
ENSMUSG00000054893	-0.051549	0.095728	0.564986	0.868028	1.103482	1.211715
ENSMUSG00000054894	0.262207	0.410286	-0.571843	0.105522	-0.026606	0.596964
ENSMUSG00000054910	-1.055501	0.119525	1.788622	1.816440	1.956622	0.861442
ENSMUSG00000054920	0.096948	0.300365	0.309897	0.214321	0.301563	0.307528
ENSMUSG00000054932	-5.236032	-5.020645	-3.861909	-3.178542	-3.977880	-4.650409
ENSMUSG00000054934	0.336417	0.665199	-0.048754	0.885554	0.380381	0.468620
ENSMUSG00000054939	0.489613	-0.306248	0.249597	0.099454	1.650423	1.994362
ENSMUSG00000054942	-0.043127	0.023107	0.135638	-0.473231	0.035978	-0.314175
ENSMUSG00000054945	-0.427418	-0.243706	-0.761365	0.497767	1.400831	-0.827893
ENSMUSG00000054967	-0.097419	-0.274495	-0.106291	-0.408693	0.392199	-0.092673
ENSMUSG00000054999	-0.273690	0.637258	0.208563	0.249716	-0.137920	-0.343940
ENSMUSG00000055003	0.813079	-0.441898	0.295810	0.574888	1.954757	0.808532
ENSMUSG00000055024	0.103495	0.245230	0.602724	1.014239	1.206600	1.011412
ENSMUSG00000055041	0.069226	-0.471092	0.068636	0.195690	0.371839	0.744225
ENSMUSG00000055044	-0.706811	-0.531652	-0.787770	-0.335670	-0.948170	-1.036063
ENSMUSG00000055053	0.345311	0.639226	0.350814	0.024890	0.098539	-0.001872
ENSMUSG00000055065	0.114533	-0.104814	0.454526	0.623799	1.432409	1.705431
ENSMUSG00000055067	-0.159906	0.039756	-0.306670	-0.317657	-0.402961	-0.402046
ENSMUSG00000055069	-1.118113	-0.242114	0.266896	1.540647	2.998633	2.832839
ENSMUSG00000055072	-0.441659	-1.671748	-2.192644	-0.057307	0.159327	-0.612035
ENSMUSG00000055093	0.419903	0.987037	1.391110	-1.404041	-1.952502	0.223291
ENSMUSG00000055116	-0.582134	-0.033856	0.275383	0.577380	1.391769	1.179847
ENSMUSG00000055128	-0.138667	0.070262	-0.388972	0.416244	-0.164531	0.058675
ENSMUSG00000055137	-0.070046	-1.288933	-1.902641	2.253426	1.736750	1.852759
ENSMUSG00000055148	-0.261705	-1.005606	1.017886	1.447282	1.910841	0.233279
ENSMUSG00000055150	0.654035	1.543262	1.827196	0.135312	0.638421	2.913743
ENSMUSG00000055172	-0.099356	-0.830414	-2.202617	-2.516510	-4.160766	-4.410761
ENSMUSG00000055184	-0.295065	0.167136	0.792268	0.099477	-0.740022	-1.488738
ENSMUSG00000055188	-0.129776	-0.013990	-0.920456	0.172739	0.559763	-0.340474
ENSMUSG00000055200	-0.006397	0.255273	-0.124477	1.608278	2.173270	2.188439
ENSMUSG00000055204	0.010334	0.095785	-0.314214	-0.223541	-0.519338	-0.512716
ENSMUSG00000055210	-0.186501	-0.074979	0.220904	-0.482356	0.002622	-0.706859
ENSMUSG00000055216	0.285014	-0.786374	0.455589	0.696442	-1.461032	-2.398229
ENSMUSG00000055228	0.151847	0.668969	0.682196	0.682836	1.996045	0.878087
ENSMUSG00000055239	-0.090766	0.180716	-0.128399	0.162169	0.069013	0.033704
ENSMUSG00000055240	0.030199	-0.523268	-0.383880	-0.571075	-0.313862	-0.250342
ENSMUSG00000055271	-0.299151	-1.020746	-0.788365	-0.126572	0.539287	-0.371214
ENSMUSG00000055296	0.198200	-0.118515	-0.712534	-0.659638	-1.349291	-0.964828
ENSMUSG00000055302	0.313583	0.237166	0.449852	0.041099	0.298535	0.244695
ENSMUSG00000055319	-0.041784	-0.416105	-0.140758	-0.140494	0.375254	-0.041541
ENSMUSG00000055334	0.123564	0.070631	0.097931	-0.215042	-0.780755	-1.022341
ENSMUSG00000055341	-0.054857	-0.511976	-0.230197	-0.429158	-1.097991	-0.835287
ENSMUSG00000055360	-0.301605	1.237500	-0.869504	1.946116	0.202356	1.115775
ENSMUSG00000055371	-0.046300	0.048429	-0.027228	-0.101932	0.210052	0.191846
ENSMUSG00000055396	0.514929	0.367234	0.242099	-0.443013	1.033067	-0.116062
ENSMUSG00000055401	0.305239	0.291804	0.028894	-0.156003	0.103309	0.585519
ENSMUSG00000055413	-0.421578	-0.010375	0.094494	0.102986	0.331460	0.631593
ENSMUSG00000055436	-0.138743	0.135854	-0.675890	-0.085116	-0.326955	0.070986
ENSMUSG00000055447	-0.624771	-0.777727	-0.916472	0.019954	0.485088	0.581730
ENSMUSG00000055452	-0.309533	0.149544	0.817718	-0.071077	-1.223425	0.315032
ENSMUSG00000055480	-0.403202	-0.074691	-0.348274	-0.806277	0.577173	1.133678
ENSMUSG00000055485	0.716100	-2.604245	-1.119983	-0.657048	0.309851	1.275805
ENSMUSG00000055491	-0.408230	-0.820390	-1.262068	-1.866650	-2.951272	-3.460670
ENSMUSG00000055494	-1.446688	-2.662697	-0.773040	0.780115	-0.229076	-0.701398
ENSMUSG00000055497	-0.266823	-0.837264	0.858078	0.971421	1.560094	1.162838
ENSMUSG00000055531	-0.134803	0.406712	0.467350	0.485292	0.590778	0.345538
ENSMUSG00000055538	0.980291	0.720634	0.709759	-0.351527	0.621640	1.086338
ENSMUSG00000055547	-0.429805	-0.805975	-0.683605	1.253538	1.668455	0.862992
ENSMUSG00000055553	0.099591	0.319155	0.113523	0.526615	0.613485	0.749347
ENSMUSG00000055560	0.361249	0.119047	-0.402727	0.631795	-0.581627	0.689715
ENSMUSG00000055612	0.022956	-0.032605	-0.225737	-0.538439	-1.021521	-1.591415
ENSMUSG00000055632	1.749105	0.950498	-0.395239	0.475070	-0.112781	-0.351768
ENSMUSG00000055633	0.325326	0.130023	0.286494	1.237558	1.075179	0.731057
ENSMUSG00000055652	0.354554	0.286001	0.759457	0.965917	1.343419	1.324169
ENSMUSG00000055657	0.133058	-1.438235	-1.733803	-0.536625	-0.542000	-0.590746
ENSMUSG00000055660	-0.061980	0.204542	0.230413	0.471328	0.570079	0.230217
ENSMUSG00000055670	-0.012343	-0.330459	-0.153966	0.057987	0.141604	0.297346
ENSMUSG00000055676	0.398044	-0.283413	0.157814	2.180058	1.045193	2.366138
ENSMUSG00000055681	-0.049567	0.216678	0.085305	0.250410	0.078916	-0.076162
ENSMUSG00000055692	-0.296384	0.087753	-0.296637	0.320739	0.067711	0.672502
ENSMUSG00000055707	-0.090464	0.079829	-0.033968	0.387826	0.447138	0.339524
ENSMUSG00000055717	0.541461	1.247721	1.518730	1.847259	2.021156	2.288309
ENSMUSG00000055720	0.067388	0.158898	-0.002717	0.830013	0.655796	0.438384
ENSMUSG00000055723	-0.739081	-1.168798	-0.968281	-1.214194	-1.212004	-1.201285
ENSMUSG00000055725	0.560435	0.691317	0.646002	0.264911	0.472182	-0.056146
ENSMUSG00000055745	-0.680685	-0.241582	0.985002	0.628257	1.211481	0.601214
ENSMUSG00000055760	0.028015	0.059038	-1.002001	-0.588447	-1.088650	-1.058974
ENSMUSG00000055762	0.076189	0.251920	-0.104422	-0.411580	-0.834878	-0.750643
ENSMUSG00000055799	-1.073773	1.040680	0.002542	0.890510	0.985987	0.677970
ENSMUSG00000055805	0.232238	0.824216	1.500536	1.205112	1.145894	1.312474
ENSMUSG00000055817	0.188628	0.586382	0.555724	0.932177	0.499990	0.678889
ENSMUSG00000055831	-0.015287	-1.236078	0.223489	-0.318279	-0.600491	-0.014594
ENSMUSG00000055835	0.144481	-0.018900	-0.419159	-0.086266	-0.735260	-0.453983
ENSMUSG00000055839	-0.158142	0.028709	-0.057762	0.358877	0.145061	-0.223880
ENSMUSG00000055850	0.100261	0.047407	-0.006004	0.146617	0.091512	0.004363
ENSMUSG00000055862	-0.214833	-0.449604	-0.208456	0.722549	1.854171	1.620236
ENSMUSG00000055866	-0.296638	0.130345	0.237299	-0.522440	-0.762992	-1.081354
ENSMUSG00000055884	-0.040722	-0.412539	-0.657100	-0.732802	-0.598147	-0.751374
ENSMUSG00000055897	-0.120499	0.072746	0.096299	0.387027	0.657983	1.268446
ENSMUSG00000055900	-0.170278	-1.110563	-1.098696	-0.769910	-1.711725	-2.253209
ENSMUSG00000055912	-0.644936	0.000405	-0.422989	-0.420869	0.439630	-0.091441
ENSMUSG00000055917	-0.089041	-0.027063	-0.175762	0.191439	-0.130950	0.736741
ENSMUSG00000055923	-0.096296	-0.317885	-0.447589	-0.314943	-0.439069	-0.292077
ENSMUSG00000055932	0.090992	0.050299	0.635680	-0.033432	-0.114787	-0.128253
ENSMUSG00000055943	-0.018167	0.262495	-0.491217	-0.235726	-0.848005	-0.761129
ENSMUSG00000055945	0.114920	0.318809	0.376613	1.600856	0.839562	0.854186
ENSMUSG00000055980	-0.395395	-3.746786	-3.506878	-4.531316	-2.821414	-2.313968
ENSMUSG00000055991	0.064676	-0.509556	-0.752744	-0.730764	-0.046292	0.073339
ENSMUSG00000055994	-0.331363	-0.356107	-0.641376	0.643006	0.479272	-0.380298
ENSMUSG00000056004	0.347477	0.329982	0.653232	-0.820160	-0.677864	-1.176430
ENSMUSG00000056014	0.589673	0.232564	0.340710	0.213049	0.664808	2.105712
ENSMUSG00000056043	0.177961	0.240541	1.191430	-1.253633	-0.157787	0.299229
ENSMUSG00000056050	0.107836	0.341445	0.364969	0.403205	0.439489	0.640371
ENSMUSG00000056055	-0.672108	0.197303	-1.116911	-1.046369	-2.002711	-2.395116
ENSMUSG00000056076	0.184695	0.212952	-0.073226	-0.430712	-0.806818	-0.950862
ENSMUSG00000056091	1.012079	-0.205221	-1.206843	-1.323694	-1.870397	-2.186310
ENSMUSG00000056106	-0.732778	-0.059768	-1.233761	-1.061315	-1.844648	-0.993379
ENSMUSG00000056116	-0.160851	0.232365	0.393884	1.080936	1.395693	1.891727
ENSMUSG00000056121	0.189096	0.394240	0.460425	0.086705	-0.262271	0.166054
ENSMUSG00000056130	0.438122	-0.007627	-0.582968	-0.633687	-0.722643	-1.527385
ENSMUSG00000056131	-0.169774	0.041008	0.524094	0.441131	0.140415	-0.157198
ENSMUSG00000056144	-0.296974	-0.417851	0.572846	-0.411389	0.665570	0.803451
ENSMUSG00000056145	0.302070	0.930063	1.104948	0.146757	0.614531	0.792916
ENSMUSG00000056153	-0.206861	-0.204786	0.143082	-0.144410	-0.058275	-0.242475
ENSMUSG00000056155	-0.211523	-0.051854	0.192267	0.787426	0.459296	0.959049
ENSMUSG00000056167	-0.015507	0.157977	-0.159025	-0.317841	-0.598206	-0.254431
ENSMUSG00000056185	0.286863	0.489035	0.623108	2.662521	3.130101	3.616065
ENSMUSG00000056201	-0.006559	-0.014550	0.208738	0.182240	0.375573	-0.265265
ENSMUSG00000056204	-0.057421	0.036314	0.197609	0.348423	0.601627	0.728065
ENSMUSG00000056209	-0.145957	-0.072615	0.267808	-0.451456	-0.641395	-1.094126
ENSMUSG00000056211	-0.148465	-0.064782	-0.172136	0.609677	0.209255	-0.357121
ENSMUSG00000056216	0.298722	0.333580	0.337157	0.027065	0.144787	0.056289
ENSMUSG00000056220	0.748083	0.257616	0.550583	-0.030062	0.101776	-0.568455
ENSMUSG00000056228	-0.135749	-0.498010	-1.061881	-0.569628	-0.657739	-0.596689
ENSMUSG00000056234	-0.069344	-0.104761	0.533905	-0.008677	0.845351	0.945941
ENSMUSG00000056260	-0.291038	-0.328940	0.110760	0.407056	0.399293	0.256580
ENSMUSG00000056267	0.143230	0.334859	0.343829	0.533105	0.525456	1.302680
ENSMUSG00000056268	0.014750	-0.101445	0.244943	0.232607	0.892359	0.710717
ENSMUSG00000056271	-0.826703	-0.969239	0.729812	1.653341	-0.359452	-0.180102
ENSMUSG00000056300	-0.805730	-0.600174	-1.107844	-0.485711	-0.657308	-0.429157
ENSMUSG00000056305	-0.075794	-0.120598	-0.372661	-0.527672	-0.635504	-0.723203
ENSMUSG00000056310	-0.196135	0.015643	0.145922	0.074983	0.162381	0.217561
ENSMUSG00000056342	0.118704	0.166693	-0.057132	-0.165914	-0.551330	-0.426286
ENSMUSG00000056367	-1.158774	-1.301259	-1.173619	-1.031855	-1.846835	-1.937246
ENSMUSG00000056383	0.022450	0.963114	0.218893	-0.116664	0.835813	1.680038
ENSMUSG00000056394	-0.083627	0.006955	0.256785	0.104595	-0.179995	-0.635904
ENSMUSG00000056411	-1.768200	-1.905733	-1.531661	-1.000945	-0.694604	-0.418148
ENSMUSG00000056412	-0.616410	0.125441	1.661063	-0.168316	0.106925	-0.279073
ENSMUSG00000056413	0.049459	0.434411	0.813774	0.134263	-0.259993	-0.314370
ENSMUSG00000056418	-0.708539	-1.577580	1.397810	2.697954	3.238983	4.007558
ENSMUSG00000056429	-0.012945	-0.354445	0.069769	0.277408	0.965174	0.781052
ENSMUSG00000056458	0.460824	-0.238920	0.066417	1.172192	1.832742	3.320844
ENSMUSG00000056459	-0.260325	-0.180513	-0.383685	-0.588186	-1.078259	-1.047371
ENSMUSG00000056476	-0.056700	0.104663	0.191698	0.779280	0.277260	-0.428547
ENSMUSG00000056481	-1.534056	-1.567516	-2.304744	-2.871032	-2.905507	-3.200799
ENSMUSG00000056493	0.176121	-0.282658	0.368590	-0.123841	0.312009	0.067158
ENSMUSG00000056515	0.144182	-0.052078	-0.616792	-0.114374	0.843851	1.131999
ENSMUSG00000056531	-0.277904	0.223237	0.320041	-0.018375	0.144866	0.032192
ENSMUSG00000056536	0.145707	-0.135380	-0.140549	0.081694	0.479628	0.233679
ENSMUSG00000056537	0.113968	-0.227017	0.021153	-0.387119	-0.402402	-0.127974
ENSMUSG00000056579	0.153460	0.299634	0.003654	-0.106507	-0.061044	0.088440
ENSMUSG00000056592	0.250571	-0.535387	0.213954	1.906615	3.045055	1.212719
ENSMUSG00000056598	-0.744614	-0.624296	-0.880259	-1.282862	-0.895252	-0.226229
ENSMUSG00000056602	-0.031866	0.019347	-0.155471	-0.211254	0.437475	1.142609
ENSMUSG00000056608	0.159326	0.184004	0.721819	0.468631	1.473629	1.608792
ENSMUSG00000056612	-0.088924	0.061225	-0.057384	-0.048957	-0.585172	-0.912716
ENSMUSG00000056629	0.118537	0.318010	0.152602	-0.408517	-0.804190	-0.779715
ENSMUSG00000056648	3.560418	3.065732	0.690156	-0.423480	-0.163059	-0.963705
ENSMUSG00000056656	-1.099217	-1.094488	0.083321	-0.285321	-1.066150	-1.057614
ENSMUSG00000056665	-0.142108	-0.348016	-1.144394	-1.655296	-2.518959	-2.832122
ENSMUSG00000056666	0.126851	-0.034553	-1.125718	-1.633488	-1.887242	-2.422520
ENSMUSG00000056671	0.175671	0.525973	0.514351	0.252624	-0.228405	-0.375354
ENSMUSG00000056687	-0.140379	0.286386	0.388952	0.399040	-0.577697	-0.604630
ENSMUSG00000056692	0.031393	-0.117582	0.035798	-0.071710	0.012437	-0.223095
ENSMUSG00000056698	0.226133	0.542050	0.233383	1.058831	0.912138	0.862121
ENSMUSG00000056699	-0.492254	-0.747159	0.584069	1.829077	1.740698	1.273067
ENSMUSG00000056708	0.703413	-0.091918	0.961463	0.583709	0.439686	0.401242
ENSMUSG00000056718	-0.378548	0.915681	-1.362719	1.065579	0.869479	0.274715
ENSMUSG00000056724	-0.162935	0.043981	-0.204052	-0.508936	-1.091614	-1.316375
ENSMUSG00000056735	-0.207164	0.453964	0.749844	2.083625	2.075982	2.165398
ENSMUSG00000056737	-0.237911	-0.020768	-0.240468	1.179767	1.080875	1.752603
ENSMUSG00000056749	-0.025879	0.876479	0.832612	1.205403	0.118956	0.493162
ENSMUSG00000056753	-0.144145	0.037099	0.368828	0.703277	0.448144	0.823739
ENSMUSG00000056763	0.042954	0.652620	0.189869	0.084442	0.039024	0.311245
ENSMUSG00000056770	-0.080379	0.182026	0.130923	-0.337303	-0.275948	-0.037021
ENSMUSG00000056820	0.100330	-0.017332	-0.001829	-0.452012	-0.475530	-0.608622
ENSMUSG00000056832	0.009015	-0.254558	-0.306407	-1.131710	-1.187940	-2.409717
ENSMUSG00000056836	-0.439007	0.589551	2.138301	-1.273966	-1.988932	-0.598970
ENSMUSG00000056851	0.088714	0.374797	-0.000684	0.509977	0.290589	0.084839
ENSMUSG00000056888	1.221248	2.552133	1.819288	3.543482	1.821250	2.053633
ENSMUSG00000056899	-0.364730	0.055751	-0.351592	-0.453012	-0.901460	-1.074370
ENSMUSG00000056904	-1.152403	-0.702453	-0.291045	-0.393640	-1.136512	-1.734904
ENSMUSG00000056917	-0.117059	-0.251849	0.285727	-0.397889	-0.589964	-0.666290
ENSMUSG00000056919	0.153154	0.029566	0.150470	-0.007081	-0.024938	0.384456
ENSMUSG00000056938	-0.093933	0.117819	-0.038204	0.150717	0.197934	0.715403
ENSMUSG00000056941	0.021033	-0.102178	-0.084786	0.091737	0.065404	0.190809
ENSMUSG00000056952	0.163713	0.250189	-0.178842	-0.504768	-0.568093	-0.413945
ENSMUSG00000056962	0.204138	0.314248	0.156245	-0.687306	-1.497395	-1.808732
ENSMUSG00000056966	0.292483	-0.816113	-0.027551	0.685324	-0.201842	-0.094819
ENSMUSG00000056999	0.024927	-0.109421	-0.097461	-0.449262	-0.698777	-1.432559
ENSMUSG00000057036	0.038635	1.253726	2.362344	-0.177878	-0.086683	0.582945
ENSMUSG00000057054	0.619369	0.107150	0.403881	1.063403	0.898809	1.868213
ENSMUSG00000057069	-0.169874	0.402560	0.419977	1.171858	1.271295	2.203878
ENSMUSG00000057093	0.318991	-0.400743	-0.506552	0.293488	-0.506917	0.063200
ENSMUSG00000057098	-0.327870	0.510376	0.394525	0.206500	0.551925	1.009339
ENSMUSG00000057101	-0.062367	0.054707	0.602792	0.022969	0.109508	0.268341
ENSMUSG00000057103	0.066340	0.103662	-0.332181	0.348451	1.434036	1.246601
ENSMUSG00000057110	-0.232417	-0.001618	-0.052922	0.214552	-0.015506	0.424416
ENSMUSG00000057113	-0.271785	0.068815	0.156543	-0.711302	-1.175673	-1.040669
ENSMUSG00000057130	0.073423	0.400889	-0.501672	-0.280516	-1.437886	-1.599848
ENSMUSG00000057132	-0.306304	-0.174281	0.012053	0.628133	0.386213	0.914843
ENSMUSG00000057133	0.079779	0.383320	0.253446	0.597454	0.737053	0.857768
ENSMUSG00000057134	-0.046438	-0.053614	-0.244038	-0.326232	-0.148122	-0.330169
ENSMUSG00000057137	0.018128	-1.190372	0.184568	2.141229	3.173275	3.506147
ENSMUSG00000057143	-0.176143	0.072778	0.025944	1.055891	1.306068	1.718225
ENSMUSG00000057147	-0.091690	-0.072471	-0.399224	-0.439545	-1.340905	-1.942583
ENSMUSG00000057156	0.077276	0.041806	0.600281	0.301566	0.732378	0.661938
ENSMUSG00000057173	-0.204710	-0.386677	-0.462551	-0.723589	-1.605217	-1.023670
ENSMUSG00000057176	-0.008433	0.712597	1.581010	1.738981	2.109125	3.637745
ENSMUSG00000057177	0.017570	0.080684	0.087912	0.364823	0.321823	0.129922
ENSMUSG00000057181	0.084546	-0.095316	0.058936	-0.417468	-0.159792	-0.101547
ENSMUSG00000057191	-0.447595	-0.621258	-0.599533	0.040514	0.183390	0.217081
ENSMUSG00000057193	0.315854	0.303383	0.212595	0.760392	1.073800	1.175256
ENSMUSG00000057219	-0.724927	-1.162897	-0.957163	-1.264594	-1.230035	-1.165906
ENSMUSG00000057229	0.048528	0.323897	0.331362	1.574382	1.101321	1.129264
ENSMUSG00000057230	0.114316	-0.529287	0.032943	0.243695	0.625899	0.966053
ENSMUSG00000057234	-0.032443	0.112293	-0.213713	0.713792	0.533807	0.427315
ENSMUSG00000057236	0.078593	-0.001243	0.171332	-0.007819	0.068420	0.065762
ENSMUSG00000057265	0.205062	0.347999	0.284422	0.439243	-1.079779	-0.908553
ENSMUSG00000057278	0.137243	-0.221218	-0.722057	0.070555	-0.390463	-0.263092
ENSMUSG00000057322	-0.082050	0.106035	0.081342	-0.434874	-0.548893	0.001368
ENSMUSG00000057329	0.348819	-0.026178	0.134057	-0.582501	-1.703458	-2.196937
ENSMUSG00000057335	0.075197	-0.302177	0.263697	0.283681	1.370522	1.070107
ENSMUSG00000057337	-0.046780	-0.464001	0.278624	0.817855	1.636796	1.918248
ENSMUSG00000057342	-0.093043	-0.088411	0.030517	0.120500	0.283286	0.164613
ENSMUSG00000057363	0.041186	-0.003843	0.315403	-0.490741	-0.654612	-1.039155
ENSMUSG00000057367	0.179640	0.151805	0.011049	0.437881	0.961067	1.172212
ENSMUSG00000057375	-0.376751	0.004833	-0.057534	0.530978	0.327897	0.088315
ENSMUSG00000057388	-0.117934	0.238525	0.249941	-0.322950	-0.840916	-0.993389
ENSMUSG00000057396	-0.073600	-0.188609	-0.700921	-0.570360	0.300685	0.718276
ENSMUSG00000057406	0.201291	0.055945	0.096082	-0.303905	-0.414599	-0.666065
ENSMUSG00000057409	-0.517740	-0.613860	-0.381065	-0.111651	-0.163443	-0.435019
ENSMUSG00000057411	0.180177	0.155321	0.215282	0.625955	0.732470	0.848367
ENSMUSG00000057421	-0.375321	-0.260977	-0.551844	-0.962568	-1.229179	-1.658199
ENSMUSG00000057440	-0.032857	0.136076	0.122034	-0.920809	-0.937045	-0.760462
ENSMUSG00000057457	-0.330664	-0.436953	-0.423527	-1.066567	0.303162	-0.755751
ENSMUSG00000057497	-0.014578	-0.097495	-0.386173	-1.106891	-1.369364	-1.444902
ENSMUSG00000057506	0.066171	-0.075850	-0.575831	-0.111478	-0.264846	0.055941
ENSMUSG00000057522	-0.230971	0.062406	0.051473	0.313001	0.293280	0.379869
ENSMUSG00000057530	0.286420	0.597131	0.804852	0.896550	1.357715	1.498425
ENSMUSG00000057531	-0.716172	-0.351722	-0.349784	-0.094287	-0.237570	0.041013
ENSMUSG00000057541	0.057921	-0.093061	-0.881464	-1.585767	-2.333770	-2.566202
ENSMUSG00000057551	-0.086268	0.301473	0.689738	0.387312	1.060967	0.904175
ENSMUSG00000057554	-0.047320	0.023911	0.101527	0.466151	1.037859	1.561075
ENSMUSG00000057561	-0.279646	-0.186571	-0.604932	-1.021484	-1.741846	-1.921885
ENSMUSG00000057572	0.113132	0.335788	0.023397	0.290266	0.003306	0.110750
ENSMUSG00000057577	0.507914	0.555626	-1.595033	-0.301482	0.975330	0.911950
ENSMUSG00000057594	0.097070	0.205875	0.179967	-0.498894	-0.023889	0.177645
ENSMUSG00000057596	-0.706683	-1.269054	0.425809	0.777115	0.692646	1.009476
ENSMUSG00000057604	-0.081343	1.040303	2.303807	3.048615	3.582075	3.488598
ENSMUSG00000057605	0.201912	-0.218172	-0.724340	1.430596	-0.534803	-1.041856
ENSMUSG00000057606	2.281045	1.056209	0.655025	0.775104	1.460573	1.449335
ENSMUSG00000057637	0.020241	0.135019	0.240857	0.583839	1.186113	1.316616
ENSMUSG00000057649	-0.001308	0.235535	0.296748	0.301680	0.542884	0.822390
ENSMUSG00000057666	0.162284	0.514379	0.411336	0.230427	-0.250823	-1.367629
ENSMUSG00000057667	-0.016177	-0.091046	0.007804	0.894395	1.432175	1.651481
ENSMUSG00000057672	0.091792	0.330231	0.682021	0.663852	0.787045	0.910618
ENSMUSG00000057691	0.122249	0.182754	0.252833	0.332781	0.290505	0.560396
ENSMUSG00000057706	-0.024250	0.829918	1.141988	1.463976	2.339600	1.577544
ENSMUSG00000057722	0.381107	-0.690436	-0.944231	-0.665223	-2.503729	-1.338728
ENSMUSG00000057729	1.375815	1.023750	-0.713817	-1.917614	-3.644348	-4.044069
ENSMUSG00000057738	0.290188	0.219795	0.470075	0.258965	0.716350	1.028923
ENSMUSG00000057778	0.021110	0.195872	-0.301942	1.051994	0.486203	0.472930
ENSMUSG00000057788	-0.053349	-0.016794	-0.280762	-0.165935	-0.524940	-0.360432
ENSMUSG00000057789	0.053873	-0.131104	-0.078452	0.274065	-0.087341	-0.242918
ENSMUSG00000057835	-0.160469	-0.028272	-1.265917	0.935892	0.443029	0.523054
ENSMUSG00000057841	-0.015089	-0.022473	0.337156	-0.067984	-0.087874	0.178312
ENSMUSG00000057842	-0.087262	-0.301303	-1.137000	-0.089299	-0.923674	-0.549544
ENSMUSG00000057858	-0.125037	-0.151545	0.344877	0.001444	0.081892	0.257402
ENSMUSG00000057863	0.313926	-0.157125	0.246380	-0.223084	-0.304977	0.073542
ENSMUSG00000057886	-0.231847	-0.465855	-0.477798	-0.843803	-1.119724	-2.173725
ENSMUSG00000057894	-0.057131	-0.131505	-0.235006	-0.054417	-0.018155	0.594342
ENSMUSG00000057897	-1.809021	-1.755121	-1.185479	-1.873685	-0.269116	0.193079
ENSMUSG00000057914	-0.776975	-0.790318	-1.144531	-0.549500	-0.854168	-0.859957
ENSMUSG00000057948	0.295954	0.144334	-0.509566	-0.800775	-1.916443	-2.144967
ENSMUSG00000057963	-0.194554	-0.940999	-1.070293	-1.278519	-1.806438	-2.127507
ENSMUSG00000057982	-0.270465	0.249368	0.546215	0.262027	0.084623	0.834622
ENSMUSG00000058006	-0.317143	-0.631397	-1.363507	-1.737960	-2.624727	-3.048906
ENSMUSG00000058013	0.090480	-0.216818	0.356196	-0.021934	0.041912	-0.697075
ENSMUSG00000058046	0.386483	0.994910	-0.317045	1.564313	-0.242050	-0.742654
ENSMUSG00000058057	-0.151385	-0.735896	-1.340072	-1.190641	-1.937092	-0.698176
ENSMUSG00000058064	-0.387931	0.822817	-1.055734	-0.642061	-0.760478	-0.268410
ENSMUSG00000058076	-0.175773	0.294143	-0.202630	0.471577	0.085318	-0.320694
ENSMUSG00000058093	-0.120397	0.002194	-0.257274	-0.011170	0.142606	0.281935
ENSMUSG00000058099	3.246290	2.697333	0.269508	2.396169	0.743951	1.494861
ENSMUSG00000058126	0.107965	-0.175119	-0.520812	-0.278636	-0.627732	-0.729120
ENSMUSG00000058135	-0.377781	-0.643223	-1.236427	0.106366	1.308823	2.156131
ENSMUSG00000058173	0.286664	0.169283	0.062267	-0.449032	-0.983259	-1.190184
ENSMUSG00000058186	-0.722018	-1.015631	-1.175180	-1.658541	-0.897085	-1.069849
ENSMUSG00000058192	-0.017399	-0.157629	-0.312104	0.630129	0.756251	0.977371
ENSMUSG00000058230	0.270623	0.358239	0.289205	0.326102	0.156272	-0.037882
ENSMUSG00000058239	0.115071	0.301810	0.156960	0.268645	0.082488	0.196259
ENSMUSG00000058240	0.162022	0.232502	1.061981	0.558610	0.518283	0.975602
ENSMUSG00000058252	-0.981131	-0.375602	-0.636847	-0.610693	0.518239	2.898384
ENSMUSG00000058258	-0.063304	0.074507	0.165650	-0.297858	-0.194983	0.054401
ENSMUSG00000058267	-0.278375	-0.013150	-0.755352	-0.021224	-0.884472	-1.181001
ENSMUSG00000058290	0.362691	0.381135	0.608329	0.279222	0.589286	0.082642
ENSMUSG00000058291	0.323641	0.787374	0.544349	0.544292	0.830087	1.409601
ENSMUSG00000058297	1.930748	1.587980	1.124315	0.680031	0.483313	0.892157
ENSMUSG00000058298	-0.041050	-0.064342	0.083239	-0.247641	-0.122224	-0.525879
ENSMUSG00000058301	-0.057366	-0.003979	0.145591	0.007184	0.298409	0.194160
ENSMUSG00000058318	0.057665	0.260882	-0.208095	0.704148	0.489382	0.734646
ENSMUSG00000058331	0.027100	0.340291	-0.898204	-0.008950	0.431508	0.830331
ENSMUSG00000058351	-0.145306	-0.372806	-0.826108	0.162404	-0.677254	-1.492373
ENSMUSG00000058355	-0.136563	-0.081644	-0.397411	-0.734572	-1.279606	-1.786603
ENSMUSG00000058360	0.251365	0.012738	1.287792	0.624125	1.879378	2.065196
ENSMUSG00000058385	0.101546	0.515308	-0.611954	0.125641	0.129496	0.784856
ENSMUSG00000058388	0.008398	-0.209769	-0.083442	-0.225237	-0.512010	-0.616535
ENSMUSG00000058392	-0.198512	-0.334183	-1.011374	-1.646665	-2.497753	-2.788454
ENSMUSG00000058402	-0.330651	0.615815	0.458195	0.013847	0.247045	-0.392253
ENSMUSG00000058407	-0.028253	0.228809	-0.193352	-0.310833	-0.592243	0.004820
ENSMUSG00000058440	-0.300429	-0.131990	-0.097239	-0.459218	-0.787836	-0.822888
ENSMUSG00000058443	0.217896	1.724983	-0.537104	-0.929762	-0.980680	-2.740209
ENSMUSG00000058444	0.093623	0.118630	0.190952	0.234784	0.209166	0.235022
ENSMUSG00000058446	0.007744	0.053304	-0.159093	-0.110355	-0.241466	-0.026561
ENSMUSG00000058447	-0.091764	0.310767	0.191451	-0.174017	-0.207096	0.222884
ENSMUSG00000058454	0.151391	0.668431	0.632093	0.630204	0.392441	0.283340
ENSMUSG00000058486	-0.097534	0.320707	0.461566	0.435082	0.558575	0.685526
ENSMUSG00000058492	0.875333	0.099388	0.676701	-1.438486	0.017699	0.425275
ENSMUSG00000058503	0.258728	-0.489490	-1.150804	-0.476272	-0.965292	-1.269894
ENSMUSG00000058546	0.277676	0.179131	0.253756	-0.419285	-0.286278	0.613912
ENSMUSG00000058558	-0.058581	0.014236	0.239690	-0.355680	-0.432369	0.001942
ENSMUSG00000058569	0.004909	0.050106	-0.005628	-0.028105	0.073342	-0.232522
ENSMUSG00000058586	0.000670	-0.099689	-0.627186	-0.555597	-0.426481	-0.250435
ENSMUSG00000058587	0.065626	0.194351	1.033671	1.162690	1.266655	1.297874
ENSMUSG00000058594	-0.007389	-0.268032	-0.218854	0.093396	0.632481	1.142936
ENSMUSG00000058600	0.090629	0.503476	-0.159757	-0.045027	-0.225950	0.265242
ENSMUSG00000058603	0.975280	0.304079	1.608136	-0.387033	-0.727901	0.757187
ENSMUSG00000058625	-0.297904	0.475188	-1.066526	0.234984	-0.923683	-1.346252
ENSMUSG00000058638	-0.259343	0.020026	-0.329460	-0.135305	0.253629	0.512790
ENSMUSG00000058655	0.294803	0.131392	0.391011	0.259974	0.799607	0.838595
ENSMUSG00000058661	-0.145921	-0.010507	-0.973251	-0.717435	-1.391907	-1.046935
ENSMUSG00000058672	-0.387459	0.744130	1.785144	2.028498	2.902860	2.789176
ENSMUSG00000058690	0.166629	0.341656	0.338182	0.559632	0.868789	0.836483
ENSMUSG00000058704	0.054594	-0.022330	-0.407322	-0.434809	-0.518141	-0.622449
ENSMUSG00000058706	-0.088188	-0.489201	-0.123738	-0.487192	0.278994	0.288727
ENSMUSG00000058709	-0.173954	0.120385	0.274920	0.466214	0.785801	0.600071
ENSMUSG00000058715	0.158072	2.618562	-0.066740	-0.052337	0.434991	-0.332263
ENSMUSG00000058729	-0.073383	0.186175	0.430479	-0.024435	0.306330	-0.074449
ENSMUSG00000058743	-0.188940	-0.761096	-2.337443	-1.432932	-2.719095	-3.272607
ENSMUSG00000058748	0.292099	0.491368	-1.280848	-0.445434	-0.811179	0.467395
ENSMUSG00000058755	-0.205496	-0.938873	-1.824444	-2.014952	-1.638607	-1.300260
ENSMUSG00000058756	0.052797	0.307072	0.143494	-0.627030	-1.819175	-2.017176
ENSMUSG00000058761	0.455292	-0.248157	-0.197582	-0.133383	0.116189	0.249969
ENSMUSG00000058773	0.425499	0.784120	0.280836	0.181111	-0.265314	-0.539691
ENSMUSG00000058793	0.042912	0.110065	0.275865	0.429184	0.577970	0.323171
ENSMUSG00000058794	-1.133318	-3.351565	-3.593877	-3.255707	-3.458080	-3.486251
ENSMUSG00000058799	0.086209	0.208055	-0.121615	-0.281912	-0.631622	-0.612746
ENSMUSG00000058809	0.450325	-0.084580	0.603573	-1.659862	-2.661672	-2.547398
ENSMUSG00000058812	-0.314610	0.330999	0.781392	1.084442	0.703899	1.174261
ENSMUSG00000058818	-1.040412	-0.257848	2.494067	3.936445	3.902980	3.966919
ENSMUSG00000058833	-0.070514	-0.354025	-0.145787	-0.579727	-0.882552	-0.771516
ENSMUSG00000058835	-0.144298	0.012956	0.274008	1.140175	1.528365	1.364481
ENSMUSG00000058838	-0.019340	0.289530	1.480425	-0.611643	-1.608233	0.398139
ENSMUSG00000058883	0.031237	-0.325823	-0.687530	-1.462256	-1.558930	-1.198388
ENSMUSG00000058886	-0.049633	0.107542	-0.411501	-0.292936	-0.699663	-0.980563
ENSMUSG00000058900	-0.266119	-1.227609	-0.545575	0.133272	0.109977	0.260607
ENSMUSG00000058905	0.361681	-0.723250	-0.778868	0.240615	-0.916349	-0.685200
ENSMUSG00000058922	-0.328439	0.001978	1.319643	-0.188115	-1.271775	0.517301
ENSMUSG00000058945	-0.282378	0.588470	-0.359695	0.148216	-0.307576	0.845101
ENSMUSG00000058952	-0.298821	0.314583	-1.508939	0.371572	1.148907	1.753122
ENSMUSG00000058979	-0.292152	0.018233	0.033346	0.764952	0.850861	0.548490
ENSMUSG00000058997	0.156545	-0.031111	-0.232418	-0.588275	-0.589116	-0.642826
ENSMUSG00000059005	0.057596	0.053160	0.199261	-0.363121	-0.341332	-0.286371
ENSMUSG00000059013	-0.229170	-0.940192	-0.386069	0.368456	0.859997	0.914851
ENSMUSG00000059027	-0.177259	-0.171086	-0.192335	1.078193	0.837766	0.506524
ENSMUSG00000059040	0.888303	0.807851	1.976630	-0.098964	-2.039839	-1.282833
ENSMUSG00000059058	0.546834	0.450322	0.667682	-0.654352	-0.443666	-0.071057
ENSMUSG00000059060	-0.449232	-0.965027	-0.085860	-0.479826	-0.558302	-0.651086
ENSMUSG00000059070	-0.381323	-0.119574	-0.039959	-0.385904	-0.569406	-0.367947
ENSMUSG00000059119	0.037904	-0.092007	0.030540	-0.445072	-0.251833	-0.368524
ENSMUSG00000059142	0.079014	-0.859201	-0.165064	-0.374993	-0.410445	-0.105062
ENSMUSG00000059149	0.092485	0.049279	0.911605	0.009233	-1.043630	-1.072625
ENSMUSG00000059159	1.581954	0.717270	-0.008691	-0.359539	-1.208206	-0.995651
ENSMUSG00000059182	-0.196618	-0.400623	-0.298383	0.636222	1.008877	0.356873
ENSMUSG00000059183	-0.147963	-0.027103	-0.436542	-0.199089	-0.553268	-0.362058
ENSMUSG00000059195	-0.813430	1.665971	1.459960	-0.660973	-1.316097	-1.983369
ENSMUSG00000059208	-0.157852	0.134586	0.146038	-0.138759	-0.360970	-0.307174
ENSMUSG00000059213	-0.141741	-0.669190	-0.892462	-2.212367	-3.045222	-2.713108
ENSMUSG00000059244	-0.847342	0.443732	-1.583642	-0.204315	-2.209507	-2.011258
ENSMUSG00000059248	0.526355	0.328552	0.752558	-0.349536	-0.881878	-0.872285
ENSMUSG00000059263	0.221792	0.383656	0.259278	0.232773	0.377643	0.541437
ENSMUSG00000059273	0.004705	-0.454602	-0.063356	0.002802	0.612467	0.457512
ENSMUSG00000059277	0.487300	0.708465	-0.241800	0.813064	0.481618	0.226334
ENSMUSG00000059278	-0.084017	0.026652	0.100304	0.214422	-0.122127	-0.264573
ENSMUSG00000059280	-1.277619	-1.578646	-3.743476	-3.794009	-3.132024	-4.386671
ENSMUSG00000059288	-0.038197	0.095644	0.291345	-0.217743	-0.048809	-0.009070
ENSMUSG00000059291	0.077367	0.127161	-0.386316	-0.204589	-0.415775	-0.227775
ENSMUSG00000059305	-0.335124	-0.817909	-2.478238	-3.462487	-2.875143	-3.421867
ENSMUSG00000059309	0.061372	0.141674	-0.002201	0.307121	-0.969757	-1.458660
ENSMUSG00000059316	0.270175	0.172976	0.304532	0.041618	0.663613	0.707807
ENSMUSG00000059323	-0.110770	0.207493	0.090332	0.230566	0.219482	-0.137708
ENSMUSG00000059325	-1.813908	-1.322862	-0.535668	-0.093559	-0.760199	-1.019078
ENSMUSG00000059326	-0.604751	-0.831212	-0.565718	-0.994256	-0.853487	-1.278939
ENSMUSG00000059336	-0.821128	0.144202	0.994547	1.923084	1.749986	1.964645
ENSMUSG00000059355	-0.129739	-0.132043	-0.198052	-0.484107	-1.087625	-1.572078
ENSMUSG00000059363	-0.393104	-0.126826	-0.219696	0.131379	-0.798457	-1.091243
ENSMUSG00000059409	0.035610	-0.003881	-0.278806	-0.276837	-0.044740	-0.152165
ENSMUSG00000059422	-0.607612	0.139147	0.012314	-0.892722	-1.027881	-2.058797
ENSMUSG00000059423	0.075391	-0.080578	-0.613461	-0.953747	-1.102362	-0.750626
ENSMUSG00000059436	-0.019675	-0.276103	-0.089939	0.123578	0.335016	0.310865
ENSMUSG00000059439	-0.206835	-0.072508	-0.160557	0.640417	0.955164	1.166090
ENSMUSG00000059447	0.098626	0.145904	0.382838	0.572224	0.281309	0.381857
ENSMUSG00000059456	-0.223995	0.414105	1.113885	0.928374	0.511714	0.509770
ENSMUSG00000059461	-0.040515	0.222973	-1.545878	0.345971	-0.914176	-0.708399
ENSMUSG00000059474	-0.072419	-0.064585	-0.222907	-0.337945	0.106980	0.275437
ENSMUSG00000059475	-0.019180	0.562827	0.091965	0.058316	-0.193257	0.458755
ENSMUSG00000059482	-0.036574	0.191849	0.046839	-0.376988	0.533747	0.854043
ENSMUSG00000059486	-0.024296	-0.042830	-0.148916	0.061237	0.509915	0.310870
ENSMUSG00000059495	-1.045659	-0.745918	-0.769078	-2.460560	-1.101252	-0.607232
ENSMUSG00000059518	0.183850	0.598970	-0.063380	0.042492	-0.468987	-0.408629
ENSMUSG00000059534	-0.225065	-0.053686	-0.031867	-0.311513	-0.884701	-1.369294
ENSMUSG00000059540	0.215048	0.219126	-0.391363	0.379424	0.438243	0.041005
ENSMUSG00000059552	-0.043432	-0.092333	-0.837419	-0.660194	-0.936164	-0.926091
ENSMUSG00000059554	-0.125461	0.283459	-0.111080	0.843782	1.200317	1.241946
ENSMUSG00000059555	-0.086049	-0.314878	0.194710	-0.316763	0.274236	0.321054
ENSMUSG00000059586	-0.097529	0.268365	-0.166137	-0.121530	-0.506206	-0.122771
ENSMUSG00000059588	1.130521	0.410136	0.285270	-0.215189	0.633040	0.436079
ENSMUSG00000059647	0.847424	0.761761	1.728086	-1.402062	-2.508431	-0.499340
ENSMUSG00000059659	0.787373	0.599222	-0.050083	2.609614	2.321152	0.830418
ENSMUSG00000059669	-0.158195	-0.152694	0.052977	-0.475200	-0.078087	0.723129
ENSMUSG00000059674	0.478518	0.262695	1.135420	0.587851	1.050963	1.061620
ENSMUSG00000059689	0.293291	0.464373	0.133237	-0.195158	0.294829	0.580161
ENSMUSG00000059708	-0.955013	-0.368161	0.466622	0.124543	0.743679	-0.044625
ENSMUSG00000059713	-0.476092	-1.234500	-0.663149	-1.108998	-1.395439	-1.625536
ENSMUSG00000059714	-0.364134	-0.192738	-0.394430	0.002852	0.040378	0.366107
ENSMUSG00000059734	0.064825	-0.042342	-0.186961	0.149492	0.136621	-0.010419
ENSMUSG00000059743	0.130824	0.369701	0.497354	0.505036	0.549886	0.344557
ENSMUSG00000059751	1.229549	0.488192	1.353349	-1.535153	-1.681136	0.059373
ENSMUSG00000059772	-0.320268	-1.071103	-1.326832	-1.194374	-1.473756	-1.392231
ENSMUSG00000059775	0.245165	0.273597	0.269952	-0.012384	0.149854	0.490451
ENSMUSG00000059791	-0.111582	0.140526	0.311795	0.754096	0.481268	-0.310120
ENSMUSG00000059796	0.120581	-0.037501	0.100224	-0.627939	-0.942347	-1.200777
ENSMUSG00000059810	0.433812	-1.461498	-0.709300	-0.746189	-1.825019	-1.670106
ENSMUSG00000059811	0.130475	0.181848	0.261934	0.171330	0.537184	0.358717
ENSMUSG00000059820	-0.006322	-0.285027	-0.867152	-0.945543	-1.060714	-0.864923
ENSMUSG00000059824	0.055912	0.535159	0.513444	0.230191	0.898944	1.220335
ENSMUSG00000059834	0.239377	0.467728	0.571352	-0.889321	-1.149005	-0.737404
ENSMUSG00000059839	-0.110286	-0.479144	-0.720507	-0.037182	-0.185155	0.378639
ENSMUSG00000059842	0.768249	0.702651	0.741163	0.869388	0.976963	1.061436
ENSMUSG00000059851	0.168910	0.131225	0.153832	0.785172	0.624208	0.174028
ENSMUSG00000059866	0.040363	-0.381908	-0.391495	-0.517381	-0.887490	-0.571388
ENSMUSG00000059878	-0.114985	-0.537113	-0.132301	-0.378873	0.485975	0.625193
ENSMUSG00000059883	-0.260619	-0.257767	-0.188675	-0.185126	0.184867	0.328075
ENSMUSG00000059890	0.017471	-0.339742	0.233234	-0.128423	0.475443	0.459665
ENSMUSG00000059895	-0.688734	0.087597	0.624619	0.275222	0.209342	0.447006
ENSMUSG00000059897	-0.631595	-0.993269	-0.365375	-1.122230	-0.758944	-1.232772
ENSMUSG00000059900	-0.689297	-0.701338	-1.264812	-1.355432	-1.975087	-1.460259
ENSMUSG00000059901	2.261131	-0.084406	-0.809650	1.295106	1.108767	0.402677
ENSMUSG00000059920	-0.202426	0.243141	0.074309	-0.059526	0.019641	0.344894
ENSMUSG00000059923	0.054079	0.056205	0.029311	0.052620	0.134870	-0.111852
ENSMUSG00000059939	-0.281249	-0.083520	-0.606534	-0.365263	-0.905630	-1.447638
ENSMUSG00000059970	-0.112343	0.310356	1.473541	1.011122	1.667212	1.387558
ENSMUSG00000059974	-2.252367	-0.943955	-2.180240	-2.824067	-2.482823	-2.647095
ENSMUSG00000059975	0.213258	0.412873	0.343175	0.244863	-0.022848	0.337705
ENSMUSG00000059981	-0.126638	-0.468300	-0.237599	-0.166175	0.043807	0.301584
ENSMUSG00000059995	-0.083745	-0.181845	0.258888	-0.192242	0.157501	0.140800
ENSMUSG00000060002	0.280241	0.291679	-0.804851	0.317848	-1.112467	-1.846408
ENSMUSG00000060012	-0.056528	0.048588	0.362958	0.840507	1.227238	1.565424
ENSMUSG00000060019	-1.472529	0.258050	0.734315	-0.231472	-0.059959	-1.140980
ENSMUSG00000060032	0.137226	0.045519	-0.348001	-0.013155	-0.435006	-0.741522
ENSMUSG00000060036	0.138874	0.051364	0.132867	-0.181793	-0.067169	0.024790
ENSMUSG00000060038	0.046920	0.049952	0.066710	-0.437094	-0.364018	-0.084446
ENSMUSG00000060063	0.915245	0.683687	-0.183615	-1.165595	-0.763734	-0.975448
ENSMUSG00000060073	-0.014488	0.092001	-0.638744	-0.340203	-1.125356	-1.278609
ENSMUSG00000060090	0.099486	0.291760	1.206765	0.773283	1.217446	1.042917
ENSMUSG00000060093	0.171549	0.376573	-0.615323	0.133025	-1.138620	-1.859061
ENSMUSG00000060098	-0.422706	-0.206312	-0.886810	-1.465961	-2.487634	-3.050155
ENSMUSG00000060121	-0.249400	-0.099286	-0.461365	-0.800957	-1.295041	-1.022168
ENSMUSG00000060126	-0.181418	-0.256828	-0.154651	0.247637	0.290610	0.178367
ENSMUSG00000060128	0.038486	-0.011280	0.829198	-0.808864	-0.057855	-0.025632
ENSMUSG00000060131	1.753128	1.858577	1.194723	0.833473	-0.772234	-1.692294
ENSMUSG00000060143	1.828676	0.810593	-0.321333	0.302082	-0.531173	-0.613962
ENSMUSG00000060147	0.140739	0.442196	-0.069017	1.163800	1.050362	1.350334
ENSMUSG00000060152	-0.117120	0.070262	-0.772731	-0.744775	-1.369516	-1.667581
ENSMUSG00000060166	0.483219	1.003607	0.937318	0.977887	0.809989	0.810396
ENSMUSG00000060181	0.275092	0.238758	-0.038506	0.389717	1.289843	0.939037
ENSMUSG00000060214	0.020901	0.159573	2.539518	-0.866995	-1.257692	-0.241702
ENSMUSG00000060216	-0.196077	-0.150355	-0.224601	-0.199390	-0.615709	-0.676542
ENSMUSG00000060224	-0.178913	-0.090122	0.787123	0.032856	0.414985	0.640730
ENSMUSG00000060227	-0.084354	0.352718	-0.444700	-0.349536	-1.247843	-1.117121
ENSMUSG00000060244	0.376725	0.195430	0.250445	0.776956	1.319369	1.355987
ENSMUSG00000060261	0.171093	-0.107100	-0.155264	-0.566508	-0.525026	-0.394758
ENSMUSG00000060279	-0.161440	0.022967	0.003070	-0.032124	-0.001903	-0.132799
ENSMUSG00000060284	2.596873	0.780531	-0.010434	-1.761983	0.575445	-0.108000
ENSMUSG00000060288	-0.046663	0.164828	-0.156432	-0.405120	-0.990347	-1.090545
ENSMUSG00000060301	0.205689	1.207943	0.743768	1.335456	1.814281	2.997743
ENSMUSG00000060336	-0.063456	-0.764689	-1.391098	-0.156547	0.749810	1.208096
ENSMUSG00000060373	-0.056378	0.198657	-0.398872	-0.229108	-0.635141	-0.567584
ENSMUSG00000060376	-0.152716	-0.240359	-0.160712	0.853196	1.586292	1.226866
ENSMUSG00000060397	0.003225	0.533886	0.379370	0.198273	1.687917	1.029472
ENSMUSG00000060419	0.372601	0.668078	1.450120	-0.636076	-1.096202	-0.855153
ENSMUSG00000060427	-0.064717	0.219735	-0.187411	-0.006327	0.403981	0.690127
ENSMUSG00000060429	0.385058	0.088378	-0.597976	-1.440589	-2.095214	-2.734769
ENSMUSG00000060441	-0.337908	-0.218642	0.061930	1.248438	2.225080	2.455798
ENSMUSG00000060450	0.161654	0.083469	0.242597	0.549588	1.046205	0.777682
ENSMUSG00000060470	-0.480396	-1.109142	-2.216659	-2.778970	-1.526246	-1.287801
ENSMUSG00000060475	-0.009615	-0.031046	-0.495788	-0.506209	-0.553164	-0.193990
ENSMUSG00000060477	0.001037	0.138002	0.625046	0.471368	0.724400	1.353777
ENSMUSG00000060509	-0.492261	-0.472041	0.414555	-0.873880	-0.679786	0.329693
ENSMUSG00000060510	0.190852	-0.169596	0.409207	-0.086808	0.971633	0.825464
ENSMUSG00000060512	-0.709443	-1.857539	-2.625657	-2.140201	-2.658663	-2.967351
ENSMUSG00000060519	0.102935	-1.397425	-1.453190	-1.340057	-1.219390	-0.565714
ENSMUSG00000060538	-0.212872	-0.006597	-0.415006	0.460685	-0.298850	-0.456434
ENSMUSG00000060548	1.587347	0.252550	0.309091	1.339659	2.265033	2.515489
ENSMUSG00000060550	-0.860343	-0.337766	-0.348631	-0.028127	-0.328350	0.231813
ENSMUSG00000060568	-0.852413	-0.094602	-0.493418	-1.302815	-1.844052	-2.170091
ENSMUSG00000060572	0.294521	0.191388	0.346154	1.404032	-0.674656	-0.855475
ENSMUSG00000060579	-0.040941	0.341284	-0.547509	0.179913	0.089791	0.938654
ENSMUSG00000060591	0.495856	0.263685	-0.870645	-1.178598	-1.598517	-2.653364
ENSMUSG00000060600	-0.213076	-0.049067	-0.421705	-0.860048	-1.460009	-1.332638
ENSMUSG00000060601	-0.132265	-0.033775	0.275574	0.474719	0.349091	0.394071
ENSMUSG00000060621	-0.248078	0.547522	-0.151155	1.638862	1.274033	1.008919
ENSMUSG00000060636	-0.112620	-0.121592	-0.042975	-0.335751	-0.661714	0.103921
ENSMUSG00000060639	0.186972	0.100750	0.681134	0.170071	0.988306	0.055386
ENSMUSG00000060657	0.175616	0.061326	0.389892	0.397898	0.955925	0.915191
ENSMUSG00000060671	-0.016087	-0.158647	-0.049676	-0.078184	-0.010526	-0.337004
ENSMUSG00000060675	-0.634559	-0.365448	0.194159	1.746140	2.285987	2.934565
ENSMUSG00000060678	0.380947	0.528634	1.873503	-0.168729	-0.306898	-0.450958
ENSMUSG00000060679	-0.339188	-0.125837	-0.300891	0.007060	-0.290933	-0.237300
ENSMUSG00000060681	0.359280	-0.023195	0.436800	-0.309899	0.238416	-0.255149
ENSMUSG00000060708	-0.265244	-0.338448	-0.350496	0.038751	0.035543	-0.022909
ENSMUSG00000060733	-0.082293	-0.130691	0.148150	0.269766	1.751771	1.695700
ENSMUSG00000060739	-0.090921	0.073241	-0.442943	-0.083486	-0.158624	0.342167
ENSMUSG00000060743	0.177151	0.114004	0.133419	0.274657	0.874514	1.009590
ENSMUSG00000060771	-0.239871	0.997485	0.973516	0.782814	0.846088	2.361760
ENSMUSG00000060791	-0.096304	0.131736	-0.028364	-0.219341	0.124993	0.858153
ENSMUSG00000060798	-0.155688	-0.787229	0.098518	-0.433934	-0.189645	-0.257203
ENSMUSG00000060802	0.015665	-0.125328	0.279742	0.483944	0.789840	0.666309
ENSMUSG00000060803	-0.037778	-0.078682	0.127057	0.148663	-0.043238	-0.696854
ENSMUSG00000060860	-0.099821	0.129349	0.184042	-0.118832	-0.058944	-0.584635
ENSMUSG00000060862	0.052719	0.231133	-0.055459	0.634671	0.558202	0.700539
ENSMUSG00000060904	-0.094856	-0.033666	-0.125912	-0.618115	-0.564240	-0.580015
ENSMUSG00000060935	0.047398	0.439917	0.875820	0.924301	1.618001	1.614498
ENSMUSG00000060938	-0.041935	-0.019912	-0.046549	-0.408570	-0.517933	-0.017501
ENSMUSG00000060950	-0.383954	-0.829724	-1.118584	-1.645616	-2.282169	-2.800220
ENSMUSG00000060981	-0.662738	-0.269670	-0.001338	-0.084474	0.099158	-0.460146
ENSMUSG00000060989	0.357586	0.513614	0.191874	0.186259	-0.042105	0.479732
ENSMUSG00000060992	0.251211	0.236846	0.385493	0.388556	0.473661	0.357583
ENSMUSG00000061024	-0.054339	-0.480878	0.079132	-1.382072	-1.258131	-1.145374
ENSMUSG00000061028	-0.084056	0.138830	0.199698	0.777711	0.655209	0.621859
ENSMUSG00000061032	-0.023729	-0.061151	0.046793	-0.232937	-0.058091	-0.010602
ENSMUSG00000061046	0.280104	0.065292	-0.214614	0.333709	0.590977	0.721394
ENSMUSG00000061062	0.470402	0.191490	1.222394	-0.327306	-0.977897	-0.318575
ENSMUSG00000061079	-0.055798	-0.274816	-0.289154	-0.150769	0.054902	0.110064
ENSMUSG00000061086	0.199929	0.627888	0.722644	2.160531	2.948891	3.594885
ENSMUSG00000061104	-0.146931	0.015526	2.051670	-1.713992	-2.217881	-1.404653
ENSMUSG00000061111	0.249534	0.464581	0.473148	0.704528	0.580368	0.757806
ENSMUSG00000061118	0.027645	-0.168140	0.129043	0.394897	0.808967	0.594399
ENSMUSG00000061119	-0.154562	-0.208997	-0.547754	0.470788	0.529552	0.423217
ENSMUSG00000061130	0.030738	0.170071	0.403021	0.042912	0.341272	0.673144
ENSMUSG00000061132	-0.154970	-0.395405	-0.483069	2.342706	3.485376	4.136377
ENSMUSG00000061136	-0.053716	0.119664	0.148945	-0.270269	-0.390390	-0.260111
ENSMUSG00000061143	0.455310	0.652271	1.883465	2.018761	2.865498	2.271138
ENSMUSG00000061167	-1.077759	0.591980	1.515014	-0.781528	-1.152647	-2.202542
ENSMUSG00000061175	0.049463	-1.448584	-1.467722	-2.069760	-3.535779	-2.868053
ENSMUSG00000061186	-0.079000	-0.372330	-0.257043	-1.438176	-1.402134	-1.415213
ENSMUSG00000061207	-0.233887	-0.236826	-0.283920	-0.388555	-0.502011	-0.219841
ENSMUSG00000061232	-0.011110	0.174106	0.334669	0.251732	0.233002	0.836891
ENSMUSG00000061244	-0.214647	-0.228754	-0.374997	-0.344041	-0.413899	-0.835493
ENSMUSG00000061273	0.040443	-0.037067	-0.026206	-0.369353	-0.230331	-0.288708
ENSMUSG00000061286	-0.354430	-0.288975	-0.686071	-0.299653	-0.892142	-1.603107
ENSMUSG00000061288	-0.027519	0.117459	0.354632	0.251674	-0.197414	0.348252
ENSMUSG00000061306	0.029690	0.002503	0.198372	0.116424	0.220363	0.496873
ENSMUSG00000061311	0.386093	-0.156884	-0.548888	2.538035	5.284431	5.189554
ENSMUSG00000061313	0.303521	0.222892	0.173284	0.017896	0.378174	0.213704
ENSMUSG00000061315	-0.041552	0.188189	0.037247	-0.193739	-0.340137	0.002081
ENSMUSG00000061330	0.203012	-0.210385	-0.520087	-0.532933	-0.750568	-0.503039
ENSMUSG00000061331	-0.281850	0.599820	0.355218	-0.384483	-0.071740	1.165857
ENSMUSG00000061356	0.072522	0.350491	0.574775	0.150610	-0.126523	0.548824
ENSMUSG00000061360	0.099096	0.047517	-0.043465	-0.078462	-0.495958	-0.712576
ENSMUSG00000061371	-0.837867	-0.456963	0.255559	-0.211735	0.541319	0.408171
ENSMUSG00000061374	0.119520	0.220737	0.225325	0.160168	0.341862	0.337318
ENSMUSG00000061390	2.583165	3.283390	0.978149	2.368918	2.777892	0.689605
ENSMUSG00000061393	-0.354400	-1.075246	-1.538448	-2.086225	-1.082420	-0.880383
ENSMUSG00000061411	1.430417	1.492423	1.431171	0.937889	0.514710	0.741815
ENSMUSG00000061414	-1.614584	-1.908002	-0.494898	-2.323170	-1.937173	-0.816078
ENSMUSG00000061436	0.992351	0.684280	0.194704	0.794165	0.622850	0.384712
ENSMUSG00000061455	0.415476	0.085421	0.228253	-0.072017	-0.221839	0.123725
ENSMUSG00000061458	-0.114299	-0.045364	-0.339665	-0.983974	-1.349548	-1.371973
ENSMUSG00000061461	-0.074571	0.201941	0.227096	0.180335	0.080086	0.257624
ENSMUSG00000061474	0.031823	0.296351	-0.041111	0.421537	-0.414633	-0.252837
ENSMUSG00000061477	0.063644	0.003399	-0.023870	-0.343889	-0.176914	0.147944
ENSMUSG00000061479	-0.264782	0.019897	-0.390765	0.368252	-0.451204	-0.820150
ENSMUSG00000061482	-0.133579	-0.209622	-0.564463	0.111380	-0.209987	-1.226923
ENSMUSG00000061510	-0.191246	-1.168765	-1.876296	-0.652002	-0.697687	0.629355
ENSMUSG00000061518	-0.036620	0.129459	0.020458	0.269803	0.195201	-0.201134
ENSMUSG00000061531	0.046854	0.855095	0.362863	-0.718740	0.286459	0.438184
ENSMUSG00000061533	-0.212428	-0.287614	-0.695432	-0.533590	-0.539178	-0.684577
ENSMUSG00000061536	-0.230556	0.018898	0.520392	-0.033080	-0.199973	-0.498345
ENSMUSG00000061544	0.250622	-1.888022	-2.012511	-1.274311	-1.620532	-0.339932
ENSMUSG00000061559	-0.248638	-0.240695	-0.725329	-0.848132	-1.194900	-1.462700
ENSMUSG00000061577	3.072472	3.216693	2.185373	1.519438	0.342353	0.965647
ENSMUSG00000061589	-0.176680	-0.256160	-0.060936	-0.226093	-0.298328	-0.723650
ENSMUSG00000061607	0.210717	-0.046349	0.534616	0.596157	0.987540	0.953513
ENSMUSG00000061613	0.124060	0.016519	-0.019557	-0.501368	-0.441670	-0.551453
ENSMUSG00000061615	-0.729447	-0.175637	-0.216416	-1.041424	-0.872496	-0.995609
ENSMUSG00000061650	0.044830	-0.027888	0.080097	0.062698	-0.067475	-0.385419
ENSMUSG00000061665	0.181247	0.171532	0.531309	0.789722	0.293681	0.376261
ENSMUSG00000061666	0.084471	-0.164861	0.563026	0.462903	1.657379	1.600881
ENSMUSG00000061689	-0.056303	0.435101	0.055318	0.812212	0.849924	1.633798
ENSMUSG00000061702	-0.997810	-1.164286	-1.125454	0.319680	0.835031	1.125751
ENSMUSG00000061723	0.162498	0.933543	0.202320	0.532136	2.249439	3.042018
ENSMUSG00000061731	0.468884	-0.082921	-0.747660	-0.511689	-0.907146	-0.901004
ENSMUSG00000061740	-0.804174	-0.772135	0.045023	0.794124	0.773501	0.230612
ENSMUSG00000061755	-0.133785	0.102491	-0.065836	-0.009020	-0.068351	0.371176
ENSMUSG00000061758	-0.135470	-0.471799	-0.708562	0.119318	0.309187	1.071453
ENSMUSG00000061759	-0.145911	-0.258685	-0.494140	-0.248316	-0.172269	0.032513
ENSMUSG00000061778	-0.060020	-0.522967	0.720103	-0.513293	0.359262	0.401306
ENSMUSG00000061787	0.075709	-0.019738	-0.076108	-0.066514	-0.189724	0.051664
ENSMUSG00000061838	-0.078953	-0.074414	0.095782	-0.352753	-0.683697	-1.083963
ENSMUSG00000061859	1.423454	0.935809	0.250015	2.002287	3.108985	4.186169
ENSMUSG00000061882	0.024535	-0.172002	-0.586015	0.163024	-0.244748	-0.280642
ENSMUSG00000061887	-0.159761	0.177863	0.040524	0.029061	-0.311316	-0.330786
ENSMUSG00000061894	-0.258562	-1.365287	-0.545196	-1.310124	-0.594255	-0.582644
ENSMUSG00000061897	0.315926	-0.291525	-0.388375	0.573799	1.645339	0.065174
ENSMUSG00000061898	0.019121	-0.123179	0.043307	0.323548	0.087182	0.134600
ENSMUSG00000061904	0.025682	-0.214390	-0.114489	0.028683	-0.253738	-0.803611
ENSMUSG00000061950	0.069744	0.115359	0.303892	-0.160015	-0.265468	-0.296769
ENSMUSG00000061979	-0.123211	-0.125393	-0.457897	-1.003170	-1.558370	-1.846797
ENSMUSG00000061983	-0.093245	0.059956	0.268764	-0.065944	-0.048929	0.010403
ENSMUSG00000061991	-0.093710	-0.113088	-0.637615	0.619370	-0.411448	0.280038
ENSMUSG00000062006	-0.269215	-0.109823	0.172633	-0.436498	-0.535286	-0.306608
ENSMUSG00000062007	-0.393729	-0.218118	-0.611083	-0.812019	-1.309944	-1.553696
ENSMUSG00000062014	-0.001214	-0.230594	-0.093919	-0.353617	-0.034536	-0.171905
ENSMUSG00000062031	-0.142109	-0.253831	0.237714	0.569950	0.988842	1.178548
ENSMUSG00000062040	-0.008196	0.314876	-0.364200	-0.672426	-0.038218	-0.036228
ENSMUSG00000062054	0.081832	0.028341	-0.146640	0.272709	0.450266	0.271818
ENSMUSG00000062070	0.349148	0.584360	0.770643	0.257990	-0.523444	-1.258326
ENSMUSG00000062075	0.061026	-0.366833	-0.536153	-0.813822	-0.784894	-1.240991
ENSMUSG00000062078	0.159025	-0.205126	0.588550	0.485503	0.731113	0.661615
ENSMUSG00000062081	-0.328776	-0.261820	1.109167	-0.201523	-0.063865	1.612614
ENSMUSG00000062093	0.032948	0.352814	1.610233	-1.318580	-2.016865	-0.778729
ENSMUSG00000062101	0.291321	-1.177578	0.650758	-1.585399	-0.151050	-0.923719
ENSMUSG00000062110	-0.456006	-0.381237	-0.588545	-0.535925	-1.353575	-1.742902
ENSMUSG00000062115	-0.152212	-0.894277	-0.914800	-1.242827	-0.887250	-0.734162
ENSMUSG00000062116	0.037304	0.291330	0.328475	0.597778	0.724721	1.072131
ENSMUSG00000062157	-0.601276	-0.812019	-0.464424	-0.612020	-0.241261	-0.041407
ENSMUSG00000062169	-0.089706	-0.060464	-1.138749	-0.352745	-0.863594	-0.919015
ENSMUSG00000062175	0.147165	-0.711608	-0.644463	-0.826303	-0.588521	-0.323084
ENSMUSG00000062190	0.323430	-0.349879	-0.689267	-1.476027	-1.144141	-1.188208
ENSMUSG00000062198	0.157385	0.504566	-0.463563	-0.083964	-1.012081	-0.554996
ENSMUSG00000062202	-0.164367	-0.076757	-0.425336	-0.493890	-0.618234	-0.400121
ENSMUSG00000062203	-0.149087	-0.211080	-0.314953	-0.667977	-1.073372	-1.549785
ENSMUSG00000062210	0.538700	1.131181	1.564583	1.423716	1.198018	1.222035
ENSMUSG00000062232	-0.231373	-0.506750	-0.438382	-0.023801	0.250434	0.787688
ENSMUSG00000062234	-0.216673	-0.173741	0.173841	0.388091	0.530619	0.314243
ENSMUSG00000062248	-0.076660	-0.420887	-0.562175	0.330236	0.505709	-0.301857
ENSMUSG00000062257	0.230128	-1.357542	-0.284300	-0.290242	-0.693336	-0.625921
ENSMUSG00000062270	0.104155	0.185776	0.093517	0.090201	0.172186	0.177611
ENSMUSG00000062310	-0.403870	-0.736794	-1.385053	-0.942913	-1.047525	-0.968554
ENSMUSG00000062328	0.055501	-0.092688	0.101310	-0.319949	-0.099679	0.174556
ENSMUSG00000062352	0.100966	0.267674	0.133743	0.088773	-0.156970	0.315411
ENSMUSG00000062353	0.009156	0.097236	0.081892	-0.534762	-0.207729	0.154183
ENSMUSG00000062372	5.572326	4.820058	5.656081	5.028704	4.342561	4.827246
ENSMUSG00000062373	0.839574	0.182759	-0.356773	-0.242689	-0.083173	-0.240318
ENSMUSG00000062376	0.076984	0.389308	0.151788	0.043046	-0.609453	-0.243896
ENSMUSG00000062380	-0.918079	0.157075	-0.593998	1.707469	3.580108	4.370594
ENSMUSG00000062381	-0.009542	0.008869	0.014331	0.334649	0.314512	0.195058
ENSMUSG00000062382	-0.364238	0.269700	1.504636	-0.582206	-0.601119	0.847188
ENSMUSG00000062397	-0.217740	-0.060600	-0.128201	0.044965	-0.010186	-0.264967
ENSMUSG00000062417	0.186506	-0.097617	0.155797	0.445102	0.066689	-0.817079
ENSMUSG00000062421	0.039071	0.279516	0.173009	0.301177	0.553354	0.543076
ENSMUSG00000062456	0.578782	0.383330	0.980557	-0.765376	-0.934686	0.858888
ENSMUSG00000062470	-0.335382	0.221668	-1.364456	0.985181	1.047030	1.464636
ENSMUSG00000062510	0.113469	-0.181818	-0.666372	-0.262682	-0.457963	-1.159215
ENSMUSG00000062518	-1.558195	-1.987006	-1.222065	-2.005143	-0.237077	-0.655004
ENSMUSG00000062519	-0.177203	0.080989	-0.324425	0.108435	-0.161224	-0.209019
ENSMUSG00000062526	0.095200	-0.044634	-0.336203	0.002867	-0.295381	-0.244361
ENSMUSG00000062554	-0.345276	0.155173	-0.331995	-0.202027	-0.460969	-0.323905
ENSMUSG00000062580	-0.249749	-0.390156	-0.849462	-1.168298	-1.722146	-1.624937
ENSMUSG00000062585	-0.175007	-0.425876	0.468833	0.496645	0.652039	0.694524
ENSMUSG00000062588	-0.562864	-0.582582	2.594399	-1.783046	-0.471289	-0.131369
ENSMUSG00000062590	0.080181	0.055674	0.036690	-0.419096	-0.238462	-0.109947
ENSMUSG00000062591	0.427156	0.306361	0.117064	-0.395051	-0.251752	1.237656
ENSMUSG00000062604	0.462528	0.576288	0.939536	1.395479	1.794805	2.474260
ENSMUSG00000062611	-0.578968	0.709711	0.771060	-0.689085	-0.429099	-0.252143
ENSMUSG00000062619	-0.067812	-0.381110	-0.379193	0.124622	-0.456278	-0.714468
ENSMUSG00000062627	-0.010713	-0.298500	-0.513389	0.029082	0.226521	0.467179
ENSMUSG00000062646	-0.218055	0.009960	0.150193	1.192846	1.266891	1.262125
ENSMUSG00000062647	0.089142	0.058143	0.202248	-0.489131	-0.259591	0.214301
ENSMUSG00000062683	0.085330	0.028229	-0.058926	0.638511	0.929707	0.151949
ENSMUSG00000062691	-0.022182	0.074687	-0.390906	-1.318702	-0.587060	-0.718020
ENSMUSG00000062727	0.044408	0.554782	-0.119399	0.637591	0.091750	-1.268860
ENSMUSG00000062729	0.319961	0.501514	0.685734	0.957550	1.081196	1.258303
ENSMUSG00000062743	0.072077	0.351871	0.418354	0.626522	-0.236201	1.129604
ENSMUSG00000062753	-0.427984	-0.060284	0.226044	0.661409	0.440799	0.467408
ENSMUSG00000062761	0.052806	0.034804	0.350098	0.320783	0.477933	0.483575
ENSMUSG00000062762	0.109194	0.143853	-0.187787	-0.093908	-0.383698	-0.421895
ENSMUSG00000062785	0.041181	0.256747	0.681436	0.549168	-0.417502	-1.033226
ENSMUSG00000062794	-1.033227	-0.760466	0.290457	-0.206880	-0.565190	-0.324418
ENSMUSG00000062797	-0.234432	0.165615	-0.574377	-0.147204	-1.022215	-1.562511
ENSMUSG00000062808	0.145285	0.396697	-0.033055	-0.365901	-0.743521	-1.886417
ENSMUSG00000062822	-0.033556	0.092711	0.002590	0.613654	0.840872	1.290771
ENSMUSG00000062825	-0.157952	-0.030152	0.814485	0.384831	0.530446	0.359329
ENSMUSG00000062846	-0.456268	0.629952	1.458561	-1.159172	-1.760265	-0.221617
ENSMUSG00000062861	0.600754	0.314649	-0.270083	-0.348248	0.067601	0.166483
ENSMUSG00000062866	0.515422	-0.182175	-0.809392	-0.910779	-0.461147	-0.103241
ENSMUSG00000062867	0.134609	0.079025	-0.152125	-0.514884	-0.362327	-0.796480
ENSMUSG00000062901	0.253548	-0.077132	0.927519	1.685755	3.235791	3.210774
ENSMUSG00000062906	-0.172779	-0.099266	0.016542	0.334286	-0.493503	-0.795921
ENSMUSG00000062908	-0.415613	-0.385567	-0.201164	-0.224430	-0.091139	0.236973
ENSMUSG00000062929	0.119423	0.313524	0.631366	0.229516	0.577358	1.606371
ENSMUSG00000062931	0.260117	0.606931	-0.087590	0.182602	-0.028677	-0.115169
ENSMUSG00000062933	-0.321455	0.504351	1.638471	-0.739168	-1.145518	-0.296986
ENSMUSG00000062937	1.143421	0.624534	0.265225	-0.196423	-0.911024	-1.045434
ENSMUSG00000062939	0.806842	0.816214	-0.377893	-0.561939	-0.170879	0.040394
ENSMUSG00000062944	-0.341039	-0.812904	0.430002	-0.009839	1.336644	0.775825
ENSMUSG00000062949	-0.052209	-0.228306	-0.284453	-0.879732	-0.280405	-0.902274
ENSMUSG00000062963	0.078115	0.173200	0.122987	0.433829	0.240652	0.960978
ENSMUSG00000062981	0.013672	0.150234	-0.639673	-0.043119	-0.856530	-1.488192
ENSMUSG00000062997	-0.105606	-0.024686	0.086351	-0.715135	-0.336663	0.227587
ENSMUSG00000063001	-1.088380	0.443184	2.487484	-1.362114	-1.054669	-0.846931
ENSMUSG00000063015	0.118820	0.395162	0.329796	1.168791	0.969238	0.747208
ENSMUSG00000063018	0.039442	-0.040812	-0.675123	-1.841262	-3.306435	-3.704456
ENSMUSG00000063019	-0.129724	-0.027232	0.197945	0.345667	0.788691	0.642970
ENSMUSG00000063021	-0.464665	0.408916	-0.219725	0.059204	-0.595101	-1.261167
ENSMUSG00000063047	0.330881	0.049913	0.506493	-0.961325	-0.315865	0.156186
ENSMUSG00000063049	0.164698	0.570179	0.264874	-0.220693	-0.830454	-0.163893
ENSMUSG00000063052	0.036720	-0.231528	-0.157416	-0.305801	-0.453690	-0.866248
ENSMUSG00000063065	-0.025754	0.235152	0.520253	0.779029	0.545286	0.603446
ENSMUSG00000063077	0.457800	-0.048224	0.239930	-0.001880	0.503065	1.116611
ENSMUSG00000063087	0.189125	-0.022201	-0.551019	-0.371260	-0.659684	0.362822
ENSMUSG00000063108	0.180998	-0.411792	-0.058820	-0.253101	0.483166	0.255963
ENSMUSG00000063146	-0.487371	-0.181646	0.145626	0.742687	0.894539	1.163244
ENSMUSG00000063160	-0.163372	0.347855	0.165448	0.491187	0.517710	0.150400
ENSMUSG00000063172	0.245529	0.638990	0.503892	-0.210025	-0.105066	0.648064
ENSMUSG00000063179	-0.320510	-0.136999	-0.461450	-0.350940	-1.013651	-0.971860
ENSMUSG00000063200	-0.279845	-0.237129	0.151261	-0.289620	-0.486080	-0.183904
ENSMUSG00000063229	0.280727	0.629755	0.239123	-0.142986	-1.622423	-2.913844
ENSMUSG00000063234	0.744461	-0.195894	-1.080075	2.039065	1.291902	0.732288
ENSMUSG00000063235	0.328937	0.338792	-0.023249	-0.532697	-1.289757	-1.058092
ENSMUSG00000063236	0.065249	-0.076620	0.188921	0.211516	0.332562	0.297156
ENSMUSG00000063245	-1.055855	-1.724984	-0.309919	0.030989	-0.648845	-0.244896
ENSMUSG00000063253	0.173761	0.285147	0.038301	-0.811053	-0.511142	-0.482492
ENSMUSG00000063254	-0.150429	0.069396	-0.223196	-0.582684	-1.662563	-2.090101
ENSMUSG00000063268	-0.359134	-0.437710	-0.750100	-0.546702	-0.398488	0.084161
ENSMUSG00000063273	0.010124	0.278179	-0.290747	-0.716223	-1.219267	-1.051508
ENSMUSG00000063275	-0.096181	-0.303168	-1.435208	-0.893720	-2.353067	-2.390049
ENSMUSG00000063281	-0.114373	-0.399949	-0.693460	-0.779652	-0.459481	-0.424007
ENSMUSG00000063286	-1.197007	-2.515399	-1.710379	-1.414328	-0.972692	-0.865300
ENSMUSG00000063314	-1.028217	0.305024	1.410294	-0.857802	-0.631268	-1.401958
ENSMUSG00000063316	-0.223155	-0.063655	-0.085507	-0.372789	-0.808173	-0.322876
ENSMUSG00000063317	-0.099298	-0.482474	-0.225388	-0.924843	-0.837053	-1.420122
ENSMUSG00000063320	-0.238047	0.053971	-0.557324	-0.771558	-1.603176	-1.714543
ENSMUSG00000063334	0.059783	-0.194884	-0.329012	-1.075447	-1.215601	-1.492335
ENSMUSG00000063358	-0.111690	-0.083182	0.189692	0.042133	-0.022302	-0.198380
ENSMUSG00000063362	0.128252	0.158887	-0.161692	-0.807519	-0.295763	-0.740693
ENSMUSG00000063382	0.432706	0.084610	0.913942	0.290772	-0.089532	0.106529
ENSMUSG00000063383	0.081364	-1.013840	-1.324102	-0.400847	-0.833696	-0.484970
ENSMUSG00000063406	-0.227457	0.079869	-0.262340	-0.214365	-0.796814	-0.885540
ENSMUSG00000063410	-0.045998	-0.207613	0.364351	0.181224	0.382645	0.513080
ENSMUSG00000063412	0.263938	0.215970	0.531708	0.214217	-0.823359	-0.097120
ENSMUSG00000063439	-0.197461	-0.035645	-0.024914	0.494309	0.577482	0.484062
ENSMUSG00000063445	-0.112437	0.087759	-0.157415	0.105410	0.228151	-0.011104
ENSMUSG00000063450	0.221549	0.297282	1.323196	-0.406649	0.748956	-0.007999
ENSMUSG00000063455	1.131525	1.424708	1.158808	0.245296	-0.296061	-0.938632
ENSMUSG00000063457	-0.108900	-0.190425	0.057224	-0.296109	-0.049420	-0.129201
ENSMUSG00000063480	-0.121766	-0.063209	-0.041728	-0.439625	-0.109737	0.246873
ENSMUSG00000063511	-0.170628	-0.023848	0.192722	-0.205992	-0.274455	-0.302784
ENSMUSG00000063514	0.745538	0.078569	0.670803	-1.673451	-1.790552	-1.976514
ENSMUSG00000063522	-0.960594	-0.192083	0.566331	1.645705	1.189006	0.766699
ENSMUSG00000063524	0.025941	0.325932	0.262092	-0.098085	-0.999935	-2.117764
ENSMUSG00000063535	-0.045982	0.113238	-0.271450	0.763049	1.084791	1.545231
ENSMUSG00000063543	1.267260	-0.884520	1.056261	-1.302108	-1.724256	-0.479807
ENSMUSG00000063550	0.101858	-0.470768	0.001027	-0.247275	0.285640	-0.148441
ENSMUSG00000063576	-0.129130	0.045868	-0.056194	0.436731	0.225417	0.031107
ENSMUSG00000063594	-0.817656	-0.270976	-1.447640	0.058378	-0.945050	0.480932
ENSMUSG00000063646	0.078108	0.725250	0.915775	1.069967	1.827878	2.323591
ENSMUSG00000063659	-0.206711	0.014149	0.434698	0.165682	1.193439	1.118948
ENSMUSG00000063663	0.105976	0.067230	0.494915	0.019714	0.444297	0.507467
ENSMUSG00000063684	-0.202424	0.812533	2.125665	-1.184126	0.051573	0.426549
ENSMUSG00000063694	0.125979	0.326847	0.176574	-0.965012	-1.630422	-1.578902
ENSMUSG00000063696	-0.143439	-0.242728	-0.189561	-0.038958	0.377851	-0.072388
ENSMUSG00000063698	0.009043	0.464654	-0.815490	-0.126024	-0.785458	0.731947
ENSMUSG00000063704	-0.171506	-0.542468	-1.080949	0.606749	0.069872	-0.373898
ENSMUSG00000063714	0.185017	0.165695	-0.206130	0.362306	0.067835	-0.204636
ENSMUSG00000063730	-0.091075	0.364460	-0.075697	-0.392793	-0.664384	0.325768
ENSMUSG00000063757	0.322929	0.712661	0.735851	-1.010467	-0.987328	-0.184031
ENSMUSG00000063765	0.671424	0.454071	1.784327	0.998483	0.643609	0.816597
ENSMUSG00000063785	-0.122587	0.190985	-0.312820	-0.809834	-1.202027	-0.649384
ENSMUSG00000063787	0.179063	0.059388	0.016985	-0.526093	-0.334622	-0.284369
ENSMUSG00000063796	0.688273	0.190397	-1.076101	-1.583630	-1.621860	-2.155231
ENSMUSG00000063800	-0.066608	0.254529	-0.012875	-0.127553	-0.578784	0.024851
ENSMUSG00000063801	-0.000131	-0.059878	0.114204	0.375505	0.225663	0.192681
ENSMUSG00000063802	-0.203274	-0.214810	-0.372988	-0.454295	-0.827061	-1.346877
ENSMUSG00000063804	0.397272	0.081565	0.261363	-0.005458	-0.250549	0.375771
ENSMUSG00000063808	-0.069366	0.012163	-0.185480	-0.202702	-0.385483	0.053085
ENSMUSG00000063810	0.103503	0.086879	0.404172	0.237271	0.475268	0.417106
ENSMUSG00000063820	-0.168053	0.112746	1.299455	1.573201	0.935238	0.476436
ENSMUSG00000063849	-0.305903	0.071638	0.289571	1.117729	1.040688	1.204805
ENSMUSG00000063856	-0.111472	-0.205337	0.040530	0.726946	1.416286	1.088463
ENSMUSG00000063870	-0.157041	-0.030452	-0.090753	-0.477172	-0.571802	-0.235217
ENSMUSG00000063875	-1.502725	-2.530802	-1.458528	-1.651088	-1.114398	-1.914713
ENSMUSG00000063882	0.384020	0.331598	-0.075004	-0.062290	-0.367224	0.379656
ENSMUSG00000063884	0.027175	-0.017159	-0.617729	-0.790219	-1.241066	-1.553417
ENSMUSG00000063886	-0.081746	0.483703	-1.814831	0.130796	-0.459893	-0.208080
ENSMUSG00000063888	0.094001	0.126242	-0.408891	-0.585117	-0.816515	-0.757172
ENSMUSG00000063889	0.297639	0.745066	0.330176	1.615952	1.279092	1.363354
ENSMUSG00000063894	0.135451	-0.461039	-0.176771	-0.427992	0.208075	-0.115593
ENSMUSG00000063895	-0.228455	-0.450656	0.169925	-0.175649	-0.033018	-0.881505
ENSMUSG00000063902	0.276046	-0.096914	2.796534	-1.441640	-0.509897	0.055017
ENSMUSG00000063904	-0.091032	-0.005630	0.394840	0.251763	0.533704	0.507582
ENSMUSG00000063931	-1.572366	-1.370039	-1.424847	-1.376990	-1.269267	-1.473604
ENSMUSG00000063952	-0.032262	-0.019165	0.074179	0.184479	0.683038	0.857963
ENSMUSG00000063953	-0.099218	-0.550577	1.564607	-2.613349	-2.368668	-2.704054
ENSMUSG00000063972	-0.260905	-0.423806	-0.189776	-0.319755	0.141820	0.618984
ENSMUSG00000064030	-0.239154	-0.076852	-0.198110	0.160579	-0.076633	0.126295
ENSMUSG00000064032	-0.111456	0.728611	-1.034944	0.499351	-0.195865	0.137021
ENSMUSG00000064037	-0.173008	-0.269361	-0.546877	-0.777683	-1.328082	-1.266236
ENSMUSG00000064061	0.020973	-0.240187	0.255091	-0.185383	-0.127349	-0.439729
ENSMUSG00000064065	-0.013189	-2.336656	-1.506770	-1.022729	-0.933576	-0.040165
ENSMUSG00000064068	-0.234845	-0.143130	-0.224293	-0.302225	-0.728831	-0.890072
ENSMUSG00000064090	0.171261	0.418407	0.563446	0.513132	0.201244	0.552314
ENSMUSG00000064105	0.477447	-0.068590	-0.295622	1.191480	0.954764	0.961880
ENSMUSG00000064109	0.436884	-0.834231	-0.952969	0.239311	1.079744	0.147136
ENSMUSG00000064120	-0.122070	0.123391	-0.017682	0.638676	0.774972	0.979657
ENSMUSG00000064125	0.749501	-0.180528	-1.679273	-0.706432	-0.270769	-0.422189
ENSMUSG00000064127	0.159206	-0.523481	0.378336	0.130495	0.507811	-0.347843
ENSMUSG00000064128	0.371215	0.693309	1.059918	0.429970	1.153952	1.224865
ENSMUSG00000064138	-0.023546	-0.154416	0.145268	-0.109334	-0.037051	-0.223450
ENSMUSG00000064141	0.020330	-0.164086	-0.645493	-1.661171	-0.634189	-0.993687
ENSMUSG00000064145	-0.108051	-0.184076	0.156238	0.025641	0.189661	0.112498
ENSMUSG00000064147	-1.569945	-1.382878	-0.460811	-1.317755	-0.992280	-1.442093
ENSMUSG00000064168	-0.045955	0.479039	0.604330	-0.074874	0.080663	-0.231739
ENSMUSG00000064177	0.363331	1.007360	0.228889	-0.711983	-0.659189	-0.950143
ENSMUSG00000064181	0.431288	1.248490	0.810100	0.872792	0.752083	0.770443
ENSMUSG00000064193	-0.517078	1.030409	2.345445	-1.293116	-1.929100	-3.708326
ENSMUSG00000064208	0.724197	-0.250252	0.598521	-2.751740	-1.898911	-0.724229
ENSMUSG00000064210	0.605359	0.591084	0.177387	0.380340	0.889782	1.176136
ENSMUSG00000064215	-0.113292	0.071868	-0.046016	0.425712	0.740373	1.298705
ENSMUSG00000064254	-0.637447	-0.601126	-0.623262	-0.933867	-1.180956	-1.626314
ENSMUSG00000064262	-0.187708	-0.831074	-1.576813	-0.312444	0.060444	1.900660
ENSMUSG00000064264	0.470150	0.029579	-1.059064	-1.421846	-2.098842	-2.320648
ENSMUSG00000064267	0.858766	0.593091	0.930831	0.225532	-0.713730	-0.903220
ENSMUSG00000064281	0.341084	0.359809	2.168612	-0.839659	-0.809235	1.299422
ENSMUSG00000064284	-0.215004	-0.468916	-0.568117	-0.587737	-0.399582	-0.589263
ENSMUSG00000064288	-0.130616	1.409750	-0.080498	-1.029783	-0.990799	-1.138983
ENSMUSG00000064289	-0.206108	0.039597	-0.071464	-0.310705	-0.317000	0.001127
ENSMUSG00000064302	0.033721	-0.099438	0.418815	0.190859	0.823748	0.729861
ENSMUSG00000064307	-0.098023	-0.102432	-0.855149	0.612190	-0.338393	-1.005886
ENSMUSG00000064315	1.690018	0.178475	-0.667338	-1.450886	-0.711951	-1.494859
ENSMUSG00000064317	-0.358813	0.035084	1.241490	-1.028784	-2.460294	-1.119997
ENSMUSG00000064326	0.095873	-0.152341	-0.131208	-0.725082	-0.865787	-1.589377
ENSMUSG00000064337	0.212225	0.459861	-0.179961	-0.154950	-0.549466	-0.362389
ENSMUSG00000064339	-0.015064	0.349465	0.008042	-0.175833	-0.462347	-0.090001
ENSMUSG00000064341	-0.175537	0.042570	-0.070166	-0.178893	-0.213899	-0.706958
ENSMUSG00000064342	0.985898	-0.096788	-0.898858	-2.877381	2.008650	0.620114
ENSMUSG00000064343	0.229757	-0.087159	-0.136399	0.875836	-0.470178	1.466707
ENSMUSG00000064344	0.947839	0.616227	-1.015324	-1.313760	0.700065	1.034343
ENSMUSG00000064345	0.107089	-0.058354	-0.359207	-0.122128	-0.288396	-0.499010
ENSMUSG00000064346	0.840488	0.852361	0.937245	0.041535	1.075825	2.820038
ENSMUSG00000064347	0.826660	0.433168	-0.016998	1.819170	-0.776257	1.052752
ENSMUSG00000064351	-0.011182	-0.077448	-0.037597	-0.044106	0.084849	0.054233
ENSMUSG00000064354	-0.135970	-0.007506	-0.328504	-0.165357	-0.075290	-0.197918
ENSMUSG00000064356	0.050774	-0.421129	-0.476654	-0.068802	0.486068	0.321494
ENSMUSG00000064357	-0.029910	-0.120185	-0.565733	-0.042516	-0.039470	-0.367545
ENSMUSG00000064358	-0.024812	-0.039053	-0.220109	0.059587	-0.080732	-0.255348
ENSMUSG00000064360	-0.169196	-0.394634	-0.766296	0.081487	0.111485	-0.298788
ENSMUSG00000064363	-0.316247	-0.111757	-0.623008	-0.063987	-0.072907	-0.327577
ENSMUSG00000064367	-0.243357	-0.112495	-0.483748	0.038207	0.050071	-0.358006
ENSMUSG00000064368	-0.037456	0.268788	-0.820680	0.180131	-0.246459	-1.174823
ENSMUSG00000064370	-0.231614	0.054971	-0.203069	0.025756	-0.024082	-0.216759
ENSMUSG00000064371	0.619997	0.743524	-0.117918	0.545326	0.508456	0.792601
ENSMUSG00000064372	1.072572	2.511529	-1.863479	0.229271	1.600444	1.133270
ENSMUSG00000064373	-1.157899	-0.416465	-0.152363	1.034471	2.367368	3.516528
ENSMUSG00000064380	-0.525775	-0.959826	-0.942412	-0.855000	-1.099827	-1.857973
ENSMUSG00000064387	-0.531240	-1.296246	-0.835938	-1.080164	-0.704513	-0.523953
ENSMUSG00000064390	-0.491465	0.577848	2.134424	-2.075028	0.735737	-0.978392
ENSMUSG00000064427	-0.296362	0.006644	-1.231520	-2.433618	-0.355801	1.384347
ENSMUSG00000064437	-0.326675	0.064075	-0.223806	0.068441	0.127854	-0.533806
ENSMUSG00000064441	0.882758	0.488682	-1.416710	-0.485286	1.028786	1.857663
ENSMUSG00000064451	-0.234030	-0.988018	-0.777500	0.179257	-0.477550	-1.844692
ENSMUSG00000064493	-0.013622	-0.050530	0.617299	-0.908283	1.086451	0.784816
ENSMUSG00000064494	-0.241280	1.382214	0.237965	-1.291883	1.831426	3.976883
ENSMUSG00000064495	-0.205059	-0.228421	-0.454027	-0.869061	-0.054542	-0.935782
ENSMUSG00000064514	-0.741576	-0.190628	-0.250954	0.419859	-0.236347	-0.277273
ENSMUSG00000064542	-0.931622	-0.874058	0.008689	-2.405844	-1.194456	0.575107
ENSMUSG00000064558	0.153257	1.110387	0.094456	-1.734442	-1.335266	0.096522
ENSMUSG00000064563	-0.357456	-0.368068	-0.080116	0.149809	-0.341691	-0.948243
ENSMUSG00000064602	0.306217	-0.248615	-1.759640	-1.228747	-1.059486	-1.451600
ENSMUSG00000064620	0.015583	-0.523917	-0.526219	0.051241	-1.617520	-1.924294
ENSMUSG00000064634	-0.828429	-2.517447	0.767599	-1.616701	-0.334076	-1.407882
ENSMUSG00000064647	0.065080	0.949014	-1.081939	-0.404793	0.904430	1.135675
ENSMUSG00000064653	-0.112287	-0.061348	0.498207	-0.300719	0.340307	3.307722
ENSMUSG00000064655	-0.565889	-1.123987	0.140121	-0.120796	-1.074210	0.677163
ENSMUSG00000064672	-0.065686	0.006467	1.819467	-0.418912	0.799501	0.002835
ENSMUSG00000064696	-0.007773	-0.625334	-0.113956	-1.975069	-1.528372	-2.241961
ENSMUSG00000064731	0.110976	0.344279	-0.733872	0.463096	1.039895	0.175027
ENSMUSG00000064796	-0.009310	-0.910124	1.411149	0.489626	1.593866	1.415973
ENSMUSG00000064797	0.426642	0.581904	0.514188	-0.203427	0.148452	0.628673
ENSMUSG00000064837	-0.611313	-0.591923	-1.348301	-1.830766	-2.260121	-2.169498
ENSMUSG00000064841	0.147283	-0.242948	-0.242946	-1.222546	-0.849329	0.509654
ENSMUSG00000064844	0.206811	0.258331	-0.697584	-0.966634	-0.732166	0.711238
ENSMUSG00000064871	-0.513781	0.340386	-0.200079	1.064384	1.108785	-0.872892
ENSMUSG00000064899	0.062680	1.038868	0.748848	-1.011116	-4.758277	-3.528720
ENSMUSG00000064901	-0.943564	-1.368799	-1.226444	-4.067444	-1.753110	-1.993704
ENSMUSG00000064918	-0.586387	-0.180560	0.137819	-1.312244	-0.225231	-1.633482
ENSMUSG00000064925	-0.473711	-1.526474	-1.987522	-1.640816	-0.730231	-1.130519
ENSMUSG00000064952	-0.005872	0.142017	1.306788	-0.843495	-0.296235	-1.497435
ENSMUSG00000064970	0.599312	0.871621	0.767801	1.085773	2.064682	2.020062
ENSMUSG00000065037	-0.562039	0.385030	0.647289	-0.210414	1.334903	1.240728
ENSMUSG00000065041	-0.291172	-0.747185	-0.425444	-1.297293	-1.232064	-1.693172
ENSMUSG00000065047	1.728144	1.023942	-0.063928	-0.294954	0.509840	2.510823
ENSMUSG00000065061	0.569211	-0.501528	0.782635	-0.612972	-0.795675	-1.179245
ENSMUSG00000065089	-0.021158	-0.694553	-0.105094	-2.548364	1.925733	1.923775
ENSMUSG00000065097	0.491994	0.871401	-0.491498	-1.496417	-3.135148	-0.484676
ENSMUSG00000065107	1.242934	1.728936	1.193085	-0.961552	0.186728	1.353057
ENSMUSG00000065118	-0.571956	-1.551903	-0.074666	-1.787641	1.181732	1.184040
ENSMUSG00000065126	0.168787	0.676273	0.353295	0.343921	0.036591	0.234009
ENSMUSG00000065145	-0.214551	0.134407	-0.972392	0.073279	-1.768018	-1.775368
ENSMUSG00000065147	0.235070	0.579813	-0.491434	-1.392788	-0.836524	-0.057164
ENSMUSG00000065176	-0.617875	0.731759	1.274663	0.597361	-0.966534	-1.847192
ENSMUSG00000065191	0.711999	-0.241226	0.148282	0.391569	2.762870	4.085671
ENSMUSG00000065208	0.229115	0.146547	0.184264	0.902143	0.058106	-0.528680
ENSMUSG00000065211	0.922123	0.737939	0.184670	1.182190	1.352800	1.876056
ENSMUSG00000065226	-0.419164	0.182719	-0.119320	-0.399941	-0.852159	-1.011664
ENSMUSG00000065258	-0.089155	-0.632831	0.375511	0.573552	0.571674	0.634539
ENSMUSG00000065265	0.136923	0.360910	-0.313125	0.916113	0.925459	1.236088
ENSMUSG00000065273	0.146754	0.207992	0.064279	0.048497	1.132786	1.110958
ENSMUSG00000065282	-0.034571	-0.163274	0.076074	0.321757	-0.114178	-0.539074
ENSMUSG00000065287	0.528758	0.433949	-0.690624	-0.614014	-1.013381	-2.163122
ENSMUSG00000065301	0.800141	2.032903	2.447320	1.801406	1.484077	-1.520058
ENSMUSG00000065304	0.385825	-0.468046	-0.533581	-1.108391	-0.560089	0.522938
ENSMUSG00000065336	-0.482675	-0.308630	-1.074468	-1.090071	0.200943	-1.325599
ENSMUSG00000065353	-0.625452	-0.979391	-1.191354	-0.804232	-1.073718	-1.355225
ENSMUSG00000065362	-0.432471	-0.837938	-0.620296	0.050973	-0.157612	-0.818381
ENSMUSG00000065420	-0.156831	-0.336646	0.389084	1.078565	1.384974	2.436091
ENSMUSG00000065429	0.647345	0.085394	-0.559477	-1.766928	0.635488	1.615551
ENSMUSG00000065434	0.249964	-0.134564	-0.446064	1.694552	0.467084	2.496922
ENSMUSG00000065463	0.878582	1.744104	-0.212738	-2.235379	-1.837512	-0.779974
ENSMUSG00000065468	1.165474	1.369913	0.267898	-0.394176	-1.163755	0.229102
ENSMUSG00000065521	-0.121989	-0.349353	-0.367276	1.052615	2.791084	2.341279
ENSMUSG00000065579	0.525946	-1.026539	-3.117446	-0.526157	2.164496	2.357494
ENSMUSG00000065637	0.211800	-0.330655	-0.440418	-0.066516	0.179643	-0.275614
ENSMUSG00000065642	-0.582447	0.029998	-1.343878	-2.129283	-0.810122	-1.133640
ENSMUSG00000065649	-0.092137	-0.062726	-0.794147	-2.987073	-0.102826	-1.444351
ENSMUSG00000065663	0.116956	0.007684	-1.153571	-1.359364	-2.255312	-1.437899
ENSMUSG00000065669	0.029110	0.164617	1.308328	-0.219080	0.639054	1.483418
ENSMUSG00000065686	-0.391123	-0.714287	-2.060379	-3.075701	-0.970744	-2.266976
ENSMUSG00000065701	0.733844	-0.489714	-0.946157	0.920245	-0.280148	-1.324385
ENSMUSG00000065715	-0.713231	-0.851588	-0.053528	0.377806	-0.183858	1.121713
ENSMUSG00000065725	-1.134718	-0.188537	1.723040	-2.178232	-0.020641	-0.092143
ENSMUSG00000065734	-0.113357	-0.441273	-0.452640	-0.120512	-0.161592	-0.799715
ENSMUSG00000065738	0.005260	0.416631	0.241730	-0.327028	-1.050929	-0.760746
ENSMUSG00000065767	-0.193270	2.069042	0.975907	-0.179122	-0.309807	-1.492656
ENSMUSG00000065778	-0.363269	-0.681691	-0.273168	-1.236234	-0.352865	-0.394876
ENSMUSG00000065799	-0.686403	-0.118125	-1.162498	0.181751	0.009619	0.252424
ENSMUSG00000065822	-0.586621	-0.230275	-0.062205	-1.110908	-0.251712	-0.201847
ENSMUSG00000065870	-0.518636	1.217941	-0.640543	0.024368	-0.670575	-0.725115
ENSMUSG00000065893	0.788176	1.762865	2.224069	0.132402	-0.245937	0.121319
ENSMUSG00000065939	-0.910268	-0.902773	1.269988	-0.776368	1.276823	-0.790962
ENSMUSG00000065952	-0.604167	0.348328	-0.961483	1.122885	-0.135407	0.677786
ENSMUSG00000065954	0.022962	0.217675	0.515947	0.280261	0.955790	1.138999
ENSMUSG00000065979	0.137686	-0.217626	-0.415424	-0.658297	-0.859886	-0.829605
ENSMUSG00000065990	-0.203908	-0.241343	-0.107572	-0.280485	-0.744012	-0.637186
ENSMUSG00000066000	-1.367454	-3.079686	-1.534594	-0.682020	-2.039185	-1.480649
ENSMUSG00000066007	-1.735063	-1.230806	-2.162916	-2.320954	-2.276717	-2.603438
ENSMUSG00000066026	3.107076	3.243155	3.011203	5.204687	3.400904	3.345159
ENSMUSG00000066036	-0.019021	-0.247482	-0.404442	-0.569991	-0.111026	-0.026044
ENSMUSG00000066037	-0.001806	-0.117417	-0.311214	-0.304535	-0.561172	-0.793247
ENSMUSG00000066042	-0.293295	-0.045791	-0.242389	-0.408163	-0.748902	-0.643163
ENSMUSG00000066043	-0.126613	-0.077272	-0.186857	0.310543	0.441977	0.391278
ENSMUSG00000066107	0.053892	0.768886	0.119019	-0.110632	-0.657675	-0.709001
ENSMUSG00000066148	-0.062239	-0.172005	-0.055279	-0.090594	-0.134519	-0.229538
ENSMUSG00000066149	-0.152933	0.074484	-0.120806	-0.269260	-0.607308	-0.314836
ENSMUSG00000066150	0.357262	0.168484	0.262846	-0.075011	0.087801	-0.298171
ENSMUSG00000066151	-0.146937	-0.268091	0.046785	0.130191	0.216758	0.394254
ENSMUSG00000066152	0.143467	-0.349272	0.003492	1.604923	0.789195	1.804382
ENSMUSG00000066170	-0.499022	-0.520649	-0.302084	-0.191969	-1.358670	-0.914586
ENSMUSG00000066175	-0.430980	-0.764064	-0.566684	-0.314929	-0.150393	-0.563745
ENSMUSG00000066232	0.033868	-0.320648	0.449536	-0.368609	-0.209311	-1.121192
ENSMUSG00000066233	-0.263547	-0.460941	0.334810	0.229485	-0.296692	-1.294534
ENSMUSG00000066258	-0.307697	0.038038	0.296009	1.329210	1.172516	2.342271
ENSMUSG00000066278	0.311223	0.757300	0.673927	0.877064	0.819149	0.872090
ENSMUSG00000066306	0.172395	-0.050740	0.130678	0.090784	0.554798	0.504637
ENSMUSG00000066315	0.468483	0.247078	1.427144	-1.718342	-1.163851	-0.078750
ENSMUSG00000066324	0.230663	0.040062	0.477507	-0.268468	0.003646	-0.286619
ENSMUSG00000066357	0.046003	0.016272	0.902161	0.575407	1.776633	1.896180
ENSMUSG00000066382	0.132836	-0.372094	0.824383	0.893749	0.675660	1.682840
ENSMUSG00000066383	-0.697036	-0.583612	0.117602	-0.727648	-0.882547	-2.330673
ENSMUSG00000066406	-0.050563	-0.696765	-0.354633	-0.413280	0.042206	0.296915
ENSMUSG00000066415	0.010983	-0.156379	-0.190601	-0.007077	0.479363	0.457377
ENSMUSG00000066438	1.541654	-0.088516	-2.487932	-1.881349	-2.634040	-2.268211
ENSMUSG00000066440	0.052402	-0.038520	0.440852	0.626408	1.127146	1.522467
ENSMUSG00000066441	0.202672	0.167000	-0.151397	0.252723	0.338318	0.175226
ENSMUSG00000066442	-0.521236	-0.198297	-0.642579	0.232227	0.452784	0.042478
ENSMUSG00000066443	0.394571	0.489742	-0.316799	-0.584220	-0.805290	-0.174899
ENSMUSG00000066456	-0.458437	-0.749025	-1.541389	-0.659729	-0.535213	-0.168066
ENSMUSG00000066475	3.040244	1.737868	0.102749	-2.094358	-1.579537	-3.306727
ENSMUSG00000066487	-0.452201	-1.843455	-0.183542	0.034137	-0.039263	-1.886200
ENSMUSG00000066551	0.015427	0.208307	0.233788	-0.299273	-0.145454	-0.547143
ENSMUSG00000066568	-0.147959	-0.016170	0.352668	0.057125	0.348175	0.089152
ENSMUSG00000066571	-0.363767	-0.097863	0.762105	0.199020	0.575453	0.219890
ENSMUSG00000066595	0.291332	-0.190075	-0.362076	-0.993671	-0.641576	-0.807636
ENSMUSG00000066613	0.099666	0.674479	0.178193	-0.010593	-0.595579	0.330046
ENSMUSG00000066621	0.575618	0.676055	1.011483	1.896368	2.988087	3.434351
ENSMUSG00000066629	-0.397215	-0.441228	-0.475775	-0.857297	-0.759212	-0.648531
ENSMUSG00000066632	0.303082	1.299819	3.123697	-0.305202	-1.010490	-1.256654
ENSMUSG00000066637	-0.088655	-0.038398	-0.082147	0.412108	0.064298	-0.415090
ENSMUSG00000066640	0.160273	0.042120	-0.061851	0.345425	0.659969	0.690105
ENSMUSG00000066643	0.360439	0.155248	0.385039	-0.077659	-0.338521	-0.421814
ENSMUSG00000066647	-0.036431	0.317874	0.235028	0.425133	0.206366	0.269011
ENSMUSG00000066677	-0.139334	-0.777333	-0.460499	1.053062	0.083949	-0.705627
ENSMUSG00000066721	-0.682968	1.030833	-0.257444	0.591102	0.955259	0.278543
ENSMUSG00000066724	0.167110	0.722621	0.694289	0.564419	0.272756	-0.856783
ENSMUSG00000066735	-0.037633	-0.071941	-0.367570	-0.978706	-0.788184	-0.976713
ENSMUSG00000066760	0.546719	0.190548	-0.229184	-0.662668	-0.467828	-0.231588
ENSMUSG00000066798	-0.409905	-0.496559	0.092936	-0.331686	0.329190	-0.188212
ENSMUSG00000066800	-0.217431	-0.636554	-0.207805	0.345398	1.132504	1.518905
ENSMUSG00000066807	-0.869987	-0.587997	1.767930	0.181852	-0.935446	0.089772
ENSMUSG00000066829	-0.023349	0.471688	0.405005	0.907206	1.585025	1.869891
ENSMUSG00000066838	0.390439	0.408585	-0.339721	0.098212	-0.225080	0.287906
ENSMUSG00000066839	-0.069592	0.111358	-0.240708	-0.392469	-1.005574	-1.111500
ENSMUSG00000066850	-0.390526	-0.610326	-0.669703	-1.264176	-0.613120	-0.104217
ENSMUSG00000066878	0.315148	-0.039568	2.399887	-1.183821	-0.694917	0.428350
ENSMUSG00000066880	0.121277	0.701435	0.048771	-0.457933	-0.241551	0.586425
ENSMUSG00000066892	-0.267686	-0.165300	-0.271169	0.630296	0.593827	0.335778
ENSMUSG00000066900	0.080699	0.239819	0.091655	0.191905	0.236770	0.437841
ENSMUSG00000066902	-0.638803	-0.144534	0.024628	-0.984677	-1.025843	-0.190732
ENSMUSG00000066979	-0.071627	-0.132925	-0.002386	-0.053880	0.175367	-0.057656
ENSMUSG00000067017	-1.075715	-1.195590	0.575192	-0.420231	0.214086	0.431796
ENSMUSG00000067038	-0.795251	-0.000986	-0.106010	-0.492401	-1.905453	-1.579190
ENSMUSG00000067071	-0.248990	0.032188	0.436631	-0.041064	0.570994	0.979132
ENSMUSG00000067121	0.193763	0.087451	0.770071	-0.821623	-1.140711	-0.029986
ENSMUSG00000067148	-0.095607	-0.058998	-0.321210	-0.067121	-0.339870	-0.615762
ENSMUSG00000067150	0.092091	-0.480202	-0.223420	-0.531730	-0.195871	-0.222390
ENSMUSG00000067194	-0.286394	-0.304085	-0.430184	-0.305751	-1.086718	-1.581409
ENSMUSG00000067199	-0.859226	-0.339205	-0.282177	0.231070	0.952040	1.470767
ENSMUSG00000067203	0.084672	-0.111062	-0.191000	0.437344	1.662294	1.840043
ENSMUSG00000067206	0.813194	0.658297	1.274436	0.392826	-0.180679	-0.233631
ENSMUSG00000067212	-0.421867	0.147319	0.336642	1.580504	2.178988	2.728639
ENSMUSG00000067224	0.196949	-0.947623	0.379303	0.190688	0.972173	-1.233052
ENSMUSG00000067235	-0.377646	-0.386967	0.643978	-0.201486	0.575328	1.633072
ENSMUSG00000067274	-0.039364	0.049362	0.039732	-0.260190	-0.118483	-0.092976
ENSMUSG00000067288	-0.003415	0.115228	-0.209553	0.226225	-0.142475	-0.014879
ENSMUSG00000067336	1.062604	0.916187	1.580782	1.182957	1.541010	1.799737
ENSMUSG00000067344	0.133755	0.171058	0.894027	-1.419063	-0.658099	0.410755
ENSMUSG00000067352	1.128074	0.465407	0.250027	0.758765	2.190906	2.204202
ENSMUSG00000067365	-0.242120	-0.425792	-0.056701	0.095623	0.186536	0.035705
ENSMUSG00000067367	-0.022670	0.219950	-0.256183	-1.477126	-2.308280	-1.951519
ENSMUSG00000067369	0.023752	0.088169	0.004862	0.446404	0.143508	-0.002297
ENSMUSG00000067370	-0.050712	-0.396729	0.216843	-0.398097	-1.376248	-2.374459
ENSMUSG00000067424	-0.217395	-1.375719	-0.598954	0.368884	-0.123258	-0.753803
ENSMUSG00000067430	0.278746	0.297802	0.345210	-0.559790	-0.212950	0.071436
ENSMUSG00000067455	0.093813	0.476914	-0.284140	-1.407683	-1.527791	-1.698384
ENSMUSG00000067547	0.285549	0.375083	0.925249	-0.811786	-2.037076	-1.531379
ENSMUSG00000067567	-0.286828	-0.046710	-0.092925	-0.040948	0.955457	1.561004
ENSMUSG00000067629	0.368179	0.269844	1.752624	0.624736	0.468959	0.036652
ENSMUSG00000067642	-0.085186	-0.299511	0.669923	1.831626	2.648518	2.306341
ENSMUSG00000067653	-0.427400	-0.377494	-0.640291	0.334459	0.364203	0.658613
ENSMUSG00000067713	-0.242727	0.134865	0.281534	0.425301	0.336056	0.277123
ENSMUSG00000067714	-0.389489	-1.411132	-0.812242	-1.937947	-1.933052	-2.764468
ENSMUSG00000067719	-1.190260	-0.690123	0.596211	0.063523	0.086425	-0.477945
ENSMUSG00000067722	-0.080940	-0.574557	-0.604664	-1.011846	-1.637800	-1.716692
ENSMUSG00000067787	-0.009914	-0.348200	0.038217	0.372850	0.364629	0.872086
ENSMUSG00000067825	-0.274792	-1.386319	-0.827882	-0.771758	-0.633623	-1.064754
ENSMUSG00000067833	0.644128	-2.563667	0.023115	-1.998447	0.858634	1.072046
ENSMUSG00000067847	-0.245291	0.070585	-0.116529	-0.360649	-0.810792	-1.082057
ENSMUSG00000067851	0.144043	-0.250053	0.284337	0.074918	0.413792	0.350335
ENSMUSG00000067870	0.549985	0.568281	1.897584	-2.016697	-1.121291	1.421025
ENSMUSG00000067873	-0.033052	-0.015429	-0.274076	-0.543274	-1.005102	-0.640323
ENSMUSG00000067889	-1.564733	-0.715542	-1.881067	-1.381458	0.074991	0.607599
ENSMUSG00000067916	-0.397240	-0.048503	-1.570748	-1.097325	-0.876637	-0.154020
ENSMUSG00000067928	0.055177	-0.171903	0.358667	0.368006	1.135242	1.650092
ENSMUSG00000067931	-1.039627	1.253022	0.070480	-0.312910	-0.069588	-0.717316
ENSMUSG00000067942	-0.102334	-0.095540	0.072401	0.155852	0.486330	0.964430
ENSMUSG00000067995	-0.248783	-0.369433	-0.087067	0.035261	-0.569437	-0.628597
ENSMUSG00000068015	-0.053042	0.141530	0.814653	0.630782	1.950114	2.241105
ENSMUSG00000068036	-0.117643	0.068316	-0.296416	-0.174020	0.569539	0.624066
ENSMUSG00000068039	-0.059147	-0.073024	-0.139195	-0.558210	-0.821225	-0.792226
ENSMUSG00000068040	-0.148631	-0.050336	-0.062151	-0.244340	-0.087874	-0.329238
ENSMUSG00000068101	-0.204162	0.144491	0.342008	0.294965	0.146019	-0.235291
ENSMUSG00000068105	0.033350	-0.547096	-0.659875	-1.486869	-1.664284	-1.232769
ENSMUSG00000068113	-0.386916	0.902959	0.767814	0.800673	0.609432	1.548236
ENSMUSG00000068114	-0.024162	0.457024	0.493393	0.837568	0.701627	0.562249
ENSMUSG00000068115	-0.318107	0.466914	0.916998	0.515134	1.101079	1.490491
ENSMUSG00000068120	-0.340099	0.182375	0.743816	0.217757	0.462868	0.034354
ENSMUSG00000068129	0.416589	-0.112444	-1.540951	-1.871170	-2.794326	-3.276266
ENSMUSG00000068134	0.011473	-0.131370	-0.765563	-0.084615	0.144662	0.134017
ENSMUSG00000068141	-1.063876	0.453387	1.382032	-0.314219	-2.383982	-1.020858
ENSMUSG00000068154	-0.040467	-1.184570	-0.168728	-2.175806	-1.162217	-0.700190
ENSMUSG00000068184	-0.091264	-0.047935	-0.442866	-0.147050	-0.579696	-1.154618
ENSMUSG00000068206	-0.234195	0.089446	-0.181035	0.083431	-0.111825	0.340528
ENSMUSG00000068220	0.228600	0.020128	-0.023899	-0.228595	-0.251794	-0.245862
ENSMUSG00000068221	-0.014437	0.208225	-0.005618	-0.704490	-1.220281	-1.679664
ENSMUSG00000068240	-1.478293	1.471917	0.576139	-0.894875	-0.826122	-2.137378
ENSMUSG00000068245	0.078434	0.149611	-0.173348	0.584283	-0.823741	0.240303
ENSMUSG00000068250	-0.446966	0.083701	0.197071	0.680226	0.917070	0.434534
ENSMUSG00000068262	-0.240637	-0.032911	-0.646850	-0.397431	-0.026114	-0.725221
ENSMUSG00000068264	-0.029844	0.502397	-0.012475	0.513822	0.571784	0.707602
ENSMUSG00000068267	-0.489778	-0.785877	-0.350420	-1.017929	-1.081507	-0.877240
ENSMUSG00000068284	-0.022407	-0.415373	0.282996	-0.161744	0.129123	-0.074295
ENSMUSG00000068290	-0.149418	0.298312	0.168193	0.499479	0.057065	0.046015
ENSMUSG00000068299	-0.469213	-0.961035	0.018357	0.906166	2.216931	1.970252
ENSMUSG00000068328	-0.042756	-0.145086	-0.549490	-0.356805	-0.190820	-0.461802
ENSMUSG00000068329	0.024229	-0.316072	-0.937805	-1.442803	-1.626150	-1.907194
ENSMUSG00000068335	0.054825	-0.427901	-0.253382	-0.563871	-0.128663	0.331199
ENSMUSG00000068391	-0.128901	-0.179300	-0.240881	-0.274308	-0.403373	-0.489463
ENSMUSG00000068394	-0.096539	0.018911	-0.036311	-0.043486	0.259174	0.266536
ENSMUSG00000068417	-1.233300	-2.449791	-4.042346	-3.262693	-3.504655	-3.684543
ENSMUSG00000068457	-0.013792	-1.121171	-0.895132	-0.092303	-0.079936	-0.333561
ENSMUSG00000068479	-0.004042	0.027981	0.805401	0.699822	0.702184	0.650235
ENSMUSG00000068523	-0.108276	-0.037488	-0.170335	0.053940	-0.845419	-0.690416
ENSMUSG00000068579	-0.001561	-0.604131	-0.191169	-0.906732	-0.532057	-0.859204
ENSMUSG00000068580	-0.069093	0.318948	0.013989	0.346855	0.235876	0.480615
ENSMUSG00000068638	0.178783	-0.186262	0.691307	1.031108	1.183912	0.337239
ENSMUSG00000068663	0.002345	0.025426	0.119306	-0.015297	-0.039825	-0.036811
ENSMUSG00000068686	0.308814	0.462091	-0.799923	1.896957	1.500292	1.381335
ENSMUSG00000068699	-0.388338	0.726866	0.616673	2.074463	3.284046	2.264875
ENSMUSG00000068732	-0.175203	-0.113421	0.139236	0.285045	0.670641	0.656790
ENSMUSG00000068735	0.704457	0.489932	0.692515	0.435797	0.536858	0.557069
ENSMUSG00000068739	0.145683	0.377119	0.227041	0.051172	-0.565153	-0.399892
ENSMUSG00000068742	-0.093845	-0.352522	0.107167	-0.779940	-0.686579	-0.723677
ENSMUSG00000068744	0.037200	-0.189947	-1.001459	-0.951915	-0.730588	-0.544262
ENSMUSG00000068749	-0.213316	-0.104749	-0.365118	-0.176540	-0.360280	-0.591476
ENSMUSG00000068758	-0.254834	0.092211	0.845677	1.357125	0.398564	-0.798908
ENSMUSG00000068794	-0.504849	-0.640393	-1.466497	-0.688340	-1.340167	-1.393106
ENSMUSG00000068798	-0.000902	0.080018	0.008013	0.104258	-0.162642	0.143881
ENSMUSG00000068823	0.070790	-0.093684	0.013840	-0.028772	0.113908	0.041609
ENSMUSG00000068854	0.514779	0.502571	1.146749	2.081883	2.645005	2.490333
ENSMUSG00000068855	-0.269075	0.088354	-0.145481	0.399042	-0.203111	-1.671161
ENSMUSG00000068856	-0.248761	0.019812	-0.141501	-0.012923	-0.315970	-0.606400
ENSMUSG00000068874	0.262541	1.088659	1.299418	1.791494	0.174704	-0.078217
ENSMUSG00000068877	-0.971317	0.830046	0.514868	1.531870	0.656737	-0.477732
ENSMUSG00000068882	0.153287	0.190467	0.505884	-0.754922	-0.993875	-0.595827
ENSMUSG00000068917	-0.183438	0.148871	-0.432614	0.283880	-0.022178	0.185962
ENSMUSG00000068921	-0.128833	-0.036979	0.058140	-0.232257	-0.563887	-0.743909
ENSMUSG00000068922	-0.144346	0.028993	-0.897578	-0.775630	-1.350695	-1.595472
ENSMUSG00000068923	-0.043898	0.116905	-0.277830	0.812845	0.439423	0.426251
ENSMUSG00000068959	-0.290869	-0.428719	0.888137	0.104896	0.357011	0.629819
ENSMUSG00000068966	0.240658	-0.715501	-0.789802	-1.026336	-0.541524	-0.095525
ENSMUSG00000069011	0.254714	0.139354	1.652641	-0.660073	-0.952096	-0.174145
ENSMUSG00000069020	-0.197993	-0.191822	-0.340449	-0.136793	-0.497642	-0.252152
ENSMUSG00000069045	-0.564305	-0.692327	-0.600929	-0.809531	-0.694676	-0.584216
ENSMUSG00000069049	-0.923861	-1.143267	-0.968575	-0.426377	-0.421455	-0.661101
ENSMUSG00000069072	-0.683269	-0.506287	-0.990482	-1.179936	-1.954962	-2.012152
ENSMUSG00000069089	-0.086848	-0.167315	-0.243736	-0.148725	-0.537038	-0.313896
ENSMUSG00000069094	0.124263	0.875158	1.033685	1.200296	0.599718	0.006940
ENSMUSG00000069114	0.002966	-0.262902	-0.204264	-0.418951	0.249908	0.690715
ENSMUSG00000069117	-0.464473	0.125049	0.265556	-0.169546	0.225131	0.142742
ENSMUSG00000069135	0.097784	0.077999	-0.025807	-0.085752	-0.218306	-0.027216
ENSMUSG00000069136	-0.189643	-0.371402	0.746752	1.470147	3.689061	3.590179
ENSMUSG00000069184	-0.506679	-1.289924	-2.475130	-2.282623	-1.100319	-0.959245
ENSMUSG00000069206	0.006155	-0.160834	-0.519913	-0.190647	0.273654	0.108704
ENSMUSG00000069208	0.288898	0.578652	0.347096	-0.495609	1.241241	0.921164
ENSMUSG00000069237	0.548808	0.573452	0.626175	0.314874	0.989686	0.605978
ENSMUSG00000069255	0.930120	1.459199	0.744195	1.630691	2.987449	3.512906
ENSMUSG00000069265	0.080443	0.437401	0.566627	0.790790	-0.148513	-0.643145
ENSMUSG00000069266	0.329153	0.394554	0.866613	-0.551290	0.328209	-0.694139
ENSMUSG00000069267	0.023301	-0.039791	-0.656669	0.218264	-0.151248	-0.143053
ENSMUSG00000069268	0.173853	0.099646	-0.664211	-1.753194	-0.743229	-1.174991
ENSMUSG00000069270	-0.078364	0.973346	0.539000	1.157512	-0.398752	-0.966263
ENSMUSG00000069272	0.108096	-0.061599	0.063265	0.081552	0.259720	-1.076136
ENSMUSG00000069273	0.342875	0.131468	-0.264183	0.484127	-0.756965	-1.603721
ENSMUSG00000069274	0.349512	0.121946	0.197851	-0.871944	-1.208427	-2.083880
ENSMUSG00000069300	0.025157	0.454010	0.269048	-0.533662	-0.797800	-0.679591
ENSMUSG00000069301	0.464987	-0.150195	-0.063233	0.000786	-0.215026	-0.915313
ENSMUSG00000069302	-0.480258	-0.399455	-0.467732	-1.400083	0.791918	-2.411959
ENSMUSG00000069305	0.318754	0.638662	1.516867	0.070234	0.895612	-0.238745
ENSMUSG00000069308	0.438199	0.813011	-1.481595	-0.136617	-1.707904	-1.003885
ENSMUSG00000069309	-0.563115	0.459184	-0.367535	-0.536246	-0.930400	-1.651287
ENSMUSG00000069310	0.083961	-0.266089	-0.329065	-0.114511	-0.111850	-1.075472
ENSMUSG00000069312	0.444810	0.110445	-0.354981	-1.264123	-0.547611	-0.787155
ENSMUSG00000069495	-0.142172	0.079566	0.189211	0.439511	0.535907	0.451133
ENSMUSG00000069516	2.936014	2.661057	0.919151	-2.370358	-2.063333	-2.935952
ENSMUSG00000069520	0.016286	0.259729	0.195534	0.508605	0.549802	0.563811
ENSMUSG00000069539	-0.125647	0.165336	0.044083	0.568060	0.686915	0.753894
ENSMUSG00000069540	-0.359312	-1.769611	-0.825495	0.680692	2.129706	2.082945
ENSMUSG00000069565	-0.112317	0.165731	-0.062819	0.239075	-0.167660	-0.592550
ENSMUSG00000069631	-0.154920	0.056742	-0.309244	0.143247	0.037453	-0.049225
ENSMUSG00000069633	-1.385213	-0.415219	-0.180919	1.029316	-0.192004	-0.144954
ENSMUSG00000069678	0.360794	0.068292	-0.266436	0.447083	0.226796	0.884065
ENSMUSG00000069682	0.387868	0.447732	1.415402	-0.995099	-0.836947	0.465597
ENSMUSG00000069713	-0.386785	0.147295	0.504505	1.143564	1.633148	1.324786
ENSMUSG00000069729	0.301973	0.082620	0.427856	0.630496	1.322212	1.432509
ENSMUSG00000069744	-0.077138	0.015645	-0.117027	-0.056754	-0.192808	-0.371816
ENSMUSG00000069769	0.156218	-0.122242	-0.369389	-0.752201	-0.376431	-0.377205
ENSMUSG00000069793	0.670929	-2.325812	-0.909295	-1.989279	-1.172543	-1.215992
ENSMUSG00000069805	-0.330867	-0.620086	-0.952118	-2.064367	-2.984553	-3.394036
ENSMUSG00000069808	-0.036236	0.750937	0.274837	0.046594	-0.234757	0.369604
ENSMUSG00000069830	-0.021167	-0.611196	-2.122550	-1.316271	-0.738737	-1.203741
ENSMUSG00000069833	-0.004314	0.155930	1.446255	0.791633	2.220033	2.462349
ENSMUSG00000069844	-0.254989	-0.400583	-0.554855	-0.525361	-0.983538	-1.212299
ENSMUSG00000069862	2.292098	1.260209	-0.233178	-0.150714	-0.524282	-0.408646
ENSMUSG00000069874	-0.261162	0.575152	1.372793	1.694352	0.631438	0.594075
ENSMUSG00000069892	1.828511	1.156070	1.728074	2.105711	2.025655	2.698601
ENSMUSG00000069893	1.644436	0.947128	1.778314	2.767880	2.457653	2.732547
ENSMUSG00000069895	0.202421	0.243108	0.455495	0.360595	1.077355	0.912393
ENSMUSG00000069899	0.714938	-0.573920	-2.085716	-0.168424	-1.585702	0.050246
ENSMUSG00000069910	0.234965	0.323260	0.372473	0.050939	-0.159735	-0.032041
ENSMUSG00000069920	0.010241	0.580304	0.416676	-0.441902	1.491685	1.615931
ENSMUSG00000069939	0.114888	0.512592	-0.361876	-0.117233	-0.550535	-1.811099
ENSMUSG00000069972	-0.248625	0.630084	1.103746	-1.136381	-1.403813	-0.689635
ENSMUSG00000070000	-0.142026	0.174060	0.437462	0.221730	0.416199	0.382604
ENSMUSG00000070002	-0.181087	-0.310013	-0.081851	-0.074302	0.038533	0.134601
ENSMUSG00000070003	-0.310353	-0.299879	-0.386171	-0.386018	-0.814028	-1.285822
ENSMUSG00000070025	-0.231941	0.246699	-0.852426	0.810307	0.163800	-1.181168
ENSMUSG00000070031	-0.348185	-0.064493	0.310990	1.204780	1.172071	1.671275
ENSMUSG00000070034	-0.610279	-0.126156	0.272698	0.247929	0.260706	1.282087
ENSMUSG00000070047	1.681566	1.709070	2.482767	3.111046	4.097864	3.434205
ENSMUSG00000070063	0.603564	-0.389823	-1.080381	-1.523057	-0.557848	-1.027299
ENSMUSG00000070111	-0.674037	-1.136757	-2.020370	-2.594751	-2.164019	-1.941479
ENSMUSG00000070167	-0.077194	-0.149509	-1.027014	-0.767729	-2.160861	-1.425721
ENSMUSG00000070282	-0.288810	0.138413	-0.333026	-0.112466	-0.629175	-0.425069
ENSMUSG00000070283	0.014341	-0.116547	-0.038480	0.554266	1.028219	1.213339
ENSMUSG00000070284	-0.207333	-0.039177	0.338537	-0.072426	0.035961	0.039958
ENSMUSG00000070304	-1.346151	-2.778250	-2.544656	-0.631486	-0.525011	-0.207612
ENSMUSG00000070305	-0.775111	0.337836	-0.166888	1.464497	0.387409	1.384332
ENSMUSG00000070315	0.439300	0.416105	0.432546	0.507286	0.663413	1.550320
ENSMUSG00000070319	0.048105	-0.220072	-0.134925	-0.602813	-0.395977	-0.433754
ENSMUSG00000070327	-0.037032	-0.273273	0.110103	-0.385286	0.396087	0.890256
ENSMUSG00000070336	-0.012148	-1.369367	-0.115099	2.296798	1.610966	1.513719
ENSMUSG00000070342	-1.204794	-0.772301	-0.210599	-0.733066	-0.986278	-1.665226
ENSMUSG00000070343	0.508497	0.371722	0.981929	-0.132085	-0.933649	0.981391
ENSMUSG00000070348	1.898400	0.352399	-1.587305	-2.703918	-3.561804	-4.130702
ENSMUSG00000070371	-0.510434	-0.197122	-0.833495	-0.117936	-0.552081	-0.251108
ENSMUSG00000070372	0.056827	-0.277013	0.380306	0.125261	0.677843	0.412427
ENSMUSG00000070390	0.431933	-0.539745	-1.933514	-2.513534	-2.041985	-2.119830
ENSMUSG00000070392	0.593767	1.067937	0.493336	0.645342	-0.057871	0.092712
ENSMUSG00000070394	0.023057	-0.096103	-0.150499	0.051931	-0.175870	-0.190565
ENSMUSG00000070407	-0.213350	-1.155389	-1.394674	-2.712170	-2.469795	-3.128413
ENSMUSG00000070420	-0.108807	-0.062640	0.592840	0.239624	0.727940	0.853812
ENSMUSG00000070424	-0.369212	-0.180155	-0.393461	1.023212	0.322434	0.565617
ENSMUSG00000070425	-0.286593	0.423071	0.287837	0.416898	-0.401682	-0.617104
ENSMUSG00000070426	-0.279008	0.314058	-0.384432	0.195466	-0.497869	-0.290239
ENSMUSG00000070427	-0.121821	0.213404	0.166712	0.357166	0.163245	0.706799
ENSMUSG00000070461	0.033897	0.104004	0.744928	-0.360008	0.799132	0.390753
ENSMUSG00000070462	0.076315	-0.980206	-0.009315	-0.528912	1.262993	1.664318
ENSMUSG00000070490	0.702355	0.647664	-0.107027	0.214590	0.639067	-1.643643
ENSMUSG00000070493	-0.352538	-0.181647	0.041709	-0.134818	-0.212344	-0.271288
ENSMUSG00000070495	0.005812	-0.537922	-0.912418	0.998807	0.449339	0.496539
ENSMUSG00000070520	0.068095	0.145251	-0.015129	-0.030190	-0.404058	-0.387011
ENSMUSG00000070544	-0.000631	0.068504	0.004043	0.629829	0.209369	-0.098679
ENSMUSG00000070565	0.065707	-0.341070	0.836004	0.455902	0.215845	0.065244
ENSMUSG00000070570	-0.028883	0.055794	0.307722	0.625687	1.014258	1.018376
ENSMUSG00000070583	-0.387580	-1.396491	0.070001	-0.380166	0.421290	-0.459886
ENSMUSG00000070604	-0.325864	-0.099855	-0.254525	0.653908	0.285277	0.156181
ENSMUSG00000070605	-0.126597	-0.600660	-0.918134	-0.427214	-0.300009	0.373904
ENSMUSG00000070610	-0.849227	-0.267331	0.881717	-1.141701	-0.700278	-0.532419
ENSMUSG00000070632	-0.514854	-0.214818	0.411709	-0.041818	0.037971	0.704468
ENSMUSG00000070639	0.424552	0.190041	0.973525	0.115948	1.464406	0.972987
ENSMUSG00000070683	0.530300	1.305220	2.695668	2.572922	3.460445	3.847085
ENSMUSG00000070691	0.157974	1.080341	1.481940	0.634521	0.372305	0.301591
ENSMUSG00000070697	0.084155	-0.139144	0.452473	-0.497706	-0.058920	0.229286
ENSMUSG00000070699	-0.129963	-0.079922	-0.065514	-0.106273	-0.318401	-0.758519
ENSMUSG00000070705	0.377251	-0.062972	0.297664	-0.224150	0.404155	0.428525
ENSMUSG00000070709	-0.012802	0.278874	0.030378	0.401825	0.455586	1.389843
ENSMUSG00000070713	-1.678270	0.049567	1.968925	-0.551346	-1.538867	-2.037067
ENSMUSG00000070729	0.212627	-0.266003	1.662178	-1.145194	-0.794734	0.148016
ENSMUSG00000070730	-0.216209	-0.043444	-0.303963	-0.921658	-1.402262	-1.239982
ENSMUSG00000070733	-0.162259	0.001994	0.272656	0.286090	0.911266	1.040706
ENSMUSG00000070737	0.194378	0.446655	-0.368889	1.200622	1.130243	1.022210
ENSMUSG00000070738	0.034605	-0.158951	0.105260	0.670034	1.895540	2.212314
ENSMUSG00000070780	-0.672964	0.584915	0.650378	1.084315	-0.250501	-0.857554
ENSMUSG00000070806	-0.387775	-0.787791	-0.498975	-0.362743	0.899630	1.498784
ENSMUSG00000070808	-0.142991	0.519577	0.635825	1.988890	2.233842	2.110273
ENSMUSG00000070814	-0.375607	-0.085302	0.080384	0.187228	0.180688	0.117880
ENSMUSG00000070837	-0.261221	0.648119	1.505747	1.029955	1.366866	1.129987
ENSMUSG00000070871	0.370367	0.454970	0.637057	0.158401	-0.433113	-0.442518
ENSMUSG00000070883	-0.207138	-0.400588	0.598940	0.606450	0.649572	2.241973
ENSMUSG00000070891	0.872218	1.191053	0.303893	-0.464737	-0.146910	1.330952
ENSMUSG00000070923	0.102931	-0.771903	-0.520681	-0.929546	-0.080140	-0.017175
ENSMUSG00000070934	-0.053498	0.046982	0.515625	-0.165548	0.071982	-0.144755
ENSMUSG00000070939	0.011074	-0.171714	0.264190	0.231418	0.646127	0.714225
ENSMUSG00000070953	0.275166	0.045392	-0.662952	-0.709815	-1.402993	-1.405834
ENSMUSG00000070960	-1.289182	-0.689221	0.308526	-1.706248	-1.627109	-2.408781
ENSMUSG00000070972	-0.104159	-0.060039	-0.611706	-0.676555	-0.833122	-0.680769
ENSMUSG00000070997	-0.755413	0.331782	1.368087	1.007328	0.549698	-0.527507
ENSMUSG00000071014	-0.153530	-0.145536	-0.285438	0.042722	-0.831801	-1.303226
ENSMUSG00000071035	-0.021361	0.808477	-0.062878	-0.163035	-0.163746	-1.018444
ENSMUSG00000071037	-0.040148	-0.159559	0.157116	0.279328	0.206227	0.577823
ENSMUSG00000071041	0.224612	-0.132468	-0.216192	-0.181560	-0.618893	-1.295370
ENSMUSG00000071042	4.456687	0.818703	0.898926	2.072181	2.862680	3.501995
ENSMUSG00000071052	-0.169514	0.130181	0.457665	-0.760551	0.318273	-0.209536
ENSMUSG00000071054	-0.003520	0.453339	0.300457	0.052820	-0.164524	-0.072156
ENSMUSG00000071064	-0.304369	0.077561	-0.496432	-0.660077	-1.288923	-0.803074
ENSMUSG00000071068	-0.383850	-0.517054	-0.448738	0.250331	0.826236	1.114248
ENSMUSG00000071072	-0.175778	-0.341137	-0.381627	-0.638354	-1.391490	-1.777865
ENSMUSG00000071073	0.614874	1.415020	0.761618	1.130565	0.893321	0.719184
ENSMUSG00000071074	-0.143358	-0.035086	0.000226	0.547728	0.705543	0.787660
ENSMUSG00000071076	-0.925049	-0.580529	0.019628	0.532806	0.823699	1.468826
ENSMUSG00000071078	-0.167770	-0.414334	-0.784268	-0.645892	-0.772117	-1.362419
ENSMUSG00000071103	1.105050	0.303953	0.375225	1.348741	0.919235	1.128341
ENSMUSG00000071107	0.323321	-0.255801	-0.000732	0.045847	-0.605097	1.488514
ENSMUSG00000071112	-0.257628	0.154227	-0.491732	0.032544	-0.423294	-0.797359
ENSMUSG00000071151	0.899534	0.375841	-0.379433	-2.213522	0.079134	-1.172513
ENSMUSG00000071172	0.013568	0.389538	0.015689	0.044146	-0.323422	-0.264048
ENSMUSG00000071180	-0.164131	0.080418	0.420964	-0.179049	0.040303	0.056264
ENSMUSG00000071192	-0.039264	0.140773	-0.047813	0.081627	-0.104135	-0.532784
ENSMUSG00000071202	-0.574742	0.382252	-0.405138	0.002862	-0.345310	-0.134194
ENSMUSG00000071203	-0.348028	0.233672	0.194531	1.182376	1.284886	1.843925
ENSMUSG00000071226	-0.816263	-1.256687	-0.944275	0.526779	0.997145	1.086906
ENSMUSG00000071229	-0.394224	0.861115	-0.806981	-0.899021	-0.415049	-0.052201
ENSMUSG00000071252	0.205159	0.138808	-0.330176	-0.609778	-0.636013	-0.156216
ENSMUSG00000071253	-0.174873	-0.354267	0.062134	-0.349458	0.380282	-0.066038
ENSMUSG00000071256	-0.187568	-0.020789	-0.191035	-0.415559	-0.292123	-0.325379
ENSMUSG00000071266	-0.283316	-0.905304	0.188235	0.094490	0.189365	0.076779
ENSMUSG00000071267	-0.243680	-0.122295	-0.128846	-0.063291	-0.185488	0.211547
ENSMUSG00000071281	0.162351	0.229276	-0.043010	-0.733980	-0.201278	0.412674
ENSMUSG00000071286	0.928872	0.550897	1.528635	1.417503	1.817652	1.140565
ENSMUSG00000071291	-0.080999	0.026113	-1.025317	-1.542634	-0.636355	-1.006465
ENSMUSG00000071302	0.788559	1.066185	0.623261	-0.086147	-0.927035	1.738492
ENSMUSG00000071332	-0.836045	0.914878	-0.639223	0.600912	1.153286	0.643024
ENSMUSG00000071337	0.049811	0.377656	0.191187	0.598105	0.778395	1.216037
ENSMUSG00000071342	0.639264	-0.182307	-2.450638	-1.668935	0.206088	0.586076
ENSMUSG00000071343	0.788664	0.758253	-1.666113	1.948022	0.271087	-1.799041
ENSMUSG00000071350	-0.038380	0.179285	0.420574	0.351346	-0.458597	-0.418843
ENSMUSG00000071359	-0.395144	0.036059	0.178784	0.403863	0.527078	0.409819
ENSMUSG00000071369	0.775939	0.375789	0.644858	0.340652	0.548556	0.801898
ENSMUSG00000071415	-0.070318	0.332968	-0.032318	-0.298816	-0.409410	0.094002
ENSMUSG00000071451	-0.310518	-0.056802	-0.258554	-0.069601	-0.667529	-1.315184
ENSMUSG00000071454	-0.000291	0.400108	-0.078604	0.232868	-0.825747	-0.600838
ENSMUSG00000071456	-0.611956	-0.095061	-0.167380	-0.173431	-0.370815	-0.255645
ENSMUSG00000071470	-0.705500	-0.600099	-3.559252	-3.044690	-4.838994	-4.698207
ENSMUSG00000071477	-0.111847	0.038637	-0.589356	-0.677519	-0.899822	-0.677032
ENSMUSG00000071478	0.707838	0.164036	-0.469339	-1.217298	-0.256144	-0.577917
ENSMUSG00000071497	-0.445876	0.621837	0.544733	-1.943183	-1.466035	-2.214945
ENSMUSG00000071516	-0.473838	-0.298391	0.078537	-0.142967	0.377893	-0.260019
ENSMUSG00000071528	0.112950	0.145883	-0.179783	-0.119033	-0.110461	-0.230860
ENSMUSG00000071533	0.046911	0.123969	-0.071890	-0.132998	-0.196849	-0.217151
ENSMUSG00000071547	0.081514	0.185245	0.174653	0.236250	-0.411626	-1.119194
ENSMUSG00000071573	0.780059	0.361934	0.225992	0.915075	2.408458	0.450223
ENSMUSG00000071584	0.261961	0.055852	-0.121985	1.053777	1.235841	1.149826
ENSMUSG00000071586	0.481954	0.815857	1.226067	-0.792456	-0.064108	0.223895
ENSMUSG00000071632	-2.768093	-1.279307	-0.995096	-1.462172	-1.602141	-2.355473
ENSMUSG00000071636	-1.033588	-0.180893	0.999851	0.257605	1.125048	1.731950
ENSMUSG00000071637	1.058933	0.453850	0.964933	0.740766	1.035960	1.233624
ENSMUSG00000071644	-0.108948	-0.046251	-0.359578	-0.396340	-0.579737	-0.856622
ENSMUSG00000071645	-0.266056	-0.055928	-0.197493	-0.180555	-0.360278	-0.537814
ENSMUSG00000071646	0.017532	0.082018	0.323726	0.020261	0.134701	0.325711
ENSMUSG00000071647	-0.304484	-0.130314	0.365766	0.430291	0.370905	0.047738
ENSMUSG00000071648	-0.191569	-0.231981	1.047656	1.570035	1.554788	1.588160
ENSMUSG00000071649	-0.547133	-0.077755	0.113396	0.829889	0.619983	0.546460
ENSMUSG00000071650	-0.085534	-0.078238	0.118856	0.153437	0.381353	-0.095015
ENSMUSG00000071652	-0.057577	-0.377976	-0.210347	-0.555542	-0.437154	-0.910189
ENSMUSG00000071653	0.228069	0.000832	-0.107458	0.050249	0.066630	0.535703
ENSMUSG00000071654	-0.098227	-0.070594	-0.167381	-0.206124	0.171903	0.100360
ENSMUSG00000071655	0.015457	0.027130	0.087526	0.122876	-0.010849	0.320883
ENSMUSG00000071656	-0.362817	0.304707	0.104940	-0.217543	-0.084926	-0.748249
ENSMUSG00000071657	-0.079487	0.699445	-0.103057	0.115356	-0.845339	-0.864097
ENSMUSG00000071659	0.260749	0.184307	0.597687	0.200664	0.196565	0.401878
ENSMUSG00000071660	-0.009690	-0.795340	-0.136198	0.112947	0.498447	0.585293
ENSMUSG00000071661	-0.473350	-0.451899	0.176767	0.885945	0.663874	0.977907
ENSMUSG00000071662	-0.258304	-0.161279	0.213208	0.488290	0.728997	0.463059
ENSMUSG00000071669	0.383647	-0.300726	1.073922	0.615000	1.770054	2.402493
ENSMUSG00000071691	-0.709216	-0.257032	-0.752038	0.256867	-0.307808	-1.463973
ENSMUSG00000071708	0.020726	-0.049648	-0.323406	-0.365613	-0.619433	-1.036003
ENSMUSG00000071711	-0.406144	-0.080269	0.015036	0.538019	0.751591	0.681857
ENSMUSG00000071713	-0.260853	-1.397877	-0.932731	0.241676	0.773397	0.749110
ENSMUSG00000071714	-0.044103	-1.502277	-0.988504	0.668389	2.199549	1.078355
ENSMUSG00000071715	-0.248949	-0.246166	-0.628678	-0.417643	-0.699839	-0.624395
ENSMUSG00000071748	-0.382191	-0.553820	-1.282349	-0.474991	-0.108690	-0.416738
ENSMUSG00000071757	-0.005611	0.079886	1.110398	1.354350	3.454774	3.433648
ENSMUSG00000071793	-0.182726	-0.121268	-0.064352	-0.406126	-0.203521	-0.198785
ENSMUSG00000071796	-0.316951	-0.286343	-0.343041	-0.651867	-0.741824	-0.629862
ENSMUSG00000071855	0.273205	-0.247078	0.562679	-0.063101	0.004806	-0.221151
ENSMUSG00000071866	-0.059824	0.235799	0.153583	-0.016444	-0.225322	-0.530321
ENSMUSG00000072066	-0.027387	-1.126412	-0.523029	-1.504857	0.366823	0.337764
ENSMUSG00000072082	0.052143	0.212100	0.240324	0.058062	0.123480	-0.502047
ENSMUSG00000072109	-0.586483	-0.554593	-0.772096	0.025691	-0.422921	-0.125075
ENSMUSG00000072115	-0.401326	-1.351272	-2.468674	-1.712771	-1.930711	-1.741725
ENSMUSG00000072235	0.089097	0.418366	1.041817	1.885957	2.863320	2.917075
ENSMUSG00000072258	-0.046130	-0.385840	-0.761123	-0.921602	-0.609062	-0.728595
ENSMUSG00000072423	0.895016	0.955495	-0.605636	0.508972	-0.918356	0.134155
ENSMUSG00000072437	0.340781	0.878114	0.996984	0.609185	0.153247	-0.451832
ENSMUSG00000072494	0.330619	0.135609	-0.213813	-0.547151	-0.891507	-1.252593
ENSMUSG00000072501	0.140123	0.286832	0.057100	-0.086755	0.081246	0.325049
ENSMUSG00000072568	-1.177361	-2.088334	-2.073428	-2.114241	-1.616805	-0.945209
ENSMUSG00000072572	-0.137879	0.706664	-1.076730	1.236124	0.542185	1.289236
ENSMUSG00000072573	-0.165609	-1.200178	-1.311974	-0.379419	0.473239	1.010815
ENSMUSG00000072582	-0.255904	-0.665315	-0.617446	-0.320793	-0.525712	-0.694305
ENSMUSG00000072612	-0.219307	-0.092456	0.227526	0.807813	0.427198	-1.024407
ENSMUSG00000072618	-0.061098	-2.232687	-2.154295	-1.798578	-1.343450	-1.843811
ENSMUSG00000072621	-0.884800	0.224995	0.703947	0.321885	0.463668	1.029547
ENSMUSG00000072623	0.495370	-0.747863	-1.274884	-1.048136	-1.251375	-1.415233
ENSMUSG00000072640	-0.089755	-0.137133	-0.475701	-0.459963	-0.702078	-0.659734
ENSMUSG00000072647	0.073825	-0.580004	-0.067430	-0.157991	0.116527	0.863801
ENSMUSG00000072653	-0.230915	0.959974	-0.338696	0.198335	-1.448322	-0.355531
ENSMUSG00000072663	-0.181687	0.308405	0.238027	0.777463	0.662715	1.626251
ENSMUSG00000072673	0.080907	-1.654306	-2.139195	0.392201	0.816729	2.492945
ENSMUSG00000072692	0.380463	0.971201	1.684146	-1.643033	-1.285824	-0.552878
ENSMUSG00000072693	-0.318313	0.574270	1.100790	-0.732828	-0.292626	2.599323
ENSMUSG00000072694	-0.494341	0.480448	0.365419	0.592260	-0.293725	0.171643
ENSMUSG00000072704	-0.012795	-0.106583	-0.031778	0.080483	-0.000968	0.118246
ENSMUSG00000072723	-0.977024	-0.122731	0.731907	0.290747	-0.079062	0.365556
ENSMUSG00000072761	-0.638945	-1.672624	-0.419732	-1.479441	1.248226	1.227980
ENSMUSG00000072762	0.066145	0.780900	0.846551	0.889971	1.646646	2.455812
ENSMUSG00000072763	0.278666	1.289484	0.142982	1.377004	0.603497	2.008705
ENSMUSG00000072770	-0.266239	0.635377	-0.009604	1.450938	1.406666	1.900970
ENSMUSG00000072772	0.225410	0.198381	0.165562	-0.000073	-0.187332	-0.317645
ENSMUSG00000072774	-0.287007	-0.514512	-0.738724	0.284888	-0.087844	0.705360
ENSMUSG00000072809	0.205747	0.156254	1.201654	2.054042	1.152796	2.995388
ENSMUSG00000072825	0.837300	1.259493	1.872441	1.436637	1.723223	1.928315
ENSMUSG00000072829	0.421784	-0.921346	0.393139	-0.473963	1.430468	0.983002
ENSMUSG00000072844	0.255487	-0.303503	-0.019824	1.109590	0.512739	1.836922
ENSMUSG00000072847	-0.120841	-0.072446	-0.577707	-0.365178	-0.030628	-0.587248
ENSMUSG00000072872	-0.088262	-0.185967	0.145181	-0.403675	-0.142495	-0.035490
ENSMUSG00000072884	-0.793076	-1.285783	0.263842	-0.079219	0.746642	2.558179
ENSMUSG00000072889	0.061181	0.139673	-0.195973	-0.494225	0.414907	0.618226
ENSMUSG00000072893	0.585422	0.738184	0.648867	1.922654	2.224208	2.817807
ENSMUSG00000072898	-0.131619	-0.215580	-0.545407	-0.488754	-0.723035	-1.899963
ENSMUSG00000072915	-0.129785	-0.649867	0.570318	0.780081	1.782077	1.721721
ENSMUSG00000072919	-0.045891	-0.042725	0.420645	2.334547	1.948967	0.736453
ENSMUSG00000072940	0.151104	0.450827	1.105830	-0.278011	-0.823355	1.445738
ENSMUSG00000072946	-0.269733	-0.266141	-0.480060	-0.252987	-0.231316	-0.063239
ENSMUSG00000072960	-0.623828	-0.774659	-0.824434	-0.136272	-1.406168	-1.772674
ENSMUSG00000072964	0.152461	-0.137003	0.169036	-0.626395	-0.790060	-0.516554
ENSMUSG00000072969	-0.108808	-0.136584	0.292846	0.095635	0.506696	0.859441
ENSMUSG00000072972	-0.670945	-0.190163	-0.428921	0.248856	0.198051	0.023642
ENSMUSG00000072980	-0.281513	-0.222131	-0.064113	0.334538	-0.166377	-0.867857
ENSMUSG00000072999	-0.896939	-0.791358	0.531602	1.478462	1.650490	2.887633
ENSMUSG00000073002	0.279549	-0.686677	-2.635991	-2.596169	-3.147216	-2.701401
ENSMUSG00000073008	-0.297839	0.365041	1.126088	0.938972	0.523443	0.367797
ENSMUSG00000073010	-1.818893	0.263249	-0.030571	2.010746	1.531305	0.666290
ENSMUSG00000073016	0.165493	-0.312920	0.912394	-0.329221	0.324756	-0.059864
ENSMUSG00000073062	0.485631	-0.113298	-1.756826	0.346706	1.559673	1.051295
ENSMUSG00000073096	-0.070623	-0.130698	0.764100	1.388905	1.841349	1.824054
ENSMUSG00000073130	-0.351776	0.261409	-0.724419	-0.076033	-0.834172	-0.644672
ENSMUSG00000073131	0.055224	0.173184	-0.347340	-0.554849	-1.019278	-1.042509
ENSMUSG00000073139	0.226294	0.503646	0.641447	0.869984	0.273102	0.379595
ENSMUSG00000073147	-0.126717	-0.016658	0.059068	0.823588	1.225117	1.555499
ENSMUSG00000073155	-0.171647	0.211420	-0.561713	0.367733	-0.078879	0.025963
ENSMUSG00000073176	0.121549	-0.534639	-0.042185	-0.769350	-0.718030	-0.393180
ENSMUSG00000073198	0.212821	-0.564218	0.490182	-0.195327	-0.493545	0.546067
ENSMUSG00000073233	-0.511520	-0.034550	2.569162	-0.510521	-0.328697	-0.163411
ENSMUSG00000073236	0.163758	0.250613	0.224791	0.647488	0.362545	0.709142
ENSMUSG00000073367	-1.736738	-0.827816	-1.611405	0.031704	1.935877	2.328213
ENSMUSG00000073374	-0.009154	-0.529583	0.057448	0.102265	0.427112	0.545157
ENSMUSG00000073388	-0.823978	0.237698	0.159644	-0.007434	1.142336	0.917670
ENSMUSG00000073394	-1.831018	-1.614658	-1.997284	-0.797975	-2.100241	-2.133667
ENSMUSG00000073403	-0.169774	-0.383755	-0.815109	0.921242	0.752276	1.236346
ENSMUSG00000073405	-0.350130	-0.040811	0.785313	0.420701	1.985963	2.149474
ENSMUSG00000073407	-0.550030	-1.043562	0.075900	0.522539	0.462249	2.717756
ENSMUSG00000073409	-0.480712	-0.314383	0.206349	0.088359	-0.106636	-0.190326
ENSMUSG00000073411	-0.193703	-0.096859	0.394839	0.626029	0.597270	0.991109
ENSMUSG00000073412	0.546064	0.432312	-0.723006	0.623251	0.932428	0.805226
ENSMUSG00000073415	-0.367206	-0.268644	-0.446996	0.309011	-0.342599	-0.374484
ENSMUSG00000073421	0.241146	0.559118	0.348245	0.595782	-0.860674	-1.644482
ENSMUSG00000073422	-0.726763	-0.378901	-0.543994	-0.408047	-0.824053	-1.082939
ENSMUSG00000073423	-0.099882	0.042708	0.692210	1.142040	0.979678	0.996154
ENSMUSG00000073427	-0.462571	0.120710	0.408477	-0.683152	-1.074002	0.038431
ENSMUSG00000073429	-1.005250	0.596472	0.212644	0.128838	-0.464734	-0.419486
ENSMUSG00000073430	-0.983068	0.581418	0.743779	1.114813	0.749661	0.711212
ENSMUSG00000073433	0.133237	0.169886	-0.732529	-1.525146	-3.369200	-3.988655
ENSMUSG00000073434	-0.185606	-0.124438	0.130956	0.203449	-0.200657	-0.883162
ENSMUSG00000073435	-0.128590	-0.053785	-1.561484	2.003214	0.397920	1.142525
ENSMUSG00000073436	0.182655	-0.169488	-0.412598	0.079564	-0.281374	-0.452433
ENSMUSG00000073437	-0.156481	-0.145300	-0.227280	0.209422	0.543357	0.806775
ENSMUSG00000073455	0.076341	0.184300	0.247280	1.041252	0.738794	1.886374
ENSMUSG00000073460	0.122583	0.220541	-0.097137	-0.192155	-0.959073	-1.242752
ENSMUSG00000073468	-0.333510	-0.152218	-0.359232	-0.214805	-0.098571	0.028623
ENSMUSG00000073471	-0.237615	-0.364323	-0.476199	0.381844	0.500932	0.257387
ENSMUSG00000073478	0.299281	-0.014349	-1.391790	1.370284	2.301447	0.583487
ENSMUSG00000073481	0.075568	0.426242	-0.006493	0.248743	0.241531	0.465641
ENSMUSG00000073482	-0.839767	-1.529059	-0.065076	2.053610	0.404906	0.535303
ENSMUSG00000073485	-0.072846	-0.465836	1.023832	0.765273	1.774128	2.496675
ENSMUSG00000073489	1.430640	0.758087	0.895340	2.322278	1.945254	1.789637
ENSMUSG00000073492	-0.901978	-1.483930	0.677646	0.753180	0.811956	1.371160
ENSMUSG00000073535	0.087095	-0.855517	-1.524516	-0.193042	0.094695	0.118413
ENSMUSG00000073538	-0.313265	-0.213236	-0.564429	0.422109	0.953086	0.750252
ENSMUSG00000073542	-0.093993	0.184031	-0.020994	-0.077398	-0.294209	-0.277743
ENSMUSG00000073557	-0.028303	-0.006824	-0.064299	-0.370342	-0.599047	-0.718449
ENSMUSG00000073563	0.051069	0.211052	0.167280	0.381233	0.357451	0.302195
ENSMUSG00000073591	-0.366086	-0.795431	-0.276293	-0.125826	0.872075	0.160603
ENSMUSG00000073596	1.247706	1.426804	0.049230	-0.954106	-1.158416	-2.800944
ENSMUSG00000073598	-0.600670	0.296296	1.149678	1.375345	1.639025	1.198430
ENSMUSG00000073600	-0.070806	0.367707	1.008391	0.981381	1.319589	1.162969
ENSMUSG00000073608	0.222598	0.179272	0.044766	0.434602	0.866445	-0.482454
ENSMUSG00000073609	0.031470	0.197889	0.126078	0.986874	0.850252	0.648321
ENSMUSG00000073616	0.148263	0.117993	-0.241117	-0.131521	-0.335821	-0.054330
ENSMUSG00000073617	-0.052913	0.115620	-0.103018	0.199740	0.594351	0.468470
ENSMUSG00000073627	-0.069804	-0.066499	-0.646977	-0.100290	-0.789324	-1.237044
ENSMUSG00000073628	-1.313361	0.098192	0.080517	-0.255947	1.500989	1.366266
ENSMUSG00000073633	0.964681	1.005427	0.684622	0.576929	-0.610796	0.339302
ENSMUSG00000073639	-0.096095	-0.028774	-0.085041	-0.025781	-0.132968	0.082944
ENSMUSG00000073643	0.013466	0.263000	0.078583	0.435857	0.593691	0.617941
ENSMUSG00000073647	-0.292172	-0.556755	0.086891	-0.755344	-0.019006	-0.831607
ENSMUSG00000073650	0.096111	1.487785	2.212332	0.192228	-0.213081	-0.714432
ENSMUSG00000073664	0.023019	0.165878	0.060638	1.423448	2.266076	1.641674
ENSMUSG00000073672	-0.745227	-0.233282	0.097509	-0.368658	-0.430152	-1.032499
ENSMUSG00000073674	0.147913	0.316786	0.493974	-0.211233	0.180247	0.486167
ENSMUSG00000073676	0.175321	0.162489	-0.103821	-0.811033	-1.662484	-1.536380
ENSMUSG00000073678	0.558593	0.494835	1.873657	1.207758	1.316662	1.145926
ENSMUSG00000073684	0.005857	-0.126909	-0.385925	0.364534	-0.075203	-0.231384
ENSMUSG00000073700	-0.218405	-1.034428	-0.310014	-1.037567	-0.743182	-0.990032
ENSMUSG00000073702	0.112733	0.062127	-0.043930	-0.597322	-0.471021	0.155203
ENSMUSG00000073705	-0.420537	0.491680	0.787918	0.371301	0.018293	0.207737
ENSMUSG00000073716	-0.313415	-1.448620	-0.083504	-1.006603	0.464868	0.409850
ENSMUSG00000073725	0.176455	0.034094	-0.283812	0.161457	0.241668	0.544582
ENSMUSG00000073733	-0.502383	-1.011324	-0.268891	-1.523191	-1.997464	-2.594545
ENSMUSG00000073737	1.071486	-0.406699	-0.246989	-0.512717	-0.204132	-1.407479
ENSMUSG00000073739	0.567746	-0.531284	0.064182	1.159106	0.191604	1.006199
ENSMUSG00000073758	0.338706	0.709360	-1.215981	-1.130737	-1.239130	-0.739661
ENSMUSG00000073761	-0.605538	-1.827812	-0.699266	0.318595	0.367224	0.124425
ENSMUSG00000073771	-0.612207	-1.177694	-0.389889	-1.307973	-1.851140	-1.850242
ENSMUSG00000073775	-0.218822	-0.494806	-0.232864	-0.418217	-0.369998	-0.498211
ENSMUSG00000073787	-0.317562	-0.870456	-0.342988	1.083990	1.296672	2.790006
ENSMUSG00000073791	0.041542	0.184058	-0.695201	-0.353117	-0.728711	-0.197258
ENSMUSG00000073792	-0.055897	0.277216	-0.002525	-0.207409	-0.350292	-0.672265
ENSMUSG00000073802	0.782785	-0.072668	-0.100941	0.478505	0.034461	0.218548
ENSMUSG00000073838	-0.045253	-0.047666	-0.287096	-0.210482	-0.451817	-0.929413
ENSMUSG00000073856	0.397214	0.302585	-1.109924	-0.663239	0.103911	-1.233916
ENSMUSG00000073866	0.156625	-0.418438	-0.013637	0.177097	1.305703	1.006328
ENSMUSG00000073867	1.120715	-0.033914	-1.302779	0.605001	0.377982	0.346615
ENSMUSG00000073889	-0.145595	0.471136	-0.574722	0.197098	0.422856	0.331469
ENSMUSG00000073902	-1.560790	-2.493335	-2.064456	-1.775652	-0.572631	-0.106082
ENSMUSG00000073910	-0.419899	-0.955871	-0.914580	-0.739965	-1.251694	-1.477726
ENSMUSG00000073940	-3.426697	-1.826823	-0.727515	0.588320	1.254638	1.816706
ENSMUSG00000073968	-0.059955	0.697104	0.603807	1.729624	1.477868	1.624184
ENSMUSG00000073982	0.131643	0.223376	0.168720	0.483837	0.321671	0.248298
ENSMUSG00000073985	-0.293362	-0.874966	1.234663	0.649221	2.336704	1.617751
ENSMUSG00000073987	0.032836	0.483121	0.325004	0.323211	-0.275097	-0.126801
ENSMUSG00000074006	-0.420650	-1.201109	1.365221	-0.126408	0.228480	0.243947
ENSMUSG00000074024	0.356393	0.078324	-0.050490	0.326681	0.569609	1.613682
ENSMUSG00000074030	-0.118810	-0.250286	0.144811	-0.500993	0.210962	0.195283
ENSMUSG00000074037	-0.366476	-2.980750	0.682557	-0.304431	1.122610	0.481702
ENSMUSG00000074039	-0.241696	-1.115417	-2.219541	-2.472775	-1.892373	-1.961902
ENSMUSG00000074052	-1.117343	-1.408287	-2.086635	-1.839060	-1.501949	-0.918811
ENSMUSG00000074056	-0.679245	-0.398009	-1.016700	-0.097944	-0.715157	-0.940989
ENSMUSG00000074063	0.261404	0.729625	1.630544	1.286486	-0.474274	-0.525818
ENSMUSG00000074064	-0.090064	0.492240	0.696985	1.079495	0.877898	1.046797
ENSMUSG00000074071	0.196814	0.963290	1.367321	2.411527	2.327880	2.185545
ENSMUSG00000074088	-0.280561	-0.065112	-0.206287	-0.132705	-0.321759	-0.717796
ENSMUSG00000074093	0.047925	0.602229	0.909671	0.477036	1.518276	2.017121
ENSMUSG00000074102	-0.076897	0.026221	-0.159364	0.178997	0.361774	0.442949
ENSMUSG00000074121	0.237988	0.395623	0.248469	1.376361	0.753201	0.881122
ENSMUSG00000074129	-0.303850	0.000360	0.281991	-0.560872	-0.385677	0.063101
ENSMUSG00000074136	-0.228532	0.630092	0.263450	0.285367	-0.286388	-0.272972
ENSMUSG00000074140	0.043629	0.161564	0.512143	0.409673	0.555333	0.708556
ENSMUSG00000074141	-0.311298	-0.723529	-0.147856	-0.873094	-1.656964	-2.283934
ENSMUSG00000074151	-0.492235	-0.452458	-0.266814	-0.044728	1.615658	2.233384
ENSMUSG00000074165	-0.298604	-0.553387	-0.601576	-0.753494	-0.484510	-0.418977
ENSMUSG00000074166	-0.410169	0.081486	0.408639	0.369223	1.014496	0.991068
ENSMUSG00000074178	0.520752	-0.240113	-0.208366	-1.264100	-0.466596	0.849979
ENSMUSG00000074182	-0.164797	-0.233391	-0.544244	-0.999920	-1.760678	-1.376341
ENSMUSG00000074210	-0.237449	-0.324496	0.377070	0.205283	0.196152	0.225649
ENSMUSG00000074211	0.073091	0.035933	-0.136605	-0.161616	-0.348048	-1.109490
ENSMUSG00000074212	0.117431	-0.086058	-0.884140	-0.865600	-2.197229	-2.101740
ENSMUSG00000074213	1.659179	0.408736	1.658936	3.436253	2.889360	3.412459
ENSMUSG00000074215	-0.101270	0.459804	0.810294	0.184236	1.042948	1.621407
ENSMUSG00000074218	0.442410	0.912831	0.407739	1.216364	-0.714568	-1.708039
ENSMUSG00000074219	0.393455	-0.727373	-0.955248	2.298397	1.724156	2.386875
ENSMUSG00000074220	0.411467	0.835636	1.459956	0.328068	1.053203	1.519994
ENSMUSG00000074221	-0.278289	-0.186772	-0.092388	-0.101780	-0.013088	-0.376741
ENSMUSG00000074238	-0.054636	-0.318430	-0.600701	-0.378013	0.378401	0.930276
ENSMUSG00000074247	-0.200951	0.073113	0.083337	0.072613	0.041656	-0.004358
ENSMUSG00000074252	-0.772244	0.267440	-0.240347	-1.456175	-0.803029	-0.396821
ENSMUSG00000074256	-0.016969	0.297508	0.378206	1.115448	-0.037502	-0.438673
ENSMUSG00000074272	-0.761700	-2.221013	-3.294820	-1.220310	0.077127	-0.389377
ENSMUSG00000074277	-0.249318	-0.489008	-0.708119	0.366523	0.318586	0.431513
ENSMUSG00000074280	-0.859291	-0.318926	-0.109323	-1.029903	-1.436791	-1.581307
ENSMUSG00000074281	0.176748	-0.563264	0.397340	0.932309	0.487669	2.469608
ENSMUSG00000074282	-0.408904	-0.814623	-0.843352	-0.088402	-0.182534	-0.187444
ENSMUSG00000074284	-0.392824	-0.644600	-0.767951	-0.252635	-0.498631	-0.824202
ENSMUSG00000074292	-0.013614	0.880473	0.693588	-0.345217	-0.344190	0.572701
ENSMUSG00000074305	0.375446	0.671416	0.942862	0.153874	0.408919	0.490186
ENSMUSG00000074340	0.026557	0.381007	-1.180810	-0.428680	-0.140510	0.098105
ENSMUSG00000074342	0.482084	-0.157108	-0.963332	-0.302129	-0.372522	0.095086
ENSMUSG00000074355	0.227918	0.100253	0.471565	0.630242	1.408034	1.874238
ENSMUSG00000074357	0.629906	0.058193	-0.420668	0.495046	-0.400868	-0.846423
ENSMUSG00000074358	-0.421511	0.020841	0.038384	0.357149	0.282548	0.248921
ENSMUSG00000074359	-0.907587	-0.047156	-0.382438	-1.129827	-0.366996	-1.476709
ENSMUSG00000074364	-0.898959	-1.233317	-0.951286	-0.318485	0.458091	0.313358
ENSMUSG00000074384	0.102403	0.384629	0.584104	0.412221	1.553678	1.129234
ENSMUSG00000074397	0.495297	-0.019374	-0.120833	0.202409	-1.924408	-0.723350
ENSMUSG00000074398	-0.286813	0.137750	0.023593	1.111300	0.230164	0.224088
ENSMUSG00000074403	0.252438	-0.159785	-0.923994	-0.936862	-0.502903	-1.646373
ENSMUSG00000074405	-0.198356	-0.269277	0.084973	0.273415	0.473400	0.337630
ENSMUSG00000074406	-0.354239	-0.162806	0.125643	0.695637	0.923957	0.840264
ENSMUSG00000074414	-0.273500	0.044928	-0.429803	0.030448	-0.775669	-1.236284
ENSMUSG00000074452	0.211086	0.233978	0.310391	-0.555090	-0.970579	-1.300572
ENSMUSG00000074466	0.289488	-0.226227	0.667451	0.320032	-1.092912	0.494797
ENSMUSG00000074467	-1.016770	-0.689712	1.294014	0.476558	1.028282	0.999756
ENSMUSG00000074476	0.035332	0.247017	0.530384	0.460365	0.441394	-0.279483
ENSMUSG00000074479	-0.039458	0.490368	1.449690	-0.711789	-2.396607	0.816679
ENSMUSG00000074480	0.227070	-0.259401	-0.573018	-0.769442	-0.238332	-0.501395
ENSMUSG00000074483	0.012926	0.167792	-0.612484	-0.137855	-0.015674	-0.344313
ENSMUSG00000074489	0.628146	0.060717	1.008185	0.359055	0.724559	1.836426
ENSMUSG00000074497	-0.418479	0.074341	0.828626	0.413823	1.612129	1.584114
ENSMUSG00000074500	-0.812564	0.043893	-0.514382	-1.111139	-0.417075	0.563340
ENSMUSG00000074506	0.342724	0.739701	1.814852	-1.432219	-0.962612	0.500643
ENSMUSG00000074507	0.149206	-0.231419	-0.163412	0.172000	-0.033869	0.195439
ENSMUSG00000074513	0.112829	-0.172108	0.483218	-0.088634	0.235483	0.497529
ENSMUSG00000074516	0.263823	-0.799865	-0.185004	0.018700	-0.057067	-0.757091
ENSMUSG00000074519	-0.088086	-1.211936	-0.148019	-1.826477	-0.382841	0.098440
ENSMUSG00000074521	-0.001617	-0.670937	-0.266264	-0.572848	-0.977367	-1.548303
ENSMUSG00000074527	-0.467767	-0.541368	-1.359590	-0.953617	-1.284667	-0.756156
ENSMUSG00000074529	-0.363869	-0.046059	-0.589032	1.004186	0.799166	0.767536
ENSMUSG00000074570	-1.156021	-1.546241	-1.598988	-2.228681	-1.842258	-2.189262
ENSMUSG00000074576	-0.087036	-0.042348	0.280151	-0.382784	-0.177190	0.428337
ENSMUSG00000074578	-0.086491	-0.288347	-0.724794	-0.860679	-0.961146	-0.486668
ENSMUSG00000074579	0.070396	-0.351295	-0.381982	0.231630	-0.364821	0.900607
ENSMUSG00000074580	0.381730	-1.469759	-1.515892	0.454428	-0.503341	-0.697804
ENSMUSG00000074582	0.165209	-0.144917	0.296244	-0.164450	0.363106	0.108078
ENSMUSG00000074602	-1.158831	1.593431	2.017582	0.838333	0.562121	0.187106
ENSMUSG00000074604	0.248606	0.438290	0.972989	1.687839	1.847275	2.386255
ENSMUSG00000074608	0.014129	0.858667	-1.430005	-1.355564	-1.266484	-0.878106
ENSMUSG00000074627	-1.114770	-2.805714	-1.818772	0.487759	1.441092	0.174724
ENSMUSG00000074629	0.386942	0.433080	-0.043245	1.111828	1.109065	2.703552
ENSMUSG00000074634	-0.198985	-0.373177	-0.393594	-1.140883	-1.309245	-1.872737
ENSMUSG00000074635	0.539753	-0.585982	0.069594	-0.012740	-0.187249	-1.163972
ENSMUSG00000074643	-0.222431	-0.088397	-0.002692	-0.268174	-0.139763	-0.748734
ENSMUSG00000074646	-0.249442	-0.005524	-0.629621	1.678550	1.615063	3.232778
ENSMUSG00000074649	0.399564	0.068792	0.116014	0.116267	0.204284	0.162033
ENSMUSG00000074656	-0.192245	0.203936	-0.641341	-0.456073	-1.860998	-1.803308
ENSMUSG00000074657	2.620007	1.132967	-0.893032	1.572031	1.197419	2.745036
ENSMUSG00000074661	-0.383253	-0.054085	-0.731068	0.822477	1.126312	1.301392
ENSMUSG00000074662	-0.463611	-0.375279	-0.397560	-1.247709	-1.147807	-2.094105
ENSMUSG00000074671	0.066567	0.352093	0.504374	0.410877	1.010011	1.077795
ENSMUSG00000074673	-0.534959	-1.226932	-3.749819	-2.887688	-2.756187	-3.266066
ENSMUSG00000074698	0.024652	0.035519	0.136169	0.185841	0.358960	0.320420
ENSMUSG00000074731	0.227624	0.511715	0.689202	0.520621	-0.498473	0.462949
ENSMUSG00000074733	-0.148183	0.080314	0.163956	0.642880	0.159022	1.346398
ENSMUSG00000074738	0.420182	-1.059729	-1.401186	-0.482273	-1.079615	-1.434943
ENSMUSG00000074743	-0.161886	-2.836412	-2.434361	-1.973328	0.570591	0.225769
ENSMUSG00000074746	-0.043418	-0.420987	0.145488	-0.338689	-0.016434	-0.138556
ENSMUSG00000074748	0.223476	0.320419	0.234418	0.241334	0.479484	0.601068
ENSMUSG00000074749	0.342244	0.739756	0.779582	0.682924	0.722703	1.094479
ENSMUSG00000074754	-0.675846	-0.441800	-0.287603	-0.820532	-1.065375	-0.891576
ENSMUSG00000074758	-0.064751	-0.437792	0.270873	0.805776	1.272288	1.142537
ENSMUSG00000074781	0.069235	0.284015	-0.034616	-0.198884	-0.856461	-0.816310
ENSMUSG00000074785	2.452975	0.381342	2.982174	2.684328	2.064941	1.601510
ENSMUSG00000074794	0.044609	0.237451	0.867649	1.649598	2.131249	2.284892
ENSMUSG00000074797	-0.113246	-0.027161	-0.137064	-0.540723	-0.643859	-0.346648
ENSMUSG00000074802	0.323085	-0.710900	-0.323739	-1.123449	-0.162608	-0.866324
ENSMUSG00000074807	-0.083323	0.036556	-0.094593	1.026628	0.993493	0.896835
ENSMUSG00000074811	0.035113	-0.124230	0.555626	-0.067905	0.647054	0.467364
ENSMUSG00000074813	0.392885	0.034646	-1.042317	0.471394	-0.922497	-0.980423
ENSMUSG00000074818	-0.386922	-0.156362	0.926781	2.040794	2.559753	4.482209
ENSMUSG00000074822	-1.196983	-0.225740	-0.122506	0.822917	1.118311	0.729264
ENSMUSG00000074824	-0.406256	-0.924361	-0.988653	-0.653241	-0.447863	-0.336691
ENSMUSG00000074825	0.091339	-0.293910	0.149498	-0.137439	-0.139139	-0.527205
ENSMUSG00000074826	-0.367217	0.961958	1.529277	1.801733	2.893218	3.251996
ENSMUSG00000074829	0.777246	-0.248204	0.089015	1.585629	1.284597	0.315856
ENSMUSG00000074862	0.317008	0.329595	-0.159327	0.296082	0.173817	0.122973
ENSMUSG00000074863	0.002760	0.488574	1.097781	-0.525922	-0.332486	0.469472
ENSMUSG00000074865	-0.013290	0.500544	-0.871014	0.649236	-1.076538	-0.464520
ENSMUSG00000074867	-0.085690	0.560751	0.335125	0.419747	0.429066	-0.615921
ENSMUSG00000074873	-0.301747	-0.060025	-0.341141	0.136000	0.018739	-0.087262
ENSMUSG00000074876	0.074884	-0.795498	-0.109622	-0.935923	-1.040293	-1.360960
ENSMUSG00000074884	0.083735	0.325413	0.192755	0.159924	0.363265	0.705103
ENSMUSG00000074886	0.025938	-0.007639	0.207377	0.068205	0.025271	-0.042724
ENSMUSG00000074890	0.100864	-0.025130	-0.367270	0.033171	-0.537011	-0.783080
ENSMUSG00000074892	-0.686875	-1.444838	-1.306945	-1.748082	-2.047300	-1.757264
ENSMUSG00000074909	-0.052899	-0.193146	-0.040321	-0.269828	-0.223288	0.351182
ENSMUSG00000074916	-0.866249	0.187305	-0.151797	-0.294992	0.262050	-0.681480
ENSMUSG00000074918	1.306447	1.033313	1.044638	1.843066	3.206617	3.886978
ENSMUSG00000074922	0.021493	-0.160781	-0.363725	0.255105	0.134268	0.217205
ENSMUSG00000074925	0.244596	-0.447488	-0.860463	-1.078272	-1.263798	-1.049736
ENSMUSG00000074994	0.178993	-0.414236	-0.351223	-0.529120	-0.465465	-0.746093
ENSMUSG00000075000	-0.014089	-0.150290	-0.301711	-0.409807	0.082373	0.125584
ENSMUSG00000075010	-1.454163	-0.847805	-0.024363	-0.209051	-0.245651	0.354677
ENSMUSG00000075028	0.027326	0.170260	0.274738	0.134049	0.517688	0.463501
ENSMUSG00000075031	0.172902	0.475819	-0.080488	0.023690	0.639974	-1.065709
ENSMUSG00000075032	0.192148	0.131476	-0.273885	-1.068147	-0.726238	-1.072292
ENSMUSG00000075033	-0.252489	-0.529994	-0.743709	-0.790799	-0.923535	-0.692737
ENSMUSG00000075040	-0.138369	-0.267818	-0.422987	-0.000322	0.120528	0.347576
ENSMUSG00000075042	0.162266	-0.630285	-0.679655	0.274783	-1.487304	-0.113386
ENSMUSG00000075043	0.263300	0.199813	-0.288128	0.538396	0.425804	0.189598
ENSMUSG00000075053	0.300591	0.295783	1.027267	-0.579574	-1.195276	-0.182839
ENSMUSG00000075054	-0.264690	-0.311186	-0.439188	-0.702676	-1.284571	-1.209332
ENSMUSG00000075227	0.012955	0.058355	0.122800	-0.348911	-0.480320	-0.346174
ENSMUSG00000075229	0.260536	0.217112	-0.137606	-0.682859	-0.981674	-1.586824
ENSMUSG00000075232	0.182745	-0.056157	-0.427777	-1.056004	-1.632872	-2.189773
ENSMUSG00000075254	0.309014	-0.153719	0.338979	0.818617	1.863661	1.873340
ENSMUSG00000075256	0.019550	0.011683	0.426877	0.815834	1.048189	1.024658
ENSMUSG00000075266	-0.430208	-0.016307	-0.051148	-0.040032	-0.990544	-1.235607
ENSMUSG00000075268	-0.623931	0.349714	1.479931	-1.552567	-1.658994	-0.536921
ENSMUSG00000075269	-0.244256	-1.039041	-3.509322	-3.591549	-3.697826	-3.198988
ENSMUSG00000075271	0.447982	-0.065201	0.629198	-0.464249	0.594262	0.859765
ENSMUSG00000075272	-1.333271	-0.173080	-0.016893	0.030662	1.200237	0.016546
ENSMUSG00000075279	-0.384670	0.598432	1.422174	-1.156697	-1.510897	-1.130776
ENSMUSG00000075284	-0.201495	-0.716053	0.039638	0.116029	0.574291	0.698281
ENSMUSG00000075289	-0.247939	-0.397543	-1.188460	-2.140184	-2.172300	-1.805986
ENSMUSG00000075297	0.394484	-0.758394	0.457967	0.065646	0.216809	1.497234
ENSMUSG00000075327	-0.037957	0.516784	0.514329	0.340639	0.725258	1.008523
ENSMUSG00000075330	-1.722463	-1.506831	-1.805721	0.721933	2.096743	1.906668
ENSMUSG00000075370	-0.220778	-1.384645	-3.804432	-4.432331	-3.875244	-3.956094
ENSMUSG00000075376	-0.140965	0.194446	0.176633	0.259922	0.374265	0.377617
ENSMUSG00000075389	0.617008	0.315822	0.856967	0.779940	1.831031	2.533090
ENSMUSG00000075391	0.268390	0.217944	0.058946	-0.877245	-0.118081	-0.563129
ENSMUSG00000075408	-0.286200	-0.858112	-1.091698	0.275443	0.920087	0.385112
ENSMUSG00000075415	0.106394	-0.010160	0.395420	-0.341723	-0.627445	-0.669174
ENSMUSG00000075419	0.040341	-0.376063	-0.557107	-0.292814	-0.850649	-0.827446
ENSMUSG00000075463	-0.211974	-0.006031	-0.266492	-0.000088	0.128383	-0.644314
ENSMUSG00000075467	0.183869	0.044401	0.094019	0.151925	0.118508	0.168610
ENSMUSG00000075470	-0.070157	-0.215835	0.634361	-0.100088	0.761751	0.072001
ENSMUSG00000075480	-0.608738	2.568903	1.625230	3.731293	0.963627	1.684586
ENSMUSG00000075486	-0.075600	0.219265	-0.145532	0.142316	0.104340	0.536444
ENSMUSG00000075511	0.055135	-0.341564	0.116397	-0.473312	-1.406480	-1.844395
ENSMUSG00000075514	0.112630	0.099784	0.288276	1.855756	1.929345	1.924312
ENSMUSG00000075525	-1.148479	-1.250623	0.450275	-0.167270	0.534023	1.275232
ENSMUSG00000075528	-0.190930	-0.208357	-0.368982	-0.551737	-0.872652	-1.300455
ENSMUSG00000075555	0.639300	-0.003344	0.188272	0.333652	0.679288	1.410904
ENSMUSG00000075569	-0.079243	1.585702	-0.186644	0.038779	-0.537096	-1.056127
ENSMUSG00000075576	-1.007300	-1.859270	-1.791832	-1.036239	-1.685431	-1.566533
ENSMUSG00000075592	2.217871	1.315608	1.146631	0.214338	1.266535	1.602419
ENSMUSG00000075595	0.015849	0.304850	0.339259	0.523368	0.727852	0.707349
ENSMUSG00000075596	-0.353659	0.687586	-0.389265	-0.740763	-1.303610	-0.599746
ENSMUSG00000075600	-0.044308	0.082150	0.132901	0.253381	0.348169	0.487907
ENSMUSG00000075609	-0.612103	0.519847	0.974022	-1.023509	-1.791706	-0.984211
ENSMUSG00000075700	0.133672	0.099242	0.244356	0.426589	0.934508	0.953604
ENSMUSG00000075701	0.251354	0.282580	-0.066759	0.200430	0.009863	0.088191
ENSMUSG00000075702	0.116339	-0.155741	-0.467985	-1.030623	-1.225342	-0.318360
ENSMUSG00000075703	0.006325	-0.636547	-0.368156	-0.653637	-0.492691	-1.012855
ENSMUSG00000075704	-0.101833	0.112951	-0.477859	-0.337987	-0.822319	-0.744174
ENSMUSG00000075705	0.126447	0.299142	0.617582	0.858902	1.004000	1.175548
ENSMUSG00000075706	0.009946	0.142332	0.167846	0.359719	-0.093950	0.095339
ENSMUSG00000076258	-0.074332	0.550326	0.883137	-0.377501	-0.156034	1.457469
ENSMUSG00000076281	-0.187996	0.412313	0.462778	-0.642677	-0.291897	1.566082
ENSMUSG00000076288	-0.982298	0.582996	-0.167855	-1.178866	0.242164	0.002330
ENSMUSG00000076431	0.232280	0.459901	-0.154647	1.410872	2.070088	2.519810
ENSMUSG00000076432	0.283640	0.200722	-0.064529	-0.092670	-0.244341	-0.403984
ENSMUSG00000076435	0.267038	0.236184	0.757954	1.356300	1.707145	1.567770
ENSMUSG00000076437	0.193454	0.284211	0.283769	0.919264	0.710740	0.533477
ENSMUSG00000076441	1.463597	1.165861	0.632972	-0.916922	-1.582718	-1.766303
ENSMUSG00000076617	-0.057037	0.204028	0.896964	1.242764	1.479736	1.657867
ENSMUSG00000076618	0.651876	1.537490	0.048359	2.409390	3.472824	5.693573
ENSMUSG00000076619	-0.098637	-0.744612	1.567878	0.348692	4.319652	5.040003
ENSMUSG00000076620	-0.107699	0.558843	1.562814	1.833391	3.460461	4.478033
ENSMUSG00000076621	0.075035	-0.440717	1.765933	3.150727	4.630168	5.651262
ENSMUSG00000077148	0.458678	1.043493	-0.223175	1.290483	0.817298	3.136175
ENSMUSG00000077167	-0.113366	-0.107060	-0.441673	-1.234868	-0.558219	-0.547643
ENSMUSG00000077212	-0.259499	-0.572213	-1.207062	-2.448394	-1.283860	-0.747801
ENSMUSG00000077222	-0.100471	-0.489773	-0.390516	-1.756948	-0.609830	-2.447415
ENSMUSG00000077323	0.680983	1.024863	0.571308	0.071585	-1.039698	-1.445280
ENSMUSG00000077345	0.780826	-0.963339	1.172768	-1.418379	-1.413277	-2.481989
ENSMUSG00000077358	0.558771	0.581563	0.251783	-0.507862	-1.093877	-1.665348
ENSMUSG00000077380	0.584340	1.290550	-0.026752	0.545921	-0.139171	-0.748154
ENSMUSG00000077391	1.516102	0.670364	0.314766	0.614138	1.626357	0.381150
ENSMUSG00000077394	0.455203	0.273317	0.659760	1.229856	1.535654	2.920552
ENSMUSG00000077426	-0.103865	0.186066	-0.142477	-1.349354	-1.551270	-0.347044
ENSMUSG00000077440	0.066705	0.191912	-0.009926	-0.598441	-0.546734	-0.306827
ENSMUSG00000077450	0.029478	-0.164118	-0.248450	-0.158618	0.216873	0.270186
ENSMUSG00000077493	0.163330	-1.792006	0.253434	-2.063941	0.371816	0.485167
ENSMUSG00000077506	0.093375	-0.313794	-0.112046	1.071364	-0.201093	1.865172
ENSMUSG00000077563	0.123315	0.104840	-0.043050	0.270487	-0.141276	-0.359853
ENSMUSG00000077564	0.475107	0.554403	-1.206520	0.198590	-0.719144	-0.997600
ENSMUSG00000077565	-0.612994	-0.673058	-0.928182	-0.626280	-1.185795	-1.049924
ENSMUSG00000077575	0.269064	0.253778	0.252217	-0.094319	0.469927	-0.725060
ENSMUSG00000077614	-1.443477	-1.797156	-1.092085	-3.150344	-0.470175	0.444384
ENSMUSG00000077625	1.248456	1.471338	-0.517347	-1.219318	-4.269520	-1.163139
ENSMUSG00000077704	0.282005	0.034681	0.174865	0.853618	0.755724	3.053556
ENSMUSG00000077711	-0.494704	-0.481927	-1.356953	-2.245721	-1.931431	-1.305751
ENSMUSG00000077714	-0.613223	-0.493199	0.605913	-0.942864	-1.358909	-2.588562
ENSMUSG00000077734	-0.211927	0.017640	-0.827562	-0.489715	-0.616793	-0.784553
ENSMUSG00000077737	-0.312725	-1.328886	0.065929	-1.553654	-0.973962	-0.200531
ENSMUSG00000077797	0.290508	-0.523319	0.226266	-0.560410	-1.641304	-1.181726
ENSMUSG00000077990	1.396633	1.145221	0.614901	0.887461	1.597077	5.404389
ENSMUSG00000078126	1.039269	0.650383	0.397075	-0.348713	-1.181467	0.964870
ENSMUSG00000078137	3.348908	1.197596	0.201210	0.677407	1.097434	1.240990
ENSMUSG00000078139	-0.070371	0.304436	0.425700	-0.247897	-0.809611	-0.916228
ENSMUSG00000078153	1.400498	0.760741	0.479871	1.353478	2.181656	2.602850
ENSMUSG00000078154	-0.363659	-0.277222	1.840733	-0.629331	-0.651438	-0.557792
ENSMUSG00000078160	-0.351316	-2.498841	-2.044650	-2.094500	-1.880138	-1.880531
ENSMUSG00000078185	0.689646	0.430478	1.098293	-0.358349	0.600167	0.580736
ENSMUSG00000078193	-0.326792	0.630679	1.967007	-1.023348	-1.256122	-0.028850
ENSMUSG00000078201	0.142777	-0.322734	-0.013570	0.430518	1.182707	0.877767
ENSMUSG00000078202	0.100439	-0.749550	-0.489414	-1.430364	-1.509899	-2.172087
ENSMUSG00000078249	-0.479272	0.028005	0.645550	0.625322	1.427159	1.167098
ENSMUSG00000078300	-0.552327	0.177842	-0.139137	1.190452	0.603913	-1.582424
ENSMUSG00000078306	-0.814971	-0.454131	1.115570	0.984703	1.180238	1.671402
ENSMUSG00000078317	-0.318546	-0.537653	-0.257364	0.317271	0.682532	0.554376
ENSMUSG00000078348	-0.156211	-0.438310	-0.205233	0.052738	0.342272	-0.608898
ENSMUSG00000078349	0.874755	-0.178677	-0.716962	-0.462944	0.465214	-0.045584
ENSMUSG00000078350	0.202303	-0.316609	-1.455144	-0.405096	-1.460855	-0.631679
ENSMUSG00000078427	0.164921	0.244328	-0.016746	-0.213700	-0.468094	0.035653
ENSMUSG00000078429	0.392499	-0.134706	0.082608	0.500879	1.557659	1.928721
ENSMUSG00000078439	0.189555	0.650210	0.829099	2.018088	1.567297	1.875048
ENSMUSG00000078440	-0.063810	0.074964	-0.014545	-0.179540	-0.464711	-0.566432
ENSMUSG00000078441	-0.129684	-0.551187	-0.891463	-0.054546	1.092313	2.135988
ENSMUSG00000078451	-1.187462	-0.100433	1.091978	0.940914	0.455585	1.716184
ENSMUSG00000078452	0.037569	-0.240300	0.267336	-0.490836	0.388929	-0.726361
ENSMUSG00000078453	-0.025125	-0.108226	-0.315191	-0.500577	-0.604340	-0.489732
ENSMUSG00000078480	0.553681	0.270764	0.205238	-0.942159	-0.518049	0.492151
ENSMUSG00000078484	-0.261402	-0.437667	-0.483974	-0.433618	-0.330614	-0.461853
ENSMUSG00000078485	-0.382423	-0.130500	-0.905327	-0.285839	-0.841179	-1.173414
ENSMUSG00000078489	-0.504694	0.279894	-1.338675	-0.250971	0.267764	-0.056172
ENSMUSG00000078495	-0.260782	-0.317682	-0.133315	-0.326786	0.013735	0.242167
ENSMUSG00000078496	-0.258807	-2.176722	-1.557763	-1.141205	-3.130797	-2.781191
ENSMUSG00000078498	-0.436497	-0.159161	-1.108175	-1.650337	-2.197050	-0.573195
ENSMUSG00000078500	-1.263709	-2.127321	0.545509	-0.992356	-0.686559	-1.092643
ENSMUSG00000078502	-0.587800	-0.404258	0.511418	-0.621690	-0.172247	0.535187
ENSMUSG00000078503	-0.746811	-2.648450	0.511833	-0.423809	-0.602267	-1.565777
ENSMUSG00000078515	0.160237	0.208962	-0.307278	-0.541507	-0.410930	-0.521708
ENSMUSG00000078517	-0.203660	-0.325182	-0.334506	-0.538768	-0.522482	-0.897387
ENSMUSG00000078521	0.005559	0.055987	-0.378320	-0.710309	-0.988992	-1.663635
ENSMUSG00000078528	-1.509704	-1.002090	-0.429507	-0.491305	-0.502129	0.871150
ENSMUSG00000078532	-0.711457	-0.213967	-1.358418	-3.737426	-3.501551	-3.870203
ENSMUSG00000078546	-0.421434	-0.837868	-1.161715	-0.983860	0.070162	-0.715074
ENSMUSG00000078552	-0.991788	1.399533	1.064567	1.121054	1.100964	1.099509
ENSMUSG00000078554	5.333188	4.511635	5.949169	5.976777	2.961660	4.305832
ENSMUSG00000078566	0.693777	1.565825	1.231972	0.966813	-0.765295	-2.098829
ENSMUSG00000078570	-0.155926	-0.064000	-0.774492	-0.850737	-0.619876	-0.480135
ENSMUSG00000078572	0.147622	-0.291023	0.226727	-0.132448	-0.432720	-0.675798
ENSMUSG00000078578	-0.104747	-0.129951	-0.048895	-0.091455	-0.348106	-0.454729
ENSMUSG00000078580	0.014170	-0.253902	-0.544312	-0.263027	-0.336047	-0.280310
ENSMUSG00000078584	0.125815	0.115245	-0.186073	-0.195978	-0.334468	-0.286679
ENSMUSG00000078607	0.399539	0.094547	-0.700478	0.193061	0.646890	1.721520
ENSMUSG00000078619	0.020093	0.251671	0.592090	0.666689	0.892667	0.780955
ENSMUSG00000078622	0.075640	0.117797	0.090097	-0.186360	-0.185951	-0.022127
ENSMUSG00000078624	-0.545381	-0.156295	-1.768399	0.373625	-0.196185	-0.824497
ENSMUSG00000078635	0.790489	-0.597563	0.959279	-0.014825	1.732788	0.632757
ENSMUSG00000078651	-0.417342	0.130870	-0.785662	-0.974670	-1.421681	-1.749563
ENSMUSG00000078652	-0.101999	-0.067027	-0.346094	-0.592930	-1.068192	-1.528243
ENSMUSG00000078653	0.243525	0.379188	0.045808	0.977539	1.574486	0.949111
ENSMUSG00000078656	-0.492819	-0.233237	-0.830437	-0.376151	-0.241686	-0.320630
ENSMUSG00000078667	-0.173927	0.201235	-0.324332	0.058402	0.306883	0.011512
ENSMUSG00000078671	0.341935	0.841321	0.902796	1.172603	0.850234	0.917743
ENSMUSG00000078676	-0.236369	-0.312878	-0.208261	0.024774	0.076402	-0.192082
ENSMUSG00000078681	0.130531	0.255738	-0.070583	-0.008970	-0.291057	-0.166202
ENSMUSG00000078684	-0.022687	0.175598	0.165553	0.148595	-0.070336	-0.193079
ENSMUSG00000078695	0.586821	1.883761	1.495269	1.148035	1.051097	0.110418
ENSMUSG00000078700	-0.449509	-0.786557	-1.312873	-1.664232	-1.920068	-2.190481
ENSMUSG00000078713	-0.245371	-0.197692	-0.827364	-1.642487	-2.123226	-2.193965
ENSMUSG00000078716	-0.072144	-0.062126	2.049872	1.580091	1.948196	1.684437
ENSMUSG00000078762	-0.130448	0.281317	0.094263	0.030132	-0.590571	-0.203256
ENSMUSG00000078765	-0.048916	-0.061017	-0.322282	-0.338695	-0.518202	-0.419268
ENSMUSG00000078768	-0.318255	-0.881826	-0.732544	-0.501545	-0.498527	-0.392867
ENSMUSG00000078771	-0.279492	-0.901174	-1.442136	0.415389	1.125320	0.159497
ENSMUSG00000078773	-0.012456	0.373370	0.048150	-0.344686	-0.381098	-0.827452
ENSMUSG00000078779	0.056927	-0.708847	-0.228279	-0.720671	-0.756115	-0.060378
ENSMUSG00000078784	0.277275	0.257163	-0.545665	-0.507310	-1.020464	-0.538480
ENSMUSG00000078786	-0.317523	-0.528500	-0.703816	-0.420768	-0.488445	-0.589340
ENSMUSG00000078789	-0.050432	-0.657111	-0.956589	-1.435324	-1.734746	-1.886121
ENSMUSG00000078794	-0.248764	-0.779890	-0.454969	-1.408928	-1.201212	-1.284451
ENSMUSG00000078808	0.171725	0.156210	0.318304	-0.353464	-0.710008	0.321080
ENSMUSG00000078812	0.040441	0.024919	-0.055123	-0.549021	-1.091308	-1.604244
ENSMUSG00000078813	-0.004218	0.281129	-0.014581	-0.417202	-0.112154	0.490022
ENSMUSG00000078821	-1.714250	-0.459718	-0.364641	0.856525	-0.496998	0.395834
ENSMUSG00000078851	-0.078526	-0.802674	0.139541	0.409154	2.373106	2.081210
ENSMUSG00000078853	-0.421723	0.131454	1.063594	0.403240	0.032495	0.785416
ENSMUSG00000078861	0.362000	-0.049736	-0.314470	-0.079118	-0.727008	0.406431
ENSMUSG00000078862	-0.038694	0.611890	-0.439938	-0.608958	-1.929574	0.222452
ENSMUSG00000078864	-0.628142	-1.792611	-0.896032	-1.811304	-0.252227	-0.388778
ENSMUSG00000078865	0.205815	-0.761834	0.072084	-0.243596	0.587644	0.388887
ENSMUSG00000078866	0.651816	0.362109	-0.123087	-0.524243	-0.552469	-0.634189
ENSMUSG00000078867	-0.565830	-0.706330	-1.732527	-1.668065	-1.524044	-0.949853
ENSMUSG00000078868	-0.881114	-0.970745	1.071326	-0.653291	0.397288	0.710575
ENSMUSG00000078869	-0.037187	-1.136609	-0.585964	-0.197581	-0.406524	0.746985
ENSMUSG00000078870	-0.107261	-0.234343	-1.673809	-0.531324	-0.441681	0.220850
ENSMUSG00000078872	-1.030560	-0.774276	-1.572016	-0.354433	-0.725777	0.172916
ENSMUSG00000078876	-0.799678	-0.274985	1.675408	0.154931	1.754653	0.380131
ENSMUSG00000078877	-1.054155	-1.896493	-0.193636	-1.125195	-0.593338	-0.240305
ENSMUSG00000078878	-0.317660	-0.061429	-1.655873	-0.518262	-1.141293	0.629927
ENSMUSG00000078880	-0.146264	-0.506552	1.121015	0.491705	-0.528944	0.442898
ENSMUSG00000078887	0.128643	-0.012514	-1.245756	-0.863817	-1.256228	-0.966076
ENSMUSG00000078897	-1.701041	-1.308129	-0.537326	-0.728945	0.436521	0.752555
ENSMUSG00000078898	-0.851903	-0.936976	0.171307	-0.017195	-0.085621	0.096778
ENSMUSG00000078899	0.204932	-0.064181	-0.769556	-0.674725	-0.933573	-0.173113
ENSMUSG00000078902	-0.736940	-1.277200	-0.197665	-0.005247	0.467112	0.828821
ENSMUSG00000078903	0.198678	-0.113450	-0.161264	-0.470595	-0.066359	0.592604
ENSMUSG00000078906	-0.622934	0.362838	-1.224423	0.023654	0.359965	1.213402
ENSMUSG00000078908	0.019428	-0.357839	0.676801	0.157097	0.678268	0.653017
ENSMUSG00000078919	-0.064079	-0.302404	-0.079414	0.114272	-0.138594	0.309918
ENSMUSG00000078920	0.286734	-0.195343	-0.248395	-1.269717	-1.506479	-1.621397
ENSMUSG00000078921	-0.310566	0.053700	0.368276	0.493682	0.955274	-0.278157
ENSMUSG00000078923	-0.066987	0.085865	1.129660	-0.294095	-0.226568	0.108544
ENSMUSG00000078931	-0.487481	-1.216536	-0.868188	-0.811365	-1.205167	-1.411934
ENSMUSG00000078933	0.554966	-1.018766	-0.684368	-0.448607	-0.637421	-0.469980
ENSMUSG00000078937	-0.929148	-0.055996	0.265067	0.886096	0.486222	0.682029
ENSMUSG00000078941	-0.019254	0.522933	-0.046013	-0.572858	-1.051916	-0.870169
ENSMUSG00000078942	-0.579940	-0.226269	0.194968	0.904035	1.222473	1.423517
ENSMUSG00000078945	-0.785260	-0.544296	-0.265028	-0.165694	0.258833	0.644368
ENSMUSG00000078958	0.034590	0.671006	-0.293331	0.683075	0.271611	1.076586
ENSMUSG00000078960	0.003973	-0.850621	-0.505652	-1.631950	-0.225630	0.406676
ENSMUSG00000078965	1.100333	0.763047	1.134689	0.272543	-0.133413	-0.897524
ENSMUSG00000078967	0.812135	0.481905	-0.179511	0.204753	-1.300979	-0.480727
ENSMUSG00000078970	-0.199299	0.012167	-0.078590	-0.362307	-0.378575	-0.355831
ENSMUSG00000078974	0.063875	0.214315	-0.424005	0.331302	-0.149113	-0.379584
ENSMUSG00000078994	-0.310809	-0.370459	0.084637	-0.039892	0.159381	0.554661
ENSMUSG00000078995	-1.210571	-0.765130	0.104668	-1.241608	0.290054	0.847125
ENSMUSG00000079002	-0.034379	-0.467875	-0.099409	-0.195050	-0.172206	-0.157250
ENSMUSG00000079003	-0.268042	-0.063096	-0.105475	-0.754787	-1.321856	-1.434594
ENSMUSG00000079011	-0.695469	-0.671730	-0.543093	-0.994342	-1.027516	-0.116930
ENSMUSG00000079017	-0.622065	-1.280769	-0.726921	2.601190	3.226587	5.238554
ENSMUSG00000079019	0.225716	-0.835242	0.823786	-0.607604	-0.321086	-0.752468
ENSMUSG00000079020	-0.017674	-0.181928	0.060119	-0.713979	-0.683914	-0.805008
ENSMUSG00000079036	-0.237180	-0.141912	-0.799325	-0.746211	-1.593178	-1.495679
ENSMUSG00000079037	-0.053597	-0.568447	-1.006253	-1.232905	-1.568632	-1.735201
ENSMUSG00000079038	0.035885	-0.669056	1.853813	0.256729	1.518624	1.400341
ENSMUSG00000079043	-0.395959	-0.360020	-1.005781	-0.940037	-1.349927	-1.215024
ENSMUSG00000079065	-0.094508	0.739124	-0.394112	-0.744226	-0.600443	0.131899
ENSMUSG00000079069	-0.385015	-2.153667	-3.248885	-3.660232	-3.278409	-3.418979
ENSMUSG00000079071	-1.362956	0.592962	-0.219188	0.358142	0.623231	2.378050
ENSMUSG00000079083	-0.201393	-0.643339	-0.336344	0.980736	0.514621	1.085280
ENSMUSG00000079084	0.433470	0.099654	0.529840	0.116202	0.189040	0.072261
ENSMUSG00000079104	-0.046533	-0.369549	0.185234	-0.626200	-0.273047	-0.937297
ENSMUSG00000079108	0.063872	-0.682657	0.716677	0.823642	0.982884	0.158384
ENSMUSG00000079109	-0.111081	0.071988	-0.015773	-0.171575	-0.349763	-0.277477
ENSMUSG00000079110	-0.586669	0.049171	0.644031	0.765322	0.137909	1.407031
ENSMUSG00000079111	0.156683	0.258166	0.142938	0.345876	0.107361	-0.690679
ENSMUSG00000079139	0.248351	0.238710	0.260629	-0.393568	-0.432469	-0.770181
ENSMUSG00000079144	-0.138888	-0.097905	-0.321688	-0.457953	-0.807508	-1.018647
ENSMUSG00000079165	-0.167756	-0.190071	0.578089	0.188482	0.682918	0.560742
ENSMUSG00000079173	0.368754	-1.702802	-2.515748	-2.472559	-3.012764	-3.570708
ENSMUSG00000079179	-0.623586	-0.379027	-0.533452	0.143209	-0.502396	-0.543178
ENSMUSG00000079184	-0.026324	-0.216021	-0.213626	0.055134	-0.887720	-0.505755
ENSMUSG00000079197	-0.038223	-0.109240	-0.084954	-0.423044	-0.650703	-0.322350
ENSMUSG00000079215	0.313724	0.034128	0.578976	-0.315776	0.292773	0.202731
ENSMUSG00000079225	-0.729511	0.002644	0.434286	-2.235047	-3.106222	-1.875845
ENSMUSG00000079227	-0.050735	1.453008	0.237940	-0.968311	-1.560307	-0.847947
ENSMUSG00000079242	0.296300	0.205710	-0.193796	-0.917795	-1.210829	-0.647008
ENSMUSG00000079254	-0.020790	-0.158066	0.191943	0.429826	0.438290	0.370211
ENSMUSG00000079260	0.072761	-0.557591	-0.730817	-0.400961	-0.565055	-0.447571
ENSMUSG00000079265	-0.271025	-0.152179	-0.500907	-0.269061	-0.317735	-0.071671
ENSMUSG00000079267	0.650617	0.375812	-1.156938	-0.699798	-1.695260	0.134024
ENSMUSG00000079283	-0.216801	0.008385	0.042358	0.462104	0.136562	0.401614
ENSMUSG00000079297	-0.319820	-0.238662	2.420736	-0.587290	-0.206988	0.181596
ENSMUSG00000079304	-0.236473	-1.246637	-0.284140	1.004033	-0.974506	-0.292953
ENSMUSG00000079311	1.283981	0.547179	-0.323816	0.234134	0.084655	-1.864564
ENSMUSG00000079316	-0.146871	0.264729	-0.558835	0.235990	-0.395170	0.253770
ENSMUSG00000079317	-0.234556	-0.175906	0.508544	-0.025303	0.314392	0.131396
ENSMUSG00000079334	-0.230729	-0.695525	-0.896300	0.415458	0.634239	0.707499
ENSMUSG00000079339	-0.427481	0.638599	1.934202	2.171635	4.500205	5.385288
ENSMUSG00000079355	-0.602816	0.747712	0.519649	1.480434	2.542218	1.844830
ENSMUSG00000079356	-0.366117	1.184824	0.249525	-0.068680	-0.766671	-0.671538
ENSMUSG00000079363	-2.792900	-1.049081	-0.661576	0.021622	-0.152430	0.354722
ENSMUSG00000079414	0.506633	0.696622	-0.850377	0.377743	1.038159	1.012031
ENSMUSG00000079415	0.052948	-1.023390	-1.890824	-1.073996	-1.960323	-1.272099
ENSMUSG00000079418	-0.080792	0.009433	0.004641	0.010924	0.493002	0.621909
ENSMUSG00000079426	-0.237129	0.083163	0.038854	-0.030909	-0.421267	-0.392964
ENSMUSG00000079427	-0.175703	0.180576	-0.606858	0.838884	0.917271	0.750678
ENSMUSG00000079429	0.297039	-0.154855	-1.318732	-1.263702	-1.831051	-1.822762
ENSMUSG00000079435	0.001177	0.152904	-0.211736	-0.258114	-0.322481	0.174230
ENSMUSG00000079437	-0.126728	-0.233698	-0.313055	0.609261	0.681748	0.213757
ENSMUSG00000079442	-0.052688	-0.406626	-1.499052	-1.804865	-2.708430	-2.988007
ENSMUSG00000079444	1.086409	0.710248	0.995098	0.063106	-0.182197	-0.244810
ENSMUSG00000079445	-0.456772	0.201812	-0.156331	-1.572108	-1.113533	-1.922531
ENSMUSG00000079455	-0.242296	-0.213062	-0.620348	-0.108963	0.817458	1.622992
ENSMUSG00000079457	-0.403107	-0.496064	-0.853526	0.858945	1.048120	2.460228
ENSMUSG00000079467	-0.405886	-0.010177	-0.484230	0.230708	0.970548	1.449005
ENSMUSG00000079469	-0.137703	-0.246390	0.155152	-0.362957	-0.563337	-0.708591
ENSMUSG00000079470	0.390945	0.246419	0.850469	0.461059	1.335475	1.264348
ENSMUSG00000079477	-0.135782	-0.110388	0.232832	-0.086731	0.243001	0.171106
ENSMUSG00000079478	-0.067460	-0.163050	-0.478929	-1.182549	-1.662024	-1.484134
ENSMUSG00000079480	0.061748	0.436876	0.031208	-1.338758	-0.760217	0.569753
ENSMUSG00000079481	-0.378717	-0.663438	0.591533	0.918144	-0.303022	-0.165377
ENSMUSG00000079487	-0.249061	0.133442	0.011512	0.454191	0.601774	0.597399
ENSMUSG00000079489	-0.275180	-0.904863	-1.700014	0.128492	-0.359506	-0.080591
ENSMUSG00000079491	-0.462246	0.563884	0.901738	1.090127	1.293898	1.764988
ENSMUSG00000079492	-0.050032	0.048880	-0.359658	0.032221	0.323435	0.794511
ENSMUSG00000079499	-0.059988	-0.434236	-1.161460	-2.011900	-2.139555	-1.900461
ENSMUSG00000079502	-0.525021	-0.700495	0.621636	-1.858465	-0.156669	-1.364375
ENSMUSG00000079505	-0.323590	0.630651	0.904112	0.921511	0.837367	2.126273
ENSMUSG00000079507	-0.213101	0.332705	-0.329581	-0.117391	-0.537316	1.453081
ENSMUSG00000079508	0.552631	0.686173	0.312961	0.393799	-0.516736	-0.695967
ENSMUSG00000079509	0.666266	0.295987	0.366940	0.363595	0.696928	0.553014
ENSMUSG00000079511	-0.239898	-0.184941	-0.109099	-0.879634	-0.210322	-0.049288
ENSMUSG00000079523	0.805985	1.177036	2.030400	1.487745	2.163075	3.812253
ENSMUSG00000079547	0.012059	1.019286	0.663179	1.052301	1.299862	1.219700
ENSMUSG00000079553	-0.192132	-0.026628	0.533408	-0.036375	0.384692	0.088416
ENSMUSG00000079555	-0.264375	0.475264	0.103068	0.426815	1.070357	1.472998
ENSMUSG00000079557	-0.242271	0.030760	-0.038538	0.550433	0.651201	1.002042
ENSMUSG00000079562	-0.030700	-0.091744	0.089349	0.110411	0.483538	0.246588
ENSMUSG00000079563	-0.477081	-0.078482	0.936685	0.372459	0.003306	-0.702558
ENSMUSG00000079575	0.536619	-0.957837	-0.447101	-1.486414	0.033345	0.008752
ENSMUSG00000079580	0.042899	0.347764	0.245716	2.203909	1.761396	2.382214
ENSMUSG00000079605	-1.017919	-1.605720	-0.170725	0.650274	0.253548	0.677227
ENSMUSG00000079608	0.174812	-0.702876	-1.729191	1.323705	-0.005741	0.824532
ENSMUSG00000079610	-0.299605	-0.361060	-0.487220	-0.295742	-0.340137	-0.180117
ENSMUSG00000079614	0.155643	-0.118567	0.079608	-0.140717	-0.593176	-0.868633
ENSMUSG00000079641	0.141853	-0.335235	-0.459846	-0.094573	-0.080241	-0.040843
ENSMUSG00000079645	0.521111	-0.204329	-1.418234	2.039443	2.297933	2.807371
ENSMUSG00000079652	-0.133066	0.321907	-0.363906	-1.144830	-1.866561	-2.523976
ENSMUSG00000079657	0.022341	-1.012671	0.313526	0.325154	-0.238416	0.431401
ENSMUSG00000079658	0.183055	0.087090	-0.130791	-0.292158	-0.633378	-0.696633
ENSMUSG00000079659	2.822574	2.068257	3.454814	3.219519	2.556592	3.408193
ENSMUSG00000079662	0.827913	-0.140533	-0.634904	0.122435	-0.588495	1.257211
ENSMUSG00000079671	3.367087	2.165099	1.274728	1.298154	2.477028	1.814238
ENSMUSG00000079677	-0.368682	-0.477554	-0.687813	-0.468135	-0.535511	-1.050128
ENSMUSG00000079681	-0.340079	-0.836961	-2.116191	-1.756426	-2.764423	-1.588759
ENSMUSG00000079685	0.234384	-0.359838	0.698570	-0.003079	0.635237	-0.226924
ENSMUSG00000079707	0.269259	0.537960	-1.200075	-1.166351	-1.539520	-2.388302
ENSMUSG00000079709	-0.397718	-0.010086	-0.217114	1.657142	0.724027	1.927732
ENSMUSG00000079710	-0.822624	-0.798008	-1.035925	-0.737241	-2.495447	-1.853582
ENSMUSG00000079733	0.005315	0.453909	0.271674	1.619600	2.007368	2.001493
ENSMUSG00000079737	0.044967	0.271072	0.808781	0.349564	0.238356	0.605770
ENSMUSG00000079853	3.102140	2.913371	4.396607	6.577542	7.402128	7.277078
ENSMUSG00000079884	0.052462	0.003463	2.616322	-1.201650	-1.382659	-0.796916
ENSMUSG00000079915	-1.853944	1.208436	0.022635	2.669096	0.849420	0.747091
ENSMUSG00000079941	0.589837	0.759020	0.905623	-0.149923	-1.121544	-0.203515
ENSMUSG00000079965	-0.051054	-0.469851	-0.091774	0.459624	1.384806	2.567466
ENSMUSG00000080059	-0.298307	-1.128813	-0.190797	-1.369812	0.022674	-0.260214
ENSMUSG00000080076	0.582827	0.227287	0.731265	0.927696	1.184482	0.065141
ENSMUSG00000080115	-0.922155	-1.276829	-1.075420	-0.177466	-0.891139	-1.353828
ENSMUSG00000080242	-0.269463	-0.301438	0.089925	0.745695	1.250392	0.437867
ENSMUSG00000080268	-0.078173	-0.005765	-0.066622	0.223940	0.076928	-0.047112
ENSMUSG00000080316	-0.070637	0.840755	-0.553363	0.891428	0.297552	-0.283680
ENSMUSG00000080364	-0.243390	-0.439166	-0.992995	-1.080491	0.392377	-1.643763
ENSMUSG00000080365	0.926424	1.192256	0.676133	-0.620128	-0.346536	0.368628
ENSMUSG00000080396	-0.013098	-0.063821	-0.597918	-0.923429	0.769959	-2.222100
ENSMUSG00000080440	-0.176216	0.790301	-0.135934	-0.916558	1.457331	-4.854412
ENSMUSG00000080461	0.987257	0.240734	2.613558	1.687139	0.527783	3.043632
ENSMUSG00000080465	0.343357	0.139442	0.683737	-1.135758	-0.670486	-0.532980
ENSMUSG00000080469	0.106839	1.010221	0.193731	0.348721	1.386784	3.736393
ENSMUSG00000080478	0.830490	0.446244	1.263550	-1.053798	0.101462	0.056255
ENSMUSG00000080486	-1.278397	-2.692320	0.166821	-1.358313	-0.327013	-0.251682
ENSMUSG00000080518	-0.060311	0.457850	1.056262	-0.160369	-0.179850	0.417622
ENSMUSG00000080533	-0.011258	0.765813	-0.369214	-1.101149	-0.020642	1.915789
ENSMUSG00000080540	-0.152461	0.178384	-0.041834	-0.714972	-0.784133	-1.489780
ENSMUSG00000080542	0.458651	0.798961	0.197942	0.564148	-0.781596	-1.043116
ENSMUSG00000080712	-0.247836	-0.350672	-1.145263	0.596424	1.087646	0.479421
ENSMUSG00000080717	-1.657458	-2.632408	-0.180280	-1.030711	-1.363074	-0.429769
ENSMUSG00000080727	-0.174859	0.148062	0.542798	0.567737	0.281043	0.923329
ENSMUSG00000080772	-0.508091	-0.178867	-1.897532	-0.115289	0.598658	0.741689
ENSMUSG00000080776	0.084623	0.480246	1.244029	-1.301715	-1.093769	-0.497526
ENSMUSG00000080783	2.556905	0.438108	0.034381	-1.237017	-1.574088	-2.395033
ENSMUSG00000080797	-1.269884	-2.130601	1.222755	1.319585	1.277167	2.531286
ENSMUSG00000080810	-1.053870	0.146035	-0.017287	0.094489	0.472660	1.884281
ENSMUSG00000080845	-1.074223	0.265764	0.768550	-0.464550	-1.142528	-2.279233
ENSMUSG00000080848	0.348998	-0.091708	1.752207	-0.322155	-0.841830	1.640612
ENSMUSG00000080875	0.047897	0.088380	2.626303	-0.438664	-1.724005	-0.500639
ENSMUSG00000080885	0.188822	0.328528	-0.210053	-0.371317	-0.885205	-0.528771
ENSMUSG00000080893	0.214438	0.286508	-0.202677	-0.110479	-0.543491	-1.453949
ENSMUSG00000080916	0.789274	0.507881	1.800087	1.819795	1.143137	1.064079
ENSMUSG00000080921	0.452793	0.153502	0.983183	-0.815574	-1.473805	0.629479
ENSMUSG00000080935	-0.350664	0.088482	2.129724	-1.324398	-1.324260	-1.013205
ENSMUSG00000080950	-0.704901	-1.211187	-1.864576	-2.160461	-2.393433	-2.369404
ENSMUSG00000080957	0.460507	-0.056220	0.827126	-0.400194	-0.026725	-0.845900
ENSMUSG00000080968	-0.407393	-0.384731	0.334844	-0.695321	-0.970444	1.003427
ENSMUSG00000080971	-0.244606	0.063388	-0.853040	-0.170391	-1.658536	-0.191154
ENSMUSG00000080999	0.671437	-0.233415	0.033130	-0.932555	-0.230797	-1.063291
ENSMUSG00000081049	-0.451144	1.269427	1.999186	-1.208794	-1.783407	-1.296958
ENSMUSG00000081051	-0.889114	0.492956	2.065987	-0.860432	-0.650944	-0.627600
ENSMUSG00000081058	0.274389	2.191632	-1.689549	-0.590607	-0.044487	0.590917
ENSMUSG00000081076	2.993270	0.522270	-1.169922	-0.874761	-2.539326	-3.441658
ENSMUSG00000081078	-0.491481	0.645879	2.072868	1.915475	1.658039	1.573880
ENSMUSG00000081094	-0.614592	0.938242	1.747760	-1.134849	-0.980043	0.628400
ENSMUSG00000081103	-0.178968	-0.445611	-2.191452	-1.418260	-1.699772	-0.499518
ENSMUSG00000081126	-0.798377	-0.411845	0.207063	-1.489149	0.064384	-0.190654
ENSMUSG00000081128	0.218274	0.203115	0.343653	-1.137588	-0.803697	-0.287487
ENSMUSG00000081137	0.668429	1.307421	-0.107425	0.213137	0.538982	-0.504819
ENSMUSG00000081170	-0.172288	0.935976	0.520053	0.287395	-0.049744	-0.944488
ENSMUSG00000081176	0.051883	-0.031286	3.600736	-0.821141	0.185929	1.933786
ENSMUSG00000081187	-1.182750	0.445791	1.905161	2.082039	1.974120	1.025674
ENSMUSG00000081208	-0.354882	-0.139657	0.598174	0.641719	0.395605	0.202427
ENSMUSG00000081214	-0.274945	-0.399795	-0.494742	0.321172	-0.231332	0.205499
ENSMUSG00000081219	-2.054396	-0.879590	-0.765498	1.310114	3.044005	3.568361
ENSMUSG00000081223	-0.238827	-0.276072	-0.450504	-0.931314	0.652707	1.558552
ENSMUSG00000081248	0.391122	1.852401	-1.866208	2.255363	1.644214	2.670814
ENSMUSG00000081256	-0.881495	-1.072036	0.049898	0.120508	0.504440	-0.189696
ENSMUSG00000081272	0.142157	0.548796	0.525567	-1.000311	-0.620220	0.150666
ENSMUSG00000081291	0.631141	0.249598	2.154801	0.176329	0.277101	-0.179177
ENSMUSG00000081309	-0.144492	-0.220628	1.420894	-1.372435	-0.975042	-0.584106
ENSMUSG00000081340	-0.021183	-0.279447	0.383966	-0.233133	1.420196	0.617356
ENSMUSG00000081344	1.267488	0.505072	0.954323	-0.383004	-1.078845	0.577794
ENSMUSG00000081378	-0.333564	0.194912	-2.967106	-0.509744	0.197117	-0.282765
ENSMUSG00000081400	-1.223519	0.695124	2.500022	-1.267452	-1.129970	-1.769789
ENSMUSG00000081404	0.311502	0.153504	-0.360785	-1.219341	-1.788232	0.224044
ENSMUSG00000081406	-1.524184	1.311351	2.275673	-1.514285	-0.746594	-1.236220
ENSMUSG00000081434	-0.851229	-0.406313	-0.462701	-0.290920	-0.339205	-1.007504
ENSMUSG00000081448	-0.453048	-0.370470	-1.019889	-0.530571	0.635013	1.183295
ENSMUSG00000081453	0.238527	-0.049374	-0.397633	-0.201142	0.367663	-1.089555
ENSMUSG00000081455	0.926662	-0.041053	-0.986908	-2.043579	-2.163921	-2.124166
ENSMUSG00000081467	0.067879	-0.256331	0.139324	-0.121133	-0.581477	-2.819009
ENSMUSG00000081471	-0.377673	0.264809	-0.101671	0.579092	-0.398982	-0.287117
ENSMUSG00000081476	-0.321780	-0.453413	-0.139701	-0.521286	0.085167	-0.203825
ENSMUSG00000081480	-0.513727	-0.791456	-2.413776	0.737133	-0.887714	-1.336155
ENSMUSG00000081485	0.028010	0.339685	1.059423	-0.300545	-0.962984	-0.330774
ENSMUSG00000081534	-0.321261	-0.253089	-0.008083	-0.423928	-0.301795	-0.326757
ENSMUSG00000081535	0.013785	-0.097672	1.057233	-0.171811	-1.502516	0.049671
ENSMUSG00000081557	-0.328766	0.077968	1.033397	1.791477	0.737568	1.720425
ENSMUSG00000081564	0.683006	0.292730	0.315948	-1.225993	-1.147165	-0.713537
ENSMUSG00000081574	-0.557360	0.983223	-0.351103	0.363786	-0.797739	-1.132727
ENSMUSG00000081590	-0.753853	0.161723	-0.767534	-0.045910	0.597571	0.651816
ENSMUSG00000081600	0.417885	0.149207	-0.490108	1.007653	-0.132572	-1.415857
ENSMUSG00000081603	0.846828	0.588993	-0.499329	-2.718004	-3.321948	-0.613280
ENSMUSG00000081648	-0.972470	0.806944	-1.325279	-0.044203	-0.904112	-0.956821
ENSMUSG00000081670	-0.836800	-0.641646	0.164136	-0.122138	0.540467	0.859221
ENSMUSG00000081684	-0.289690	0.071547	0.265893	0.377161	-1.380936	-0.894399
ENSMUSG00000081692	0.044300	-0.734479	2.773162	-0.545719	0.825043	0.458785
ENSMUSG00000081739	0.343011	-0.029017	0.007224	0.308409	0.049374	0.329831
ENSMUSG00000081752	0.403611	0.266259	1.361913	-0.810977	-1.605590	-0.496589
ENSMUSG00000081769	-1.411977	-0.467598	-1.931142	-0.318385	-0.240602	0.266581
ENSMUSG00000081788	-0.659520	-0.743668	1.301844	-0.091085	-0.541061	0.585325
ENSMUSG00000081805	-0.864186	-1.531972	-0.139595	-0.119224	0.338627	0.102375
ENSMUSG00000081807	-0.549973	-0.007747	-1.125867	-0.400065	-0.867745	-0.834335
ENSMUSG00000081809	0.130597	0.061871	-1.650242	0.538120	0.257942	0.493796
ENSMUSG00000081811	-0.256625	0.432255	-0.005519	-1.463794	-1.249469	-0.386319
ENSMUSG00000081824	0.713905	-0.286442	0.477483	-1.416444	-0.047637	1.005189
ENSMUSG00000081850	-0.674168	-0.590746	0.858855	-0.846175	0.436904	-0.193136
ENSMUSG00000081855	-1.073610	0.315896	1.733151	-0.660854	-1.202278	-1.001125
ENSMUSG00000081895	-0.951023	0.467224	1.147852	-1.193917	-0.916275	0.109758
ENSMUSG00000081915	0.711109	-0.537106	-0.573679	-2.634286	-1.167271	-1.688345
ENSMUSG00000081926	1.480784	1.236598	1.321550	0.284963	-0.859162	0.970330
ENSMUSG00000081930	-0.523798	0.438299	-0.084258	0.377803	0.756614	1.056001
ENSMUSG00000081965	0.264091	0.534720	0.923324	-0.362482	0.271747	0.488023
ENSMUSG00000081974	-0.207908	-0.408276	0.001818	-0.203575	-0.107287	0.841493
ENSMUSG00000081992	-0.893904	0.482920	0.344550	-0.019697	-0.865179	-0.546183
ENSMUSG00000081998	-0.914674	-0.943484	-0.817559	-0.491468	1.072820	1.665879
ENSMUSG00000081999	-0.185590	-0.005425	2.912400	-1.485756	-2.380204	-2.549841
ENSMUSG00000082016	-0.166481	0.619966	1.479813	-0.192840	-1.551632	-1.616435
ENSMUSG00000082029	-0.091814	-0.303654	1.615763	-0.549626	-0.609452	1.871374
ENSMUSG00000082087	-0.994063	0.328323	0.720500	-1.023066	-0.272315	0.683515
ENSMUSG00000082088	-1.000067	0.175163	1.416841	0.770148	1.209288	1.435346
ENSMUSG00000082130	-1.313707	-1.323713	1.650866	-0.829484	0.532880	0.338623
ENSMUSG00000082163	0.331837	0.039659	-0.057164	0.260979	0.586122	-0.104423
ENSMUSG00000082171	-0.851688	-1.369288	0.251528	-1.430469	-0.855803	-0.456615
ENSMUSG00000082186	0.272482	1.038626	-0.613277	-0.492591	-0.431588	0.601139
ENSMUSG00000082209	-0.506540	0.302842	1.951734	-0.978546	-1.706184	-1.221764
ENSMUSG00000082234	-0.283032	-0.563365	-0.240095	-0.507886	-0.015935	1.084527
ENSMUSG00000082241	-1.443676	0.479037	1.028747	-1.056932	-1.246082	-0.465432
ENSMUSG00000082265	0.263407	0.806450	0.027300	-1.652230	1.803945	1.194587
ENSMUSG00000082280	0.052937	0.478198	0.860400	-1.056655	-2.140734	-2.216847
ENSMUSG00000082286	0.230163	-0.415583	-0.603743	0.256629	0.779423	1.097094
ENSMUSG00000082292	-1.134315	-0.401130	0.428806	-0.630881	-0.977768	-0.636544
ENSMUSG00000082319	-1.199514	-0.124571	0.595222	-0.605968	-1.531441	-0.241699
ENSMUSG00000082365	-1.581157	-1.644701	-2.221028	-1.838309	-3.177866	-2.259780
ENSMUSG00000082383	0.074337	0.210229	0.561402	0.999822	1.413393	2.198931
ENSMUSG00000082419	-0.193550	0.434204	-0.196474	0.348216	0.694816	1.652302
ENSMUSG00000082424	-1.740765	-0.545145	0.033560	0.452670	-0.163201	-1.256168
ENSMUSG00000082436	0.705381	-1.403635	-1.253478	-1.178101	-2.744326	-1.404044
ENSMUSG00000082454	-1.120242	0.066525	0.967689	-1.572608	-0.879624	-0.998388
ENSMUSG00000082465	-1.609437	0.515640	0.342153	0.953771	1.885583	2.120752
ENSMUSG00000082480	-0.364024	-0.565222	-0.656227	0.367330	-0.259467	-0.788745
ENSMUSG00000082520	0.126512	1.523877	1.189377	-0.116962	-0.637607	0.815027
ENSMUSG00000082530	0.486471	-0.412626	0.615804	-1.261210	-1.540789	-1.337630
ENSMUSG00000082535	-1.429712	-1.225516	0.145438	1.347761	0.775065	1.870430
ENSMUSG00000082536	-0.195402	0.395466	-0.488261	0.950684	-0.599681	-0.433999
ENSMUSG00000082585	-0.524467	-0.109507	0.634279	-0.537492	-0.246335	-0.870834
ENSMUSG00000082588	-0.445330	-1.433051	-0.551150	-0.860801	0.532751	1.370926
ENSMUSG00000082593	-0.730460	-0.284149	-0.023071	1.020063	0.968228	1.747920
ENSMUSG00000082691	0.345225	0.479886	1.625072	0.572865	0.416715	1.610870
ENSMUSG00000082711	0.301989	-0.175375	1.150942	0.057841	0.874165	0.476581
ENSMUSG00000082740	-1.100095	0.526087	-1.099513	-0.840163	0.542641	-0.406070
ENSMUSG00000082762	0.355415	0.497407	0.485354	0.609019	-0.094539	-1.146548
ENSMUSG00000082765	0.167871	0.284750	0.802560	0.582758	-0.669515	0.331584
ENSMUSG00000082769	0.160146	0.252104	-1.105050	-1.632525	-0.115995	0.327382
ENSMUSG00000082791	0.782519	0.101735	0.583546	0.172270	0.628538	0.597086
ENSMUSG00000082809	-0.557558	-0.483078	-0.649744	-0.355519	-0.092156	-1.449415
ENSMUSG00000082894	0.562260	-0.476523	-0.385272	-0.169520	-0.437019	0.158070
ENSMUSG00000082895	0.683236	-0.965685	-0.446574	-0.266583	-0.696228	-0.186309
ENSMUSG00000082896	0.617472	0.826259	0.389668	-0.964270	-2.311675	-1.515293
ENSMUSG00000082908	0.092053	0.511894	0.914220	-1.231654	-1.088334	-0.162222
ENSMUSG00000082920	0.130560	-0.208418	-0.804170	0.693306	-0.765308	0.656788
ENSMUSG00000082922	0.097287	-0.917437	-2.891895	0.620037	-1.375854	-0.541020
ENSMUSG00000082935	-0.153559	0.184108	0.017565	-1.726734	-1.736553	-0.472301
ENSMUSG00000082938	-0.560915	-0.519911	1.817184	-0.547914	-0.529937	0.726067
ENSMUSG00000082946	-0.307473	-1.381180	0.269351	-0.261492	-1.045860	0.156645
ENSMUSG00000082956	-1.650618	-1.045769	-0.185978	-0.508047	1.884766	2.271997
ENSMUSG00000082988	-0.772655	-0.515936	1.904113	0.127125	-1.018323	-1.013583
ENSMUSG00000083012	-0.173523	0.271073	-0.292136	-0.045244	-0.255030	-0.585740
ENSMUSG00000083022	0.252406	0.371955	0.616753	0.007491	-0.794461	-0.257909
ENSMUSG00000083027	-0.799933	-0.055396	0.840947	-1.165197	-1.257667	-0.256549
ENSMUSG00000083044	0.358141	-0.130276	-0.508184	1.792413	0.257343	-1.356057
ENSMUSG00000083061	-0.513863	0.572778	-0.903619	1.164519	-0.583279	0.692631
ENSMUSG00000083064	-1.350019	-0.856418	-0.183719	-0.984858	-1.439061	-0.644159
ENSMUSG00000083087	0.634946	-0.447339	0.306993	0.425939	-1.750646	-2.246115
ENSMUSG00000083097	0.557116	0.373463	0.825549	-1.167371	-2.046875	-0.308735
ENSMUSG00000083104	-0.323663	-0.617387	-0.850749	-0.809477	-1.245960	-1.227023
ENSMUSG00000083111	-0.369816	0.040309	-1.903768	-0.382886	-1.512958	-0.998519
ENSMUSG00000083139	0.289842	-0.321049	-0.817884	-0.518096	-0.003053	-0.919066
ENSMUSG00000083149	-0.753823	0.591601	-0.369870	0.409527	0.672250	0.236547
ENSMUSG00000083152	-0.097236	0.945102	0.322449	0.087736	0.722247	-1.023696
ENSMUSG00000083161	0.029182	0.804811	0.035520	-0.388863	-0.914079	-0.972258
ENSMUSG00000083165	0.801897	0.537864	1.275393	0.510643	2.540117	2.785085
ENSMUSG00000083199	0.100791	-0.029928	0.139407	-1.355240	-2.885157	-1.746335
ENSMUSG00000083209	-0.341389	-1.166037	0.329010	-0.878359	0.672942	-0.693687
ENSMUSG00000083223	0.318444	-0.105419	-0.334534	-1.790535	-0.398144	-1.069636
ENSMUSG00000083240	0.078883	1.193692	1.343876	-0.034994	-0.012261	1.291534
ENSMUSG00000083246	-0.628035	0.313328	-0.624348	-0.014488	-0.224235	0.356286
ENSMUSG00000083261	0.040233	0.305363	0.636064	-0.773660	-1.714441	-0.853492
ENSMUSG00000083268	-0.601613	-0.848549	-0.721639	0.488661	1.503586	-0.469855
ENSMUSG00000083305	-1.058994	-1.090521	-0.243715	-1.069559	-1.271887	0.213684
ENSMUSG00000083307	-0.751075	-0.571062	1.005476	-1.196616	-0.367116	-1.054697
ENSMUSG00000083317	0.050001	-0.750325	-0.282265	1.029085	2.081410	0.745377
ENSMUSG00000083325	-0.203191	0.678624	-0.009327	-0.261775	-1.051693	-1.758298
ENSMUSG00000083327	-0.202347	0.580955	1.726614	-0.380255	-0.250998	0.386879
ENSMUSG00000083340	-0.067814	0.392161	0.172560	-0.576799	-0.630819	0.035698
ENSMUSG00000083364	-0.497340	0.545880	1.305138	-1.348394	-2.325518	-0.767224
ENSMUSG00000083367	0.292908	0.015855	1.116469	-0.135214	-0.837451	0.425636
ENSMUSG00000083380	-0.958953	1.019551	1.580723	-0.099365	-2.126248	-1.332526
ENSMUSG00000083396	-0.687793	0.372043	0.193461	-0.888479	-0.200415	0.236635
ENSMUSG00000083397	-0.928736	-0.128577	-0.466706	0.278626	-0.415717	-0.521383
ENSMUSG00000083505	-0.374344	0.406903	0.092443	-2.424727	-2.788662	-2.514015
ENSMUSG00000083563	-0.777952	-0.966401	-1.511487	-0.402823	0.118829	0.046851
ENSMUSG00000083594	-0.391171	0.312806	-0.216111	0.294681	-0.254312	0.534344
ENSMUSG00000083621	0.170598	0.463079	0.782474	-0.779633	-0.879028	0.150526
ENSMUSG00000083623	-0.710567	0.525250	0.221805	0.853196	0.495936	0.937157
ENSMUSG00000083633	-0.224303	-2.183408	-1.160945	-0.777937	-2.296307	-0.527902
ENSMUSG00000083650	-0.786577	-1.234896	0.897456	-0.005912	1.290225	1.815385
ENSMUSG00000083669	-0.672667	0.384705	0.672433	-1.193980	-1.054786	-4.238408
ENSMUSG00000083670	0.620210	-0.079196	1.762037	-0.691819	-0.742177	1.010669
ENSMUSG00000083672	0.401101	0.874909	1.375152	1.480806	1.134351	0.655499
ENSMUSG00000083705	1.397345	-1.765727	-0.722328	0.314780	-0.740457	0.385823
ENSMUSG00000083708	-0.180153	-0.194340	-0.522551	-1.167629	-0.107705	-0.400173
ENSMUSG00000083716	0.165925	0.222416	2.131916	-1.481451	-1.735475	-0.488351
ENSMUSG00000083718	0.315054	-0.571651	-0.714001	-0.437992	-1.029921	0.494723
ENSMUSG00000083736	-0.763994	-1.161848	-0.473527	0.005053	0.818547	0.409972
ENSMUSG00000083754	0.768736	-0.136427	-0.186563	-1.335697	-0.707153	-1.749360
ENSMUSG00000083757	-1.288077	-0.214687	1.125134	-1.067872	-0.140534	0.075582
ENSMUSG00000083773	0.393208	0.704765	0.586413	0.654627	-0.016308	-1.163598
ENSMUSG00000083798	0.521693	0.181318	1.102264	-0.301000	0.042271	1.719524
ENSMUSG00000083811	0.129884	-1.393239	2.157443	-1.169334	1.259414	1.403111
ENSMUSG00000083816	-0.585635	-1.680035	-0.965971	-0.926699	-1.748794	-2.459455
ENSMUSG00000083822	-0.259499	-1.025409	1.570952	1.667167	2.369590	2.614352
ENSMUSG00000083827	0.408690	-0.644752	-1.174841	2.751497	0.281508	2.036715
ENSMUSG00000083833	0.101889	0.060268	-0.269140	-0.505256	-0.516569	-0.403630
ENSMUSG00000083840	0.667080	0.014579	0.043660	0.162134	0.236868	0.153977
ENSMUSG00000083844	-0.401133	-0.132719	-0.444422	-0.028966	-0.630739	-0.739921
ENSMUSG00000083853	0.052266	-0.559489	1.337972	-2.013442	-0.060562	0.594480
ENSMUSG00000083863	-0.393669	-0.977826	-1.107257	-0.112950	0.152192	-1.168249
ENSMUSG00000083885	-1.415708	-1.448754	0.198486	-0.178223	1.137769	1.693493
ENSMUSG00000083899	-0.729009	0.505218	0.201413	-0.561059	-1.346953	-0.763549
ENSMUSG00000083902	-0.078819	-0.368444	0.579585	-0.434259	0.665670	-1.312517
ENSMUSG00000083906	-0.340917	-1.256117	1.972103	-0.614134	1.873194	-0.587095
ENSMUSG00000083953	0.736823	-0.453914	-0.889344	0.249552	-0.743237	-1.035716
ENSMUSG00000083992	0.174286	-0.163974	-0.277533	-0.144333	-0.753629	-1.518813
ENSMUSG00000084022	0.868658	0.236791	0.334184	-0.197173	-1.354697	-1.834677
ENSMUSG00000084033	-0.994708	-1.673372	0.887481	0.445755	1.025213	0.774343
ENSMUSG00000084099	-0.826694	0.514031	2.544678	0.959348	-0.341650	-0.796809
ENSMUSG00000084106	-0.053404	0.345810	0.981613	-1.367692	-1.326681	-1.132942
ENSMUSG00000084111	0.764437	-0.492921	-0.506558	-0.542100	-0.578983	-0.389517
ENSMUSG00000084132	-0.481703	-0.246472	-0.227547	-0.054967	-3.750681	-1.101338
ENSMUSG00000084154	0.177336	0.394189	1.067419	-1.528727	-1.436687	0.478192
ENSMUSG00000084159	0.208038	-0.104565	-0.031884	-0.453180	0.234533	-0.328391
ENSMUSG00000084166	-0.118832	-1.731136	0.304738	-0.570445	-0.052071	0.059927
ENSMUSG00000084170	0.217763	-1.725580	0.008229	1.640415	0.253960	-1.324889
ENSMUSG00000084288	-0.567349	-1.234650	-1.928396	-1.101110	-2.109850	-2.352917
ENSMUSG00000084304	0.874470	0.603666	0.061579	0.558697	-0.354057	2.034742
ENSMUSG00000084315	-0.752261	0.214674	0.802730	0.284467	0.580401	1.083617
ENSMUSG00000084319	0.325080	0.595499	1.397310	-0.986047	-1.629782	0.260243
ENSMUSG00000084329	0.220203	0.485452	-0.885107	0.602719	-1.143391	0.417299
ENSMUSG00000084347	-0.546384	-0.768546	0.759535	0.739578	0.992782	0.094380
ENSMUSG00000084349	-0.410368	-0.563313	0.421142	-0.652325	-0.247488	0.130943
ENSMUSG00000084350	-0.759470	-1.241623	-1.244234	-1.024721	-0.643122	-0.954216
ENSMUSG00000084372	-0.175382	2.043117	1.221742	0.622666	2.588384	1.817377
ENSMUSG00000084381	-0.119271	-1.805432	1.383329	-0.481109	0.500594	2.679395
ENSMUSG00000084408	-0.644173	-0.662897	1.788918	-0.929882	-0.199312	-0.846474
ENSMUSG00000084411	-1.031707	-0.501920	-0.930836	-1.221428	-1.362990	0.077966
ENSMUSG00000084416	0.183276	0.465434	1.499703	-0.769869	-1.065186	0.181300
ENSMUSG00000084497	-0.067691	-0.127746	-2.338211	-0.397252	-0.949250	-0.918355
ENSMUSG00000084592	0.527482	0.055130	-0.422315	0.559960	1.900037	3.103283
ENSMUSG00000084686	0.006417	-0.478691	-1.155274	-0.437867	-0.792241	0.668912
ENSMUSG00000084744	0.761698	-0.172670	-1.931641	0.001435	-1.055311	0.945478
ENSMUSG00000084758	0.477704	0.478298	0.175614	0.271494	0.755453	1.053830
ENSMUSG00000084760	0.863931	-0.742641	0.013228	-0.237048	0.305152	-1.230764
ENSMUSG00000084771	-1.056566	-1.118163	0.476869	1.166584	-0.798339	-1.775182
ENSMUSG00000084786	0.088986	0.238975	-0.091810	0.154417	-0.148408	0.212957
ENSMUSG00000084790	-0.015730	-0.462487	-0.918633	-0.633010	-1.566338	-1.253741
ENSMUSG00000084792	-0.028033	0.484100	0.926932	-0.352308	-0.476319	-0.638043
ENSMUSG00000084796	-0.434562	-0.216900	0.189621	0.467116	1.016028	1.131767
ENSMUSG00000084797	1.307073	0.247549	2.864589	2.348072	1.871330	2.273362
ENSMUSG00000084799	-0.563300	0.096455	0.078503	-0.080080	0.140988	1.139985
ENSMUSG00000084803	-0.352797	-0.024523	-0.441678	0.242950	0.256351	-0.354416
ENSMUSG00000084806	0.352331	0.786627	0.630044	-0.026729	-0.751958	-0.076015
ENSMUSG00000084807	-0.861181	-2.534953	-0.525710	-0.647090	-1.982306	-0.459860
ENSMUSG00000084808	-0.474875	-0.375827	-0.814949	0.326604	0.392835	0.665246
ENSMUSG00000084809	-1.041154	-1.636659	-0.362557	0.018448	0.368046	0.025317
ENSMUSG00000084817	-0.419156	0.031673	1.281834	-0.611923	-0.658335	-1.075534
ENSMUSG00000084824	0.126128	0.002140	0.513176	-0.563621	0.325342	1.167103
ENSMUSG00000084826	-1.333773	-1.349466	-1.074839	-0.033834	-1.200375	-1.270436
ENSMUSG00000084838	-0.214908	0.280271	1.718834	-0.575748	-1.274756	-0.275885
ENSMUSG00000084843	-0.539407	-0.826978	-2.117843	-2.294490	-1.485500	-0.358200
ENSMUSG00000084845	-0.628284	-1.183697	-0.112784	0.717606	1.036279	0.625609
ENSMUSG00000084846	-0.210684	0.453527	-0.269592	0.532208	0.746058	1.298352
ENSMUSG00000084866	-0.203305	-0.330579	-0.603522	0.859758	1.333646	1.140644
ENSMUSG00000084880	0.067715	0.004767	0.023766	1.023436	1.208891	0.055876
ENSMUSG00000084899	0.470556	0.204117	-1.616384	0.036753	-0.375502	-0.422287
ENSMUSG00000084904	0.106763	-0.393383	0.816813	-0.305352	-0.723107	0.495705
ENSMUSG00000084911	0.542683	-0.166011	0.006625	-1.433357	-2.881283	-2.425506
ENSMUSG00000084915	-0.757663	-0.376829	0.294893	0.791470	1.535210	2.140349
ENSMUSG00000084925	0.003201	-1.128899	-0.547994	0.258848	1.023370	1.847250
ENSMUSG00000084941	-0.057529	-0.418397	-0.877789	-0.118238	0.867160	0.911717
ENSMUSG00000084946	0.199363	-0.900009	-0.755134	-0.058425	2.142019	2.558304
ENSMUSG00000084956	-1.012536	-2.722964	-1.945539	-3.090590	-3.324387	-2.012283
ENSMUSG00000084957	-0.042301	0.451293	0.154907	0.250665	0.006212	0.488649
ENSMUSG00000084968	-0.076650	0.300542	-0.149767	0.138390	2.108260	1.656733
ENSMUSG00000084980	0.056318	-0.245843	0.111857	0.505418	-0.193531	0.647215
ENSMUSG00000084986	-0.228601	1.929180	2.627848	3.925435	2.921766	2.978468
ENSMUSG00000084998	-0.376123	-0.432214	-1.527874	-0.957268	-1.940447	-1.794589
ENSMUSG00000085008	-0.550070	0.345667	-1.183456	0.013709	0.323508	-0.258871
ENSMUSG00000085016	-0.188478	-0.463484	-0.980414	0.535931	0.692326	-0.403262
ENSMUSG00000085024	1.190720	-0.412019	-1.071268	-1.265925	0.368998	-1.171842
ENSMUSG00000085028	0.002952	-0.225195	-0.068896	0.048811	-0.042659	0.247840
ENSMUSG00000085030	-0.192116	0.000785	-0.078791	0.765310	-0.033123	-0.522190
ENSMUSG00000085037	0.063924	0.332306	0.080061	0.916303	1.470756	1.723323
ENSMUSG00000085039	-0.353098	-0.730329	-0.701028	0.334678	-0.002620	1.257000
ENSMUSG00000085054	-0.572818	0.041395	-0.131689	0.228383	0.831410	0.076551
ENSMUSG00000085072	0.525886	1.111942	0.141425	-0.223452	-1.359471	0.303470
ENSMUSG00000085085	0.218097	0.155075	0.965566	1.510977	1.375797	0.538124
ENSMUSG00000085093	-0.609701	-1.581194	0.325226	0.546831	1.765636	0.752853
ENSMUSG00000085102	-1.411246	-2.429165	-2.597029	-1.721191	1.028857	0.697684
ENSMUSG00000085105	0.453121	0.042329	-0.107161	0.573875	-1.194840	-3.024759
ENSMUSG00000085112	-0.778581	0.593241	0.243002	1.085070	1.118984	1.835391
ENSMUSG00000085119	0.133036	-0.900115	-1.779323	-0.979711	-1.773977	-1.299373
ENSMUSG00000085133	0.929188	-0.399261	-0.588843	0.564692	-0.063894	1.061014
ENSMUSG00000085143	0.420982	0.048906	0.794378	2.160553	1.707689	2.670096
ENSMUSG00000085148	0.374049	0.529695	0.436032	3.156517	3.553844	4.554613
ENSMUSG00000085154	-0.628394	-0.873023	1.854709	0.960258	1.941808	1.369581
ENSMUSG00000085156	-0.393097	-0.596641	-1.131930	-1.134120	-2.565947	-2.751120
ENSMUSG00000085165	-0.347990	0.117223	-0.415902	-0.326903	0.177066	-1.274261
ENSMUSG00000085167	0.764291	-0.479359	-2.054662	-2.689564	-2.082331	-3.483055
ENSMUSG00000085168	4.110652	2.149935	-0.022315	-1.149736	-1.644499	-3.159310
ENSMUSG00000085169	-0.447473	-0.454572	0.350361	-1.158689	-0.565232	-1.522188
ENSMUSG00000085175	-0.252354	-0.318993	-1.311111	0.572882	0.293101	0.537877
ENSMUSG00000085180	-0.500796	-0.842274	-0.355819	-0.153927	-0.071392	0.439717
ENSMUSG00000085201	0.782660	0.131641	-0.853465	2.050759	2.237298	2.212282
ENSMUSG00000085204	1.203429	0.925639	1.439600	1.354604	1.489351	2.503469
ENSMUSG00000085206	0.126135	1.253036	-0.011335	-0.557354	-0.302601	0.757729
ENSMUSG00000085207	-0.251680	-1.346794	0.566816	0.548014	0.198642	-0.559541
ENSMUSG00000085208	-0.017560	0.130896	0.230977	0.096083	-0.311809	-0.337818
ENSMUSG00000085213	-1.115326	0.759520	1.431502	4.541931	5.204990	5.465119
ENSMUSG00000085214	-0.916446	-0.341473	-0.159736	-0.616417	-0.912458	-1.067151
ENSMUSG00000085227	0.057347	0.472780	0.465243	1.048406	0.538657	0.602009
ENSMUSG00000085235	0.745782	-1.614968	-1.381348	0.412967	-0.989361	0.625442
ENSMUSG00000085236	-1.838383	-1.805804	1.374012	0.665249	0.762683	0.653402
ENSMUSG00000085241	0.095422	-0.280809	-1.129194	-0.473684	-1.573208	-2.037127
ENSMUSG00000085255	1.044627	1.879209	1.212243	1.017546	2.411673	2.233512
ENSMUSG00000085260	0.459871	1.024805	0.943767	-0.238639	0.108252	-0.173085
ENSMUSG00000085262	0.100324	0.252334	0.223940	0.199437	1.580776	0.906939
ENSMUSG00000085269	-0.086334	-1.467540	0.341700	-0.909904	1.547645	2.406273
ENSMUSG00000085279	-0.061273	0.076882	-0.336944	-0.020348	-1.891198	-0.511100
ENSMUSG00000085287	0.072072	-0.435020	1.407082	0.986709	1.726632	1.434853
ENSMUSG00000085311	-0.284396	-1.484337	0.895306	1.089043	1.718862	1.488427
ENSMUSG00000085315	0.588878	0.957924	-0.374846	1.295493	2.321960	2.092453
ENSMUSG00000085327	-2.341922	-1.846438	-2.991251	-2.025170	-2.497790	-0.772274
ENSMUSG00000085328	-0.217899	0.519180	0.060595	0.101011	-0.225087	0.950610
ENSMUSG00000085334	0.350124	0.320196	-0.554126	-0.035119	-0.318141	0.127070
ENSMUSG00000085342	0.377525	-0.041557	1.089332	-1.885372	-1.482272	0.204884
ENSMUSG00000085347	0.559604	0.275840	-0.010375	0.981310	0.257612	0.692728
ENSMUSG00000085355	0.130000	-0.196536	-0.696293	-0.337261	0.258849	-0.331683
ENSMUSG00000085379	-0.567842	0.388782	0.165150	0.625905	1.005558	1.175972
ENSMUSG00000085385	-0.028869	-0.410507	-0.794192	-1.053569	-1.928020	-2.063157
ENSMUSG00000085396	0.285998	-0.518435	-0.849118	-0.132353	0.918771	2.255986
ENSMUSG00000085399	0.194622	0.020513	-0.072041	-0.398972	-0.267125	0.278090
ENSMUSG00000085408	-0.657120	0.521568	-0.891323	0.407958	-0.663313	-0.383618
ENSMUSG00000085433	0.849330	-0.268683	2.157946	1.368523	1.744504	2.382851
ENSMUSG00000085434	3.961775	3.546299	2.141160	3.068149	4.310233	3.226403
ENSMUSG00000085436	-0.040915	-0.163264	0.114895	0.160272	-0.087426	-0.347543
ENSMUSG00000085438	0.189046	-0.033640	0.389706	0.288892	0.970981	0.900413
ENSMUSG00000085442	-1.019531	0.670526	-0.284449	0.691426	1.516742	1.645032
ENSMUSG00000085455	-0.379240	0.337232	0.701582	0.895577	0.881034	0.184138
ENSMUSG00000085456	-0.068365	-0.065492	-0.330892	0.332602	0.869037	0.806928
ENSMUSG00000085482	-0.357957	0.358399	0.734057	0.414888	-0.536012	-0.240965
ENSMUSG00000085492	-0.172194	-0.627161	-0.339663	-0.832926	-1.295501	-1.475858
ENSMUSG00000085498	-0.361729	-0.447244	0.996084	-0.345043	1.650037	0.523788
ENSMUSG00000085511	-0.677020	0.445367	1.425209	0.693378	-0.028591	-1.460924
ENSMUSG00000085525	-1.000588	-1.294047	-1.623565	-1.124810	-0.423026	-1.687871
ENSMUSG00000085527	-0.133273	0.901268	-0.735855	0.667155	1.008383	1.297719
ENSMUSG00000085538	0.226511	0.388269	1.062413	1.666499	1.038949	1.630202
ENSMUSG00000085566	-0.508717	-0.785752	-0.438118	0.621850	0.766072	-0.425150
ENSMUSG00000085578	0.032305	-0.061552	-1.066528	-0.499095	-2.743200	-2.497482
ENSMUSG00000085579	0.571333	0.065817	-1.627114	0.948505	1.464073	-0.361284
ENSMUSG00000085583	0.092765	0.130514	-1.000800	0.189144	-1.137801	-1.520318
ENSMUSG00000085586	-0.222671	0.300895	-0.078716	1.014504	1.854573	2.484529
ENSMUSG00000085589	-0.978571	-2.192561	-1.447070	-0.847737	-0.528987	-1.704203
ENSMUSG00000085614	0.009253	-0.071023	-1.611554	-1.775711	-0.278545	-0.638086
ENSMUSG00000085615	0.171097	-0.118035	0.410946	1.224543	1.982117	1.312473
ENSMUSG00000085622	-0.474072	-0.464843	-0.319581	0.409126	0.136792	0.677837
ENSMUSG00000085623	-0.113711	-0.441184	1.093530	0.259746	-0.283517	0.270984
ENSMUSG00000085628	-0.283069	-0.616858	-0.450418	0.212685	0.793394	1.060730
ENSMUSG00000085633	0.500846	0.396291	-0.294902	1.068870	0.478267	-1.256456
ENSMUSG00000085636	-0.520598	-0.826737	-0.177888	-0.280813	2.816769	0.936239
ENSMUSG00000085637	0.473347	-0.345936	0.885191	-0.427971	1.755204	1.090629
ENSMUSG00000085645	0.458487	0.106861	-0.273690	-1.448283	-1.156986	-0.528755
ENSMUSG00000085651	-2.133718	-4.678794	-2.681632	-3.349834	-3.543805	-4.991597
ENSMUSG00000085652	-1.119797	-0.717584	-0.764154	-1.695076	-1.978079	-1.547403
ENSMUSG00000085655	0.139400	0.014780	0.300555	0.230101	-0.363689	-1.024224
ENSMUSG00000085666	0.167012	0.244415	0.330326	-0.373755	-0.384770	-0.514114
ENSMUSG00000085667	0.031851	-0.648690	-0.713467	1.363991	1.547278	2.451261
ENSMUSG00000085685	-0.127122	-1.724926	1.705753	-0.132230	-0.453482	1.340790
ENSMUSG00000085704	0.422979	0.003887	0.694920	0.934739	1.625326	1.644213
ENSMUSG00000085711	-0.520761	-0.600978	0.577075	-0.328348	-1.937591	-1.676483
ENSMUSG00000085721	-0.540860	0.558008	-1.634154	-1.314058	-1.577494	-4.535718
ENSMUSG00000085735	-0.023921	0.937986	0.963622	0.624899	1.719774	-0.232985
ENSMUSG00000085741	0.309363	0.244727	-0.335348	0.120839	0.436184	0.467930
ENSMUSG00000085749	0.276980	-0.061862	-1.336059	-0.943032	0.782243	0.969526
ENSMUSG00000085750	-0.654323	-0.728086	1.662161	3.085763	1.033678	-0.062389
ENSMUSG00000085755	-1.211631	-1.203440	-1.751127	-1.084653	-3.387358	-3.387720
ENSMUSG00000085760	0.223825	1.976017	2.744541	3.256753	2.688958	4.678047
ENSMUSG00000085762	-0.822347	-0.271060	1.523981	-2.492988	-2.410059	-3.586770
ENSMUSG00000085767	-0.074108	0.127283	0.169446	0.742885	0.850698	2.125528
ENSMUSG00000085771	0.211284	0.148111	-1.022888	0.280711	0.062523	2.053976
ENSMUSG00000085776	0.563231	-0.224782	-0.674891	0.729401	0.914388	0.825618
ENSMUSG00000085783	-0.551147	0.157231	0.994558	-0.514025	-1.194002	-1.518357
ENSMUSG00000085786	-0.294087	-0.412019	-1.986260	-0.496142	-0.996523	-0.022926
ENSMUSG00000085787	-0.091568	0.355826	2.070834	-1.644743	-2.261809	-0.967435
ENSMUSG00000085793	-0.198909	-0.016716	0.355398	-0.193666	0.561593	0.317669
ENSMUSG00000085795	0.304855	0.214612	0.074913	0.081764	0.439338	0.405509
ENSMUSG00000085811	0.049505	-0.408350	0.354671	-0.029934	0.166572	0.691503
ENSMUSG00000085818	0.117314	0.827651	-0.396410	-0.706135	-1.968583	-0.571253
ENSMUSG00000085823	0.081222	-0.080859	-0.440086	0.697961	0.901181	1.437977
ENSMUSG00000085829	-0.280262	0.404554	-0.562307	1.349350	1.415682	1.912702
ENSMUSG00000085837	0.506265	0.688806	0.465284	0.315781	0.415182	1.171416
ENSMUSG00000085840	0.551261	-0.205364	-0.204087	0.493750	0.043670	0.661958
ENSMUSG00000085875	-0.234337	-1.193045	-0.205617	0.644775	0.650990	1.303761
ENSMUSG00000085882	-0.719034	-0.664854	-0.868004	0.033611	0.926030	0.320484
ENSMUSG00000085887	0.451961	-0.045744	0.400825	1.632147	1.007253	0.810368
ENSMUSG00000085890	0.853921	-0.595325	-0.146637	0.304621	0.056582	0.057938
ENSMUSG00000085891	0.071582	0.353572	-0.483926	1.506845	1.043998	0.654274
ENSMUSG00000085894	-0.466845	-0.555683	-0.335171	-1.126927	-1.258881	-2.294027
ENSMUSG00000085912	0.159945	0.591442	1.503615	1.670124	2.032845	2.278854
ENSMUSG00000085921	-3.493628	-2.660400	-2.915874	-1.570930	-0.160416	-0.078437
ENSMUSG00000085929	-1.047894	-2.643061	-0.180593	-0.719211	0.520665	-1.260375
ENSMUSG00000085936	0.727779	0.974080	0.675713	2.028278	2.880492	3.028078
ENSMUSG00000085941	0.349814	-0.386058	-1.087378	-0.115056	1.173827	0.893367
ENSMUSG00000085950	0.290099	0.203366	-0.066649	1.311795	-0.166575	0.046104
ENSMUSG00000085955	-0.367728	-2.229903	-0.154582	-0.678005	0.707769	-1.270564
ENSMUSG00000085956	-0.627597	-0.386896	0.344700	0.154508	0.522354	1.236855
ENSMUSG00000085963	-0.141413	0.456742	0.552960	-0.733753	1.019132	1.270745
ENSMUSG00000085971	0.106948	0.704003	0.325993	-0.203291	0.111466	-0.263172
ENSMUSG00000085984	0.405047	-0.480948	-0.026571	-0.403932	-0.794166	0.148505
ENSMUSG00000085992	0.514973	-1.216649	-1.491704	-1.821779	-2.323854	-2.502976
ENSMUSG00000085995	-0.406544	-0.245092	-0.764460	0.197295	0.225368	-0.394932
ENSMUSG00000086000	-0.465019	-2.223641	0.149225	-0.015059	0.904655	0.706451
ENSMUSG00000086003	0.306237	0.499361	1.057064	1.155587	0.627863	1.775082
ENSMUSG00000086008	-0.146561	-0.249717	1.337732	0.838751	0.599243	0.537836
ENSMUSG00000086013	-0.210711	-0.189520	-1.074245	-0.464097	-0.739567	-1.434176
ENSMUSG00000086015	0.184831	-0.450945	-0.752085	0.017948	-0.745588	-0.435055
ENSMUSG00000086016	-1.520061	-0.402736	-1.491435	-0.014386	0.345272	0.177736
ENSMUSG00000086049	0.521044	2.910331	0.165755	1.826633	1.552972	1.060727
ENSMUSG00000086061	-0.661949	0.118151	-0.985785	-0.652628	-1.664673	-2.865297
ENSMUSG00000086075	0.508162	0.698302	0.714247	-0.312980	-0.852996	0.472991
ENSMUSG00000086111	2.664290	0.805321	2.854828	3.309739	4.745762	5.050596
ENSMUSG00000086113	-0.507663	0.522994	-0.836561	0.313458	0.403146	0.457821
ENSMUSG00000086130	0.288096	0.393744	0.448290	-0.093735	0.644822	0.736302
ENSMUSG00000086138	0.800987	0.544531	-0.956789	0.205156	0.209559	2.289721
ENSMUSG00000086147	-0.720477	-1.904869	-1.770285	-1.220311	-0.923261	-0.586175
ENSMUSG00000086154	-1.565081	-2.730943	0.246512	0.796695	2.206268	0.459047
ENSMUSG00000086158	-0.067861	0.667478	0.179429	1.672296	1.413322	2.073989
ENSMUSG00000086173	-1.600961	-1.576370	-1.514203	-0.400839	-1.011559	-0.957084
ENSMUSG00000086189	-0.164859	-0.151114	-0.703593	-0.753823	0.657153	0.616056
ENSMUSG00000086191	-1.009723	-1.703562	-1.046415	-0.653791	0.202214	0.569765
ENSMUSG00000086193	-0.611370	-0.304332	1.102318	1.372963	1.157576	-0.280056
ENSMUSG00000086212	-0.114588	0.625696	0.866571	1.003987	0.688953	0.466680
ENSMUSG00000086216	-0.563208	-1.580282	-2.262417	-1.997184	-1.427763	-2.402474
ENSMUSG00000086228	-0.628496	-0.178373	0.255901	1.964202	-0.601977	-0.051671
ENSMUSG00000086236	0.643047	0.025479	-1.156592	-0.004361	0.322826	0.192790
ENSMUSG00000086247	-0.296380	-0.680496	-0.133408	1.211635	1.337699	2.335176
ENSMUSG00000086255	-0.337873	-1.579402	-0.590157	0.530867	-0.560475	-0.777087
ENSMUSG00000086277	-0.194359	0.048987	-0.105657	-0.705821	-0.793488	1.157169
ENSMUSG00000086279	-1.496245	-0.478949	0.303376	1.094221	1.846043	1.223620
ENSMUSG00000086287	0.052034	-1.244950	2.065693	0.592815	2.066119	2.973713
ENSMUSG00000086288	-0.081672	0.263823	-0.844388	0.483142	0.409698	0.334315
ENSMUSG00000086290	-0.278004	-0.175845	-0.855938	-0.877742	-2.047428	-2.190402
ENSMUSG00000086306	-0.684528	-1.901612	-1.759979	-2.632273	-1.966313	-3.179042
ENSMUSG00000086320	-3.613080	-2.445035	-3.596473	-1.264093	-0.209971	-0.260692
ENSMUSG00000086324	-0.713902	-1.516010	-0.757033	-1.016988	-1.120616	-2.228039
ENSMUSG00000086330	-0.030250	0.089160	-1.702443	-1.870353	-2.691268	-1.463812
ENSMUSG00000086331	0.097649	0.180391	0.107951	-2.508358	-0.075103	-1.869894
ENSMUSG00000086340	0.088974	0.342096	0.549884	0.191293	-1.416367	-0.645929
ENSMUSG00000086342	-0.008304	-0.675353	0.295762	0.742542	1.233366	-0.531484
ENSMUSG00000086350	-0.088941	-0.180530	0.540188	-0.164784	-0.119533	-1.562621
ENSMUSG00000086368	-0.565074	0.629573	1.081495	0.186737	-0.538181	0.196350
ENSMUSG00000086370	-0.268106	-0.302246	-0.222250	0.105568	0.583939	0.230176
ENSMUSG00000086391	-0.340099	0.149649	0.452500	0.836668	0.373438	1.008089
ENSMUSG00000086392	-0.096351	1.413041	-0.748247	1.112414	0.274307	-0.525025
ENSMUSG00000086401	-0.164808	-0.332235	1.139789	2.068692	2.723431	2.108362
ENSMUSG00000086404	-0.317130	-0.885688	-0.003440	0.529823	1.262088	0.416631
ENSMUSG00000086417	-0.648291	-0.458278	0.776059	0.053427	0.627151	1.523510
ENSMUSG00000086429	-0.247130	-0.165330	-0.666938	-0.273981	-0.809033	-0.907714
ENSMUSG00000086442	-1.795528	-0.576647	0.389158	-1.382503	-0.907857	-0.937661
ENSMUSG00000086450	0.426568	-0.431207	-1.538298	-0.864606	0.623744	-0.357529
ENSMUSG00000086453	-0.845198	-0.681556	-0.087977	0.499065	1.001274	-0.260424
ENSMUSG00000086468	-0.664504	-0.154189	-0.286702	-0.020353	-0.050274	-0.017311
ENSMUSG00000086474	0.044231	0.508480	-1.859406	0.762263	-0.440411	0.068156
ENSMUSG00000086477	0.051830	0.130666	-0.854117	0.258901	-0.248525	0.022539
ENSMUSG00000086495	-0.112351	0.265537	1.727481	0.724480	1.635225	2.263924
ENSMUSG00000086502	-0.047998	-0.123965	0.545984	0.192200	-0.232560	-0.450997
ENSMUSG00000086503	-1.008370	-1.762095	-0.863779	-1.513309	0.465883	0.781338
ENSMUSG00000086504	0.360971	-0.129731	1.042439	1.660069	0.953608	-0.716925
ENSMUSG00000086513	-1.136669	-1.052367	-1.893553	-2.298844	-0.875204	-1.516258
ENSMUSG00000086526	0.488220	-0.188513	0.577551	0.204522	0.755532	-0.016481
ENSMUSG00000086533	0.130032	-0.332586	-0.416428	0.387252	1.492042	2.168017
ENSMUSG00000086537	0.010433	-0.334523	0.040997	-0.161805	-0.724918	-0.509308
ENSMUSG00000086547	-4.127487	-4.274875	-4.382311	-3.943660	-4.455241	-4.240851
ENSMUSG00000086549	-0.943048	-0.948223	-1.413755	-1.225129	-0.446891	-0.253087
ENSMUSG00000086563	0.413751	-0.352060	1.147705	-0.023969	0.806909	0.578859
ENSMUSG00000086568	-0.541690	1.287665	-0.591459	-0.616306	-0.367581	-2.164644
ENSMUSG00000086582	0.893659	0.187745	-1.847937	0.405009	-1.321339	-0.205308
ENSMUSG00000086583	0.165444	0.718997	0.895126	-0.586227	-1.514026	0.015653
ENSMUSG00000086584	-0.402988	-0.415621	-0.525176	-0.273956	-0.179214	0.370906
ENSMUSG00000086589	0.335174	1.121053	0.048274	0.473675	-1.401797	0.415144
ENSMUSG00000086605	0.441773	0.702130	0.450964	1.128508	0.721278	0.339636
ENSMUSG00000086606	0.195575	0.474776	0.053527	-0.154603	-0.585296	-0.423434
ENSMUSG00000086607	-0.652628	-0.621816	0.004902	-0.059270	-0.542542	-0.384525
ENSMUSG00000086610	0.182586	0.209575	-0.374649	-0.037927	-0.259470	-0.109366
ENSMUSG00000086629	-0.241455	-0.271600	-1.092195	-0.275919	-0.743372	-0.457498
ENSMUSG00000086638	-0.515007	-0.941236	-1.490753	0.644728	0.016187	-1.162722
ENSMUSG00000086652	-0.712404	-0.858981	-1.007927	-0.564822	-0.578453	-0.460226
ENSMUSG00000086657	-0.002348	-0.472646	-0.959563	1.244621	1.397641	1.204018
ENSMUSG00000086665	-0.235453	-1.598563	-3.173389	-1.216273	-1.018705	-0.268040
ENSMUSG00000086682	-0.600730	-1.102489	-0.980148	0.011042	0.768285	0.967496
ENSMUSG00000086693	0.067651	0.632594	1.321434	1.528443	1.375039	0.657278
ENSMUSG00000086695	0.601589	0.574786	-2.539658	0.566262	2.070424	0.366102
ENSMUSG00000086697	0.664736	-1.723632	-2.019902	0.212245	-1.241723	-0.551223
ENSMUSG00000086714	0.010785	-0.448985	-0.838412	0.839533	0.424698	0.295743
ENSMUSG00000086716	-1.574885	-0.907524	-0.389970	-0.541349	-1.734491	-1.040944
ENSMUSG00000086725	0.149876	-0.303977	-0.421702	0.267745	1.426096	2.442770
ENSMUSG00000086727	2.135338	0.991686	0.989647	2.790782	3.695826	3.972240
ENSMUSG00000086728	-0.939498	0.138619	-0.661770	1.298213	1.056608	0.541657
ENSMUSG00000086735	-0.036802	0.866102	-0.369339	0.152128	-0.351191	0.439647
ENSMUSG00000086771	0.830308	-0.051294	-0.498712	0.220139	1.450366	2.783065
ENSMUSG00000086782	-0.007939	-1.011613	-1.519446	-0.054157	-0.114140	0.330204
ENSMUSG00000086784	-0.408186	-0.236054	-0.237907	0.312838	0.211447	-0.217095
ENSMUSG00000086795	0.264409	-0.178957	-1.109948	-0.891615	-0.206358	0.273654
ENSMUSG00000086798	-0.016622	0.387713	-0.432749	-0.409669	-2.568808	-0.992271
ENSMUSG00000086806	0.249600	0.936306	0.921974	0.195966	-0.123735	-0.080308
ENSMUSG00000086822	-0.523961	-1.463213	-3.259166	-1.140136	-2.113368	-1.667610
ENSMUSG00000086839	-0.442291	-1.677860	-1.059904	1.069941	1.174219	-0.002490
ENSMUSG00000086841	-0.094852	-0.205595	-0.539128	0.467629	0.447599	0.136905
ENSMUSG00000086859	-0.362137	0.028207	-0.214245	0.504137	-0.158663	-0.261616
ENSMUSG00000086862	-0.614910	-0.137776	1.035177	1.993024	1.377764	2.301034
ENSMUSG00000086873	-1.184595	1.595203	3.093860	0.735134	1.899051	1.708603
ENSMUSG00000086877	-0.247220	-0.032543	-0.132205	0.730735	0.566040	0.183518
ENSMUSG00000086889	0.192722	-0.026235	0.540619	2.199939	4.270878	2.681214
ENSMUSG00000086894	0.114132	0.527415	-0.184030	1.660334	2.390998	2.494061
ENSMUSG00000086907	-0.141283	-0.336136	-0.118067	-0.934973	-1.294017	-1.189277
ENSMUSG00000086914	-0.054667	-0.766586	-0.854128	1.015899	1.155313	0.837278
ENSMUSG00000086920	-0.068189	-0.072533	-0.781637	0.898829	-0.174726	-0.567042
ENSMUSG00000086922	-0.783554	-0.395685	2.019983	-1.625147	-1.651415	-1.698367
ENSMUSG00000086935	-0.013328	0.769760	1.225887	0.197155	0.567993	0.451081
ENSMUSG00000086942	0.191482	0.120833	0.760022	0.430589	0.720411	0.611939
ENSMUSG00000086944	-0.417536	-0.247602	-0.200983	-0.523085	-0.074405	1.072785
ENSMUSG00000086962	0.133582	-1.893969	-0.260444	2.328753	3.639576	3.180779
ENSMUSG00000086965	-0.494612	-0.820129	-0.367777	-0.277154	-0.209691	-0.844154
ENSMUSG00000086993	-0.699815	-1.326023	-1.166295	-1.126323	-0.699604	-1.509739
ENSMUSG00000086997	1.235712	-0.613400	0.860421	-1.705621	-2.781588	-1.866915
ENSMUSG00000087004	-0.090109	-1.786083	-0.670008	-0.141164	0.447762	-1.792387
ENSMUSG00000087020	0.630928	0.311412	-0.161274	1.272741	1.788129	0.211314
ENSMUSG00000087028	-0.510420	-0.731879	-0.407584	-0.249033	0.089983	-0.253935
ENSMUSG00000087038	0.956747	2.104967	2.559199	3.373545	3.584386	2.911597
ENSMUSG00000087052	0.745267	-0.137691	-0.571510	0.010454	-0.849551	0.059298
ENSMUSG00000087055	-0.626330	-0.198339	-0.749568	0.381067	0.658888	0.313102
ENSMUSG00000087060	-0.254949	-0.011010	-0.018890	0.401396	0.283984	0.000473
ENSMUSG00000087088	-0.174124	-0.296816	0.824210	0.566256	2.398203	2.814045
ENSMUSG00000087094	-0.327013	-1.035097	-0.963122	-0.909176	-0.658025	-1.190438
ENSMUSG00000087107	0.103797	0.339467	-0.409733	-0.379292	-0.907730	-0.550765
ENSMUSG00000087119	-0.735293	0.218669	1.261033	-0.852186	-0.728588	0.340157
ENSMUSG00000087120	0.076953	-0.174489	0.403609	1.711010	1.688811	0.720018
ENSMUSG00000087128	-0.023752	-0.585965	-0.325873	0.395566	0.758727	0.043212
ENSMUSG00000087138	-0.276924	-0.764860	-0.456857	0.323075	0.715550	0.270691
ENSMUSG00000087142	0.147837	-0.285242	-0.104864	0.343057	0.212839	0.311467
ENSMUSG00000087150	0.194358	0.251222	0.915877	1.614606	1.992159	2.403647
ENSMUSG00000087153	-0.011515	-0.343350	-0.425182	-1.028294	-1.045067	-0.917670
ENSMUSG00000087159	-0.809779	-1.706454	-0.553626	0.652528	2.666862	0.032074
ENSMUSG00000087163	-0.236626	0.561335	-1.023666	1.059485	1.782240	0.982928
ENSMUSG00000087165	0.168216	0.152174	0.105945	-0.368563	-0.169400	0.304686
ENSMUSG00000087166	-0.039880	-0.329049	-0.834791	-0.163656	-0.962081	0.382080
ENSMUSG00000087168	-0.047778	0.452621	0.572896	0.037221	0.629138	1.192948
ENSMUSG00000087174	-0.242243	-0.386743	-0.575906	-0.200594	0.028445	0.079379
ENSMUSG00000087176	-1.445475	-0.521444	-1.276989	-0.678483	1.009987	0.780083
ENSMUSG00000087177	-0.348583	-0.229712	-0.560075	-0.237955	-0.187139	0.560226
ENSMUSG00000087178	-0.466118	-0.338489	-0.945665	0.036612	0.255358	0.260247
ENSMUSG00000087179	-0.809736	-1.986828	-1.169028	-1.834544	0.000986	1.103476
ENSMUSG00000087181	-1.004204	-1.010021	0.488689	0.211242	1.763264	2.317069
ENSMUSG00000087182	0.725091	0.950686	0.993921	2.380060	1.884983	0.450328
ENSMUSG00000087187	1.277237	0.594553	-1.695690	-2.633655	-4.653748	-3.799086
ENSMUSG00000087207	-0.520307	0.027590	-1.484410	-1.726958	-0.357506	-0.754465
ENSMUSG00000087213	-0.356691	-0.069731	-0.245636	0.377374	-0.682589	-1.659011
ENSMUSG00000087221	-0.055948	-0.564737	-0.552220	-0.653531	-0.255279	-0.493723
ENSMUSG00000087222	0.351428	-0.896165	-1.246524	0.681650	0.413843	0.790649
ENSMUSG00000087230	-0.503021	1.474246	0.277210	2.543324	4.080507	4.202315
ENSMUSG00000087231	0.212306	0.009503	-0.006162	0.247440	0.023206	0.871192
ENSMUSG00000087249	-0.099358	-0.657457	-0.728809	-1.596152	0.116013	-0.757511
ENSMUSG00000087259	-0.587348	-0.675559	-0.289035	-0.989739	-0.764690	-0.403284
ENSMUSG00000087260	-0.274322	-0.044751	-0.200744	0.417775	0.500752	0.207648
ENSMUSG00000087267	-0.184736	0.093929	-0.462665	-0.600945	-0.042240	0.132773
ENSMUSG00000087269	0.646890	-0.404893	-0.322500	1.529241	1.084110	2.644872
ENSMUSG00000087272	0.141622	0.820977	0.790914	1.198307	1.230079	1.269159
ENSMUSG00000087291	1.031711	0.868485	0.303598	0.366503	-0.412580	0.194507
ENSMUSG00000087292	-0.199427	-1.615399	0.833645	-0.998670	0.694532	1.681908
ENSMUSG00000087305	-1.007986	0.543914	1.500615	2.345730	3.658175	2.935906
ENSMUSG00000087306	-0.379616	-0.850688	0.367272	-0.105424	0.061857	-0.673267
ENSMUSG00000087331	1.311517	0.507872	0.795555	0.462697	1.161597	1.861052
ENSMUSG00000087336	-0.041792	-2.262710	-0.237929	1.116990	1.576996	2.528315
ENSMUSG00000087365	-0.403601	-0.183460	0.196068	1.656192	1.212643	2.353720
ENSMUSG00000087366	0.176679	-0.646496	-0.897710	1.685805	0.879098	0.265947
ENSMUSG00000087367	-0.413316	-0.112284	-0.941104	-0.200560	-2.424509	-2.999819
ENSMUSG00000087368	-0.368650	-0.476373	-1.609288	-1.029384	-2.059966	-1.589613
ENSMUSG00000087370	0.305294	0.170351	0.164563	0.239246	0.626568	0.816567
ENSMUSG00000087371	0.039065	-0.839802	-1.323743	-0.762864	-0.537411	-0.543386
ENSMUSG00000087373	0.228047	1.288134	-1.386446	0.257106	-1.303449	-1.923588
ENSMUSG00000087377	0.035706	0.365341	0.343825	1.019423	0.272597	1.374977
ENSMUSG00000087380	-0.581644	-0.945864	-0.699493	-0.158345	-0.249872	-0.224050
ENSMUSG00000087381	-0.007898	-1.507724	-2.965155	-1.781156	-1.538970	-2.404780
ENSMUSG00000087385	-0.219485	-0.357775	0.769286	0.729421	0.259579	0.765181
ENSMUSG00000087387	0.737962	0.626018	-0.404333	1.888255	2.602749	2.388582
ENSMUSG00000087390	0.109027	1.056603	0.860335	0.872104	1.871169	0.844534
ENSMUSG00000087396	-0.074450	0.253492	-0.012136	0.113143	0.358182	1.285889
ENSMUSG00000087397	-1.507829	-1.729558	-0.009071	0.468568	1.280262	0.237078
ENSMUSG00000087403	-0.086662	-0.393315	-1.424077	-0.230456	-0.429753	0.114288
ENSMUSG00000087406	-0.493171	-0.400143	0.896791	1.189429	2.429692	2.768173
ENSMUSG00000087412	0.405132	0.578564	1.918317	-1.265794	-1.402921	-0.027263
ENSMUSG00000087422	0.881640	-0.749606	0.262499	3.056479	0.993201	1.974683
ENSMUSG00000087424	-0.819061	-0.548656	-1.393173	1.063898	0.852673	0.195602
ENSMUSG00000087433	-0.258514	-0.890268	0.531967	2.261150	1.417279	2.491312
ENSMUSG00000087440	-0.551921	-1.172263	0.378484	0.970606	1.428485	0.860266
ENSMUSG00000087443	0.337283	-1.874838	-1.033777	-2.402607	-1.120942	-0.962471
ENSMUSG00000087445	-0.771994	-0.576897	-0.264689	0.125068	1.227063	0.269082
ENSMUSG00000087449	0.627373	-0.491467	-0.010156	-0.999059	-0.943811	-1.404281
ENSMUSG00000087452	0.068887	-0.418578	-1.415348	-0.280597	-0.539062	0.033416
ENSMUSG00000087475	-1.263599	-0.955013	1.485678	1.875019	3.838610	4.108250
ENSMUSG00000087497	0.200687	0.091157	0.046131	-0.099752	-0.582254	-0.478577
ENSMUSG00000087502	-0.313635	-0.378473	-0.783770	-1.003877	-0.422676	-0.800707
ENSMUSG00000087519	-0.033327	0.278631	-0.471974	-0.532191	1.261037	1.301027
ENSMUSG00000087523	0.189746	-0.414628	0.187623	0.500431	0.365108	-0.569769
ENSMUSG00000087535	0.063507	-0.662232	-1.486824	-1.089474	-0.500752	0.541296
ENSMUSG00000087538	-0.287758	-0.188139	0.295195	0.293099	0.447408	0.252859
ENSMUSG00000087543	0.074088	-0.396990	0.677515	0.665342	1.215680	1.161566
ENSMUSG00000087547	-0.312630	-0.600720	-0.723759	-0.525735	-0.420743	0.002672
ENSMUSG00000087557	-0.082277	-1.951650	0.223593	1.094421	2.014214	0.684624
ENSMUSG00000087560	0.030256	0.093490	-0.876177	-1.937177	-2.493514	-2.140677
ENSMUSG00000087574	-0.075202	-0.619037	-1.290536	-0.411859	-0.940009	-1.157925
ENSMUSG00000087575	0.606894	0.302920	-0.786767	-1.447209	-2.198513	-2.349168
ENSMUSG00000087578	-0.523585	-0.858169	0.285747	1.194050	0.610645	1.052939
ENSMUSG00000087590	0.032338	0.028006	-0.614848	-1.014460	-0.838093	-0.610263
ENSMUSG00000087601	-0.418986	-1.829632	-2.239216	-0.813338	-0.456040	1.272089
ENSMUSG00000087605	-0.217310	-1.886356	-3.309787	-1.352553	-1.464672	-0.521680
ENSMUSG00000087611	-0.675236	-0.264711	0.658562	2.765400	3.068301	3.739894
ENSMUSG00000087624	2.185702	1.210108	1.855036	2.782670	1.894311	2.724853
ENSMUSG00000087633	0.533393	1.266866	2.678615	3.677201	3.019893	3.020196
ENSMUSG00000087648	-1.326701	-3.419948	-2.068720	-2.598467	-3.546846	-3.630952
ENSMUSG00000087660	-0.535822	-0.428342	-1.992050	0.559109	-1.195988	0.861351
ENSMUSG00000087679	0.097570	-0.243003	0.043524	0.540329	0.438590	0.120179
ENSMUSG00000087685	-0.511910	-1.625023	-0.118364	-0.448198	1.188062	-0.651693
ENSMUSG00000087687	0.062602	0.184031	-0.428236	0.606745	0.543415	0.508769
ENSMUSG00000087819	0.582533	0.064927	0.875144	1.020059	0.125664	-1.478639
ENSMUSG00000087881	0.827471	0.383656	2.036356	1.374315	3.336245	4.652773
ENSMUSG00000088008	-0.199727	0.277293	-0.105907	-1.011127	-0.326338	-0.262091
ENSMUSG00000088059	-0.746504	-1.590897	-1.289122	-1.616276	-1.257722	-1.847596
ENSMUSG00000088088	-0.476862	0.026001	-0.226885	0.029563	0.826466	0.847371
ENSMUSG00000088108	0.748206	0.538266	1.469191	-1.020999	0.350929	-0.270759
ENSMUSG00000088119	-1.226871	-1.848509	0.499751	2.609386	4.076115	4.139367
ENSMUSG00000088171	0.159402	1.266615	-1.661010	0.655195	-0.013635	2.470521
ENSMUSG00000088185	-0.636800	-0.168687	-0.172920	-0.302216	0.709140	0.585157
ENSMUSG00000088208	-0.378597	1.078683	-0.650551	-0.413685	1.709269	0.260151
ENSMUSG00000088219	0.379139	0.361005	-0.191348	-1.006782	-1.141265	0.237730
ENSMUSG00000088226	1.261880	1.774146	0.526500	-0.725714	1.503572	1.859067
ENSMUSG00000088252	0.381037	0.138669	-0.500398	-1.637556	-2.559454	-4.627179
ENSMUSG00000088302	-1.001123	-0.355090	-0.782700	0.021530	0.282124	2.268220
ENSMUSG00000088323	0.205754	-0.025622	0.613429	-1.451603	-1.228059	0.353251
ENSMUSG00000088519	-0.525787	0.891318	0.643153	-2.309604	-1.515195	-2.003483
ENSMUSG00000088591	-0.058853	-0.511071	2.424394	0.058956	1.230007	1.707936
ENSMUSG00000088609	-0.989278	0.548312	0.868275	-1.017676	0.340950	2.013126
ENSMUSG00000088689	0.135913	0.454036	0.148826	0.274665	0.322922	0.600945
ENSMUSG00000088789	-0.017923	0.297907	-0.011839	-0.073729	-0.801437	0.784726
ENSMUSG00000088835	0.267827	0.250455	0.247087	0.020181	0.491292	-0.063991
ENSMUSG00000088856	0.067727	-0.304114	-1.181323	-1.267748	-0.210036	-1.223754
ENSMUSG00000088929	0.465284	-0.679361	-0.852865	-1.545738	-1.117134	-0.495197
ENSMUSG00000088984	1.060240	1.242972	1.152632	0.929526	1.842219	3.176902
ENSMUSG00000088990	-0.819419	-1.701719	0.228124	-0.506354	0.709338	0.184441
ENSMUSG00000089015	-1.597496	0.008005	1.183196	-0.836169	3.175079	2.360083
ENSMUSG00000089125	-0.594202	-1.729469	-1.599985	-0.021024	1.085933	0.288153
ENSMUSG00000089235	-0.135163	0.444317	0.450929	0.509369	0.395720	1.024932
ENSMUSG00000089255	0.176340	0.114274	0.180341	-1.434935	-1.495525	-0.557805
ENSMUSG00000089267	-0.783473	0.797652	0.835185	0.690902	-0.029026	0.026344
ENSMUSG00000089417	-0.168615	-0.328454	-0.173119	0.219934	0.185871	0.977043
ENSMUSG00000089429	-0.777525	-1.309463	1.375410	0.976576	1.974990	2.721115
ENSMUSG00000089475	0.258185	-0.964255	-0.445181	-0.167437	0.657155	-0.349651
ENSMUSG00000089512	-0.813928	-2.621801	-0.938697	0.348279	1.299949	0.163895
ENSMUSG00000089542	-0.028427	-0.039124	-0.001716	0.663170	0.518990	0.342064
ENSMUSG00000089617	0.407276	0.208293	0.580679	-0.312512	-0.780091	0.854866
ENSMUSG00000089647	-0.568469	-1.265728	-0.337177	-0.289909	0.013806	-0.672671
ENSMUSG00000089661	-0.195079	-0.657524	-0.715205	-0.055331	0.414430	0.330287
ENSMUSG00000089662	-0.277035	0.667572	1.067641	-0.626048	0.649394	1.949301
ENSMUSG00000089663	-0.093194	-1.155943	-1.432710	-1.359265	-1.457001	-1.983852
ENSMUSG00000089682	0.253764	-0.670777	-1.132506	-0.877613	-0.057526	-0.087190
ENSMUSG00000089683	-0.645914	0.116034	-1.000681	0.636808	0.723361	0.538247
ENSMUSG00000089688	-1.324321	-0.239002	-0.632514	1.734768	1.305559	1.889126
ENSMUSG00000089698	0.644358	-0.164307	1.151694	-1.130752	-0.673544	-0.423054
ENSMUSG00000089704	2.139765	0.817401	0.760168	0.452184	1.334656	0.901697
ENSMUSG00000089706	-1.013966	-1.982361	-0.548108	-0.906011	-0.124749	-0.151418
ENSMUSG00000089715	0.005510	0.388041	0.292011	0.011594	0.080069	0.100926
ENSMUSG00000089716	-0.956095	-1.021871	-0.951757	0.182440	0.712408	1.501011
ENSMUSG00000089719	-0.448914	-0.967824	-1.394517	-0.575347	-1.490943	-0.157284
ENSMUSG00000089726	-0.202524	-0.339687	-0.858609	-1.204389	-1.820724	-2.075163
ENSMUSG00000089736	0.183588	-0.521505	0.511783	0.194414	0.624674	1.960264
ENSMUSG00000089756	-0.546100	-1.385106	-0.951817	-0.781648	-1.283602	-0.455782
ENSMUSG00000089757	0.135497	-1.277900	-0.701975	-2.335686	-0.914899	-1.190935
ENSMUSG00000089764	-0.082249	-0.548652	-1.158358	-0.660034	-1.702561	-1.602251
ENSMUSG00000089774	-0.032437	-0.903882	-1.293372	-0.667589	-1.327003	-1.517368
ENSMUSG00000089782	0.684036	0.683946	1.112669	-0.523205	-1.016835	0.050343
ENSMUSG00000089788	-0.207028	0.128792	-0.372190	0.247686	-0.366414	-0.945112
ENSMUSG00000089791	-0.292496	-0.340240	0.471559	0.000297	3.239134	2.649381
ENSMUSG00000089810	-0.232492	-0.220070	-0.406915	0.601523	0.935564	0.515356
ENSMUSG00000089818	-1.554107	-0.427756	-0.969909	-0.428885	-0.943586	-1.754122
ENSMUSG00000089824	-0.307735	-0.359606	-0.224742	-0.408846	-0.816774	-0.440925
ENSMUSG00000089827	-0.110548	0.137632	-0.696183	1.254207	1.207107	0.608534
ENSMUSG00000089828	-0.593526	-1.147767	0.297358	0.366595	0.427677	0.253590
ENSMUSG00000089829	0.711433	0.126713	0.404634	1.804486	1.841355	4.260991
ENSMUSG00000089832	-0.332219	0.005377	0.222831	0.359199	0.293149	0.396972
ENSMUSG00000089844	-0.435752	-0.330624	0.070936	1.439631	1.378486	1.298192
ENSMUSG00000089847	-0.347824	0.034591	-0.588198	-0.063180	-0.991958	-0.914341
ENSMUSG00000089853	-0.398692	-1.519206	0.021685	-0.320865	0.158684	0.364042
ENSMUSG00000089855	1.065390	-0.018428	-0.278833	-0.515892	0.577957	0.357220
ENSMUSG00000089862	-0.344296	-0.046649	0.227052	0.153068	0.324267	0.862995
ENSMUSG00000089872	-0.005836	-0.732202	-0.356764	-1.449544	-0.862253	-1.082965
ENSMUSG00000089875	0.275560	1.808061	0.314324	2.472430	1.474394	2.835199
ENSMUSG00000089889	0.612141	0.358829	0.620387	1.486344	1.536980	3.082609
ENSMUSG00000089901	0.371093	0.066954	0.430697	1.134582	0.795716	1.557975
ENSMUSG00000089911	-0.140353	0.054379	-0.106037	-0.172167	-0.090089	-0.335011
ENSMUSG00000089917	-0.171394	-0.106867	-0.000256	0.070910	0.242589	0.257678
ENSMUSG00000089940	-0.169558	-0.419862	-0.893542	-0.177575	-0.899632	-0.827292
ENSMUSG00000089979	0.336647	0.426044	0.826892	0.670421	2.045042	3.364209
ENSMUSG00000089988	-1.131884	-0.689306	-0.273142	-0.774205	1.340282	1.843973
ENSMUSG00000089989	-0.424530	-0.122508	-0.118056	0.404805	0.172124	1.190617
ENSMUSG00000089998	-1.046241	0.015457	1.476052	0.315868	1.010437	1.313174
ENSMUSG00000090000	-0.141612	0.022590	-0.233310	-0.292492	-1.050612	-0.987036
ENSMUSG00000090005	0.509037	-1.629313	-0.787822	-1.260588	-0.659889	0.806288
ENSMUSG00000090015	-0.254531	0.035865	0.064455	-0.123647	-0.274559	0.370661
ENSMUSG00000090019	-0.348256	-0.650425	-0.265551	-0.341799	0.010203	0.283318
ENSMUSG00000090027	-1.035611	0.544065	-0.964079	1.477049	0.536005	1.619429
ENSMUSG00000090031	-0.363653	-0.209209	1.861087	1.067413	3.321986	2.908207
ENSMUSG00000090035	-0.246276	-0.579291	-0.141339	-0.621904	-0.349567	-0.314747
ENSMUSG00000090069	-0.765884	-0.832560	1.037221	0.090650	1.085636	2.739063
ENSMUSG00000090077	-0.391149	-0.752909	-0.439197	-0.210207	-0.386989	-0.249467
ENSMUSG00000090083	0.011685	0.036553	-0.078611	-0.336614	-0.348239	-0.274578
ENSMUSG00000090086	0.455772	0.034384	0.201193	1.615843	2.160997	2.344346
ENSMUSG00000090093	-0.168717	-0.729085	-1.370833	-0.355195	-0.505243	-0.490347
ENSMUSG00000090100	-0.332284	-0.741121	-0.344579	-0.586398	-0.297454	0.064979
ENSMUSG00000090101	0.414335	-1.270606	-0.731332	-2.432968	0.966434	-2.294246
ENSMUSG00000090103	0.127649	-0.893431	0.595126	0.505753	1.992978	1.234999
ENSMUSG00000090104	0.090073	-0.336711	-0.516903	-1.374421	-1.706696	-1.721776
ENSMUSG00000090110	-0.535955	0.565026	-0.880618	-0.910156	-0.643568	-0.957386
ENSMUSG00000090112	0.160875	-0.324095	-0.032041	-0.455891	0.231975	0.313040
ENSMUSG00000090115	-0.048173	0.369122	0.603052	0.732977	0.417021	-0.248623
ENSMUSG00000090118	-0.163366	-0.675988	-1.038209	1.352903	-0.876977	-0.352657
ENSMUSG00000090124	1.190670	0.719578	1.254256	1.213013	1.055459	-0.372132
ENSMUSG00000090136	0.141850	0.455152	0.463335	-1.174606	-1.422210	-1.503480
ENSMUSG00000090137	0.056601	0.068140	-0.165478	-0.051262	0.026533	0.298245
ENSMUSG00000090150	0.070175	-0.154772	0.187547	0.796936	1.060880	1.142005
ENSMUSG00000090164	0.040565	0.049997	-0.105683	0.620779	0.534548	0.061295
ENSMUSG00000090173	0.020735	0.696275	-0.665026	0.434741	-0.795442	-0.235669
ENSMUSG00000090186	-0.617782	-1.069203	-0.308361	1.716244	1.171037	2.753549
ENSMUSG00000090207	-0.789567	-1.056081	-0.829927	-0.114592	-0.261464	-0.625128
ENSMUSG00000090210	0.464894	0.305792	-0.755900	-0.001297	-1.226727	-0.135384
ENSMUSG00000090213	-0.187629	0.144082	-0.040246	-0.136120	-0.366742	-0.583173
ENSMUSG00000090215	-0.755275	-1.563473	-0.823040	0.036342	0.191820	0.405799
ENSMUSG00000090223	2.846733	2.539417	0.398158	0.413295	-0.448355	-0.827886
ENSMUSG00000090235	-0.034767	-0.606299	0.722376	0.183806	1.314608	0.876098
ENSMUSG00000090236	-0.205999	-0.160233	0.199792	-0.096197	0.623190	-0.161435
ENSMUSG00000090247	-0.087490	0.141656	-0.123787	0.706380	0.975201	1.765323
ENSMUSG00000090248	0.219629	0.652413	-0.709348	1.182275	-0.050347	0.007623
ENSMUSG00000090252	0.062918	-0.760224	0.457622	0.054510	1.568472	1.491528
ENSMUSG00000090258	0.009306	0.289211	-0.365301	0.094693	-0.357658	0.039637
ENSMUSG00000090262	-0.259442	0.160041	-0.181855	0.127306	-0.122029	0.329466
ENSMUSG00000090264	0.266132	-0.327124	0.285340	-0.318947	0.951404	-0.211795
ENSMUSG00000090266	0.066840	0.329852	-0.062513	-0.126463	-0.301402	-0.398665
ENSMUSG00000090272	0.226257	0.545155	0.591271	0.601530	1.040637	2.100063
ENSMUSG00000090273	0.159718	0.027477	0.407084	0.302321	-0.969754	-1.707736
ENSMUSG00000090278	-0.152163	0.726598	0.759499	2.092196	4.135630	4.341415
ENSMUSG00000090282	-1.481638	-0.184993	-0.312786	-1.298265	-1.062415	-0.174025
ENSMUSG00000090286	-0.922937	0.150858	-0.576890	-0.721520	-0.665368	0.898445
ENSMUSG00000090290	-0.077102	-1.068442	-0.580485	-1.637064	-0.386328	-0.428488
ENSMUSG00000090322	-0.096925	0.148914	-1.259751	-0.499029	1.591506	0.441414
ENSMUSG00000090330	-0.229076	-0.454509	-0.214790	-0.566949	-0.209929	-0.243124
ENSMUSG00000090353	-0.335944	0.146397	-0.092479	-0.315324	-0.206564	0.833446
ENSMUSG00000090357	0.710843	-0.043166	0.750262	-1.221917	0.414892	2.535105
ENSMUSG00000090358	-0.081271	0.304404	-0.390594	-0.004721	-0.244857	-0.754970
ENSMUSG00000090369	1.307744	-0.425333	-0.392252	0.553776	1.079589	1.656805
ENSMUSG00000090381	0.627704	0.321775	0.863705	0.681776	-0.366664	1.077429
ENSMUSG00000090389	1.546498	0.611773	1.626251	-1.601221	-1.745691	-0.525889
ENSMUSG00000090394	0.809487	1.371246	1.149828	2.448200	2.232051	2.364582
ENSMUSG00000090397	-0.278594	-0.777951	-0.407139	0.717328	0.221371	-1.879698
ENSMUSG00000090440	-1.290366	-2.193375	-2.329530	-1.388305	-0.317629	-0.302295
ENSMUSG00000090516	0.594898	0.393241	-1.269459	-0.810448	-0.170417	0.021345
ENSMUSG00000090522	-0.187024	0.256165	0.624363	0.603530	-0.239957	-1.509024
ENSMUSG00000090523	0.207914	-0.396165	-0.780681	-1.404849	-1.177281	-1.103814
ENSMUSG00000090553	-0.084618	0.101877	-0.364645	0.016021	-0.387820	-0.393536
ENSMUSG00000090561	-1.282848	-0.881306	-0.125732	-1.197375	-0.320109	0.720459
ENSMUSG00000090564	0.245141	-0.151710	-0.666226	-0.109689	-0.906824	0.085867
ENSMUSG00000090582	0.172994	-1.527888	-1.583291	-2.548882	-1.415227	-1.280018
ENSMUSG00000090610	-0.760030	0.190425	1.056758	0.461767	-0.208361	0.168040
ENSMUSG00000090626	-0.063871	-0.002495	0.030625	0.382026	0.311367	0.908168
ENSMUSG00000090641	-0.328629	0.155614	-0.288656	0.387351	0.093390	0.443493
ENSMUSG00000090659	-0.529629	-1.410262	-2.449950	-1.422886	-1.719322	-1.884531
ENSMUSG00000090663	-0.206173	0.234150	0.135862	0.250317	0.244749	0.178755
ENSMUSG00000090673	0.090740	-0.345428	0.399377	-0.888225	0.095391	0.505683
ENSMUSG00000090697	-0.407405	-1.289836	-0.702824	-0.955783	-1.382565	-1.253539
ENSMUSG00000090698	-0.205728	-1.542996	-1.370764	-1.146479	-0.996568	-0.991207
ENSMUSG00000090709	-1.039336	-0.808326	0.717746	0.274098	-1.422592	-0.984808
ENSMUSG00000090733	0.107570	-0.305758	-0.200394	-0.128254	0.737010	1.706876
ENSMUSG00000090840	-0.035076	-0.439373	0.050583	-1.690108	-0.251316	-1.745542
ENSMUSG00000090841	0.168503	0.011172	-0.044207	0.310863	0.683457	0.311431
ENSMUSG00000090862	0.080583	0.009964	-0.099703	-0.017666	0.032762	0.001418
ENSMUSG00000090877	0.749677	-0.435111	1.904373	1.933098	1.934256	2.042995
ENSMUSG00000090935	-0.048674	-0.366667	-0.869137	-0.569033	-0.673087	-0.670901
ENSMUSG00000090936	-0.145178	0.396942	2.293868	0.824479	0.674496	1.590821
ENSMUSG00000090946	-0.027688	0.334929	0.585558	0.783611	0.647062	0.759108
ENSMUSG00000090952	-0.159195	-0.057135	0.402002	2.226554	1.982241	1.537400
ENSMUSG00000090958	-1.629596	-0.399315	-0.158276	-2.772438	-3.956371	-3.883920
ENSMUSG00000091020	-0.670990	-1.465476	0.430986	1.899557	1.046700	-0.772720
ENSMUSG00000091037	0.502133	0.148471	-0.268031	-1.057791	0.419212	1.214616
ENSMUSG00000091050	-0.057534	0.096851	0.127617	-0.135299	-0.782631	-1.159837
ENSMUSG00000091055	-0.212527	-0.820418	0.972768	1.262864	1.860652	2.113333
ENSMUSG00000091086	-0.455417	0.559369	0.969823	-1.399907	-1.374078	-0.597048
ENSMUSG00000091095	0.137888	0.627444	-0.096006	2.547387	1.373279	3.706985
ENSMUSG00000091102	-0.119460	0.102459	-0.802118	-0.658277	-1.451337	-1.049172
ENSMUSG00000091133	-0.894905	-2.401013	-0.174405	-2.185737	-0.086011	0.403941
ENSMUSG00000091144	0.048342	0.487393	0.306445	0.131201	0.382733	-1.216704
ENSMUSG00000091154	0.382804	1.378908	0.186483	1.147500	1.440334	0.990887
ENSMUSG00000091166	-0.485345	0.752789	-1.053949	1.705705	2.203608	2.493023
ENSMUSG00000091183	-0.208922	0.678150	0.481513	-0.903205	-0.180875	0.151315
ENSMUSG00000091216	-1.226444	-0.125877	-0.048181	0.532949	0.055498	0.728360
ENSMUSG00000091264	0.136310	-0.625313	-0.860094	-1.154271	-0.228741	-0.024711
ENSMUSG00000091277	-1.736410	-0.255046	0.007083	-0.606853	-0.512194	-0.310000
ENSMUSG00000091313	0.082943	0.763951	0.255819	0.474289	-1.403848	0.018582
ENSMUSG00000091318	-0.467329	-0.059963	-0.437618	-0.042199	0.231630	0.751378
ENSMUSG00000091337	0.958440	1.239542	1.230362	1.015307	0.405023	0.587936
ENSMUSG00000091345	-0.283660	-1.525593	-2.386584	-1.856656	-1.647987	-0.879930
ENSMUSG00000091363	0.275824	-0.487902	-0.374725	-0.193872	-0.229239	-1.080988
ENSMUSG00000091383	0.041963	0.947498	1.243303	-1.224836	0.879398	0.966909
ENSMUSG00000091405	-0.186816	0.210437	-0.328605	-0.320916	-1.140116	-1.708322
ENSMUSG00000091421	0.883837	0.920950	1.777515	-2.757980	-2.281217	-0.832411
ENSMUSG00000091449	-0.391572	-0.038461	2.205723	-1.649306	-0.643756	-0.319219
ENSMUSG00000091460	0.328372	0.123197	-0.474104	0.257993	-0.158691	-1.336718
ENSMUSG00000091462	-0.244035	0.090946	-1.175610	0.216291	-0.533977	-0.098291
ENSMUSG00000091474	-0.121895	-0.455100	-0.672564	-0.266258	-0.194426	-0.230327
ENSMUSG00000091477	0.290658	-0.881277	-0.473023	-0.605072	0.783121	-0.172258
ENSMUSG00000091478	-0.098193	-0.099341	-0.677268	-0.654779	-1.414121	-2.115613
ENSMUSG00000091492	-2.396369	-2.070689	-1.544934	0.542991	1.083933	1.197584
ENSMUSG00000091498	-0.115423	-0.067867	0.881400	-0.009480	-1.381007	-0.541772
ENSMUSG00000091509	-0.406780	-0.408900	-1.133608	-0.515975	-0.764388	-0.987060
ENSMUSG00000091512	-0.123464	-0.075965	-0.320921	-0.047858	-0.221130	-0.096062
ENSMUSG00000091534	0.813322	0.360978	-0.313040	1.432050	2.178872	1.256585
ENSMUSG00000091537	-0.047913	0.163602	-0.168409	-0.126252	-0.091518	0.239677
ENSMUSG00000091542	-0.236906	-1.084440	0.027972	0.521456	1.749201	2.705894
ENSMUSG00000091549	0.030037	-0.752602	-0.439558	-1.514607	-0.879056	-1.567012
ENSMUSG00000091580	-1.415360	-0.790030	1.695880	-0.720558	-0.988834	-1.096537
ENSMUSG00000091604	0.298747	-1.690065	0.989600	1.176932	1.862049	0.856936
ENSMUSG00000091619	-1.563857	-2.129070	1.523692	0.778980	2.468766	2.777991
ENSMUSG00000091623	-0.375754	-0.628447	-0.690650	-0.781508	-0.434372	-2.076622
ENSMUSG00000091625	0.233567	0.343082	-0.700192	-0.138415	-0.687349	-0.988729
ENSMUSG00000091655	-0.350316	-0.465279	1.617280	-2.496475	-0.534911	-0.747539
ENSMUSG00000091698	0.242259	0.722097	-2.085030	-0.009083	-1.373980	-0.594970
ENSMUSG00000091705	0.264862	-0.536014	0.087404	0.460889	0.097297	0.661680
ENSMUSG00000091747	0.283752	0.524756	1.277971	1.049956	1.485941	2.056614
ENSMUSG00000091780	0.125528	-0.625163	-1.290467	-1.707049	-2.193023	-2.141840
ENSMUSG00000091803	0.083142	-0.244289	0.079388	0.220268	-0.824760	-1.200599
ENSMUSG00000091811	0.085725	-0.438043	-0.746469	-0.634768	-0.974064	-0.574631
ENSMUSG00000091831	-0.069734	0.369133	-0.843707	0.031471	-1.179638	-0.635080
ENSMUSG00000091844	-0.544042	-0.606705	-1.100643	-1.231726	-0.920048	-1.110885
ENSMUSG00000091845	0.145059	0.369387	-0.322103	-0.716082	-0.040146	0.123973
ENSMUSG00000091866	0.191288	-0.361354	-0.126673	0.302365	0.415034	0.317626
ENSMUSG00000091896	0.068569	0.106277	0.095989	0.421030	0.269516	0.252682
ENSMUSG00000091900	0.003818	-0.324369	-0.194153	-1.734455	-0.517116	-0.709695
ENSMUSG00000091905	0.087339	0.384571	1.391342	-0.233505	-0.760998	0.366348
ENSMUSG00000091906	0.783691	-0.794572	1.919048	0.147496	1.288277	1.355618
ENSMUSG00000091931	-0.168465	-0.080313	-0.771965	-0.682970	-0.965016	-0.786004
ENSMUSG00000091952	-0.067909	-0.217174	-0.581206	-1.620436	-2.576044	-3.049638
ENSMUSG00000091957	0.161395	-0.528718	0.695453	-0.509903	-0.044554	-0.238714
ENSMUSG00000091993	0.769169	1.199106	1.307526	0.555020	-0.727046	-0.746972
ENSMUSG00000091994	0.093870	-0.470419	0.347365	0.124595	0.843927	0.620403
ENSMUSG00000091997	-0.584273	-1.359108	0.861931	0.272710	-0.058228	0.745006
ENSMUSG00000092060	0.754603	0.188887	0.165809	-0.363198	-0.305451	-0.412150
ENSMUSG00000092072	-0.064574	-0.091325	-0.721357	-0.074405	-0.204545	-0.198206
ENSMUSG00000092074	-0.339772	-0.089471	0.045826	1.148792	1.504028	1.069389
ENSMUSG00000092118	-0.320744	-0.880388	0.506644	-1.070596	-0.753168	-1.318768
ENSMUSG00000092124	-0.025593	0.233355	1.043262	2.729907	2.323024	2.636897
ENSMUSG00000092165	-0.368558	-0.362335	-0.442987	-0.468602	-0.749048	0.693263
ENSMUSG00000092178	0.284412	1.579410	0.292733	-0.456160	-0.045716	0.141874
ENSMUSG00000092183	-0.057485	0.263275	0.523383	0.369121	1.641422	0.759449
ENSMUSG00000092187	0.214587	0.623372	0.697805	1.224198	0.791783	0.613885
ENSMUSG00000092192	-0.237391	-0.413198	-0.732905	1.081043	1.166661	1.721994
ENSMUSG00000092203	-0.225022	-0.128999	-0.586807	-0.487086	-1.029060	-0.857111
ENSMUSG00000092212	-0.208781	0.082484	-0.705018	0.030264	0.071649	-0.663576
ENSMUSG00000092232	0.529952	0.005436	-1.223145	0.098092	-0.164646	0.061275
ENSMUSG00000092241	-0.242718	-0.544246	0.243709	1.637163	1.920448	1.997873
ENSMUSG00000092257	1.976355	0.519412	0.396141	2.203886	2.316327	1.417846
ENSMUSG00000092260	-0.295662	0.341405	-0.042755	1.277617	0.645774	1.046616
ENSMUSG00000092274	-0.509675	-0.325879	-0.023376	1.345335	1.614977	2.277393
ENSMUSG00000092277	-0.008082	-0.794208	-1.134553	0.102083	0.388805	0.923999
ENSMUSG00000092286	0.921510	0.638136	-0.293971	-0.116090	-1.195325	-1.247398
ENSMUSG00000092300	0.091817	1.322874	0.336226	0.961438	0.296131	1.984581
ENSMUSG00000092341	0.092389	0.143864	0.515216	0.400503	0.847333	2.021155
ENSMUSG00000092384	0.343830	-0.908820	-0.675212	-0.663311	-0.873436	-0.742606
ENSMUSG00000092390	-0.470869	-0.936714	-1.474216	-1.376903	-1.038354	0.503115
ENSMUSG00000092400	0.141803	0.548215	0.383663	-0.547123	-1.053135	1.196125
ENSMUSG00000092402	0.428398	1.115742	0.478746	1.489560	2.285628	2.025749
ENSMUSG00000092412	-0.266938	0.057540	-0.456410	1.263828	0.086127	0.713199
ENSMUSG00000092416	-0.124575	-0.146429	0.295324	-0.183215	0.473512	0.467650
ENSMUSG00000092417	-0.103206	0.307522	-0.015401	0.651470	0.274597	0.651418
ENSMUSG00000092470	-0.641557	0.414015	-1.271457	0.290572	-0.385126	-0.271287
ENSMUSG00000092483	-1.768624	-2.591330	-0.266365	-1.006284	-0.824763	-0.473420
ENSMUSG00000092490	-0.295171	0.169663	0.927015	0.303288	0.175870	0.450626
ENSMUSG00000092539	0.762744	0.112496	-1.150318	-0.730655	-2.296210	-3.850521
ENSMUSG00000092540	-0.242494	1.327590	0.921924	0.781056	-0.151336	0.010660
ENSMUSG00000092550	-0.708876	-1.948952	-0.059473	-0.845387	1.177231	-0.795500
ENSMUSG00000092558	-0.116030	-0.160832	-0.159748	0.263905	0.137348	-0.112381
ENSMUSG00000092564	-0.160551	-0.153564	-0.150827	-0.379326	0.112089	0.371659
ENSMUSG00000092569	0.398528	0.370910	0.032235	-0.154942	1.371632	0.467609
ENSMUSG00000092592	-0.407598	-0.321759	-1.121265	0.456453	0.025248	0.262501
ENSMUSG00000092593	-0.025145	-0.746069	-0.128873	-1.848410	-0.777667	-1.222877
ENSMUSG00000092595	-0.416805	0.257752	-0.476180	-0.923103	-0.951063	-0.737062
ENSMUSG00000092607	-0.068461	0.256457	-0.033441	0.184760	0.025027	0.673928
ENSMUSG00000092623	-0.258803	0.007591	2.359761	2.300583	2.846606	3.946825
ENSMUSG00000092680	0.706031	-0.936927	-0.348485	0.095259	-0.411233	-0.096778
ENSMUSG00000092683	1.488852	-0.355384	2.376098	-0.218605	2.220452	4.028356
ENSMUSG00000092696	0.850283	-0.008715	-2.151839	-1.657652	1.545312	1.277014
ENSMUSG00000092730	0.264930	-0.335381	-0.469159	-1.356667	-0.894015	-0.248159
ENSMUSG00000092737	-0.780577	-0.639756	1.632235	-0.474581	3.428223	4.007262
ENSMUSG00000092748	0.132933	0.263304	2.137234	0.623306	3.191683	3.429090
ENSMUSG00000092819	0.310140	0.749552	0.261893	-0.028746	1.190104	2.369808
ENSMUSG00000092827	-0.118175	0.737045	-0.301756	0.977202	-0.732991	0.239882
ENSMUSG00000092837	-0.442687	0.285924	0.065521	0.192516	-0.683524	-0.749503
ENSMUSG00000092887	-0.863026	-1.816421	-1.409698	-2.467810	1.110215	-0.175499
ENSMUSG00000092902	0.338100	-0.190511	0.630993	-0.782624	0.662414	1.341510
ENSMUSG00000092974	-1.270572	0.026417	-1.547256	0.071579	0.292088	0.256024
ENSMUSG00000092981	-0.045017	0.327545	0.724079	2.086930	2.807695	2.313918
ENSMUSG00000093044	0.309871	0.051830	-0.767491	-0.234912	-0.776538	1.172398
ENSMUSG00000093087	-0.859423	-1.966343	1.191508	-2.103510	-1.058269	-0.689884
ENSMUSG00000093165	-0.280661	-0.137423	1.110387	2.027888	1.983545	2.345955
ENSMUSG00000093178	-0.029240	-0.062943	-0.117742	-0.634971	-1.008807	-1.215147
ENSMUSG00000093262	0.380556	-1.722708	-0.709828	1.604372	-0.434561	0.986954
ENSMUSG00000093319	0.607687	0.241146	-0.320043	0.404168	-1.447588	1.638844
ENSMUSG00000093385	-0.698420	0.219789	0.302199	-0.177785	-0.825903	0.460885
ENSMUSG00000093392	-1.397091	-0.427392	-0.522064	-1.129027	-0.201556	-1.036041
ENSMUSG00000093402	0.471876	0.018411	0.744966	0.216708	0.604376	1.289018
ENSMUSG00000093413	0.440644	-0.454503	-1.117227	-1.722436	-0.300454	-2.188406
ENSMUSG00000093416	-0.828112	0.092561	-0.811588	1.668801	-0.234111	0.206464
ENSMUSG00000093424	0.622543	-0.070789	0.288651	-0.336417	-0.444906	-0.789599
ENSMUSG00000093445	0.165135	-0.190384	0.971532	-0.086864	0.869604	0.527910
ENSMUSG00000093452	0.186923	1.958702	-0.626820	1.607165	1.015523	0.928102
ENSMUSG00000093456	0.116681	-0.055673	-0.331923	0.588147	1.188145	0.162129
ENSMUSG00000093459	-0.355051	0.408489	-0.733477	-0.501572	-0.133549	-0.374408
ENSMUSG00000093470	0.116170	0.923393	1.834666	2.376152	3.487991	3.823187
ENSMUSG00000093483	-0.171441	0.231759	-0.876437	-0.240892	-1.539044	-1.392564
ENSMUSG00000093489	-0.307514	-1.863667	0.641452	-0.487979	0.863779	0.357511
ENSMUSG00000093514	-0.201338	-0.469560	-1.062037	0.365003	0.668589	1.119282
ENSMUSG00000093553	0.007816	-0.403368	0.086571	0.456448	-0.059321	0.072927
ENSMUSG00000093559	0.900866	0.557857	0.967928	0.797226	1.033749	2.276227
ENSMUSG00000093565	0.275704	0.541540	-1.025015	-1.119616	-1.529911	-1.307852
ENSMUSG00000093575	-0.428440	-0.551882	0.701669	0.117773	0.864472	0.391715
ENSMUSG00000093577	-0.490556	-0.839536	-0.573351	-0.043600	-0.009123	-0.736377
ENSMUSG00000093579	-1.308332	-0.925840	0.474598	-0.371914	0.639933	0.527578
ENSMUSG00000093593	-0.444245	-0.135409	-0.009452	0.372504	0.170728	0.243979
ENSMUSG00000093594	0.012362	-0.281555	-0.079148	-1.029836	-0.948953	-0.420609
ENSMUSG00000093606	-0.099730	-0.173640	-1.255457	0.350710	-1.092366	-0.867236
ENSMUSG00000093629	0.265892	0.496424	0.023815	0.459356	0.123080	0.507307
ENSMUSG00000093650	0.113625	-1.116680	-1.093492	-0.280800	-0.284898	-0.246304
ENSMUSG00000093661	0.053597	0.057899	-0.476178	0.428791	0.268741	0.423088
ENSMUSG00000093668	-0.846061	-0.130009	-0.578186	-0.544376	-0.283762	-0.346965
ENSMUSG00000093672	-0.229357	0.143673	-0.583546	1.202755	0.769031	0.901715
ENSMUSG00000093674	-0.112619	0.095881	-0.093810	-0.339002	-0.530710	-0.170055
ENSMUSG00000093677	1.209880	0.058107	-1.974233	-0.063655	-1.071442	-0.222826
ENSMUSG00000093720	-0.301593	-1.332902	-0.254743	0.649468	-0.616944	-0.294057
ENSMUSG00000093726	-0.162467	-0.041006	-0.806913	-0.134907	-0.126746	0.029825
ENSMUSG00000093734	-0.241297	-1.078333	2.159848	0.908292	2.435185	3.371266
ENSMUSG00000093760	-0.218757	-0.475935	-1.388446	1.638845	-0.006801	-0.236171
ENSMUSG00000093765	-1.430880	-0.638710	-0.411406	0.096961	0.391211	0.489419
ENSMUSG00000093793	-0.236284	-2.256747	-0.161273	0.386153	1.273997	0.497561
ENSMUSG00000093798	-0.222327	0.007237	0.596954	-0.163607	-0.912810	-0.677341
ENSMUSG00000093803	-0.110578	-0.529696	0.303124	0.171596	0.280957	0.460572
ENSMUSG00000093843	-0.108260	-0.248009	0.541587	-0.564301	-1.346943	-0.394831
ENSMUSG00000093858	-1.498964	-1.252270	-2.746057	0.480108	-1.063372	-0.792375
ENSMUSG00000093861	-0.492619	-1.347010	-1.078801	1.970674	2.284884	1.373717
ENSMUSG00000093880	-0.211651	0.671037	0.329305	0.380307	2.029179	2.151428
ENSMUSG00000093904	-0.067982	-0.338730	-0.271154	-0.701408	-0.995400	-1.006016
ENSMUSG00000093910	-0.641679	-0.861616	-0.528876	-1.363886	-0.312167	0.023771
ENSMUSG00000093930	0.359249	0.686959	1.046139	0.209317	1.178200	1.399158
ENSMUSG00000093979	0.215127	-0.332003	-1.685632	-0.208675	-1.014960	-0.332988
ENSMUSG00000093989	-0.235745	0.063232	-0.356972	1.101932	1.006582	0.680839
ENSMUSG00000094030	0.508844	0.871938	-0.179877	0.028027	-0.484873	1.121390
ENSMUSG00000094062	0.122823	-0.665836	0.899978	1.534152	3.201283	2.855906
ENSMUSG00000094103	-0.189546	-0.742134	1.571224	0.156266	-0.445275	0.042547
ENSMUSG00000094114	0.026370	-0.084952	-0.605443	-1.126158	-1.506151	-2.318132
ENSMUSG00000094126	2.015009	0.876403	0.232729	1.778110	1.986284	2.391684
ENSMUSG00000094141	-0.750888	-0.593447	0.954865	-1.848306	1.140511	0.223475
ENSMUSG00000094245	0.183837	0.605585	-1.234144	-0.642995	-1.711785	0.231714
ENSMUSG00000094248	-0.408114	0.066629	1.520273	-1.477795	-1.624661	-0.285422
ENSMUSG00000094281	-0.080513	0.420020	1.311780	1.064368	1.733976	4.364796
ENSMUSG00000094326	-0.661579	-0.911826	-0.087348	-0.851808	0.004208	0.259822
ENSMUSG00000094338	0.603827	0.422563	0.101868	-0.693377	-0.208846	-0.865093
ENSMUSG00000094365	-1.006021	-0.855260	-0.191947	-0.112246	0.017505	-1.127865
ENSMUSG00000094377	2.101622	0.684667	-0.484405	0.598318	0.577096	-0.537848
ENSMUSG00000094410	0.409801	-0.163173	1.626927	0.300390	1.491177	1.088856
ENSMUSG00000094441	-0.051455	-0.669905	-1.902207	-1.360438	-0.206701	-0.241803
ENSMUSG00000094463	-0.185616	-0.163901	-0.686877	-1.344647	-0.281646	0.029940
ENSMUSG00000094472	-0.214104	0.570083	0.194633	-0.233054	-0.188842	0.766323
ENSMUSG00000094483	0.230205	0.091365	0.254967	-0.119793	0.238145	0.570785
ENSMUSG00000094497	-1.444684	-0.843473	-2.188826	-0.370468	-0.096902	-1.074460
ENSMUSG00000094502	-0.390241	0.238343	-2.439178	-1.033596	-0.007744	0.540994
ENSMUSG00000094509	1.514461	1.327398	1.016889	1.883386	2.457386	2.411976
ENSMUSG00000094551	1.484226	1.382548	0.766425	-1.506321	2.503304	1.080957
ENSMUSG00000094595	0.233697	-1.509674	0.471733	0.485500	0.894945	-0.716215
ENSMUSG00000094614	-0.171575	-0.346109	-0.766396	-0.820798	-0.976013	-0.124796
ENSMUSG00000094626	1.860162	-0.980832	-0.580224	0.333371	0.810824	-1.124194
ENSMUSG00000094627	-0.838265	-0.379846	0.865048	0.424049	-0.434556	-1.054157
ENSMUSG00000094649	0.043652	0.105152	-0.938170	-0.128813	-0.697587	1.373470
ENSMUSG00000094655	-0.633299	1.034806	1.766681	0.147749	-1.988123	-3.943954
ENSMUSG00000094683	-0.819005	-1.320978	1.018425	-0.533315	-0.228479	0.697564
ENSMUSG00000094685	0.051570	-0.442713	-0.263504	0.234134	0.035001	0.273811
ENSMUSG00000094690	1.094249	2.241983	0.883918	2.109557	-0.317968	-4.019391
ENSMUSG00000094724	0.055890	-0.422658	-0.543679	-0.010419	-0.064898	0.373180
ENSMUSG00000094777	0.338723	-0.096093	-0.178830	0.425874	0.148456	-0.685497
ENSMUSG00000094786	0.145027	1.052324	-0.604853	1.083382	-0.211970	-0.334001
ENSMUSG00000094787	-0.863418	0.442606	-0.838326	1.024231	1.285299	0.671915
ENSMUSG00000094826	0.013184	1.026306	0.916796	-0.382814	-0.766538	-0.461415
ENSMUSG00000094828	-1.050312	-1.502073	-0.075578	-0.234645	1.259086	0.658475
ENSMUSG00000094840	-0.161893	1.534133	3.086455	2.823416	3.766249	2.969675
ENSMUSG00000094856	-0.374304	0.585892	1.011220	0.123085	-0.249949	0.353944
ENSMUSG00000094870	0.021488	0.323560	0.067423	-0.437239	-0.182161	0.129116
ENSMUSG00000094924	-1.877246	-2.492716	1.086090	-2.152597	0.799713	0.987992
ENSMUSG00000094935	-0.354236	0.456228	0.481447	0.084810	0.700455	1.254473
ENSMUSG00000094936	-0.256001	0.003442	-0.450523	-0.441883	-0.772409	-0.166655
ENSMUSG00000094989	-0.593235	0.123670	2.717571	-0.443195	-1.329826	0.291255
ENSMUSG00000095023	0.201123	1.605894	-0.099942	1.708683	0.451345	-0.671532
ENSMUSG00000095026	-0.772838	-0.508926	-0.938468	0.021242	0.458704	0.355897
ENSMUSG00000095068	0.278430	0.541650	-0.223781	0.768392	1.577456	2.081738
ENSMUSG00000095098	0.024099	-0.139182	-0.391537	-1.311490	-1.773847	-1.592173
ENSMUSG00000095105	-0.442330	-1.835785	-2.031390	-1.712532	-1.545936	-1.265502
ENSMUSG00000095119	-0.503319	0.111192	1.727351	-0.668277	1.013837	0.957560
ENSMUSG00000095123	-0.038324	0.484274	-0.373550	0.462618	0.121428	0.512058
ENSMUSG00000095134	-0.246424	0.066983	-0.139080	-1.836108	-1.674026	-0.406384
ENSMUSG00000095174	-0.981703	-0.211674	1.567770	1.216421	-0.332133	0.588753
ENSMUSG00000095178	0.762415	-0.005748	0.413615	1.210869	0.453934	0.721342
ENSMUSG00000095180	0.309926	1.698538	1.629335	1.696604	0.743423	0.770545
ENSMUSG00000095193	0.213101	0.534264	-0.164318	-0.741922	0.282671	-0.392715
ENSMUSG00000095217	0.220689	0.636622	0.038191	0.665930	0.471622	-0.316148
ENSMUSG00000095276	-1.071726	-0.068258	0.397022	2.111517	0.652898	0.980508
ENSMUSG00000095306	0.280996	-0.663260	-1.555623	-1.048024	-1.326656	-2.155491
ENSMUSG00000095325	-0.211571	0.093838	0.461292	0.086628	0.561835	0.533387
ENSMUSG00000095334	-0.651943	-0.741229	0.036678	-0.195741	1.264081	0.247555
ENSMUSG00000095352	-0.277178	-0.025259	0.350239	0.671363	1.015347	0.730030
ENSMUSG00000095362	-0.701381	-0.976968	0.520191	-1.147888	0.811350	0.132404
ENSMUSG00000095403	-0.067650	-0.180029	-0.701219	-0.373605	-0.828117	-0.933455
ENSMUSG00000095406	0.482265	-1.163504	-0.651275	-0.907059	0.634760	0.904741
ENSMUSG00000095432	0.230750	0.047170	-0.826969	-0.574034	-0.169347	-0.139251
ENSMUSG00000095562	-0.647581	-0.359777	-1.387693	0.214483	-1.251401	-1.456551
ENSMUSG00000095567	-0.183156	-0.334931	-0.647814	-1.074851	-2.025483	-2.229378
ENSMUSG00000095583	1.305325	1.041544	2.593509	3.154653	4.459148	2.843921
ENSMUSG00000095590	-0.225216	0.228988	-0.302083	-0.882220	-3.232141	-5.176659
ENSMUSG00000095595	-0.011505	0.516103	-0.169812	-0.073071	-0.105808	-0.006139
ENSMUSG00000095597	-0.079331	0.206277	0.340904	-0.249122	0.045916	0.827838
ENSMUSG00000095651	0.748017	-0.391521	-0.455112	0.143737	-0.030539	-0.510707
ENSMUSG00000095661	-1.526346	-2.284872	-0.406948	-1.180043	-0.041618	-1.036851
ENSMUSG00000095677	-0.224493	-0.128669	-0.549586	0.700428	0.688048	0.292346
ENSMUSG00000095687	0.287259	-0.473224	-0.531816	0.053422	0.098059	0.152280
ENSMUSG00000095690	-0.554355	0.050692	2.428356	-0.283751	0.214303	0.284207
ENSMUSG00000095730	-0.195622	0.308125	-1.066576	-0.796337	-1.151178	-1.833525
ENSMUSG00000095771	-1.619002	-0.684348	-1.046138	1.768069	1.271813	2.685030
ENSMUSG00000095789	0.132857	-0.508222	-0.512633	0.834925	0.892703	0.469673
ENSMUSG00000095832	-0.503033	0.301939	-0.286106	0.548171	0.215870	0.080633
ENSMUSG00000095836	0.520382	0.379649	0.865155	1.152637	0.408302	0.849300
ENSMUSG00000095845	-1.653131	-0.657055	1.512068	0.531756	0.785436	0.147017
ENSMUSG00000095865	-0.329086	0.317831	2.199897	-0.764519	-0.974888	-0.395535
ENSMUSG00000095892	-0.224472	-0.253638	1.193812	-0.712253	-1.214251	-2.764158
ENSMUSG00000095930	-1.007378	-0.428259	0.428254	-0.441371	-0.407217	-0.278744
ENSMUSG00000095943	-0.963467	-0.455877	-0.333039	0.853220	2.148046	1.165834
ENSMUSG00000095990	0.869281	0.205864	-0.548814	-0.411632	-0.686291	0.245442
ENSMUSG00000096006	0.196015	0.080423	1.548839	-0.881929	-1.182023	0.004789
ENSMUSG00000096010	0.166538	0.431052	-0.181999	-0.264414	-0.913238	-1.758767
ENSMUSG00000096056	-0.870696	-0.832715	-0.359046	0.520945	0.382886	0.090731
ENSMUSG00000096199	-0.080879	-0.382231	-0.733306	-0.062574	-0.620188	-0.591638
ENSMUSG00000096205	0.681386	1.073432	2.120156	-0.658193	-1.785245	-3.045660
ENSMUSG00000096221	-1.114339	-2.046230	-1.652327	-0.684202	-0.320243	-1.364470
ENSMUSG00000096232	-0.246465	-0.215100	-0.531908	-0.747177	-0.403296	0.014011
ENSMUSG00000096243	2.221280	0.269920	-1.019021	0.287240	-1.113852	-0.775715
ENSMUSG00000096255	0.127260	0.118706	0.315591	1.073854	1.562951	2.279281
ENSMUSG00000096262	-0.104669	-0.106714	-0.490957	0.548648	0.394923	0.114975
ENSMUSG00000096349	-0.044916	0.378187	0.070512	0.657984	-0.527257	-1.003882
ENSMUSG00000096370	0.062974	0.163288	-0.447307	-0.079569	-0.313404	-0.270104
ENSMUSG00000096401	-0.000050	-0.142542	-0.402434	-0.674341	-0.823360	-0.306515
ENSMUSG00000096403	-0.033460	0.012636	-0.046952	-0.725466	-0.642822	-0.785581
ENSMUSG00000096433	0.247098	-0.635498	-1.405389	-0.912927	-0.613499	0.213087
ENSMUSG00000096458	-0.051549	-0.665213	0.974102	0.890924	0.452262	1.509166
ENSMUSG00000096463	-0.494431	0.157403	-0.422614	0.621887	-0.230258	1.205763
ENSMUSG00000096472	-0.047954	0.094670	0.699427	0.441244	0.722694	0.393284
ENSMUSG00000096493	-0.764990	-0.186049	2.638007	-0.180623	-0.229308	0.238878
ENSMUSG00000096544	0.298927	-0.142046	1.540781	-0.500305	-0.362319	0.501109
ENSMUSG00000096617	0.227071	0.709012	-0.768245	0.001444	-0.784172	-1.177400
ENSMUSG00000096655	-0.368604	-0.200097	-0.351179	-0.421699	-0.311941	-0.919262
ENSMUSG00000096727	-0.303590	-0.205121	0.252048	0.478025	0.552283	0.701941
ENSMUSG00000096751	-0.834713	-1.241797	-2.021218	-0.266399	-1.721664	-0.549133
ENSMUSG00000096768	-0.351520	0.128244	-0.405544	0.205842	-1.265025	-1.502161
ENSMUSG00000096780	-0.126037	0.406526	0.373572	1.400539	1.705736	2.642028
ENSMUSG00000096795	0.233439	0.793837	0.219784	-0.504819	0.130450	1.134798
ENSMUSG00000096807	-0.206942	-0.131955	0.452186	0.615144	0.575258	-0.587530
ENSMUSG00000096883	-0.107488	-0.285419	-1.863580	-0.060337	1.218549	0.707305
ENSMUSG00000096910	-0.057451	-0.077162	-0.331638	-1.244661	-1.098762	-0.661711
ENSMUSG00000096917	0.287211	-0.481006	-0.902752	0.291518	-0.793450	-1.607901
ENSMUSG00000096921	0.053534	0.811342	-0.242490	-0.414841	-1.138008	-0.065243
ENSMUSG00000096923	-0.909284	0.890070	1.304750	1.001548	1.328032	-0.558789
ENSMUSG00000096929	-0.877237	0.473069	2.271968	2.875617	2.079613	2.482115
ENSMUSG00000096932	-0.945115	-0.945265	0.304998	0.904365	0.136901	-0.081749
ENSMUSG00000096935	-0.032394	0.097096	0.150584	0.433173	0.686595	-0.604795
ENSMUSG00000096942	0.020045	-0.088250	0.956898	-1.227952	-1.902299	-0.877319
ENSMUSG00000096946	-0.679168	-0.805983	-0.913717	1.644163	-0.227428	-0.999844
ENSMUSG00000096948	1.135321	0.511698	-0.968400	1.023967	0.912131	1.802912
ENSMUSG00000096952	0.276241	-0.256840	-0.271667	-0.180387	1.132789	0.746668
ENSMUSG00000096954	0.425213	-0.382142	-0.363299	-0.643073	-0.557155	-0.735617
ENSMUSG00000096959	0.294591	0.581789	-0.444724	0.630730	0.903524	0.899430
ENSMUSG00000096967	-0.454482	0.744580	-1.198554	-0.519616	0.277010	1.865698
ENSMUSG00000096968	-0.019362	0.336874	1.524098	2.157829	1.556631	0.514876
ENSMUSG00000096977	-0.781503	0.693694	0.585868	0.162286	-2.356154	-0.142611
ENSMUSG00000096981	0.210894	0.367645	0.378043	1.058580	1.616607	2.109247
ENSMUSG00000096983	-0.199856	0.072985	-0.493113	-1.041444	-1.836137	-2.873476
ENSMUSG00000096986	-0.360839	-0.366811	-0.972452	-0.565053	-1.910272	-1.024603
ENSMUSG00000096987	0.229547	-0.880444	-1.085943	-0.696339	-0.802635	-0.940967
ENSMUSG00000096988	-0.402233	-0.155843	0.129047	0.426647	-0.629658	-0.573836
ENSMUSG00000096995	0.682811	0.940958	0.256306	2.026331	2.550906	3.876604
ENSMUSG00000097000	-0.656668	-1.683352	-1.190944	-2.256665	-0.918863	-0.926692
ENSMUSG00000097006	-0.068091	-0.065920	0.187862	0.411016	1.246500	1.848872
ENSMUSG00000097007	-1.135541	-1.418383	-1.151461	0.201245	0.337049	0.185797
ENSMUSG00000097013	-0.155772	0.025856	0.128376	-0.916728	-1.572767	-1.777019
ENSMUSG00000097017	0.033407	-0.918845	-0.591969	0.199405	-0.825253	-0.121480
ENSMUSG00000097021	-0.241603	-1.103618	0.157737	0.263541	1.214700	1.075003
ENSMUSG00000097032	0.687882	0.333148	0.790490	0.347991	1.029366	2.160166
ENSMUSG00000097037	-1.081641	-1.119964	0.021137	0.595522	0.328508	0.147176
ENSMUSG00000097039	0.034389	-0.235212	-1.104618	-1.330290	-2.209720	-2.565574
ENSMUSG00000097042	-0.160960	-0.178207	-0.611698	-0.562979	-0.263937	0.006965
ENSMUSG00000097047	0.087213	-0.175930	-0.687164	0.837406	1.409123	1.885640
ENSMUSG00000097048	0.070170	0.268656	-0.194038	0.522909	0.506552	0.398968
ENSMUSG00000097052	0.108539	0.083022	-0.570857	-0.164145	-1.214080	-1.177390
ENSMUSG00000097055	-0.697905	-2.143442	-0.562684	1.362347	1.464270	1.466149
ENSMUSG00000097059	0.444580	0.174158	-0.542205	0.692954	0.509474	0.728718
ENSMUSG00000097061	0.089253	-0.285972	-0.195873	0.198716	-0.496440	-0.271529
ENSMUSG00000097062	0.557644	-0.050407	-0.890108	-1.271723	-1.076145	-2.284397
ENSMUSG00000097071	-1.123947	-0.247562	-1.330602	-0.073104	0.814777	0.081819
ENSMUSG00000097073	0.302186	-0.581398	-0.876793	-1.040355	-2.272188	-1.950919
ENSMUSG00000097075	0.054994	0.680022	0.496335	0.985498	1.407191	2.091189
ENSMUSG00000097077	-0.463778	-0.827853	0.132660	-0.158585	0.324405	1.087197
ENSMUSG00000097080	-0.090312	-0.263246	-0.248500	-0.272658	-0.332992	-0.398860
ENSMUSG00000097081	0.334736	0.812699	0.179292	-0.453038	-2.178794	-1.494680
ENSMUSG00000097093	0.286235	0.109724	0.920885	1.860673	1.476749	1.255618
ENSMUSG00000097095	-1.206838	-1.617301	0.965857	-0.138298	1.993381	0.918423
ENSMUSG00000097099	-0.081863	-0.313968	-0.309878	1.072732	1.558741	1.946270
ENSMUSG00000097101	0.303398	0.800748	0.668932	1.946148	1.147496	1.566070
ENSMUSG00000097103	0.045450	-0.503463	1.466605	0.493850	1.394463	1.432592
ENSMUSG00000097109	-0.333509	0.634981	-0.311080	1.606690	2.586572	0.118716
ENSMUSG00000097115	-0.087993	-0.448582	-0.639751	-0.260886	1.243981	1.632652
ENSMUSG00000097119	0.328778	0.574421	0.045095	0.576254	0.196133	0.501949
ENSMUSG00000097121	0.102220	0.055884	0.036086	1.289666	0.593464	-0.042076
ENSMUSG00000097122	-0.313296	-1.350883	-1.654152	-0.734984	-0.794517	-0.325192
ENSMUSG00000097123	-0.177753	-0.531923	0.618702	1.833959	1.956482	2.037596
ENSMUSG00000097129	-0.187872	-0.676158	-2.006765	-2.309643	-0.841677	-1.712470
ENSMUSG00000097131	0.497904	0.423623	-1.784191	0.302530	0.138224	1.274253
ENSMUSG00000097140	-0.133845	0.630770	-0.203332	-1.131232	-0.342857	1.480370
ENSMUSG00000097141	0.514427	-0.160203	0.874730	0.852207	1.631862	1.379439
ENSMUSG00000097145	0.273809	-0.177180	-0.101097	-0.909900	-1.922106	-1.717578
ENSMUSG00000097148	0.245966	0.500507	0.477355	0.058381	-1.144649	-1.624666
ENSMUSG00000097149	-0.096367	-0.388451	-0.454857	0.858793	1.915828	2.109149
ENSMUSG00000097150	0.104875	-0.934243	0.595347	0.289460	0.474568	0.302429
ENSMUSG00000097151	0.475040	-1.520060	-0.689571	1.294751	0.934763	0.795118
ENSMUSG00000097152	-0.319310	0.147874	2.583481	2.032884	1.042843	0.850644
ENSMUSG00000097154	-0.475032	-0.201597	-0.279171	0.375182	0.717375	1.156604
ENSMUSG00000097155	-0.152078	0.036382	-0.166989	-1.644804	-0.551322	-2.232097
ENSMUSG00000097157	-0.713595	-0.316566	0.092061	-0.061648	-0.795816	0.072966
ENSMUSG00000097162	0.568104	0.476579	-1.621087	0.580509	-0.197766	2.351133
ENSMUSG00000097163	0.094426	-0.280080	-1.318820	-1.319428	-2.971056	-3.115443
ENSMUSG00000097164	0.235894	-0.215370	0.702580	0.897366	0.885350	0.109950
ENSMUSG00000097167	-0.484893	-0.432589	-0.644007	0.458374	0.990377	0.052984
ENSMUSG00000097174	-0.029542	0.268077	-0.120612	0.462839	-0.400306	-0.077305
ENSMUSG00000097176	-0.600406	-0.227932	-1.531738	-0.757008	-1.136817	-0.518936
ENSMUSG00000097177	-0.521100	-1.514725	0.045202	-1.973729	-0.915509	-1.277863
ENSMUSG00000097180	-0.075654	-0.437899	-0.295468	-1.186860	-1.658553	-2.182559
ENSMUSG00000097182	-0.395381	-0.254954	0.343959	-0.619609	-1.073851	-1.539297
ENSMUSG00000097184	0.448323	0.499936	1.491051	0.312972	0.075865	-0.357362
ENSMUSG00000097188	-0.136439	-0.115557	-0.712324	-0.621604	-1.729829	-1.859973
ENSMUSG00000097191	0.263152	0.623746	-0.595624	-0.597957	-0.468400	-0.943002
ENSMUSG00000097193	-0.471889	-0.557949	-2.026476	-0.511653	-0.988074	-0.538434
ENSMUSG00000097194	0.013083	-0.133737	-0.381073	0.536152	1.292713	2.142320
ENSMUSG00000097195	-0.039489	0.182802	-1.057285	-1.110673	-1.913849	-1.776323
ENSMUSG00000097203	1.828526	1.021096	-0.199948	-0.193163	-1.501781	-1.309537
ENSMUSG00000097204	-0.362266	-0.173267	-0.213962	0.910574	0.974974	1.490517
ENSMUSG00000097206	-0.784492	-0.954083	0.082998	0.630467	-0.302482	-1.262429
ENSMUSG00000097207	0.227031	-0.242320	1.332088	-0.749646	0.087970	0.306079
ENSMUSG00000097217	0.514898	0.691797	-0.310071	1.117831	-0.104227	0.446462
ENSMUSG00000097220	0.333998	0.145235	-0.238587	0.217522	-0.822844	-0.409541
ENSMUSG00000097227	0.096530	-0.235090	-0.215994	-0.066367	0.363056	0.728363
ENSMUSG00000097230	-0.446410	-0.412710	-0.691663	-0.600804	-0.896705	-0.309492
ENSMUSG00000097233	-0.742329	-0.662824	-0.046291	0.302797	0.142498	-0.509200
ENSMUSG00000097239	0.089945	0.456156	-0.274112	0.240856	-0.980905	-0.641015
ENSMUSG00000097242	-0.976921	-0.494313	-1.615872	-0.824279	-0.192817	-0.377953
ENSMUSG00000097245	0.197507	0.096837	0.234881	0.184422	0.951384	0.641513
ENSMUSG00000097246	0.035851	0.272320	0.340117	0.012976	0.051679	-0.537793
ENSMUSG00000097248	0.544835	0.715341	-0.639616	0.843310	-1.652131	-0.457808
ENSMUSG00000097251	-0.251434	-0.024510	0.246959	1.195773	0.943979	1.951886
ENSMUSG00000097258	-0.513831	-0.452046	-1.431559	-0.842735	-2.701126	-2.401795
ENSMUSG00000097259	-1.153558	-1.633241	0.020706	0.254644	0.721015	-1.241984
ENSMUSG00000097261	0.751721	0.490208	-0.843330	0.095517	-1.197211	-1.092420
ENSMUSG00000097265	-1.261105	-0.339919	-0.694306	0.383533	0.391128	0.599311
ENSMUSG00000097271	-0.293872	-0.234005	-0.590578	1.514371	1.021879	2.590005
ENSMUSG00000097274	-0.070918	0.229063	0.166398	0.631308	0.763042	0.418488
ENSMUSG00000097277	0.087235	-0.408713	-0.294693	0.139606	0.740426	0.877131
ENSMUSG00000097283	-0.729318	-0.739300	1.010079	0.207029	0.463144	0.227948
ENSMUSG00000097284	-0.705813	-0.571016	0.792330	0.709959	1.165374	1.049177
ENSMUSG00000097290	-0.028715	0.114519	-0.163130	0.143172	-0.522050	0.109447
ENSMUSG00000097292	0.255890	-0.147145	-1.169685	0.885833	0.268166	0.727683
ENSMUSG00000097294	-2.561827	-3.007864	-3.026181	-2.792967	-3.486648	-3.711175
ENSMUSG00000097295	0.089031	-0.297628	0.899186	1.846102	1.775636	2.283629
ENSMUSG00000097296	-0.218489	-1.325168	-1.877688	-1.698371	-1.253500	-0.916676
ENSMUSG00000097303	-0.165694	-0.295603	-0.424657	0.731637	0.282414	-0.271567
ENSMUSG00000097308	-0.412021	-0.615797	0.278854	0.324365	0.997260	-0.999137
ENSMUSG00000097309	-0.511438	-1.896314	0.349886	1.084533	1.199418	0.784324
ENSMUSG00000097318	0.244964	0.315625	0.099274	0.229563	0.815480	1.431949
ENSMUSG00000097320	0.087504	-0.207969	0.688666	0.841110	1.428163	1.097433
ENSMUSG00000097321	0.034514	1.439629	1.839782	3.328755	3.583990	2.832499
ENSMUSG00000097323	-0.698916	0.100342	1.523054	0.372870	1.827702	0.124199
ENSMUSG00000097327	-0.459272	-0.221081	-0.934227	0.906242	-0.319422	-0.475239
ENSMUSG00000097331	-0.591509	-1.130866	-0.716905	-0.578743	0.409558	1.036118
ENSMUSG00000097333	0.094929	0.048131	-0.217945	0.556459	0.937261	1.206281
ENSMUSG00000097334	-0.203710	-0.554353	0.451898	0.502618	0.967479	1.030935
ENSMUSG00000097337	0.137204	0.094414	-0.695376	0.340902	-0.026039	0.298495
ENSMUSG00000097343	-0.037516	-0.432643	1.052021	0.460654	1.409415	0.969110
ENSMUSG00000097344	0.682650	-0.117983	-1.618069	0.319274	-0.329646	-0.176410
ENSMUSG00000097345	-0.127129	0.605152	0.477392	0.432080	0.683582	0.094133
ENSMUSG00000097350	0.029507	0.436235	0.420004	1.225264	1.247454	0.656118
ENSMUSG00000097352	0.080865	-0.018754	-0.066385	0.276436	0.420037	0.696467
ENSMUSG00000097353	0.027510	0.579196	-0.045576	0.203054	0.228487	1.036901
ENSMUSG00000097354	-1.776080	-2.784760	-2.181441	-0.010452	1.096337	1.706857
ENSMUSG00000097365	-0.861122	-2.587937	-1.983341	-2.990981	-2.625874	-2.854288
ENSMUSG00000097367	0.008097	-0.818561	0.817589	-0.820329	0.800816	0.663232
ENSMUSG00000097375	-0.767152	-1.226172	-1.645827	-0.722368	-1.045533	-1.892225
ENSMUSG00000097378	-1.337748	-1.123220	-2.918202	-0.662609	-0.764977	-1.104822
ENSMUSG00000097388	0.616183	0.438783	-1.175852	0.562762	-0.462318	-1.701639
ENSMUSG00000097392	-0.131774	0.418768	-0.047886	0.342300	0.375899	-0.107126
ENSMUSG00000097397	0.358733	-0.745206	-0.567816	-0.574165	0.386695	1.624623
ENSMUSG00000097402	0.232893	-0.388868	0.058750	0.241026	0.098369	0.546531
ENSMUSG00000097403	-0.835400	-1.289498	-0.938094	-0.366789	-0.868346	-0.742862
ENSMUSG00000097412	0.117598	-0.000738	0.195160	-0.126014	-0.613881	-0.768755
ENSMUSG00000097414	-0.515769	-0.849098	-1.968228	-1.927652	-3.378540	-3.291988
ENSMUSG00000097415	-0.343912	-1.039817	-1.624332	-0.806567	-0.349283	-0.338075
ENSMUSG00000097416	-0.322474	0.071396	0.411053	1.875602	-0.358421	0.418415
ENSMUSG00000097418	-0.346388	-0.450767	-1.411953	-1.131123	-0.485629	0.063245
ENSMUSG00000097428	-0.173197	0.699541	0.035281	0.340157	0.266652	-0.452982
ENSMUSG00000097431	0.245692	0.320753	-0.290993	-0.249245	-0.419983	0.414986
ENSMUSG00000097432	0.190723	-1.086056	-1.504160	-0.545053	-1.129103	-1.310800
ENSMUSG00000097434	-0.301172	-0.178550	0.009969	0.457673	0.335950	-0.351562
ENSMUSG00000097439	1.011268	2.039421	0.788536	2.249380	-0.828917	-5.036042
ENSMUSG00000097444	-0.165484	0.770627	-1.695091	-0.163746	-1.096131	-2.051094
ENSMUSG00000097445	-0.522216	-0.221685	0.555122	-0.576603	-0.364618	0.020220
ENSMUSG00000097457	-0.309166	-0.867688	-0.616475	0.213178	-0.283456	-0.259254
ENSMUSG00000097460	-1.222339	-1.070828	0.709952	0.862232	0.532595	-0.103032
ENSMUSG00000097461	-0.587642	0.010141	-0.690802	0.401382	0.823451	2.051415
ENSMUSG00000097465	-1.406150	-1.947238	-2.303434	-0.735626	-1.807489	-0.448896
ENSMUSG00000097467	0.584994	0.438561	-0.163289	-0.591828	-2.461361	-2.523002
ENSMUSG00000097468	-0.325608	-0.672063	-1.695522	-1.311880	-1.108834	-0.347310
ENSMUSG00000097471	0.556922	1.209976	1.307427	1.231206	1.733576	2.830256
ENSMUSG00000097472	-1.721416	-1.218815	-0.583412	-1.098121	-0.269782	-0.781949
ENSMUSG00000097476	0.407665	-0.059945	-1.256426	1.092434	0.054138	-0.047809
ENSMUSG00000097487	0.227866	0.891906	-0.235032	-0.240706	-1.275119	-0.723277
ENSMUSG00000097493	-0.599737	-2.562837	-1.531811	-2.430594	-2.884991	-2.609502
ENSMUSG00000097494	0.584372	-0.121311	-0.869434	-1.199674	-0.232257	0.091104
ENSMUSG00000097498	-0.616486	-0.424431	0.558790	-1.460340	-1.071172	-1.688036
ENSMUSG00000097503	0.048120	0.052714	-0.077200	0.264677	0.660925	0.318744
ENSMUSG00000097507	-0.405808	-0.924484	-0.781237	1.122871	-0.474050	0.538624
ENSMUSG00000097509	-0.641937	-0.035689	0.896024	1.199493	0.949391	1.092664
ENSMUSG00000097519	-0.330962	0.125392	-0.295258	-0.818397	-0.991940	-1.274477
ENSMUSG00000097526	0.765051	0.350581	0.082350	-0.579916	-1.009767	-1.477710
ENSMUSG00000097530	-0.283204	-0.072326	0.384084	-0.442747	-1.162381	-1.064705
ENSMUSG00000097531	-0.180146	0.415260	-0.739412	0.081356	-1.820346	-1.086889
ENSMUSG00000097532	-0.142730	-0.500671	-2.543222	-0.009309	-0.934903	-0.372191
ENSMUSG00000097533	-0.620513	-0.194504	0.217874	0.073863	0.337939	0.250642
ENSMUSG00000097534	-0.267445	-0.770700	-0.071838	0.603248	0.223856	-0.316558
ENSMUSG00000097537	-0.003410	-0.248980	-0.140887	-0.066087	-0.061848	-0.559490
ENSMUSG00000097557	-0.068466	0.261457	-0.280527	1.334406	0.409555	2.348353
ENSMUSG00000097559	0.089823	-0.013447	-1.597842	0.456177	1.339324	-0.042325
ENSMUSG00000097567	-0.328378	-2.357012	-3.050484	-1.483955	-1.183123	-2.762627
ENSMUSG00000097571	-0.126971	-0.119035	-1.188911	0.399935	1.171050	2.197369
ENSMUSG00000097573	-0.141716	-1.426382	-0.032376	0.411853	0.469150	-1.022066
ENSMUSG00000097574	0.081128	-0.801207	0.953185	-0.296825	1.112521	0.964862
ENSMUSG00000097576	-0.167959	-0.293032	-0.054956	1.593945	0.846146	0.258197
ENSMUSG00000097577	-0.378181	-0.923482	-0.689870	-0.487092	-0.460225	-0.746478
ENSMUSG00000097579	0.493434	1.245215	0.421593	1.390311	1.520700	3.609903
ENSMUSG00000097583	-0.388990	-0.594665	0.148729	-1.460742	-0.543391	-0.253136
ENSMUSG00000097585	-0.217893	-1.645505	-0.461225	-0.862595	-0.896103	-1.142979
ENSMUSG00000097586	0.406198	-0.589961	-1.008714	3.003615	0.175663	1.632126
ENSMUSG00000097588	-0.322293	-0.153617	0.805920	0.322354	0.042577	0.758057
ENSMUSG00000097589	0.157439	0.817333	0.133864	0.549455	-0.088789	0.258714
ENSMUSG00000097591	0.778882	0.564387	-0.963793	-1.532741	-3.291704	-2.165302
ENSMUSG00000097592	0.305914	-1.484173	0.679898	-1.132223	0.373638	0.726510
ENSMUSG00000097601	0.089850	-1.142968	-0.066104	0.794760	1.055580	1.631872
ENSMUSG00000097602	-0.277781	-0.179932	-0.060508	-0.336747	0.091530	0.047853
ENSMUSG00000097609	-0.452092	-1.269520	-1.068015	-0.462558	-0.226204	0.974092
ENSMUSG00000097613	-0.144294	-0.806722	-0.549559	-0.632081	-1.633753	-0.908375
ENSMUSG00000097616	-0.449100	-0.642362	-2.780565	-0.343038	-0.836600	-0.566351
ENSMUSG00000097620	1.107530	0.338781	-0.198273	0.484986	0.546094	0.044790
ENSMUSG00000097621	-0.064564	-0.787405	-0.614195	-0.355007	-2.554893	-0.387107
ENSMUSG00000097636	-0.468116	0.050696	0.575585	2.087139	2.582149	2.848241
ENSMUSG00000097643	0.060409	-0.614889	0.443954	-0.661605	-0.247913	-0.416778
ENSMUSG00000097657	0.147808	-0.687005	-0.753045	-0.896332	-0.178082	-0.659853
ENSMUSG00000097658	1.090112	0.875800	0.676287	1.264897	2.389203	1.778425
ENSMUSG00000097662	-1.149976	-1.300649	-0.713154	0.916197	0.938259	-0.027012
ENSMUSG00000097667	-0.015892	-0.598973	-1.550622	-1.524428	-2.847490	-3.131947
ENSMUSG00000097674	0.388536	1.033191	-0.520165	0.698233	0.435088	1.823453
ENSMUSG00000097678	0.640126	-2.797726	-2.152853	-3.642226	-3.274931	-3.872135
ENSMUSG00000097690	-0.747695	-0.111307	0.897360	1.690860	1.597716	2.436502
ENSMUSG00000097695	-0.259653	-0.193031	-0.303638	0.434644	-0.049848	-0.066110
ENSMUSG00000097699	-0.122487	0.460342	-0.650208	0.518687	1.792153	1.058444
ENSMUSG00000097702	-1.305773	-1.459280	-2.021285	0.037491	1.388004	2.288525
ENSMUSG00000097705	-0.258211	0.338127	0.179942	1.026124	0.867834	1.121909
ENSMUSG00000097706	-0.134052	-0.779422	0.437599	-1.108718	-0.697626	-0.278126
ENSMUSG00000097709	0.378754	-0.550446	-0.533286	-0.544097	-1.174687	-1.591354
ENSMUSG00000097712	-0.160993	1.243331	-1.805331	-0.930807	-1.905106	-1.565592
ENSMUSG00000097713	0.935783	0.940825	-0.372491	0.773651	0.546466	0.039584
ENSMUSG00000097714	0.011646	0.014658	-1.015881	0.298389	-0.332654	-0.264182
ENSMUSG00000097715	-0.030375	0.062061	0.583615	1.435621	1.939972	1.851103
ENSMUSG00000097724	-0.085195	-1.510046	1.345850	-1.281915	-0.674139	-0.623191
ENSMUSG00000097725	-1.118286	-1.749411	-1.524024	-0.895403	-1.034244	-1.286901
ENSMUSG00000097727	0.163194	1.122661	0.612769	1.567554	-0.264691	0.101595
ENSMUSG00000097728	0.442682	-1.024426	-0.346585	-1.578997	-0.848368	-1.025950
ENSMUSG00000097729	1.102625	0.830084	1.434576	3.111704	3.267881	3.868384
ENSMUSG00000097730	1.539789	0.936360	0.733875	0.852525	0.801722	0.379599
ENSMUSG00000097731	-0.047338	0.112501	-0.349325	0.802030	-0.377472	0.517107
ENSMUSG00000097739	0.229951	-0.179674	0.546675	1.040911	1.042152	0.774198
ENSMUSG00000097743	-0.038081	0.735860	-0.318370	0.222176	-0.262180	0.498531
ENSMUSG00000097746	0.917369	-1.237380	-0.583228	-1.267917	-1.410897	-0.860221
ENSMUSG00000097747	-0.075715	-0.478998	-1.047679	0.460082	0.740451	0.563294
ENSMUSG00000097748	-1.102522	-0.889501	-0.175110	0.075212	-0.176865	0.752981
ENSMUSG00000097749	-0.055394	-0.373112	0.561567	-0.099612	0.392918	0.733592
ENSMUSG00000097750	0.316947	0.708093	1.045050	1.185156	0.822872	1.338413
ENSMUSG00000097755	-0.097838	0.058985	0.190527	0.976712	0.833731	0.062796
ENSMUSG00000097757	-0.126242	-1.084240	0.212114	0.794937	1.261158	0.202731
ENSMUSG00000097760	-0.209014	-0.452087	-0.679174	-1.252475	-1.087269	0.620880
ENSMUSG00000097766	-1.474811	-1.876139	-2.390772	-1.426163	-1.184497	-1.153065
ENSMUSG00000097769	0.048496	-0.342016	-1.194000	-0.243411	-0.237426	-0.734608
ENSMUSG00000097772	-0.081894	-0.185856	-0.147911	-0.228608	-1.047320	-1.456245
ENSMUSG00000097773	-1.045528	-1.304098	-1.984219	-0.291881	0.165237	0.661814
ENSMUSG00000097777	-0.787965	-1.142741	-1.325042	-0.159343	-0.059934	0.315354
ENSMUSG00000097781	-0.270793	-0.224349	0.014834	-0.156777	1.110622	-1.822498
ENSMUSG00000097784	0.189842	-0.018999	-0.159165	0.661997	0.361579	1.730160
ENSMUSG00000097785	-0.338599	-0.611387	-1.240770	-1.668527	-2.374829	-1.871053
ENSMUSG00000097791	0.477472	-0.393241	0.644302	0.019026	0.253028	0.875478
ENSMUSG00000097792	-0.320523	0.721080	0.046976	1.347830	0.680126	1.746978
ENSMUSG00000097793	-0.363801	-0.335932	-2.049508	-0.092290	-0.740758	-0.660615
ENSMUSG00000097796	0.138505	-0.560365	-0.304973	0.573486	0.513038	1.072366
ENSMUSG00000097797	-0.469747	-0.578426	-1.214618	-0.817364	-1.116228	-1.480480
ENSMUSG00000097800	0.738060	0.369769	0.159410	0.565094	0.228846	0.226030
ENSMUSG00000097812	-0.846962	0.352066	-0.657238	-0.439909	-3.128220	-3.366957
ENSMUSG00000097814	-1.234595	-0.830290	-0.609887	-0.682715	0.663886	-0.715571
ENSMUSG00000097815	0.080072	-0.029126	0.905725	0.495945	1.062378	0.946874
ENSMUSG00000097823	-1.044142	-1.414861	-1.282500	-1.433649	-1.196113	-0.626070
ENSMUSG00000097827	-0.623152	-1.284850	-0.531042	0.563115	-0.083438	0.827766
ENSMUSG00000097835	0.387175	0.901346	-0.027227	0.175925	0.398794	-0.262044
ENSMUSG00000097839	0.269787	-0.430427	-1.560633	-1.469637	-2.598543	-3.351840
ENSMUSG00000097842	-0.577458	0.754245	0.911557	1.269947	4.670668	5.360570
ENSMUSG00000097855	-0.551323	-0.244604	-0.493934	1.439996	1.412285	2.743852
ENSMUSG00000097858	-0.182726	-0.954794	-1.103036	-0.276796	0.890624	1.804708
ENSMUSG00000097860	-0.826458	-1.752403	1.762637	1.095002	1.860924	1.706754
ENSMUSG00000097863	0.258241	1.493099	0.342400	4.688572	1.624714	2.481920
ENSMUSG00000097867	1.240436	0.885885	1.787479	2.934083	3.883755	3.541422
ENSMUSG00000097868	-0.110516	0.142077	0.892886	0.785928	-0.115788	1.018586
ENSMUSG00000097873	0.200868	-0.063930	-0.971308	0.398507	-2.209650	-2.257502
ENSMUSG00000097879	-0.695918	-0.676526	-0.072148	-0.143832	-1.020764	-0.349520
ENSMUSG00000097882	0.002609	-0.779173	-2.037591	-1.356283	-2.006594	-1.656554
ENSMUSG00000097884	-0.979721	-1.508805	-0.678273	-1.201138	0.455072	-0.502670
ENSMUSG00000097885	-0.788144	-0.265237	0.698037	1.417518	1.623881	1.906046
ENSMUSG00000097887	-1.329013	-1.989350	-0.360304	-0.875737	-1.181583	-2.068099
ENSMUSG00000097891	-1.587067	-0.363104	0.511169	-0.444248	1.880208	-0.001087
ENSMUSG00000097892	0.029387	-0.119933	0.390375	0.998813	0.472520	1.219576
ENSMUSG00000097893	-0.061313	0.110874	-0.082487	1.532417	0.861250	1.263018
ENSMUSG00000097906	-0.114885	-0.086783	-0.180543	-0.193898	0.483006	0.336746
ENSMUSG00000097908	0.096136	-0.136690	-0.081570	-0.659311	-0.877330	-1.386017
ENSMUSG00000097911	-0.571372	-0.168723	-1.015464	-0.264290	-0.943172	-0.457616
ENSMUSG00000097919	0.357265	0.019327	-1.900501	-1.020435	-0.938007	-0.079608
