Protein	Ratio_0	Ratio_2	Ratio_6	Ratio_12	Ratio_18	Ratio_24
41700	0.984932	1.345787	-2.178549	3.104833	0.064510	0.979295
41884	1.722798	2.321551	-0.682355	3.167509	-1.776586	-0.765697
41888	0.984932	-0.207584	0.621730	3.801886	-2.691291	0.516244
41889	-0.707514	1.633329	-0.820461	0.600845	-1.419426	0.237157
41891	1.504547	2.358439	-0.961949	-1.209947	0.335622	0.888409
41893	-1.065889	0.973950	-0.391717	0.787819	-5.315184	-1.906534
Aacs	0.984932	2.337657	-1.067347	0.672080	0.064510	-1.147971
Aars	-0.845178	1.931205	-0.316481	-0.820755	-1.004967	-0.641305
Aatf	4.387123	0.287959	-1.284441	-3.544938	0.425918	-0.859152
Abcb7	-0.207331	0.818810	0.219607	-2.235634	-2.210406	-0.034193
Abcd1	14.843500	10.315581	1.113210	0.672080	4.089930	-1.147971
Abcd3	0.984932	-1.136315	-0.836588	0.672080	0.064510	-0.212916
Abce1	-0.456474	1.180160	-0.249197	0.604413	2.353801	-1.262426
Abcf1	-1.739494	1.186352	-0.990521	-3.214038	-1.048077	0.193602
Abcf2	-0.780431	1.958399	-0.802014	-0.610422	-3.220587	-1.123889
Abi1	0.984932	-2.811179	-2.171082	0.672080	0.064510	-0.299337
Abi3	0.984932	3.247998	-0.647376	0.672080	0.064510	-0.606512
Abracl	0.984932	-0.873764	-0.225768	4.806752	0.064510	-2.065858
Acaa1a	0.984932	2.015490	-1.632509	0.894885	0.064510	1.037200
Acaa2	0.514490	1.027998	-0.592372	2.968165	0.573930	-0.307035
Acaca	-1.599246	1.566327	-0.432576	-2.424402	-1.402423	0.852301
Acad9	-0.670793	0.466909	-0.714831	0.732153	-2.806017	-0.825923
Acadl	-0.212211	0.475634	0.128628	-0.011906	0.452075	-0.748185
Acadm	-0.948267	-0.030027	-1.795821	2.213415	-3.497424	1.247823
Acads	0.209984	0.901716	-1.332951	2.534214	0.064510	-0.861006
Acadsb	0.984932	3.773466	-1.623908	0.672080	0.064510	2.297884
Acadvl	3.036326	-0.694269	-0.409576	-2.151631	-1.937802	0.348383
Acap1	11.678460	11.943294	1.113210	0.728365	0.064510	-1.147971
Acat1	0.162525	1.023009	-0.235086	0.270592	-0.949390	-0.960623
Acat2	0.984932	4.771314	0.146164	3.102100	0.064510	0.001158
Acbd3	0.070801	1.221580	-0.786311	2.275959	0.932390	0.212620
Acin1	-0.723096	0.574832	0.059720	1.041141	0.620236	-0.685718
Acly	-1.019297	1.297029	-0.439321	-0.550818	-2.204156	-0.894799
Aco1	0.984932	1.533827	-2.539168	9.568249	0.064510	-0.742732
Aco2	-0.174680	1.278886	-0.463498	0.602063	0.115412	-0.592973
Acot13	-0.736981	0.643315	0.461189	-2.718973	0.428490	0.272023
Acot7	-0.835960	-1.942655	-0.393395	6.895015	0.064510	-2.745205
Acp1	0.360729	1.947925	-1.026968	1.423536	-1.403511	-0.753023
Acp6	-0.506302	2.996077	-0.591943	-1.045728	-1.408021	-0.956313
Acsf2	-0.181741	0.410821	0.270237	-2.252093	2.110774	-0.368221
Acsl3	-0.598896	0.799356	1.101054	0.106700	2.385974	-0.198069
Acsl4	0.139335	2.758272	-1.315453	-1.972068	-3.694813	-0.177216
Acsl5	-0.864890	5.121149	-0.766089	-1.336186	-0.181764	-0.024418
Acss1	-0.587937	-0.658682	1.113210	-1.356273	-0.104664	-2.637198
Acta1	0.984932	3.624768	0.109528	11.834526	-4.437805	-0.997167
Actb	-0.142687	0.330074	-0.119326	-0.261087	-0.547608	-0.976646
Actbl2	0.947527	1.191722	3.067019	-6.248282	-2.310116	-0.519039
Actg1	0.001987	0.760508	0.034474	-0.754074	-0.646281	-1.147971
Actl6a	-1.090183	1.399537	-0.059613	-0.897505	-1.128664	-0.820052
Actn4	0.018950	1.487383	-0.070442	1.289493	-1.292286	-0.788230
Actr1a	-1.086937	5.332003	-0.865248	-2.982742	-1.707498	-1.078082
Actr2	0.274403	1.429303	-0.645897	-0.503991	-0.736706	-0.244437
Actr3	-0.574720	1.149390	-0.502268	0.436316	-0.448541	-0.733448
Acy1	0.984932	1.399583	-3.530387	0.672080	-1.474227	-1.147971
Acyp1	0.984932	0.896736	-2.642135	0.672080	2.320388	-1.147971
Add1	2.438721	2.915046	1.508404	-1.117916	2.574605	-1.147971
Adh5	0.062407	0.047548	-0.831322	-0.203333	-4.004638	-0.759519
Adk	1.262705	5.257668	1.113210	0.672080	0.360091	-1.147971
Adnp	-2.162895	2.962779	-3.261751	-2.836903	-2.227194	-1.147971
Adpgk	-1.367233	1.116494	-1.694484	0.672080	-3.976136	-1.022635
Adrbk1	1.439111	0.047491	-0.454345	-5.879661	-2.883997	0.226175
Adrm1	0.817257	1.037803	-0.581388	-4.513620	1.986731	0.153242
Adsl	0.187620	2.001252	-0.302836	-0.334178	-3.370499	-0.852690
Adss	1.460360	2.059126	-0.117589	4.804354	-2.862736	-1.217241
Adssl1	2.215813	2.543090	-0.552096	-3.259128	1.164314	0.988325
Afg3l2	1.084857	1.154426	1.113210	-2.010606	2.140428	-1.147971
Agk	0.984932	-0.852686	-1.457159	2.562276	0.064510	-0.743908
Agpat9	0.984932	1.221580	1.113210	-3.157458	2.849417	-1.147971
Agps	0.005060	-2.053236	4.077407	-3.227289	2.237976	-1.309995
Ahcy	-0.367333	0.739469	-0.331394	0.415154	-1.024478	-0.985953
Ahcyl2	0.359526	-0.928747	1.113210	0.672080	-2.698212	-1.147971
Ahsa1	-0.477435	2.293989	-0.398771	-1.235367	0.006862	-0.974954
Aifm1	-0.984494	3.089580	-0.848103	-1.655163	0.055880	-0.507355
Aimp1	-0.382327	1.735618	-0.555584	-0.208162	-2.025910	-0.920232
Aimp2	3.204175	-1.586026	1.986145	1.042101	-1.061071	-1.218522
Aip	0.984932	2.174098	-0.509272	4.619698	0.064510	0.536107
Ak2	-0.291101	1.095529	-0.511245	-1.070864	-0.460065	-1.032450
Akap12	0.250634	-2.148288	0.500573	-4.325323	2.532050	3.890349
Akap8	0.806511	1.289477	1.113210	-3.855766	1.820976	-2.033925
Akr1a1	0.338108	1.318951	-0.547429	0.729460	-0.855851	-0.791489
Akr1b1	-0.562741	0.858254	-0.388778	-0.848801	-0.892970	-0.750758
Akr1c13	0.128181	0.865369	-0.830776	1.757849	2.853549	1.047907
Akr1e2	-3.808048	1.221580	1.113210	0.672080	2.492114	-1.147971
Akr7a2	-0.426943	0.131380	-0.355722	-1.843957	1.374633	-0.081084
Aktip	0.984932	8.093310	-0.769463	6.166777	0.064510	-0.236006
Alad	0.984932	0.012490	0.010995	6.889513	0.064510	-1.138333
Aldh16a1	-1.006004	5.318821	-2.570905	2.354200	-2.140408	0.588688
Aldh18a1	-0.838406	1.449293	-0.248478	-0.371286	-2.331738	-0.573160
Aldh2	-0.372096	1.386363	-0.065841	0.530576	-0.850582	-0.310097
Aldh4a1	0.283166	0.338044	-1.261439	-3.206178	-0.180115	-1.440460
Aldh9a1	-0.055694	1.121591	-0.389146	-0.467577	0.159306	-0.375333
Aldoa	-0.504910	1.123393	-0.358177	-0.478499	-0.585163	-1.461420
Alg2	0.984932	-0.063911	-0.686286	0.672080	0.064510	-0.912044
Alpl	-1.061979	-0.129339	-0.086169	-2.069581	-1.391940	-2.024555
Alyref	-1.270232	1.977380	-0.488991	7.765403	0.046101	-0.833420
Anapc1	0.111614	2.060194	1.113210	-2.437413	-0.268187	-1.147971
Ankle2	0.984932	1.221580	9.667488	-2.642026	0.801566	-1.147971
Ankrd17	-0.140854	-1.542537	-0.736904	0.672080	-0.088518	-1.147971
Ankrd28	0.984932	-1.500002	-1.231337	-2.760173	0.064510	-1.972777
Anln	2.951901	1.221580	1.113210	-3.063534	1.931988	-1.147971
Anp32a	-0.891632	0.475525	0.136243	-0.514535	-2.064892	-1.522944
Anp32b	-1.070830	1.935599	-0.233799	1.964877	-0.996000	-0.374469
Anp32e	0.680586	3.230582	-0.026236	8.599734	-1.581313	-0.028072
Anxa1	0.935754	3.593078	-0.846053	-0.012531	0.064510	-0.307585
Anxa7	3.267325	0.949086	1.558920	-1.353855	2.175479	-1.003286
Ap1b1	0.824780	1.466237	-3.515940	-4.247638	0.627566	-5.844062
Ap1m1	13.559269	10.678481	1.113210	0.672080	0.064510	-1.147971
Ap1s1	-1.445591	1.221580	1.113210	2.862883	-0.481534	-1.147971
Ap2a1	-1.555736	1.282046	-0.848527	-2.474498	0.064510	0.435415
Ap2b1	-0.579448	3.061493	-1.334762	-2.425566	-0.841185	1.062543
Ap2m1	4.235733	0.682928	-0.162658	0.672080	-1.714535	-0.781163
Ap3d1	0.984932	-0.368577	-1.737251	0.672080	0.064510	-0.520667
Apbb1ip	-3.526599	1.221580	1.113210	-3.948931	0.516622	-1.147971
Apeh	0.984932	4.158008	1.113210	0.672080	0.064510	-0.040817
Apex1	-0.977452	0.663723	-0.465249	-0.402569	-0.264157	-0.920238
Api5	0.086844	1.012367	-0.510098	0.638079	-3.462219	-1.162138
Apip	0.984932	1.221580	1.113210	0.441794	-0.005300	-1.147971
Apmap	-0.566620	-0.191820	0.314528	1.807014	-2.103440	-1.991241
Apoa1bp	0.984932	1.561033	-1.361884	4.375016	0.064510	0.105189
Apoo	1.358244	0.057942	1.113210	2.598120	-1.169407	0.118969
Apool	-1.794556	0.886350	0.444941	-1.239964	-0.416108	-1.465648
Aprt	0.984932	0.229032	0.044568	4.132896	-1.407739	-0.522836
Aqr	0.086382	1.014561	-1.776542	-0.922448	-1.244552	-1.147971
Arcn1	-0.760978	1.084664	-1.227179	1.096607	-0.277741	-0.208508
Arf1	-1.033619	0.800225	0.391521	1.156164	-1.366387	-0.905331
Arf4	-0.859095	3.892959	0.084729	-1.294500	-1.365225	-0.027178
Arf5	-0.795831	4.083558	0.086636	-3.393995	1.903789	0.606736
Arf6	-1.383335	-2.927641	0.780810	5.769971	-2.079746	0.705121
Arfgap2	4.084337	1.221580	-5.055795	0.672080	0.064510	-1.147971
Arglu1	-0.470098	6.403156	1.113210	0.672080	2.904308	0.018841
Arhgap1	2.835959	4.855306	-2.251462	0.672080	0.064510	-1.578216
Arhgap17	0.984932	1.221580	0.630127	0.672080	0.810010	1.368205
Arhgap18	-0.437644	1.150909	0.431439	-0.787146	0.064510	-3.932417
Arhgdia	1.266257	2.513250	-0.325512	1.421850	-0.982694	-0.208720
Arhgdib	0.391727	1.191078	-0.277988	-1.359426	-1.140005	-1.286492
Arhgef1	0.796806	1.134820	-0.454841	-0.349869	0.754154	-1.245342
Arhgef2	-0.759043	2.282330	-0.589110	-1.971989	0.767681	-1.298697
Arid1a	-2.521710	-1.071367	1.113210	-4.179078	1.281220	-3.332242
Arih1	0.169275	1.221580	1.113210	0.672080	-1.470577	-1.147971
Arl6ip5	0.908258	0.321403	-1.076628	-2.218402	-2.403863	-1.988535
Arl8b	-0.180708	2.600231	1.435908	-0.614852	-2.445487	3.784490
Armc1	0.984932	1.182390	-2.375721	0.672080	0.064510	1.104804
Armc10	0.194649	1.785551	-1.462183	0.672080	0.064510	-1.147971
Armc6	-0.312216	1.521819	-0.416667	0.672080	0.064510	-0.354745
Armc8	-2.768497	1.221580	10.886159	10.172271	0.064510	-1.147971
Arpc1b	-0.813423	0.339676	-0.190592	-0.568485	-0.242790	-1.639942
Arpc2	-0.577927	1.705491	-0.261416	0.779744	0.071882	-0.331230
Arpc3	-0.411419	0.414439	-0.523829	-0.593616	-1.615419	-1.367790
Arpc4	0.412320	1.085485	-0.440588	2.562580	0.626841	-0.495297
Arpc5	-1.316684	0.442832	-0.540204	1.262541	-0.263175	-1.092133
Arpc5l	0.984932	3.449395	0.130021	5.625620	0.064510	1.536883
Arpp19	-0.518666	-0.295429	4.026625	-4.549323	-1.740390	-1.147971
Arsb	1.939952	2.742900	1.113210	0.672080	1.047977	-1.147971
Asap1	-0.701678	1.221580	1.113210	-4.711535	-0.291832	-1.147971
Asf1b	0.984932	0.296224	-1.208390	0.672080	0.064510	1.940273
Asna1	-0.661980	0.227196	0.479409	0.672080	-0.948984	-1.355713
Asns	0.561999	1.395262	-0.286896	1.286439	-0.538992	-0.754773
Asrgl1	0.810345	1.221580	1.113210	0.672080	-1.880668	-1.147971
Ass1	4.720255	2.022423	-1.886827	5.096940	0.064510	-0.239211
Atad1	0.033661	1.708794	-0.373200	0.222801	2.995767	-0.151300
Atad2	4.418576	-0.261382	-2.408445	-4.676089	3.049725	-1.341191
Atad3	-3.864279	1.189239	-1.035876	0.250252	-1.520810	-1.238281
Atic	0.100564	1.297070	-0.407330	1.150888	-0.430562	-1.401052
Atl3	0.163019	0.885483	-0.161597	4.222459	-1.313132	-1.014243
Atox1	0.984932	1.656152	-0.128847	4.117442	0.064510	3.013350
Atp13a1	-0.070879	5.186133	-3.360412	-3.373919	-1.303721	0.220131
Atp1a1	-0.583456	1.089415	-0.301460	-0.026607	0.152184	-0.354777
Atp1b3	-0.778200	1.024859	-2.300960	5.701477	-3.759450	-2.447306
Atp2a2	-0.312780	0.570285	-0.548288	-0.800278	-0.550903	-0.666498
Atp2a3	0.984932	-0.070350	-0.525470	2.961387	0.064510	-1.147971
Atp5a1	0.366972	0.395223	-0.309540	0.264336	-0.335616	-0.643302
Atp5b	0.262269	1.507867	-0.399166	1.039292	-0.739647	-0.951269
Atp5c1	-0.518705	0.745969	-0.277968	-1.257606	-0.831945	-0.427418
Atp5d	-0.789828	0.933569	-0.490889	-1.759126	-0.623913	-0.599023
Atp5e	-3.977390	1.001815	-1.032561	-1.686477	0.931302	-0.740841
Atp5f1	-0.872501	0.715877	-0.304221	0.063209	-1.437919	-0.679417
Atp5h	-0.840686	1.188988	-0.558991	0.136583	-0.413261	-0.222063
Atp5i	0.006023	-0.149643	-2.077372	-1.612487	0.152695	-0.443509
Atp5j	-1.132606	0.628479	-0.020722	0.813829	-0.717196	-0.487362
Atp5j2	-1.074225	0.597588	-0.357420	1.822645	-1.295474	-0.370354
Atp5l	0.584857	1.524172	-0.083031	-0.193296	-0.994404	-0.787542
Atp5o	-0.636820	1.495839	-0.440984	1.051070	-1.880933	-0.395719
Atp6v0c	0.984932	2.306389	-0.504581	0.672080	0.064510	-0.533849
Atp6v0d1	0.097563	1.221580	1.113210	0.672080	-1.650316	-1.147971
Atp6v1a	-1.533677	1.152910	0.157355	-0.235567	-1.310360	-0.374643
Atp6v1b2	-0.959962	1.409749	-0.456893	-0.890183	-2.942822	-1.590984
Atp6v1c1	-1.204257	0.739721	0.454498	0.672080	0.064510	-1.089614
Atp6v1e1	0.984932	-1.761170	-2.263959	3.131587	-2.319609	-3.609857
Atp6v1g1	-1.496104	1.705613	-0.212227	-1.455668	-0.800742	1.609057
Atp6v1h	-1.670015	1.783093	-0.382955	-0.451635	-0.904405	1.075105
Atpif1	0.520161	-0.103616	-0.580784	1.123514	-4.642217	-0.593765
Atrx	3.155005	4.876622	1.113210	-3.778453	3.644428	-1.298909
Atxn10	-0.368815	1.049338	0.067202	-1.339208	-0.858569	0.361001
Atxn2l	-0.243666	-0.217639	-0.537049	-2.055469	-1.670887	0.081406
Aurkb	-2.399134	6.707396	-0.854150	2.423693	-0.623352	-0.187782
B2m	-0.653525	0.161442	-0.521283	-0.233980	-1.431606	-0.807206
Bag2	-0.239596	0.522385	0.217365	0.368984	1.595858	-1.127518
Bag6	-3.646607	0.978102	-1.618734	1.307612	-0.496632	0.318251
Banf1	-0.225682	0.613417	0.211440	0.565619	-3.179546	-1.571548
Bap18	0.984932	0.559537	-0.457452	0.672080	0.064510	-0.956697
Bax	-0.475996	0.520415	-1.098107	-1.639902	0.258596	-1.283186
Baz1a	-0.718211	0.785722	-1.324923	-1.853237	-0.565711	-2.731092
Baz1b	-1.566832	0.421519	-0.542784	0.134237	-1.582127	-1.021505
Bcap29	0.984932	1.041809	0.025438	-0.133459	1.348500	-0.970619
Bcap31	-0.591568	2.212218	-0.381784	-1.667196	-0.052000	-0.490223
Bcas2	-3.223856	0.243325	-1.455206	-0.324477	1.911428	-0.255924
Bcat2	-0.621775	0.293924	-0.456585	0.254605	-1.852974	0.300323
Bccip	0.984932	1.968071	0.245199	0.672080	0.064510	2.063803
Bckdha	0.984932	1.046097	-0.250218	-0.559056	0.064510	-0.252675
Bcl2l13	-0.720862	1.265286	-0.940749	-3.911931	1.077927	-1.413330
Bcl7c	-1.016831	1.221580	10.477747	10.015322	0.088431	-1.147971
Bclaf1	-0.652860	1.318126	-0.207738	0.028088	0.269839	-0.360757
Bcs1l	0.984932	-0.603242	-0.262858	-4.511028	-0.393321	-1.825993
Begain	0.984932	-0.040524	0.813127	6.942831	0.064510	0.428331
Bin1	-0.994821	1.845323	-0.584423	-2.861986	1.883189	-1.784692
Bin2	-0.026938	1.618851	-0.771773	-4.320777	0.931314	-1.147971
Birc6	0.984932	2.057540	-1.078480	-2.475982	1.413864	0.249712
Blmh	0.984932	3.440690	-0.738872	6.147592	1.784681	2.267709
Blvra	-0.232982	1.221580	1.113210	-3.532269	0.064510	-1.147971
Bola2	0.475503	-0.231205	0.996069	3.294419	-2.091603	-0.951300
Bop1	-2.444043	1.990385	-1.825128	2.821341	0.064510	0.309496
Brd3	-2.599467	-4.326797	1.113210	-3.772357	2.031699	-1.147971
Brd4	-0.535666	1.699837	-0.281108	0.756301	0.106324	1.372080
Bri3bp	-0.607747	-1.305484	-1.409200	-2.475390	0.264136	-1.147971
Brix1	0.984932	5.695878	-0.555093	3.198945	0.064510	2.727489
Bsg	-0.540651	1.562877	-0.870150	-0.518127	-1.426692	-0.708366
Btf3	-1.428088	1.865978	-0.668982	-1.632426	-3.033356	-1.919807
Btk	-0.124572	1.461276	-1.186079	0.743012	-3.959583	-2.539254
Bub3	-0.031388	1.552741	-0.232191	-1.048543	0.053123	-0.469176
Bud31	-0.336687	0.889763	0.326557	-3.985010	0.376134	-0.458182
Bzw1	-0.705112	3.052647	-0.541249	0.015491	-0.787275	-0.592571
Bzw2	2.032963	3.001435	-0.986615	2.122818	-5.110355	-2.726488
C1qbp	0.984932	1.349432	-0.528774	6.164939	0.064510	-0.502572
Ca2	-0.149598	1.470765	0.214203	-2.956498	-0.477243	-0.663551
Cab39	0.984932	3.363825	-1.353839	0.672080	0.064510	-0.544947
Cacybp	-0.078452	2.209357	-0.526587	1.043042	-1.146944	-1.203598
Cad	-0.691333	1.340685	-0.330110	0.190097	-0.754939	-0.573711
Calm1	-0.087285	0.764546	0.148458	0.692656	-0.483385	-0.513180
Calr	-1.216280	0.400526	-0.318167	0.139695	-0.661140	-1.295594
Calu	-0.140140	-0.046980	0.284016	-3.394656	-1.429776	-0.895094
Camk2d	-1.095962	1.736452	-0.673900	-0.564201	0.902227	-1.029221
Cand1	0.374495	3.340838	-0.557462	8.007277	-2.190299	0.916859
Canx	-0.172731	1.294064	-0.247286	-0.482066	-0.560275	-0.870172
Cap1	-0.936788	1.259440	-0.722644	-0.937240	-1.093463	-1.374048
Capn1	-0.178835	1.221580	1.113210	0.672080	-1.575088	-1.147971
Caprin1	-0.931356	1.325851	-0.152720	-0.922714	-1.691279	-2.358717
Capza1	-0.194146	1.359923	-0.746934	-1.222660	-0.847374	-1.240614
Capza2	-0.083802	3.008522	-1.394524	3.259076	-0.721608	0.869537
Capzb	-0.636274	1.030928	-0.718240	-1.029911	0.727697	-1.043396
Carkd	0.984932	0.174777	1.113210	-1.735926	0.064510	-1.147971
Carm1	0.984932	4.553286	-1.663004	0.672080	0.064510	-1.147971
Cars	1.932547	1.667139	0.524056	3.489283	-0.718610	2.033076
Casp3	-0.342889	1.366120	0.019345	-3.459833	-0.341465	1.975823
Casp7	0.839635	1.221580	9.458403	10.250911	0.064510	-1.147971
Cast	-2.057731	2.621659	-1.692469	-1.069921	0.372426	-1.147971
Cat	-1.764125	0.668266	-0.251746	-1.625752	-2.096605	-0.690691
Cbfb	-0.236800	1.068416	1.113210	4.035701	0.468876	-1.885448
Cbl	-3.235434	3.272434	-0.339589	-3.588947	0.064510	-1.147971
Cbx1	-0.744162	1.646487	0.881614	-6.740956	-0.430170	-3.001687
Cbx2	0.803235	3.517386	1.113210	-2.421804	1.116674	-1.147971
Cbx3	-1.009367	1.549666	-0.326658	1.941954	-0.910363	-0.806550
Cbx5	-0.991682	0.814003	-0.333907	-0.447531	0.422666	-1.201588
Ccar1	1.034923	0.850012	-1.279092	-6.462093	1.172535	-0.036118
Ccdc12	0.984932	5.687136	-0.969084	0.672080	0.064510	-1.147971
Ccdc124	0.615633	3.417409	-0.709371	2.856491	0.064510	1.244726
Ccdc47	0.984932	0.747233	0.815526	-1.526969	1.992797	-2.107436
Ccdc58	-1.193557	-3.870451	1.113210	0.672080	-3.533666	-1.147971
Ccdc88b	0.984932	1.466922	-0.222681	-4.133417	0.064510	-2.506890
Ccnb1	-0.013831	1.221580	1.113210	-2.727624	-2.985718	-1.147971
Ccnd3	-0.755897	1.221580	1.113210	0.672080	-1.567517	-1.147971
Ccnk	-0.303740	0.888444	1.113210	0.997634	-1.326514	-1.147971
Cct2	-0.199238	1.299041	-0.337123	0.828651	-0.811782	-1.499535
Cct3	0.072687	1.050748	-0.374642	1.257871	-1.351281	-1.406685
Cct4	0.323567	1.195441	-0.475773	0.554504	-0.385476	-1.316588
Cct5	-1.125215	1.726560	-0.391262	0.277488	-0.977100	-1.390383
Cct6a	-0.569849	1.585149	-0.483453	0.969951	-3.023555	-1.184789
Cct7	-0.165678	1.287300	-0.676051	0.522833	-1.099276	-1.241576
Cct8	0.365023	1.187367	-0.667929	0.059622	-0.800759	-1.250877
Cd2bp2	-1.215540	3.636251	-0.603321	0.672080	-2.316082	-0.538734
Cd37	-0.219769	-0.040998	-0.592627	0.672080	-3.095197	-2.996607
Cd3eap	0.863620	-0.787488	1.113210	-3.036448	2.187007	-1.147971
Cd44	0.984932	1.380187	-0.581363	3.547323	0.064510	-3.624000
Cd47	-1.073252	-0.279761	0.230186	5.028824	0.064510	-0.312966
Cd48	-0.711013	3.957022	1.113210	-2.275850	-2.054146	-1.147971
Cd69	3.889332	0.579162	1.113210	0.379277	-0.711957	-1.147971
Cd72	-0.158832	0.453912	-2.070114	2.389920	-1.473616	-1.147971
Cd79a	0.921025	1.706542	-0.291010	3.114925	-0.030853	-1.188539
Cd79b	-3.735797	-0.357919	0.069238	-1.449134	0.476629	-0.759346
Cd81	0.984932	0.549311	-0.318763	5.613730	0.064510	-0.911771
Cd93	-0.305055	3.515696	-0.827493	1.379435	-1.262368	0.570762
Cd97	0.561589	2.097626	0.265801	-0.114278	2.858077	2.332080
Cdan1	-0.077180	1.221580	-1.253202	0.672080	4.100650	-1.147971
Cdc16	0.397339	1.221580	1.113210	0.672080	-1.670092	-1.147971
Cdc37	0.638188	1.465683	-0.230213	1.017749	-0.704443	-0.358241
Cdc42	-0.814030	0.260400	-0.131989	-2.518284	-1.266621	-1.225380
Cdc42bpb	0.984932	-0.092587	-0.570091	1.835379	0.532624	-3.177985
Cdc5l	-0.113048	1.247073	-0.350557	1.667765	0.304928	-0.850398
Cdc73	3.173735	0.213451	0.696803	0.672080	0.064510	-1.731788
Cdca7	-1.824515	4.468890	-1.783320	0.672080	0.064510	-3.498507
Cdipt	-0.463525	1.904406	-0.457252	-2.368360	-5.900191	0.317545
Cdk1	-0.683660	1.077699	0.079241	0.476995	-0.550763	-1.163394
Cdk10	0.984932	1.221580	1.113210	-3.405456	0.928668	-1.147971
Cdk2	0.327089	1.682758	-0.182862	-0.912813	-0.633222	-0.675514
Cdk4	-2.696155	6.642948	-0.600061	4.422351	-2.243948	2.547877
Cdk5rap2	-1.014047	1.767052	-0.385834	-3.690914	-2.801901	1.643500
Cdk6	-0.885954	1.010175	-0.515505	1.033321	-1.096989	-2.319423
Cdk9	0.969945	0.076304	-0.245400	-5.119305	-2.918049	-1.420103
Cdkn2aip	-2.539962	2.974355	1.113210	-3.455839	2.214907	-1.378805
Cdkn2aipnl	-0.252215	1.221580	1.113210	0.672080	0.064510	-1.147971
Cds2	16.817109	9.566386	1.113210	0.672080	4.096302	-1.147971
Cdv3	1.146438	-0.892075	-0.521332	0.275649	-6.569161	-2.374720
Cebpz	-2.500325	1.071324	1.113210	-2.527125	1.305989	-1.147971
Celf2	-0.871447	1.456653	0.012145	1.889539	-1.132412	-0.878537
Cenpv	0.839250	1.360569	-0.679322	3.905472	1.126377	0.552054
Cep55	0.984932	-3.784048	-1.335640	5.944495	-0.190204	-1.841336
Cers2	0.984932	0.438603	-1.550810	0.672080	0.064510	-1.147971
Cetn2	0.984932	-0.025456	0.302161	0.672080	-2.349522	-1.402747
Cfdp1	3.387349	1.221580	1.113210	-5.521294	-2.507324	-1.860794
Cfl1	0.198090	0.375945	-0.646397	-0.216947	-0.392168	-0.842160
Cggbp1	0.742474	-2.627506	1.113210	-8.064109	0.064510	0.532930
Chaf1a	0.984932	1.221580	0.907122	-1.913203	0.064510	-1.147971
Chaf1b	-0.006612	1.162076	-0.424821	-2.981924	-1.101814	0.565057
Chchd2	-0.939363	0.200022	-0.003776	1.527930	0.248247	-1.958636
Chchd3	-0.966645	0.500000	-0.927323	-1.350122	-1.624063	-0.714430
Chchd4	0.984932	-2.950678	10.645972	9.837196	-3.010425	-1.147971
Chchd6	-1.177136	-0.160146	1.113210	-4.233399	1.671944	-1.147971
Chd4	-1.402185	0.274558	-0.478331	-1.092825	-0.027253	-0.156434
Chek1	-0.081647	0.249104	1.113210	-3.528751	3.204423	-1.147971
Chmp4b	-0.174698	0.292357	-0.446194	-1.756423	0.192561	-0.694236
Chordc1	-1.464589	0.645465	-1.224492	-1.078157	-1.194637	0.135545
Chtop	-1.197528	1.438394	-0.652370	-1.084602	-0.014040	-1.121385
Ciapin1	-0.418976	3.206971	-2.897732	-3.995374	1.500217	-1.147971
Cirbp	0.984932	0.773478	-0.928320	0.672080	0.064510	-0.467007
Cirh1a	-0.478155	-1.228508	0.491821	-1.658683	-1.255358	-1.952312
Cisd1	-0.775223	-0.567571	-0.578143	3.797377	-1.525139	-0.093019
Cisd2	-0.144580	3.861431	1.981333	2.630474	0.064510	2.482315
Cit	1.860493	1.221580	1.113210	-1.393436	1.996611	-1.147971
Ckap4	0.984932	5.483652	-0.395333	-6.340384	0.064510	-1.147971
Ckap5	-1.429835	-0.954207	-0.856018	-1.102498	0.108172	0.043770
Clcc1	2.025877	1.221580	1.113210	0.672080	0.722256	-1.147971
Clic1	-0.982108	0.760254	-0.060392	0.566406	-1.013141	-0.826219
Clic4	-1.220863	0.711374	-0.483541	-1.366891	-0.848026	-0.483516
Clint1	-0.308450	1.221580	1.113210	-2.610550	-3.199522	-1.147971
Clns1a	-1.709720	0.448550	0.270421	1.125401	-2.308281	-1.906108
Clpp	0.984932	1.532197	-1.107327	0.672080	0.064510	-1.962088
Clptm1	-1.511983	6.302829	0.652750	-2.357877	-0.657566	-1.147971
Clpx	2.191157	1.443156	-0.959889	0.672080	0.461863	-0.689798
Clta	-1.538948	6.604803	-5.879970	-3.993314	0.241498	-1.147971
Cltc	-1.544388	0.642776	-0.455367	-0.143760	-0.718383	-1.214268
Cmc1	-0.897690	4.088257	4.122687	-0.794184	-1.031522	-1.147971
Cmpk1	-2.922312	0.515311	-0.757300	-0.601734	0.827943	-0.264597
Cmss1	-1.376662	5.161182	1.113210	-0.429384	-3.540482	-1.147971
Cmtm7	-0.645364	-0.740201	-1.024507	0.581162	0.815839	-0.590426
Cnbp	-1.337063	-1.156455	1.113210	-0.331419	-2.421639	-1.147971
Cndp2	0.109154	2.066972	-0.384340	-2.811010	-2.755378	-0.005408
Cnih4	0.984932	2.342433	-0.156053	1.815210	0.064510	-1.340160
Cnn3	-1.610106	0.372264	-0.304131	-1.788309	-3.007298	-1.754293
Cnot1	-0.864559	1.435028	-0.519559	1.204351	-4.006036	-1.989793
Cnot10	0.984932	-0.159346	3.385665	-3.363473	-3.111556	-1.147971
Cnot11	4.266916	-0.020031	1.113210	-2.788657	1.193358	-1.147971
Cnot2	-0.437194	1.221580	1.113210	0.672080	-1.254434	-1.147971
Cnp	-1.712278	1.221580	1.113210	-4.483112	3.806246	-1.147971
Cnpy2	-0.363380	-0.580415	-0.689420	-1.050227	1.054418	-1.934615
Coa3	-1.765183	7.080657	-5.951763	-4.188435	0.590579	-1.147971
Commd3	0.984932	3.102047	0.433943	0.672080	0.064510	0.497859
Commd9	0.984932	1.839234	-3.275736	0.672080	0.064510	-0.242606
Comtd1	3.858693	-2.205475	1.113210	-2.685710	-0.328052	-1.147971
Copa	-2.291887	1.203990	-0.482796	0.453491	0.948049	-0.203120
Copb1	-0.047734	1.136376	-0.645873	2.336692	-2.759262	0.312159
Copb2	1.213066	0.559732	-0.502882	-0.885316	-0.732028	-0.323385
Cope	0.666651	0.116741	-0.264385	-2.525601	-1.907136	-0.566589
Copg1	-1.188638	1.040089	-0.599287	-0.091765	-2.075050	-0.492147
Cops2	0.984932	3.301287	-1.065992	2.763630	0.064510	2.461753
Cops3	1.191016	0.925804	-0.961266	-1.406807	0.194737	-2.455524
Cops4	0.972301	-0.154004	-0.361058	-0.066465	-3.059604	-0.457812
Cops5	-0.966124	1.554907	1.113210	0.672080	0.178457	-0.399517
Cops6	0.984932	3.383987	-0.526592	-1.772503	-2.177659	-1.147971
Cops7b	5.528217	-3.674741	0.467958	6.099484	6.773138	-5.198166
Cops8	0.984932	3.375106	-3.635304	3.711254	0.064510	-1.147971
Copz1	5.805122	1.177722	-0.547173	-2.058680	0.064510	-1.386048
Coq9	-2.676337	2.512584	-0.834212	-1.786686	-1.338946	-0.237158
Coro1a	-0.553375	0.715584	-0.269656	-0.973374	0.547339	-0.375149
Coro1b	-0.465500	-0.258244	0.069318	-0.307531	-1.732086	-1.406232
Coro1c	1.475422	2.095862	-0.790064	-2.563909	2.139420	0.196946
Coro7	-0.999871	1.273458	0.043981	-3.400146	0.047928	-0.458867
Cotl1	0.823400	-0.037687	0.438763	-2.494021	0.628502	-1.494867
Cox15	0.984932	1.798493	-2.297472	0.672080	0.064510	-0.859877
Cox17	-1.245671	4.437199	1.113210	-1.297953	-0.914152	-1.147971
Cox20	0.784010	1.422105	1.113210	-5.466308	1.287241	-1.147971
Cox4i1	-0.606177	0.379117	-0.291274	0.587075	-0.906111	-0.770233
Cox5a	-0.265917	1.001028	-0.502760	0.628539	-1.387965	-0.514737
Cox5b	-0.708806	0.594064	1.749893	-1.417312	-0.636899	-1.399273
Cox6a1	0.984932	0.428370	-0.090896	6.402569	0.064510	-0.420178
Cox6b1	-0.685585	-2.635460	-0.695744	-1.981120	-1.573512	-0.701650
Cox6c	0.206324	1.426071	-0.541289	-0.286886	-0.355084	-0.396437
Cox7a2	-1.426306	0.745482	0.471003	-0.824551	-0.233137	-0.369540
Cox7c	-2.121432	1.221580	1.113210	-2.732555	1.529834	-1.147971
Cpne1	-0.211022	1.537411	-1.568718	5.077968	-2.024357	-0.755225
Cpne3	0.984932	0.693298	-0.877345	-1.484919	0.025562	1.139678
Cpsf1	-1.146972	0.213900	-0.320246	0.672080	0.064510	-2.110381
Cpsf2	0.984932	1.221580	-2.957040	-3.114609	0.064510	-1.117122
Cpsf3	0.984932	0.713408	-3.156312	-2.492598	2.490141	1.410083
Cpsf6	-0.128541	-0.164193	0.871252	-2.383425	2.588530	-1.555537
Cpsf7	0.984932	4.057562	1.113210	0.672080	0.607091	-4.402286
Cpt1a	-0.989841	0.688609	-2.294513	-2.023245	-1.596484	2.064143
Cr1l	-3.085052	1.848852	0.466182	0.604153	-1.889362	1.717742
Creld2	-2.366531	1.221580	1.113210	-2.347499	0.694029	-1.147971
Crip1	-3.645374	6.818640	0.387904	3.623453	2.192585	-0.214628
Crk	0.984932	2.471964	0.040173	0.672080	0.064510	-0.905960
Crlf3	1.083059	5.151486	-5.931002	-4.088466	0.863216	-1.147971
Crnkl1	-1.991982	-3.432218	1.113210	-1.926048	-0.616291	-1.147971
Cs	-0.500472	0.994733	-0.327521	-0.203021	-0.714294	-0.816224
Csde1	-1.261518	1.055580	0.120782	-3.193959	-0.918725	0.342848
Cse1l	-1.680255	-1.960682	0.932194	2.082930	-2.279145	0.095958
Csk	-0.022219	0.830883	-0.507446	0.897303	-1.888745	-0.786173
Csnk1a1	0.294420	0.297466	1.113210	-4.108070	-0.375408	-1.147971
Csnk2a1	-2.258012	1.897533	-0.477600	6.894379	0.064510	-0.829352
Csnk2b	-3.500027	2.100220	0.038588	4.881861	-3.859625	3.478818
Csrp1	-0.781616	1.812881	-1.242545	1.287821	-1.363111	-1.181956
Cstf2	-0.756549	0.748156	0.071330	-2.322358	-0.763445	-1.538894
Cstf3	-0.273839	1.535074	1.173310	-1.043662	0.947656	-1.242206
Ctcf	5.024400	4.837944	-0.648262	0.548119	-1.808573	-5.529851
Ctdspl2	-1.079303	1.001715	1.113210	0.672080	-0.665657	-1.147971
Cth	0.984932	1.606646	0.449780	3.281481	-5.126771	-0.211157
Ctnnbl1	-0.213614	0.099713	-0.932559	-1.924724	-4.400073	0.367428
Ctps1	-2.981044	0.022381	-2.338067	-4.100640	-3.312859	-2.196289
Ctr9	3.711386	1.596774	-1.536257	0.672080	0.471266	-1.147971
Ctsb	0.984932	3.609658	1.113210	-2.795294	0.064510	-1.147971
Ctsc	-0.513836	5.107542	3.608670	-2.749621	-1.467357	-4.537669
Ctsd	0.879560	1.038360	2.807753	-4.061476	-0.307420	-1.147971
Ctu2	0.984932	-0.255559	-1.033363	-2.374473	0.064510	-0.343515
Cul1	0.984932	2.090900	-1.290084	0.672080	0.064510	-1.147971
Cul3	-4.518990	1.221580	1.113210	-4.470399	1.714029	-1.147971
Cul5	0.984932	-0.660946	2.177531	-3.713663	-3.319302	0.489042
Cux1	-5.179099	4.302301	1.113210	-1.605898	0.363309	-1.110328
Cwc15	0.347103	2.669630	0.419930	-0.529949	1.106686	1.957692
Cwc22	0.008189	5.492922	1.113210	0.672080	-1.767184	-1.147971
Cwf19l2	0.984932	1.221580	1.113210	-1.610874	-2.531021	-1.147971
Cyb5a	-2.165560	-1.068683	-0.159172	2.152187	-1.664900	-1.152845
Cyb5b	-1.263434	0.488172	-0.578534	0.356526	-1.174956	-1.294903
Cyb5r3	0.639356	1.431446	0.714398	1.410057	1.473994	1.049910
Cyc1	-1.293995	1.167882	-0.542755	7.259172	0.064510	-0.191552
Cycs	-1.549321	1.717988	-0.401996	0.069640	-1.183188	-0.692378
Cyfip2	-0.518742	0.183812	-0.332910	-0.269444	0.359968	-1.041141
Cyp20a1	-1.303393	1.221580	1.113210	0.672080	-1.408173	-1.112470
Cyp51a1	0.680691	0.401970	0.752278	-2.044832	0.869346	1.318555
D10Jhu81e	-0.201713	1.721648	-2.616034	0.850344	1.241921	-2.251037
D10Wsu52e	-0.842075	0.905727	-0.785212	-0.350292	-0.553606	0.034464
D2Wsu81e	1.715275	1.221580	1.113210	0.672080	0.790182	-1.147971
Dad1	-0.887023	1.717793	0.685800	-1.286700	-0.973426	3.589241
Dap3	2.476315	3.134608	0.024399	3.366712	0.064510	-0.335950
Dars	-0.954047	1.865817	-0.695355	0.017376	-2.564673	0.362980
Dazap1	-0.125325	-0.790544	-0.025450	-1.126335	0.202806	-0.353139
Dbi	0.562548	0.609207	0.220113	6.913301	3.485384	-3.200853
Dbnl	-0.385222	1.083932	-0.645626	-1.829431	0.286614	-0.361821
Dbt	0.984932	2.850823	-1.013785	0.672080	-3.395378	1.213835
Dcakd	0.984932	3.062550	1.113210	0.672080	0.064510	-1.040746
Dcps	0.419822	0.946594	-0.654046	-0.605144	-0.045323	-1.605911
Dctn1	0.710211	-3.128585	1.113210	-3.027290	-3.183448	-1.147971
Dctn2	0.984932	4.962595	-0.792694	1.829469	0.064510	-1.284900
Dctpp1	0.984932	1.221580	10.507751	10.147018	-1.483612	-1.147971
Dcun1d1	0.984932	4.182296	-0.210615	2.068024	0.064510	-0.039078
Dcun1d5	3.282451	1.221580	1.113210	-3.291964	-1.042153	-1.147971
Dda1	0.984932	2.980901	-2.572751	-2.821362	0.064510	-1.147971
Ddb1	-2.432972	0.124799	-0.850398	4.167179	-3.583848	-1.218944
Ddi2	2.420714	1.221580	1.113210	-3.369947	-1.583923	-1.147971
Ddost	0.448932	0.574272	-0.457222	0.266470	-0.694991	-0.395364
Ddt	0.310387	5.111238	-3.108434	0.672080	-3.778691	-1.147971
Ddx1	-1.403957	1.672851	-0.524909	-0.425089	-3.593094	-0.490321
Ddx10	0.984932	2.520793	1.113210	0.672080	-1.223198	-1.147971
Ddx17	0.260087	0.844069	-0.404477	-0.341375	-1.591832	-1.150994
Ddx18	-0.396569	-0.310973	0.281636	-1.763953	-2.715737	-1.806205
Ddx19a	-0.276688	0.916690	-0.255609	-1.448184	-0.882198	0.322630
Ddx20	-1.181867	0.830655	-0.387982	-1.889750	-3.498519	-2.012894
Ddx21	-0.445087	1.007446	-0.284241	-0.296288	-1.175279	-0.969091
Ddx24	-2.081933	0.434490	1.113210	-1.628957	-1.468748	-1.147971
Ddx27	-1.604874	1.264171	-0.880956	-1.058700	-2.911536	-2.692221
Ddx39a	-0.157800	3.311153	-0.264538	1.892082	-4.306066	0.115799
Ddx39b	-1.044039	1.052861	-0.393548	0.387041	-2.153167	-0.819437
Ddx3x	-0.232689	1.013974	-0.397240	0.038760	-0.559424	-1.072769
Ddx3y	0.984932	-0.516739	1.430176	1.972978	3.046250	-1.147971
Ddx4	-0.458496	1.221580	1.113210	-3.805601	-0.303825	-1.147971
Ddx42	0.006219	4.110708	0.631824	-2.324972	-0.797059	4.540249
Ddx46	-0.521649	1.763218	0.309431	-0.240742	-0.995049	0.103706
Ddx47	-1.159144	0.520401	-0.942756	3.843980	-1.827176	-1.185301
Ddx49	-0.452313	3.520521	1.113210	-2.353509	-1.842526	-3.005271
Ddx5	-0.296087	1.314130	-0.321625	1.442661	-0.734835	-1.097595
Ddx51	-0.599768	1.221580	1.113210	-4.748109	-1.636165	-1.147971
Ddx54	0.787966	0.004424	-1.870052	-2.923460	-0.727689	-1.505850
Ddx56	-0.806913	0.208129	-2.645014	-2.405773	0.252854	0.862999
Ddx6	-1.119676	1.084142	-0.022577	-0.619245	-1.842922	-0.484561
Decr1	-0.377380	0.294688	-0.653041	4.896180	-1.624337	-0.033102
Dek	-0.721648	1.257694	-0.018180	2.343288	-0.826491	-0.636842
Denr	4.162739	3.896866	1.113210	-1.878179	0.064510	-1.147971
Det1	-0.077404	1.221580	1.113210	0.672080	-1.253386	-1.147971
Dhcr7	-1.309166	-1.235581	-1.318122	-2.962814	-2.038077	3.374654
Dhfr	-0.754707	0.811821	-0.375625	-0.354113	-2.138792	-0.532078
Dhrs1	-0.731208	0.370777	-0.713684	-6.120988	0.884599	-1.147971
Dhrs4	-0.951777	-0.089729	-2.321853	-2.828288	-2.540104	-1.876807
Dhx15	-0.609173	0.583571	-0.349789	-0.129231	-2.384123	-0.846388
Dhx29	1.048455	0.197471	-0.839805	-5.020344	2.007216	-2.009960
Dhx9	-0.472449	0.867076	-0.337084	0.214909	-0.876326	-0.418772
Diexf	3.314264	1.221580	1.113210	-1.658672	0.064510	-1.147971
Dip2b	-0.165956	1.221580	1.113210	-2.615736	-2.339610	-1.147971
Dkc1	-0.631939	0.598209	-0.464586	-0.780750	-1.562606	-1.176391
Dlat	-0.944250	0.693082	-0.321156	0.621496	-3.331192	-0.847804
Dld	0.628836	1.993343	-0.819648	1.138340	1.670965	-0.471984
Dlst	-2.150807	0.508740	-0.865388	0.195477	-0.134104	-0.328725
Dmd	0.984932	1.863268	-1.395570	0.672080	0.064510	1.199199
Dmxl1	0.984932	1.221580	-6.257162	0.672080	0.891649	-1.147971
Dnahc8	0.787012	-2.588174	1.113210	6.456752	3.833363	4.495666
Dnaja1	1.721376	1.976510	-0.538403	3.952707	2.904966	-1.259357
Dnaja2	-0.693710	1.012844	-0.838517	-5.095946	-1.009575	-0.072054
Dnaja3	-1.443520	0.667700	-0.368345	3.873672	0.064510	-1.802070
Dnajb1	4.908845	3.332378	-2.898010	1.948918	0.064510	1.774258
Dnajb11	0.060779	1.456628	-1.758047	4.884436	1.049784	-0.918807
Dnajb6	0.271920	5.524373	1.113210	-4.169474	0.143741	-1.147971
Dnajc11	0.984932	-0.155627	-1.458844	0.672080	0.064510	-0.707242
Dnajc17	0.984932	-1.122582	-1.310832	0.672080	0.064510	-0.692809
Dnajc2	-1.090578	1.827743	-0.287488	-4.204160	-0.681242	-0.670622
Dnajc5	1.417203	1.221580	1.113210	-3.219100	-0.223126	-1.147971
Dnajc7	-0.287400	1.713083	0.872087	-1.436186	0.964431	-0.355461
Dnajc8	0.193394	4.293156	-0.108613	-3.619810	-2.676584	-2.113590
Dnajc9	-0.476244	0.710843	0.487545	0.472088	-0.100047	-0.543739
Dnm1l	0.276433	-0.097026	-0.494502	-1.211992	-0.874251	-2.253193
Dnm2	2.309309	0.088602	-1.713828	0.971336	0.064510	-0.240222
Dnmt1	-0.691837	0.994422	-0.305587	-0.672200	-0.979992	-0.773790
Dnmt3a	3.373964	0.568501	-1.054415	-4.216655	-0.527195	-1.439250
Dnpep	0.984932	1.221580	1.113210	-3.426908	1.387818	-0.827248
Dnttip2	-1.081820	1.229222	-0.920040	3.520012	-2.418339	-1.709450
Dock10	-1.525738	1.042321	-1.503940	-3.123338	-1.978864	-1.548497
Dock11	0.894430	0.940852	4.648055	-3.257042	-1.272639	-0.831665
Dock2	-1.104058	0.675272	0.278074	0.130278	2.170025	1.183819
Dock8	-0.312232	-1.365196	-0.246396	-0.270087	1.980735	1.036758
Dock9	-3.997144	1.221580	1.113210	2.527271	-2.564927	-1.147971
Dok2	2.391140	1.221580	1.113210	-3.327585	-1.712453	-1.147971
Dpcd	0.984932	1.221580	-3.406386	0.672080	0.064510	-3.376358
Dpf2	0.984932	-0.388238	0.342178	0.750630	-1.557154	-1.434762
Dph1	-0.188226	1.221580	1.113210	-0.849509	1.155182	-1.147971
Dph5	0.984932	-1.332327	-0.545861	0.672080	0.064510	-1.147971
Dpm1	0.984932	4.991029	1.113210	4.762668	0.064510	0.326918
Dpm3	-0.386109	3.826541	1.113210	-4.098204	-3.533741	-1.147971
Dpp3	-1.131969	-0.628926	-0.551091	3.141398	0.064510	-1.147971
Dpp4	-0.722683	-0.081946	0.128804	-0.575081	-1.561013	-0.583562
Dpp9	0.984932	1.221580	1.867958	0.672080	0.064510	0.502297
Dpy30	0.170513	-1.887763	-0.635766	-3.078962	-0.622299	-2.088098
Dpysl2	0.027260	-0.078747	-0.232119	1.131783	0.732573	0.337346
Dr1	0.984932	1.278039	0.104562	2.833612	0.064510	1.993096
Drap1	0.984932	0.944116	-0.047964	0.672080	-3.007731	-0.613490
Drg1	-1.178552	1.060460	-0.652593	-2.398931	0.315830	-1.644068
Drg2	2.877774	1.622833	0.563035	0.672080	0.064510	-0.326040
Dstn	0.075402	0.867863	-0.044025	-1.096988	0.167881	0.109879
Dtd1	3.914215	1.221580	1.113210	-3.254061	3.301268	-1.147971
Dtl	0.984932	1.221580	2.169908	-3.280930	0.064510	-1.147971
Dus3l	0.984932	1.235232	-0.642100	0.672080	0.064510	-0.971596
Dync1h1	-0.338701	2.298345	-0.996060	1.081669	-1.386197	-0.060542
Dync1i2	4.390134	-2.900017	1.113210	-2.758171	-0.531819	-1.565479
Dync1li1	3.778219	-0.040216	-0.562198	-3.381187	2.134550	0.449956
Dync1li2	0.065452	2.002900	1.113210	-2.060548	2.154497	-1.147971
Dynll1	1.084815	2.292266	-0.368566	-1.174329	3.019038	5.216378
Dynll2	15.817406	10.012013	1.113210	0.672080	1.763954	-1.147971
Dynlrb1	-0.046968	2.242399	-0.575107	3.080515	-4.252572	2.281822
Dynlt1	0.984932	0.858245	-0.686172	-1.715724	0.064510	-0.654091
Ebf1	-1.510386	1.095195	-1.536432	-1.022512	-1.953673	0.457402
Ebna1bp2	-1.284561	1.100108	-0.382863	-0.655688	-3.838274	-1.008445
Ebp	-1.046306	1.657762	-0.233939	-1.253646	-4.432285	-0.046804
Ech1	-1.024863	1.065534	-0.869143	4.825116	-2.731000	-0.899278
Echs1	-0.671292	1.412622	-0.198749	-1.026928	-2.050410	0.067849
Ecm29	0.928796	0.966056	-0.937388	1.111335	0.396917	-0.329144
Edc4	-0.157746	1.735116	-1.714058	-1.449618	-0.430546	1.097768
Edf1	0.984932	-0.919822	0.868030	4.994108	-0.190155	-0.790553
Eed	2.014702	1.629567	3.783046	-4.254087	-0.302781	-1.147971
Eef1a1	-0.163913	0.428043	0.040525	-0.045680	-0.634229	-1.263967
Eef1b	0.010929	2.769675	-0.149019	2.012735	-1.601465	-2.203215
Eef1d	0.084031	0.780081	-0.373536	-0.156732	-0.081160	-1.689696
Eef1e1	5.484992	2.762224	0.696995	-4.035408	0.362908	-3.923684
Eef1g	-0.316512	1.285753	-0.271003	1.999905	-0.956390	-1.623374
Eef2	-0.134465	0.792462	-0.201153	-0.342027	-0.940018	-1.549615
Eef2k	0.984932	-6.807597	-2.314140	0.672080	0.064510	0.865575
Eefsec	-3.961263	1.221580	1.113210	-2.402461	0.507824	-1.147971
Efhd2	0.724026	1.221580	1.113210	-3.845398	-0.835212	-1.147971
Eftud2	-0.070946	1.337632	-0.502495	2.700417	0.085685	-0.437493
Ehbp1l1	2.660943	1.221580	1.113210	0.672080	0.064510	0.154148
Ehd2	-1.897392	0.272110	0.141765	0.672080	0.064510	-1.469667
Ehd4	-2.426154	5.059782	-0.614032	3.282341	0.064510	-2.781762
Ehmt1	0.573354	3.695956	1.113210	-4.172542	2.969866	-1.147971
Eif1	0.200766	2.820249	-1.817643	3.492043	-2.166200	-2.198052
Eif1ax	-1.546496	0.810713	-0.008870	-2.259169	-1.235694	-1.175839
Eif1b	0.984932	1.757250	-0.130567	0.672080	0.064510	-0.684636
Eif2a	-0.556455	1.730554	-0.573792	-1.953257	0.404990	-0.478542
Eif2b1	-1.509799	-0.183293	0.230336	0.737441	-2.791714	-1.584867
Eif2b2	0.984932	1.221580	-2.332393	0.672080	0.064510	-1.147971
Eif2b4	-2.215733	3.548410	-1.390706	-1.904064	-1.963812	-3.061693
Eif2s1	-0.434579	1.042946	-0.326298	-1.512141	-0.627592	-2.070184
Eif2s2	-1.085438	1.210319	0.445871	-0.558005	-0.189078	-1.758033
Eif2s3x	-0.847226	1.372518	-0.117792	0.661115	-0.657001	-0.869395
Eif3a	0.323806	3.142274	-0.293071	2.042468	-0.588180	-1.547974
Eif3b	-0.865898	1.299100	-0.246616	-0.741843	-0.621527	-0.809092
Eif3c	0.272482	1.596799	-0.397643	0.295474	-0.925504	-0.514660
Eif3d	0.394484	0.212684	-0.570599	1.638659	-2.648955	-0.603880
Eif3e	-1.688193	1.403390	-0.110840	-1.433630	-2.844267	-2.156345
Eif3f	0.894492	0.040399	0.078951	3.221611	-0.086645	-2.054038
Eif3g	0.255563	-0.126686	1.466692	-1.776411	-0.010034	-1.403238
Eif3h	-0.900458	1.730316	-0.242495	-2.477592	-0.575082	-0.991787
Eif3i	-0.846852	2.582262	-0.980495	-0.600770	-0.326533	-0.493743
Eif3j1	-0.330519	1.441996	0.064139	-2.695954	-3.300192	-4.563436
Eif3k	0.386814	1.900178	0.415682	-0.500264	-4.593985	-0.791578
Eif3l	-0.776959	1.708032	-0.126540	0.164065	-0.121510	-1.064476
Eif3m	0.140177	0.238668	-1.140380	2.049516	-5.658501	0.312051
Eif4a1	-0.857828	0.680326	-0.139251	1.076691	-1.052157	-1.196808
Eif4a3	-0.106552	1.129594	-0.163845	0.227868	0.408280	-0.934650
Eif4b	0.148105	2.312933	-0.665279	-0.302593	0.896893	0.021858
Eif4e	-2.289090	-1.488045	-0.579912	5.370690	-0.518008	-2.098644
Eif4ebp2	1.237701	1.495366	-0.345741	2.127060	2.998505	-3.029128
Eif4g1	-2.181219	0.800165	-0.455014	-1.009288	-0.816581	-1.589961
Eif4g2	0.131466	-0.327430	-0.451895	-0.586134	-0.526805	0.584398
Eif4h	0.179537	1.776317	-0.655008	-1.002766	-1.907213	-2.592188
Eif5	0.272424	0.642125	-0.304421	4.040585	-0.574059	-1.588849
Eif5a	-0.578839	1.120073	-0.668192	0.190500	-0.633057	-1.031435
Eif5b	-1.002766	0.669596	-0.975896	-3.125361	-0.054236	-1.681157
Eif6	-1.929295	-0.022219	-0.803770	-0.245431	-1.938854	-0.898087
Elac2	3.067482	-7.419153	-0.172576	-1.563533	-4.476101	-1.147971
Elavl1	-0.775260	1.109482	-0.336826	0.208534	-1.768155	-0.627018
Elf1	0.984932	1.221580	4.241282	0.672080	1.118125	-1.973379
Elmo1	0.782018	0.018292	-0.232128	1.652152	4.961456	-0.418246
Elovl1	-0.055293	0.753849	-1.462535	5.041802	-2.865957	-2.733413
Elovl5	0.984932	1.024915	-0.333675	3.290143	0.064510	-0.703517
Elp2	4.949746	4.339923	1.113210	-4.490240	0.214398	-1.147971
Elp3	0.984932	0.706521	-0.875992	0.672080	0.064510	-0.656907
Emc1	0.984932	4.411658	1.688122	0.672080	-2.123452	0.036175
Emc2	-0.450011	1.592434	-1.173065	-1.232133	-0.288652	0.235432
Emc4	-1.652328	-1.611038	2.710047	3.174264	-1.103426	1.193857
Emc8	0.571339	-0.904661	0.831295	-3.822387	-1.982553	-1.502277
Emd	-1.413100	0.697919	-1.055079	-1.135226	-0.506965	0.198960
Emg1	0.984932	2.898451	-1.909620	0.276536	0.064510	-1.147971
Eml2	0.984932	3.573906	-1.983673	0.672080	0.064510	-0.035907
Eml4	2.934230	-0.948176	-0.317834	5.577773	0.064510	-1.567293
Endod1	-1.796812	1.157535	-0.999841	-0.364470	0.254569	-3.895056
Eno1	0.372407	0.898985	-0.294362	0.488733	-0.486236	-1.135436
Eny2	0.984932	4.889300	-1.909136	1.382970	0.064510	0.705914
Ep400	0.984932	-4.298971	1.440122	0.672080	0.064510	-1.147971
Epb41l2	0.426276	1.221580	1.113210	-2.121195	3.182055	-1.147971
Eprs	-0.429994	1.024933	-0.276102	-0.834425	-0.381014	-1.065542
Eps15l1	0.278616	1.221580	1.113210	0.672080	-1.194747	-1.147971
Erap1	-1.384240	0.728400	-0.627987	0.238158	-2.244054	-1.240687
Erbb2ip	0.984932	1.221580	-0.513291	0.672080	0.064510	0.124921
Ercc6l	0.984932	1.598866	-1.953813	-1.819822	-0.829203	-1.735395
Ergic1	-0.661567	0.690998	-0.054473	-2.165910	-3.281919	-1.868273
Erh	0.238797	0.883996	-0.344718	0.415574	0.440545	-0.704324
Erlin2	-1.324188	1.957737	-1.606531	-3.411653	-1.718827	-1.432221
Ermp1	0.984932	1.077876	-2.347820	0.672080	0.064510	-1.117752
Ero1l	0.066966	2.211726	-1.101186	-0.351444	-0.258710	-0.784420
Erp29	-1.058505	-0.982409	0.601593	1.288988	-1.330398	-1.535080
Erp44	-0.112707	0.793375	-1.216882	-0.516703	1.511295	0.345931
Esd	-1.367398	1.006173	-0.285536	-0.542148	-3.252017	-0.343788
Esr1	3.809276	3.806861	-2.471828	4.630238	-3.521512	3.186609
Esyt1	-1.558581	0.552035	-0.406641	0.231682	-1.768294	-1.221860
Etf1	-0.540727	2.155162	-0.071467	-0.741221	-0.886225	-1.173162
Etfa	0.095708	1.329266	-0.741447	-0.389591	-0.057238	-0.622970
Etfb	-0.536830	0.360319	-0.625450	-0.832270	-0.098209	-0.813377
Ewsr1	-1.109295	1.068071	0.138610	-0.867001	0.333383	0.028271
Exoc4	8.553556	9.640748	1.113210	-0.376775	0.064510	-1.147971
Exosc1	-1.504566	1.509765	1.113210	-0.942397	-1.741203	-1.147971
Exosc10	-0.800633	-0.023896	1.113210	-2.990233	-0.634058	-1.147971
Exosc4	-2.080518	-0.161696	-0.522967	4.776949	0.064510	-1.429048
Exosc6	-1.579513	6.519045	1.113210	-2.887759	-0.479322	-1.147971
Exosc8	0.149224	-2.058225	1.291535	-3.991724	-0.929681	-1.147971
Exosc9	-1.673621	1.221580	1.113210	0.672080	-0.384175	-1.147971
Ezh2	0.634239	1.502721	1.113210	-0.274833	0.940133	-1.147971
Ezr	0.352321	1.085304	-0.544714	-1.436400	-4.631772	-2.341372
FAM120A	-1.974402	-2.963670	0.264207	-4.805869	0.788849	3.598764
Fabp5	-0.850736	1.072164	-0.676454	1.098631	-0.147446	-2.102144
Fadd	0.984932	1.221580	-1.066993	0.672080	0.064510	-1.147971
Fads2	10.986068	13.726754	1.644786	0.672080	0.064510	-1.147971
Faf1	-2.241766	1.221580	1.113210	0.672080	0.572115	-1.147971
Faf2	0.984932	1.064240	-1.321123	-2.833856	0.680397	-1.139339
Faim	0.984932	0.366672	-0.935967	0.672080	0.064510	-1.812076
Fam107b	-0.086005	1.214622	4.928392	-2.001568	-3.751517	-2.304562
Fam111a	0.099918	2.498387	1.113210	-1.688144	1.047745	-1.147971
Fam136a	-0.607457	1.132968	-4.977051	-2.595228	-4.953582	-1.910806
Fam162a	-0.679631	-0.312940	-0.185564	5.769478	1.738963	-0.490960
Fam171b	0.984932	3.307103	0.551215	0.672080	0.064510	-1.147971
Fam3c	-1.456729	1.221580	1.113210	-3.054537	0.268551	-1.147971
Fam49b	-3.313891	1.861302	-0.761355	0.305772	1.612549	-0.242772
Fam50a	-0.234552	-0.430238	1.113210	-1.021145	-3.547434	-1.147971
Fam76b	2.018915	0.272357	2.527534	-2.408586	2.141602	-0.489463
Fam98b	0.055372	1.586628	-0.219481	-1.940290	1.784926	2.065425
Far1	-0.378298	1.392922	-1.641702	6.308401	-2.448797	-0.659677
Farsa	0.208129	1.326391	-0.309141	0.352392	-4.889707	-1.486828
Farsb	-0.460899	1.053990	0.504916	-0.252973	-2.100502	-0.894244
Fasn	-0.730132	1.117486	-0.418103	0.255751	-1.462590	-0.989269
Fau	-0.753330	0.372272	-0.959375	1.983233	-2.320752	-1.158534
Fbl	-0.478572	1.568680	-0.500186	1.207443	-0.622792	-1.060883
Fcrl1	0.056487	1.221580	1.113210	0.672080	-2.603799	-1.147971
Fdps	0.619981	2.176715	-0.571356	-1.098474	-1.208781	-0.512287
Fdxr	2.191626	3.531426	-0.982000	2.281695	2.032632	0.275173
Fen1	0.017358	0.649080	-0.130092	-0.385476	-1.583753	-0.962566
Fermt3	-0.621196	1.110047	-0.130603	1.468227	-1.494931	-0.282075
Fh	-0.354559	1.231829	-0.486724	-0.235966	-2.088097	-0.946039
Fip1l1	-2.256407	1.029999	-0.281648	-1.007647	0.064510	-0.340410
Fis1	0.630716	0.581377	-0.307167	-0.888392	0.338898	-0.740945
Fiz1	-0.893342	1.221580	1.113210	-2.553080	-0.675046	-1.147971
Fkbp15	0.984932	1.221580	1.113210	-3.068774	1.527900	-1.147971
Fkbp1a	-0.097608	2.238566	-1.331315	-2.181709	-1.046923	-1.477406
Fkbp2	0.148277	1.796655	-0.825683	4.018441	-0.066194	-5.613147
Fkbp3	-0.252439	1.469777	-0.526381	0.735221	0.715967	-0.789357
Fkbp4	-0.306541	1.291686	-0.450084	-1.573017	-0.072406	-0.784645
Fkbp5	-1.651508	0.472756	0.781011	-2.411620	0.296658	-1.942599
Fkbp8	-0.530968	-1.144675	0.872105	-1.288611	-1.632586	0.401631
Flii	-0.755577	1.653047	-0.161970	3.870124	2.088060	-1.032805
Flna	-0.568066	1.311675	-0.400062	-0.715747	-0.647448	-0.395865
Fmnl1	0.984932	-0.350366	-1.689098	-3.621201	0.064510	1.241509
Fmr1	-0.038768	1.336718	-1.134905	-3.192442	0.393528	-0.710043
Fnbp1	3.369484	1.221580	1.113210	0.672080	0.677304	-1.147971
Fnta	0.984932	1.221580	-2.133837	0.672080	0.064510	-1.636575
Foxp1	-0.217771	0.441551	-0.082987	-1.167749	-1.128129	-0.232550
Frg1	-1.098548	0.406094	-0.948571	-0.402616	-0.064026	2.122973
Fsip2	-1.656465	1.221580	1.221491	-6.268009	0.576390	-1.147971
Fth1	-1.260401	2.527775	-2.085016	1.915096	-3.419763	1.357342
Ftl1	0.327619	2.702093	-1.753244	6.131566	0.193281	-0.172337
Fto	3.728872	0.903155	-1.045674	-3.616732	-0.694010	0.990260
Ftsj3	-2.070709	1.331398	-0.516652	0.128682	0.064510	-1.159770
Fubp1	-0.696615	0.724037	-0.137791	-0.252888	-1.250304	-1.012364
Fus	-1.429357	1.810042	-0.137130	0.622054	-2.604451	-0.566835
Fv4	0.006234	1.307637	-0.251444	8.595121	-5.390494	-0.721138
Fxr1	0.078487	-0.181824	-0.702238	0.784377	-2.291214	-1.102682
Fxr2	-2.937575	1.221580	1.113210	-2.645316	-2.824087	-1.147971
G3bp1	-0.248309	2.757741	-0.451720	0.596596	-0.200148	-1.737807
G3bp2	-1.183286	0.072596	1.265410	-6.855767	-0.498690	1.865177
G6pdx	0.882041	0.319245	-1.058239	-1.576562	1.396726	0.104764
Gak	0.984932	-0.653135	-0.769883	0.672080	0.064510	-1.169999
Galk1	-0.002586	1.559320	-0.653577	-0.335749	-1.117361	-0.791174
Ganab	-0.691365	1.958525	-0.834610	2.254951	0.030957	-0.057783
Gapdh	0.330265	1.323375	-0.429043	1.405941	0.011201	-0.718691
Gar1	-0.911617	-0.022846	-0.095121	-2.624449	0.507785	-0.650461
Gars	-0.777517	0.967756	-0.862409	0.025722	-1.219493	-1.178899
Gart	-0.993861	1.180349	-0.527093	0.507121	-2.668114	-1.328815
Gatad2a	0.066702	1.221580	-2.416393	1.994536	-1.120542	-0.518829
Gatad2b	-0.430590	1.387972	0.292273	-1.199095	1.470016	3.019281
Gcc2	0.984932	-0.603145	1.886078	-0.697514	0.064510	-1.672295
Gcsh	-0.718140	-0.021087	1.113210	0.672080	0.064510	-1.147971
Gdi2	-0.454591	1.313239	-0.615558	1.409774	-2.732692	-1.617823
Gemin5	1.444702	2.053030	-0.242138	1.414450	-0.353375	-0.008884
Get4	-0.715067	0.213878	1.693811	0.672080	2.532433	-1.147971
Gfm1	-0.946692	0.786746	1.113210	2.740153	-2.698320	-1.147971
Gfra2	-0.058137	0.993381	-1.332306	-1.372401	-4.351627	-2.067687
Ghitm	-0.612274	0.484487	1.837792	-4.446389	-0.199242	-0.558572
Gigyf2	-0.443859	3.530327	-1.928464	2.918494	-4.296148	-3.437155
Gins1	0.984932	1.221580	10.163209	9.364836	-2.041561	-1.147971
Glcci1	0.984932	1.221580	1.113210	-2.146719	0.064510	-1.147971
Gle1	0.984932	-0.366312	-1.976853	0.672080	0.064510	-0.911540
Glg1	-1.252880	1.438785	-1.084325	-5.959132	0.874680	2.469938
Glipr2	0.984932	-0.057232	-0.304888	-2.358935	-3.259084	-0.391784
Glod4	0.773405	2.895399	-1.793484	-2.497912	0.865853	-1.272647
Glrx	0.416045	0.711648	-1.216468	-2.220179	-0.296768	1.328919
Glrx3	-0.534035	3.054588	-0.073374	-0.547154	-0.566772	-1.614816
Glrx5	-0.943034	2.490776	-1.263731	3.564954	2.897136	0.438714
Gls	0.167798	0.855662	0.236546	-1.266638	0.771027	-0.923987
Gltp	0.984932	2.421378	-1.372561	2.914634	0.064510	0.507201
Glud1	-0.728376	1.853113	-0.503061	-0.310837	-0.413449	-0.473777
Glul	0.256570	0.686786	1.113210	-3.496946	2.456262	-1.147971
Glyr1	-0.987691	0.355286	-0.956436	1.700220	0.609090	-3.668990
Gmds	-0.143973	0.357481	0.087104	4.118822	-1.548704	-3.865841
Gmfb	0.984932	-1.804146	-1.938693	0.672080	0.064510	-1.147971
Gmfg	-0.965775	1.218638	-1.147800	-0.602368	-1.651374	-0.490133
Gmip	0.278058	1.221580	10.050813	10.055585	-1.296147	-1.147971
Gmppa	1.392171	1.221580	1.113210	-3.575448	-0.438157	-1.147971
Gmps	-1.368212	1.134526	-0.768031	-0.741684	-1.362148	-1.432031
Gna13	0.984932	1.319565	-1.325810	3.300800	0.064510	-1.953691
Gnai2	-0.211476	1.314213	-0.550011	1.635962	-0.770456	0.086960
Gnai3	-0.737830	0.380145	0.962410	-0.845809	-1.964441	-0.181309
Gnas	-1.052277	0.589194	1.240622	-1.604482	1.177868	1.185870
Gnb1	-1.976512	0.445945	-0.308741	-1.215677	-0.938522	-2.537894
Gnb2	-0.978967	0.742832	-0.269316	-1.120930	-1.439574	-0.352798
Gnb2l1	-0.546002	1.110052	-0.028368	1.129842	-1.031359	-0.981194
Gnb4	-1.592687	3.550158	1.113210	-5.981796	-0.039469	0.169390
Gng12	-0.759089	2.489086	-1.952859	-2.784307	0.702188	-0.981061
Gng5	0.489356	2.488737	-0.995449	-3.736775	1.492182	-0.891577
Gnl2	-0.332639	1.221580	10.804478	10.042496	-2.000519	-1.147971
Gnl3	-1.005456	0.264300	-0.391750	-1.517260	-1.377886	-1.512799
Golga5	7.478401	-1.570944	-0.697148	-2.467432	4.170322	-0.873604
Golim4	2.230039	1.221580	1.113210	0.672080	-2.525264	-3.303658
Gorasp2	0.688856	4.320045	0.223279	-1.361825	1.487565	-3.939769
Got1	0.366803	2.782963	-1.139189	-1.745218	-3.321175	0.956640
Got2	-0.074986	0.830778	-0.153074	1.049074	-0.913047	-0.895574
Gpatch4	-0.732779	1.221580	1.113210	-3.167259	0.636563	-1.147971
Gpatch8	-1.828072	1.221580	1.113210	-8.884573	1.809620	-1.147971
Gpd1l	-0.423263	4.311151	1.014164	-3.124180	-4.104349	-1.581577
Gpd2	-0.112194	1.240708	-0.814221	1.050259	-1.015426	-0.397446
Gphn	3.448706	3.700761	-0.530767	-1.760869	2.411989	0.511170
Gpi	-0.142462	1.168846	-0.979779	-0.095470	-1.054342	-2.142640
Gpr56	-1.023913	3.032683	0.173749	-1.657300	-1.777312	-5.068696
Gps1	2.506047	2.156965	-2.154451	-2.156773	-0.811655	-1.716722
Gpx4	0.625989	1.221580	1.113210	0.672080	-1.957254	-1.147971
Grb2	0.577556	0.497411	-1.346499	0.070081	-3.626630	-0.016937
Grcc10	3.261524	1.506293	-1.529797	3.258864	1.267584	-0.469823
Greb1l	0.984932	1.920213	-1.392842	3.661883	0.064510	-0.127081
Grhpr	-0.014154	3.693779	-0.244997	0.672080	-0.688900	-1.147971
Grid2	1.459328	1.221580	1.113210	0.672080	2.933555	-1.147971
Grk6	0.984932	-1.618725	10.468298	9.398798	-0.501660	-1.147971
Grpel1	-2.126460	0.899772	0.736356	-1.043695	0.524868	-1.761742
Grwd1	0.984932	-0.627157	-1.822581	2.470130	0.064510	-0.807645
Gsn	1.334966	3.394011	-1.471845	-1.356571	0.604524	1.841652
Gspt1	-0.252941	2.173750	-0.993638	-0.797037	0.080636	-0.790209
Gsr	-0.411461	5.885843	0.993649	-0.359948	-2.234875	-0.062016
Gstm1	-1.474943	0.268909	-1.469124	-0.199040	-1.271464	0.184850
Gstm3	-1.379028	1.221580	1.113210	0.672080	0.064510	-1.147971
Gsto1	0.073963	-1.333621	0.545524	-3.562086	-0.241834	0.449706
Gstp1	1.360673	0.707067	0.209184	2.012763	1.689815	-1.561023
Gtf2b	0.984932	-0.852961	-0.354544	3.413502	0.064510	2.026031
Gtf2e1	0.984932	0.119282	-2.127911	-4.376460	0.064510	0.326329
Gtf2e2	-0.816326	1.221580	-1.803439	2.854079	0.064510	-3.313714
Gtf2f1	-0.633944	1.548125	-4.046203	-2.672527	-1.171353	-0.703354
Gtf2i	-1.291483	5.053464	-1.299600	-0.713675	-0.418654	0.199436
Gtf3c1	0.984932	0.216245	-1.136970	-9.049669	2.760313	-0.987163
Gtf3c5	-1.306046	5.064365	-0.162506	3.716215	2.798097	-0.205994
Gtpbp1	0.984932	1.423972	-0.118064	3.876499	0.064510	-1.904600
Gtpbp4	-2.106095	0.738304	-0.644072	-0.065377	-0.752373	-0.602999
Gtpbp8	0.984932	1.221580	0.268409	0.672080	0.064510	-1.621769
Gtse1	2.071909	1.491387	1.113210	1.010597	0.064510	-1.147971
Gucy1a3	-2.186363	1.649841	1.113210	0.672080	0.064510	-1.147971
Gyg1	11.052995	11.962788	1.113210	2.787417	0.064510	-1.147971
H2-D1	-0.326606	0.994009	-0.294660	2.405882	1.068704	-0.875835
H2-K1	-2.646409	-0.200317	0.239764	4.705030	2.756763	-1.084510
H2-L	0.984932	1.448858	-1.425691	4.449104	0.064510	2.857683
H2afv	0.579686	0.023080	0.167843	0.840376	0.020724	-0.436021
H2afy	-0.379847	1.184783	-0.045806	0.418304	-0.122927	-0.482597
H3f3a	11.202362	11.505950	1.113210	6.243312	0.064510	-1.147971
Hadh	-0.216303	0.313583	-0.389880	-1.138612	-0.753168	-1.571341
Hadha	-0.870172	1.078275	-0.448360	0.288530	-0.952852	-0.408666
Hadhb	-1.025615	2.762930	-0.396329	-0.090431	-3.269583	-0.542787
Hars	-0.843557	1.412628	-1.646109	-2.021944	-1.800921	-0.801497
Has1	-1.883526	6.579214	0.289505	5.087867	0.064510	-2.417128
Hat1	-0.168894	1.106750	-0.080546	-0.582519	-2.103181	-1.275733
Haus4	0.984932	0.759679	0.623675	0.672080	0.064510	-0.038230
Hba	-5.626597	10.328653	10.990863	-5.280304	1.134149	0.394112
Hccs	-1.231500	-2.119164	-0.033756	-1.530817	-2.338430	-0.019350
Hcfc1	-2.075191	0.788037	-0.402189	0.275691	-0.848618	-1.590044
Hck	3.987286	1.710677	1.113210	-3.473748	1.245140	-1.147971
Hcls1	-0.939189	4.984763	-0.596012	-2.791111	-1.248586	-3.017361
Hdac1	-0.443564	1.037464	-0.304331	2.198919	-1.944986	-0.626344
Hdac2	3.265226	0.667888	3.583463	0.672080	-1.297458	-1.147971
Hdac7	0.984932	1.221580	0.834185	-2.559245	0.064510	-1.147971
Hdgf	-1.722210	2.738353	-1.984636	-3.531775	-1.837602	-0.692674
Hdgfrp2	-1.607019	-3.487161	0.870349	-2.655537	2.146774	1.337184
Hdlbp	-1.488320	2.971591	-0.297900	-1.544505	-0.500222	-0.134707
Hells	-1.452011	1.395732	-1.846329	-2.831986	-1.151729	-0.925926
Hexim1	0.984932	0.940508	1.113210	-3.314146	0.064510	-1.147971
Hibadh	-0.531374	0.853629	-0.312220	-0.793060	0.144658	0.239450
Hic2	-0.131738	0.051402	6.767721	0.672080	0.064510	-1.268879
Higd1a	2.303555	-0.974634	1.113210	-2.214766	-0.480858	-1.147971
Hint1	0.212056	1.186586	-1.247087	0.096930	0.280812	1.114628
Hirip3	2.448041	5.245233	-0.580295	-3.435258	0.014070	-1.438516
Hist1h1a	-0.080536	-0.052791	-0.519529	0.466848	-0.027880	-0.373583
Hist1h1b	0.378044	-0.081479	-0.350938	-0.592183	0.553063	-0.144736
Hist1h1c	0.281226	-0.230586	-0.034125	-0.268301	0.460935	-0.234947
Hist1h1d	0.148539	1.168170	-0.310066	-0.916394	0.732076	-0.770531
Hist1h1e	0.387630	0.071362	-0.270960	-0.215791	1.101867	-0.169137
Hist1h1t	-0.372441	1.221580	1.113210	0.672080	1.449661	-1.147971
Hist1h2af	0.587756	-0.169997	0.511907	1.239128	-0.383087	-0.860957
Hist1h2ah	2.386138	1.221580	1.113210	-4.029798	9.327579	-1.147971
Hist1h2bb	3.307143	-0.300104	-2.538603	-4.815940	0.064510	2.541160
Hist1h2bc	-0.156065	-0.218911	0.051116	0.095260	-1.053005	-0.413970
Hist1h2bk	0.984932	7.882318	-8.194191	0.672080	0.064510	-1.147971
Hist1h2bm	0.984932	1.439040	-5.514188	0.672080	0.064510	-2.817835
Hist1h2bp	0.984932	5.530285	-2.077499	0.672080	0.064510	-1.147971
Hist1h3a	0.074635	1.221580	1.113210	3.782777	0.064510	-1.147971
Hist1h3b	-0.286819	-0.763988	0.033511	-0.636676	-0.683862	-0.351942
Hist1h4a	0.430797	0.180383	0.495956	-0.028104	-0.320850	-0.587098
Hist2h2aa1	3.143625	-0.637066	0.150381	4.679770	5.691742	-0.457025
Hist2h2ab	0.984932	-0.680439	1.228661	2.691989	-0.322417	-1.773484
Hist2h2bb	0.984932	8.841170	-5.575129	0.672080	0.064510	-0.867925
Hk1	-0.030729	0.593017	1.452916	-4.267960	4.509150	-0.817705
Hk2	-0.430017	0.178199	-0.252282	-2.321351	1.118440	-0.849319
Hm13	-1.136020	1.953420	0.489348	-2.297845	-0.727693	-0.263949
Hmbs	0.984932	-1.419213	-0.934833	0.672080	0.064510	-1.720693
Hmga1	-0.727450	-0.065719	-0.156582	-1.524511	0.370581	0.354692
Hmgb1	-0.314363	1.116522	-0.240890	1.346520	-0.274873	-0.061052
Hmgb2	-1.406515	1.458874	0.185554	1.633754	-0.566757	0.069779
Hmgb3	-0.757332	1.747394	0.581592	-5.780894	0.731935	0.372247
Hmgcl	0.984932	0.401513	-1.161023	0.672080	0.064510	-0.868266
Hmgcs1	-0.602446	1.148005	-4.081614	-1.915205	-0.361345	-4.335968
Hmgn1	2.387822	0.549588	-0.237887	0.495339	1.542601	-1.185128
Hmgn2	0.984932	-0.629347	-0.871290	6.376950	-1.562060	-1.413671
Hmgn3	0.984932	2.882120	-0.242510	0.672080	0.064510	-0.756066
Hmgn5	-1.989095	1.876645	0.102442	-0.384601	-2.678254	-1.884074
Hmha1	0.875761	0.247822	-1.117035	-3.137001	0.011583	-0.385930
Hmmr	0.394420	1.221580	-3.657255	4.988848	-2.335517	-1.147971
Hmox2	0.295794	-0.087601	-1.201862	2.423309	-0.738115	-0.892306
Hn1	-1.910619	1.221580	3.966129	0.672080	0.064510	-1.147971
Hn1l	0.498507	1.221580	1.113210	0.672080	-4.099749	-1.147971
Hnrnpa0	0.265481	0.409146	-0.464103	1.534947	2.442843	-0.923675
Hnrnpa1	-0.915109	0.733866	-0.275311	-0.816506	0.835149	-0.386705
Hnrnpa2b1	-0.504421	0.262916	-0.355286	-0.445131	-0.407630	-0.748909
Hnrnpa3	-0.773538	0.556793	0.119673	0.065127	-0.265878	-0.806214
Hnrnpab	0.553094	1.118581	0.256573	0.011251	0.129208	-0.686910
Hnrnpc	-0.617872	0.421074	-0.552988	0.901724	-0.995606	-0.849890
Hnrnpd	0.521274	0.623592	0.503988	0.477508	0.042110	-0.832308
Hnrnpf	-0.459732	1.105761	0.045134	0.558881	-1.254917	-0.835365
Hnrnph1	-0.366642	1.221569	0.067133	0.800717	-1.319403	-0.397555
Hnrnph2	-1.424001	0.821836	-0.006477	-1.714683	-1.906986	0.126303
Hnrnpk	0.030734	0.754486	-0.374497	-0.095341	-0.690640	-0.908633
Hnrnpl	-0.472238	0.808532	0.083970	-0.561378	0.735628	-0.685797
Hnrnpm	-0.462603	0.609789	-0.483304	0.022855	-0.287712	-0.522761
Hnrnpu	-0.311345	1.134955	-0.409782	0.647139	-1.187933	-0.619591
Hnrnpul1	-0.543458	-0.529143	0.358533	-3.113571	-1.016139	-0.020745
Hnrnpul2	-1.469804	1.810363	-0.872342	-1.871155	-0.241868	1.859628
Hnrpdl	0.389118	0.276579	-1.208987	2.127098	-1.256620	0.282557
Hormad1	0.984932	1.221580	1.113210	-2.893510	0.064510	-1.147971
Hp1bp3	-0.973089	0.608766	-0.862601	-0.610871	-0.967789	-0.221309
Hprt1	0.698677	1.732449	-0.678665	-0.628132	1.104341	-1.430967
Hsd17b10	-1.104141	0.583551	-0.188169	-0.476137	-0.807611	-2.300696
Hsd17b11	0.435484	0.000261	0.420529	4.315088	0.064510	-0.973667
Hsd17b12	-0.184125	0.833615	-0.348859	-0.458748	0.063841	-0.899699
Hsd17b4	-1.212498	1.366030	-0.707289	-0.877826	-0.627596	-0.761728
Hsdl1	0.984932	0.853885	0.430176	0.672080	0.064510	0.518334
Hsp90aa1	0.051209	0.907390	-0.254018	-0.424067	-0.574196	-1.232341
Hsp90ab1	0.275395	1.036185	-0.253328	-0.255606	-0.563543	-1.128053
Hsp90b1	-0.134724	0.595194	-0.342796	0.110651	-1.531099	-0.960476
Hspa14	0.624772	0.488852	-0.841947	-0.087566	-0.992258	-1.213011
Hspa4	0.514589	2.255041	-0.358299	0.816482	-1.570924	-1.020083
Hspa5	0.147994	1.192564	-0.392531	0.294344	-0.485439	-1.170706
Hspa8	0.509765	1.076748	-0.248261	-0.106484	-1.027902	-1.251776
Hspa9	0.012761	1.199957	-0.431461	0.618165	-0.804289	-1.001355
Hspbp1	4.235861	1.221580	3.343176	-2.580645	-0.308644	-1.147971
Hspd1	-0.110587	0.924559	-0.424853	-0.174142	0.115861	-1.404433
Hspe1	0.276826	0.545277	-0.073143	-0.678535	-0.019536	-1.278901
Hsph1	-0.395529	2.390287	-0.474363	0.533781	-1.242068	-1.022597
Htra2	-0.578302	2.135494	0.288612	4.022717	-0.197235	-0.098643
Huwe1	2.239025	0.723642	0.341618	1.740980	1.328999	-1.514936
Hyou1	-1.551439	0.879917	-0.046080	-0.048632	-0.419200	-1.647329
Iap	-1.317035	1.065923	0.065921	-2.330987	2.016506	1.305414
Iars	-0.854873	2.900036	-0.381307	2.075431	-0.125706	-1.466388
Iars2	10.832551	9.888602	3.571260	1.310112	0.064510	-1.147971
Ide	-0.951791	2.660715	-0.251315	2.958089	-4.317311	-0.802876
Idh1	-2.220862	-1.615303	1.113210	-3.721217	2.928347	-1.147971
Idh2	-0.749462	0.854765	-0.304346	-0.341008	-1.321086	-0.264849
Idh3a	0.179953	1.057908	-0.553124	0.449498	0.326771	-0.939071
Idh3g	-3.919217	-1.659514	0.208234	5.372860	-2.300189	-0.556534
Idi1	-0.445273	2.960219	-0.990132	0.042419	-0.700766	-1.227108
Ier3ip1	0.984932	4.340995	4.695809	3.929617	0.064510	0.069214
Ifitm2	0.189039	2.781956	-0.391706	-0.618449	-1.753224	-2.362803
Igbp1	0.984932	1.455061	1.912212	-1.377733	-0.720706	-1.147971
Igf2bp3	0.320812	1.485454	-0.805380	-0.225704	1.165976	-0.184960
Igh-6	-0.183970	1.054791	-0.281377	0.494049	0.072033	-1.056097
Igll1	-0.761781	0.144132	0.087896	-0.631665	-1.574706	-3.598320
Ik	-1.888480	3.160656	-2.651487	-3.276107	2.480721	-1.147971
Ikbkap	0.668761	1.827812	-0.520443	-0.099849	-0.110297	2.215315
Ikzf1	2.894378	4.698274	-0.251493	-0.238113	4.748492	4.826906
Ilf2	-0.576554	2.157292	-0.134608	2.926311	-3.251952	-0.835669
Ilf3	-2.096621	1.149334	-0.161504	-0.123338	-3.293201	-1.066872
Ilk	0.780821	2.094310	-0.231860	2.781440	-2.447223	1.121643
Ilvbl	0.984932	1.465650	1.976215	2.041523	0.064510	1.213807
Immt	-0.144822	0.979784	-0.777899	-0.716465	-0.244511	-0.130325
Imp3	-0.300282	3.883919	-0.937509	4.693857	0.064510	1.062071
Imp4	-1.546165	1.221580	3.466690	0.672080	-3.651370	-1.147971
Impa1	-1.690939	0.164551	-1.254046	-2.592970	-1.000814	-2.014067
Impa2	-0.900676	4.629535	0.580270	-8.653307	-3.120025	-0.204065
Impdh1	-0.993708	2.471408	-0.288296	5.856917	0.710886	-0.830963
Impdh2	-0.169430	1.082215	-0.284467	0.115131	-0.726205	-1.208677
Incenp	-0.495708	0.461703	-0.939768	-2.109015	-0.443485	-1.663046
Inpp5d	-0.355000	0.672049	-0.145772	-1.152317	-1.004773	-1.321961
Ints12	0.984932	0.460127	-0.272016	0.329369	0.064510	-1.603694
Ints4	0.984932	1.221580	1.113210	-0.043898	-2.199567	-1.147971
Ipo11	-1.135045	2.773759	-0.101217	-4.681238	-0.405312	-1.607779
Ipo4	0.405388	2.454785	3.120075	-2.503260	-1.536446	-1.147971
Ipo5	-0.643309	1.145171	-0.460999	0.525114	-2.737084	-1.771920
Ipo7	-0.504860	2.505928	-0.708196	0.723258	-1.682604	-1.665902
Ipo9	1.256964	0.920300	-0.504550	4.695850	-0.814359	-1.147335
Iqgap1	-1.545050	1.408523	-0.304185	1.197490	-1.455983	-0.804003
Iqgap2	0.984932	1.221580	-3.258271	-0.962376	0.064510	-1.147971
Irf2bp1	-0.503349	2.100240	1.113210	-2.905485	2.294432	-1.147971
Irf2bp2	4.141761	-0.742913	1.113210	0.672080	-3.272847	-1.147971
Isg20l2	-0.804054	-1.025704	0.371526	-5.349169	1.831735	-0.962900
Isoc1	0.984932	0.915617	0.019205	1.858456	-4.309036	-0.074252
Ist1	-0.736442	5.565204	0.001234	-3.819811	-0.926980	-1.147971
Isy1	0.984932	2.582779	-1.627059	1.038483	0.064510	1.014528
Isyna1	-3.314111	3.978593	-0.901012	2.457298	2.023551	0.061603
Itgb1	-0.593841	1.478017	-0.816610	0.013336	-0.043004	-1.420357
Itpa	0.097260	-0.266867	4.766448	3.127237	0.032043	-3.590809
Itpr1	-0.400522	0.971202	-0.753344	-2.741400	-0.098758	-0.060548
Ivd	0.867399	-0.221783	0.625761	-1.210970	-0.749338	0.712359
Iws1	0.984932	0.473937	-0.071790	0.672080	0.064510	-1.736543
Jagn1	0.984932	-1.598473	1.113210	0.314998	0.320868	-0.543321
Jak1	-2.073663	1.221580	10.167207	10.187019	-2.176296	-1.147971
Kars	-0.756727	1.979388	-0.323426	1.161974	-0.680770	-0.428320
Kat7	1.193410	1.221580	1.113210	-2.407747	1.242121	-1.147971
Kcnab2	0.984932	-1.232233	0.620786	2.289088	0.064510	-4.037789
Kcnj3	0.984932	2.629427	0.861917	0.672080	0.064510	2.252421
Kctd12	-3.728753	0.518056	-0.291297	-0.271910	3.578497	-0.732686
Khdrbs1	-0.847749	1.404163	-0.150112	-1.143110	-1.408362	-0.201595
Khsrp	-0.119914	1.604761	-0.456425	0.509973	-0.360169	-0.510084
Kiaa0020	-1.113919	1.212140	-0.893690	-3.383382	-0.119024	-1.988847
Kif11	-0.668817	0.787484	-0.129529	3.682164	0.064510	0.085479
Kif15	0.984932	3.599305	4.003569	-3.344602	-2.328293	0.251438
Kif20a	-2.683295	3.385661	1.113210	-3.301819	-0.456446	-1.147971
Kif22	0.984932	-0.577381	-1.049726	-1.231116	0.064510	-2.290298
Kif23	0.984932	1.221580	-1.957828	0.672080	-3.026619	-0.409937
Kif2a	-0.597738	1.504340	0.251148	-0.699474	2.562526	-0.618782
Kif2c	-0.502833	3.053122	0.547459	0.672080	-3.263544	-1.814716
Kif4	-3.964984	2.150226	1.205436	-1.686402	1.130890	0.057119
Kif5b	-0.304269	1.118182	-1.288649	-1.135143	-1.609206	-0.944235
Kif5c	1.085254	1.221580	1.113210	-2.488383	-1.767340	-1.147971
Kif7	0.144101	1.221580	1.113210	0.672080	0.064510	-1.147971
Klhdc4	-0.725390	1.221580	1.113210	-3.361362	-0.041948	-1.147971
Kpna1	0.228980	1.465129	1.113210	0.672080	-5.064042	-1.898183
Kpna2	-0.381670	0.886564	-0.306139	0.150477	-0.908957	-1.857331
Kpna3	-1.390595	0.810922	-2.290166	-1.964917	0.526974	-1.059583
Kpna4	-3.676610	0.246241	-1.394652	4.029948	0.064510	-3.007044
Kpnb1	-0.538218	1.389981	-0.650949	0.109141	-2.788277	-1.654713
Kras	0.984932	-0.008699	-0.367468	4.735061	0.064510	-1.189801
Kri1	0.984932	1.221580	10.589438	9.738135	-0.599061	-1.147971
Krr1	0.010015	-0.115284	0.271703	-2.510203	-3.723792	-1.316246
Krtcap2	-3.309991	3.479788	1.113210	0.672080	-3.068183	-1.147971
Kti12	1.492669	2.481607	3.968727	-2.852925	1.884927	-1.147971
Ktn1	-0.598385	3.386381	-0.756326	-5.050449	1.885565	0.304930
L7rn6	0.576261	1.221580	1.113210	0.672080	-3.183340	-1.147971
LRWD1	3.087780	0.659811	-1.455462	-1.821048	3.096657	-1.213562
Lamp1	-0.766369	1.397684	-0.648264	-1.792274	-1.399375	-2.304810
Lamp2	-0.475057	2.600212	-0.083652	6.513236	-2.664863	-1.273587
Lamtor1	0.984932	-0.331579	-0.227446	4.196905	0.064510	-0.265857
Lamtor3	0.984932	1.834591	-0.252279	2.076326	0.064510	-1.166582
Lamtor5	0.984932	4.700105	-1.273295	4.038191	0.064510	-2.101196
Lap3	-0.264275	1.122226	-0.002282	-1.970597	0.446617	-1.466977
Laptm5	0.984932	2.034991	1.113210	0.672080	-1.800753	-1.147971
Larp1	-0.709873	3.008956	-0.107427	1.529705	-0.037410	1.116404
Larp4	-0.562946	3.692126	-1.994072	0.672080	-1.000996	-1.435440
Larp4b	0.984932	-2.277628	1.492903	-3.537799	-0.890096	-1.147971
Larp7	-5.332158	2.853546	2.300750	-4.647380	-0.605867	-1.147971
Lars	0.388210	1.651229	-0.246935	1.119687	-0.509076	-1.002113
Las1l	0.218938	1.221580	1.113210	-3.778869	1.656721	-1.147971
Lbr	-0.732742	0.738160	-0.484712	-0.470927	-0.708194	-0.191050
Lcp1	-0.412967	0.930294	-0.240609	-0.063820	-0.723706	-0.953527
Ldha	-0.211878	0.990149	-0.085105	-0.138407	-1.332503	-1.389896
Lef1	-2.044626	1.575645	-0.456297	-2.680933	-2.300098	0.523641
Letm1	-1.208322	1.276905	-0.592259	2.708097	0.064510	0.058374
Lgals1	-0.232894	0.594235	0.930129	1.952190	-1.432647	-1.468713
Lgals9	-0.867531	-0.111272	-0.371704	-0.292505	-1.531090	-1.439116
Lig1	-0.656034	1.428958	-0.199149	-0.714725	-0.764557	-0.442153
Limd2	-0.712883	1.812018	-0.356121	4.683972	2.609009	1.443148
Lims1	0.299401	3.092390	1.113210	1.089624	-2.464221	-0.083585
Llph	0.984932	1.164215	-0.076688	0.672080	0.064510	-2.423442
Lman1	-0.535342	-0.270767	0.347211	-0.310870	-0.422746	-1.221602
Lman2	-0.406079	0.520139	-0.121531	-2.416428	-1.367602	-1.185216
Lmnb1	-0.196481	1.153853	-0.561568	-0.310203	0.349096	-0.139778
Lmnb2	-1.682853	1.065748	-0.123723	-2.062055	-0.982996	-0.822271
Lnp	0.168166	-3.856980	1.113210	-8.165645	1.515629	-1.147971
Lnpep	-0.637781	-0.836248	0.520813	0.058066	0.650056	-1.268246
Lonp1	-1.217831	0.574998	0.897779	4.033554	1.553072	-0.584857
Lpcat3	-1.718148	-0.043624	1.113210	-1.122040	-1.069154	-1.147971
Lrmp	-1.043939	1.471906	-1.322322	-2.942534	-1.677581	1.062294
Lrpprc	-1.209853	0.991072	-0.446799	-0.266894	-1.078263	-1.180822
Lrrc14	2.225211	-0.328880	-0.009638	0.693909	3.960120	-1.060671
Lrrc40	0.984932	1.072341	-2.334966	1.798224	0.064510	-2.141430
Lrrc47	-0.733731	0.504466	-0.613598	-0.457233	0.937539	-0.945075
Lrrc59	-0.606054	0.862188	-0.491718	-0.159769	-0.732921	-0.673585
Lrrfip1	-1.007104	1.758495	-0.855136	-3.613198	-0.001143	0.506580
Lsm12	0.694512	-1.018557	0.753312	-1.654281	-1.775025	2.919666
Lsm2	-0.231799	0.117337	-1.081516	3.249833	-1.966663	-0.795833
Lsm3	0.984932	3.328513	-1.277692	0.672080	0.064510	-1.147971
Lsm4	-1.756526	1.338261	0.268366	5.791621	0.064510	0.132912
Lsm5	0.984932	0.092408	-0.691609	4.015797	3.771732	-0.143155
Lsm6	-1.719757	-1.582274	-1.079694	-5.045117	0.349318	-0.581567
Lsp1	0.180773	1.417504	-0.142628	-1.480884	0.121254	-0.590281
Lta4h	0.230087	-0.474991	-0.383992	-1.326030	-1.790217	0.132439
Ltn1	0.984932	-1.127501	2.763490	0.672080	0.064510	-1.147971
Luc7l	13.574790	9.970118	1.113210	0.672080	2.275248	-1.147971
Luc7l2	-0.776602	0.958039	-0.872115	-1.462485	-0.067554	-0.277943
Luc7l3	-0.631109	0.363580	-0.342512	-0.632311	0.781453	-2.110697
Ly6e	10.660868	14.449919	1.113210	0.672080	2.335661	-1.147971
Ly9	0.984932	0.584437	-1.526592	0.672080	1.095517	-1.222201
Lyar	-1.440449	0.263879	-1.405248	-2.451015	-0.120367	-0.382521
Lyn	-1.237590	1.320952	-1.379322	-2.220572	1.014690	-0.258331
Lypla1	0.998737	3.235579	1.954249	-4.121070	-1.271186	-3.271291
Lypla2	-0.545539	1.361151	-2.050624	-2.283757	-2.720908	-1.278013
Lzic	0.984932	3.040419	-0.552366	0.672080	0.064510	-1.383259
M6pr	-1.867576	0.152573	-0.281195	3.550121	-1.950992	-2.464404
Macf1	0.244764	-1.210395	-2.881052	-2.951279	-3.619598	-1.147971
Mad2l1	-0.739232	-2.278275	1.379808	0.672080	-0.471868	1.757936
Magoh	-1.832706	-0.184029	0.688311	-2.412950	-2.600448	-1.577753
Magt1	-3.523140	1.547911	-0.667689	3.397835	-3.104070	-0.940198
Mak16	-0.608544	2.333444	-1.856788	-3.124173	0.064510	-0.228378
Manf	-0.388389	-0.923496	0.365019	-0.335880	-1.811567	-1.360313
Map1s	-1.682180	1.221580	-0.332261	0.580374	-1.321412	-1.147971
Map2k3	-4.023445	1.024000	-0.583267	1.408926	-2.499236	-0.816643
Map4	0.984932	1.221580	1.113210	-2.377671	1.031452	-1.147971
Map4k1	0.077565	1.221580	-3.008272	-2.744589	1.529177	-1.147971
Mapk1	-0.428525	1.841868	0.079287	0.747427	-2.014065	-1.065200
Mapk14	0.984932	-0.794672	-2.262197	0.672080	0.064510	-0.187477
Mapk15	0.984932	5.599010	-0.686062	3.928979	0.064510	-0.267016
Mapkap1	0.984932	1.221580	-3.277493	0.672080	0.064510	-1.147971
Mapre1	-0.110641	1.427658	0.381448	-0.744228	-1.744320	-0.476706
Mapre2	2.914234	-0.350351	1.443782	-0.527018	1.836419	-0.806617
Marcks	0.984932	2.056497	-0.896799	3.335930	0.064510	-0.368879
Marcksl1	-0.070247	1.471274	-1.028057	-1.752201	2.293415	1.832260
Mars	-0.689190	2.105265	0.945247	1.144086	-1.655261	0.119393
Mars2	0.984932	-1.628093	-1.552804	0.672080	0.064510	-0.930612
Mat2a	0.493050	0.684249	-0.539736	4.827972	-1.203721	-2.122494
Mat2b	0.984932	1.181897	-0.571333	3.388669	0.064510	0.086985
Matr3	0.036945	1.671673	-0.601674	1.096930	-1.163856	-1.234500
Mavs	-0.691277	0.918690	-0.954894	-3.738715	0.573528	-0.031764
Mbd3	0.984932	0.461700	-0.767291	0.672080	0.064510	0.280581
Mbnl1	2.815225	0.364716	-0.955472	1.762648	1.944004	-0.926774
Mcf2l	0.200522	1.221580	1.113210	-3.955710	0.068087	-1.147971
Mcm10	0.816458	1.054557	1.113210	-0.480467	0.384400	-1.147971
Mcm2	-0.289177	1.060058	-0.376863	1.049281	-0.596646	-0.525535
Mcm3	-0.616163	1.015396	-0.398745	0.690420	0.089182	-0.585509
Mcm4	-0.521922	1.447082	-0.503452	-0.237973	-1.372778	-0.408441
Mcm5	-1.109833	1.773757	-0.308157	0.819790	-1.931918	-0.435553
Mcm6	-0.618504	1.119926	-0.438585	0.003830	-0.453506	-0.383938
Mcm7	-0.743162	1.313960	-0.492246	1.159421	-0.876712	-0.483849
Mcmbp	0.984932	1.221580	1.113210	-2.011521	0.292649	-1.147971
Mcts1	2.778457	0.047354	-0.651321	-2.499760	4.044358	-1.175357
Mdh1	-0.565891	1.548811	-0.358602	1.157194	-0.880565	-0.473464
Mdh2	0.125666	0.853513	-0.443712	-0.368716	-0.310329	-1.061643
Mdp1	0.984932	0.872204	0.988403	0.672080	0.064510	-0.595058
Me2	0.001488	0.110000	-0.358489	1.499025	-1.545295	-0.431891
Mecr	-0.259352	1.221580	1.113210	0.672080	-2.924501	-1.401022
Mef2c	0.984932	3.544006	0.145380	-1.790619	0.064510	-1.147971
Memo1	0.984932	4.902414	-3.166564	4.970371	0.064510	1.053677
Men1	2.904489	1.221580	1.113210	0.672080	-1.880553	-1.147971
Mepce	0.984932	1.221580	0.759342	0.415946	0.064510	-2.183960
Metap1	0.984932	1.027285	-0.129202	-0.532046	0.064510	-0.730213
Metap2	-2.439136	5.368954	0.237855	1.659453	1.811756	0.790592
Mfap1	-3.147878	1.221580	1.113210	-4.033626	2.331522	-1.147971
Mgea5	-0.204718	2.356550	-1.134111	-2.180821	0.064510	-1.147971
Mical1	0.299359	0.252615	2.765459	0.167917	-2.479914	-5.619605
Mif	0.407907	0.649991	-0.555909	2.688544	-3.289059	-1.242968
Mki67ip	-0.100775	1.971266	-0.322902	0.662606	0.145914	-0.641859
Mlec	-0.670637	0.761676	-0.258698	-1.081737	0.046491	-0.792149
Mmgt1	0.984932	1.221580	-0.424466	0.672080	0.064510	2.387793
Mmtag2	12.035391	9.322305	1.113210	0.672080	2.263433	-1.147971
Mnat1	0.984932	1.221580	10.848334	9.929483	0.064510	-1.147971
Mndal	2.260731	1.598872	-0.168027	0.741244	-2.733858	0.461437
Mob1a	0.984932	3.311913	-0.389146	4.605513	0.064510	0.820993
Mob4	0.984932	0.825127	-1.841024	0.672080	0.064510	-0.411109
Mocs3	-0.729176	0.054360	-0.835903	-7.461969	-1.222506	0.272828
Mogs	-0.078362	0.296547	-0.670852	6.791368	3.881221	0.491379
Morf4l1	-2.406938	1.221580	10.237268	9.829270	-1.655546	-1.147971
Morf4l2	-0.866493	-0.778450	1.113210	-4.124446	2.893022	1.427283
Mov10	0.984932	1.221580	10.058251	9.884127	-5.624808	-1.147971
Mp68	-0.986933	1.203152	1.599815	-3.993302	-1.012404	-1.762897
Mpc2	0.984932	1.762007	-0.434527	3.138808	0.064510	-0.424519
Mpdu1	-0.185780	0.072549	0.721218	4.535415	0.064510	0.847586
Mphosph10	0.984932	2.514318	1.113210	-4.297295	-2.763496	-1.147971
Mrfap1	0.984932	-2.190473	3.748357	0.672080	0.064510	-1.147971
Mri1	-0.427560	1.221580	1.113210	0.672080	-3.251968	-1.147971
Mrpl1	0.984932	-0.151875	-1.012216	-2.422434	0.552863	-0.879382
Mrpl10	0.984932	-1.023291	2.035016	0.672080	0.064510	-2.837966
Mrpl11	0.984932	0.086205	0.580188	3.890442	-2.412776	0.568344
Mrpl12	-1.628838	0.806248	-0.530869	-0.086087	-3.189203	-0.802300
Mrpl15	0.984932	1.522568	-0.460515	1.882055	0.064510	-0.777568
Mrpl22	-0.635360	-0.533728	-0.516020	1.604933	-0.769086	-2.696735
Mrpl23	-2.255772	-0.027340	0.688072	-1.911292	-1.505332	-1.369111
Mrpl39	-2.164542	0.583222	0.594279	0.672080	0.064510	1.707302
Mrpl40	0.984932	1.434531	0.788074	0.672080	0.064510	-0.998263
Mrpl41	0.984932	-0.711759	-0.866611	0.672080	-1.028064	-1.209384
Mrpl46	-0.486164	-1.907621	-4.016732	1.947800	0.220371	-1.223463
Mrpl49	2.312795	-0.032400	0.409337	4.454810	0.064510	-1.480790
Mrpl52	0.984932	0.024844	-0.855510	0.672080	0.064510	-1.604824
Mrps15	0.558583	-0.818175	1.113210	-4.052055	1.503649	-1.147971
Mrps18b	0.099347	1.594297	2.108913	-4.240108	-0.351357	-1.888013
Mrps2	1.650933	0.771641	0.104862	0.582738	2.136077	-0.307897
Mrps21	0.853413	0.946694	-0.857483	3.873571	0.064510	2.338228
Mrps22	-4.612993	-1.430322	0.264518	1.096084	-3.411754	-0.978898
Mrps26	-1.646870	0.768521	0.770978	-0.251755	-0.331024	-1.118921
Mrps27	3.108534	1.247699	0.378521	-0.914782	1.614327	-0.217523
Mrps30	-0.423996	1.103860	1.087317	2.924669	-2.641756	-1.777535
Mrps31	0.984932	-0.970453	-0.379141	0.672080	0.064510	-0.540868
Mrps33	1.230244	0.567545	0.067443	3.018001	0.064510	-0.890836
Mrps34	0.984932	0.580411	-0.402695	4.258743	0.064510	-1.124672
Mrps35	0.984932	0.721089	-0.464652	0.672080	0.064510	-1.402485
Mrps36	0.984932	3.743033	-0.918752	4.883140	0.064510	-0.638411
Mrps5	-1.400201	-0.632656	-1.050298	-3.298065	1.574255	-1.442173
Mrps6	-1.446195	1.472615	-1.597994	0.621671	-3.894068	-0.970879
Mrps7	-0.392429	0.161964	-0.387221	-1.118401	-1.563405	0.099244
Mrps9	0.723932	3.797218	-2.072462	2.765954	3.390961	-1.147971
Mrto4	-2.302824	1.282706	0.044831	-1.269784	-2.372650	-0.586518
Msh2	-1.112048	1.451068	-0.959393	-0.883121	-1.149381	-0.160138
Msh6	-0.745196	1.117307	-0.433968	-0.267325	-2.049986	0.654583
Msi2	0.984932	2.964762	-0.525271	3.213873	0.064510	-1.280993
Msn	-0.776910	1.491102	-0.244010	0.779037	-0.397681	-0.545810
Mst4	-0.963903	0.568382	0.071415	-1.244118	-1.589988	-1.656507
Mta1	1.226529	0.873050	1.208238	0.672080	-0.451049	0.687089
Mta2	-1.251248	1.267399	-1.101626	-1.688175	0.430293	1.053221
Mtap	0.060865	6.721149	-1.084049	-2.262934	-4.219553	-0.632985
Mtatp8	-0.612799	5.056702	-0.024062	-1.402414	3.337810	3.571573
Mtch1	-1.815511	1.221580	-0.833615	3.501593	0.334735	1.667165
Mtch2	0.984932	1.476734	-0.074040	6.682462	-3.475145	-1.694405
Mtco2	-0.128216	1.144675	-0.528156	-0.475323	-3.999078	-0.566596
Mtco3	0.984932	1.221580	0.617532	0.022300	0.199430	-0.825677
Mtdh	-0.583329	0.887554	-0.479447	0.210215	-0.288107	-1.459487
Mthfd1	-0.649339	0.706269	-0.558859	0.368776	-1.059602	-0.841475
Mthfd1l	-0.142242	1.523687	-0.282330	0.823084	-0.294546	-0.716967
Mthfd2	-0.031415	0.343094	-0.458388	0.117876	-0.453979	-1.532745
Mtnd1	0.984932	2.061784	-1.536393	0.672080	0.064510	-0.563345
Mtnd3	-1.002337	-0.177845	1.113210	-2.439063	-0.793940	-1.147971
Mtpn	1.156657	0.832215	-0.014216	1.757598	0.975882	-0.955251
Mtx1	1.998543	1.306894	0.331240	1.590025	0.084050	-0.168396
Mtx2	-1.846264	-0.932781	1.464620	-2.244901	8.198986	-2.325073
Mut	-1.113921	1.010760	-1.455020	5.107378	2.605963	-1.359465
Mybbp1a	-0.264994	0.698660	0.088591	-0.876781	-0.406171	-1.437129
Mycbp	0.984932	4.751718	-0.516165	-3.805379	-1.572191	0.072985
Myef2	1.681445	2.507958	0.394780	0.973560	0.064510	-0.496052
Myg1	0.984932	6.945133	0.297291	2.457156	0.064510	1.130561
Myh9	-0.557680	1.032174	-0.315225	-0.181823	-0.709405	-0.986236
Myl12b	-1.641617	0.673286	-0.432430	0.509903	-2.636232	-1.093091
Myl4	-0.162856	2.423894	-1.063626	1.765948	0.993802	3.456341
Myl6	-0.626152	0.388218	-0.311682	0.398533	-1.052844	-1.732931
Myo10	0.415386	4.543010	1.113210	0.243560	0.064510	-1.147971
Myo1c	-2.202301	0.396371	-0.332254	-0.372785	-0.944603	0.059265
Myo1g	2.138275	3.315066	-0.722818	4.677363	0.064510	2.366689
Mzb1	-0.737208	-1.598346	-0.395075	0.305675	-1.324378	-2.319736
Mzt2	0.984932	-0.051302	-1.062623	0.672080	0.064510	-3.085465
Naa10	-0.655688	2.142999	-0.877964	-0.573384	-3.278094	-0.784818
Naa15	-1.728766	1.431829	-0.769321	-0.153080	-3.494136	-1.006504
Naa25	0.984932	0.836155	10.082784	10.078511	0.064510	-1.679443
Naa38	0.552629	1.948617	-1.218865	4.649471	0.064510	-1.569110
Naa40	0.984932	1.763079	-1.139540	3.903851	0.064510	0.723770
Naa50	-2.608127	1.211649	-0.953042	3.127958	-3.168405	-1.554378
Naca	0.087109	1.438078	-0.143568	0.999877	-1.373054	-2.134352
Nae1	0.984932	3.650952	1.113210	0.672080	-1.552454	-1.147971
Naf1	0.984932	2.967448	-1.569384	0.672080	0.064510	-1.454213
Nampt	10.742516	11.333897	1.650179	0.672080	0.064510	0.023563
Nap1l1	1.327476	-0.265738	-0.313956	1.831198	-1.699934	-1.335928
Nap1l4	-0.029496	1.031587	-0.432223	-1.659436	-1.511152	-0.598996
Napa	-0.113895	-0.113423	1.180070	-2.865713	-0.535173	0.358690
Napsa	0.984932	-0.183273	-0.000766	4.959568	0.064510	-0.243767
Nars	-0.965302	1.889440	-0.190544	-0.611974	-1.404170	-0.707263
Nasp	-0.906747	0.251933	-0.426502	-2.071413	-1.077608	-0.916488
Nat10	-1.170750	1.035762	-1.103427	0.563956	-1.678889	-1.213459
Nbea	-0.015625	6.317499	-0.682802	-8.244408	-0.285022	-0.343228
Ncapd2	-0.778264	3.398673	-0.950237	-1.407340	0.358343	-1.685226
Ncaph	0.220858	1.954464	-0.508257	-2.686087	1.114665	0.831455
Ncbp1	0.137235	1.255778	-0.271405	-1.439580	0.433217	-0.837261
Ncbp2	-0.862206	1.924981	-0.652411	-3.035895	-2.357059	0.130767
Ncl	-0.039661	0.636574	-0.164505	-0.059494	-0.680727	-1.121906
Ncln	0.909009	1.221580	-2.319522	-4.300890	3.500497	-0.013063
Ncoa5	-0.523567	1.189242	0.310863	-2.344255	-1.147603	0.028740
Ncstn	0.984932	1.987249	-3.400920	4.802146	-0.452750	-0.603163
Ndc1	2.217541	1.731585	-1.210486	2.809980	-1.264786	-1.141084
Nde1	4.128014	1.221580	-0.943428	-4.748062	4.745741	-1.147971
Ndnl2	2.816203	0.603173	0.373074	-1.044285	-0.344778	-1.147971
Ndrg1	4.376240	3.858266	1.113210	-4.695619	3.321219	-1.147971
Ndrg3	2.755110	1.221580	1.113210	-2.371894	1.238891	-1.147971
Ndufa10	-0.478368	0.865888	-0.957439	-4.203772	-0.894490	-0.162971
Ndufa12	-0.924382	0.701303	-0.197047	1.953565	-4.027054	-0.761111
Ndufa13	-0.541788	-0.833972	-0.355906	2.652089	-2.854795	-0.626352
Ndufa2	-0.463735	1.939126	-0.534504	0.309702	0.322087	-0.331249
Ndufa3	-0.470019	3.002288	-1.350700	-0.524930	-1.869501	-3.721356
Ndufa4	-0.517575	0.544032	-0.266456	3.504357	0.774605	-0.293193
Ndufa5	0.549602	-1.003368	-2.155678	-4.749050	1.384721	-4.433766
Ndufa6	0.984932	-1.341228	2.898106	3.182632	0.332480	-0.170208
Ndufa7	0.300664	1.904253	-2.298431	0.330872	1.066825	0.525179
Ndufa8	-0.080638	0.005977	-0.521529	1.278437	-4.220992	-0.597700
Ndufa9	0.984932	1.907577	-0.889015	4.871372	0.064510	-0.545211
Ndufab1	0.129191	1.221580	4.294161	-1.475064	0.064510	-1.474296
Ndufaf2	-0.034520	0.929916	-0.001749	-2.454378	0.792353	-1.657538
Ndufb10	-0.331656	1.604107	-0.130333	1.643268	-0.825450	-1.206947
Ndufb11	-0.171373	-0.348058	-0.827983	-3.407692	1.134285	-0.895787
Ndufb3	-0.129456	-0.811791	1.113210	-3.071646	-1.524274	-1.147971
Ndufb4	-3.661477	-0.071042	-0.173440	3.790546	-1.866055	-0.800131
Ndufb6	0.984932	-1.149845	-0.458482	-2.438819	0.064510	-1.071107
Ndufb7	-1.367898	1.221580	1.113210	4.545236	-0.475495	-1.147971
Ndufb8	-3.106487	1.411292	-0.386355	6.307829	-1.225848	-0.144425
Ndufb9	-2.785435	0.840433	-0.658320	7.316845	-4.132990	-4.407105
Ndufc2	0.984932	3.684438	-2.619747	5.211326	0.064510	-0.755181
Ndufs1	-0.151730	0.943053	-0.495314	1.111231	-0.421666	-0.469631
Ndufs2	-1.348072	1.970949	-0.430513	-1.161166	-0.591216	-0.602577
Ndufs3	-1.237461	1.139911	-0.292025	2.429370	-2.600391	-1.696869
Ndufs4	-0.277104	5.009105	0.475886	-0.216521	0.064510	-1.878790
Ndufs6	-2.145955	-2.579096	3.446805	-0.548966	-0.820368	3.198779
Ndufs7	0.523743	2.148147	-0.922566	-3.385720	-0.249389	-1.821530
Ndufs8	-0.028203	0.804144	-2.617203	3.708232	-3.632437	-0.069634
Ndufv1	-1.380639	1.180735	-1.801283	1.110231	-2.263074	-0.983828
Ndufv2	-0.713027	1.390563	0.451494	0.623071	-3.509516	-0.550854
Ndufv3	1.166930	1.394088	0.125995	-4.253333	1.074425	-1.589278
Nedd4	0.379428	0.690921	0.251191	-2.006447	-2.647269	-1.097523
Nedd8	0.984932	5.902499	-1.401149	5.255483	0.064510	1.964745
Nelfb	4.543737	1.221580	1.113210	0.672080	-0.194069	-1.147971
Nelfcd	0.984932	2.816112	1.209163	0.672080	0.064510	-2.096145
Nelfe	0.984932	1.221580	10.646805	9.904238	-0.981366	-1.147971
Nemf	0.984932	3.510631	4.922702	0.672080	-2.080996	-1.147971
Nfu1	0.035652	3.165480	0.755313	3.433669	-1.476155	-1.147971
Nfya	0.984932	1.225173	0.731884	0.672080	0.064510	1.269491
Ngdn	0.984932	2.309705	-1.172174	0.672080	0.064510	-1.858671
Nhp2	-1.214291	0.250888	-0.518912	-2.963539	0.487648	-1.984503
Nhp2l1	-0.481213	-0.006688	-0.091350	0.973501	-0.075298	-1.055592
Nip7	0.715843	3.276479	-2.163893	4.613077	-1.347233	-2.344989
Nipsnap1	-0.153566	2.034326	-3.513543	-0.552105	0.064510	3.317268
Nipsnap3b	0.984932	0.264058	-0.183610	0.672080	0.064510	-1.970638
Nit2	2.530097	1.221580	1.113210	0.672080	-1.887747	-1.147971
Nkx3-2	-0.832704	0.886709	5.089852	-3.849721	0.499671	-1.225805
Nle1	-6.485769	1.221580	10.746930	9.301385	-1.245449	-1.147971
Nme1	0.819138	1.942887	-0.162197	-1.140133	-0.469317	0.049594
Nme2	-0.198770	1.310039	-0.465603	0.235663	-1.368878	-1.676258
Nmral1	-0.253237	0.980714	-0.528773	2.100703	0.064510	1.168080
Nmt1	0.327970	2.546162	-0.727049	1.265204	1.763725	0.484019
Nnt	-0.265244	1.850083	-0.399995	0.490408	0.387027	-0.591288
Nob1	-1.704215	5.071086	-0.014344	4.194775	0.064510	0.173952
Noc2l	-1.101437	-0.491196	-1.405803	-3.181905	-0.015680	-3.481240
Noc3l	-2.879763	2.106901	-2.389157	1.223681	0.064510	0.881084
Nol10	4.796077	-1.316830	0.133901	0.896010	-0.346903	-1.210069
Nol11	-1.183318	0.821612	-1.504752	-4.120186	-0.961035	0.581337
Nol6	2.619975	-0.049431	-0.025521	3.353833	0.064510	-3.505381
Nol7	0.984932	4.643578	-3.897899	0.672080	0.064510	-1.147971
Nol8	0.852273	1.221580	1.113210	-2.383802	-0.442812	-1.147971
Nomo1	-0.847318	0.363077	1.201833	-3.601260	0.296046	2.934029
Nono	-0.132525	0.778090	-0.436725	1.443718	-0.079474	-1.044380
Nop10	0.984932	-0.132283	-0.469467	4.241908	0.064510	-4.706990
Nop14	0.984932	3.010705	-0.897381	0.672080	0.064510	-0.344806
Nop16	-2.055014	1.744120	0.538176	1.242501	-4.573959	-0.715203
Nop2	-0.498452	1.105480	0.127241	-0.453919	-1.122082	-1.672712
Nop56	-0.212772	0.712718	-0.590673	0.672015	-0.708697	-1.004849
Nop58	-0.701330	0.650691	-0.163585	-0.223840	-1.073731	-0.563296
Nop9	0.984932	1.265266	-0.756937	0.672080	0.064510	-0.268237
Nosip	0.984932	1.221580	1.113210	0.672080	-0.311017	-1.147971
Npat	-0.063352	1.221580	10.326938	9.615521	0.064510	-1.147971
Npc2	-0.227915	6.181645	1.113210	3.082889	2.274827	-1.147971
Npepps	0.984932	0.995505	-0.678251	3.480119	2.489541	0.999044
Nploc4	0.984932	0.120934	-0.554673	0.672080	0.064510	0.039336
Npm1	-0.267507	0.558323	-0.239378	-1.125750	-0.162152	-1.290367
Npm3	0.655217	0.862086	-0.893875	1.665360	0.753096	-2.049860
Nr3c1	0.770632	2.233674	1.113210	-3.549177	0.432237	-1.147971
Nrd1	3.093775	1.221580	1.113210	-3.516115	-0.351613	-1.147971
Nsa2	1.205511	2.381345	1.113210	-1.594155	2.348195	-1.147971
Nsdhl	-1.685335	-0.376813	0.833978	-4.790894	0.143478	-2.119443
Nsf	-1.576353	-0.753442	-1.055840	-1.147796	-0.975841	-0.524343
Nsfl1c	-0.175243	-0.300344	-0.579274	0.936668	-2.772134	-1.320883
Nsmce2	0.984932	2.803526	-2.667792	0.672080	0.064510	-1.147971
Nsun2	-0.786758	1.079427	-0.549981	-0.866592	-0.799718	-1.306341
Nt5c	0.984932	3.978339	-0.730740	4.882699	0.064510	2.512739
Nt5c2	-0.029227	0.388188	0.541549	-0.561535	-0.750802	-0.270450
Nt5c3b	1.336458	0.694198	2.097817	0.672080	0.064510	-1.535681
Ntpcr	0.984932	2.305971	0.085714	0.672080	0.064510	-1.607946
Nub1	-0.222416	1.221580	1.621220	0.690471	2.165813	-1.147971
Nubp1	2.201781	1.221580	1.113210	0.672080	-1.817165	-1.147971
Nubp2	0.984932	-0.133826	-0.619725	2.886200	0.064510	-0.782267
Nucb1	-1.070457	0.845418	-0.498150	-3.044057	-0.998733	-1.442165
Nucks1	0.886759	-0.363223	-1.704897	-3.986814	0.959655	0.508464
Nudc	0.062101	1.824336	-0.973045	-2.181528	-0.365894	-1.184118
Nudcd2	-0.834292	1.362527	-0.742791	-2.325519	-0.686429	-2.502957
Nudt21	-0.349199	0.210882	-1.753245	6.772989	-3.524253	-0.799737
Nudt5	-0.589407	0.542436	-0.502289	3.910553	-2.255354	-1.365232
Nufip2	-0.006912	1.221580	1.113210	-3.847803	-1.016828	-1.147971
Nup107	-3.044404	-1.086590	0.060376	-2.007056	-1.412130	-2.953824
Nup133	-0.183996	0.905259	-0.536064	-3.488051	0.351433	-1.491382
Nup155	-1.163874	0.858645	-0.198281	-1.459509	-1.273077	-1.788619
Nup160	-0.206579	-0.484757	0.059755	-4.377276	1.435205	-0.476653
Nup188	0.984932	1.607266	-1.192877	-2.017563	0.064510	-1.724271
Nup210	-0.358473	0.612565	-0.512247	0.458348	-1.015165	-1.020404
Nup214	-1.281014	2.165568	-0.695377	-1.337019	1.920992	-1.845630
Nup35	-1.052014	1.112859	0.179951	-2.578311	1.956189	-0.756171
Nup43	-1.279383	4.431619	-1.240133	-0.438115	0.064510	-3.179876
Nup50	-1.528663	2.395894	-0.995864	-3.799410	-3.948389	-2.483825
Nup54	-0.047167	0.633025	0.832069	3.199316	-1.271563	0.281841
Nup62	-1.457472	1.015550	-1.009341	-0.833692	-0.867496	-1.930021
Nup85	0.700645	-3.598524	3.229716	-1.313323	1.325864	-1.553142
Nup88	0.807533	1.221580	1.113210	0.672080	-3.215703	-1.147971
Nup93	-0.863842	0.179251	-0.644504	0.324488	-2.220335	-0.813506
Nup98	-0.924772	-2.545185	1.333585	-8.614990	-3.150972	-1.434005
Nusap1	0.984932	1.221580	1.113210	-3.423091	0.491732	-1.147971
Nutf2	1.254088	-0.174852	0.000828	-1.791881	-1.927411	-0.981599
Nvl	-1.457135	-4.194129	0.468031	-1.861967	0.201096	0.406730
Nxf1	0.183432	1.850486	-0.666791	-4.738537	0.061574	-0.511168
Oat	-0.387133	0.238604	-0.236694	-2.143125	-0.623884	-1.376520
Ociad1	0.984932	0.449873	0.241632	2.110275	0.064510	-0.104433
Odf2	-1.477419	1.221580	1.113210	0.672080	0.064510	-1.147971
Odf2l	-6.434475	1.221580	1.113210	0.672080	5.463921	-1.147971
Ogdh	-0.902473	1.657645	-0.511689	0.186832	0.824953	-1.116338
Ogt	0.190257	1.221580	1.113210	-3.835718	2.665327	-1.147971
Ola1	-0.253762	1.309702	-1.157734	-1.200181	-0.157348	-1.126120
Opa1	-1.499310	-2.022791	-0.840448	-4.720177	2.150809	-1.618514
Optn	2.888338	3.260112	-1.111503	0.672080	0.064510	-1.398136
Ormdl2	-2.371841	3.701146	1.113210	0.672080	-1.151697	-1.147971
Os9	0.447732	1.221580	10.934861	10.067354	0.064510	-1.147971
Osbp	0.984932	3.320375	1.113210	-2.921246	0.041417	-1.147971
Ostf1	0.897612	-1.365981	0.972041	-1.764530	0.783549	-0.106418
Otub1	0.124901	1.234731	-1.481491	-0.114267	0.025205	1.082111
Ovos	-1.923176	1.221580	-1.128505	0.672080	-2.626757	-1.147971
Oxa1l	-0.709872	1.221580	1.113210	-3.876742	0.064510	-2.219086
Oxct1	0.505275	1.511183	-0.603985	-0.442863	-1.256786	-0.772613
Oxsr1	3.014577	2.332298	-0.227906	-5.208741	3.538769	0.698447
P4ha1	0.984932	3.500337	-2.882539	0.672080	0.064510	-1.147971
P4hb	-0.538901	0.735321	0.098516	-0.667955	-0.410959	-1.083062
Pa2g4	-0.359878	1.089291	-0.361215	-0.226308	-0.836905	-1.347494
Pabpc1	-0.485208	1.083367	-0.073923	1.089502	-2.259638	-1.629976
Pabpn1	0.182941	0.342153	-1.079629	-0.167412	0.032354	-1.778681
Pacsin2	3.278242	1.221580	1.113210	-2.237965	0.143165	-1.147971
Paf	3.911624	1.221580	2.141371	-4.527948	4.113400	-1.147971
Paf1	-0.463846	-0.211582	1.113210	-5.878663	-3.636819	-1.147971
Pafah1b1	-0.234427	-0.285178	0.768220	0.278478	-0.660371	3.239943
Pafah1b2	-1.254025	5.838073	0.222060	0.672080	-3.054697	-2.534395
Paics	0.082313	1.092859	-0.250760	0.174674	-0.174707	-1.787671
Paip1	3.138468	1.221580	1.113210	-3.877618	0.064510	-1.147971
Pak1ip1	0.723753	1.781260	1.113210	-3.685492	1.502160	-1.147971
Pak2	0.727170	1.582027	-1.560379	-1.887692	-1.332219	-0.786066
Palm3	0.413994	1.221580	1.113210	2.351274	-1.237809	-1.147971
Pamr1	-0.540055	0.537133	-0.327465	-3.058253	-0.425290	-0.205260
Panx1	0.984932	1.221580	-0.811524	0.672080	0.064510	-1.780787
Paox	0.675965	1.221580	1.113210	0.672080	-2.098675	-1.147971
Park7	-0.951225	1.286105	-0.411006	0.362739	-2.793201	-1.479491
Parp1	-2.043637	0.380623	-0.147551	0.988414	-0.850044	-0.506775
Parvg	-0.644218	-3.281979	-1.262163	-2.093655	-0.145487	-0.759163
Pax5	-0.295500	0.249983	-0.285041	0.548517	-0.446987	-0.826278
Pbdc1	0.984932	4.833618	-0.137508	2.794139	-2.458893	1.839971
Pbk	-0.884831	3.333024	-0.537786	0.672080	-0.725216	0.628590
Pbrm1	-2.066490	-1.446506	-1.407259	2.153391	0.064510	0.234373
Pc	0.097206	-0.044670	-2.116876	-5.248307	-0.239263	-0.807586
Pcbp1	-0.014558	0.960489	-0.347944	-0.506457	-0.208472	-0.616905
Pcbp2	0.383890	0.945361	0.171080	0.933689	-0.318428	-1.071358
Pcca	3.127527	1.480139	0.493132	-2.911715	-0.562858	0.816502
Pccb	-1.984171	4.631103	-2.186532	-0.272777	-0.787373	1.400624
Pcid2	-0.605441	-0.738293	-0.715115	0.672080	0.064510	-1.723283
Pck2	0.050442	1.236772	-0.539620	0.206195	-1.286937	-0.519824
Pcm1	2.709369	1.221580	1.113210	-3.265919	0.064510	-1.147971
Pcmt1	-1.352169	0.378091	-3.202117	-2.599289	-1.745228	-2.832569
Pcna	-0.231846	0.836603	-0.328336	-0.311795	-1.657588	-1.544893
Pcnp	-0.339313	-0.396348	-3.528298	-6.057742	0.516712	-0.421707
Pcyox1	0.984932	-0.682840	-0.308939	0.672080	0.064510	-0.878722
Pcyt1a	-1.271296	0.493711	0.076195	0.672080	-0.473264	3.015751
Pdap1	-1.160397	4.794266	-1.784952	1.257546	-1.530600	-3.466601
Pdcd10	-0.131452	0.508506	-0.530319	0.353105	-3.032763	-1.501862
Pdcd11	-0.512362	2.475892	-1.612723	-5.582934	-1.447706	-0.223817
Pdcd4	0.984932	4.279768	1.113210	-7.731956	0.064510	-1.147971
Pdcd5	-0.870941	1.793713	0.309816	1.437736	-1.296908	-1.291129
Pdcd6	-4.163253	0.610670	-0.744116	-0.379585	-4.043538	-0.742267
Pdcd6ip	-0.362209	0.527433	-0.720580	-0.083564	-2.706199	0.493993
Pde2a	-0.449657	2.160371	-0.326354	-0.636691	-0.556366	-2.456069
Pde4d	0.984932	-1.970800	0.102587	0.672080	0.064510	-1.147971
Pdgfrb	0.259107	0.325949	-0.992762	-2.111997	0.238583	0.012024
Pdha1	0.345744	1.978930	-0.151687	1.642390	0.890422	0.386456
Pdhb	-0.513150	0.324478	-0.439448	-0.229388	-1.199527	-0.743401
Pdhx	0.152054	0.767279	1.583476	0.107881	0.887144	-1.370444
Pdia3	-0.497396	0.504994	-0.313812	-0.433942	-0.590778	-1.019747
Pdia4	-0.350840	0.562219	-0.250845	-1.553059	0.038555	-0.600267
Pdia6	-0.018369	1.047455	0.134765	1.116191	-0.028654	-1.289635
Pdk3	0.984932	5.140580	-2.648467	0.672080	0.064510	0.392723
Pdlim1	-0.836767	1.417996	-0.257183	0.992557	-2.400966	-1.438865
Pdlim2	0.984932	2.155496	-1.707017	0.672080	-3.638279	-0.009324
Pds5a	-0.432165	1.827038	-0.406420	-2.945778	0.421119	-1.657001
Pds5b	-0.476669	1.718653	-0.120222	-1.676835	0.864105	0.124287
Pdxk	0.984932	3.498851	-1.447410	0.672080	0.064510	-0.337584
Pebp1	0.791534	1.422402	-0.068523	3.630308	-2.085534	-0.891826
Pecr	3.747837	1.221580	1.113210	-2.643910	0.064510	-1.147971
Pef1	0.984932	1.543558	-0.713409	0.672080	4.621868	0.446769
Pelo	-2.088538	1.829338	-0.039567	0.401875	-0.299988	-1.378502
Pelp1	-2.699183	1.693217	1.314833	-3.122781	1.264384	-1.467792
Pes1	-0.691590	0.127904	-0.719603	-1.266389	-1.146115	-2.545778
Pex11b	-3.490712	4.663110	3.001833	3.189191	0.610657	-1.147971
Pex14	0.933183	0.683006	-1.344792	-0.775677	-0.787711	0.159416
Pfas	0.624483	1.745052	-0.980571	0.490467	0.179095	-1.634344
Pfdn1	0.984932	2.845631	-5.181548	0.269848	0.064510	-1.147971
Pfdn2	1.871333	2.118981	0.012631	-1.130557	-0.389445	-1.217890
Pfdn5	4.058977	-1.480640	-0.488494	3.246650	-0.363459	-1.833006
Pfdn6	-2.552248	-0.106150	0.988453	-2.755011	0.064510	-2.917603
Pfkl	0.973308	0.660823	-0.990285	0.672080	0.064510	0.541171
Pfkp	-0.391718	1.893468	-0.918714	5.622392	1.721054	-0.870627
Pfn1	0.484751	0.832170	-0.049191	2.627017	-1.408468	-1.223750
Pgam1	0.915837	2.378801	-0.495820	3.131020	1.927612	-0.717254
Pgam5	-0.499761	0.245219	-1.919420	-1.685023	-0.051501	-0.905727
Pgd	-0.541246	0.876854	-0.348059	-0.996120	-2.156887	-0.404661
Pgk1	0.500089	1.204946	-0.342895	0.984684	-0.595492	-0.711786
Pgls	-0.121910	1.215253	0.159950	0.596508	1.735898	-1.554611
Pgm1	0.240814	2.662749	-1.111672	-1.715478	-1.058709	-0.433652
Pgm2l1	-2.723428	0.917220	0.412287	-2.391317	0.064510	-1.460994
Pgrmc1	0.984932	0.781978	-1.067632	-3.052207	1.207611	-0.669528
Pgrmc2	-1.303389	0.508416	0.524390	-1.981945	0.397334	-0.466101
Phb	-0.100907	1.371209	-0.547074	0.384241	-1.083396	-0.842323
Phb2	-0.902660	0.763810	-0.310481	-0.378100	-0.206878	-0.764508
Phf5a	0.319993	0.586557	1.113210	-0.604344	-0.345031	-1.147971
Phf6	-1.915064	2.427238	-1.326907	-1.243887	2.695195	0.061750
Phgdh	-0.014884	1.121582	-0.846309	0.133260	-0.796826	-0.933799
Phip	0.622572	0.439217	-0.066773	-8.702309	2.946758	0.631111
Phpt1	-1.716458	-0.256732	1.113210	-5.341456	-3.298912	-1.147971
Picalm	-0.890639	1.416492	0.250136	-2.458804	1.014576	-0.143256
Pigk	0.984932	0.540783	-0.023036	0.672080	0.064510	0.405481
Pigs	3.880259	2.719898	-3.163230	0.672080	0.064510	-1.095520
Pih1d1	0.984932	-1.451267	5.035192	2.365431	0.064510	0.241185
Pik3ap1	-1.282004	3.690673	-0.708247	-0.229160	-4.041610	0.899505
Pin1	-0.101071	0.059433	0.540433	4.661980	-4.977544	-3.370375
Pin4	-0.975381	1.870033	-0.213879	-4.483022	-0.234510	1.532641
Pip4k2a	0.984932	1.221580	10.121832	9.679447	-1.277101	-1.147971
Pitpnb	0.074356	4.710135	-4.588716	-6.010547	0.709276	-1.147971
Pitrm1	-1.585251	-0.456272	-0.138966	-2.879160	0.189723	-0.928662
Piwil4	-0.314844	-0.072749	1.113210	4.533536	0.064510	-3.878341
Pkm	0.755713	1.275738	-0.382409	-0.272271	-0.668676	-1.077950
Plaa	-0.293545	-2.914278	-0.405529	-2.826674	-0.459927	-1.147971
Plac8	-0.305912	-0.027393	0.191922	1.072122	-1.199862	-0.332055
Plcg2	-0.934376	0.872983	-0.428591	-0.071536	-1.412408	-1.377270
Plec	0.984932	-0.001395	0.413053	1.800612	-4.479286	-4.016173
Plrg1	-1.740517	0.459030	-0.119387	-4.251701	-1.239421	-0.249475
Plscr1	-1.188998	3.039862	0.242555	-2.932487	-3.840343	-2.261038
Pmf1	-2.203318	1.112856	-0.488021	0.672080	0.722273	-1.119616
Pmm2	-4.942141	-4.170488	1.113210	-3.186463	-2.561261	-1.147971
Pmpca	-4.155930	-0.584524	0.896256	2.962108	-2.844324	-2.625789
Pmpcb	0.581439	1.449453	-2.104838	-3.200157	-1.260171	-1.544195
Pnn	-1.463442	2.953072	-0.853584	-0.682036	-0.416363	-0.136565
Pno1	-0.483671	1.368725	-0.711993	0.194328	-1.322687	-4.100941
Pnp	-0.755722	-0.554029	0.024140	0.290566	-1.944761	-2.583947
Pola1	-1.625321	1.637775	-0.627665	2.830200	1.430169	-1.017019
Pola2	-1.070449	-3.468152	4.013041	-1.706438	-1.262247	-1.147971
Pold1	-0.627362	1.364585	-0.346652	-0.798795	-3.474650	-0.737539
Pold2	11.059350	12.235459	4.581981	3.597397	0.064510	2.286166
Pold3	0.984932	1.200608	2.310405	0.672080	-0.516884	-0.627717
Poldip3	-1.128578	0.692827	-0.812269	-2.262721	1.061142	-0.580878
Pole3	-0.111948	0.796061	-1.171491	-0.886974	-1.421198	-2.375585
Polr1a	1.189108	1.221580	1.113210	-6.139070	2.833181	-1.147971
Polr1c	-1.910772	0.964325	-0.401569	0.727564	-1.461865	-1.765725
Polr2a	-0.762101	0.843094	-1.234097	-2.367776	0.377328	-1.509609
Polr2b	1.095859	0.394817	-0.373036	-3.157977	0.354130	2.510808
Polr2c	-1.611963	1.295693	-2.140317	-1.807449	-0.089550	-1.335381
Polr2e	-1.177425	0.799587	-0.567609	-2.835182	0.468763	0.052277
Polr2h	0.229409	0.858340	0.305485	-2.104745	2.138896	-1.909813
Por	-0.789116	-3.415656	-2.153981	-3.498284	3.779573	-0.810500
Ppa1	1.097732	1.960088	-0.413311	5.637063	-4.008996	0.926206
Ppan	-1.170897	0.358512	-0.883341	-1.059423	-2.394928	-0.235401
Ppia	0.480224	1.471084	-0.138648	1.173537	-1.560914	-0.961025
Ppib	0.219228	1.211347	-0.244686	0.957796	-0.959656	-0.763116
Ppid	-2.329717	0.244498	-0.514678	0.480512	-5.646752	-0.887198
Ppif	0.984932	-2.012005	1.539425	2.618043	0.064510	-1.894767
Ppig	-0.758656	1.520596	1.113210	-1.373134	0.164164	-0.264659
Ppih	0.984932	-2.933762	-3.422695	0.672080	0.064510	1.740122
Ppil1	-1.107349	0.540377	0.109271	-1.329087	-1.812662	-1.010338
Ppil2	0.826542	1.221580	-0.541003	-3.851822	-0.169892	-1.147971
Ppm1f	2.477532	-1.648553	-1.035479	-3.070608	0.064510	-1.344394
Ppm1g	-0.903218	0.844329	-0.421450	-0.303351	-0.523711	0.590846
Ppp1ca	-0.618949	0.660301	-0.376388	0.976795	-2.263377	-1.253984
Ppp1cb	-0.825218	-0.150449	0.189928	0.367499	-1.182972	-2.230478
Ppp1cc	4.034355	0.504312	-0.728433	4.281246	-3.437835	-0.253923
Ppp1r10	0.984932	0.381345	-0.712428	0.672080	-2.407587	-1.388692
Ppp1r12a	3.072432	0.594455	-2.572095	2.909437	-1.397847	-1.537821
Ppp1r14b	0.984932	3.614213	-4.903916	4.555324	0.064510	-1.147971
Ppp1r16b	0.984932	2.158961	-4.535009	0.672080	0.064510	-1.147971
Ppp1r18	-1.426312	2.618379	-0.832601	-3.117392	-4.667160	0.634642
Ppp1r7	0.984932	1.225343	-1.621537	0.672080	-1.399620	-1.254320
Ppp2ca	0.984932	0.625907	-1.030240	6.528674	0.064510	-0.535395
Ppp2r1a	-0.631929	0.859911	-0.004627	-0.501407	0.036062	-1.086573
Ppp2r1b	-0.096106	6.001556	-0.819739	0.448509	0.089731	1.122865
Ppp2r2a	0.984932	0.331359	-0.210745	3.956132	-2.713953	-0.435724
Ppp2r4	0.984932	0.370889	0.875889	4.329615	0.064510	-1.745415
Ppp2r5c	0.984932	-1.622825	-0.526125	3.681884	0.064510	-0.793046
Ppp3ca	-1.115774	1.221580	2.269175	0.672080	0.064510	0.434708
Ppp3r2	0.353810	1.221580	1.113210	-3.081757	1.129812	-1.147971
Ppp4r2	1.038849	1.221580	1.113210	-3.637650	1.538114	-1.147971
Ppp4r4	0.092101	-3.934752	-0.662673	-1.178036	-3.434671	-1.770531
Ppp5c	-0.499672	2.700377	-2.858795	-3.555241	0.064510	-1.147971
Ppp6c	0.984932	1.009000	-0.505915	4.172660	0.064510	-0.919650
Ppp6r1	2.849310	1.221580	1.113210	-1.939187	-1.837016	-1.147971
Ppwd1	0.984932	0.035165	-0.194264	-1.597980	0.064510	0.309095
Pqbp1	-2.883178	-0.459507	-0.352090	3.062151	0.064510	0.448617
Prdx1	0.060318	0.842229	-0.416295	0.272578	-0.927375	-1.213417
Prdx2	1.430457	1.353249	-0.290312	0.399461	-0.646557	0.056702
Prdx3	0.048199	1.027444	-0.511574	0.608019	0.891458	-1.006236
Prdx4	0.132461	0.767386	-0.680654	1.948507	-5.053704	-0.327220
Prdx5	-0.574749	0.650101	-0.594860	2.940797	-0.613219	-0.890497
Prdx6	0.254380	1.493728	-0.171057	0.812388	-0.957261	-1.561007
Prep	4.405511	0.769928	-0.157000	1.592942	4.230129	-1.060561
Prim1	-4.057081	2.651720	0.002556	3.137412	-3.113986	0.873251
Prim2	-1.556046	3.554665	-0.565739	-3.472935	-4.992965	-2.400664
Prkaa2	0.984932	0.562332	-0.662589	0.672080	0.064510	-1.434699
Prkaca	-3.322154	-1.657154	0.234057	0.672080	0.064510	1.003516
Prkacb	0.984932	1.014576	-0.741546	1.166517	0.064510	-0.468132
Prkar1a	-3.792592	1.349505	-0.338320	0.130030	4.065200	-0.135455
Prkar2a	3.082412	0.456597	-1.449185	0.672080	0.064510	-1.816162
Prkar2b	0.984932	2.105077	-1.056345	0.672080	0.064510	0.103105
Prkca	-0.028234	6.082919	1.113210	2.199120	0.648450	-1.147971
Prkcsh	-0.236707	1.124948	-0.676460	-1.381932	0.366932	-1.049710
Prmt1	-0.917276	1.385598	0.017151	2.809217	-2.033387	-1.362825
Prmt5	-0.272587	1.580879	-0.975213	0.547794	-0.190533	-0.761318
Prosc	0.984932	-0.445719	0.462173	1.020555	0.064510	-0.848541
Prpf19	-0.581698	2.006246	-0.616771	0.961090	-1.133929	0.083546
Prpf3	-0.447800	0.076833	1.113210	-4.116798	-3.358300	-1.147971
Prpf31	-0.985432	1.035756	-0.793377	2.442754	0.895162	-1.020007
Prpf38b	16.180716	14.122790	1.113210	0.672080	0.064510	-1.147971
Prpf4	-1.290309	0.605326	1.986386	2.940131	-0.737406	-1.147971
Prpf40a	-2.107106	3.003406	-0.414710	1.996921	0.936484	0.271499
Prpf4b	0.984932	4.061515	0.199948	3.981632	0.064510	0.495314
Prpf6	0.984932	1.428850	-0.777956	-4.369359	0.630338	1.712277
Prpf8	-0.181925	1.903593	-0.332937	1.728960	-0.390700	-0.573689
Prps1	-1.285191	1.327929	-0.735187	0.017491	-0.684188	-1.455037
Prps2	-0.611926	-0.775380	-0.312634	-1.957869	-2.485591	-1.046924
Prpsap1	3.840438	2.379670	-1.098414	3.624515	-1.319443	-0.369261
Prpsap2	0.984932	-0.889539	10.430165	9.717472	0.064510	-1.147971
Prrc2a	0.984932	1.221580	-2.038161	-3.603043	1.706427	-1.147971
Prrc2c	-1.003069	-2.149277	0.271914	-4.248272	0.458641	-1.147971
Psap	0.231335	-0.494352	-0.766200	-1.616648	-0.571999	-0.935882
Psat1	-0.641652	0.608900	-0.300042	0.742618	-0.939210	-1.392827
Psip1	-0.491696	0.876059	-1.164738	-1.252218	-0.494285	-0.192775
Psma1	0.968814	2.547203	-0.708440	-1.330228	-0.254074	-0.567128
Psma2	-0.383056	1.017995	-0.935806	-0.916650	1.163122	-1.135420
Psma3	-0.740362	2.171576	-0.662536	-2.263692	-1.016975	-1.414045
Psma4	1.526977	0.729506	1.660079	-2.063064	-4.533326	-0.400537
Psma5	0.024726	0.523599	-1.011020	0.977725	-1.067954	-1.126300
Psma6	-0.429519	1.652494	-1.053670	-0.459549	-0.610052	0.941731
Psma7	-0.055678	0.963489	-0.044308	-0.004236	-3.790730	-0.797824
Psmb1	-0.769931	2.271533	-0.807199	7.551481	-4.110837	-0.725342
Psmb10	-0.243157	1.538200	0.960169	-1.370691	-1.346097	0.929787
Psmb2	-0.475378	1.993617	-1.581502	-1.035238	-1.510355	-1.704801
Psmb3	-1.357312	-0.302540	-0.841406	-1.453489	-1.555191	-0.799687
Psmb4	1.266975	1.328475	0.375154	1.052841	-0.481399	-0.108957
Psmb5	1.048077	1.221580	1.113210	-4.160767	-3.018841	-1.147971
Psmb6	-0.970121	3.018348	-2.950857	-2.508498	-3.438728	-0.331015
Psmb7	0.104168	1.725765	-1.142303	-4.123544	1.772983	0.880841
Psmb8	0.526586	0.193171	-1.953721	0.662888	-1.282408	-1.869559
Psmb9	0.949853	5.176819	-1.832468	-2.415904	-0.112399	-0.645002
Psmc1	-1.594443	1.039270	-0.532108	-0.390222	-2.533074	-0.319288
Psmc2	-0.417684	1.141276	-0.831208	-0.757583	-0.336929	-0.545574
Psmc3	-0.061767	0.760901	-0.335583	1.376536	-5.201232	-0.798781
Psmc4	0.017390	0.514244	-0.605802	0.655962	-5.028336	-1.257757
Psmc5	-0.250972	0.962105	-0.840925	-2.944974	0.547084	-1.368910
Psmc6	-0.252567	1.264794	-0.793241	1.708311	-3.967546	-0.469473
Psmd1	-0.407180	0.879117	-1.080571	0.454202	-3.236196	-0.820366
Psmd11	-0.132422	0.676180	-0.129449	1.395287	-2.539262	-1.485735
Psmd12	-0.613444	1.202746	-0.338724	-1.718440	-0.192440	-1.446881
Psmd13	-0.257071	1.477729	-1.138376	-1.853850	0.438957	-2.602861
Psmd14	-0.471531	0.340670	-0.023110	5.665167	-3.436252	-1.515845
Psmd2	-0.582127	1.599339	-0.347004	-0.399324	-0.557695	-1.151353
Psmd3	0.279146	1.038235	-0.129745	0.468177	-3.331574	-0.538828
Psmd4	-0.446851	1.281190	0.159700	2.034888	0.638366	-1.215911
Psmd5	-0.936134	0.139557	0.230856	1.597004	-3.257029	-0.459573
Psmd6	-0.385596	3.772013	-0.368670	-1.211187	-2.960481	-0.553139
Psmd7	-0.413653	0.964997	-0.413802	-2.672363	0.453062	-0.326197
Psmd8	-0.800893	1.096497	-0.078174	6.180072	0.064510	0.576616
Psmd9	0.213630	2.208777	-2.704949	-0.445855	2.076209	-0.207985
Psme1	0.093984	2.469596	-0.714472	3.592949	-1.652857	-1.553270
Psme2	-0.200227	0.107035	-1.175684	-1.463805	-3.733624	-0.783441
Psme3	0.297920	0.649476	-0.316888	1.008372	-2.845614	-2.478103
Psme4	0.150401	0.336046	1.113210	-2.511583	2.417573	-1.147971
Psmg1	1.719508	2.015103	-0.270003	1.124174	0.548371	-1.773503
Pspc1	0.984932	1.647182	-0.017976	0.672080	0.064510	0.247407
Psph	4.199013	3.600565	-2.101245	2.051899	2.132803	-1.071542
Ptbp1	0.695416	1.238216	-0.061801	2.028938	-1.340217	-0.792432
Ptbp3	-0.719025	0.441580	-0.583482	2.538083	0.301917	0.227086
Ptcd3	0.984932	2.652497	-0.260348	2.811984	0.064510	0.398089
Pten	2.390979	3.502987	-4.692851	0.672080	0.933852	-1.147971
Ptges3	-1.364057	1.539057	-0.248230	0.592813	-1.865190	0.290198
Ptgr1	4.939113	3.790080	-0.790094	3.340748	0.064510	-1.372548
Ptgs1	-1.138486	1.538408	-1.692175	4.466883	0.064510	-0.714027
Ptma	0.612580	0.769173	-0.159383	-2.825722	1.169984	-1.017212
Ptplb	0.984932	0.283740	0.179322	-1.477194	0.464208	-1.091278
Ptpn6	-0.088024	1.465376	-0.341140	-1.290362	-0.620998	-0.878196
Ptprc	-0.065785	0.216095	-0.325710	0.677889	-0.725267	-0.170735
Ptprcap	0.984932	2.050797	-0.597243	4.206902	0.064510	-0.068259
Ptrh2	-2.818084	0.603908	-0.769549	-1.107264	-3.102021	-0.564122
Puf60	-0.543970	2.456600	-0.862629	0.550276	-2.934167	-1.321019
Pum2	-0.934808	-3.572437	0.150561	-5.079294	0.436231	-1.147971
Pura	1.127592	1.980261	-0.376513	1.609721	0.194900	1.156893
Purb	-1.714492	0.818002	-0.246807	-2.292886	-0.103294	1.923351
Pus1	-1.642109	1.221580	-0.174490	0.672080	-2.768844	-0.349601
Pwp1	4.200252	1.221580	1.113210	-5.471679	-0.696768	-1.147971
Pxn	0.984932	1.221580	2.715876	-3.377875	0.064510	-3.472402
Pycard	-0.732566	-0.967132	-0.197308	-4.948672	-2.262468	0.391611
Pycr2	-0.603876	1.763814	-0.334680	-0.392488	0.672012	-0.260419
Pycrl	-0.211749	4.579416	-4.430083	-0.819717	-2.092213	-1.147971
Pygb	0.745280	4.039674	-1.086187	-3.863048	2.807066	-1.147971
Qdpr	-1.696722	2.816528	0.100776	0.360359	3.792690	0.529388
Qil1	0.984932	2.768023	0.670293	0.672080	0.064510	-2.116448
Qrich1	0.984932	1.221580	-0.704252	-0.129773	0.064510	-1.147971
Rab10	-1.457533	0.552337	-0.444867	-1.696889	-0.265648	-1.003472
Rab11b	0.313040	0.475153	-0.649335	0.387106	-2.785813	-1.080364
Rab11fip3	-0.657474	1.221580	1.113210	0.672080	4.307155	-1.147971
Rab14	-0.086381	1.614730	-0.496223	1.290840	-1.713565	-0.687590
Rab18	-0.559815	-1.167400	-0.413604	0.415057	-2.450344	-0.531004
Rab1A	1.031231	1.837654	-0.536697	2.478190	1.551612	-1.708151
Rab1b	-1.212605	1.251441	-0.197542	2.462004	-2.966969	-0.986394
Rab21	-0.520638	-1.555787	1.113210	-4.801102	0.658227	-1.147971
Rab2a	0.680685	4.152430	-0.873697	4.592658	-0.159169	-1.158105
Rab3gap1	1.551345	2.535240	1.113210	-3.853110	0.028417	-1.147971
Rab3gap2	0.044595	3.681305	-0.559693	-2.150619	0.196691	-1.018084
Rab5a	0.984932	2.478497	-1.202027	0.672080	0.064510	-0.291737
Rab5b	0.984932	1.221580	-1.189434	0.672080	0.064510	-1.147971
Rab5c	-0.752501	0.355891	-0.283369	-0.647274	-0.911819	-0.713158
Rab6a	-0.606335	-5.061093	-3.127579	-3.020251	-1.323294	-1.147971
Rab7a	-0.466776	1.233443	-0.319655	1.061296	-2.623987	-0.907435
Rab8a	-2.698834	0.547536	-0.312234	-1.229864	-2.847584	-1.582915
Rab8b	-2.396346	-1.180846	0.710664	-2.176579	-1.666895	-1.389942
Rabl6	3.730889	1.221580	1.113210	0.198257	0.064510	-1.147971
Rac1	-0.472444	1.633417	-0.906650	-1.832825	-1.557247	0.167778
Rac2	-0.358683	0.773691	-0.304350	-0.671885	-1.509186	-0.683607
Rad21	-2.998074	1.325453	-1.321663	-4.429683	-4.513194	-1.257288
Rad23b	1.310118	1.280238	-1.969731	-2.479056	-0.222923	0.453126
Rad50	-0.323010	0.900584	-0.740383	-5.502648	0.953981	-0.118552
Rae1	0.327428	1.482734	0.527749	-1.278387	-0.607192	-1.453625
Ralb	-0.004797	0.839066	-0.658243	-2.622864	-2.107847	-1.633878
Raly	-0.250655	1.242993	0.118263	-0.167577	0.691362	-1.082046
Ran	0.625376	0.585609	-0.373003	0.229702	-0.461341	-1.058311
Ranbp1	-0.996688	1.261448	-0.313245	1.054647	-0.466473	-1.448026
Ranbp2	-1.157419	0.790279	-0.345422	-2.368345	-0.661581	-0.377982
Ranbp3	-0.797982	1.187196	0.497563	-3.252402	0.386305	-3.296795
Rangap1	-0.673597	0.648850	0.188968	-1.985351	-2.262986	-0.514293
Rap1a	-1.689784	1.221580	1.113210	4.025239	-0.573989	0.286557
Rap1b	-1.316781	0.281593	-0.520251	0.340326	-1.146404	-0.439305
Rap2c	0.188351	-2.868210	-0.330347	-3.105680	-1.497489	1.468653
Rars	-1.412914	1.129774	-0.377092	-1.342283	-1.863582	-0.635782
Rars2	2.343022	0.482341	-3.719446	0.672080	0.064510	-1.147971
Rasgrp2	0.984932	2.015150	-2.634482	0.672080	0.064510	0.924123
Rassf2	-1.012402	2.294285	1.113210	-1.282039	-0.377106	-1.147971
Rassf4	-0.876467	1.221580	1.113210	0.672080	-1.317630	-1.147971
Raver1	-1.306766	1.991830	-0.840765	-0.993406	-2.036837	-0.657116
Rbbp4	-0.739361	1.055569	-0.241314	0.419495	-0.371772	-0.792396
Rbbp7	-0.831199	0.829019	0.050970	-0.307280	-2.644249	-0.873783
Rbl1	1.970749	1.221580	10.179519	10.007640	0.064510	-1.147971
Rbm10	0.984932	3.296303	-3.246375	-4.242968	2.999124	-0.333526
Rbm12	1.753841	3.995280	-0.718357	-7.244746	-2.478752	-1.147971
Rbm14	-2.098686	0.500674	-0.421605	-0.153168	-1.328097	-0.483383
Rbm17	-0.161761	1.894581	-0.730189	1.335179	-2.593374	0.759559
Rbm19	0.984932	0.070003	-0.028283	1.347942	-0.656648	-0.665082
Rbm22	-1.052713	1.195897	-0.701251	-0.954485	1.013357	-2.212292
Rbm25	-1.103331	0.652487	-0.299641	-1.104457	1.072020	-0.461759
Rbm26	0.754136	-0.068085	0.695988	0.483102	0.593504	-4.938252
Rbm28	-1.545137	0.116129	0.048806	0.435503	2.993900	-1.975662
Rbm3	-1.346481	1.072401	-0.678317	1.912067	2.190348	-0.971530
Rbm34	-1.683407	1.221580	10.262342	9.906601	0.064510	-1.147971
Rbm39	0.103600	1.388022	-0.151603	0.578447	-2.392563	-0.923703
Rbm42	0.984932	1.006298	-0.838278	3.643963	0.064510	-1.147971
Rbm8a	-0.636174	0.524036	-0.499430	-0.585256	-5.798510	0.309007
Rbmx2	0.099733	2.626450	1.113210	-2.105442	1.825391	-1.147971
Rbmxl1	-0.525776	1.170674	-0.115942	-0.783211	0.815866	-0.719344
Rbx1	4.887149	3.580423	4.386055	-0.492916	-3.678418	-2.200337
Rcc1	0.252200	1.002204	-0.081185	-3.240557	-1.098141	-1.011358
Rcc2	-0.192296	1.103266	-0.226798	0.706619	-1.222330	-1.009158
Rcl1	-2.081626	1.221580	10.402922	9.677423	-1.757085	-1.147971
Rcn1	-1.285340	1.221580	9.885724	10.162551	0.064510	-1.147971
Rcn2	-3.551118	-0.297766	0.051972	0.672080	-1.534323	-1.437942
Rdh11	-0.380217	0.295099	-0.718594	-1.141096	-1.893271	-1.707478
Rdh13	0.984932	1.221580	1.113210	-2.755067	0.064510	-3.728922
Rdx	0.771149	2.331405	-1.236592	-2.455664	-1.813612	-2.534564
Reep5	1.097351	1.177075	-1.589637	-1.694840	2.690186	0.024366
Rer1	-1.369245	1.221580	1.113210	0.672080	-2.787456	-1.147971
Rexo2	0.984932	2.071466	-3.381885	0.672080	-4.272692	0.094069
Rfc1	-1.239995	0.823464	-1.537851	-2.207179	-1.130155	1.685462
Rfc2	-0.502555	1.519916	-0.069108	-2.221295	-2.313490	-0.322296
Rfc3	-1.716163	0.137603	-1.037944	-1.434990	0.550391	-0.173432
Rfc4	0.839844	-0.236982	0.189432	-2.082621	-3.562735	-1.166624
Rfc5	-0.568961	1.152048	-0.403182	-0.577086	0.520602	-1.217855
Rftn1	4.224043	1.221580	1.113210	-4.115310	1.622894	-1.147971
Rfxap	0.984932	-0.125526	-1.112955	2.557231	0.064510	1.067006
Rheb	0.984932	1.221580	-1.967002	0.672080	0.064510	-1.147971
Rhoa	-1.438728	1.532984	-0.449018	0.689012	-0.899524	-1.108597
Rhog	0.022036	1.863312	-1.005646	0.978011	-2.649833	-0.752618
Rif1	-3.253968	1.221580	1.113210	0.672080	3.611469	-1.147971
Rltpr	0.984932	1.221580	1.113210	-2.831705	0.717244	-1.147971
Rmdn3	0.984932	2.553573	-1.277133	0.672080	0.064510	0.295023
Rnaseh2a	-1.848725	2.836106	0.094319	-3.606392	0.064510	-1.147971
Rnf126	2.579531	1.221580	1.113210	-0.073312	0.064510	-1.147971
Rnh1	-0.755090	0.470113	-1.083253	-1.422490	-0.023511	1.520290
Rnmt	-2.639765	0.198670	0.123583	2.766961	-0.147826	-2.228267
Rnpep	-0.373498	1.909584	1.113210	-5.728531	0.391693	-1.147971
Rnps1	0.086260	0.213158	-0.589697	0.053466	-2.187669	-1.101392
Romo1	-1.250484	-1.594863	1.113210	3.791644	-0.683247	-1.147971
Rpa1	0.725621	2.174487	-0.555721	-1.177426	0.272450	-0.781396
Rpa2	-0.346947	0.627818	0.158440	2.248961	-2.577636	-1.206766
Rpa3	-0.173901	1.918267	-0.415635	4.929898	0.064510	-1.504846
Rpap3	0.984932	1.221580	1.113210	-0.665063	0.064510	-1.147971
Rpf2	-0.413821	0.410395	-1.450566	-0.277428	-1.988265	-2.393847
Rpgrip1l	0.984932	1.221580	0.665823	0.672080	0.064510	-1.147971
Rpia	0.984932	3.872466	0.038503	0.672080	0.064510	-1.147971
Rpl10	0.056189	1.110663	-0.164440	-1.150041	-0.191996	-0.975753
Rpl10a	-0.789305	0.627131	-0.156384	-0.055645	-2.042528	-1.033842
Rpl11	0.839253	1.076282	-0.583907	-0.075672	-0.077992	-1.086302
Rpl12	-0.227870	0.686007	-0.469354	0.757539	-0.626215	-1.169964
Rpl13	0.056338	1.166180	-0.131540	0.048356	-0.846104	-0.813991
Rpl13a	0.314549	0.216898	-0.387946	-0.697410	-0.565956	-1.025924
Rpl14	-0.271327	0.047177	-0.392617	-0.153712	-0.610579	-1.100471
Rpl15	-1.937595	0.681484	-0.399642	0.963280	-2.258850	-0.905915
Rpl17	0.125156	0.503931	-0.538959	-0.399323	-0.994655	-0.946675
Rpl18	-0.128373	1.037383	-0.310552	0.762458	-0.673403	-1.069180
Rpl18a	0.163112	1.304469	-0.591697	-0.006088	-0.966676	-1.046445
Rpl19	-0.205685	1.552845	-0.745221	-0.967051	-3.071265	-1.067769
Rpl21	0.560024	1.316680	-0.395141	1.572723	-4.418568	-0.923686
Rpl22	0.249062	1.032951	-0.296055	1.708580	0.004843	-1.318796
Rpl22l1	1.354963	1.665385	-1.105272	2.394098	-0.872112	0.890397
Rpl23	0.497611	1.412925	-0.383063	-0.691603	-1.033910	-1.075194
Rpl23a	-0.283959	0.702442	-0.613795	-0.128458	-0.608300	-0.796259
Rpl24	0.436342	1.896007	-0.691402	-0.205622	-1.557452	-0.922131
Rpl26	-0.447926	0.878739	-0.498505	-0.669706	-0.250633	-0.475280
Rpl27	0.253542	0.962823	-0.138959	2.317978	-0.346919	-0.530424
Rpl27a	0.454794	1.495618	0.011168	-0.042018	-0.935339	-1.074725
Rpl28	-0.107214	0.542309	-0.474054	-1.310146	0.194980	-1.148316
Rpl29	-0.713201	0.394826	0.148652	2.323520	-0.639696	-1.607148
Rpl3	-0.795087	0.940177	-0.308296	0.126724	0.138644	-1.074315
Rpl30	-1.082093	1.731248	-0.065147	0.494598	-1.012638	-0.803604
Rpl31	-0.750803	0.422495	-0.341298	-0.119637	-1.455657	-0.996155
Rpl32	-0.927061	1.287150	-0.610453	-0.580571	-1.970363	-1.673322
Rpl34	0.348260	1.136820	-0.439244	-0.327160	0.324355	-0.599659
Rpl35	-1.001220	0.614929	-0.462961	0.066444	-1.857583	-1.075314
Rpl35a	0.206617	0.286752	-0.443119	-1.533066	0.070272	-0.613095
Rpl36	-0.452951	0.701368	-0.959562	-1.974940	-1.686773	-1.446203
Rpl36a	-0.612307	0.583885	-0.682013	-3.744372	-0.015579	-0.822410
Rpl37	0.984932	1.221580	-0.010561	0.672080	0.064510	-1.147971
Rpl37a	-0.585545	0.938167	-0.491910	-3.005069	-0.083557	0.172445
Rpl38	-0.171436	0.109766	-0.650780	-0.214058	-5.427814	-1.343641
Rpl39	0.984932	0.462528	0.995546	7.373201	0.064510	5.031061
Rpl4	0.035673	1.151484	-0.335525	0.135635	-1.734965	-1.213731
Rpl5	-0.388482	1.246998	-0.472176	0.052356	-0.875021	-1.192021
Rpl6	-0.439361	1.117195	-0.568734	0.290458	-1.436423	-1.128955
Rpl7	-0.196220	0.504689	-0.309827	-0.204925	-0.807003	-0.955703
Rpl7a	0.060014	1.290451	-0.337484	0.060507	-0.462781	-1.004841
Rpl7l1	0.005489	0.587526	-0.809794	3.628260	0.483985	-1.353497
Rpl8	-0.919319	0.698527	-0.427392	-0.295345	-1.673603	-0.843749
Rpl9	-1.007710	1.357258	-0.429005	-0.426594	-0.526453	-0.618314
Rplp0	0.452210	1.222939	-0.008894	0.270993	-0.433868	-0.984140
Rplp1	-0.572130	1.842954	-0.293934	3.464115	-1.619395	-1.214713
Rplp2	0.586635	1.580078	0.438906	2.571845	-1.074479	-1.253242
Rpn1	-0.677844	0.723323	-0.647129	-0.237712	0.184379	-0.954528
Rpn2	0.037812	1.217617	-0.113367	1.159273	-0.859812	-1.040631
Rpp30	-1.833491	-1.702182	-2.890459	2.149366	2.447226	-1.317372
Rprd1b	-1.152470	0.867693	-1.565235	0.729160	-1.033568	-1.258522
Rps10	0.440976	1.189837	-0.509324	3.462763	0.281145	-1.255735
Rps11	-1.234893	1.038205	-0.427723	-1.224246	-1.949018	-0.391057
Rps12	0.095856	0.517525	-0.703651	1.713283	-1.676421	-2.384348
Rps13	-0.876600	1.214043	-0.068584	1.212171	-0.531876	-1.342524
Rps14	-0.294654	0.554427	-0.137920	-1.386457	-0.097540	-1.587722
Rps15	-0.575276	-0.261467	-0.400349	-1.735451	-1.391059	-1.632371
Rps15a	0.230644	1.492745	0.137927	2.478364	-0.348829	-1.099096
Rps16	0.054337	2.339981	-0.147599	0.932250	-3.465603	-1.210403
Rps17	0.937193	1.131491	-0.706438	0.973979	-0.749811	-1.635721
Rps18	-0.635343	0.529295	-0.197747	-0.581867	-1.327478	-1.115508
Rps19	-0.064275	0.478769	-0.766496	-0.113034	-1.465526	-0.676363
Rps2	-0.412746	0.858372	-0.088533	0.222808	-1.175290	-0.965134
Rps20	-0.015255	1.203486	-0.642232	0.021938	-1.973779	-1.398562
Rps21	-0.970340	1.623192	-0.403142	-0.713391	-1.688354	-1.503023
Rps23	-1.937215	1.119892	-0.644468	-0.814111	0.551911	-0.210294
Rps24	-0.459449	1.198467	-0.088997	3.206591	-1.915253	-0.843623
Rps25	0.449423	1.474599	0.043491	1.624106	-0.555863	-0.827000
Rps26	-0.589082	0.587902	-0.287631	0.067756	-0.879436	-1.342000
Rps27	-0.511010	0.714285	0.383527	-0.720150	-0.989259	-1.095350
Rps27a	0.197017	0.001449	-0.538536	-1.146908	-1.015781	-0.681266
Rps27l	-0.826845	1.269109	-0.352916	2.389297	0.008416	0.027886
Rps28	-0.509254	1.607743	-0.326148	0.401941	-2.332388	-1.253022
Rps29	-1.715770	-0.606662	-0.733181	2.284661	-3.954920	-1.373064
Rps3	-0.011167	0.992550	-0.258869	0.441445	-0.684033	-1.076885
Rps3a	-1.020078	0.928939	-0.320702	-0.205291	-0.986341	-1.139461
Rps4x	-0.353175	0.646696	-0.443337	0.060116	-1.973480	-1.295232
Rps5	-0.755659	0.838786	-0.245141	-0.484230	-0.752371	-1.214527
Rps6	0.399641	2.114935	-0.685901	0.812063	-0.628243	-1.006064
Rps6ka3	4.232279	3.686922	0.716103	0.672080	-2.394175	-0.191058
Rps7	-0.853845	0.450761	-0.483376	-0.326876	-0.804912	-1.671940
Rps8	-0.444735	0.634042	-0.415198	0.783433	-0.589533	-1.228374
Rps9	-0.299425	0.783158	0.060039	0.584803	-1.495457	-1.460196
Rpsa	-0.235040	0.542048	-0.162477	0.828382	-0.701905	-1.687915
Rqcd1	0.984932	1.913038	-1.192809	-1.632940	-1.705764	-1.147971
Rras2	0.984932	-1.925971	0.727152	1.675248	0.064510	-0.287574
Rrbp1	0.455990	2.356564	-0.846459	-3.221463	-0.067742	-0.951841
Rrm1	-0.620684	1.933304	-0.251966	1.564027	-1.424826	0.025530
Rrm2	0.439392	2.748351	-0.617095	-0.974643	-2.473694	-2.067541
Rrp1	-0.348678	1.150004	-2.613696	-2.461242	0.409408	-3.138670
Rrp12	-1.032805	-1.431205	-0.477883	-4.638400	-1.791127	-0.286011
Rrp15	0.984932	4.802137	-2.045857	3.821211	0.064510	1.055241
Rrp1b	-1.981763	0.954343	-1.151278	-1.141351	-1.343199	-1.656952
Rrp9	-1.836788	0.634049	-0.405837	-4.205809	-0.509544	-0.322033
Rrs1	0.559599	1.879432	0.269041	-0.364074	2.298619	-2.319990
Rsu1	1.857738	-0.097174	0.505670	1.286535	-1.699367	-1.768916
RtcA	0.984932	1.201792	-1.233173	0.672080	0.064510	0.697532
Rtfdc1	0.499378	3.746397	1.113210	-3.507501	2.316330	-1.147971
Rtn3	1.156897	5.300981	4.057303	0.672080	2.282083	-1.147971
Rtn4	-0.118859	-1.206847	-0.991842	-0.217144	0.301640	-0.959021
Runx1	1.290050	3.172329	-0.003447	-1.772441	-1.505613	0.128464
Ruvbl1	-0.968798	1.025386	-0.555179	0.205955	-3.170953	-1.137353
Ruvbl2	-0.752067	1.642493	-0.262828	0.950056	-2.751457	-0.853351
Ryr3	0.984932	-3.918763	1.687311	0.672080	-5.751672	0.015213
S100a13	-2.201590	1.221580	1.113210	-4.903853	-3.311552	-1.147971
Sacm1l	-1.183369	0.943879	-0.868998	0.000093	0.062444	-0.495242
Sae1	0.054738	1.220523	-0.520089	-1.589353	0.440523	-1.143591
Safb	-0.510887	0.819986	-0.464102	-1.081705	1.726718	0.026653
Safb2	-0.686766	1.243298	1.113210	-4.480995	-0.271975	-1.147971
Samm50	0.984932	-3.129006	-0.236446	-0.880440	0.064510	0.193170
Sap18	0.047271	1.110029	-0.011531	-0.846028	2.257555	-0.737929
Sar1a	0.984932	1.008985	-1.036114	0.672080	0.064510	-1.418698
Sarnp	-0.866358	0.113900	-0.493188	-2.255338	-0.866228	-0.488464
Sars	-0.917758	1.095978	-0.297189	0.497300	-1.698586	-1.053542
Sart1	-1.814417	1.699834	-1.308122	-2.229916	0.091542	-0.268598
Sart3	0.358355	1.221580	1.113210	-4.261949	1.006571	-1.147971
Sbds	-0.769508	-4.295551	-1.364303	-4.538335	0.064510	-0.993384
Scamp2	0.984932	5.072709	0.110850	4.398808	0.064510	-5.224476
Scamp3	-0.667662	3.428038	1.113210	2.476475	-0.724146	-2.602651
Scd1	-0.954503	2.906549	1.170659	-4.394278	-1.165963	-0.101751
Scfd1	0.984932	0.410051	0.969143	4.000438	0.064510	-1.118594
Scly	0.984932	-1.755712	0.552952	0.672080	0.064510	-1.147971
Scp2	-0.342592	0.156418	0.025433	-0.299366	-4.266917	-0.302035
Scrib	0.984932	1.221580	1.113210	-3.115586	1.513476	-1.147971
Sdc4	-1.054341	1.200274	-0.505466	-2.381563	-1.820784	-0.691507
Sdcbp	0.984932	3.718786	-1.615430	3.992317	0.064510	-1.226379
Sdf2l1	-0.249654	0.339803	-0.572557	-1.613568	-3.271267	-1.228566
Sdha	-0.581062	1.045090	-0.703394	-0.556550	-1.071221	-0.741578
Sdhb	-0.911440	1.352970	-0.505313	1.141965	-1.365641	-0.774640
Sec13	-0.538890	0.194904	-0.252546	-2.149857	-2.319598	-1.668028
Sec22b	-1.365129	4.093683	-1.167596	-3.319382	1.043200	-2.940844
Sec23a	1.584629	1.221580	1.113210	0.672080	0.860170	0.279380
Sec23b	-0.908184	1.398430	-0.797738	0.383425	-4.156439	-1.444191
Sec31a	-0.339720	-0.836115	1.354712	-2.410148	-1.588967	1.760468
Sec31b	-0.027128	0.617142	-1.790977	-0.919204	-1.724178	-3.609929
Sec61a1	-2.327234	0.575780	-2.484112	-5.100482	-1.834716	-1.775922
Sec61b	-0.567153	0.741248	-0.574391	-3.156451	-0.541535	-1.726394
Sec61g	-3.007220	0.553027	-0.304432	4.441488	-2.221895	-2.385137
Sec62	-1.488679	3.428541	-1.225835	-2.564902	-1.046231	-1.594085
Seh1l	0.984932	1.378911	1.113210	0.672080	0.064510	-1.147971
Senp3	-2.384244	-0.781152	1.571722	-1.760543	0.388541	-0.562001
Sephs1	-0.218149	3.301335	-1.336269	2.183024	-3.070510	-0.479937
Serbp1	-0.310267	1.003552	-0.049394	-0.034914	-0.514895	-1.427346
Serinc3	-2.485042	-1.521833	1.113210	-1.389572	-1.022975	-1.147971
Set	-0.248151	1.166146	-0.215684	-0.498035	-0.965330	-1.055411
Sf1	-1.020150	0.903638	0.555675	-1.969003	0.138529	-0.238489
Sf3a1	0.663923	1.456902	-0.489910	-0.749148	-2.122811	-0.790181
Sf3a2	-3.656899	2.544866	-1.802565	4.185334	-2.585524	0.550181
Sf3a3	-0.562806	0.286581	-0.361546	2.118158	-3.018145	-0.785260
Sf3b1	-0.401806	1.905494	-0.096820	0.746329	-0.149122	-0.654791
Sf3b14	-0.867829	0.979737	-0.912372	-0.495922	-2.273787	-0.978102
Sf3b3	0.200544	1.599051	-0.652282	1.113037	-2.066455	-0.477820
Sf3b4	-0.860988	1.600937	0.572793	-3.727745	0.195342	-0.366432
Sf3b5	-1.101859	0.752504	-0.422173	-1.471422	0.454608	0.336980
Sfpq	-0.770744	0.716246	-0.485229	0.160529	-0.568036	-0.759296
Sfxn1	-1.523150	0.827276	-0.385997	2.877643	-2.892739	-1.197997
Sgpl1	-0.474816	1.448845	-3.085085	0.851653	2.158776	-0.283718
Sgta	-0.337958	1.597119	-2.482252	-2.107646	2.028753	-0.317235
Sh3bgrl	-0.567407	1.382127	-0.436913	-2.020900	-0.915154	-0.281618
Sh3bgrl3	0.584744	2.069352	-0.417213	-4.691510	2.039835	-1.456499
Sh3bp1	0.984932	1.221580	10.375768	9.366436	-1.432729	-1.147971
Sh3kbp1	0.263734	1.869773	1.774095	0.867571	0.064510	-1.147971
Shmt1	-0.379996	0.233440	-0.110538	0.244817	-1.676181	-1.170195
Sipa1	-0.729455	3.134428	-0.794750	-1.291731	-4.432311	-0.889362
Sipa1l2	0.984932	0.271296	0.430674	0.672080	0.064510	-1.147971
Skiv2l2	-0.848233	1.783408	-0.647807	2.023602	0.524831	-2.142952
Skp1	-0.856301	0.189525	-0.408519	-2.820207	-3.007502	0.196511
Slc12a9	10.695048	8.867340	2.687624	0.672080	0.064510	-1.147971
Slc16a1	-0.508410	-0.288067	0.068963	-3.271766	0.533497	0.368995
Slc1a5	-0.980812	0.312785	0.661636	-0.820330	-2.088437	-1.487555
Slc25a10	0.984932	-0.175703	-1.178774	0.672080	0.064510	-1.129980
Slc25a11	0.877589	0.763663	-2.279485	-0.347163	1.543575	-0.120899
Slc25a12	-0.197149	0.534244	-0.867410	6.519954	3.638540	0.269202
Slc25a13	0.984932	2.895879	-2.385774	0.623120	0.064510	-1.844802
Slc25a3	-0.472980	0.947942	-0.284723	-0.320693	-1.473347	-0.981383
Slc25a4	-0.201972	0.897353	-0.542923	-0.245618	-0.845606	-0.928048
Slc25a5	0.080632	0.805110	-0.617057	0.578441	-0.025986	-0.615347
Slc25a51	0.984932	0.141035	-0.948707	0.672080	0.064510	0.439185
Slc29a1	-0.505995	0.146913	-0.009760	-1.590019	-3.264537	-1.367068
Slc2a1	-1.666209	-0.816784	-1.436544	-5.414681	-2.412280	-0.725308
Slc2a3	0.984932	1.677019	-0.291675	0.672080	0.064510	-0.665347
Slc38a2	-0.354575	-0.931454	-0.447821	3.931053	-0.917298	-2.525929
Slc39a7	-0.698915	0.508643	1.113210	-3.216070	-1.426742	-1.147971
Slc3a2	0.210926	1.488500	-0.485511	0.657708	-0.553849	-0.708750
Slc44a2	0.014705	-0.516987	1.113210	-0.471437	-0.657904	-1.147971
Slc4a7	2.735913	2.028731	-0.477354	-3.113253	0.064510	-2.048816
Slc6a6	-3.911179	0.170534	0.161468	0.681487	-0.778516	-4.576362
Slc7a1	3.126494	1.040549	0.498906	1.239015	0.235481	-2.065357
Slc7a5	-0.366698	0.365871	-0.522898	-1.900271	-0.247250	-1.860433
Slc9a3r1	-0.177348	-0.516063	-1.091171	-3.420147	0.981789	0.645251
Slirp	-0.985742	1.364115	-1.471811	0.712787	1.722468	-1.189586
Slk	3.871930	1.221580	1.113210	-2.276160	2.646578	-1.147971
Sltm	0.772015	0.852223	1.113210	-1.405222	-0.042242	-1.147971
Smad3	0.505933	0.910608	0.319762	4.174322	0.064510	-0.675038
Smap	-2.334138	-2.961630	10.081326	9.800512	0.064510	-1.147971
Smarca4	-2.152121	0.986114	-0.517840	0.587544	-0.790682	0.289567
Smarca5	-0.884168	0.828564	-0.364286	-1.172379	-0.327680	-0.712433
Smarcal1	0.984932	0.756038	1.113210	-4.222133	-2.240084	-1.147971
Smarcb1	-3.379183	0.068368	0.628612	-0.277773	0.565334	-1.194402
Smarcc1	-0.945726	1.577126	-0.049046	-0.253768	0.254743	-0.767726
Smarcc2	0.984932	0.737165	-0.501626	2.081222	-3.670392	-0.365028
Smarcd1	0.984932	1.221580	10.653446	9.508171	-1.495839	-1.147971
Smarcd2	-1.189476	0.964671	-0.423031	-4.174878	0.237555	1.288990
Smarce1	-0.804241	-6.727264	-0.795142	-3.984837	-0.981348	-1.147971
Smc1a	-1.605396	1.279324	-0.609659	-1.194174	-1.320826	-0.595770
Smc2	-0.629343	1.195353	-0.712500	0.346691	-0.215712	0.828795
Smc3	-0.696477	1.211031	-0.302653	-1.595501	-0.329481	-0.048378
Smc4	-1.168256	0.899993	-0.420091	-5.136525	-0.921075	-0.218397
Smchd1	-0.758864	0.623109	-1.504729	-0.982759	-2.185964	-0.110650
Smek1	-1.094779	0.433884	-1.333296	-2.430185	0.064510	-1.391994
Smim4	0.984932	0.506612	2.802288	0.403520	0.064510	-1.291569
Smn1	0.984932	1.221580	10.703203	9.688334	-0.038504	-1.147971
Smpd4	0.984932	0.950421	0.646844	1.840364	1.682928	0.491714
Smtn	-1.108453	1.221580	1.113210	0.672080	0.064510	-1.147971
Smu1	-1.034490	0.794543	-0.988375	-1.135506	0.387742	-1.239399
Snap23	0.984932	1.221580	10.288108	9.812881	-1.685386	-1.147971
Snap29	-2.577498	1.800030	-2.627576	0.672080	-2.978420	-1.147971
Snd1	-0.727519	0.962166	-0.418172	-0.321991	-0.226133	-1.023279
Snrnp200	-0.820570	1.611955	-0.760849	-0.639366	-1.406606	-1.065202
Snrnp40	-1.929128	3.262725	-0.469667	-1.601262	1.814692	-0.676286
Snrnp70	-0.579611	3.316019	-0.350752	-0.308274	-0.017386	-0.771629
Snrpa	-0.497185	3.240252	-0.981721	-0.198286	-0.216067	-0.066201
Snrpa1	-0.304658	0.717138	0.151114	0.616892	0.797893	-2.085163
Snrpb	0.104454	1.291768	-0.140697	1.858172	0.280104	-0.325640
Snrpb2	-0.984753	1.192574	-0.736864	-4.297230	0.845136	-1.595429
Snrpc	0.984932	1.333995	0.628829	3.845302	1.558523	-1.753393
Snrpd1	0.753398	-1.401556	-0.202899	2.746361	-2.698134	-1.838603
Snrpd2	-1.167624	1.914544	-2.656526	-1.088069	-1.452009	0.063425
Snrpd3	-0.112940	0.566537	-0.506449	-1.161066	0.170191	-1.002943
Snrpe	0.984932	0.413311	-1.008920	5.985163	0.064510	-1.037853
Snrpf	0.079361	0.750998	-0.096712	-2.760448	1.254356	-0.882143
Snrpg	0.984932	-0.781572	-0.199601	1.779911	0.064510	-0.463045
Snw1	-1.985682	-0.121065	-0.858738	-0.855769	-2.103841	-0.660879
Snx1	-2.094712	1.988242	-1.256483	0.188522	-1.898934	0.328220
Snx2	-0.046316	2.042801	-0.703002	0.349858	0.404905	-0.758937
Snx3	-0.002980	1.528120	-0.403577	0.775595	-0.327490	-0.085281
Snx5	0.309292	1.549744	-0.169140	-0.392508	-1.840384	-1.715461
Snx6	-0.813709	1.432771	-0.284088	1.633170	-2.572046	1.078046
Sod1	-0.050995	0.934595	-0.170848	-0.435306	-0.861949	-1.201878
Sod2	0.326495	-0.662935	0.426322	2.671206	-0.160745	-0.672392
Son	-1.374250	1.022956	-0.726165	-1.751607	-0.091860	-0.564984
Sord	0.984932	-0.701987	-5.854625	3.675008	-1.857303	2.667408
Sp3	-0.783761	0.987850	1.113210	-1.379912	-2.074887	-1.147971
Spag5	0.216277	1.221580	1.113210	-4.845037	3.502832	-1.147971
Spag7	-1.851693	0.646511	-2.422821	-2.818306	-1.598577	-3.772462
Spcs2	-0.756117	1.263128	-0.626960	-1.156357	0.070915	-0.100860
Spn	0.075155	1.263941	-0.845813	-4.522023	1.312423	-1.435950
Spock2	0.062678	-1.532732	-1.110421	-2.878495	-0.319099	-0.126474
Spryd4	0.984932	2.722473	-1.952043	0.672080	0.064510	-1.147971
Sptan1	-1.534232	1.732844	-0.702017	-3.482240	1.319002	-0.018194
Sptbn1	-0.304688	1.504154	-0.448467	-0.413769	0.368495	0.888332
Sqstm1	-1.116131	-0.619274	1.113210	-3.523165	0.186889	-1.147971
Srfbp1	-0.357942	-0.896941	1.113210	-4.625970	-2.178745	0.456471
Sri	-0.590010	0.004435	0.905328	-1.952581	0.491964	2.134298
Srm	1.389010	1.682724	-0.358908	2.816980	1.259539	-1.664169
Srp14	-2.042130	1.119353	-0.370928	-3.115435	0.788965	0.156410
Srp54	0.142198	1.180808	-0.297149	0.672080	-3.154267	0.576456
Srp68	-0.900459	0.998711	-0.368541	0.607875	-0.402990	-2.019142
Srp9	-2.545773	1.989855	-0.257218	3.443482	0.064510	-0.371453
Srpk1	0.984932	3.244026	1.113210	-4.245066	-0.986649	-1.147971
Srpr	-2.203999	1.057197	0.885738	1.385678	0.064510	-2.219981
Srprb	-0.692044	1.473669	-1.036691	-1.782058	-0.470979	-1.112997
Srrm1	-0.477996	2.369286	-0.895281	-2.801692	0.932198	0.102467
Srrm2	-0.589874	0.914479	-0.343438	-0.597399	-2.077578	-1.172037
Srrt	-0.255092	1.660650	0.201957	-2.808792	0.714194	0.129183
Srsf1	-0.378265	0.631160	-0.121284	-0.342733	-0.050942	-0.765093
Srsf10	0.028300	1.834174	-1.209639	-0.522473	-0.465762	2.104492
Srsf2	0.738044	0.421631	0.024423	-0.408010	0.428692	-0.854201
Srsf3	-0.433241	1.317514	-0.244661	5.008570	-0.722652	-0.208183
Srsf4	-1.045724	-2.176758	1.517176	-2.293622	0.622280	2.056325
Srsf5	1.189044	0.982821	-0.353939	0.816959	1.855337	-0.515579
Srsf6	-0.813637	1.508255	-0.481966	0.967357	-0.166386	-0.702250
Srsf7	-0.840865	0.853163	-0.113150	-0.296805	-2.366034	-0.300555
Srsf9	-0.856807	0.317434	-0.674206	-4.187505	-0.117193	-3.208736
Ssb	-0.436883	1.458285	-0.348260	-1.840150	0.090297	-0.681737
Ssbp1	-0.558506	1.037621	-0.423883	-3.208431	-0.162024	-1.389218
Ssr1	-0.742235	-0.013746	0.489029	-0.192565	0.238244	-0.628542
Ssr3	0.984932	1.354606	0.211459	5.537543	1.123993	-0.069591
Ssr4	1.146091	0.469021	-0.265740	1.699080	-1.352618	-0.670090
Ssrp1	-1.032350	1.674085	-0.009633	1.786560	-3.199293	-0.738616
Sssca1	-0.781414	4.309726	-1.944976	-5.170923	-3.629361	-1.224274
Ssu72	0.289759	5.043100	1.113210	-1.678185	2.390714	-1.147971
St13	-0.540257	0.763676	-0.067412	1.908381	-1.205625	-1.510009
St3gal6	0.984932	2.855865	-0.038389	0.672080	0.064510	-1.521812
Stag2	-1.556086	0.897853	-0.181057	1.226419	-1.564676	-0.001666
Stat5a	-1.703492	1.918297	-0.412840	-0.990274	0.594193	-0.121343
Steap3	0.528785	-1.772824	1.113210	0.672080	0.064510	-1.147971
Stim1	0.984932	0.329486	-0.228884	2.159187	0.064510	-0.972371
Stip1	0.148192	1.651045	0.010406	1.144823	-1.163330	-1.095243
Stk10	0.394154	3.163640	-0.317934	-1.377906	1.296288	-0.958569
Stk4	0.871176	1.580384	-0.446149	1.573793	-0.529313	0.568493
Stmn1	0.746169	1.894385	-1.216348	-0.827380	1.433343	0.144611
Stoml2	-0.354588	0.449460	0.025639	-2.811353	1.289231	-1.676455
Strap	-0.525247	1.680877	-0.203486	0.463315	-2.925432	-2.112668
Stt3a	-1.185232	0.920055	-0.397646	0.457757	-0.773979	-0.389898
Stt3b	0.984932	-0.859086	0.193440	4.246178	0.064510	-0.601599
Stub1	0.984932	3.037672	-1.110394	0.672080	0.064510	-1.147971
Stx12	1.678154	2.970108	1.113210	0.512298	0.810422	-1.147971
Stxbp2	0.984932	2.175122	-2.863070	0.672080	0.510541	-2.064089
Sub1	-0.380230	0.478790	-0.318856	-2.132937	-1.051304	0.544325
Sucla2	-0.725376	1.485738	-0.817450	-2.134449	-0.349427	1.971478
Suclg1	-0.136478	0.986216	0.225622	0.467207	-0.009842	-0.527375
Suclg2	-0.093386	2.458509	-0.263548	1.638913	0.897562	-1.020768
Sugt1	0.369270	0.721506	1.998648	-1.500249	0.251559	0.029422
Sumo1	-1.305135	0.776036	1.136831	-2.183915	0.187696	-1.065269
Sumo2	-1.287786	2.108512	0.547348	-0.668811	-0.163066	-1.127933
Sun2	2.194477	2.013013	-1.990269	-5.462302	0.541795	0.220242
Supt16h	-0.445630	1.046158	-0.317552	0.861998	-2.070315	-0.588315
Supt5h	-2.989583	-0.790631	0.465968	3.605134	0.064510	2.952062
Supt6h	0.984932	7.484838	1.113210	5.884844	-0.858854	-1.147971
Surf4	-0.332337	2.338184	-1.381000	5.392961	-1.637170	-0.780460
Surf6	1.050725	0.327882	-0.659033	-3.352198	0.633459	-0.056594
Suz12	3.158438	1.221580	1.113210	-4.005772	-3.573429	-1.147971
Swap70	0.984932	1.221580	9.736947	10.155383	-2.254685	-1.147971
Syf2	10.945603	9.599542	4.671531	0.672080	0.064510	-1.147971
Syk	-1.726160	0.130710	-0.192986	-5.993616	1.183857	0.945924
Sympk	1.342912	1.388176	-0.633659	2.816397	2.531682	0.502995
Syncrip	0.014960	1.296002	-0.495108	1.866519	-2.026968	-0.917877
Syne1	-0.415402	4.323050	5.365744	-3.335646	0.064510	-1.147971
Sypl1	-0.590391	1.130184	1.113210	-1.912307	0.041971	-1.147971
Szt2	0.984932	-0.436189	0.458927	2.688469	0.064510	-1.290797
Taf8	-0.597550	1.221580	1.113210	-5.079354	-0.802699	-1.147971
Tagln2	-0.131510	0.606297	-0.226952	0.160280	-0.996738	-1.194516
Taldo1	-0.029281	2.308258	-0.265090	-1.392024	-0.518409	-0.647888
Tamm41	-0.726151	-0.633562	0.313403	2.111588	0.064510	-1.463382
Tap1	2.406251	-0.146833	0.377555	-3.343407	3.084196	-2.774295
Tap2	11.209670	10.313685	2.802731	0.672080	0.064510	-0.118782
Tapbp	-1.283567	0.892153	-1.034020	-0.924089	-0.278043	-0.003899
Tardbp	-0.300041	1.002282	-0.685891	-0.482287	-0.741303	-0.557761
Tars	-1.305115	-1.749105	0.818632	-0.218973	2.747874	1.100154
Tax1bp1	0.984932	1.221580	-1.796328	-1.075453	0.064510	-2.405967
Tbc1d15	0.984932	2.085457	-1.676537	0.672080	-1.119644	-0.094127
Tbca	-1.585673	1.229588	-1.351664	5.292208	-1.018745	-0.401503
Tbcb	-0.113717	-4.211777	1.113210	-7.906340	0.524694	-1.147971
Tbcd	-0.846951	1.221580	1.113210	-4.732880	-3.949101	-4.036659
Tbl3	-0.052029	-0.368657	-1.152889	-5.375495	1.647527	-1.147971
Tbrg4	0.984932	2.747943	-0.130183	0.672080	0.742274	-0.976366
Tcea1	-1.013116	1.607113	0.037140	-1.913663	-0.981020	-0.621602
Tceb1	-1.386183	0.774228	0.328176	-0.874436	-0.781247	-1.356263
Tceb2	-1.116962	0.888186	-0.214372	-1.550496	-1.783809	-0.806102
Tcerg1	-0.520662	4.909076	-1.578007	-2.576758	0.333365	-1.147971
Tcf12	3.454137	1.221580	1.113210	-0.766002	0.064510	-1.147971
Tchp	0.984932	6.091489	4.617996	1.983599	-5.388098	-0.387417
Tcof1	-0.956659	1.910903	-0.587227	-1.802041	-4.463095	1.143936
Tcp1	-0.372333	1.508476	-0.421266	0.438393	-1.079359	-0.500535
Tdp1	-1.556746	1.827505	1.113210	0.726764	0.064510	-1.147971
Tdp2	2.659715	1.221580	1.113210	-3.036422	-2.242259	-1.147971
Tecr	-0.328477	1.138904	-1.885793	-0.480974	-1.095063	0.265314
Terf2	-3.097228	1.221580	1.113210	0.672080	-2.028686	-1.147971
Tex10	0.984932	0.879101	-1.890525	0.672080	0.064510	-1.416425
Tfam	3.196355	0.602419	-0.661535	-1.296745	0.064510	-0.681394
Tfip11	0.984932	1.022170	1.560482	7.982208	0.064510	0.062537
Tfrc	-1.447267	0.373020	-0.423269	0.162545	-1.126356	-1.330540
Thoc1	-2.613884	-0.112883	-0.995430	0.672080	0.064510	-3.294419
Thoc2	-0.466151	0.231837	0.018706	1.632038	0.064510	-1.086446
Thoc5	0.984932	3.633935	4.044183	0.672080	0.064510	-1.694950
Thoc6	-3.501161	-0.166908	0.196754	-3.650403	-3.105737	-2.126766
Thrap3	-1.414360	1.355814	-0.513526	-0.381331	-0.416979	0.119423
Thumpd1	-2.852919	2.705954	-1.321404	-2.254344	-5.040264	1.047282
Thyn1	-3.182470	2.769824	-1.477852	0.865608	0.064510	0.289578
Tia1	2.268314	1.144941	1.113210	-2.594262	3.952041	-1.147971
Tial1	-0.706023	1.262322	-0.053467	-1.414297	0.702670	0.028858
Timm13	-0.888246	1.907127	-0.229324	2.088595	-1.749440	-1.364373
Timm17b	-0.784145	1.221580	-0.319264	0.672080	0.064510	-1.147971
Timm23	11.082617	12.104329	3.784122	5.170329	0.064510	1.073532
Timm44	-1.345103	0.139760	0.079940	-0.850116	1.695121	-2.359443
Timm50	-1.283383	1.598302	-0.278296	0.203256	-1.314591	-0.695831
Timm8a1	-1.282738	0.418964	-1.943407	-0.923711	-4.224170	-1.256638
Timm8b	0.636606	2.833080	1.113210	-1.651931	-0.550616	-1.147971
Timm9	-1.449045	1.448640	-2.476824	5.729049	-2.614728	-0.784769
Tiprl	0.984932	1.221580	10.817310	9.689561	-1.760523	-1.147971
Tk1	0.984932	0.188339	-1.887482	0.672080	0.064510	-2.071135
Tkt	-0.150233	1.040058	-0.458542	0.313970	-0.990665	-1.130032
Tln1	-0.626144	1.301282	-0.369314	-0.530394	-0.480205	0.163760
Tlr13	-0.618958	1.221580	1.113210	-4.979045	-3.670380	-1.147971
Tm9sf2	-2.691262	2.057589	-0.126360	0.672080	0.064510	1.212887
Tm9sf3	-1.241878	1.221580	1.113210	0.672080	-3.724832	-1.147971
Tm9sf4	-0.982748	0.449654	-0.824853	0.672080	-2.509948	1.884414
Tma16	0.295653	1.221580	1.113210	0.672080	-1.882241	-1.147971
Tma7	-0.411409	2.809062	-3.887115	-2.557437	-0.778493	-2.975488
Tmed10	-0.516831	-0.447716	-0.268303	3.407291	-0.043104	-0.918634
Tmed2	-1.220572	0.264000	-0.032042	-2.102604	-2.003395	-2.094781
Tmed4	0.984932	2.868658	-1.881550	0.672080	0.064510	-1.147971
Tmed5	3.854410	-1.808358	-1.109170	3.874917	3.102058	-2.475806
Tmed9	-0.454176	0.565443	-0.497999	6.920657	-0.925101	0.805659
Tmem119	-1.608215	5.336946	0.563439	-2.173357	-2.332138	0.796710
Tmem160	3.438249	1.221580	1.113210	0.672080	-0.643091	-1.147971
Tmem256	2.367724	-1.309331	-1.175366	2.037035	0.064510	0.722589
Tmem33	-0.887684	1.380569	-0.252297	0.557501	-3.474549	2.381986
Tmem40	-0.480848	1.923710	1.113210	-2.228723	-2.587279	-1.147971
Tmem59	0.984932	-1.971499	10.488294	9.779199	-1.475690	-0.933382
Tmod3	0.984932	0.905722	-0.735111	2.495105	0.064510	-0.081737
Tmpo	0.222224	1.305610	-0.552682	0.773004	0.074450	-0.709412
Tmsb10	2.139510	0.626562	-1.185745	0.984307	2.406226	3.168577
Tmsb4x	0.436315	0.639105	0.012469	1.075842	2.025281	-0.141889
Tmx1	-0.572408	0.693843	0.458634	-0.486623	-0.804069	-0.968714
Tmx3	-1.096998	2.828436	0.043859	5.095484	2.509976	-1.357838
Tmx4	-1.033892	3.127014	1.113210	0.672080	0.064510	-1.147971
Tnfaip8	0.984932	0.381328	-1.448107	0.672080	0.064510	-0.659732
Tnpo1	-0.637585	1.120593	-0.409493	-0.701317	0.729081	-0.813626
Tnpo3	-2.649329	1.936115	-1.069528	0.672080	0.064510	-1.599888
Toe1	1.117177	2.172372	1.113210	0.672080	0.174894	-1.147971
Tomm22	-1.251832	-0.417936	0.280450	0.026213	-3.299268	-0.743562
Tomm34	-0.283418	0.925589	-0.826919	-4.348909	1.728474	-0.547452
Tomm40	-1.074268	0.902405	-0.364254	6.511770	-1.256533	-0.144698
Tomm70a	-1.012293	1.242058	-0.566441	-0.738604	-1.356814	-0.202716
Top1	-0.041377	1.177214	-0.440226	-0.163470	-0.445748	-0.158508
Top2a	-0.812321	1.057347	-0.121191	-0.183694	-0.416182	-1.190063
Top2b	-0.717288	1.312874	-0.315194	-0.978648	0.299069	-0.004876
Tox4	-0.767356	1.650155	1.113210	-3.808592	1.910008	-1.147971
Tp53bp1	-0.527880	3.273625	1.113210	-3.723416	0.759935	-1.147971
Tpd52l2	-0.034982	1.243677	-0.428169	-0.005126	0.020527	-1.455821
Tpi1	0.437514	1.253587	-0.755478	-0.175556	0.138478	-0.787162
Tpm3	-0.883573	1.133685	-0.308448	-0.122404	-0.774145	-1.329721
Tpm4	11.382786	12.713978	1.113210	0.672080	3.218874	-1.147971
Tpp2	-0.844739	1.266294	-0.735135	0.585367	-4.361359	-0.859273
Tpr	-0.521245	0.959625	-1.104129	-1.883593	1.029442	-1.159815
Tpt1	0.818720	2.367462	-0.276981	3.768063	-1.391646	-1.696235
Tpx2	-2.031978	2.724816	1.113210	-1.796008	-3.614394	-1.147971
Tra2a	0.984932	-0.032659	-0.442527	5.546563	0.064510	-0.553839
Tra2b	0.048995	0.834788	-0.561338	0.853297	1.468309	0.151819
Tradd	0.972690	1.221580	1.113210	0.672080	0.064510	-1.147971
Tram1	-1.412426	0.430225	0.932515	-3.689358	-4.484364	-2.507631
Trap1	-0.066221	2.135919	-0.321840	0.282889	-0.621579	-0.834586
Trim25	0.984932	1.221580	0.363056	-4.797365	2.415552	-1.147971
Trim28	0.620674	1.305225	-0.149353	0.646353	-0.286270	-0.892491
Trip12	-3.675708	0.941987	2.433215	-4.256687	-1.603423	-4.277995
Trip13	-1.477178	0.948803	-1.672539	-2.935895	1.739676	-1.147971
Trmt112	1.477950	2.116329	-0.439444	5.812934	-3.993341	-1.626291
Trnt1	0.984932	-0.303290	-1.158726	0.672080	0.064510	-0.376741
Trove2	0.984932	0.770824	-1.826572	0.672080	0.064510	-1.147971
Trp53i11	-0.300758	1.103835	-0.348001	0.209834	-0.935390	-0.668065
Trpv2	-3.142602	3.228572	-0.598620	-4.100294	1.734597	-1.031076
Trrap	0.984932	-3.350992	0.125815	1.339582	0.064510	-7.917493
Tsc22d4	-2.720986	4.505848	-0.008066	0.672080	0.064510	-2.879437
Tsfm	-0.056866	0.889940	-0.387655	-3.635287	1.497835	-0.757198
Tsnax	-0.421175	3.449977	1.113210	0.672080	0.064510	-1.147971
Tspan14	-2.641413	-3.026960	1.113210	-2.216044	-0.727871	-1.147971
Tspan31	0.465344	1.546605	1.113210	-3.808472	1.543699	-1.147971
Tsr1	1.226840	5.220531	-1.080248	0.672080	0.064510	-0.437729
Tsta3	-0.533046	1.221580	-4.002674	-2.451040	-1.362413	-0.055810
Tti1	0.984932	0.967511	-1.961384	0.672080	0.064510	-1.174033
Ttll12	-0.221109	3.361541	-0.825947	-2.459005	2.106135	-1.386170
Ttn	0.058840	1.595354	0.798728	2.904870	0.208126	-1.150779
Tuba1b	0.641662	1.027129	-0.204374	1.084702	-0.719009	-0.815107
Tuba4a	1.379257	0.673260	-0.455691	1.602127	-0.813296	-1.876742
Tubb2b	0.984932	2.015396	-0.507589	5.591888	0.064510	0.301226
Tubb3	0.984932	1.221580	-1.423995	0.672080	0.064510	0.584555
Tubb4b	-0.084915	1.378141	-0.599767	1.216936	-1.773977	-0.941098
Tubb5	0.344407	0.657827	-0.379762	0.197581	-0.725870	-0.783127
Tubb6	0.984932	0.614312	6.710694	5.067233	0.064510	-2.254828
Tubgcp3	0.984932	-0.388039	-0.293187	0.672080	0.064510	-1.486303
Tufm	0.035394	1.605165	-0.486967	-0.411585	-1.377133	-0.759971
Twf1	2.520778	1.221580	1.113210	-3.796951	-0.276899	-1.147971
Txlna	-0.250060	1.856235	1.113210	-3.163896	1.500685	-1.147971
Txn	0.833091	-0.691779	-0.262626	0.439983	0.588525	-0.636432
Txndc12	0.984932	1.221580	0.187529	0.672080	0.064510	0.456394
Txndc15	-0.417435	1.221580	1.113210	0.530097	0.454231	-1.147971
Txndc17	-0.538796	1.491120	-1.532586	5.119114	0.064510	0.602438
Txndc5	1.840655	0.512011	-0.664781	-2.193378	1.133076	0.055610
Txnl1	-1.039605	1.099076	0.052799	0.235666	-2.372626	-1.254622
Txnrd1	-0.905174	1.831536	-0.636113	-1.017137	-1.259114	-1.281607
Tyms	0.984932	5.740760	-1.287845	-2.673459	0.064510	-1.165767
U2af1	0.475314	1.118965	-0.025098	-0.319275	-0.927591	-0.511281
U2af2	-0.377245	0.691124	-0.525336	0.117423	-0.775639	-1.750315
U2surp	-2.368790	1.240022	-0.257208	0.642524	-1.968586	0.087612
Uap1l1	0.984932	-0.970624	-1.790223	2.182842	0.064510	-0.244049
Uba1	-0.670657	1.297185	-0.521498	0.255131	-1.315917	-1.061851
Uba2	-0.086507	2.155979	-0.609237	-1.259400	-1.217508	-2.133700
Uba52	0.595479	3.598561	1.113210	-0.184582	1.028339	-1.147971
Ubap2	-1.930733	1.591765	1.058947	-3.725452	1.643203	1.184124
Ubap2l	1.448106	1.714870	-0.231941	0.947940	-0.001519	-1.286911
Ube2c	0.984932	1.221580	2.489583	0.672080	0.064510	-3.897867
Ube2d2b	0.984932	0.543824	0.450169	7.510160	0.064510	-1.007321
Ube2i	0.276588	1.872016	0.120643	1.448863	1.439180	-0.443743
Ube2k	-0.612815	-1.345118	-1.933236	-3.129012	-0.865331	-1.135890
Ube2l3	-0.969963	0.334515	-0.318960	-0.763368	-2.077313	-1.130996
Ube2m	-0.704394	3.301804	-0.351586	-1.268382	-2.009846	-0.040728
Ube2n	0.127510	2.691825	-0.631849	-1.710513	0.259939	-0.869517
Ube2o	2.980554	1.091171	-2.952449	0.672080	0.064510	-1.147971
Ube2s	-0.911225	1.221580	1.113210	0.672080	0.064510	-1.147971
Ube2v1	-0.546981	0.050718	-0.222509	-0.818521	-1.691384	-0.185783
Ube3a	0.984932	1.221580	1.113210	-2.092347	0.195995	-1.147971
Ubfd1	3.630114	1.221580	1.113210	0.672080	-3.568746	-1.147971
Ubl5	-0.338793	1.438386	-0.031471	-3.674646	0.205789	-1.087608
Ubqln1	-3.115813	5.290686	3.837559	0.672080	0.064510	-1.147971
Ubqln2	1.156128	2.709493	-0.621538	-2.529145	2.827212	-0.473689
Ubqln4	0.984932	1.990531	0.663015	2.644442	-2.243779	-1.515047
Ubr4	0.984932	1.991486	2.526379	-5.406176	0.064510	0.687883
Ubr7	0.984932	1.221580	3.043597	0.672080	-1.513015	-1.147971
Ubtf	-0.987962	1.157153	-0.244559	0.729795	2.023654	-1.163238
Ubxn1	-1.130241	0.566880	-0.703208	0.194794	-2.633377	-1.128584
Ubxn4	0.984932	1.866885	0.016723	-1.568346	2.409464	-0.118694
Ubxn7	-0.674257	-1.209885	0.032049	-3.029223	1.805205	1.158264
Uchl3	-3.586555	1.221580	-1.062118	-3.689709	-2.982641	-1.147971
Uchl5	1.523850	0.085406	-0.461800	2.437208	-2.227505	0.501944
Ufd1l	0.984932	2.184404	-1.209837	0.672080	0.064510	-0.841299
Ufm1	0.984932	-0.349679	-0.145880	3.826187	0.064510	-1.147971
Uggt1	-0.399515	1.089593	0.049563	2.808403	0.064510	3.382683
Ugp2	-0.408905	3.335341	-0.249069	2.583602	0.064510	-0.310462
Uhrf1	-0.952857	1.715424	-0.752845	-1.639011	-0.292523	-1.052421
Umps	-1.285116	1.191664	0.009707	0.304343	-2.706894	-1.768161
Upf1	-0.680595	0.784151	0.388747	-0.461024	1.209992	-0.401511
Uqcrb	-0.881595	1.226577	-0.549480	-0.842078	1.248315	-0.781751
Uqcrc1	-0.682340	0.965347	-0.130924	-0.202054	-0.073146	-0.846934
Uqcrc2	-0.019334	0.916691	-0.548949	-0.077503	-0.307075	-0.580701
Uqcrfs1	-0.534997	1.483445	-1.839716	-1.660924	0.610810	-1.170824
Uqcrq	1.746047	0.200582	-1.157387	5.662517	2.092808	0.149804
Urb1	0.139259	-3.400127	-1.622748	-8.315144	-0.385085	-5.357862
Urod	0.984932	1.370902	-0.804889	0.672080	0.064510	-1.335416
Usmg5	1.012706	1.363671	-0.789643	2.283923	1.186858	0.380792
Uso1	-3.530739	1.221580	1.113210	-3.600139	-0.282767	-1.147971
Usp10	-1.472743	1.221580	9.790095	9.886580	0.064510	-1.147971
Usp14	-1.055774	2.145862	-0.582258	-1.609998	0.370087	-0.680238
Usp19	1.828576	2.193250	1.113210	-4.049284	-0.053777	-1.147971
Usp39	0.984932	-0.487339	-0.176867	4.601463	-0.846051	-0.694149
Usp5	-0.436612	1.080694	-0.885595	-0.261924	0.068399	-1.423219
Usp7	0.288433	0.739708	-0.768490	-4.305817	-0.811529	-0.113680
Usp9x	-0.310776	1.221580	1.113210	-4.534361	1.423796	-1.147971
Utp14a	-2.655193	-0.582320	-0.421813	-3.805175	0.292742	-1.853839
Utp15	-1.348957	1.643736	-0.623172	5.604037	-2.843070	-1.068487
Utp18	-0.869491	0.710664	-0.304640	-2.541478	-0.402229	-0.292761
Utp20	-4.678861	-2.304710	-0.042681	-2.285040	0.619407	0.070507
Utp3	0.984932	2.420779	-0.278754	3.978355	-1.965832	-1.449217
Utp6	-3.485366	0.444256	-0.835074	0.672080	-2.435370	-1.147971
Uty	0.984932	4.842786	-3.258812	0.672080	0.064510	-1.147971
Vac14	0.984932	1.221580	1.113210	-3.486543	2.614105	-1.147971
Vamp3	-1.403211	-0.227428	-0.621623	-0.203492	-0.489434	-1.186977
Vamp5	-2.058613	-0.312428	-0.169952	2.943503	0.064510	-2.114785
Vamp7	-3.637319	1.221580	10.199551	9.597142	-3.476737	-1.147971
Vamp8	-0.885813	0.653355	-1.377695	-0.078443	-2.551161	-0.999821
Vapa	-1.190737	0.826148	1.145424	-0.866237	-0.905336	-1.073417
Vapb	0.061966	6.037008	-1.254791	0.337550	-4.332654	-1.147971
Vars	-0.567027	1.100448	-0.380818	-0.002664	-0.194228	-0.662420
Vasp	-0.877676	0.678403	-0.435435	-1.639919	-0.291576	-1.441467
Vav1	-0.566500	2.185466	-0.957251	1.592596	-0.078249	0.394071
Vbp1	-1.312896	0.330120	-4.728897	0.672080	-1.870777	-1.153402
Vcl	2.918338	1.221580	1.997418	0.672080	0.827673	-2.807596
Vcp	-0.053831	1.086736	-0.372477	0.540526	-0.443748	-0.953967
Vcpip1	0.957825	1.221580	3.136249	-1.294543	1.215120	-1.147971
Vdac1	-0.214036	1.029586	-0.446426	0.737824	-0.859950	-0.390278
Vdac2	-0.703970	1.043353	-0.356213	0.422124	-0.869352	-0.384823
Vdac3	-0.173064	1.222295	-0.125665	1.030046	-0.602648	-0.036086
Vim	-0.101784	2.188413	-0.906726	-0.693933	-0.417680	-0.469319
Vit	0.984932	1.221580	0.146713	0.672080	0.064510	1.393653
Vps26a	0.051478	1.221580	1.113210	-2.618304	-2.979485	-1.147971
Vps29	-1.457292	0.390786	0.228092	-1.518218	-0.725093	2.181861
Vps35	-1.058309	1.883239	-0.208130	-0.538565	-3.256686	0.618085
Vps4b	0.984932	2.111874	-0.201167	0.672080	0.064510	0.439672
Vps53	0.984932	1.221580	-1.523529	0.672080	0.064510	-1.147971
Vrk1	-2.014965	1.724358	-0.775491	1.428371	0.070276	-0.693086
Vta1	0.146174	0.933010	-0.828395	4.524330	0.064510	-0.609041
Vti1b	-0.977607	-2.777080	1.113210	0.672080	3.127200	-1.147971
Vwa3a	0.453432	5.527534	1.113210	-3.890184	0.377543	-1.147971
Vwa5a	0.056926	2.194410	-0.850652	-4.672015	0.421685	-4.459188
Wapal	0.984932	1.221580	1.113210	1.074628	0.064510	-1.147971
Wars	-0.621432	0.555112	-0.555021	0.836640	-0.390902	-1.417491
Was	-2.481642	1.221580	1.113210	0.672080	-2.073220	-1.147971
Wasf2	0.671463	0.087986	-0.442424	-3.088755	-1.883140	0.156997
Wbp11	5.402436	0.714311	-3.225603	-4.718490	0.972255	-1.147971
Wdhd1	1.220878	0.647142	-0.517404	-3.608936	-3.993219	-1.607144
Wdr1	-1.299841	0.273692	-0.410294	0.091219	-0.896830	-0.346410
Wdr12	-0.704063	2.541019	-0.908952	-2.938117	-1.933746	-0.204223
Wdr18	0.461546	-2.274994	-2.675081	-4.304050	-0.123606	-1.147971
Wdr3	-0.510504	4.329752	-3.327185	0.672080	-3.537631	0.798114
Wdr43	-0.624769	1.283443	-2.710409	-2.821872	-0.323023	-1.423357
Wdr46	1.926033	1.195807	1.901633	-2.330389	1.349045	-2.627093
Wdr5	3.610375	0.749328	0.360041	3.827581	-2.543202	-0.321348
Wdr61	0.984932	3.134033	1.236308	3.081123	0.064510	-0.521462
Wdr73	0.984932	0.236220	0.802700	0.672080	0.064510	-3.205717
Wdr77	-0.037986	-0.902707	0.595276	-2.010864	-0.430945	-1.147971
Wdr82	-2.210252	1.348404	0.363190	1.969479	-2.862568	-0.950693
Whsc1	0.984932	-2.013159	10.233918	10.388803	0.064510	-2.013940
Wibg	-1.347293	1.221580	-2.412858	-0.646545	-0.217610	-0.225215
Wiz	2.546393	-0.080180	1.113210	0.672080	2.806887	-1.147971
Wtap	5.173651	3.093327	-0.458977	0.672080	2.332549	-0.494927
Wwp1	6.703633	1.221580	-3.205893	0.672080	0.064510	-1.147971
Xpnpep1	0.984932	-0.117589	0.241067	3.491743	1.547445	0.126950
Xpo1	-0.476558	-0.272718	-0.415187	0.941841	-3.238014	-1.347261
Xpo5	-0.979409	0.456056	-1.100559	-3.109803	0.166128	-0.069611
Xpo7	-0.352900	2.034898	-0.552029	-1.167719	-0.195544	1.274123
Xpot	0.984932	0.621797	-0.307519	0.672080	0.064510	-1.810128
Xrcc1	0.023777	1.030259	0.288961	-2.033360	0.774232	-0.174923
Xrcc5	-0.820785	1.221580	1.113210	-3.970793	1.637984	-1.147971
Xrcc6	-0.808667	-1.822938	1.113210	-4.317731	-3.432359	-0.039577
Xrn1	7.348016	1.585111	-8.886992	-6.910097	-0.507591	5.718198
Xrn2	0.860040	1.475100	-0.449916	-0.905547	0.323861	-0.018406
Yaf2	0.114530	2.473753	1.113210	-2.620692	0.445762	-1.147971
Yars	-0.490579	0.731461	-0.105524	-3.813886	-1.601017	-0.438998
Yars2	0.984932	1.600977	0.680514	0.672080	0.064510	1.129585
Ybx1	0.239294	0.430633	0.040765	-0.153527	0.196264	-1.020363
Ybx3	0.071874	0.262589	0.447957	-2.390913	-0.838560	-1.563040
Yif1b	-1.598305	0.240445	2.012156	0.090627	-1.317020	-2.458854
Yme1l1	-2.604994	0.840593	0.570071	0.672080	0.064510	-2.033935
Ythdc1	0.984932	-2.772880	1.113210	0.672080	0.064510	-0.472847
Ythdf2	-0.267503	1.276805	-2.443218	-2.438685	-0.734142	-0.119885
Ythdf3	2.356542	0.552352	-0.982995	0.800745	0.014749	-0.608081
Ywhab	-0.912648	1.468216	-0.715011	-2.147002	-0.798274	-0.886433
Ywhae	0.133858	1.655860	-1.133032	-0.071450	-1.428643	-0.895461
Ywhag	-0.786371	0.709112	-0.125310	-1.789848	-0.641850	-0.681219
Ywhah	-0.786019	1.589200	-0.460455	-0.992417	-1.571046	-0.864989
Ywhaq	-0.210860	1.435431	-0.581492	-2.336985	-0.011470	0.622440
Ywhaz	-0.212248	0.854812	-0.193827	-1.472222	-1.063134	-1.251566
Yy1	-1.639836	-1.849172	1.113210	-2.199667	-0.244922	-1.147971
Zan	-1.684200	1.221580	1.113210	-6.693066	1.011314	-1.147971
Zc3h11a	-1.162866	-2.729070	1.804439	-4.607715	-1.175039	-1.147971
Zc3h14	-1.258814	1.997951	1.113210	-3.807191	0.112153	-1.147971
Zc3h15	0.984932	4.160444	-0.834533	-0.758522	-1.936793	-0.497962
Zc3h18	-1.084737	0.368984	0.384458	-3.703375	-1.194025	-0.356522
Zc3h4	-0.691951	2.339504	-1.816956	-3.299959	1.510770	-0.690239
Zc3hav1	-1.407604	1.072669	-7.256554	-3.231907	1.594382	-1.574496
Zc3hc1	0.615912	0.055941	-1.179354	3.556871	-2.001098	0.762810
Zcchc11	1.581211	4.116724	1.113210	-0.689961	2.665600	-1.147971
Zfp207	0.264396	3.835624	-1.388145	4.412943	-2.843616	-1.301082
Zfr	4.972211	-4.038921	1.612709	-3.407254	0.949567	-1.147971
Zmpste24	2.443306	-0.395896	-0.719054	3.810035	0.064510	-0.604663
Znf22	-1.467497	1.553327	-0.289480	3.747260	3.456387	0.779995
Znf259	-1.683409	0.742582	-0.558886	-3.043202	-0.672448	-2.688007
Znf512	3.841224	-0.973238	1.113210	-3.449573	-0.004229	-1.147971
Znf593	0.984932	3.272006	-2.846451	-3.086530	-2.606939	-1.147971
Znf598	1.080551	1.221580	1.113210	-1.655067	0.064510	-1.147971
Znf622	-0.684009	-1.264031	-1.115379	-6.142560	-0.097463	-1.147971
Znf830	3.538088	1.221580	1.113210	0.672080	1.362080	-1.147971
Zranb2	0.984932	1.221580	1.113210	-5.921074	2.218457	-1.147971
Zw10	0.984932	1.793371	-1.513301	0.672080	0.064510	-0.898950
ptplad1	0.984932	-0.708055	0.859370	-0.643571	-1.000703	-0.967353
