1	139067124	139067654
1	53952508	53953008
1	58802145	58802841
1	4332428	4332928
1	6225189	6225689
1	6383547	6383677
1	6453515	6454015
1	6454150	6454280
1	6657268	6657407
1	6821354	6821938
1	6866974	6867118
1	7111626	7111719
1	7141614	7141737
1	7219030	7219167
1	9673555	9674136
1	9799072	9799196
1	10039612	10039742
1	10232734	10233234
1	10877425	10877639
1	10957712	10957842
1	11233998	11234128
1	13294904	13295018
1	13457148	13457278
1	13573924	13574451
1	13747261	13747761
1	13771148	13771575
1	14220064	14220214
1	14232325	14232455
1	14232859	14232989
1	14464919	14465049
1	14636004	14636136
1	14862301	14862801
1	15007756	15007906
1	15791857	15792364
1	15850157	15850298
1	16534255	16534387
1	18012976	18013107
1	18106288	18106418
1	18106873	18107000
1	18976659	18977159
1	19178964	19179466
1	20311448	20311948
1	20612828	20612965
1	21647038	21647544
1	21656276	21656407
1	21929817	21929947
1	22350718	22350874
1	23324349	23324502
1	23906034	23906523
1	23922177	23922701
1	24134995	24135127
1	24684525	24684655
1	24719567	24720064
1	25616905	25617405
1	33124026	33124156
1	33757709	33757839
1	34117840	34117967
1	34201585	34201726
1	34867098	34867614
1	36067985	36068544
1	36129057	36129557
1	36746583	36746742
1	36835559	36836067
1	36919836	36919982
1	37218495	37218638
1	37310064	37310181
1	37600610	37601110
1	37696989	37697151
1	37757540	37757670
1	38428659	38429297
1	38665735	38665865
1	38694022	38694522
1	38767820	38768320
1	39878062	39878240
1	39900505	39901005
1	39936671	39936801
1	41663854	41663984
1	43760234	43760368
1	44042265	44042420
1	44118600	44119100
1	44363467	44363623
1	45860472	45860609
1	45864451	45864951
1	46908464	46908594
1	47277886	47278001
1	47809445	47809945
1	51493561	51494061
1	51539554	51540064
1	51569685	51569825
1	52010786	52010918
1	52170166	52170296
1	52294607	52294763
1	52471205	52471335
1	52489903	52490039
1	52500303	52500845
1	53845457	53845622
1	53936680	53936810
1	54128943	54129555
1	54647403	54647612
1	54832663	54833167
1	54875229	54875359
1	54888184	54888839
1	54914593	54914682
1	55736491	55736635
1	58311339	58311472
1	59142760	59143260
1	59763055	59763692
1	60755960	60756138
1	61101735	61101875
1	62967023	62967161
1	64101518	64101648
1	65060354	65060484
1	66427386	66427513
1	66817498	66817628
1	66842044	66842250
1	66862687	66862907
1	66896241	66896390
1	66934091	66934225
1	67478100	67478227
1	67640294	67640794
1	69138829	69139334
1	69165300	69165424
1	71022886	71023041
1	72237373	72237873
1	72238043	72238248
1	74398323	74398437
1	74763022	74763522
1	75425929	75426059
1	78707394	78707532
1	79671285	79671415
1	79683088	79683237
1	79752437	79752567
1	79803450	79803976
1	79832838	79832968
1	79956213	79956346
1	80153256	80153386
1	80221126	80221689
1	80224977	80225213
1	80238915	80239045
1	80252966	80253106
1	80728287	80728426
1	84935828	84935962
1	85809367	85809516
1	85842380	85842521
1	85874704	85874860
1	86202744	86202874
1	86381192	86381330
1	86404975	86405105
1	86424955	86425085
1	86501131	86501261
1	87042201	87042331
1	87214225	87214355
1	87568510	87568652
1	87621800	87622402
1	88094981	88095113
1	88096453	88096579
1	88133820	88134347
1	88509933	88510089
1	89235497	89235629
1	91398598	91399178
1	91494346	91494883
1	91500174	91500304
1	92082907	92083037
1	92453730	92454224
1	93210355	93210570
1	93225364	93225494
1	93267179	93267679
1	93754532	93755253
1	94053545	94053675
1	94078436	94078566
1	94486973	94487103
1	94582224	94582354
1	94869012	94869139
1	95381012	95381535
1	95450721	95451363
1	95451718	95452228
1	95596805	95597305
1	95749062	95749192
1	96498625	96499126
1	96801590	96802089
1	97623362	97623865
1	97625666	97625810
1	97633015	97633145
1	97662064	97662194
1	97769572	97769702
1	98072199	98072331
1	98095410	98095948
1	98545329	98545829
1	105746345	105746904
1	105752310	105752440
1	106065696	106066293
1	106158052	106158182
1	106231280	106231780
1	106714133	106714633
1	106822062	106822206
1	106883970	106884105
1	106901416	106901921
1	106931948	106932451
1	106960969	106961476
1	108363921	108364051
1	109602648	109603148
1	111090908	111090996
1	111242479	111242609
1	111634058	111634557
1	111660204	111660709
1	119476935	119477628
1	119818645	119819145
1	119893088	119893220
1	120208677	120208820
1	120245730	120245867
1	121314758	121315242
1	122169657	122169789
1	122351696	122351826
1	126929796	126929940
1	127270418	127270563
1	127291388	127291914
1	127302841	127302959
1	127309062	127309640
1	127329743	127330243
1	127381185	127381315
1	128016076	128016576
1	128220218	128220344
1	128372290	128372425
1	128614896	128615423
1	128704855	128705513
1	128711190	128711714
1	128766868	128767368
1	128833170	128833300
1	130548086	130548225
1	130740806	130741426
1	130847240	130847370
1	131062873	131063045
1	131096054	131096169
1	131136107	131136237
1	131254738	131254868
1	131329236	131329366
1	131379346	131379476
1	131427402	131427979
1	131432035	131432169
1	131691218	131691776
1	131995194	131995331
1	132165999	132166135
1	132384783	132384913
1	133821251	133821405
1	133911527	133911657
1	134679563	134679713
1	135019140	135019270
1	135132530	135132703
1	135146681	135146811
1	135755454	135755584
1	135767619	135767749
1	136118768	136119268
1	136228793	136229293
1	136276189	136276319
1	137922862	137922992
1	138154526	138154656
1	138620178	138620308
1	138963013	138963143
1	138963572	138963702
1	138967370	138967884
1	139460876	139461006
1	140171484	140171984
1	140183101	140183603
1	140228735	140228891
1	140275692	140276127
1	140295882	140296082
1	140406240	140406944
1	140426549	140427079
1	140484154	140484289
1	140491751	140492251
1	140548836	140548972
1	140661354	140661850
1	142389669	142390169
1	142925132	142925242
1	143002575	143002705
1	143065680	143065814
1	143216725	143217237
1	143644177	143644676
1	143803493	143804002
1	143888721	143889360
1	143974801	143974931
1	144086094	144086596
1	144425515	144425647
1	144430306	144430436
1	144499824	144499998
1	144500355	144500835
1	144931481	144931621
1	147237542	147237949
1	148708235	148708749
1	149758412	149758914
1	149833074	149833186
1	149862714	149862844
1	149937913	149938043
1	149939433	149939563
1	149940183	149940778
1	149961821	149961951
1	150010336	150010836
1	150043990	150044120
1	150470166	150470296
1	150824742	150824878
1	151894000	151894163
1	152089993	152090560
1	152461844	152462344
1	152528389	152528519
1	152566608	152567130
1	152573158	152573437
1	152584983	152585113
1	152612620	152613128
1	153107827	153108327
1	153121306	153121806
1	153153614	153153776
1	153173431	153173563
1	153197225	153197787
1	153269101	153269231
1	153304226	153304391
1	153556851	153557351
1	153602479	153603305
1	155050261	155050435
1	155472723	155472853
1	155605929	155606103
1	156408088	156408260
1	156921491	156922000
1	156963864	156964591
1	157328327	157328457
1	157533278	157533408
1	158267237	158267737
1	159290351	159290481
1	159812845	159813057
1	160036929	160037434
1	161034476	161034606
1	161396772	161396902
1	161712988	161713193
1	162186803	162187303
1	163976638	163976768
1	165564670	165564800
1	165691600	165691730
1	165708024	165708280
1	165873003	165873193
1	165948372	165948509
1	166793208	166793338
1	167000594	167000724
1	167269336	167269836
1	169156988	169157117
1	169368894	169369024
1	169384575	169384705
1	169385695	169386227
1	170895210	170895715
1	170900722	170901222
1	170928402	170928986
1	170934316	170934829
1	171193222	171193352
1	171344756	171344873
1	171516419	171516575
1	171561940	171562070
1	171619746	171619923
1	171647862	171647992
1	173977735	173977887
1	174055397	174055497
1	174354752	174354882
1	174466403	174466537
1	175640907	175641037
1	175643602	175643740
1	176823992	176824128
1	176877657	176878179
1	177080826	177080956
1	177150190	177150951
1	177177423	177177934
1	177382745	177382925
1	177467073	177467595
1	177483658	177483815
1	178375480	178375617
1	178405609	178405739
1	178449138	178449639
1	178468185	178468685
1	179667932	179668461
1	179901343	179901843
1	180547962	180548092
1	180624039	180624171
1	180723677	180724130
1	180777671	180777801
1	180813928	180814148
1	180826752	180826884
1	180901057	180901557
1	182005976	182006095
1	184041991	184042132
1	184832326	184832456
1	184845124	184845276
1	185247192	185247322
1	185376549	185376684
1	185517534	185518034
1	186136575	186137075
1	186137196	186137326
1	186287798	186288298
1	186407603	186408404
1	186580212	186580328
1	186699072	186699202
1	188533085	188533215
1	188993112	188993608
1	189189025	189189155
1	189726436	189726614
1	189792827	189792957
1	189922299	189922487
1	191076643	191076773
1	191193700	191193830
1	191259350	191259427
1	191269524	191269654
1	191718342	191718472
1	191981241	191981741
1	191995598	191995754
1	192189163	192189299
1	193208321	193208461
1	193255621	193255760
1	193303647	193303777
1	193738953	193739083
1	194925833	194925963
10	115343183	115343382
10	123076128	123076806
10	41893762	41893996
10	42122858	42123358
10	3534291	3534791
10	3834728	3834858
10	4261026	4261156
10	4266521	4267021
10	5435734	5435890
10	5600033	5600542
10	5800618	5800755
10	5950429	5950559
10	6885564	6885700
10	7834519	7834975
10	8028983	8029113
10	8777694	8777792
10	8953063	8953193
10	9370556	9371056
10	9901150	9901318
10	9908223	9908401
10	11362206	11362706
10	12824092	12824222
10	12866918	12867074
10	14055244	14055368
10	14734258	14734745
10	15391948	15392565
10	16459220	16459333
10	16751666	16751835
10	17201199	17201327
10	17496631	17497131
10	17589079	17589579
10	17721347	17721450
10	17950994	17951108
10	18528511	18529001
10	18770031	18770161
10	18826199	18826339
10	18886853	18887375
10	19033790	19033920
10	19522327	19522457
10	19570353	19570456
10	19583072	19583202
10	19601627	19601770
10	19613478	19613567
10	20036536	20036666
10	20036840	20037349
10	20059000	20059130
10	20390688	20390818
10	20505446	20505576
10	20505651	20505751
10	20857853	20857973
10	20954361	20954493
10	21337351	21337481
10	22293243	22293743
10	22567242	22567378
10	24961190	24961326
10	25151200	25151377
10	25268450	25268950
10	25296717	25296847
10	26576226	26576356
10	26668548	26668701
10	29087952	29088082
10	29106906	29107412
10	30587193	30587347
10	30825164	30825309
10	31261068	31261198
10	34096705	34096835
10	34249447	34249956
10	35586368	35586564
10	36546760	36546904
10	39291983	39292132
10	39311253	39311869
10	39520399	39520623
10	39595728	39596344
10	40310377	40310507
10	40449759	40449891
10	40497650	40498150
10	40529775	40529905
10	40583982	40584112
10	41882941	41883062
10	41933614	41933746
10	42188298	42188438
10	43588488	43588644
10	43694147	43694299
10	43706429	43706560
10	44539247	44539383
10	45511894	45512022
10	45619051	45619551
10	45676722	45677222
10	45822417	45822585
10	46294454	46294642
10	47775122	47775252
10	48492205	48492335
10	49483802	49483941
10	50142411	50142541
10	50698968	50699479
10	50964499	50964999
10	51011301	51011835
10	51414574	51414739
10	51453811	51454387
10	52758565	52759065
10	53615877	53616377
10	54119348	54119508
10	55319856	55319986
10	55360941	55361441
10	55546260	55546760
10	56297606	56297736
10	57001454	57001600
10	57690287	57690417
10	58341617	58342117
10	58351852	58351984
10	58364120	58364309
10	58544563	58544693
10	59292732	59292866
10	59694254	59694384
10	59879854	59880010
10	60009226	60009373
10	60124221	60124359
10	60163046	60163176
10	60346990	60347490
10	60370406	60371022
10	61200490	61200620
10	62381075	62381197
10	63003901	63004031
10	67096998	67097128
10	67943672	67943802
10	68240452	68241451
10	68442848	68443068
10	68482278	68482408
10	68490942	68491072
10	68527724	68527854
10	68550799	68551299
10	70096570	70097070
10	70318599	70319107
10	70876218	70876348
10	70963542	70964043
10	71225834	71226335
10	71282123	71282253
10	74463930	74464437
10	75635588	75636097
10	75765082	75765584
10	75853404	75853907
10	77543178	77543680
10	78129908	78130408
10	78134576	78134672
10	78244416	78245011
10	78352311	78352441
10	79732638	79732780
10	79916675	79917200
10	80033274	80033416
10	80114673	80114759
10	80174847	80174977
10	80219246	80219406
10	80245753	80245883
10	80343154	80343284
10	80387499	80387999
10	80523412	80523542
10	80532512	80532642
10	80610249	80610379
10	80628999	80629129
10	80678163	80678379
10	80687982	80688115
10	80948770	80948946
10	81087147	81087277
10	81255039	81255169
10	81351802	81351932
10	81395238	81395405
10	81408727	81409227
10	81429608	81429783
10	81482663	81482793
10	81518646	81518840
10	81536859	81536989
10	81550355	81550511
10	81559376	81559506
10	82167891	82168027
10	83266778	83266918
10	83600228	83600349
10	84111446	84111964
10	84163662	84164186
10	84168080	84168580
10	84968895	84969044
10	85656001	85656131
10	85951853	85952521
10	87098887	87099017
10	88504057	88504200
10	88730954	88731084
10	89685478	89685605
10	90081606	90082106
10	90728865	90729007
10	90732794	90733298
10	91032322	91032822
10	91137514	91137736
10	91270426	91270592
10	93143915	93144045
10	93309717	93309852
10	93365010	93365146
10	93432528	93432678
10	93541735	93541917
10	93548934	93549437
10	94918107	94918287
10	95088316	95088420
10	95090157	95090287
10	95138675	95139175
10	95178926	95179056
10	95182288	95182890
10	95299701	95300201
10	95550583	95550715
10	95618320	95618450
10	95643709	95644209
10	95677669	95678193
10	95685217	95685378
10	95707815	95708520
10	95714345	95714845
10	95722181	95722731
10	95745936	95746066
10	95817305	95817811
10	95894860	95895003
10	96592264	96592394
10	96622887	96623017
10	96677384	96677514
10	97160365	97160501
10	99204692	99204822
10	99430765	99430908
10	99440903	99441403
10	99619376	99619880
10	99632582	99632736
10	102449404	102449910
10	103194887	103195387
10	103442976	103443489
10	106585675	106586175
10	106932565	106932695
10	107946432	107946562
10	110989850	110989980
10	111107315	111107820
10	111134020	111134164
10	111445924	111446034
10	111600216	111600763
10	111694401	111694559
10	111720987	111721487
10	111867128	111867388
10	113027220	113027722
10	115060993	115061123
10	115147463	115147595
10	116397786	116397916
10	116581856	116582001
10	117282091	117282593
10	117408214	117408608
10	117433991	117434226
10	117557159	117557274
10	117746193	117746700
10	117856320	117856450
10	118162759	118162889
10	120208100	120208230
10	121033411	121033541
10	121429639	121429781
10	121501064	121501574
10	121666873	121667029
10	121767431	121767561
10	123100652	123100808
10	123147329	123147459
10	123183623	123184128
10	123196714	123197239
10	123538385	123538885
10	123538937	123539067
10	123596504	123596661
10	124138535	124138691
10	125538443	125538573
10	127508380	127508512
10	127532731	127532861
10	127594627	127594757
10	127937572	127937704
10	128064930	128065060
10	128185910	128186431
10	128243533	128243663
10	128246999	128247499
10	128322177	128322678
10	128376806	128377322
10	128459140	128459270
10	128845959	128846134
10	128889285	128889415
10	130536233	130536367
11	59899838	59899979
11	32538290	32538790
11	56131182	56131686
11	69418621	69419291
11	70500297	70500420
11	74547143	74547273
11	83640037	83640662
11	117358217	117358733
11	3535159	3535747
11	4422052	4422211
11	4600041	4600236
11	4754156	4754286
11	5114884	5115405
11	5261512	5262025
11	5432451	5432581
11	5485894	5486024
11	5953271	5953401
11	6174824	6175347
11	6465234	6465393
11	8557151	8557293
11	8634638	8635185
11	10205399	10205521
11	10276087	10276723
11	10283444	10284063
11	10318367	10318497
11	10318517	10318615
11	10382142	10382272
11	11454999	11455499
11	11501084	11501214
11	11547759	11548259
11	11707597	11708097
11	11748163	11748716
11	11753826	11754354
11	11758180	11758336
11	11761028	11761528
11	11763019	11763622
11	11768688	11769688
11	11939749	11939911
11	11963648	11963823
11	12543167	12543297
11	12870363	12870495
11	16524852	16525350
11	16532764	16533298
11	16558745	16559325
11	16669917	16670047
11	16708030	16708160
11	16945449	16945579
11	16987833	16987963
11	19963795	19964021
11	19966198	19966355
11	20067678	20067808
11	20702900	20703030
11	21403991	21404140
11	21425938	21426068
11	21726433	21726589
11	22969619	22969738
11	23357436	23357566
11	23954309	23954811
11	24255749	24255879
11	24357517	24357673
11	24420676	24421176
11	27220084	27220219
11	28610884	28611016
11	28734360	28734472
11	28734981	28735137
11	28811983	28812115
11	30101339	30101469
11	30129245	30129745
11	30161182	30161312
11	31371348	31371478
11	31386619	31386749
11	31641223	31641353
11	31814768	31814905
11	32010426	32010930
11	32028587	32029087
11	32032298	32032495
11	32106462	32106626
11	32126110	32126240
11	32533993	32534123
11	32550053	32550604
11	32558820	32558978
11	32563721	32563858
11	34034336	34034495
11	34064173	34064314
11	34066846	34066976
11	34123257	34123389
11	34229111	34229258
11	34276026	34276156
11	44518672	44519182
11	44658085	44658585
11	45061862	45062019
11	45062706	45062917
11	45086700	45086830
11	45349466	45349589
11	45524651	45525186
11	45794483	45794616
11	45849782	45850237
11	45851636	45852162
11	45884210	45884349
11	46236911	46237420
11	46326829	46326985
11	46343953	46344059
11	49101618	49101820
11	50243895	50244018
11	50443566	50444077
11	50835693	50836203
11	51650642	51651142
11	51820079	51820209
11	52079926	52080436
11	52286501	52286725
11	52338022	52338187
11	52384838	52384970
11	52517467	52517597
11	53350471	53350979
11	53376430	53376560
11	54257110	54257249
11	54356806	54356936
11	54464464	54465049
11	54619000	54619169
11	54807788	54807947
11	54988093	54988238
11	55373988	55374118
11	55423848	55423978
11	55433049	55433179
11	55607689	55608189
11	58104548	58104662
11	58235156	58235656
11	58352762	58352898
11	59418626	59419126
11	59421602	59421744
11	59502266	59502858
11	59526850	59527000
11	59541271	59541771
11	59847259	59847389
11	59918092	59918191
11	60465996	60466132
11	61005182	61005682
11	61727992	61728546
11	61796254	61796384
11	62846963	62847095
11	64442162	64442662
11	64955060	64955560
11	64968680	64968816
11	65050038	65050402
11	65055652	65056152
11	65770153	65770283
11	65788103	65788621
11	68017428	68018111
11	68519519	68519649
11	68521515	68521675
11	68598022	68598152
11	68600351	68600515
11	68726763	68726893
11	68770246	68770376
11	68904854	68904991
11	69028954	69029084
11	69036898	69037043
11	69037725	69037895
11	69067003	69067153
11	69078788	69079299
11	69110269	69111243
11	69124233	69124398
11	69883193	69883333
11	70084831	70084961
11	70177817	70177947
11	70309291	70309799
11	70313949	70314085
11	70562536	70563118
11	70655015	70655157
11	72407008	72407176
11	72535665	72535795
11	72551697	72551855
11	72671599	72671714
11	72961038	72961195
11	74897174	74897304
11	75472878	75472975
11	75531552	75531708
11	75656077	75656172
11	75974154	75974284
11	76510496	76510703
11	76859207	76859707
11	77097005	77097135
11	77386229	77386850
11	77442714	77443214
11	78115416	78115546
11	78175840	78175965
11	78177918	78178054
11	78261270	78261994
11	78347486	78347629
11	78792039	78792169
11	79908750	79908907
11	79909235	79909365
11	80351746	80352264
11	82177700	82178207
11	82255909	82256039
11	82962375	82962458
11	83016216	83016372
11	83462927	83463119
11	83578458	83578615
11	83649267	83649954
11	84264419	84264919
11	84818134	84818277
11	85925387	85925887
11	86395889	86396040
11	86655839	86655969
11	86807007	86807137
11	87357654	87357796
11	87442791	87442921
11	87759737	87759870
11	88092042	88092177
11	88559529	88559659
11	88789965	88790099
11	89024124	89024649
11	90616597	90616732
11	90623615	90623759
11	93035798	93035954
11	93144669	93144800
11	93361522	93362022
11	93885026	93885188
11	94677254	94677791
11	95315333	95315539
11	95356758	95356914
11	96091205	96091339
11	96285456	96285566
11	96285892	96286022
11	96296031	96296130
11	96765576	96766076
11	96875869	96876032
11	96977325	96977455
11	96982519	96982651
11	97198554	97199054
11	97660259	97660759
11	98049830	98049960
11	98786981	98787113
11	98794939	98795452
11	98909779	98909908
11	98924707	98925270
11	99310942	99311082
11	100006759	100006889
11	100408193	100408334
11	100850495	100850625
11	100974463	100974581
11	101131856	101131954
11	101180992	101181125
11	101226185	101226740
11	101467500	101467644
11	101790799	101790941
11	101925791	101925921
11	101983967	101984485
11	102245235	102245344
11	102402177	102402307
11	102407459	102407615
11	102432117	102432334
11	102556167	102556698
11	103158681	103158811
11	103170937	103171148
11	103911161	103911662
11	104367659	104368193
11	104631320	104631563
11	104637077	104637577
11	104645461	104645593
11	104648662	104648792
11	105240987	105241487
11	105592062	105592192
11	106329840	106329989
11	106468578	106468717
11	106542538	106542668
11	106742409	106742909
11	106807576	106807733
11	106851562	106851705
11	106883858	106883988
11	106884926	106885429
11	106911211	106911711
11	107131925	107132435
11	107808641	107808773
11	108249636	108249790
11	108259438	108259568
11	108267764	108268272
11	108277221	108277351
11	109193329	109193465
11	109875965	109876100
11	112833060	112833275
11	113056241	113056371
11	113064658	113065158
11	113101559	113102103
11	113135383	113135502
11	113490927	113491427
11	114404125	114404255
11	114668031	114668161
11	115142178	115142308
11	115160993	115161129
11	115473880	115474380
11	115491340	115491470
11	115631190	115631320
11	115814464	115814965
11	116071539	116072040
11	116265404	116265534
11	116445952	116446459
11	116603457	116603587
11	117292537	117292669
11	117296145	117296301
11	117318806	117319306
11	117360001	117360131
11	117392377	117392507
11	117545069	117545199
11	117685622	117685786
11	117809390	117809901
11	117954143	117954273
11	118162322	118162453
11	118243783	118243916
11	118460384	118460514
11	119022763	119023264
11	119150307	119150817
11	119159381	119159937
11	119162854	119163363
11	119187632	119187780
11	119191862	119191999
11	119434396	119434606
11	119709193	119709713
11	120444270	120444400
11	120549487	120549990
11	120581377	120581904
11	120626018	120626163
11	120784021	120784522
11	121235631	121235749
12	25165781	25165964
12	86802375	86802535
12	111738846	111739082
12	112607126	112607267
12	4022935	4023065
12	4592936	4593066
12	8102012	8102142
12	8189655	8190155
12	8216838	8216970
12	8901087	8901217
12	10589592	10590095
12	11214894	11215030
12	11230430	11230580
12	12249617	12249754
12	12254329	12254477
12	12562207	12562707
12	12941916	12942047
12	12942283	12942783
12	15416574	15416711
12	16008241	16008662
12	16136532	16136678
12	16170297	16170427
12	16384543	16384687
12	16464808	16464938
12	17054810	17054956
12	17440337	17440467
12	17770654	17770784
12	17808543	17809054
12	18225342	18225472
12	18606070	18606573
12	24669295	24669795
12	25164800	25164991
12	25223683	25223814
12	25294497	25294634
12	25438526	25438656
12	26424815	26425315
12	28831153	28831283
12	29068283	29068413
12	30922549	30922679
12	31008297	31008437
12	31126190	31126320
12	31154524	31155052
12	31160373	31160873
12	31248312	31248465
12	31460397	31460527
12	31710741	31710873
12	31926825	31926955
12	32009531	32010055
12	32111681	32111811
12	33210633	33210763
12	33280740	33281244
12	33411683	33411813
12	34215618	34216118
12	34672805	34672948
12	34680545	34681391
12	34990294	34990794
12	35196361	35196491
12	36046415	36046545
12	36112249	36112379
12	36724359	36724489
12	36792155	36792664
12	36831288	36831788
12	36926117	36926617
12	38257696	38257826
12	40017102	40017232
12	40082402	40082906
12	40140848	40140971
12	41247125	41247281
12	41325675	41326189
12	41409393	41409904
12	41486968	41487475
12	41647216	41647346
12	42588977	42589477
12	43575898	43576412
12	44166888	44167388
12	44572784	44572928
12	49171176	49171299
12	51623174	51623318
12	52010712	52010842
12	52038445	52038577
12	52895785	52895915
12	52939492	52940005
12	52958146	52958288
12	54164557	54165138
12	54197934	54198064
12	54203833	54203989
12	54205345	54205475
12	54209231	54209731
12	54313201	54313488
12	54313503	54314031
12	54353395	54353525
12	54825338	54825468
12	55422169	55422355
12	56289066	56289196
12	57258709	57258834
12	57825691	57826183
12	59207049	59207559
12	64614741	64614871
12	64829610	64830113
12	66796016	66796580
12	66853105	66853612
12	69241791	69241915
12	69413486	69413642
12	69461898	69462028
12	70105188	70105318
12	70140640	70140811
12	72047705	72047848
12	72361636	72362136
12	72654865	72655022
12	72694060	72694197
12	72951555	72951685
12	73534532	73535032
12	73586030	73586167
12	73672803	73672932
12	75786617	75787117
12	75853757	75853887
12	76369506	76369636
12	79390429	79390559
12	79970320	79970467
12	79985101	79985357
12	80023605	80023735
12	80157694	80158198
12	80570392	80570573
12	80642770	80642895
12	80879364	80879494
12	81833234	81833366
12	81860901	81861031
12	82151259	82151389
12	82350026	82350535
12	84408803	84409324
12	85169388	85169918
12	85532700	85532835
12	85541322	85541475
12	85973696	85973814
12	85992176	85992306
12	86104457	86104565
12	86344292	86344422
12	86686976	86687125
12	86807485	86807619
12	86859524	86859654
12	87017171	87017301
12	87215951	87216451
12	90725186	90725316
12	90810727	90810857
12	91637611	91637741
12	92740959	92741158
12	93549802	93550302
12	98324265	98324411
12	98428581	98428711
12	98588692	98588822
12	98884631	98884773
12	99240823	99240953
12	99284568	99284698
12	99561451	99561607
12	99803259	99803389
12	99874566	99875066
12	99956362	99956862
12	99973758	99973862
12	100422312	100422442
12	100520838	100520968
12	101875238	101875381
12	101980152	101980657
12	102287054	102287186
12	102461341	102461481
12	102524854	102524977
12	102670993	102671123
12	103322907	103323036
12	103338315	103338447
12	103398233	103398363
12	104999326	104999483
12	105839225	105839363
12	107148619	107148749
12	108453852	108453988
12	108631209	108631339
12	108903818	108904318
12	108917597	108917740
12	108933926	108934124
12	108936952	108937126
12	109949663	109949793
12	109958846	109958978
12	110845227	110845383
12	110983620	110984130
12	111668296	111668805
12	111732630	111732760
12	111744148	111744317
12	112988026	112988162
12	113187631	113187801
12	113202133	113202263
12	113218005	113218161
12	113220619	113220759
12	113981739	113981885
12	114062969	114063473
12	114134352	114134852
12	114182480	114183148
12	114256395	114256525
12	114564260	114564777
12	114685160	114685293
12	114775360	114775860
12	114804526	114804682
12	114898723	114899223
12	115067874	115068024
12	115257759	115258267
12	115963716	115963846
12	115997093	115997223
12	115999743	116000243
12	116000524	116000624
12	116003067	116003197
12	116049823	116049965
12	116177068	116177204
12	117499136	117499636
12	117566177	117566677
12	117736236	117736366
12	117820029	117820523
12	117916136	117916641
12	118157828	118158328
12	118186645	118186775
12	118186982	118187482
12	118221131	118221767
12	118498003	118498133
12	118648606	118649155
12	118649407	118649537
12	118652136	118652272
12	118660023	118660153
12	118994239	118994739
12	119873289	119873789
12	119906669	119907252
12	120028028	120028551
13	28442211	28442724
13	76447456	76447958
13	83001028	83001512
13	3524143	3524275
13	3804979	3805135
13	5843043	5843173
13	9173541	9173676
13	9642005	9642196
13	12764195	12764617
13	12809714	12809834
13	12873066	12873186
13	12882222	12882352
13	13175990	13176120
13	13415549	13415679
13	13518213	13518391
13	13805764	13805877
13	16020579	16021083
13	19438112	19438621
13	19855041	19855171
13	20127519	20128019
13	20207284	20207422
13	21172798	21172928
13	21275939	21276077
13	21415340	21415496
13	21734906	21735111
13	22022335	22022515
13	22030569	22030702
13	23425589	23425832
13	23463464	23463641
13	23466797	23467305
13	23518102	23518304
13	23554926	23555163
13	23563243	23563461
13	23750915	23751052
13	23768911	23769041
13	24406945	24407101
13	24416531	24416695
13	24499617	24499749
13	24511481	24511596
13	24528268	24528398
13	24655298	24655798
13	25019764	25019904
13	27016062	27016218
13	28502282	28502412
13	28556647	28556786
13	30566907	30567037
13	30633181	30633311
13	30786275	30786405
13	31696728	31697229
13	32029091	32029227
13	32228024	32228156
13	32296186	32296435
13	32383471	32383601
13	32398773	32398903
13	32474473	32474604
13	32495133	32495289
13	32680272	32680402
13	32839426	32839582
13	33559074	33559204
13	35119915	35120050
13	35771985	35772130
13	35821696	35822214
13	35871231	35871367
13	36149321	36149490
13	37432596	37433101
13	37504588	37504718
13	37509448	37509688
13	37531713	37531859
13	38157503	38158110
13	38288130	38288270
13	40784488	40784625
13	41250075	41250205
13	42300697	42300831
13	43094476	43094610
13	43442304	43442434
13	43480738	43481489
13	43577370	43577507
13	44133561	44133691
13	44407453	44407587
13	44501710	44502297
13	44819342	44819868
13	44977749	44978249
13	45000931	45001068
13	45002077	45002207
13	45024155	45024655
13	46180731	46180854
13	46181042	46181172
13	47105802	47105932
13	48863421	48863985
13	48965681	48965898
13	48968104	48968621
13	49291501	49291638
13	49322317	49322503
13	49352453	49352953
13	49360892	49361022
13	49391509	49391639
13	49645077	49645577
13	51100339	51101383
13	51792851	51792983
13	52600206	52600719
13	52980993	52981123
13	53267251	53267381
13	53309689	53310195
13	54063244	54063744
13	54322479	54322609
13	54475903	54476033
13	54520348	54520482
13	55018084	55018214
13	55327813	55327975
13	55330454	55330642
13	55393057	55393187
13	55473257	55473387
13	55478172	55478315
13	55668695	55668825
13	58117763	58117904
13	59251265	59251395
13	59397688	59397820
13	59489259	59489389
13	59515219	59515349
13	60748645	60748784
13	62115811	62116318
13	62399318	62399451
13	62935530	62936030
13	63217114	63217244
13	63236397	63236527
13	63528262	63528770
13	63633634	63633764
13	63867094	63867245
13	64038203	64038335
13	64306249	64306396
13	64315414	64315915
13	65005546	65005678
13	65366983	65367139
13	66425765	66425922
13	66711774	66711936
13	66776312	66776468
13	66869629	66870124
13	69485471	69485583
13	70884577	70884707
13	71342937	71343067
13	72526829	72526959
13	72984760	72984916
13	73160339	73160477
13	73459701	73459837
13	73827707	73827837
13	74040885	74041118
13	74861732	74861868
13	75542646	75542826
13	75931029	75931534
13	76197527	76197657
13	76215325	76215829
13	76318761	76318892
13	76415485	76415615
13	76552232	76552362
13	76735389	76735545
13	76809908	76810085
13	77045494	77045629
13	77107857	77108006
13	77213302	77213803
13	77215608	77215742
13	77676645	77676801
13	78269179	78269335
13	78835744	78836244
13	79283159	79283289
13	79453340	79453470
13	79612584	79612740
13	79962012	79962142
13	80295863	80295995
13	80467364	80467494
13	80467812	80467942
13	80699795	80699925
13	81369732	81369868
13	81431701	81431855
13	81568037	81568163
13	81852747	81852885
13	81991184	81991340
13	82072556	82072686
13	82120215	82120371
13	82892851	82893351
13	82899598	82900143
13	83074376	83074508
13	83080067	83080223
13	83143507	83143637
13	83208033	83208600
13	83208940	83209030
13	83565921	83566083
13	83656921	83657053
13	83819405	83819561
13	84112202	84112702
13	84833506	84834006
13	84964960	84965042
13	85207654	85207786
13	85724181	85724311
13	86205676	86205806
13	86257384	86257884
13	86961432	86961562
13	87619670	87620170
13	87932087	87932217
13	88251377	88251939
13	88417721	88418221
13	88472345	88472845
13	88554578	88554846
13	88580904	88581056
13	88610578	88611068
13	88662842	88662998
13	88923209	88923727
13	89064632	89064806
13	89066972	89067126
13	89077206	89077552
13	89168122	89168242
13	89181795	89181925
13	89199249	89199797
13	89413272	89413402
13	89485170	89485385
13	89564478	89565003
13	89584161	89584291
13	89649683	89650200
13	89708312	89708442
13	89715674	89715834
13	89729868	89730118
13	90005619	90005849
13	90061990	90062095
13	90515751	90516252
13	90629971	90630127
13	90662564	90662720
13	91093707	91093837
13	91541107	91541272
13	91656624	91657124
13	91696993	91697503
13	91735453	91735583
13	91870669	91871169
13	91882219	91882349
13	91893274	91893416
13	92974112	92974239
13	93243117	93243622
13	93248683	93249255
13	93340778	93341280
13	94381868	94382009
13	94382515	94382645
13	94713553	94713705
13	94788596	94789147
13	94976614	94976807
13	95014405	95014905
13	95087522	95087652
13	95419393	95419893
13	95692372	95692502
13	95697986	95698116
13	95781550	95781683
13	96846670	96846826
13	97008321	97008457
13	97045406	97045536
13	97187740	97187870
13	97205165	97205295
13	98310210	98310355
13	98634220	98634350
13	98684638	98684768
13	99606715	99606849
13	100576075	100576223
13	100642686	100642795
13	100684492	100684622
13	100809904	100810404
13	100815643	100815787
13	100832098	100832598
13	101694103	101694238
13	101735825	101735974
13	101742778	101742958
13	101760391	101760521
13	101797094	101797224
13	101909235	101909365
13	102044701	102044857
13	102689847	102689977
13	102700249	102700379
13	102835936	102836066
13	103680186	103680323
13	104124090	104124250
13	104204444	104204582
13	104726874	104727101
13	104805822	104805963
13	104953028	104953551
13	105053679	105054179
13	105118512	105118642
13	105121901	105122479
13	105139897	105140053
13	105212669	105213169
13	105342889	105343049
13	106311017	106311122
13	106662327	106662446
13	106918629	106919123
13	107105642	107105772
13	108129159	108129292
13	109616044	109616184
13	109736829	109736959
13	110048751	110049313
13	110368827	110368957
13	110446144	110446277
13	110446598	110446730
13	110477689	110478189
13	110563887	110564387
13	110575976	110576132
13	110903353	110903483
13	110968048	110968548
13	111238034	111238164
13	111470802	111471322
13	111687526	111687681
13	111821883	111822013
13	111979932	111980064
13	112271996	112272144
13	112344650	112344780
13	112355061	112355192
13	112365939	112366069
13	112426471	112426596
13	112433215	112433746
13	112439559	112439689
13	112439806	112440479
13	114039310	114039810
13	115178330	115178461
13	115451381	115451511
13	115474179	115474309
13	115496947	115497447
13	115896771	115897271
13	116072590	116072746
13	116774323	116774479
13	117101877	117102007
13	117127742	117128242
13	117165008	117165512
13	117193599	117193729
13	117242208	117242352
13	117334243	117334389
13	117662791	117662921
13	117670745	117670875
13	118912914	118913044
13	118957406	118957906
13	118981310	118981440
13	118981507	118981663
13	119428616	119429116
13	120041059	120041559
14	32931764	32931957
14	112656269	112656402
14	121650775	121651275
14	8092637	8092767
14	8207178	8207308
14	8528020	8528150
14	10025892	10026039
14	10439250	10439785
14	11329942	11330443
14	12140025	12140168
14	12574234	12574825
14	13236901	13237405
14	14068104	14068682
14	14476768	14476898
14	14634133	14634263
14	14991779	14991906
14	15062753	15063253
14	16334392	16334522
14	18149254	18149384
14	20319507	20319637
14	20785366	20785523
14	20874051	20874181
14	20938491	20938647
14	21336031	21336179
14	21368994	21369487
14	21846427	21846549
14	23401197	23401333
14	25609292	25609792
14	26486546	26486676
14	26626765	26626921
14	26815043	26815173
14	27412800	27412930
14	27889609	27890109
14	29657147	29657277
14	29672024	29672154
14	30881458	30881591
14	30996554	30996711
14	31017938	31018061
14	31431766	31432266
14	31537131	31537742
14	31569087	31569690
14	31569782	31569912
14	31790890	31791044
14	32076583	32076713
14	32167375	32167548
14	34273372	34273498
14	34768497	34768627
14	34867380	34867529
14	36316645	36317179
14	36931949	36932414
14	40469860	40470016
14	40924328	40924828
14	40939633	40939763
14	40955280	40955502
14	43925113	43925245
14	45011128	45011628
14	45153381	45153517
14	45220738	45220877
14	45388558	45389175
14	46941685	46942189
14	46981171	46981671
14	47472241	47472750
14	47629250	47629750
14	47634665	47634795
14	48370271	48370775
14	48453493	48453623
14	49008102	49008239
14	49028109	49028250
14	49300235	49300753
14	51049844	51049974
14	52195759	52195915
14	52654502	52654632
14	53597450	53597568
14	54222546	54222674
14	54464747	54464877
14	54568966	54569482
14	54843527	54843667
14	56304133	56304633
14	56812840	56812970
14	57527233	57527365
14	57998802	57998976
14	58076377	58076507
14	58082131	58082266
14	58126640	58126770
14	58375206	58375336
14	59200936	59201436
14	59641983	59642115
14	59643566	59644082
14	60705131	60705261
14	60805120	60805301
14	61157649	61157779
14	61665984	61666114
14	61682297	61682415
14	61757203	61757413
14	61834695	61834825
14	61997649	61998151
14	62347264	62347408
14	62783612	62783742
14	62864253	62864769
14	62867810	62867940
14	62920773	62920905
14	62979959	62980090
14	63207240	63207372
14	63215103	63215233
14	63377335	63377835
14	63561776	63562407
14	63681452	63682000
14	64046696	64046826
14	64099043	64099180
14	64185809	64186309
14	64882748	64882890
14	64927733	64928262
14	65058950	65059080
14	66228969	66229133
14	66714468	66714598
14	69236045	69236164
14	69862607	69862748
14	70135631	70135763
14	70351171	70351680
14	70411458	70411589
14	70892161	70892333
14	72705189	72705308
14	73095205	73095379
14	73122544	73122899
14	73222698	73222828
14	73290065	73290221
14	73325566	73326382
14	73408343	73408473
14	73430575	73430705
14	73451822	73451952
14	73474285	73474417
14	74078739	74079263
14	74240171	74240730
14	74252739	74253337
14	74255147	74255277
14	74358988	74359489
14	74867576	74868076
14	74913687	74913817
14	74943209	74943339
14	74990442	74990945
14	75010482	75010604
14	75020904	75021078
14	75069615	75069771
14	76610568	76610801
14	76613571	76614071
14	76658066	76658566
14	76664933	76665063
14	76673850	76674419
14	76685940	76686106
14	76688036	76688580
14	76737905	76738083
14	76760604	76760734
14	76781426	76782033
14	76787621	76787765
14	76876105	76876257
14	76912789	76912919
14	78330537	78331069
14	78356929	78357195
14	78527082	78527238
14	79288408	79288538
14	79617525	79617657
14	80675960	80676116
14	86110637	86111064
14	87416365	87416865
14	87422543	87422673
14	87493695	87494196
14	93317522	93317652
14	93898476	93898970
14	94068568	94069110
14	94213159	94213315
14	94260430	94260930
14	94547559	94547697
14	94924008	94924140
14	95775587	95776094
14	96908714	96909214
14	98873325	98873825
14	100211162	100211294
14	101428983	101429102
14	101879401	101879557
14	103034208	103034344
14	103098953	103099083
14	103513161	103513291
14	103850636	103850747
14	103918731	103919231
14	103945656	103946156
14	103949842	103950453
14	104033716	104033846
14	105736525	105736655
14	106500542	106501052
14	106740511	106740641
14	110046633	110047150
14	110762529	110763027
14	110892992	110893121
14	112895509	112896020
14	114791392	114791897
14	114845807	114846308
14	115228013	115228526
14	115436702	115436909
14	115471946	115472102
14	115475196	115475678
14	120403513	120403658
14	121218763	121218893
14	121243411	121243541
14	121588599	121588729
14	121906552	121906684
14	121907449	121907581
14	121983128	121983260
14	122851809	122852309
14	122986723	122986949
14	123201443	123201599
15	10583336	10584106
15	21544729	21545243
15	38453175	38453310
15	102202915	102203847
15	3174808	3175309
15	3270690	3271256
15	3356380	3356499
15	5106384	5106514
15	5261110	5261327
15	5262901	5263031
15	5292414	5292944
15	5414463	5414624
15	5574500	5574630
15	7088965	7089083
15	7464078	7464249
15	9302039	9302195
15	9362912	9363042
15	9891581	9891721
15	10090528	10090658
15	10236884	10237014
15	10470070	10470593
15	13244483	13244613
15	14628457	14628957
15	15927535	15927668
15	16295884	16296014
15	19778625	19779125
15	21114906	21115062
15	25358716	25358846
15	25440910	25441410
15	27316447	27316587
15	27647637	27648137
15	27702426	27702558
15	29026177	29026667
15	32020451	32020581
15	32286447	32286577
15	34968521	34969021
15	35088485	35088680
15	35352926	35353056
15	35621287	35621805
15	36581824	36581954
15	36706141	36706277
15	36855184	36855314
15	36933813	36933943
15	37951432	37951562
15	38544749	38544879
15	39861065	39861578
15	40166630	40167126
15	41163541	41164041
15	41436264	41436394
15	41476941	41477437
15	41639794	41639924
15	41727096	41727596
15	41730916	41731079
15	41774541	41774671
15	41970701	41971300
15	42417418	42417905
15	42520663	42521169
15	43036832	43037334
15	43758411	43758541
15	44836332	44836466
15	48102559	48103059
15	50698079	50698209
15	51907215	51907344
15	54413975	54414094
15	56033833	56033985
15	56066080	56066571
15	56695523	56695653
15	57705887	57706022
15	57793528	57793658
15	57849497	57849627
15	58049137	58049282
15	58198187	58198322
15	58384013	58384143
15	58888573	58889281
15	59524582	59525082
15	59652975	59653121
15	59714365	59714865
15	59876275	59876416
15	60824698	60825198
15	62038838	62039449
15	62780890	62781028
15	63611078	63611582
15	63636605	63637105
15	63716800	63716930
15	63957649	63957805
15	64078954	64079129
15	64113314	64113447
15	64115722	64115852
15	64163362	64163476
15	64234357	64234487
15	64270116	64270288
15	65825602	65826111
15	66475808	66476316
15	66865635	66865765
15	66877697	66878287
15	66904397	66904535
15	67088227	67088357
15	67147405	67147548
15	67555034	67555164
15	68011132	68011632
15	68228356	68228493
15	72492665	72492896
15	73068978	73069117
15	73668060	73668617
15	73755240	73755372
15	74992867	74992997
15	75660346	75660476
15	76446764	76446894
15	76537785	76537915
15	77089331	77089493
15	77805780	77805956
15	78184957	78185087
15	78587222	78587724
15	78605349	78605894
15	78899723	78899856
15	78942911	78943041
15	79000473	79000604
15	79040577	79040719
15	79108655	79109155
15	79271229	79271359
15	79280339	79280469
15	79281418	79281591
15	79403042	79403567
15	79442052	79442240
15	79748164	79748294
15	79832159	79832307
15	80006348	80006535
15	80050214	80050344
15	80088585	80089090
15	80520089	80520219
15	80616139	80616269
15	81077658	81077798
15	81507316	81507446
15	81831307	81831829
15	82218844	82219344
15	82987615	82988156
15	83011384	83011514
15	83435275	83435775
15	83563435	83563565
15	84614179	84614681
15	84772826	84772982
15	84996089	84996245
15	85135192	85135322
15	85328576	85328713
15	85404661	85405180
15	85647080	85647222
15	85828941	85829071
15	85913546	85914054
15	86051258	86051428
15	86055027	86055157
15	86058526	86058682
15	86067575	86067750
15	86135182	86135685
15	88585144	88585274
15	89180674	89180877
15	92134392	92134552
15	92434738	92434868
15	93398077	93398601
15	94520471	94520971
15	94602503	94602633
15	94769074	94769576
15	95714510	95714640
15	95837115	95837254
15	95838323	95838847
15	95848443	95848953
15	95951672	95951802
15	96468364	96468519
15	96685378	96685558
15	96699501	96700001
15	97361407	97362138
15	97449133	97449263
15	97468793	97468949
15	97767884	97768047
15	97782879	97783041
15	97825738	97826238
15	98139852	98140024
15	98170364	98170908
15	98904843	98904980
15	99316992	99317130
15	99334599	99334729
15	99820095	99820225
15	100153117	100153230
15	100636940	100637070
15	100666415	100666545
15	100715513	100715643
15	101247920	101248420
15	101374865	101375365
15	102012458	102012618
15	102018210	102018340
15	102074384	102074514
15	102224580	102224719
15	102279168	102279675
15	102311639	102311787
15	102325853	102326394
15	102370816	102370975
15	102393647	102393790
15	102421377	102421879
15	102470844	102471023
15	102510524	102511075
15	102617648	102618148
15	103152468	103152598
15	103168934	103169090
15	103257893	103258023
15	103276055	103276215
15	103305077	103305618
15	103361398	103361578
15	103376872	103377400
15	103378393	103378580
15	103388706	103388836
15	103402480	103402620
15	103765724	103765854
16	55803580	55804095
16	85114876	85114994
16	3247771	3247899
16	3732759	3732907
16	4051121	4051320
16	4420255	4420921
16	4781919	4782111
16	4908036	4908176
16	4913088	4913234
16	7544214	7544344
16	8715862	8715992
16	8823675	8824190
16	10947868	10947998
16	11069678	11070186
16	11343427	11343557
16	11388148	11388278
16	11420361	11420517
16	11441800	11441930
16	11621117	11621305
16	12209760	12209890
16	13158269	13158401
16	13207746	13207890
16	13848530	13848676
16	13907374	13907533
16	14088326	14088413
16	14701299	14701799
16	15115331	15115466
16	15190830	15190960
16	15295043	15295173
16	15890041	15890171
16	16863839	16864453
16	17069891	17070403
16	17979387	17979517
16	18159927	18160057
16	18210831	18210979
16	18288879	18289009
16	18387718	18387863
16	18877155	18877285
16	19732782	19733329
16	21827107	21827608
16	21947303	21947857
16	22255904	22256420
16	23181730	23181860
16	23240666	23240796
16	24016184	24016694
16	24209008	24209149
16	24259776	24260191
16	24263713	24263869
16	24319048	24319548
16	24964431	24964606
16	24972909	24973412
16	26199081	26199581
16	26689685	26690203
16	26982242	26982372
16	27388747	27389247
16	28751616	28751772
16	29977926	29978101
16	29990704	29991224
16	30227237	30227857
16	30433077	30433207
16	30601496	30601699
16	30776381	30776511
16	30789971	30790471
16	31349950	31350106
16	31750663	31750803
16	31759451	31759604
16	31890307	31890453
16	32516709	32516839
16	32643587	32644097
16	32854038	32854538
16	33043375	33043593
16	33379388	33379518
16	33414351	33414501
16	33536629	33536766
16	33684134	33684634
16	33739950	33740082
16	33751467	33752090
16	33963726	33963856
16	34996291	34996421
16	35034423	35034553
16	35190851	35190952
16	35747271	35747771
16	35765559	35765761
16	35769320	35769450
16	35888152	35888652
16	36473144	36473644
16	36802506	36802636
16	36884976	36885106
16	37868101	37868601
16	38587779	38587917
16	38712812	38712942
16	39062533	39063033
16	39148421	39148584
16	40080380	40080510
16	40947954	40948084
16	42836063	42836193
16	43376721	43377221
16	43448577	43448707
16	43624992	43625122
16	43804503	43804643
16	44016304	44016459
16	45196772	45197275
16	49016733	49016865
16	49774068	49774198
16	49774960	49775159
16	49800442	49800585
16	49847373	49847503
16	49887890	49888056
16	50225094	50225230
16	50254632	50254763
16	50306810	50306951
16	50674971	50675193
16	52090862	52091365
16	52143429	52143597
16	52182009	52182509
16	55964654	55964886
16	56800409	56800907
16	56839834	56839964
16	57421925	57422529
16	57471039	57471538
16	58165288	58165418
16	58481189	58481957
16	58482006	58482162
16	58532471	58532971
16	58538139	58538633
16	58543290	58543420
16	58604597	58605109
16	60486136	60486636
16	61056272	61056428
16	61772291	61772778
16	62208318	62208449
16	62826105	62826614
16	64759053	64759189
16	65174503	65174990
16	65315020	65315527
16	65379384	65379516
16	66013702	66013839
16	66276192	66276322
16	66359224	66359353
16	67234789	67235294
16	67976701	67976822
16	68939779	68939935
16	69796173	69796783
16	69937438	69937954
16	72217958	72218464
16	73098845	73098980
16	74227430	74227560
16	75831352	75831853
16	76069374	76069511
16	76506425	76506555
16	76805025	76805525
16	78969434	78969574
16	83094393	83094893
16	83203352	83203471
16	83369920	83370420
16	84477408	84477908
16	84478106	84478187
16	84527323	84527823
16	85678331	85678574
16	87405102	87405232
16	88294332	88294462
16	88392889	88393019
16	88542647	88542788
16	91011985	91012141
16	92552935	92553080
16	92724618	92724834
16	92800758	92801269
16	92985906	92986036
16	93051187	93051758
16	94258684	94259185
16	94297331	94297461
16	94765251	94765381
16	95816109	95816336
16	95998206	95998336
16	96086862	96087375
16	97235330	97235460
17	22560636	22560792
17	3205013	3205271
17	3446737	3446875
17	5058341	5058841
17	5309887	5310387
17	5442553	5442661
17	5626578	5626708
17	5748451	5748951
17	5804264	5804764
17	7856002	7856132
17	7914870	7915000
17	7925831	7925963
17	8030849	8030981
17	8155613	8155743
17	8165030	8165530
17	8936738	8936881
17	10301125	10301255
17	10311622	10312123
17	12084873	12085003
17	12660640	12660787
17	13835863	13836373
17	14961133	14961263
17	15546378	15546906
17	17860238	17860352
17	19658353	19658853
17	21534887	21535017
17	21650044	21650163
17	23547255	23547479
17	23548766	23548955
17	23851294	23851794
17	23969159	23969659
17	24433956	24434099
17	24539075	24539216
17	24676114	24676615
17	24818286	24818416
17	25188339	25188469
17	25210530	25211030
17	25211048	25211571
17	25732204	25732340
17	26244277	26244407
17	26414509	26415009
17	26595504	26595634
17	27004553	27004711
17	27026055	27026185
17	27041730	27041974
17	27047879	27048009
17	27057035	27057562
17	27087509	27087644
17	27151536	27151673
17	27908990	27909490
17	28013152	28013652
17	28205579	28205752
17	28218287	28218793
17	28253354	28253484
17	28281856	28282383
17	28308766	28309266
17	28384428	28384558
17	28709110	28709240
17	29115985	29116451
17	29131786	29131916
17	29245799	29245929
17	29362122	29362287
17	29371476	29371610
17	29397006	29397146
17	29409981	29410156
17	29503472	29503602
17	29531900	29532422
17	30053550	30053680
17	30056371	30056501
17	30128685	30128815
17	30714870	30715000
17	31018404	31018565
17	31057567	31057745
17	31570212	31570714
17	31877374	31877504
17	31877776	31878330
17	32951571	32951701
17	33563710	33564210
17	33770293	33770440
17	34032278	34032408
17	34264149	34264283
17	34383359	34383489
17	34439939	34440070
17	34540399	34540529
17	34640963	34641139
17	35051701	35052215
17	35200561	35200731
17	35201968	35202170
17	35231954	35232456
17	35236449	35236614
17	35870222	35870431
17	37022769	37022899
17	37221998	37222128
17	40319168	40319323
17	40342575	40342716
17	40515189	40515319
17	40875646	40875806
17	40890323	40890453
17	40897008	40897148
17	42999946	43000074
17	43158228	43158728
17	43189862	43190476
17	44188795	44189302
17	44239531	44239661
17	44672734	44673332
17	44893571	44894098
17	45118888	45119055
17	45120014	45120154
17	45630063	45630193
17	45746909	45747052
17	46075255	46075385
17	46084089	46084219
17	46182416	46182546
17	46513464	46513594
17	47394369	47394499
17	47767862	47767966
17	47842300	47842430
17	48588809	48588941
17	49406060	49406192
17	50517613	50517743
17	50735568	50735731
17	50972276	50972406
17	51406910	51407475
17	51625341	51625473
17	51658545	51658703
17	51732401	51732925
17	51814118	51814804
17	51832614	51832744
17	51903906	51904416
17	51926486	51926616
17	52162629	52162823
17	52163136	52163266
17	52166118	52166285
17	52182844	52183000
17	53488508	53489017
17	54343379	54343881
17	56303047	56303566
17	56552908	56553423
17	56763488	56763618
17	57248419	57248557
17	57837562	57838110
17	57864438	57864938
17	59179072	59179268
17	62857428	62857567
17	63172093	63172223
17	63198830	63198960
17	63236733	63236863
17	63321365	63321515
17	63370017	63370288
17	63371050	63371274
17	63931509	63932045
17	64300491	64300991
17	64735598	64735728
17	64753996	64754533
17	64754559	64754689
17	65200545	65200664
17	65782916	65783046
17	65788840	65789360
17	69181687	69181817
17	69265159	69265291
17	69365164	69365309
17	69421687	69421850
17	69434819	69434950
17	70377160	70377290
17	71020702	71020841
17	71027159	71027289
17	71064736	71064874
17	71230441	71230580
17	71264807	71265049
17	73022814	73022957
17	73096613	73096772
17	73417345	73417859
17	73488029	73488159
17	73902470	73902601
17	73970299	73970814
17	74290992	74291115
17	77873991	77874232
17	77933350	77933497
17	78051312	78051812
17	78086840	78087361
17	78895577	78895707
17	79022921	79023059
17	79296258	79296388
17	79752974	79753106
17	80501924	80502060
17	81712269	81712399
17	81901915	81902447
17	81930681	81931181
17	83010968	83011103
17	83201734	83201864
17	83207498	83207628
17	83246211	83246415
17	83278699	83278844
17	83637522	83637678
17	83790227	83790363
17	86184823	86185329
17	86354288	86354418
17	86414742	86414906
17	87351083	87351223
17	87375912	87376412
17	88176180	88176687
17	88255803	88255965
17	88511227	88511741
17	90030949	90031478
17	90226197	90226299
17	93762309	93762804
17	94738493	94738630
18	11714469	11714592
18	34373212	34373712
18	40255399	40255901
18	3248030	3248160
18	3254835	3254965
18	3270840	3270996
18	4438189	4438323
18	4523102	4523232
18	5620282	5620782
18	5809503	5809630
18	6702717	6702854
18	6715581	6715713
18	7087617	7088129
18	7497674	7498189
18	9743286	9743416
18	10503480	10503619
18	10894101	10894231
18	11686991	11687121
18	12224883	12225013
18	14824196	14824696
18	14985650	14985780
18	14990748	14990878
18	15024948	15025525
18	15052973	15053473
18	16216780	16217281
18	16588631	16588772
18	16593194	16593699
18	16822109	16822265
18	19937848	19937973
18	20625579	20625709
18	20801667	20801797
18	20803173	20803312
18	20940404	20940534
18	22596091	22596221
18	22936104	22936245
18	23882262	23882392
18	23896738	23896868
18	24142301	24142431
18	24205890	24206020
18	32970192	32970692
18	34382955	34383133
18	34410192	34410322
18	34506603	34507122
18	34579066	34579198
18	34859681	34860274
18	34958920	34959114
18	34989391	34989560
18	35440241	35440375
18	35710005	35710143
18	35828541	35828740
18	35854311	35854897
18	35873908	35874038
18	35899379	35899517
18	36194113	36194238
18	36222461	36222964
18	36304516	36304646
18	37518206	37518338
18	37787131	37787657
18	37849589	37849719
18	38459684	38460184
18	38464540	38464670
18	38531607	38532107
18	38596895	38597373
18	38654631	38655167
18	38794401	38794901
18	39244657	39245137
18	39416246	39416746
18	39489889	39490046
18	39866829	39866945
18	40232447	40232577
18	43841951	43842455
18	44011288	44011423
18	46776469	46776599
18	46863542	46863672
18	46863879	46864412
18	46890539	46890669
18	46947292	46947792
18	49542235	49542391
18	49772580	49772765
18	49783678	49783808
18	50017561	50017703
18	51112845	51112977
18	53245518	53245657
18	54824638	54824768
18	54906016	54906146
18	55380643	55381222
18	55389785	55389943
18	55548912	55549042
18	55624233	55624363
18	55638728	55638858
18	56837603	56838180
18	57190666	57190824
18	57354411	57354980
18	58481794	58481946
18	58659225	58659726
18	60138051	60138181
18	60744535	60745080
18	60963425	60963555
18	61091977	61092122
18	61489287	61489417
18	62229739	62230245
18	62250236	62250366
18	64763895	64764025
18	64944898	64945412
18	65300614	65301115
18	66437477	66437620
18	66519168	66519697
18	67768401	67768652
18	69400678	69400855
18	69561534	69561664
18	70529255	70529397
18	70545874	70546004
18	71816958	71817565
18	74190180	74190320
18	74910994	74911124
18	75102266	75102396
18	75420139	75420302
18	75531204	75531708
18	78138217	78138718
18	79589248	79589387
18	80524798	80524928
18	80689927	80690057
18	83740387	83740968
18	84311856	84311999
18	84807865	84807995
18	84872458	84872588
18	84874206	84874336
18	84874353	84874485
18	86601838	86601969
18	86742159	86742551
18	88774218	88774357
19	12434968	12435660
19	24280942	24281140
19	46186421	46186921
19	3929567	3930074
19	3946829	3946963
19	4099136	4099298
19	4144712	4144784
19	4397392	4397496
19	4992978	4993200
19	5038340	5038483
19	5527210	5527340
19	5711357	5711487
19	5712040	5712170
19	6018078	6018581
19	6399488	6399644
19	6399655	6399785
19	6488918	6489419
19	6506884	6507021
19	6856760	6856970
19	6969639	6970139
19	7205876	7206006
19	8517854	8517984
19	8567269	8567399
19	8578291	8578434
19	8594104	8594234
19	8712912	8713089
19	8857841	8857971
19	9038302	9038388
19	9055246	9055395
19	9993148	9993278
19	10017912	10018435
19	10047037	10047167
19	10580833	10581010
19	10914446	10914589
19	11098569	11098699
19	13981152	13981653
19	14243987	14244117
19	16701912	16702044
19	17386420	17386550
19	18530007	18530163
19	20362118	20362621
19	20797811	20797939
19	20867298	20867493
19	23273685	23274194
19	24527317	24527474
19	24616525	24616655
19	25545804	25545938
19	26607306	26607429
19	26711394	26711533
19	28772915	28773064
19	28963810	28963966
19	29251477	29251977
19	29412792	29412923
19	29925002	29925132
19	29945773	29945903
19	30128251	30128381
19	30600974	30601529
19	30662497	30663047
19	30684189	30684319
19	30925861	30926026
19	31199492	31199992
19	31304914	31305081
19	31701054	31701188
19	31767143	31767280
19	31968091	31968226
19	32304154	32304289
19	32343247	32343377
19	32409727	32409857
19	33110063	33110193
19	33268184	33268317
19	33380503	33380635
19	33860791	33860921
19	34254546	34254676
19	34435236	34435366
19	35151811	35152305
19	36104049	36104191
19	36561219	36561406
19	37970125	37970255
19	38010299	38010799
19	38022678	38023180
19	38833340	38833496
19	39579750	39579906
19	40231908	40232038
19	40293182	40293312
19	40647482	40647982
19	40754234	40754734
19	41010094	41010196
19	41035876	41036376
19	41053454	41053959
19	41685562	41685692
19	41796557	41796694
19	41818841	41819007
19	42151973	42152473
19	43396298	43396798
19	43647364	43647517
19	43695319	43695805
19	44254330	44254460
19	44282708	44282839
19	44418946	44419454
19	44461595	44461725
19	44629839	44629969
19	44848636	44849229
19	44895387	44895517
19	45301203	45301340
19	45473243	45473399
19	45474779	45474915
19	45552115	45552615
19	45855673	45855802
19	45871283	45871413
19	46045187	46045317
19	46305566	46305731
19	46466092	46466615
19	47043729	47043862
19	47316147	47316580
19	47339303	47339438
19	47534288	47534418
19	47902450	47902950
19	50385478	50385663
19	50423068	50423198
19	53740804	53740934
19	54990156	54990286
19	55098532	55098617
19	55305163	55305296
19	57325861	57325993
19	57457225	57457388
19	58378138	58378273
19	59345641	59346145
19	59386340	59386470
19	60235521	60235651
19	60516331	60516461
19	60520265	60520460
19	61151487	61151602
2	24657776	24657921
2	34979749	34979881
2	72269591	72270173
2	74825537	74826053
2	109510553	109511062
2	109756231	109756740
2	111509445	111509601
2	122765291	122765421
2	140427203	140427712
2	148520868	148520998
2	3414377	3414507
2	3700360	3700860
2	3932424	3932554
2	4882114	4882244
2	5403950	5404092
2	5451781	5451917
2	6194577	6194707
2	6827763	6827919
2	6874198	6874714
2	6875084	6875214
2	6896832	6897332
2	7013045	7013579
2	7083314	7083444
2	7114996	7115655
2	7550761	7550892
2	10106159	10106659
2	10152713	10152886
2	10366375	10366507
2	10999452	10999582
2	11012612	11012780
2	11266422	11266552
2	11394803	11394935
2	11542769	11542899
2	11655192	11655322
2	12382683	12382920
2	12459858	12459990
2	13174381	13174859
2	13277941	13278459
2	13290538	13291042
2	14703188	14703688
2	15893491	15894173
2	17618257	17618757
2	18154139	18154258
2	18343680	18343810
2	18577969	18578099
2	18627639	18627794
2	18630662	18630792
2	18816225	18816367
2	18944082	18944212
2	19055575	19055728
2	19098952	19099103
2	19183848	19183980
2	19966565	19966714
2	20563536	20563666
2	21179259	21179386
2	21917862	21917992
2	22908447	22908600
2	23041341	23041858
2	24571016	24571149
2	24587011	24587807
2	24592235	24592365
2	24744878	24745402
2	25157113	25157243
2	25193467	25193627
2	25256873	25257013
2	25482916	25483416
2	26062105	26062235
2	26315164	26315667
2	26389067	26389599
2	26449570	26449700
2	26604338	26604468
2	27097929	27098073
2	27113931	27114065
2	28464035	28464194
2	28578119	28578254
2	29649150	29649651
2	29670291	29670422
2	29670735	29670928
2	29739592	29739725
2	30106479	30106635
2	30359251	30359381
2	30547587	30547717
2	30623957	30624105
2	31082632	31083175
2	31484305	31484448
2	31538881	31539011
2	31759771	31759941
2	32095453	32095585
2	32134129	32134286
2	32488800	32488956
2	32896597	32896731
2	33347732	33347888
2	33370867	33371018
2	33726763	33726880
2	33755284	33755414
2	33755553	33756104
2	33772564	33772694
2	33803513	33804038
2	33817239	33817369
2	33847577	33847709
2	33884697	33885204
2	33908255	33908763
2	34074229	34074729
2	35269980	35270137
2	35349364	35349495
2	35373138	35373271
2	35441594	35441724
2	35444380	35444886
2	35503078	35503234
2	35506704	35506834
2	35507343	35507491
2	35680359	35680489
2	35718204	35718334
2	35841644	35841776
2	35898724	35899232
2	35996739	35997267
2	36009494	36009640
2	36804990	36805120
2	37628785	37628917
2	38223899	38224037
2	38987786	38988417
2	42662069	42662207
2	43636623	43636767
2	43772628	43773169
2	43783652	43784152
2	44785315	44785445
2	45238789	45238929
2	45245596	45245726
2	45573538	45573668
2	45692634	45693134
2	45975234	45975377
2	46017812	46017968
2	46443858	46444365
2	46525117	46525651
2	46534137	46534295
2	46547292	46547820
2	48814066	48814196
2	49111831	49111961
2	49764515	49765024
2	50272287	50272430
2	50284908	50285033
2	52072563	52073077
2	53200261	53200391
2	53204660	53204815
2	54062660	54062840
2	56025017	56025527
2	56109630	56109766
2	56114594	56114724
2	56119232	56119726
2	57124113	57124243
2	58029489	58029630
2	58150213	58150343
2	58841274	58841404
2	58906729	58907290
2	58972292	58972451
2	60500716	60500809
2	60801256	60801386
2	60877059	60877191
2	60904265	60904405
2	61686669	61686799
2	61737991	61738183
2	61967710	61968208
2	62458264	62458410
2	62627856	62627991
2	63513677	63513821
2	65792412	65792917
2	69100865	69100998
2	69109415	69109545
2	69113948	69114078
2	69955583	69956086
2	70226620	70227120
2	70443057	70443567
2	70444192	70444323
2	70453209	70453725
2	70463722	70463867
2	70551536	70551666
2	70673591	70673721
2	71662137	71662378
2	71852312	71852442
2	71924164	71924294
2	72079224	72079354
2	72117641	72117780
2	72278694	72278793
2	72406170	72406326
2	72410184	72410314
2	73150646	73150792
2	73277147	73277303
2	73371691	73371821
2	73450148	73450278
2	73455672	73455819
2	73998506	73999008
2	75829106	75829236
2	75831936	75832473
2	77062014	77062142
2	78048268	78048772
2	79056300	79056430
2	79062547	79062677
2	79088203	79088336
2	79206144	79206664
2	79865438	79865575
2	80268054	80268561
2	80579198	80579710
2	82064610	82065110
2	82084891	82085391
2	84018665	84018795
2	84341894	84342024
2	88356230	88356730
2	88389511	88389641
2	90632478	90632610
2	90871869	90871999
2	91823485	91823617
2	91987464	91987966
2	93131771	93132271
2	93132283	93132413
2	93161826	93162426
2	93166659	93166789
2	93174339	93174469
2	93471362	93471498
2	97278645	97278787
2	97614863	97615001
2	97656633	97656832
2	101598692	101599259
2	101615830	101616350
2	101621489	101621987
2	101649539	101649709
2	101650960	101651093
2	101762485	101762615
2	101828211	101828348
2	102033106	102033238
2	102186367	102186497
2	102384630	102385168
2	102453500	102453645
2	102803987	102804490
2	102866822	102866952
2	102885424	102885580
2	103564730	103564862
2	103601658	103601797
2	103865744	103866245
2	104261420	104261550
2	104323995	104324127
2	104502414	104502929
2	104816736	104817236
2	105615890	105616021
2	107879589	107880089
2	108877082	108877582
2	109153015	109153212
2	109302362	109302488
2	109366120	109366258
2	109403397	109403897
2	109709510	109709640
2	112220959	112221115
2	112642227	112642357
2	113397822	113397952
2	113535754	113535897
2	113866091	113866589
2	113929423	113929514
2	114145162	114145960
2	114615742	114615886
2	116709636	116709766
2	116715952	116716084
2	116979947	116980080
2	116990241	116990408
2	117113820	117114334
2	117216284	117216414
2	117862182	117862840
2	118336205	118336343
2	118638803	118639004
2	118642571	118642776
2	118692732	118693226
2	118740417	118740606
2	118750790	118750919
2	119350840	119351429
2	119547078	119547164
2	119674670	119675310
2	120011583	120011739
2	120110637	120110769
2	120469169	120469669
2	120632075	120632291
2	120958693	120959195
2	121418961	121419091
2	122235150	122235278
2	122408828	122409355
2	122667981	122668111
2	122702486	122702986
2	124385869	124386010
2	124420736	124420866
2	124576179	124576311
2	124612666	124612796
2	124858610	124859110
2	125356630	125356734
2	125672788	125673367
2	125922429	125922539
2	125922752	125923269
2	125933986	125934137
2	126310151	126310319
2	126519987	126520132
2	127006726	127006865
2	127328460	127328962
2	127341278	127341415
2	128296876	128297072
2	129234891	129235021
2	129314062	129314192
2	129443540	129443670
2	129592624	129592794
2	129851521	129852054
2	130058287	130058421
2	130168011	130168131
2	131262841	131262971
2	131514376	131514506
2	132053983	132054113
2	132114086	132114230
2	132126381	132126511
2	132127251	132127381
2	132145175	132145414
2	132240551	132240697
2	132576680	132576810
2	133021357	133021500
2	133968727	133968871
2	135328750	135329250
2	135356418	135356556
2	135388132	135388262
2	135796792	135796930
2	135957710	135958210
2	138030711	138030843
2	139370205	139370335
2	139672260	139672760
2	140159333	140159464
2	140819543	140819673
2	140843995	140844493
2	140927048	140927186
2	141278445	141278564
2	141278565	141278695
2	141281005	141281135
2	142057963	142058118
2	143013011	143013546
2	143098580	143098710
2	143975143	143975643
2	144128603	144128808
2	144164929	144165059
2	144213702	144214202
2	144222807	144222937
2	145291626	145291758
2	146265155	146265285
2	147942803	147943303
2	147944588	147944738
2	148393296	148393426
2	148522250	148522380
2	148706514	148706652
2	148877308	148877812
2	149158567	149158697
2	150099573	150100073
2	150665699	150665829
2	150668195	150668353
2	152294689	152294830
2	152572263	152572389
2	152604135	152604267
2	152639298	152639798
2	152735124	152735254
2	152789643	152789792
2	152830641	152830771
2	153036618	153037138
2	153038508	153039008
2	153048234	153048372
2	153168287	153168417
2	153492633	153492894
2	153606507	153606637
2	153649246	153649746
2	154180740	154180896
2	155050156	155050311
2	155974186	155974321
2	156025562	156025744
2	156295594	156295732
2	157649170	157649300
2	158718724	158719224
2	158719316	158719446
2	160000579	160000709
2	160953571	160953755
2	161090339	161090478
2	164093667	164094416
2	164785701	164786239
2	164862137	164862368
2	164862526	164863026
2	164868555	164868745
2	164878607	164878752
2	164961917	164962049
2	165788057	165788238
2	165793182	165793719
2	165857645	165857775
2	166597974	166598104
2	166671740	166671870
2	166973220	166973340
2	166979754	166979884
2	166991007	166991109
2	167271187	167271386
2	167383579	167384134
2	167740394	167740524
2	168016779	168017279
2	168119296	168119430
2	168154261	168154871
2	168158962	168159092
2	168249032	168249174
2	168990309	168990809
2	170508885	170509045
2	170583305	170583435
2	171668672	171669172
2	171864454	171864954
2	172276149	172276660
2	172378454	172378592
2	172412475	172412975
2	172433841	172433997
2	172819918	172820048
2	173026830	173027292
2	173540023	173540176
2	174335677	174336177
2	174858376	174858893
2	174880557	174881157
2	174905804	174906308
2	177314604	177314789
2	178256971	178257471
2	178710748	178710883
2	180369406	180369541
2	180408561	180408691
2	180432242	180432742
2	181497622	181497752
2	181592717	181592847
3	9633693	9633849
3	38174470	38175112
3	56000220	56000720
3	61358058	61358558
3	92602291	92602428
3	103169908	103170056
3	123322069	123322578
3	7535059	7535561
3	7576026	7576156
3	8902384	8902516
3	9067182	9067318
3	9398226	9398745
3	9747540	9747670
3	9826241	9826397
3	9886965	9887164
3	9892866	9893366
3	9987879	9988467
3	12721297	12721429
3	13665642	13665792
3	14890142	14890291
3	15023873	15023991
3	15264403	15264919
3	16086496	16087007
3	16224173	16224673
3	17824832	17824973
3	19258637	19258767
3	19430098	19430632
3	21225024	21225154
3	21531035	21531165
3	21898181	21898681
3	22091269	22091399
3	22190467	22190967
3	25127776	25128276
3	27067132	27067629
3	28814312	28814818
3	28827743	28827873
3	28842193	28842325
3	29747368	29747524
3	30629087	30629217
3	32659679	32659811
3	32664464	32664594
3	33241701	33241857
3	35574575	35574722
3	35731509	35731645
3	36330759	36330915
3	36743913	36744413
3	36769504	36770006
3	38116106	38116314
3	38143024	38143551
3	38143764	38143894
3	38144214	38144346
3	38253761	38254047
3	38275416	38275574
3	40441227	40441357
3	40510689	40510819
3	40523480	40523980
3	41042302	41042438
3	41565514	41565645
3	44912793	44912930
3	48846264	48846770
3	51859366	51859496
3	51868601	51868731
3	51905943	51906446
3	52001260	52001401
3	52331634	52332218
3	52343471	52343983
3	52923985	52924110
3	54357594	54357707
3	54735346	54735612
3	56312363	56312519
3	57843914	57844046
3	58411809	58411969
3	58581525	58581981
3	58582026	58582137
3	58983602	58983769
3	59066841	59067020
3	59210836	59210965
3	59235017	59235147
3	59342612	59342742
3	59363945	59364101
3	60080479	60080986
3	60437607	60438113
3	60469530	60469700
3	60473847	60474048
3	60603155	60603323
3	61409780	61409936
3	63554891	63555038
3	63665472	63665602
3	63963392	63963530
3	65537313	65537826
3	65957512	65957642
3	67339446	67339946
3	68611291	68611501
3	68646499	68646636
3	68656803	68657313
3	68713740	68713877
3	68789641	68789800
3	69064101	69064239
3	69356922	69357080
3	69447013	69447159
3	69489806	69489989
3	69505161	69505323
3	69702036	69702166
3	69755189	69755689
3	69907924	69908424
3	75297160	75297290
3	76029384	76030088
3	78825619	78825749
3	79071772	79071902
3	79202260	79202408
3	79336024	79336524
3	79561874	79561998
3	80624485	80624985
3	81039325	81039825
3	83252022	83252522
3	83277310	83277440
3	83811886	83812434
3	83867138	83867264
3	84060229	84060359
3	86040330	86040460
3	86114767	86114885
3	86688567	86688697
3	86960420	86960550
3	87617085	87617807
3	88036066	88036196
3	88191318	88191457
3	88455321	88455477
3	89216021	89216161
3	89295964	89296130
3	89842388	89842518
3	90111782	90111944
3	90508929	90509103
3	92771707	92771837
3	93119234	93119381
3	93555043	93555191
3	95124315	95124445
3	95263561	95263691
3	95293653	95294153
3	95521301	95521439
3	95523826	95523973
3	95689578	95689819
3	95925188	95925354
3	95995961	95996091
3	96503193	96503345
3	96547490	96547626
3	96675280	96675436
3	97048492	97048622
3	97609304	97609434
3	98895380	98895510
3	100703349	100703507
3	100974030	100974188
3	100995753	100995898
3	101318251	101318381
3	102446528	102446658
3	102715488	102715592
3	102977277	102977777
3	103279961	103280091
3	103737804	103737934
3	105183895	105184025
3	106788125	106788257
3	106809277	106809796
3	107600158	107600288
3	107684069	107684199
3	107822005	107822282
3	108186198	108186328
3	108561980	108562084
3	108701343	108701474
3	108883030	108883160
3	108886163	108886293
3	108966213	108966343
3	109571595	109571725
3	109576601	109576731
3	109732633	109732763
3	115979133	115979265
3	116033804	116033944
3	116594486	116594616
3	116748946	116749076
3	118431512	118431642
3	120535821	120535977
3	121474656	121475156
3	121815083	121815606
3	122498033	122498163
3	122648106	122648246
3	122784426	122784557
3	123234618	123234751
3	123515543	123516051
3	126589209	126589341
3	126625251	126625381
3	126661841	126662270
3	126770096	126770226
3	126795972	126796135
3	126822452	126822661
3	127571940	127572126
3	127862566	127862725
3	127994791	127994921
3	129308046	129308546
3	129353774	129353906
3	129393298	129393428
3	129532233	129532408
3	129553169	129553697
3	129932577	129932712
3	129948596	129948726
3	130060488	130061051
3	130401076	130401206
3	130488796	130489296
3	131106045	131106175
3	131139213	131139713
3	131139728	131139966
3	131147485	131147615
3	131299853	131300355
3	132575103	132575277
3	132575817	132576323
3	132582610	132582740
3	132873348	132873530
3	133085798	133086298
3	133336524	133336664
3	133685584	133685714
3	135376475	135377008
3	135471001	135471131
3	135699692	135699822
3	136309092	136309248
3	137896431	137896572
3	138041967	138042097
3	138518024	138518154
3	138742132	138742262
3	139246657	139246792
3	139298026	139298157
3	142674751	142674882
3	145537969	145538191
3	145872037	145872490
3	146499366	146500032
3	146783776	146783922
3	148729275	148729406
3	148795924	148796042
3	149220071	149220571
3	149370282	149370354
3	149371516	149371646
3	149386099	149386599
3	149410611	149410773
3	149638453	149638591
3	152911708	152911864
3	153292914	153293044
3	153616915	153617112
3	154428532	154428673
3	154510287	154510437
3	154797753	154797883
3	157616896	157617416
3	158076783	158076922
4	140771258	140771388
4	147586293	147587149
4	47234958	47235088
4	3225968	3226067
4	3607154	3607654
4	3631744	3632277
4	4771632	4771772
4	6057960	6058106
4	6793379	6793509
4	7596245	7596375
4	8642521	8642651
4	8690059	8690559
4	8799422	8799940
4	8811076	8811242
4	8872185	8872315
4	8913229	8913359
4	8942859	8942989
4	8943053	8943555
4	9665577	9666085
4	9771242	9771375
4	10290470	10290601
4	10915433	10915564
4	10988920	10989041
4	11147146	11147276
4	11694662	11694832
4	11721309	11721809
4	11947945	11948548
4	12474815	12475315
4	14565447	14565577
4	19696850	19696989
4	19932171	19932306
4	20024056	20024194
4	21536101	21536238
4	26338580	26339123
4	26441455	26441973
4	26524846	26525353
4	28176712	28177221
4	32165013	32165143
4	32170035	32170565
4	32231819	32231960
4	32239437	32239567
4	32351331	32351463
4	32358843	32358973
4	32373288	32373573
4	32388059	32388189
4	32586541	32587042
4	33031089	33031589
4	33556128	33556262
4	34577164	34577299
4	34650119	34650255
4	34882336	34882475
4	35096767	35096897
4	35155654	35155786
4	40777267	40777449
4	40837874	40838435
4	40953638	40953771
4	41158397	41158542
4	41555066	41555196
4	42953937	42954067
4	43473593	43474102
4	43479592	43479748
4	43528028	43528132
4	43703528	43703658
4	43745297	43745437
4	43975056	43975189
4	44065623	44066145
4	44233829	44234415
4	44479885	44480015
4	44716915	44717045
4	44871951	44872451
4	44878432	44878940
4	44893626	44894143
4	45498459	45498589
4	46130333	46130463
4	46164192	46164322
4	46304802	46304965
4	46554102	46554232
4	47368673	47369195
4	48124601	48125126
4	48690668	48690807
4	49322109	49322722
4	53121755	53122255
4	53159813	53160313
4	53179303	53179803
4	53187011	53187511
4	53935219	53935770
4	54429475	54429630
4	54430200	54430744
4	54504820	54505320
4	54588939	54589065
4	54714701	54714849
4	55342756	55342892
4	55365910	55366384
4	55526539	55526669
4	55651012	55651512
4	55658602	55658735
4	56953184	56953314
4	57017146	57017654
4	58749651	58749779
4	58941752	58941898
4	59465613	59465743
4	59675829	59675961
4	63558722	63558852
4	63668429	63668606
4	67231446	67231689
4	67232341	67233179
4	74563674	74563813
4	75063198	75063700
4	81564463	81564593
4	82614295	82614453
4	82837658	82837788
4	82859579	82859709
4	84837116	84837255
4	85404719	85405219
4	88415182	88415314
4	89363438	89363551
4	89515112	89515259
4	94711558	94711688
4	94901809	94901939
4	95777783	95778312
4	95784275	95784405
4	96799496	96799637
4	97564702	97565200
4	97859254	97859386
4	97894565	97894695
4	99062408	99062538
4	99354204	99354726
4	99929762	99929892
4	99942128	99942262
4	101055809	101055965
4	102226810	102226951
4	102506807	102507307
4	102647211	102647320
4	102859934	102860064
4	103119093	103119593
4	104665697	104665828
4	105034385	105034537
4	105600866	105601366
4	106301532	106301662
4	106428351	106428481
4	107637815	107637945
4	107717816	107717959
4	108461704	108461845
4	109201873	109201977
4	109703496	109704006
4	109815682	109815812
4	111350858	111350998
4	114689096	114689228
4	115063246	115063402
4	115710352	115710482
4	115984202	115984359
4	116300889	116301415
4	116464093	116464599
4	116800061	116800194
4	117397964	117398464
4	118059441	118059556
4	118337158	118337288
4	119109110	119109325
4	119140279	119140415
4	119531959	119532089
4	120216056	120216186
4	120368787	120368943
4	120682340	120682516
4	121097987	121098514
4	122058683	122059429
4	122870146	122870276
4	122892051	122892631
4	122922775	122923275
4	123254528	123255035
4	123548482	123548612
4	123577369	123577891
4	123584647	123585151
4	123630228	123630369
4	123984438	123984568
4	125084830	125085336
4	125230500	125230619
4	127249879	127250444
4	127370586	127370718
4	127640849	127640979
4	128727202	128727719
4	129251858	129252071
4	129549402	129549532
4	129585325	129585456
4	129754930	129755060
4	129781938	129782083
4	129820657	129820787
4	129856069	129856199
4	129878006	129878483
4	130283714	130284214
4	132409955	132410085
4	132422099	132422179
4	132776874	132777014
4	132930916	132931051
4	132959570	132959643
4	132979274	132979412
4	133067950	133068080
4	133146582	133146712
4	133614413	133614987
4	133688558	133689066
4	133757406	133757559
4	133836932	133837435
4	133841134	133841295
4	133922927	133923057
4	134078863	134078997
4	134098791	134098927
4	134263291	134263429
4	134767748	134768309
4	134784811	134784948
4	134984704	134984834
4	135067245	135067393
4	135152363	135152527
4	135203349	135203514
4	135254753	135255253
4	135483345	135483475
4	135517043	135517184
4	135768791	135769291
4	135884708	135884838
4	135898563	135898701
4	136284517	136284659
4	137313633	137313763
4	137488826	137488956
4	137502315	137502450
4	137735512	137736012
4	138340095	138340248
4	138712488	138712618
4	139043716	139043846
4	139240423	139240554
4	139669812	139670314
4	140679817	140680005
4	140702675	140702805
4	140902548	140902711
4	140986757	140986940
4	141076784	141076919
4	141101978	141102114
4	141809958	141810088
4	141897843	141897973
4	144872884	144873384
4	144948067	144948567
4	144971193	144971320
4	144996008	144996138
4	145019083	145019655
4	145045773	145045985
4	145258296	145258428
4	145367166	145367697
4	145408176	145408332
4	145447034	145447190
4	145557819	145557975
4	145568093	145568618
4	146056184	146056325
4	146428810	146429376
4	146436813	146436969
4	146739125	146739373
4	147096342	147096842
4	147122721	147123022
4	147123168	147123702
4	147123983	147124101
4	147234932	147235064
4	147235133	147235313
4	147349665	147350165
4	147496990	147497146
4	147913036	147913188
4	147985317	147985457
4	148155127	148155259
4	148389217	148389342
4	149403053	149403183
4	149486017	149486149
4	149806629	149807146
4	150049792	150049922
4	150219642	150219777
4	150257147	150257647
4	150465908	150466052
4	150473002	150473132
4	150685880	150686010
4	151215295	151215425
4	151933359	151933943
4	152291057	152291287
4	154246566	154246697
4	154674714	154674844
4	155098534	155099034
4	155218532	155218662
4	155234961	155235181
4	155235194	155235720
4	155249179	155249763
4	155297240	155297370
4	155368795	155368925
4	155694231	155694387
4	155759968	155760100
4	156067681	156067811
4	156235406	156235536
5	8863680	8863810
5	90652660	90653162
5	91701242	91701398
5	147340906	147341442
5	3349553	3349722
5	4081670	4081800
5	4201276	4201776
5	5845899	5846022
5	8675529	8676041
5	9169712	9169954
5	9227450	9227953
5	12029967	12030471
5	12549136	12549751
5	13405563	13405693
5	13460708	13460838
5	14925288	14925426
5	14928058	14928214
5	14997046	14997208
5	15459909	15460119
5	15461748	15461891
5	15463111	15463267
5	15465056	15465222
5	15467911	15468043
5	15484720	15484853
5	15520355	15520855
5	15537286	15537786
5	15541212	15541342
5	15552389	15552565
5	15591614	15592114
5	15598388	15598546
5	15605900	15606040
5	16947346	16947862
5	16973146	16973662
5	16999025	16999525
5	17006962	17007462
5	17271085	17271586
5	17766193	17766324
5	17816117	17816630
5	17835546	17836049
5	17839747	17839883
5	18007019	18007519
5	18013179	18013655
5	18087977	18088491
5	20444599	20444790
5	20549271	20549408
5	20941383	20941513
5	20969132	20969263
5	21412226	21412358
5	21420732	21420878
5	22511955	22512074
5	23251592	23251725
5	23284848	23285358
5	23409951	23410596
5	23579441	23579966
5	23675909	23676070
5	24110204	24110336
5	24481775	24481898
5	24909455	24909585
5	28317107	28317217
5	29853179	29853309
5	29854268	29854771
5	29901822	29901978
5	30867035	30867165
5	31241336	31241591
5	32085728	32085814
5	32204756	32204888
5	32657527	32657660
5	32761843	32761973
5	33005519	33005654
5	33038782	33038917
5	33358418	33358918
5	34259115	34259638
5	34530827	34531327
5	34949055	34949714
5	35035373	35035504
5	35166014	35166165
5	35963854	35963984
5	36373161	36373730
5	36535526	36535682
5	36695556	36695720
5	36698795	36698929
5	36988822	36989337
5	37044769	37045292
5	37056582	37056815
5	37083321	37083462
5	38097583	38097715
5	38220224	38220741
5	39311385	39311523
5	39630729	39631462
5	41052056	41052203
5	41125177	41125307
5	42412418	42412551
5	43145815	43146340
5	43279668	43280315
5	43393309	43393458
5	43882216	43882373
5	44048525	44049026
5	44226663	44226821
5	45470860	45470996
5	45520020	45520533
5	45668424	45668563
5	45757619	45757747
5	48038164	48038301
5	48113540	48113669
5	48345612	48346124
5	48349244	48349737
5	49370809	49370939
5	50325103	50325207
5	51567842	51567972
5	53598642	53598776
5	53944704	53945223
5	62762437	62762590
5	62939179	62939319
5	63987475	63987605
5	64354859	64354999
5	64393046	64393176
5	65019348	65019478
5	65102703	65102833
5	65326132	65326722
5	65551599	65551729
5	65763942	65764104
5	65858041	65858222
5	66058917	66059066
5	66135617	66135756
5	67727905	67728052
5	67733544	67734044
5	68048901	68049031
5	68735888	68736018
5	69464426	69464926
5	69613345	69613480
5	72812476	72812594
5	73206707	73207247
5	73615352	73615482
5	73637657	73638157
5	74156698	74156828
5	74641254	74641393
5	75853001	75853501
5	76304511	76305027
5	77228924	77229435
5	77253287	77253426
5	77265816	77265946
5	77444025	77444155
5	79416855	79416959
5	79420325	79420458
5	83778721	83778853
5	85485594	85486094
5	85992205	85992356
5	86078729	86079229
5	86099132	86099279
5	86352939	86353444
5	87551061	87551194
5	87642927	87643058
5	88499823	88500337
5	88509199	88509329
5	89255285	89255415
5	89680088	89680588
5	90055799	90055933
5	90364638	90364783
5	90601409	90601909
5	90627361	90627891
5	90628115	90628214
5	92000883	92001071
5	93229521	93230001
5	96532081	96532215
5	96997174	96997686
5	97055616	97056116
5	97324033	97324150
5	97384310	97384810
5	97503573	97503703
5	97730865	97731365
5	97841798	97842624
5	97880329	97880485
5	98031164	98031294
5	98147037	98147175
5	98198350	98198848
5	98199328	98199458
5	98863917	98864417
5	100217837	100217967
5	100359705	100359835
5	100374002	100374132
5	100875478	100875646
5	101254602	101255102
5	101700661	101701164
5	101935889	101936054
5	103659512	103660012
5	103726717	103726847
5	103922497	103922627
5	105574876	105575079
5	105586574	105587275
5	105620815	105620980
5	105718174	105718345
5	106364951	106365451
5	106818832	106818948
5	106844015	106844171
5	107966310	107966440
5	108034074	108034581
5	110284484	110284989
5	110840651	110840781
5	111049728	111049858
5	111059232	111059732
5	111208020	111208150
5	113373676	113373808
5	113471531	113471669
5	113993654	113994159
5	114261630	114261777
5	114378296	114378409
5	115034850	115034980
5	115035350	115035480
5	115166019	115166149
5	115210514	115210644
5	115231192	115231322
5	115624185	115624329
5	117357249	117357379
5	118328127	118328257
5	118331672	118331802
5	118377547	118378047
5	118653591	118653747
5	118704269	118704399
5	120570361	120570557
5	120604962	120605109
5	120706609	120706739
5	121124536	121124666
5	121546625	121546769
5	121670552	121670682
5	121711773	121711903
5	122142755	122142914
5	122143680	122143810
5	122219756	122219886
5	122394033	122394173
5	122900154	122900694
5	123934455	123934587
5	123947273	123947779
5	123974657	123974786
5	124302924	124303098
5	124354748	124354878
5	124445297	124445467
5	125040160	125040680
5	125052292	125052448
5	125074553	125074683
5	125332955	125333455
5	125408934	125409107
5	125792805	125792935
5	127615561	127615694
5	127715498	127715614
5	129008318	129008933
5	129464877	129465110
5	130144579	130145112
5	134232230	134232360
5	134295549	134296071
5	134329460	134329601
5	134507413	134507546
5	134649089	134649219
5	135241578	135241749
5	135484032	135484171
5	135525267	135525409
5	136362558	136362815
5	136410863	136411385
5	136449923	136450053
5	136589966	136590100
5	137032675	137033205
5	137380897	137381063
5	137432567	137432713
5	137510168	137510668
5	137696114	137696247
5	137741038	137741156
5	137830408	137830538
5	137885999	137886129
5	138207198	138207334
5	138283664	138283796
5	138694454	138694958
5	139206676	139206823
5	139243526	139243656
5	139527471	139527614
5	139555884	139556014
5	139845316	139845816
5	139889537	139889701
5	139904796	139904934
5	140389107	140389649
5	140607189	140607365
5	140742003	140742230
5	140811703	140811792
5	141055914	141056431
5	142376187	142376317
5	142427954	142428084
5	142695028	142695158
5	142822381	142822526
5	143235430	143235534
5	143269789	143270292
5	143312025	143312192
5	143403501	143404034
5	143470693	143471195
5	143537173	143537306
5	144183920	144184440
5	144254407	144255380
5	144286784	144286930
5	144344684	144344842
5	144680175	144680252
5	144965850	144965982
5	145015548	145015678
5	145114105	145114266
5	145677855	145678011
5	145743934	145744434
5	146576807	146576937
5	146647800	146647947
5	146794803	146795399
5	147363012	147363490
5	147366360	147366860
5	147392882	147393012
5	147426540	147426670
5	147429912	147430443
5	147527694	147528334
5	147896014	147896146
5	147945286	147945531
5	148239260	148239396
5	148404667	148404792
5	148595436	148595566
5	148966095	148966225
5	149472669	149472799
5	149677977	149678790
5	150485334	150485467
5	150495999	150496129
5	151332959	151333459
5	151703977	151704498
6	20840099	20840599
6	42860128	42860652
6	8683512	8683642
6	113852234	113852734
6	135364282	135364819
6	3191760	3191890
6	3194881	3195011
6	3386687	3386817
6	3427006	3427513
6	3496154	3496643
6	3509707	3510207
6	4407847	4407984
6	5052351	5052507
6	5093608	5093738
6	5315182	5315658
6	5430090	5430220
6	5802312	5802816
6	6548085	6548215
6	8001361	8001489
6	8179112	8179242
6	8345581	8345711
6	8420026	8420156
6	8485619	8485701
6	11103204	11103789
6	12012075	12012585
6	13248253	13248756
6	13691816	13691962
6	13695231	13695361
6	15728910	15729052
6	18078736	18078879
6	20983142	20983298
6	21479028	21479169
6	21530562	21530707
6	21530841	21531356
6	21534968	21535110
6	21709208	21709709
6	22071540	22071680
6	22408729	22409229
6	26704527	26704661
6	26713278	26713800
6	26764674	26765189
6	26766912	26767069
6	28309812	28309942
6	28723001	28723501
6	29214428	29214610
6	29271032	29271197
6	29388722	29388852
6	29819438	29819574
6	30286755	30286873
6	30861245	30861375
6	30946934	30947434
6	31190535	31191038
6	31209684	31209812
6	31216428	31216558
6	31413758	31413888
6	31498286	31498423
6	31748501	31748631
6	33196670	33197422
6	33274528	33275023
6	33484544	33485059
6	33515167	33515667
6	34156755	34156885
6	34373980	34374120
6	34593253	34593367
6	34760148	34760279
6	34866427	34866557
6	34874474	34874671
6	35874165	35874295
6	35989907	35990037
6	35998679	35998779
6	36955221	36955733
6	37054344	37054840
6	38150538	38150668
6	38254241	38254397
6	38360179	38360309
6	38723414	38723570
6	38890400	38890530
6	39004209	39004339
6	39372655	39373245
6	40433022	40433198
6	40891062	40891192
6	41262959	41263089
6	42186329	42186461
6	47454149	47454279
6	47593731	47593882
6	48173886	48174042
6	48368221	48368721
6	48403138	48403733
6	48420479	48420985
6	48429145	48429645
6	48552981	48553126
6	48647114	48647246
6	48699021	48699131
6	48745887	48746400
6	49398311	49398812
6	50146196	50146324
6	50681629	50681759
6	50873889	50874389
6	50973731	50974231
6	51004853	51005353
6	52079517	52080017
6	52577427	52577560
6	52802310	52802440
6	53731130	53731277
6	53760560	53761060
6	55037674	55038229
6	55057586	55057716
6	57570356	57570856
6	58596855	58597011
6	58611736	58611892
6	58902165	58902295
6	60682173	60682673
6	60986062	60986192
6	61301575	61302075
6	65140995	65141160
6	65840724	65840880
6	66533392	66533521
6	66896131	66896650
6	66927547	66927708
6	66944576	66944706
6	66951911	66952041
6	67183579	67183709
6	67812613	67812762
6	68102624	68102756
6	68668343	68668847
6	68799149	68799649
6	68883513	68883643
6	68978023	68978176
6	69042924	69043054
6	70041000	70041130
6	70735613	70735743
6	70752602	70752732
6	71788333	71788908
6	71980019	71980560
6	71980599	71980729
6	72409701	72409833
6	72499036	72499166
6	72735274	72735404
6	72899810	72900310
6	72949698	72949828
6	73227759	73228259
6	82824343	82824473
6	83084543	83084673
6	83456432	83456562
6	83478057	83478186
6	86541807	86541942
6	86948868	86948999
6	87496279	87496409
6	87605050	87605206
6	87722764	87722897
6	87914155	87914285
6	87995666	87995810
6	88336951	88337124
6	88416355	88416950
6	88417091	88417221
6	88731198	88731698
6	88753740	88753870
6	88776577	88776707
6	88777213	88777343
6	88778444	88778604
6	88782707	88782837
6	88811402	88811902
6	88821039	88821169
6	88855564	88856071
6	89362375	89362875
6	89421662	89421818
6	89526861	89527201
6	91115369	91115495
6	91527347	91527503
6	92066230	92066360
6	92477746	92477880
6	92776294	92776798
6	94967208	94967349
6	95058142	95058265
6	95552430	95552560
6	97216688	97216818
6	97441442	97441594
6	98003308	98003438
6	99274359	99274494
6	99335351	99335507
6	100110103	100110233
6	100135286	100135431
6	100272076	100272219
6	100286995	100287125
6	100287233	100287773
6	100710091	100710591
6	100787663	100787766
6	100824707	100824837
6	101534519	101534649
6	103201794	103201938
6	103306635	103307136
6	103473424	103473563
6	103514505	103514649
6	103521385	103521553
6	103697287	103697787
6	108782021	108782151
6	110505830	110506330
6	110807595	110807705
6	112255973	112256103
6	113282095	113282227
6	113441082	113441582
6	113675430	113675560
6	113849932	113850062
6	114803720	114803850
6	115727240	115727372
6	115888399	115888529
6	116198287	116198419
6	116468187	116468318
6	116635280	116635422
6	116644383	116644559
6	116679681	116679811
6	116714651	116714783
6	119338680	119338810
6	119348182	119348689
6	119509110	119509240
6	119713780	119714401
6	119918640	119919162
6	120001664	120002168
6	120193136	120193636
6	120457220	120457358
6	120488211	120488393
6	120558570	120558700
6	120641876	120642032
6	122339410	122339576
6	122570784	122570949
6	122604362	122604528
6	122921422	122921922
6	124149948	124150085
6	124226175	124226305
6	124322071	124322311
6	124805647	124805777
6	125046619	125047119
6	125095708	125096377
6	125136949	125137449
6	125154676	125154806
6	125231160	125231296
6	125622574	125622710
6	126704572	126704715
6	127150980	127151110
6	127338545	127338681
6	127388849	127388979
6	127398288	127398444
6	127561214	127561344
6	128662419	128662544
6	128736256	128736388
6	128839624	128839757
6	129193227	129193727
6	129315792	129315961
6	129349824	129350542
6	129393232	129393364
6	129406080	129406319
6	129407249	129407813
6	129497941	129498086
6	129513508	129514130
6	129533070	129533242
6	129535907	129536037
6	129575446	129575578
6	129591465	129591971
6	129608522	129608676
6	129713537	129714045
6	129740191	129740328
6	129824139	129824269
6	129917493	129918013
6	130237651	130238175
6	130238240	130238383
6	130255425	130255911
6	130382490	130382620
6	130386825	130387351
6	130387451	130387581
6	130538505	130538696
6	131019950	131020033
6	134366549	134367395
6	134445883	134446383
6	134828441	134828571
6	134945719	134945849
6	134946326	134946456
6	135007572	135008075
6	135188852	135188933
6	135218268	135218768
6	135341075	135341598
6	135363682	135363766
6	139014652	139014782
6	140576175	140576312
6	142757657	142757787
6	143099393	143099526
6	143184918	143185054
6	145105546	145105739
6	145106408	145106538
6	145115523	145115679
6	145179747	145179883
6	145303660	145303790
6	145616252	145616754
6	145793380	145793522
6	145865468	145865611
6	146207458	146207651
6	146688762	146689367
6	146733612	146733742
6	146776583	146777083
6	146865797	146865934
6	146888095	146888751
6	148253040	148253170
6	148257753	148258253
6	148264459	148264589
6	148294838	148294970
6	148331650	148331834
6	148341737	148342239
6	148344835	148345344
6	148514281	148514360
6	148736552	148736682
6	149088217	149088347
7	126353381	126353511
7	91832146	91832648
7	137576209	137576714
7	3268243	3268743
7	3606913	3607069
7	3903649	3904166
7	4924866	4924996
7	4964388	4964545
7	6155535	6155691
7	12943635	12943762
7	13513002	13513161
7	15921854	15922018
7	15949313	15949478
7	16051996	16052135
7	16070999	16071156
7	16285839	16285930
7	16493522	16493657
7	16638896	16639408
7	16816022	16816522
7	16974187	16974317
7	17060128	17060272
7	19178530	19178664
7	19209059	19209189
7	19270185	19270333
7	19277002	19277185
7	19295779	19296283
7	19335723	19335879
7	19342765	19342934
7	19409972	19410144
7	19410893	19411102
7	19472285	19472802
7	19613436	19613576
7	19926719	19927219
7	19933670	19933802
7	24358045	24358175
7	24390273	24390403
7	24985919	24986055
7	25282573	25282721
7	25606379	25606989
7	25904198	25904328
7	26739065	26739195
7	26775992	26776143
7	27467898	27468028
7	27650927	27651436
7	28179237	28179494
7	28179865	28179995
7	28437076	28437206
7	28779949	28780452
7	28794019	28794149
7	28893776	28893906
7	29134608	29135108
7	29491945	29492075
7	30399552	30400089
7	30484364	30484494
7	30890829	30890959
7	31150829	31151329
7	31195446	31195576
7	34313297	34313814
7	34327622	34327753
7	35098317	35098450
7	35098751	35099147
7	35448438	35448568
7	35855018	35855157
7	35859745	35859877
7	37267554	37267684
7	40687169	40687299
7	43305394	43305526
7	43544746	43544961
7	44531437	44531567
7	44534279	44534409
7	44547891	44548036
7	44704480	44704610
7	44770126	44770262
7	44970044	44970544
7	45079950	45080120
7	45229979	45230109
7	45300400	45300534
7	46389859	46389963
7	46631660	46631810
7	47023468	47023968
7	47345975	47346587
7	47354340	47354502
7	47373151	47373651
7	47409495	47410041
7	47419963	47420093
7	47514979	47515507
7	48788452	48788569
7	48876627	48876760
7	48938175	48938675
7	49731758	49732027
7	51614340	51614847
7	51913831	51913981
7	52391774	52392274
7	60374120	60374250
7	62375780	62375915
7	62877010	62877515
7	63922049	63922179
7	64004027	64004167
7	65125763	65126265
7	65140277	65140407
7	65142037	65142713
7	65154541	65155041
7	65693204	65693728
7	67353800	67353930
7	73245568	73245698
7	73655901	73656042
7	74357229	74357359
7	75213692	75213825
7	75539104	75539683
7	75549955	75550063
7	75645667	75645797
7	79279541	79279671
7	79714244	79714351
7	79936563	79936693
7	80011403	80011912
7	80027027	80027186
7	80044355	80044543
7	80152338	80152468
7	80388275	80388405
7	80402752	80402882
7	81196824	81196971
7	81198691	81198862
7	81209060	81209217
7	81336533	81336684
7	81422881	81423462
7	81626605	81626741
7	81653908	81654408
7	82699086	82699216
7	82828386	82828516
7	83717170	83717716
7	83722609	83722750
7	84089901	84090035
7	84164953	84165130
7	87824455	87824585
7	88192716	88193070
7	88206395	88206859
7	88226018	88226148
7	88255013	88255143
7	89086310	89086810
7	89419126	89419257
7	91945745	91946257
7	92063492	92063622
7	92182012	92182142
7	92182184	92182684
7	92965036	92965553
7	94046190	94046326
7	95489601	95490101
7	96374140	96374270
7	96986909	96987065
7	97172045	97172545
7	97355319	97355449
7	98334220	98334350
7	98486327	98486909
7	98488232	98488770
7	98494010	98494185
7	98564517	98565028
7	98694236	98694372
7	99095318	99095449
7	99317628	99318147
7	99535529	99535659
7	99973411	99973911
7	100461535	100462049
7	101482748	101483291
7	101483354	101483854
7	101918166	101918324
7	102250007	102250137
7	102333770	102333900
7	102936364	102936494
7	103812122	103812602
7	104169816	104170316
7	104370230	104370388
7	104507718	104508218
7	105633449	105633949
7	105816869	105817008
7	106815906	106816038
7	107593961	107594091
7	107841657	107842157
7	109209638	109210311
7	109265646	109265802
7	109424673	109424808
7	109531890	109532088
7	109541568	109542068
7	109562375	109562506
7	109563834	109563964
7	109607105	109607235
7	109626016	109626165
7	109675246	109675376
7	109863734	109863869
7	110157596	110157726
7	110157763	110157838
7	110180558	110181058
7	110796521	110797021
7	110941120	110941250
7	111014309	111014469
7	111049773	111049910
7	111170214	111170341
7	114171614	114171752
7	114297357	114297489
7	114491918	114492048
7	115539033	115539534
7	116295143	116295273
7	116431090	116431220
7	116484405	116484535
7	116531372	116531512
7	119789167	119789297
7	120751404	120751536
7	120844871	120845001
7	120865085	120865605
7	121469499	121469664
7	121509106	121509236
7	123039407	123039537
7	123235375	123235875
7	123368803	123368960
7	125588693	125589227
7	125618254	125618435
7	125783343	125783473
7	126236074	126236635
7	126272086	126272613
7	126502514	126502651
7	126576901	126577401
7	126701222	126701383
7	126754953	126755089
7	127180673	127181182
7	127351774	127351903
7	127677225	127677355
7	128100668	128101290
7	128231844	128231977
7	128622612	128622742
7	130673886	130674022
7	132714270	132714426
7	132810876	132811378
7	132813742	132813872
7	132873209	132873360
7	132898367	132898504
7	133700057	133700187
7	133744757	133744887
7	133750632	133751132
7	135556797	135556928
7	135589038	135589227
7	137593519	137594039
7	139412517	139412673
7	140188514	140188644
7	141458459	141458593
7	141563150	141563280
7	142068689	142068819
7	142077305	142077437
7	142522500	142522647
7	142571974	142572104
7	144489232	144489362
7	144932464	144932594
7	145047865	145048000
7	145111573	145111786
8	70565795	70565925
8	84639185	84639840
8	105217829	105218333
8	4061421	4061551
8	4141854	4141988
8	4213401	4213651
8	4516302	4516432
8	6398607	6398737
8	8689982	8690112
8	9451676	9451816
8	9580372	9580511
8	9975413	9975498
8	10402532	10403050
8	10405607	10405752
8	10870525	10870655
8	13428536	13428666
8	13504348	13504478
8	13509296	13509796
8	13756076	13756233
8	13890208	13890338
8	14435333	14435489
8	17773434	17773575
8	18817243	18817380
8	18817904	18818055
8	19958036	19958166
8	20103438	20103556
8	22405841	22405973
8	22521204	22521334
8	22807063	22807181
8	22889543	22889673
8	23198249	23198778
8	25666272	25666402
8	26015249	26015416
8	31372300	31372800
8	33636662	33636798
8	33655352	33655482
8	33928351	33928481
8	34155767	34155927
8	34390214	34390416
8	34484879	34485388
8	34623952	34624082
8	36588472	36588602
8	36832009	36832139
8	37132148	37132279
8	39589793	39589925
8	40511046	40511981
8	40583560	40583705
8	41988863	41988993
8	43442993	43443152
8	44938040	44938202
8	44991650	44992256
8	44996716	44996846
8	45003862	45003952
8	45028050	45028550
8	45028803	45029022
8	45043318	45043448
8	45062743	45063343
8	45238348	45238497
8	45439130	45439630
8	45780530	45781030
8	45788746	45788878
8	45990804	45991359
8	46152279	46152792
8	46237093	46237223
8	46270746	46270883
8	46421638	46421768
8	46508663	46508793
8	46512607	46512890
8	46799798	46799938
8	46842821	46842951
8	46941107	46941744
8	47080309	47080465
8	47690080	47690210
8	48527563	48527696
8	50293664	50293811
8	53505775	53505905
8	53773679	53773835
8	56485978	56486484
8	56587720	56587850
8	57190267	57190587
8	57576373	57576506
8	57579884	57580102
8	57652485	57652615
8	58886278	58886776
8	60883391	60883904
8	60957018	60957165
8	60983926	60984068
8	61451042	61451188
8	62080326	62080469
8	64849780	64850280
8	66058399	66058555
8	66323614	66323744
8	66393072	66393202
8	66441293	66441423
8	67956179	67956679
8	68062257	68062764
8	68857381	68857511
8	68914581	68914711
8	69007917	69008136
8	69654319	69654487
8	69958042	69958172
8	70635280	70635449
8	70649287	70649808
8	70763452	70763595
8	70893697	70893841
8	71381784	71382284
8	71483968	71484105
8	71668102	71668602
8	71671501	71672022
8	71834991	71835558
8	71853564	71853663
8	71940926	71941054
8	72169420	72169531
8	72273922	72274036
8	78741586	78741718
8	78742762	78742892
8	78940205	78940365
8	79143882	79144016
8	79161333	79161854
8	80732481	80732611
8	80772859	80772989
8	80943674	80944193
8	80982928	80983058
8	80996767	80996913
8	81079783	81080510
8	81099046	81099247
8	82863142	82863273
8	83698921	83699421
8	83739997	83740127
8	84291654	84292160
8	84497918	84498048
8	84594349	84594853
8	84704538	84704668
8	84813170	84813325
8	84831586	84831798
8	84914150	84914282
8	84981068	84981217
8	84989916	84990074
8	85298626	85298757
8	85555134	85555652
8	85753053	85753183
8	86707545	86708028
8	86708041	86708172
8	86735463	86735963
8	86797869	86797999
8	86921163	86921296
8	88198828	88199366
8	88300180	88300680
8	88361974	88362488
8	88362600	88362771
8	89087520	89087650
8	90822488	90822634
8	90936992	90937120
8	91510902	91511032
8	92315070	92315200
8	92998786	92998920
8	94012405	94012905
8	94594314	94594445
8	94634304	94634439
8	94779308	94779439
8	95488657	95489167
8	95904454	95904584
8	96393121	96393235
8	103750149	103750649
8	103750768	103750924
8	104032306	104032436
8	105066845	105067012
8	105264344	105264947
8	105636792	105636922
8	105952091	105952225
8	105965916	105966427
8	106112652	106112782
8	106527730	106527860
8	106530724	106530854
8	107164507	107164895
8	107386554	107387056
8	109480941	109481071
8	109674981	109675212
8	109957027	109957610
8	110232710	110232892
8	110938878	110939022
8	111020606	111020736
8	111033540	111034056
8	111094285	111094785
8	111218302	111218432
8	111676341	111676471
8	111941338	111941474
8	114390359	114390861
8	114801818	114801980
8	115307626	115307756
8	116943110	116943619
8	117370340	117370470
8	117529307	117529511
8	117930612	117931120
8	118830400	118830530
8	119419102	119419232
8	119782810	119782946
8	119837901	119838031
8	119978946	119979487
8	120487027	120487159
8	120570428	120570565
8	120697121	120697282
8	121440381	121440949
8	121465070	121465265
8	121927454	121927584
8	122605442	122605605
8	122665196	122665696
8	122699273	122699429
8	122746351	122746851
8	122923079	122923203
8	123000319	123000843
8	123880337	123880644
8	124021168	124021746
8	124070351	124070851
8	124231043	124231560
8	124285153	124285653
8	124925731	124926418
8	124949958	124950114
8	125067811	125067948
8	126267241	126267371
8	126387719	126387849
8	126566410	126566540
8	126819254	126819754
8	126867564	126868075
8	126908925	126909183
8	128302434	128302567
8	128352729	128353215
8	128491837	128491982
8	128654940	128655073
9	32407423	32407553
9	51052159	51052659
9	57523737	57524229
9	70139828	70140006
9	98909998	98910509
9	3350187	3350324
9	4021773	4021929
9	4665635	4665765
9	6460944	6461444
9	7238880	7238998
9	7272319	7272449
9	7553740	7553870
9	7728825	7728955
9	7784495	7784990
9	7868914	7869051
9	7891908	7892101
9	8130178	8130308
9	8401446	8401602
9	8693153	8693664
9	9049348	9049486
9	9380718	9380848
9	9845867	9846704
9	10569947	10570077
9	11434991	11435498
9	11649038	11649245
9	12280824	12281560
9	12372209	12372970
9	12775201	12775357
9	13146749	13146905
9	13323684	13323817
9	13653103	13653235
9	14363734	14363880
9	14839668	14839811
9	15029194	15029324
9	15487876	15488006
9	15488052	15488635
9	17501759	17501864
9	17686613	17687113
9	18002707	18002829
9	18181909	18182039
9	18230089	18230223
9	18277623	18277765
9	18875340	18875470
9	19673185	19673341
9	20237457	20237601
9	20545388	20545522
9	20715499	20715634
9	20889285	20889437
9	21225262	21225420
9	21309205	21309390
9	21609944	21610175
9	21625258	21625783
9	21630754	21630910
9	22138617	22138750
9	22225397	22225916
9	22906911	22907067
9	22916997	22917077
9	25309695	25310199
9	25928628	25928742
9	27109627	27109757
9	29552751	29552899
9	29568499	29568629
9	31151196	31151328
9	31265967	31266538
9	32391172	32391315
9	32425408	32425932
9	32515978	32516134
9	32612840	32613353
9	32617483	32617655
9	32668119	32668371
9	32816681	32816811
9	34077798	34077928
9	34345539	34345669
9	35247439	35247597
9	35584186	35584316
9	35614122	35614256
9	35701990	35702146
9	35707204	35707709
9	36147672	36147828
9	37276285	37276793
9	37329412	37329920
9	37598766	37598901
9	37626189	37626325
9	38719075	38719205
9	38907650	38907806
9	38954165	38954295
9	39453077	39453233
9	39748685	39748815
9	39905202	39905364
9	41078391	41078531
9	42246711	42247235
9	42249226	42249726
9	42326594	42327101
9	43000189	43000323
9	44083964	44084094
9	44181694	44181824
9	44310464	44310720
9	45241514	45241644
9	45247815	45247945
9	45267148	45267304
9	45288493	45288623
9	46014420	46014628
9	46482946	46483103
9	50533909	50534041
9	50965528	50965658
9	52048022	52048522
9	53376913	53377017
9	53667240	53667830
9	55287462	55287609
9	55326743	55326873
9	55468527	55468657
9	55932427	55932942
9	56680598	56680728
9	56686751	56687251
9	56789802	56789932
9	56924757	56924887
9	57220446	57220594
9	57888177	57888351
9	57972343	57972444
9	58232549	58232679
9	59013460	59013613
9	59477836	59477966
9	59512300	59512430
9	60052508	60052638
9	60251893	60252025
9	61168819	61169319
9	61873424	61873554
9	61981925	61982055
9	62828544	62829044
9	63091995	63092125
9	63135989	63136119
9	63642355	63642485
9	63702781	63702941
9	63739046	63739168
9	63816679	63816809
9	64089231	64089361
9	64227915	64228060
9	64277832	64277973
9	64473052	64473577
9	64830770	64830900
9	65230386	65230516
9	65730642	65731172
9	66280562	66280696
9	66281628	66281758
9	67036315	67036445
9	68717106	68717237
9	69397650	69398169
9	70018807	70019307
9	70080120	70080272
9	70081073	70081203
9	70095272	70095458
9	70109209	70109719
9	70116495	70116625
9	70201804	70201934
9	70203422	70203951
9	70209604	70210119
9	70232787	70232926
9	70284495	70284995
9	70304707	70305391
9	70351648	70351778
9	70366824	70367324
9	70371720	70371850
9	70385085	70385585
9	70503211	70503401
9	70585316	70585462
9	70656130	70656366
9	71359079	71359243
9	71974725	71974859
9	72079326	72079456
9	72088792	72089292
9	72100463	72100593
9	72111618	72112155
9	72274727	72275230
9	72336021	72336548
9	72532145	72532275
9	72592149	72592281
9	72628517	72629026
9	72733906	72734406
9	74952153	74952262
9	74985924	74986069
9	75160706	75160836
9	75262403	75262533
9	75312151	75312297
9	77377241	77377370
9	77911985	77912115
9	78071788	78071949
9	78430617	78430761
9	80066906	80067036
9	80217260	80217423
9	81814715	81814845
9	82160279	82160460
9	82643838	82644338
9	83187605	83188152
9	83321687	83322194
9	85748525	85748626
9	86593016	86593516
9	86630447	86630603
9	87248073	87248572
9	88398602	88398740
9	89697077	89697261
9	90075566	90075696
9	90699153	90699302
9	91460061	91460195
9	92220279	92220474
9	92252718	92253218
9	94529316	94529821
9	94550368	94550524
9	94607504	94607634
9	94615460	94615590
9	94993798	94993928
9	95473071	95473203
9	95672901	95673031
9	96028966	96029096
9	96530680	96531212
9	96573379	96573509
9	96653521	96654068
9	97105547	97105677
9	97162619	97162750
9	97214937	97215057
9	99064328	99064465
9	100400297	100400804
9	100485331	100485453
9	100733945	100734476
9	101230008	101230508
9	103146650	103147163
9	103149160	103149342
9	103408245	103408383
9	103657664	103657796
9	103966625	103967125
9	103996456	103996972
9	104075937	104076070
9	104244007	104244558
9	104339147	104339309
9	104972942	104973049
9	105887637	105887767
9	106247664	106248183
9	106288975	106289118
9	106308697	106308954
9	107082867	107083023
9	107296321	107296984
9	107305431	107305561
9	107308019	107308149
9	107312888	107313497
9	107626881	107627011
9	107927145	107927301
9	107986536	107986675
9	108136350	108136483
9	108517337	108517837
9	108570645	108570794
9	109085039	109085164
9	109097857	109097987
9	109482531	109482687
9	110229272	110229402
9	110229490	110229990
9	110356622	110356771
9	110509069	110509569
9	112100946	112101076
9	112102593	112102723
9	112207789	112208144
9	112225137	112225267
9	113859567	113859702
9	114418287	114418443
9	114500271	114500401
9	114831475	114831975
9	115044011	115044141
9	115331020	115331150
9	115609995	115610125
9	115654906	115655427
9	115657441	115657597
9	116133411	116133911
9	116198693	116198803
9	116338172	116338764
9	116369464	116369594
9	117373546	117373676
9	119247876	119248376
9	119425144	119425644
9	119823928	119824043
9	119926553	119927036
9	119938653	119938789
9	122117015	122117532
9	123478458	123478958
9	123490846	123491346
9	123510375	123510549
9	123926234	123926396
9	123941223	123941777
9	123991499	123991987
X	141590185	141590685
X	166952636	166953150
X	5504456	5504586
X	7325599	7325729
X	8219910	8220410
X	11629551	11629681
X	11664443	11664573
X	11665575	11666075
X	11747749	11748269
X	11753071	11753672
X	11839503	11840006
X	12122890	12123390
X	12123541	12124123
X	12128699	12128829
X	12252463	12252593
X	13599837	13600337
X	17590695	17591300
X	20307159	20307661
X	20931883	20932383
X	23565513	23566023
X	31225538	31225694
X	33927748	33928248
X	35934857	35935359
X	36129405	36129926
X	36136940	36137440
X	36489633	36489770
X	40586044	40586550
X	41216982	41217141
X	45255545	45255671
X	48754668	48755404
X	49116598	49116728
X	49221034	49221519
X	50566237	50566747
X	50615017	50615173
X	50835482	50835982
X	51204797	51204927
X	52717615	52717745
X	52934438	52934933
X	60404118	60404248
X	60609336	60609467
X	70582447	70582581
X	71524264	71524768
X	73601601	73601733
X	73816492	73816998
X	73910612	73910707
X	74368366	74368866
X	77414283	77414361
X	78479845	78479975
X	85481459	85481591
X	85839309	85839439
X	85932940	85933437
X	93281221	93281728
X	93465622	93466127
X	93557322	93557455
X	93631922	93632525
X	93674811	93675311
X	93689209	93689689
X	93831949	93832545
X	93889695	93890214
X	94032908	94033409
X	94061292	94061433
X	94122081	94122727
X	94123175	94123305
X	94160275	94160405
X	94177637	94178167
X	94193854	94194355
X	94212698	94213490
X	94234004	94234180
X	94234348	94235079
X	94288865	94289378
X	94366716	94367228
X	94432108	94432240
X	94731756	94731886
X	95196425	95196945
X	96025776	96026276
X	100470223	100470353
X	100740748	100741261
X	100800640	100801248
X	101127049	101127182
X	101268010	101268533
X	101285627	101285757
X	101427903	101428043
X	101907243	101907802
X	103937460	103937596
X	106013367	106013503
X	106794615	106795119
X	107089007	107089527
X	107255675	107255805
X	109734890	109735390
X	111210134	111210638
X	120285652	120285788
X	134116379	134116881
X	134371399	134371527
X	136742861	136742991
X	137142512	137143021
X	140544767	140544913
X	140857356	140857856
X	140863613	140863745
X	140984782	140985282
X	141156683	141157183
X	142200274	142200774
X	142478921	142479051
X	143051445	143051955
X	143098970	143099470
X	146110717	146111206
X	150588557	150588687
X	151800702	151800832
X	157462671	157463171
X	158925178	158925325
X	159508919	159509478
X	159626916	159627501
X	160136345	160136475
X	160598448	160598948
X	160609805	160610305
X	161370883	161371383
X	161826333	161826471
X	161977469	161977599
X	162800498	162800634
X	164323528	164324028
X	164541555	164541690
X	166327809	166327965
X	166626691	166627701
X	166661847	166661977
X	167201291	167201781
Y	90726366	90726527
Y	90813501	90814002
